   Compiling mercury v0.1.0 (/Users/isaacvalerianomuniz/MERCURY)
warning: unused import: `Timelike`
  --> src/feeds/discovery.rs:39:29
   |
39 | use chrono::{DateTime, Utc, Timelike};
   |                             ^^^^^^^^
   |
   = note: `#[warn(unused_imports)]` (part of `#[warn(unused)]`) on by default

warning: `mercury` (lib) generated 1 warning (run `cargo fix --lib -p mercury` to apply 1 suggestion)
    Finished `dev` profile [unoptimized + debuginfo] target(s) in 5.51s
     Running `target/debug/mercury --dry-run -c config/dry_run.yaml`
[2m2026-04-12T20:19:06.902022Z[0m [32m INFO[0m [2mmercury[0m[2m:[0m MERCURY v0.1.0 starting...
[2m2026-04-12T20:19:06.902154Z[0m [32m INFO[0m [2mmercury[0m[2m:[0m Configuration loaded
[2m2026-04-12T20:19:06.902538Z[0m [32m INFO[0m [2mmercury[0m[2m:[0m Secure environment injected from .env
[2m2026-04-12T20:19:06.902582Z[0m [32m INFO[0m [2mmercury[0m[2m:[0m Executing Ahead-of-Time (AOT) pre-flight checks...
[2m2026-04-12T20:19:07.606472Z[0m [32m INFO[0m [2mmercury[0m[2m:[0m All AOT pre-flight checks passed successfully.
[2m2026-04-12T20:19:07.606700Z[0m [32m INFO[0m [2mmercury[0m[2m:[0m All pre-flight checks passed.
[2m2026-04-12T20:19:07.612853Z[0m [32m INFO[0m [2mmercury::db::sqlite[0m[2m:[0m Database schema version validated: 2
[2m2026-04-12T20:19:07.613184Z[0m [32m INFO[0m [2mmercury[0m[2m:[0m Database initialized via SQLx
[2m2026-04-12T20:19:07.622387Z[0m [32m INFO[0m [2mmercury[0m[2m:[0m Telegram alerts enabled (MERCURY_NOTIFICATION bot)
[2m2026-04-12T20:19:07.622437Z[0m [32m INFO[0m [2mmercury::telegram::alerts[0m[2m:[0m Telegram alert service started
[2m2026-04-12T20:19:07.622582Z[0m [32m INFO[0m [2mmercury[0m[2m:[0m Telegram daily reports & command polling enabled (MERCURY_DAILYBOT)
[2m2026-04-12T20:19:07.622654Z[0m [32m INFO[0m [2mmercury::telegram::reports[0m[2m:[0m Telegram report & command service started
[2m2026-04-12T20:19:07.623188Z[0m [32m INFO[0m [2mmercury[0m[2m:[0m Recovered circuit breaker state from 0 recent trades
[2m2026-04-12T20:19:07.623613Z[0m [32m INFO[0m [2mmercury::risk::bankroll[0m[2m:[0m Bankroll state restored from DB [3mcumulative_profit[0m[2m=[0m0
[2m2026-04-12T20:19:07.624929Z[0m [32m INFO[0m [2mmercury::crypto::eip712[0m[2m:[0m Polymarket signer initialized [3maddress[0m[2m=[0m0x450760C560721D88205bAcc242523f18838A7dfe [3mchain_id[0m[2m=[0m137
[2m2026-04-12T20:19:07.625108Z[0m [32m INFO[0m [2mmercury[0m[2m:[0m Polymarket client initialized [3maddress[0m[2m=[0m0x450760C560721D88205bAcc242523f18838A7dfe
[2m2026-04-12T20:19:07.627418Z[0m [32m INFO[0m [2mmercury::crypto::jwt[0m[2m:[0m Kalshi auth initialized [3mapi_key_id[0m[2m=[0m88a3b3aa-8fb9-4ecd-ab56-1c642d32ed51
[2m2026-04-12T20:19:07.627500Z[0m [32m INFO[0m [2mmercury[0m[2m:[0m Kalshi client initialized
[2m2026-04-12T20:19:07.627591Z[0m [32m INFO[0m [2mmercury[0m[2m:[0m Polymarket execution: ENABLED
[2m2026-04-12T20:19:07.627648Z[0m [32m INFO[0m [2mmercury[0m[2m:[0m Kalshi execution: ENABLED
[2m2026-04-12T20:19:07.627841Z[0m [32m INFO[0m [2mmercury::execution::executor[0m[2m:[0m Execution engine started
[2m2026-04-12T20:19:07.627888Z[0m [32m INFO[0m [2mmercury::inventory::positions[0m[2m:[0m Position tracker started
[2m2026-04-12T20:19:07.627941Z[0m [32m INFO[0m [2mmercury::inventory::reconciler[0m[2m:[0m Reconciler started [3minterval_secs[0m[2m=[0m60
[2m2026-04-12T20:19:07.627985Z[0m [32m INFO[0m [2mmercury::inventory::unwind_watchdog[0m[2m:[0m Unwind watchdog started
[2m2026-04-12T20:19:07.627951Z[0m [32m INFO[0m [2mmercury::inventory::settlement[0m[2m:[0m Settlement monitor started
[2m2026-04-12T20:19:07.628018Z[0m [32m INFO[0m [2mmercury::monitoring::gas_oracle[0m[2m:[0m Gas oracle started (first fetch is immediate) [3minterval_secs[0m[2m=[0m15 [3mrpc_url[0m[2m=[0mhttps://rpc.ankr.com/polygon
[2m2026-04-12T20:19:07.628030Z[0m [32m INFO[0m [2mmercury::monitoring::health[0m[2m:[0m Health + Prometheus metrics server listening [3maddr[0m[2m=[0m"127.0.0.1:9091"
[2m2026-04-12T20:19:07.628076Z[0m [32m INFO[0m [2mmercury::monitoring::backup[0m[2m:[0m DB backup task started [3minterval_secs[0m[2m=[0m21600 [3mdir[0m[2m=[0mbackups
[2m2026-04-12T20:19:07.629837Z[0m [32m INFO[0m [2mmercury::crypto::jwt[0m[2m:[0m Kalshi auth initialized [3mapi_key_id[0m[2m=[0m88a3b3aa-8fb9-4ecd-ab56-1c642d32ed51
[2m2026-04-12T20:19:07.630029Z[0m [32m INFO[0m [2mmercury::feeds::discovery[0m[2m:[0m Market discovery started [3minterval_secs[0m[2m=[0m30
[2m2026-04-12T20:19:07.630135Z[0m [32m INFO[0m [2mmercury[0m[2m:[0m Config hot-reload watcher active on config/dry_run.yaml
[2m2026-04-12T20:19:07.633313Z[0m [32m INFO[0m [2mmercury::feeds::base[0m[2m:[0m Connecting feed handler [3mplatform[0m[2m=[0mPolymarket
[2m2026-04-12T20:19:07.633423Z[0m [32m INFO[0m [2mmercury::feeds::polymarket[0m[2m:[0m Connecting to Polymarket WebSocket [3murl[0m[2m=[0m"wss://ws-subscriptions-clob.polymarket.com/ws/market"
[2m2026-04-12T20:19:07.634902Z[0m [32m INFO[0m [2mmercury::crypto::jwt[0m[2m:[0m Kalshi auth initialized [3mapi_key_id[0m[2m=[0m88a3b3aa-8fb9-4ecd-ab56-1c642d32ed51
[2m2026-04-12T20:19:07.636003Z[0m [32m INFO[0m [2mmercury[0m[2m:[0m All subsystems initialized. MERCURY engine running. Press Ctrl+C to shutdown.
[2m2026-04-12T20:19:07.636003Z[0m [32m INFO[0m [2mmercury::feeds::base[0m[2m:[0m Connecting feed handler [3mplatform[0m[2m=[0mKalshi
[2m2026-04-12T20:19:07.636041Z[0m [32m INFO[0m [2mmercury::monitoring::backup[0m[2m:[0m Database backup completed [3mpath[0m[2m=[0m/Users/isaacvalerianomuniz/MERCURY/backups/mercury_backup_20260412_201907.db
[2m2026-04-12T20:19:07.636109Z[0m [32m INFO[0m [2mmercury::feeds::kalshi[0m[2m:[0m Connecting to Kalshi WebSocket: wss://api.elections.kalshi.com/trade-api/ws/v2
[2m2026-04-12T20:19:07.636375Z[0m [32m INFO[0m [2mmercury[0m[2m:[0m Daily report scheduled [3mdelay_secs[0m[2m=[0m2452 [3mhour_utc[0m[2m=[0m21
[2m2026-04-12T20:19:07.636395Z[0m [32m INFO[0m [2mmercury::monitoring::backup[0m[2m:[0m Pruned old backup [3mpath[0m[2m=[0m"backups/mercury_backup_20260412_195535.db"
[2m2026-04-12T20:19:07.637598Z[0m [32m INFO[0m [2mmercury[0m[2m:[0m Seeded market registry from DB [3mcount[0m[2m=[0m24
[2m2026-04-12T20:19:07.637758Z[0m [32m INFO[0m [2mmercury[0m[2m:[0m Feed connected — Arbs involving platform restored [3mplatform[0m[2m=[0mPolymarket
[2m2026-04-12T20:19:07.637846Z[0m [32m INFO[0m [2mmercury[0m[2m:[0m Feed connected — Arbs involving platform restored [3mplatform[0m[2m=[0mKalshi
[2m2026-04-12T20:19:07.638239Z[0m [32m INFO[0m [2mmercury[0m[2m:[0m === MERCURY STATUS === [3mregistered_markets[0m[2m=[0m24 [3marb_pairs[0m[2m=[0m4 [3mactive_actors[0m[2m=[0m0 [3mopen_positions[0m[2m=[0m0 [3min_flight_trades[0m[2m=[0m0 [3mbankroll[0m[2m=[0m10000.00 [3mdaily_pnl[0m[2m=[0m0 [3mopps_detected[0m[2m=[0m0 [3mopps_passed[0m[2m=[0m0 [3mgate1_below_spread[0m[2m=[0m0 [3mgate2_low_liquidity[0m[2m=[0m0 [3mgate3_stale_data[0m[2m=[0m0 [3mgate4_low_confidence[0m[2m=[0m0 [3mgate5_capacity[0m[2m=[0m0
[2m2026-04-12T20:19:07.638358Z[0m [33m WARN[0m [2mmercury[0m[2m:[0m No active MarketActors — feeds have not sent any ticks yet. Check WebSocket connections. [3mregistered_markets[0m[2m=[0m24
[2m2026-04-12T20:19:08.299177Z[0m [32m INFO[0m [2mmercury::feeds::polymarket[0m[2m:[0m Subscribed to Polymarket markets [3mcount[0m[2m=[0m24
[2m2026-04-12T20:19:08.313963Z[0m [32m INFO[0m [2mmercury::monitoring::gas_oracle[0m[2m:[0m Polygon gas price updated [3mgwei[0m[2m=[0m164 [3mprev_gwei[0m[2m=[0m50
[2m2026-04-12T20:19:08.326269Z[0m [32m INFO[0m [2mmercury::feeds::discovery[0m[2m:[0m 15m crypto round matched [3masset[0m[2m=[0mbtc [3mround_start[0m[2m=[0m1776024900 [3mpoly[0m[2m=[0mtrue [3mkalshi[0m[2m=[0mtrue
[2m2026-04-12T20:19:08.436120Z[0m [32m INFO[0m [2mmercury[0m[2m:[0m First tick for market — spawning MarketActor [3mmarket_id[0m[2m=[0m79e1f598-7189-438f-a66e-b184b04be477 [3mplatform[0m[2m=[0mPolymarket [3mactive_actors[0m[2m=[0m1
[2m2026-04-12T20:19:08.436298Z[0m [34mDEBUG[0m [2mmercury::engine::market_actor[0m[2m:[0m MarketActor started [3mmarket_id[0m[2m=[0m79e1f598-7189-438f-a66e-b184b04be477
[2m2026-04-12T20:19:08.436297Z[0m [32m INFO[0m [2mmercury[0m[2m:[0m First tick for market — spawning MarketActor [3mmarket_id[0m[2m=[0m2b958b37-9921-40b8-b22d-64a67138ae70 [3mplatform[0m[2m=[0mPolymarket [3mactive_actors[0m[2m=[0m2
[2m2026-04-12T20:19:08.436419Z[0m [34mDEBUG[0m [2mmercury::engine::market_actor[0m[2m:[0m Tick received — running arb detection [3mmarket_id[0m[2m=[0m79e1f598-7189-438f-a66e-b184b04be477 [3mplatform[0m[2m=[0mPolymarket [3mbid[0m[2m=[0m0.49 [3mask[0m[2m=[0m0.5 [3mmid[0m[2m=[0m0.4950 [3mbid_size[0m[2m=[0m17 [3mask_size[0m[2m=[0m80.39
[2m2026-04-12T20:19:08.436440Z[0m [34mDEBUG[0m [2mmercury::engine::market_actor[0m[2m:[0m MarketActor started [3mmarket_id[0m[2m=[0m2b958b37-9921-40b8-b22d-64a67138ae70
[2m2026-04-12T20:19:08.436444Z[0m [32m INFO[0m [2mmercury[0m[2m:[0m First tick for market — spawning MarketActor [3mmarket_id[0m[2m=[0m631deb8c-fbb4-489e-818e-ae698f57f50b [3mplatform[0m[2m=[0mPolymarket [3mactive_actors[0m[2m=[0m3
[2m2026-04-12T20:19:08.436559Z[0m [34mDEBUG[0m [2mmercury::engine::detector[0m[2m:[0m No arb pairs registered for market — skipping detection [3mmarket_id[0m[2m=[0m79e1f598-7189-438f-a66e-b184b04be477
[2m2026-04-12T20:19:08.436551Z[0m [34mDEBUG[0m [2mmercury::engine::market_actor[0m[2m:[0m Tick received — running arb detection [3mmarket_id[0m[2m=[0m2b958b37-9921-40b8-b22d-64a67138ae70 [3mplatform[0m[2m=[0mPolymarket [3mbid[0m[2m=[0m0.52 [3mask[0m[2m=[0m0.53 [3mmid[0m[2m=[0m0.5250 [3mbid_size[0m[2m=[0m12.12 [3mask_size[0m[2m=[0m5
[2m2026-04-12T20:19:08.436644Z[0m [34mDEBUG[0m [2mmercury::engine::market_actor[0m[2m:[0m MarketActor started [3mmarket_id[0m[2m=[0m631deb8c-fbb4-489e-818e-ae698f57f50b
[2m2026-04-12T20:19:08.436680Z[0m [34mDEBUG[0m [2mmercury::engine::detector[0m[2m:[0m No arb pairs registered for market — skipping detection [3mmarket_id[0m[2m=[0m2b958b37-9921-40b8-b22d-64a67138ae70
[2m2026-04-12T20:19:08.436653Z[0m [32m INFO[0m [2mmercury[0m[2m:[0m First tick for market — spawning MarketActor [3mmarket_id[0m[2m=[0m9046452d-bcb3-4bb8-8925-8924b7439992 [3mplatform[0m[2m=[0mPolymarket [3mactive_actors[0m[2m=[0m4
[2m2026-04-12T20:19:08.436752Z[0m [34mDEBUG[0m [2mmercury::engine::market_actor[0m[2m:[0m Tick received — running arb detection [3mmarket_id[0m[2m=[0m631deb8c-fbb4-489e-818e-ae698f57f50b [3mplatform[0m[2m=[0mPolymarket [3mbid[0m[2m=[0m0.51 [3mask[0m[2m=[0m0.52 [3mmid[0m[2m=[0m0.5150 [3mbid_size[0m[2m=[0m405 [3mask_size[0m[2m=[0m78.13
[2m2026-04-12T20:19:08.436861Z[0m [34mDEBUG[0m [2mmercury::engine::detector[0m[2m:[0m No arb pairs registered for market — skipping detection [3mmarket_id[0m[2m=[0m631deb8c-fbb4-489e-818e-ae698f57f50b
[2m2026-04-12T20:19:08.436900Z[0m [32m INFO[0m [2mmercury[0m[2m:[0m First tick for market — spawning MarketActor [3mmarket_id[0m[2m=[0m2285bae6-253b-4085-b0d1-0af34b5530b6 [3mplatform[0m[2m=[0mPolymarket [3mactive_actors[0m[2m=[0m5
[2m2026-04-12T20:19:08.436915Z[0m [34mDEBUG[0m [2mmercury::engine::market_actor[0m[2m:[0m MarketActor started [3mmarket_id[0m[2m=[0m9046452d-bcb3-4bb8-8925-8924b7439992
[2m2026-04-12T20:19:08.437020Z[0m [34mDEBUG[0m [2mmercury::engine::market_actor[0m[2m:[0m MarketActor started [3mmarket_id[0m[2m=[0m2285bae6-253b-4085-b0d1-0af34b5530b6
[2m2026-04-12T20:19:08.437025Z[0m [32m INFO[0m [2mmercury[0m[2m:[0m First tick for market — spawning MarketActor [3mmarket_id[0m[2m=[0m189bf673-b643-45a5-be39-c4a3275d71a0 [3mplatform[0m[2m=[0mPolymarket [3mactive_actors[0m[2m=[0m6
[2m2026-04-12T20:19:08.437030Z[0m [34mDEBUG[0m [2mmercury::engine::market_actor[0m[2m:[0m Tick received — running arb detection [3mmarket_id[0m[2m=[0m9046452d-bcb3-4bb8-8925-8924b7439992 [3mplatform[0m[2m=[0mPolymarket [3mbid[0m[2m=[0m0.53 [3mask[0m[2m=[0m0.55 [3mmid[0m[2m=[0m0.54 [3mbid_size[0m[2m=[0m45 [3mask_size[0m[2m=[0m198.14
[2m2026-04-12T20:19:08.437108Z[0m [34mDEBUG[0m [2mmercury::engine::market_actor[0m[2m:[0m Tick received — running arb detection [3mmarket_id[0m[2m=[0m2285bae6-253b-4085-b0d1-0af34b5530b6 [3mplatform[0m[2m=[0mPolymarket [3mbid[0m[2m=[0m0.39 [3mask[0m[2m=[0m0.43 [3mmid[0m[2m=[0m0.41 [3mbid_size[0m[2m=[0m18.14 [3mask_size[0m[2m=[0m23.64
[2m2026-04-12T20:19:08.437168Z[0m [34mDEBUG[0m [2mmercury::engine::market_actor[0m[2m:[0m MarketActor started [3mmarket_id[0m[2m=[0m189bf673-b643-45a5-be39-c4a3275d71a0
[2m2026-04-12T20:19:08.437199Z[0m [34mDEBUG[0m [2mmercury::engine::detector[0m[2m:[0m No arb pairs registered for market — skipping detection [3mmarket_id[0m[2m=[0m9046452d-bcb3-4bb8-8925-8924b7439992
[2m2026-04-12T20:19:08.437174Z[0m [32m INFO[0m [2mmercury[0m[2m:[0m First tick for market — spawning MarketActor [3mmarket_id[0m[2m=[0mbc548cd4-ced9-48e8-b131-410c92fb3a0e [3mplatform[0m[2m=[0mPolymarket [3mactive_actors[0m[2m=[0m7
[2m2026-04-12T20:19:08.437267Z[0m [34mDEBUG[0m [2mmercury::engine::market_actor[0m[2m:[0m Tick received — running arb detection [3mmarket_id[0m[2m=[0m189bf673-b643-45a5-be39-c4a3275d71a0 [3mplatform[0m[2m=[0mPolymarket [3mbid[0m[2m=[0m0.41 [3mask[0m[2m=[0m0.42 [3mmid[0m[2m=[0m0.4150 [3mbid_size[0m[2m=[0m151.13 [3mask_size[0m[2m=[0m87.87
[2m2026-04-12T20:19:08.437294Z[0m [34mDEBUG[0m [2mmercury::engine::detector[0m[2m:[0m No arb pairs registered for market — skipping detection [3mmarket_id[0m[2m=[0m2285bae6-253b-4085-b0d1-0af34b5530b6
[2m2026-04-12T20:19:08.437364Z[0m [34mDEBUG[0m [2mmercury::engine::market_actor[0m[2m:[0m MarketActor started [3mmarket_id[0m[2m=[0mbc548cd4-ced9-48e8-b131-410c92fb3a0e
[2m2026-04-12T20:19:08.437409Z[0m [32m INFO[0m [2mmercury[0m[2m:[0m First tick for market — spawning MarketActor [3mmarket_id[0m[2m=[0m39a28b31-a7f7-4e16-b2f1-1e1948be289c [3mplatform[0m[2m=[0mPolymarket [3mactive_actors[0m[2m=[0m8
[2m2026-04-12T20:19:08.437423Z[0m [34mDEBUG[0m [2mmercury::engine::detector[0m[2m:[0m No arb pairs registered for market — skipping detection [3mmarket_id[0m[2m=[0m189bf673-b643-45a5-be39-c4a3275d71a0
[2m2026-04-12T20:19:08.437459Z[0m [34mDEBUG[0m [2mmercury::engine::market_actor[0m[2m:[0m Tick received — running arb detection [3mmarket_id[0m[2m=[0mbc548cd4-ced9-48e8-b131-410c92fb3a0e [3mplatform[0m[2m=[0mPolymarket [3mbid[0m[2m=[0m0.35 [3mask[0m[2m=[0m0.38 [3mmid[0m[2m=[0m0.3650 [3mbid_size[0m[2m=[0m100 [3mask_size[0m[2m=[0m6.72
[2m2026-04-12T20:19:08.437562Z[0m [34mDEBUG[0m [2mmercury::engine::market_actor[0m[2m:[0m MarketActor started [3mmarket_id[0m[2m=[0m39a28b31-a7f7-4e16-b2f1-1e1948be289c
[2m2026-04-12T20:19:08.437567Z[0m [34mDEBUG[0m [2mmercury::engine::detector[0m[2m:[0m No arb pairs registered for market — skipping detection [3mmarket_id[0m[2m=[0mbc548cd4-ced9-48e8-b131-410c92fb3a0e
[2m2026-04-12T20:19:08.437560Z[0m [34mDEBUG[0m [2mmercury::engine::market_actor[0m[2m:[0m Tick received — running arb detection [3mmarket_id[0m[2m=[0m189bf673-b643-45a5-be39-c4a3275d71a0 [3mplatform[0m[2m=[0mPolymarket [3mbid[0m[2m=[0m0.41 [3mask[0m[2m=[0m0.42 [3mmid[0m[2m=[0m0.4150 [3mbid_size[0m[2m=[0m151.13 [3mask_size[0m[2m=[0m87.87
[2m2026-04-12T20:19:08.437672Z[0m [34mDEBUG[0m [2mmercury::engine::market_actor[0m[2m:[0m Tick received — running arb detection [3mmarket_id[0m[2m=[0m39a28b31-a7f7-4e16-b2f1-1e1948be289c [3mplatform[0m[2m=[0mPolymarket [3mbid[0m[2m=[0m0.36 [3mask[0m[2m=[0m0.38 [3mmid[0m[2m=[0m0.37 [3mbid_size[0m[2m=[0m125.52 [3mask_size[0m[2m=[0m4.75
[2m2026-04-12T20:19:08.437805Z[0m [34mDEBUG[0m [2mmercury::engine::detector[0m[2m:[0m No arb pairs registered for market — skipping detection [3mmarket_id[0m[2m=[0m189bf673-b643-45a5-be39-c4a3275d71a0
[2m2026-04-12T20:19:08.437896Z[0m [34mDEBUG[0m [2mmercury::engine::detector[0m[2m:[0m No arb pairs registered for market — skipping detection [3mmarket_id[0m[2m=[0m39a28b31-a7f7-4e16-b2f1-1e1948be289c
[2m2026-04-12T20:19:08.437902Z[0m [34mDEBUG[0m [2mmercury::engine::market_actor[0m[2m:[0m Tick received — running arb detection [3mmarket_id[0m[2m=[0m189bf673-b643-45a5-be39-c4a3275d71a0 [3mplatform[0m[2m=[0mPolymarket [3mbid[0m[2m=[0m0.41 [3mask[0m[2m=[0m0.42 [3mmid[0m[2m=[0m0.4150 [3mbid_size[0m[2m=[0m151.13 [3mask_size[0m[2m=[0m87.87
[2m2026-04-12T20:19:08.438001Z[0m [34mDEBUG[0m [2mmercury::engine::detector[0m[2m:[0m No arb pairs registered for market — skipping detection [3mmarket_id[0m[2m=[0m189bf673-b643-45a5-be39-c4a3275d71a0
[2m2026-04-12T20:19:08.462054Z[0m [34mDEBUG[0m [2mmercury::feeds::discovery[0m[2m:[0m No Kalshi 15m market found for this round [3masset[0m[2m=[0m"btc" [3mround_start_ts[0m[2m=[0m1776025800 [3mtarget_close[0m[2m=[0m1776026700
[2m2026-04-12T20:19:08.462313Z[0m [32m INFO[0m [2mmercury::feeds::discovery[0m[2m:[0m 15m crypto round matched [3masset[0m[2m=[0mbtc [3mround_start[0m[2m=[0m1776025800 [3mpoly[0m[2m=[0mtrue [3mkalshi[0m[2m=[0mfalse
[2m2026-04-12T20:19:08.482292Z[0m [32m INFO[0m [2mmercury::feeds::kalshi[0m[2m:[0m Subscribed to Kalshi markets [3mcount[0m[2m=[0m4
[2m2026-04-12T20:19:08.483754Z[0m [34mDEBUG[0m [2mmercury::feeds::polymarket[0m[2m:[0m Unknown Polymarket event type [3mevent_type[0m[2m=[0mbest_bid_ask
[2m2026-04-12T20:19:08.484001Z[0m [34mDEBUG[0m [2mmercury::engine::market_actor[0m[2m:[0m Tick received — running arb detection [3mmarket_id[0m[2m=[0mbc548cd4-ced9-48e8-b131-410c92fb3a0e [3mplatform[0m[2m=[0mPolymarket [3mbid[0m[2m=[0m0.35 [3mask[0m[2m=[0m0.38 [3mmid[0m[2m=[0m0.3650 [3mbid_size[0m[2m=[0m100 [3mask_size[0m[2m=[0m6.72
[2m2026-04-12T20:19:08.484257Z[0m [34mDEBUG[0m [2mmercury::engine::detector[0m[2m:[0m No arb pairs registered for market — skipping detection [3mmarket_id[0m[2m=[0mbc548cd4-ced9-48e8-b131-410c92fb3a0e
[2m2026-04-12T20:19:08.484347Z[0m [34mDEBUG[0m [2mmercury::engine::market_actor[0m[2m:[0m Tick received — running arb detection [3mmarket_id[0m[2m=[0m189bf673-b643-45a5-be39-c4a3275d71a0 [3mplatform[0m[2m=[0mPolymarket [3mbid[0m[2m=[0m0.41 [3mask[0m[2m=[0m0.42 [3mmid[0m[2m=[0m0.4150 [3mbid_size[0m[2m=[0m146.13 [3mask_size[0m[2m=[0m87.87
[2m2026-04-12T20:19:08.484544Z[0m [34mDEBUG[0m [2mmercury::engine::detector[0m[2m:[0m No arb pairs registered for market — skipping detection [3mmarket_id[0m[2m=[0m189bf673-b643-45a5-be39-c4a3275d71a0
[2m2026-04-12T20:19:08.485015Z[0m [34mDEBUG[0m [2mmercury::engine::market_actor[0m[2m:[0m Tick received — running arb detection [3mmarket_id[0m[2m=[0m189bf673-b643-45a5-be39-c4a3275d71a0 [3mplatform[0m[2m=[0mPolymarket [3mbid[0m[2m=[0m0.41 [3mask[0m[2m=[0m0.42 [3mmid[0m[2m=[0m0.4150 [3mbid_size[0m[2m=[0m146.13 [3mask_size[0m[2m=[0m87.87
[2m2026-04-12T20:19:08.485197Z[0m [34mDEBUG[0m [2mmercury::engine::detector[0m[2m:[0m No arb pairs registered for market — skipping detection [3mmarket_id[0m[2m=[0m189bf673-b643-45a5-be39-c4a3275d71a0
[2m2026-04-12T20:19:08.549034Z[0m [34mDEBUG[0m [2mmercury::engine::market_actor[0m[2m:[0m Tick received — running arb detection [3mmarket_id[0m[2m=[0m189bf673-b643-45a5-be39-c4a3275d71a0 [3mplatform[0m[2m=[0mPolymarket [3mbid[0m[2m=[0m0.41 [3mask[0m[2m=[0m0.42 [3mmid[0m[2m=[0m0.4150 [3mbid_size[0m[2m=[0m146.13 [3mask_size[0m[2m=[0m87.87
[2m2026-04-12T20:19:08.549300Z[0m [34mDEBUG[0m [2mmercury::engine::detector[0m[2m:[0m No arb pairs registered for market — skipping detection [3mmarket_id[0m[2m=[0m189bf673-b643-45a5-be39-c4a3275d71a0
[2m2026-04-12T20:19:08.549427Z[0m [34mDEBUG[0m [2mmercury::engine::market_actor[0m[2m:[0m Tick received — running arb detection [3mmarket_id[0m[2m=[0m189bf673-b643-45a5-be39-c4a3275d71a0 [3mplatform[0m[2m=[0mPolymarket [3mbid[0m[2m=[0m0.41 [3mask[0m[2m=[0m0.42 [3mmid[0m[2m=[0m0.4150 [3mbid_size[0m[2m=[0m48.13 [3mask_size[0m[2m=[0m87.87
[2m2026-04-12T20:19:08.549579Z[0m [34mDEBUG[0m [2mmercury::engine::detector[0m[2m:[0m No arb pairs registered for market — skipping detection [3mmarket_id[0m[2m=[0m189bf673-b643-45a5-be39-c4a3275d71a0
[2m2026-04-12T20:19:08.549694Z[0m [34mDEBUG[0m [2mmercury::engine::market_actor[0m[2m:[0m Tick received — running arb detection [3mmarket_id[0m[2m=[0m189bf673-b643-45a5-be39-c4a3275d71a0 [3mplatform[0m[2m=[0mPolymarket [3mbid[0m[2m=[0m0.41 [3mask[0m[2m=[0m0.42 [3mmid[0m[2m=[0m0.4150 [3mbid_size[0m[2m=[0m48.13 [3mask_size[0m[2m=[0m87.87
[2m2026-04-12T20:19:08.549844Z[0m [34mDEBUG[0m [2mmercury::engine::detector[0m[2m:[0m No arb pairs registered for market — skipping detection [3mmarket_id[0m[2m=[0m189bf673-b643-45a5-be39-c4a3275d71a0
[2m2026-04-12T20:19:08.567714Z[0m [34mDEBUG[0m [2mmercury::engine::market_actor[0m[2m:[0m Tick received — running arb detection [3mmarket_id[0m[2m=[0m189bf673-b643-45a5-be39-c4a3275d71a0 [3mplatform[0m[2m=[0mPolymarket [3mbid[0m[2m=[0m0.41 [3mask[0m[2m=[0m0.42 [3mmid[0m[2m=[0m0.4150 [3mbid_size[0m[2m=[0m48.13 [3mask_size[0m[2m=[0m87.87
[2m2026-04-12T20:19:08.568032Z[0m [34mDEBUG[0m [2mmercury::engine::detector[0m[2m:[0m No arb pairs registered for market — skipping detection [3mmarket_id[0m[2m=[0m189bf673-b643-45a5-be39-c4a3275d71a0
[2m2026-04-12T20:19:08.568160Z[0m [34mDEBUG[0m [2mmercury::engine::market_actor[0m[2m:[0m Tick received — running arb detection [3mmarket_id[0m[2m=[0m189bf673-b643-45a5-be39-c4a3275d71a0 [3mplatform[0m[2m=[0mPolymarket [3mbid[0m[2m=[0m0.41 [3mask[0m[2m=[0m0.42 [3mmid[0m[2m=[0m0.4150 [3mbid_size[0m[2m=[0m48.13 [3mask_size[0m[2m=[0m87.87
[2m2026-04-12T20:19:08.568319Z[0m [34mDEBUG[0m [2mmercury::engine::detector[0m[2m:[0m No arb pairs registered for market — skipping detection [3mmarket_id[0m[2m=[0m189bf673-b643-45a5-be39-c4a3275d71a0
[2m2026-04-12T20:19:08.569950Z[0m [34mDEBUG[0m [2mmercury::engine::market_actor[0m[2m:[0m Tick received — running arb detection [3mmarket_id[0m[2m=[0mbc548cd4-ced9-48e8-b131-410c92fb3a0e [3mplatform[0m[2m=[0mPolymarket [3mbid[0m[2m=[0m0.35 [3mask[0m[2m=[0m0.38 [3mmid[0m[2m=[0m0.3650 [3mbid_size[0m[2m=[0m100 [3mask_size[0m[2m=[0m6.72
[2m2026-04-12T20:19:08.570136Z[0m [34mDEBUG[0m [2mmercury::engine::detector[0m[2m:[0m No arb pairs registered for market — skipping detection [3mmarket_id[0m[2m=[0mbc548cd4-ced9-48e8-b131-410c92fb3a0e
[2m2026-04-12T20:19:08.571429Z[0m [32m INFO[0m [2mmercury::inventory::reconciler[0m[2m:[0m Reconciliation complete [3mopen_positions[0m[2m=[0m0 [3mtotal_position_value[0m[2m=[0m0
[2m2026-04-12T20:19:08.623367Z[0m [34mDEBUG[0m [2mmercury::engine::market_actor[0m[2m:[0m Tick received — running arb detection [3mmarket_id[0m[2m=[0m189bf673-b643-45a5-be39-c4a3275d71a0 [3mplatform[0m[2m=[0mPolymarket [3mbid[0m[2m=[0m0.41 [3mask[0m[2m=[0m0.42 [3mmid[0m[2m=[0m0.4150 [3mbid_size[0m[2m=[0m48.13 [3mask_size[0m[2m=[0m92.87
[2m2026-04-12T20:19:08.623673Z[0m [34mDEBUG[0m [2mmercury::engine::detector[0m[2m:[0m No arb pairs registered for market — skipping detection [3mmarket_id[0m[2m=[0m189bf673-b643-45a5-be39-c4a3275d71a0
[2m2026-04-12T20:19:08.624461Z[0m [32m INFO[0m [2mmercury::feeds::discovery[0m[2m:[0m 15m crypto round matched [3masset[0m[2m=[0meth [3mround_start[0m[2m=[0m1776024900 [3mpoly[0m[2m=[0mtrue [3mkalshi[0m[2m=[0mtrue
[2m2026-04-12T20:19:08.627278Z[0m [34mDEBUG[0m [2mmercury::engine::market_actor[0m[2m:[0m Tick received — running arb detection [3mmarket_id[0m[2m=[0mbc548cd4-ced9-48e8-b131-410c92fb3a0e [3mplatform[0m[2m=[0mPolymarket [3mbid[0m[2m=[0m0.35 [3mask[0m[2m=[0m0.38 [3mmid[0m[2m=[0m0.3650 [3mbid_size[0m[2m=[0m100 [3mask_size[0m[2m=[0m6.72
[2m2026-04-12T20:19:08.627276Z[0m [34mDEBUG[0m [2mmercury::engine::market_actor[0m[2m:[0m Tick received — running arb detection [3mmarket_id[0m[2m=[0m189bf673-b643-45a5-be39-c4a3275d71a0 [3mplatform[0m[2m=[0mPolymarket [3mbid[0m[2m=[0m0.41 [3mask[0m[2m=[0m0.42 [3mmid[0m[2m=[0m0.4150 [3mbid_size[0m[2m=[0m48.13 [3mask_size[0m[2m=[0m92.87
[2m2026-04-12T20:19:08.627439Z[0m [34mDEBUG[0m [2mmercury::engine::detector[0m[2m:[0m No arb pairs registered for market — skipping detection [3mmarket_id[0m[2m=[0mbc548cd4-ced9-48e8-b131-410c92fb3a0e
[2m2026-04-12T20:19:08.627535Z[0m [34mDEBUG[0m [2mmercury::engine::detector[0m[2m:[0m No arb pairs registered for market — skipping detection [3mmarket_id[0m[2m=[0m189bf673-b643-45a5-be39-c4a3275d71a0
[2m2026-04-12T20:19:08.669980Z[0m [34mDEBUG[0m [2mmercury::engine::market_actor[0m[2m:[0m Tick received — running arb detection [3mmarket_id[0m[2m=[0mbc548cd4-ced9-48e8-b131-410c92fb3a0e [3mplatform[0m[2m=[0mPolymarket [3mbid[0m[2m=[0m0.35 [3mask[0m[2m=[0m0.38 [3mmid[0m[2m=[0m0.3650 [3mbid_size[0m[2m=[0m100 [3mask_size[0m[2m=[0m6.72
[2m2026-04-12T20:19:08.670000Z[0m [34mDEBUG[0m [2mmercury::engine::market_actor[0m[2m:[0m Tick received — running arb detection [3mmarket_id[0m[2m=[0m39a28b31-a7f7-4e16-b2f1-1e1948be289c [3mplatform[0m[2m=[0mPolymarket [3mbid[0m[2m=[0m0.36 [3mask[0m[2m=[0m0.38 [3mmid[0m[2m=[0m0.37 [3mbid_size[0m[2m=[0m125.52 [3mask_size[0m[2m=[0m4.75
[2m2026-04-12T20:19:08.670179Z[0m [34mDEBUG[0m [2mmercury::engine::detector[0m[2m:[0m No arb pairs registered for market — skipping detection [3mmarket_id[0m[2m=[0mbc548cd4-ced9-48e8-b131-410c92fb3a0e
[2m2026-04-12T20:19:08.670299Z[0m [34mDEBUG[0m [2mmercury::engine::detector[0m[2m:[0m No arb pairs registered for market — skipping detection [3mmarket_id[0m[2m=[0m39a28b31-a7f7-4e16-b2f1-1e1948be289c
[2m2026-04-12T20:19:08.725454Z[0m [34mDEBUG[0m [2mmercury::feeds::polymarket[0m[2m:[0m Unknown Polymarket event type [3mevent_type[0m[2m=[0mbest_bid_ask
[2m2026-04-12T20:19:08.725544Z[0m [34mDEBUG[0m [2mmercury::engine::market_actor[0m[2m:[0m Tick received — running arb detection [3mmarket_id[0m[2m=[0m189bf673-b643-45a5-be39-c4a3275d71a0 [3mplatform[0m[2m=[0mPolymarket [3mbid[0m[2m=[0m0.41 [3mask[0m[2m=[0m0.42 [3mmid[0m[2m=[0m0.4150 [3mbid_size[0m[2m=[0m48.13 [3mask_size[0m[2m=[0m92.87
[2m2026-04-12T20:19:08.725684Z[0m [34mDEBUG[0m [2mmercury::engine::detector[0m[2m:[0m No arb pairs registered for market — skipping detection [3mmarket_id[0m[2m=[0m189bf673-b643-45a5-be39-c4a3275d71a0
[2m2026-04-12T20:19:08.725799Z[0m [33m WARN[0m [2mmercury::engine::order_book[0m[2m:[0m POST-CONDITION WARNING: crossed book after tick
[2m2026-04-12T20:19:08.725874Z[0m [34mDEBUG[0m [2mmercury::engine::market_actor[0m[2m:[0m Tick received — running arb detection [3mmarket_id[0m[2m=[0m39a28b31-a7f7-4e16-b2f1-1e1948be289c [3mplatform[0m[2m=[0mPolymarket [3mbid[0m[2m=[0m0.39 [3mask[0m[2m=[0m0.38 [3mmid[0m[2m=[0m0.3850 [3mbid_size[0m[2m=[0m5.76 [3mask_size[0m[2m=[0m4.75
[2m2026-04-12T20:19:08.725985Z[0m [34mDEBUG[0m [2mmercury::engine::detector[0m[2m:[0m No arb pairs registered for market — skipping detection [3mmarket_id[0m[2m=[0m39a28b31-a7f7-4e16-b2f1-1e1948be289c
[2m2026-04-12T20:19:08.726070Z[0m [34mDEBUG[0m [2mmercury::engine::market_actor[0m[2m:[0m Tick received — running arb detection [3mmarket_id[0m[2m=[0m39a28b31-a7f7-4e16-b2f1-1e1948be289c [3mplatform[0m[2m=[0mPolymarket [3mbid[0m[2m=[0m0.39 [3mask[0m[2m=[0m0.4 [3mmid[0m[2m=[0m0.3950 [3mbid_size[0m[2m=[0m5.76 [3mask_size[0m[2m=[0m5
[2m2026-04-12T20:19:08.726192Z[0m [34mDEBUG[0m [2mmercury::engine::detector[0m[2m:[0m No arb pairs registered for market — skipping detection [3mmarket_id[0m[2m=[0m39a28b31-a7f7-4e16-b2f1-1e1948be289c
[2m2026-04-12T20:19:08.726275Z[0m [34mDEBUG[0m [2mmercury::engine::market_actor[0m[2m:[0m Tick received — running arb detection [3mmarket_id[0m[2m=[0m39a28b31-a7f7-4e16-b2f1-1e1948be289c [3mplatform[0m[2m=[0mPolymarket [3mbid[0m[2m=[0m0.39 [3mask[0m[2m=[0m0.4 [3mmid[0m[2m=[0m0.3950 [3mbid_size[0m[2m=[0m5.76 [3mask_size[0m[2m=[0m5
[2m2026-04-12T20:19:08.726379Z[0m [34mDEBUG[0m [2mmercury::engine::detector[0m[2m:[0m No arb pairs registered for market — skipping detection [3mmarket_id[0m[2m=[0m39a28b31-a7f7-4e16-b2f1-1e1948be289c
[2m2026-04-12T20:19:08.772754Z[0m [32m INFO[0m [2mmercury::monitoring::gas_oracle[0m[2m:[0m MATIC/USD price updated [3mmatic_usd[0m[2m=[0m0.10 [3mprev[0m[2m=[0m0.50
[2m2026-04-12T20:19:08.772733Z[0m [34mDEBUG[0m [2mmercury::engine::market_actor[0m[2m:[0m Tick received — running arb detection [3mmarket_id[0m[2m=[0m39a28b31-a7f7-4e16-b2f1-1e1948be289c [3mplatform[0m[2m=[0mPolymarket [3mbid[0m[2m=[0m0.39 [3mask[0m[2m=[0m0.4 [3mmid[0m[2m=[0m0.3950 [3mbid_size[0m[2m=[0m5.76 [3mask_size[0m[2m=[0m5
[2m2026-04-12T20:19:08.772977Z[0m [34mDEBUG[0m [2mmercury::feeds::discovery[0m[2m:[0m No Kalshi 15m market found for this round [3masset[0m[2m=[0m"eth" [3mround_start_ts[0m[2m=[0m1776025800 [3mtarget_close[0m[2m=[0m1776026700
[2m2026-04-12T20:19:08.773048Z[0m [34mDEBUG[0m [2mmercury::engine::detector[0m[2m:[0m No arb pairs registered for market — skipping detection [3mmarket_id[0m[2m=[0m39a28b31-a7f7-4e16-b2f1-1e1948be289c
[2m2026-04-12T20:19:08.773191Z[0m [32m INFO[0m [2mmercury::feeds::discovery[0m[2m:[0m 15m crypto round matched [3masset[0m[2m=[0meth [3mround_start[0m[2m=[0m1776025800 [3mpoly[0m[2m=[0mtrue [3mkalshi[0m[2m=[0mfalse
[2m2026-04-12T20:19:08.773200Z[0m [34mDEBUG[0m [2mmercury[0m[2m:[0m Gas parameters updated [3mgwei[0m[2m=[0m164 [3mmatic_usd[0m[2m=[0m0.10
[2m2026-04-12T20:19:08.773189Z[0m [34mDEBUG[0m [2mmercury::engine::market_actor[0m[2m:[0m Tick received — running arb detection [3mmarket_id[0m[2m=[0m39a28b31-a7f7-4e16-b2f1-1e1948be289c [3mplatform[0m[2m=[0mPolymarket [3mbid[0m[2m=[0m0.39 [3mask[0m[2m=[0m0.4 [3mmid[0m[2m=[0m0.3950 [3mbid_size[0m[2m=[0m5.76 [3mask_size[0m[2m=[0m5
[2m2026-04-12T20:19:08.773476Z[0m [34mDEBUG[0m [2mmercury::engine::detector[0m[2m:[0m No arb pairs registered for market — skipping detection [3mmarket_id[0m[2m=[0m39a28b31-a7f7-4e16-b2f1-1e1948be289c
[2m2026-04-12T20:19:08.773608Z[0m [34mDEBUG[0m [2mmercury::engine::market_actor[0m[2m:[0m Tick received — running arb detection [3mmarket_id[0m[2m=[0m39a28b31-a7f7-4e16-b2f1-1e1948be289c [3mplatform[0m[2m=[0mPolymarket [3mbid[0m[2m=[0m0.39 [3mask[0m[2m=[0m0.4 [3mmid[0m[2m=[0m0.3950 [3mbid_size[0m[2m=[0m5.76 [3mask_size[0m[2m=[0m5
[2m2026-04-12T20:19:08.773759Z[0m [34mDEBUG[0m [2mmercury::engine::detector[0m[2m:[0m No arb pairs registered for market — skipping detection [3mmarket_id[0m[2m=[0m39a28b31-a7f7-4e16-b2f1-1e1948be289c
[2m2026-04-12T20:19:08.825852Z[0m [34mDEBUG[0m [2mmercury::engine::market_actor[0m[2m:[0m Tick received — running arb detection [3mmarket_id[0m[2m=[0m189bf673-b643-45a5-be39-c4a3275d71a0 [3mplatform[0m[2m=[0mPolymarket [3mbid[0m[2m=[0m0.41 [3mask[0m[2m=[0m0.42 [3mmid[0m[2m=[0m0.4150 [3mbid_size[0m[2m=[0m48.13 [3mask_size[0m[2m=[0m92.87
[2m2026-04-12T20:19:08.826103Z[0m [34mDEBUG[0m [2mmercury::engine::detector[0m[2m:[0m No arb pairs registered for market — skipping detection [3mmarket_id[0m[2m=[0m189bf673-b643-45a5-be39-c4a3275d71a0
[2m2026-04-12T20:19:08.826143Z[0m [34mDEBUG[0m [2mmercury::engine::market_actor[0m[2m:[0m Tick received — running arb detection [3mmarket_id[0m[2m=[0m39a28b31-a7f7-4e16-b2f1-1e1948be289c [3mplatform[0m[2m=[0mPolymarket [3mbid[0m[2m=[0m0.39 [3mask[0m[2m=[0m0.4 [3mmid[0m[2m=[0m0.3950 [3mbid_size[0m[2m=[0m5.76 [3mask_size[0m[2m=[0m5
[2m2026-04-12T20:19:08.826227Z[0m [34mDEBUG[0m [2mmercury::engine::market_actor[0m[2m:[0m Tick received — running arb detection [3mmarket_id[0m[2m=[0m189bf673-b643-45a5-be39-c4a3275d71a0 [3mplatform[0m[2m=[0mPolymarket [3mbid[0m[2m=[0m0.41 [3mask[0m[2m=[0m0.42 [3mmid[0m[2m=[0m0.4150 [3mbid_size[0m[2m=[0m48.13 [3mask_size[0m[2m=[0m92.87
[2m2026-04-12T20:19:08.826285Z[0m [34mDEBUG[0m [2mmercury::engine::detector[0m[2m:[0m No arb pairs registered for market — skipping detection [3mmarket_id[0m[2m=[0m39a28b31-a7f7-4e16-b2f1-1e1948be289c
[2m2026-04-12T20:19:08.826352Z[0m [34mDEBUG[0m [2mmercury::feeds::polymarket[0m[2m:[0m Unknown Polymarket event type [3mevent_type[0m[2m=[0mbest_bid_ask
[2m2026-04-12T20:19:08.826384Z[0m [34mDEBUG[0m [2mmercury::engine::market_actor[0m[2m:[0m Tick received — running arb detection [3mmarket_id[0m[2m=[0m39a28b31-a7f7-4e16-b2f1-1e1948be289c [3mplatform[0m[2m=[0mPolymarket [3mbid[0m[2m=[0m0.39 [3mask[0m[2m=[0m0.4 [3mmid[0m[2m=[0m0.3950 [3mbid_size[0m[2m=[0m5.76 [3mask_size[0m[2m=[0m5
[2m2026-04-12T20:19:08.826411Z[0m [34mDEBUG[0m [2mmercury::engine::detector[0m[2m:[0m No arb pairs registered for market — skipping detection [3mmarket_id[0m[2m=[0m189bf673-b643-45a5-be39-c4a3275d71a0
[2m2026-04-12T20:19:08.826553Z[0m [34mDEBUG[0m [2mmercury::engine::detector[0m[2m:[0m No arb pairs registered for market — skipping detection [3mmarket_id[0m[2m=[0m39a28b31-a7f7-4e16-b2f1-1e1948be289c
[2m2026-04-12T20:19:08.826549Z[0m [34mDEBUG[0m [2mmercury::engine::market_actor[0m[2m:[0m Tick received — running arb detection [3mmarket_id[0m[2m=[0m189bf673-b643-45a5-be39-c4a3275d71a0 [3mplatform[0m[2m=[0mPolymarket [3mbid[0m[2m=[0m0.41 [3mask[0m[2m=[0m0.42 [3mmid[0m[2m=[0m0.4150 [3mbid_size[0m[2m=[0m48.13 [3mask_size[0m[2m=[0m97.87
[2m2026-04-12T20:19:08.826702Z[0m [34mDEBUG[0m [2mmercury::engine::detector[0m[2m:[0m No arb pairs registered for market — skipping detection [3mmarket_id[0m[2m=[0m189bf673-b643-45a5-be39-c4a3275d71a0
[2m2026-04-12T20:19:08.826685Z[0m [34mDEBUG[0m [2mmercury::engine::market_actor[0m[2m:[0m Tick received — running arb detection [3mmarket_id[0m[2m=[0m39a28b31-a7f7-4e16-b2f1-1e1948be289c [3mplatform[0m[2m=[0mPolymarket [3mbid[0m[2m=[0m0.39 [3mask[0m[2m=[0m0.4 [3mmid[0m[2m=[0m0.3950 [3mbid_size[0m[2m=[0m5.76 [3mask_size[0m[2m=[0m5
[2m2026-04-12T20:19:08.826809Z[0m [34mDEBUG[0m [2mmercury::engine::market_actor[0m[2m:[0m Tick received — running arb detection [3mmarket_id[0m[2m=[0m189bf673-b643-45a5-be39-c4a3275d71a0 [3mplatform[0m[2m=[0mPolymarket [3mbid[0m[2m=[0m0.41 [3mask[0m[2m=[0m0.42 [3mmid[0m[2m=[0m0.4150 [3mbid_size[0m[2m=[0m48.13 [3mask_size[0m[2m=[0m97.87
[2m2026-04-12T20:19:08.826850Z[0m [34mDEBUG[0m [2mmercury::engine::detector[0m[2m:[0m No arb pairs registered for market — skipping detection [3mmarket_id[0m[2m=[0m39a28b31-a7f7-4e16-b2f1-1e1948be289c
[2m2026-04-12T20:19:08.826992Z[0m [34mDEBUG[0m [2mmercury::engine::detector[0m[2m:[0m No arb pairs registered for market — skipping detection [3mmarket_id[0m[2m=[0m189bf673-b643-45a5-be39-c4a3275d71a0
[2m2026-04-12T20:19:08.827112Z[0m [34mDEBUG[0m [2mmercury::engine::market_actor[0m[2m:[0m Tick received — running arb detection [3mmarket_id[0m[2m=[0m189bf673-b643-45a5-be39-c4a3275d71a0 [3mplatform[0m[2m=[0mPolymarket [3mbid[0m[2m=[0m0.41 [3mask[0m[2m=[0m0.42 [3mmid[0m[2m=[0m0.4150 [3mbid_size[0m[2m=[0m43.13 [3mask_size[0m[2m=[0m97.87
[2m2026-04-12T20:19:08.827256Z[0m [34mDEBUG[0m [2mmercury::engine::detector[0m[2m:[0m No arb pairs registered for market — skipping detection [3mmarket_id[0m[2m=[0m189bf673-b643-45a5-be39-c4a3275d71a0
[2m2026-04-12T20:19:08.827354Z[0m [34mDEBUG[0m [2mmercury::engine::market_actor[0m[2m:[0m Tick received — running arb detection [3mmarket_id[0m[2m=[0m189bf673-b643-45a5-be39-c4a3275d71a0 [3mplatform[0m[2m=[0mPolymarket [3mbid[0m[2m=[0m0.41 [3mask[0m[2m=[0m0.42 [3mmid[0m[2m=[0m0.4150 [3mbid_size[0m[2m=[0m43.13 [3mask_size[0m[2m=[0m97.87
[2m2026-04-12T20:19:08.827474Z[0m [34mDEBUG[0m [2mmercury::engine::detector[0m[2m:[0m No arb pairs registered for market — skipping detection [3mmarket_id[0m[2m=[0m189bf673-b643-45a5-be39-c4a3275d71a0
[2m2026-04-12T20:19:08.929349Z[0m [34mDEBUG[0m [2mmercury::feeds::polymarket[0m[2m:[0m Unknown Polymarket event type [3mevent_type[0m[2m=[0mbest_bid_ask
[2m2026-04-12T20:19:08.929544Z[0m [34mDEBUG[0m [2mmercury::engine::market_actor[0m[2m:[0m Tick received — running arb detection [3mmarket_id[0m[2m=[0m189bf673-b643-45a5-be39-c4a3275d71a0 [3mplatform[0m[2m=[0mPolymarket [3mbid[0m[2m=[0m0.41 [3mask[0m[2m=[0m0.42 [3mmid[0m[2m=[0m0.4150 [3mbid_size[0m[2m=[0m43.13 [3mask_size[0m[2m=[0m92.87
[2m2026-04-12T20:19:08.929750Z[0m [34mDEBUG[0m [2mmercury::engine::detector[0m[2m:[0m No arb pairs registered for market — skipping detection [3mmarket_id[0m[2m=[0m189bf673-b643-45a5-be39-c4a3275d71a0
[2m2026-04-12T20:19:08.929879Z[0m [34mDEBUG[0m [2mmercury::engine::market_actor[0m[2m:[0m Tick received — running arb detection [3mmarket_id[0m[2m=[0m189bf673-b643-45a5-be39-c4a3275d71a0 [3mplatform[0m[2m=[0mPolymarket [3mbid[0m[2m=[0m0.41 [3mask[0m[2m=[0m0.42 [3mmid[0m[2m=[0m0.4150 [3mbid_size[0m[2m=[0m23.16 [3mask_size[0m[2m=[0m92.87
[2m2026-04-12T20:19:08.930036Z[0m [34mDEBUG[0m [2mmercury::engine::detector[0m[2m:[0m No arb pairs registered for market — skipping detection [3mmarket_id[0m[2m=[0m189bf673-b643-45a5-be39-c4a3275d71a0
[2m2026-04-12T20:19:08.930552Z[0m [34mDEBUG[0m [2mmercury::engine::market_actor[0m[2m:[0m Tick received — running arb detection [3mmarket_id[0m[2m=[0m189bf673-b643-45a5-be39-c4a3275d71a0 [3mplatform[0m[2m=[0mPolymarket [3mbid[0m[2m=[0m0.41 [3mask[0m[2m=[0m0.42 [3mmid[0m[2m=[0m0.4150 [3mbid_size[0m[2m=[0m23.16 [3mask_size[0m[2m=[0m92.87
[2m2026-04-12T20:19:08.930624Z[0m [34mDEBUG[0m [2mmercury::engine::market_actor[0m[2m:[0m Tick received — running arb detection [3mmarket_id[0m[2m=[0m39a28b31-a7f7-4e16-b2f1-1e1948be289c [3mplatform[0m[2m=[0mPolymarket [3mbid[0m[2m=[0m0.39 [3mask[0m[2m=[0m0.4 [3mmid[0m[2m=[0m0.3950 [3mbid_size[0m[2m=[0m5.76 [3mask_size[0m[2m=[0m5
[2m2026-04-12T20:19:08.930742Z[0m [34mDEBUG[0m [2mmercury::engine::detector[0m[2m:[0m No arb pairs registered for market — skipping detection [3mmarket_id[0m[2m=[0m189bf673-b643-45a5-be39-c4a3275d71a0
[2m2026-04-12T20:19:08.930878Z[0m [34mDEBUG[0m [2mmercury::engine::market_actor[0m[2m:[0m Tick received — running arb detection [3mmarket_id[0m[2m=[0m189bf673-b643-45a5-be39-c4a3275d71a0 [3mplatform[0m[2m=[0mPolymarket [3mbid[0m[2m=[0m0.41 [3mask[0m[2m=[0m0.42 [3mmid[0m[2m=[0m0.4150 [3mbid_size[0m[2m=[0m23.16 [3mask_size[0m[2m=[0m92.87
[2m2026-04-12T20:19:08.930905Z[0m [34mDEBUG[0m [2mmercury::engine::detector[0m[2m:[0m No arb pairs registered for market — skipping detection [3mmarket_id[0m[2m=[0m39a28b31-a7f7-4e16-b2f1-1e1948be289c
[2m2026-04-12T20:19:08.931088Z[0m [34mDEBUG[0m [2mmercury::engine::detector[0m[2m:[0m No arb pairs registered for market — skipping detection [3mmarket_id[0m[2m=[0m189bf673-b643-45a5-be39-c4a3275d71a0
[2m2026-04-12T20:19:08.983412Z[0m [34mDEBUG[0m [2mmercury::engine::market_actor[0m[2m:[0m Tick received — running arb detection [3mmarket_id[0m[2m=[0m39a28b31-a7f7-4e16-b2f1-1e1948be289c [3mplatform[0m[2m=[0mPolymarket [3mbid[0m[2m=[0m0.39 [3mask[0m[2m=[0m0.4 [3mmid[0m[2m=[0m0.3950 [3mbid_size[0m[2m=[0m5.76 [3mask_size[0m[2m=[0m5
[2m2026-04-12T20:19:08.983437Z[0m [34mDEBUG[0m [2mmercury::engine::market_actor[0m[2m:[0m Tick received — running arb detection [3mmarket_id[0m[2m=[0m189bf673-b643-45a5-be39-c4a3275d71a0 [3mplatform[0m[2m=[0mPolymarket [3mbid[0m[2m=[0m0.41 [3mask[0m[2m=[0m0.42 [3mmid[0m[2m=[0m0.4150 [3mbid_size[0m[2m=[0m23.16 [3mask_size[0m[2m=[0m92.87
[2m2026-04-12T20:19:08.983652Z[0m [34mDEBUG[0m [2mmercury::engine::market_actor[0m[2m:[0m Tick received — running arb detection [3mmarket_id[0m[2m=[0m2285bae6-253b-4085-b0d1-0af34b5530b6 [3mplatform[0m[2m=[0mPolymarket [3mbid[0m[2m=[0m0.39 [3mask[0m[2m=[0m0.43 [3mmid[0m[2m=[0m0.41 [3mbid_size[0m[2m=[0m18.14 [3mask_size[0m[2m=[0m23.64
[2m2026-04-12T20:19:08.983690Z[0m [34mDEBUG[0m [2mmercury::engine::detector[0m[2m:[0m No arb pairs registered for market — skipping detection [3mmarket_id[0m[2m=[0m39a28b31-a7f7-4e16-b2f1-1e1948be289c
[2m2026-04-12T20:19:08.983878Z[0m [34mDEBUG[0m [2mmercury::engine::detector[0m[2m:[0m No arb pairs registered for market — skipping detection [3mmarket_id[0m[2m=[0m2285bae6-253b-4085-b0d1-0af34b5530b6
[2m2026-04-12T20:19:08.983891Z[0m [34mDEBUG[0m [2mmercury::engine::market_actor[0m[2m:[0m Tick received — running arb detection [3mmarket_id[0m[2m=[0m39a28b31-a7f7-4e16-b2f1-1e1948be289c [3mplatform[0m[2m=[0mPolymarket [3mbid[0m[2m=[0m0.39 [3mask[0m[2m=[0m0.4 [3mmid[0m[2m=[0m0.3950 [3mbid_size[0m[2m=[0m5.76 [3mask_size[0m[2m=[0m5
[2m2026-04-12T20:19:08.983858Z[0m [34mDEBUG[0m [2mmercury::engine::market_actor[0m[2m:[0m Tick received — running arb detection [3mmarket_id[0m[2m=[0mbc548cd4-ced9-48e8-b131-410c92fb3a0e [3mplatform[0m[2m=[0mPolymarket [3mbid[0m[2m=[0m0.35 [3mask[0m[2m=[0m0.38 [3mmid[0m[2m=[0m0.3650 [3mbid_size[0m[2m=[0m100 [3mask_size[0m[2m=[0m6.72
[2m2026-04-12T20:19:08.984059Z[0m [34mDEBUG[0m [2mmercury::engine::detector[0m[2m:[0m No arb pairs registered for market — skipping detection [3mmarket_id[0m[2m=[0m39a28b31-a7f7-4e16-b2f1-1e1948be289c
[2m2026-04-12T20:19:08.984059Z[0m [34mDEBUG[0m [2mmercury::engine::detector[0m[2m:[0m No arb pairs registered for market — skipping detection [3mmarket_id[0m[2m=[0m189bf673-b643-45a5-be39-c4a3275d71a0
[2m2026-04-12T20:19:08.984276Z[0m [34mDEBUG[0m [2mmercury::engine::detector[0m[2m:[0m No arb pairs registered for market — skipping detection [3mmarket_id[0m[2m=[0mbc548cd4-ced9-48e8-b131-410c92fb3a0e
[2m2026-04-12T20:19:08.984256Z[0m [34mDEBUG[0m [2mmercury::engine::market_actor[0m[2m:[0m Tick received — running arb detection [3mmarket_id[0m[2m=[0m189bf673-b643-45a5-be39-c4a3275d71a0 [3mplatform[0m[2m=[0mPolymarket [3mbid[0m[2m=[0m0.41 [3mask[0m[2m=[0m0.42 [3mmid[0m[2m=[0m0.4150 [3mbid_size[0m[2m=[0m23.16 [3mask_size[0m[2m=[0m92.87
[2m2026-04-12T20:19:08.984453Z[0m [34mDEBUG[0m [2mmercury::engine::market_actor[0m[2m:[0m Tick received — running arb detection [3mmarket_id[0m[2m=[0mbc548cd4-ced9-48e8-b131-410c92fb3a0e [3mplatform[0m[2m=[0mPolymarket [3mbid[0m[2m=[0m0.35 [3mask[0m[2m=[0m0.38 [3mmid[0m[2m=[0m0.3650 [3mbid_size[0m[2m=[0m100 [3mask_size[0m[2m=[0m6.72
[2m2026-04-12T20:19:08.984500Z[0m [34mDEBUG[0m [2mmercury::engine::detector[0m[2m:[0m No arb pairs registered for market — skipping detection [3mmarket_id[0m[2m=[0m189bf673-b643-45a5-be39-c4a3275d71a0
[2m2026-04-12T20:19:08.984668Z[0m [34mDEBUG[0m [2mmercury::engine::detector[0m[2m:[0m No arb pairs registered for market — skipping detection [3mmarket_id[0m[2m=[0mbc548cd4-ced9-48e8-b131-410c92fb3a0e
[2m2026-04-12T20:19:09.030872Z[0m [34mDEBUG[0m [2mmercury::feeds::polymarket[0m[2m:[0m Unknown Polymarket event type [3mevent_type[0m[2m=[0mbest_bid_ask
[2m2026-04-12T20:19:09.031019Z[0m [34mDEBUG[0m [2mmercury::engine::market_actor[0m[2m:[0m Tick received — running arb detection [3mmarket_id[0m[2m=[0m189bf673-b643-45a5-be39-c4a3275d71a0 [3mplatform[0m[2m=[0mPolymarket [3mbid[0m[2m=[0m0.41 [3mask[0m[2m=[0m0.42 [3mmid[0m[2m=[0m0.4150 [3mbid_size[0m[2m=[0m23.16 [3mask_size[0m[2m=[0m92.87
[2m2026-04-12T20:19:09.031181Z[0m [34mDEBUG[0m [2mmercury::engine::detector[0m[2m:[0m No arb pairs registered for market — skipping detection [3mmarket_id[0m[2m=[0m189bf673-b643-45a5-be39-c4a3275d71a0
[2m2026-04-12T20:19:09.031293Z[0m [34mDEBUG[0m [2mmercury::engine::market_actor[0m[2m:[0m Tick received — running arb detection [3mmarket_id[0m[2m=[0m189bf673-b643-45a5-be39-c4a3275d71a0 [3mplatform[0m[2m=[0mPolymarket [3mbid[0m[2m=[0m0.4 [3mask[0m[2m=[0m0.42 [3mmid[0m[2m=[0m0.41 [3mbid_size[0m[2m=[0m1903.34 [3mask_size[0m[2m=[0m92.87
[2m2026-04-12T20:19:09.031424Z[0m [34mDEBUG[0m [2mmercury::engine::detector[0m[2m:[0m No arb pairs registered for market — skipping detection [3mmarket_id[0m[2m=[0m189bf673-b643-45a5-be39-c4a3275d71a0
[2m2026-04-12T20:19:09.031527Z[0m [34mDEBUG[0m [2mmercury::engine::market_actor[0m[2m:[0m Tick received — running arb detection [3mmarket_id[0m[2m=[0m189bf673-b643-45a5-be39-c4a3275d71a0 [3mplatform[0m[2m=[0mPolymarket [3mbid[0m[2m=[0m0.4 [3mask[0m[2m=[0m0.42 [3mmid[0m[2m=[0m0.41 [3mbid_size[0m[2m=[0m1903.34 [3mask_size[0m[2m=[0m92.87
[2m2026-04-12T20:19:09.031641Z[0m [34mDEBUG[0m [2mmercury::engine::detector[0m[2m:[0m No arb pairs registered for market — skipping detection [3mmarket_id[0m[2m=[0m189bf673-b643-45a5-be39-c4a3275d71a0
[2m2026-04-12T20:19:09.031679Z[0m [32m INFO[0m [2mmercury::feeds::discovery[0m[2m:[0m 15m crypto round matched [3masset[0m[2m=[0msol [3mround_start[0m[2m=[0m1776024900 [3mpoly[0m[2m=[0mtrue [3mkalshi[0m[2m=[0mtrue
[2m2026-04-12T20:19:09.031672Z[0m [34mDEBUG[0m [2mmercury::engine::market_actor[0m[2m:[0m Tick received — running arb detection [3mmarket_id[0m[2m=[0m631deb8c-fbb4-489e-818e-ae698f57f50b [3mplatform[0m[2m=[0mPolymarket [3mbid[0m[2m=[0m0.51 [3mask[0m[2m=[0m0.52 [3mmid[0m[2m=[0m0.5150 [3mbid_size[0m[2m=[0m405 [3mask_size[0m[2m=[0m78.13
[2m2026-04-12T20:19:09.031722Z[0m [34mDEBUG[0m [2mmercury::engine::market_actor[0m[2m:[0m Tick received — running arb detection [3mmarket_id[0m[2m=[0m189bf673-b643-45a5-be39-c4a3275d71a0 [3mplatform[0m[2m=[0mPolymarket [3mbid[0m[2m=[0m0.4 [3mask[0m[2m=[0m0.42 [3mmid[0m[2m=[0m0.41 [3mbid_size[0m[2m=[0m1903.34 [3mask_size[0m[2m=[0m92.87
[2m2026-04-12T20:19:09.031811Z[0m [34mDEBUG[0m [2mmercury::engine::detector[0m[2m:[0m No arb pairs registered for market — skipping detection [3mmarket_id[0m[2m=[0m631deb8c-fbb4-489e-818e-ae698f57f50b
[2m2026-04-12T20:19:09.031924Z[0m [34mDEBUG[0m [2mmercury::engine::detector[0m[2m:[0m No arb pairs registered for market — skipping detection [3mmarket_id[0m[2m=[0m189bf673-b643-45a5-be39-c4a3275d71a0
[2m2026-04-12T20:19:09.032030Z[0m [34mDEBUG[0m [2mmercury::engine::market_actor[0m[2m:[0m Tick received — running arb detection [3mmarket_id[0m[2m=[0m189bf673-b643-45a5-be39-c4a3275d71a0 [3mplatform[0m[2m=[0mPolymarket [3mbid[0m[2m=[0m0.4 [3mask[0m[2m=[0m0.42 [3mmid[0m[2m=[0m0.41 [3mbid_size[0m[2m=[0m1903.34 [3mask_size[0m[2m=[0m92.87
[2m2026-04-12T20:19:09.032141Z[0m [34mDEBUG[0m [2mmercury::engine::detector[0m[2m:[0m No arb pairs registered for market — skipping detection [3mmarket_id[0m[2m=[0m189bf673-b643-45a5-be39-c4a3275d71a0
[2m2026-04-12T20:19:09.043243Z[0m [34mDEBUG[0m [2mmercury::feeds::polymarket[0m[2m:[0m Unknown Polymarket event type [3mevent_type[0m[2m=[0mbest_bid_ask
[2m2026-04-12T20:19:09.043687Z[0m [34mDEBUG[0m [2mmercury::engine::market_actor[0m[2m:[0m Tick received — running arb detection [3mmarket_id[0m[2m=[0m189bf673-b643-45a5-be39-c4a3275d71a0 [3mplatform[0m[2m=[0mPolymarket [3mbid[0m[2m=[0m0.4 [3mask[0m[2m=[0m0.42 [3mmid[0m[2m=[0m0.41 [3mbid_size[0m[2m=[0m1900.07 [3mask_size[0m[2m=[0m92.87
[2m2026-04-12T20:19:09.043848Z[0m [34mDEBUG[0m [2mmercury::engine::detector[0m[2m:[0m No arb pairs registered for market — skipping detection [3mmarket_id[0m[2m=[0m189bf673-b643-45a5-be39-c4a3275d71a0
[2m2026-04-12T20:19:09.044031Z[0m [34mDEBUG[0m [2mmercury::engine::market_actor[0m[2m:[0m Tick received — running arb detection [3mmarket_id[0m[2m=[0m189bf673-b643-45a5-be39-c4a3275d71a0 [3mplatform[0m[2m=[0mPolymarket [3mbid[0m[2m=[0m0.4 [3mask[0m[2m=[0m0.42 [3mmid[0m[2m=[0m0.41 [3mbid_size[0m[2m=[0m1900.07 [3mask_size[0m[2m=[0m92.87
[2m2026-04-12T20:19:09.044145Z[0m [34mDEBUG[0m [2mmercury::engine::detector[0m[2m:[0m No arb pairs registered for market — skipping detection [3mmarket_id[0m[2m=[0m189bf673-b643-45a5-be39-c4a3275d71a0
[2m2026-04-12T20:19:09.044233Z[0m [34mDEBUG[0m [2mmercury::engine::market_actor[0m[2m:[0m Tick received — running arb detection [3mmarket_id[0m[2m=[0m189bf673-b643-45a5-be39-c4a3275d71a0 [3mplatform[0m[2m=[0mPolymarket [3mbid[0m[2m=[0m0.4 [3mask[0m[2m=[0m0.42 [3mmid[0m[2m=[0m0.41 [3mbid_size[0m[2m=[0m1900.07 [3mask_size[0m[2m=[0m92.87
[2m2026-04-12T20:19:09.044340Z[0m [34mDEBUG[0m [2mmercury::engine::detector[0m[2m:[0m No arb pairs registered for market — skipping detection [3mmarket_id[0m[2m=[0m189bf673-b643-45a5-be39-c4a3275d71a0
[2m2026-04-12T20:19:09.044383Z[0m [34mDEBUG[0m [2mmercury::engine::market_actor[0m[2m:[0m Tick received — running arb detection [3mmarket_id[0m[2m=[0m2285bae6-253b-4085-b0d1-0af34b5530b6 [3mplatform[0m[2m=[0mPolymarket [3mbid[0m[2m=[0m0.39 [3mask[0m[2m=[0m0.43 [3mmid[0m[2m=[0m0.41 [3mbid_size[0m[2m=[0m18.14 [3mask_size[0m[2m=[0m23.64
[2m2026-04-12T20:19:09.044427Z[0m [34mDEBUG[0m [2mmercury::engine::market_actor[0m[2m:[0m Tick received — running arb detection [3mmarket_id[0m[2m=[0m189bf673-b643-45a5-be39-c4a3275d71a0 [3mplatform[0m[2m=[0mPolymarket [3mbid[0m[2m=[0m0.4 [3mask[0m[2m=[0m0.42 [3mmid[0m[2m=[0m0.41 [3mbid_size[0m[2m=[0m1900.07 [3mask_size[0m[2m=[0m97.87
[2m2026-04-12T20:19:09.044505Z[0m [34mDEBUG[0m [2mmercury::engine::detector[0m[2m:[0m No arb pairs registered for market — skipping detection [3mmarket_id[0m[2m=[0m2285bae6-253b-4085-b0d1-0af34b5530b6
[2m2026-04-12T20:19:09.044602Z[0m [34mDEBUG[0m [2mmercury::engine::detector[0m[2m:[0m No arb pairs registered for market — skipping detection [3mmarket_id[0m[2m=[0m189bf673-b643-45a5-be39-c4a3275d71a0
[2m2026-04-12T20:19:09.044596Z[0m [34mDEBUG[0m [2mmercury::engine::market_actor[0m[2m:[0m Tick received — running arb detection [3mmarket_id[0m[2m=[0mbc548cd4-ced9-48e8-b131-410c92fb3a0e [3mplatform[0m[2m=[0mPolymarket [3mbid[0m[2m=[0m0.35 [3mask[0m[2m=[0m0.38 [3mmid[0m[2m=[0m0.3650 [3mbid_size[0m[2m=[0m100 [3mask_size[0m[2m=[0m6.72
[2m2026-04-12T20:19:09.044729Z[0m [34mDEBUG[0m [2mmercury::engine::detector[0m[2m:[0m No arb pairs registered for market — skipping detection [3mmarket_id[0m[2m=[0mbc548cd4-ced9-48e8-b131-410c92fb3a0e
[2m2026-04-12T20:19:09.044720Z[0m [34mDEBUG[0m [2mmercury::engine::market_actor[0m[2m:[0m Tick received — running arb detection [3mmarket_id[0m[2m=[0m189bf673-b643-45a5-be39-c4a3275d71a0 [3mplatform[0m[2m=[0mPolymarket [3mbid[0m[2m=[0m0.4 [3mask[0m[2m=[0m0.42 [3mmid[0m[2m=[0m0.41 [3mbid_size[0m[2m=[0m1900.07 [3mask_size[0m[2m=[0m92.87
[2m2026-04-12T20:19:09.044823Z[0m [34mDEBUG[0m [2mmercury::engine::market_actor[0m[2m:[0m Tick received — running arb detection [3mmarket_id[0m[2m=[0mbc548cd4-ced9-48e8-b131-410c92fb3a0e [3mplatform[0m[2m=[0mPolymarket [3mbid[0m[2m=[0m0.35 [3mask[0m[2m=[0m0.38 [3mmid[0m[2m=[0m0.3650 [3mbid_size[0m[2m=[0m100 [3mask_size[0m[2m=[0m6.72
[2m2026-04-12T20:19:09.044845Z[0m [34mDEBUG[0m [2mmercury::engine::detector[0m[2m:[0m No arb pairs registered for market — skipping detection [3mmarket_id[0m[2m=[0m189bf673-b643-45a5-be39-c4a3275d71a0
[2m2026-04-12T20:19:09.044895Z[0m [34mDEBUG[0m [2mmercury::engine::market_actor[0m[2m:[0m Tick received — running arb detection [3mmarket_id[0m[2m=[0m39a28b31-a7f7-4e16-b2f1-1e1948be289c [3mplatform[0m[2m=[0mPolymarket [3mbid[0m[2m=[0m0.39 [3mask[0m[2m=[0m0.4 [3mmid[0m[2m=[0m0.3950 [3mbid_size[0m[2m=[0m5.76 [3mask_size[0m[2m=[0m5
[2m2026-04-12T20:19:09.044995Z[0m [34mDEBUG[0m [2mmercury::engine::detector[0m[2m:[0m No arb pairs registered for market — skipping detection [3mmarket_id[0m[2m=[0mbc548cd4-ced9-48e8-b131-410c92fb3a0e
[2m2026-04-12T20:19:09.044982Z[0m [34mDEBUG[0m [2mmercury::engine::market_actor[0m[2m:[0m Tick received — running arb detection [3mmarket_id[0m[2m=[0m189bf673-b643-45a5-be39-c4a3275d71a0 [3mplatform[0m[2m=[0mPolymarket [3mbid[0m[2m=[0m0.4 [3mask[0m[2m=[0m0.42 [3mmid[0m[2m=[0m0.41 [3mbid_size[0m[2m=[0m1900.07 [3mask_size[0m[2m=[0m92.87
[2m2026-04-12T20:19:09.045127Z[0m [34mDEBUG[0m [2mmercury::engine::detector[0m[2m:[0m No arb pairs registered for market — skipping detection [3mmarket_id[0m[2m=[0m189bf673-b643-45a5-be39-c4a3275d71a0
[2m2026-04-12T20:19:09.045127Z[0m [34mDEBUG[0m [2mmercury::engine::detector[0m[2m:[0m No arb pairs registered for market — skipping detection [3mmarket_id[0m[2m=[0m39a28b31-a7f7-4e16-b2f1-1e1948be289c
[2m2026-04-12T20:19:09.045222Z[0m [34mDEBUG[0m [2mmercury::engine::market_actor[0m[2m:[0m Tick received — running arb detection [3mmarket_id[0m[2m=[0m189bf673-b643-45a5-be39-c4a3275d71a0 [3mplatform[0m[2m=[0mPolymarket [3mbid[0m[2m=[0m0.4 [3mask[0m[2m=[0m0.42 [3mmid[0m[2m=[0m0.41 [3mbid_size[0m[2m=[0m1900.07 [3mask_size[0m[2m=[0m92.87
[2m2026-04-12T20:19:09.045330Z[0m [34mDEBUG[0m [2mmercury::engine::detector[0m[2m:[0m No arb pairs registered for market — skipping detection [3mmarket_id[0m[2m=[0m189bf673-b643-45a5-be39-c4a3275d71a0
[2m2026-04-12T20:19:09.062061Z[0m [34mDEBUG[0m [2mmercury::engine::market_actor[0m[2m:[0m Tick received — running arb detection [3mmarket_id[0m[2m=[0m39a28b31-a7f7-4e16-b2f1-1e1948be289c [3mplatform[0m[2m=[0mPolymarket [3mbid[0m[2m=[0m0.39 [3mask[0m[2m=[0m0.4 [3mmid[0m[2m=[0m0.3950 [3mbid_size[0m[2m=[0m5.76 [3mask_size[0m[2m=[0m5
[2m2026-04-12T20:19:09.062100Z[0m [34mDEBUG[0m [2mmercury::engine::market_actor[0m[2m:[0m Tick received — running arb detection [3mmarket_id[0m[2m=[0m189bf673-b643-45a5-be39-c4a3275d71a0 [3mplatform[0m[2m=[0mPolymarket [3mbid[0m[2m=[0m0.4 [3mask[0m[2m=[0m0.42 [3mmid[0m[2m=[0m0.41 [3mbid_size[0m[2m=[0m1905.07 [3mask_size[0m[2m=[0m92.87
[2m2026-04-12T20:19:09.062426Z[0m [34mDEBUG[0m [2mmercury::engine::detector[0m[2m:[0m No arb pairs registered for market — skipping detection [3mmarket_id[0m[2m=[0m39a28b31-a7f7-4e16-b2f1-1e1948be289c
[2m2026-04-12T20:19:09.062645Z[0m [34mDEBUG[0m [2mmercury::engine::detector[0m[2m:[0m No arb pairs registered for market — skipping detection [3mmarket_id[0m[2m=[0m189bf673-b643-45a5-be39-c4a3275d71a0
[2m2026-04-12T20:19:09.062857Z[0m [34mDEBUG[0m [2mmercury::engine::market_actor[0m[2m:[0m Tick received — running arb detection [3mmarket_id[0m[2m=[0m189bf673-b643-45a5-be39-c4a3275d71a0 [3mplatform[0m[2m=[0mPolymarket [3mbid[0m[2m=[0m0.4 [3mask[0m[2m=[0m0.42 [3mmid[0m[2m=[0m0.41 [3mbid_size[0m[2m=[0m1910.07 [3mask_size[0m[2m=[0m92.87
[2m2026-04-12T20:19:09.063025Z[0m [34mDEBUG[0m [2mmercury::engine::detector[0m[2m:[0m No arb pairs registered for market — skipping detection [3mmarket_id[0m[2m=[0m189bf673-b643-45a5-be39-c4a3275d71a0
[2m2026-04-12T20:19:09.063187Z[0m [34mDEBUG[0m [2mmercury::engine::market_actor[0m[2m:[0m Tick received — running arb detection [3mmarket_id[0m[2m=[0m189bf673-b643-45a5-be39-c4a3275d71a0 [3mplatform[0m[2m=[0mPolymarket [3mbid[0m[2m=[0m0.4 [3mask[0m[2m=[0m0.42 [3mmid[0m[2m=[0m0.41 [3mbid_size[0m[2m=[0m1915.07 [3mask_size[0m[2m=[0m92.87
[2m2026-04-12T20:19:09.063342Z[0m [34mDEBUG[0m [2mmercury::engine::detector[0m[2m:[0m No arb pairs registered for market — skipping detection [3mmarket_id[0m[2m=[0m189bf673-b643-45a5-be39-c4a3275d71a0
[2m2026-04-12T20:19:09.143518Z[0m [34mDEBUG[0m [2mmercury::feeds::polymarket[0m[2m:[0m Unknown Polymarket event type [3mevent_type[0m[2m=[0mbest_bid_ask
[2m2026-04-12T20:19:09.144089Z[0m [34mDEBUG[0m [2mmercury::engine::market_actor[0m[2m:[0m Tick received — running arb detection [3mmarket_id[0m[2m=[0m189bf673-b643-45a5-be39-c4a3275d71a0 [3mplatform[0m[2m=[0mPolymarket [3mbid[0m[2m=[0m0.4 [3mask[0m[2m=[0m0.41 [3mmid[0m[2m=[0m0.4050 [3mbid_size[0m[2m=[0m1915.07 [3mask_size[0m[2m=[0m5
[2m2026-04-12T20:19:09.144287Z[0m [34mDEBUG[0m [2mmercury::engine::detector[0m[2m:[0m No arb pairs registered for market — skipping detection [3mmarket_id[0m[2m=[0m189bf673-b643-45a5-be39-c4a3275d71a0
[2m2026-04-12T20:19:09.144415Z[0m [34mDEBUG[0m [2mmercury::engine::market_actor[0m[2m:[0m Tick received — running arb detection [3mmarket_id[0m[2m=[0m189bf673-b643-45a5-be39-c4a3275d71a0 [3mplatform[0m[2m=[0mPolymarket [3mbid[0m[2m=[0m0.4 [3mask[0m[2m=[0m0.41 [3mmid[0m[2m=[0m0.4050 [3mbid_size[0m[2m=[0m1910.07 [3mask_size[0m[2m=[0m5
[2m2026-04-12T20:19:09.144567Z[0m [34mDEBUG[0m [2mmercury::engine::detector[0m[2m:[0m No arb pairs registered for market — skipping detection [3mmarket_id[0m[2m=[0m189bf673-b643-45a5-be39-c4a3275d71a0
[2m2026-04-12T20:19:09.181572Z[0m [34mDEBUG[0m [2mmercury::engine::market_actor[0m[2m:[0m Tick received — running arb detection [3mmarket_id[0m[2m=[0m189bf673-b643-45a5-be39-c4a3275d71a0 [3mplatform[0m[2m=[0mPolymarket [3mbid[0m[2m=[0m0.4 [3mask[0m[2m=[0m0.41 [3mmid[0m[2m=[0m0.4050 [3mbid_size[0m[2m=[0m1910.07 [3mask_size[0m[2m=[0m5
[2m2026-04-12T20:19:09.181818Z[0m [34mDEBUG[0m [2mmercury::engine::detector[0m[2m:[0m No arb pairs registered for market — skipping detection [3mmarket_id[0m[2m=[0m189bf673-b643-45a5-be39-c4a3275d71a0
[2m2026-04-12T20:19:09.182035Z[0m [34mDEBUG[0m [2mmercury::feeds::discovery[0m[2m:[0m No Kalshi 15m market found for this round [3masset[0m[2m=[0m"sol" [3mround_start_ts[0m[2m=[0m1776025800 [3mtarget_close[0m[2m=[0m1776026700
[2m2026-04-12T20:19:09.182247Z[0m [32m INFO[0m [2mmercury::feeds::discovery[0m[2m:[0m 15m crypto round matched [3masset[0m[2m=[0msol [3mround_start[0m[2m=[0m1776025800 [3mpoly[0m[2m=[0mtrue [3mkalshi[0m[2m=[0mfalse
[2m2026-04-12T20:19:09.238914Z[0m [34mDEBUG[0m [2mmercury::engine::market_actor[0m[2m:[0m Tick received — running arb detection [3mmarket_id[0m[2m=[0m189bf673-b643-45a5-be39-c4a3275d71a0 [3mplatform[0m[2m=[0mPolymarket [3mbid[0m[2m=[0m0.4 [3mask[0m[2m=[0m0.41 [3mmid[0m[2m=[0m0.4050 [3mbid_size[0m[2m=[0m1910.07 [3mask_size[0m[2m=[0m5
[2m2026-04-12T20:19:09.239111Z[0m [34mDEBUG[0m [2mmercury::engine::detector[0m[2m:[0m No arb pairs registered for market — skipping detection [3mmarket_id[0m[2m=[0m189bf673-b643-45a5-be39-c4a3275d71a0
[2m2026-04-12T20:19:09.239125Z[0m [34mDEBUG[0m [2mmercury::engine::market_actor[0m[2m:[0m Tick received — running arb detection [3mmarket_id[0m[2m=[0m39a28b31-a7f7-4e16-b2f1-1e1948be289c [3mplatform[0m[2m=[0mPolymarket [3mbid[0m[2m=[0m0.39 [3mask[0m[2m=[0m0.4 [3mmid[0m[2m=[0m0.3950 [3mbid_size[0m[2m=[0m5.76 [3mask_size[0m[2m=[0m5
[2m2026-04-12T20:19:09.239163Z[0m [34mDEBUG[0m [2mmercury::feeds::polymarket[0m[2m:[0m Unknown Polymarket event type [3mevent_type[0m[2m=[0mbest_bid_ask
[2m2026-04-12T20:19:09.239214Z[0m [34mDEBUG[0m [2mmercury::engine::market_actor[0m[2m:[0m Tick received — running arb detection [3mmarket_id[0m[2m=[0m189bf673-b643-45a5-be39-c4a3275d71a0 [3mplatform[0m[2m=[0mPolymarket [3mbid[0m[2m=[0m0.4 [3mask[0m[2m=[0m0.41 [3mmid[0m[2m=[0m0.4050 [3mbid_size[0m[2m=[0m1910.07 [3mask_size[0m[2m=[0m5
[2m2026-04-12T20:19:09.239270Z[0m [34mDEBUG[0m [2mmercury::engine::detector[0m[2m:[0m No arb pairs registered for market — skipping detection [3mmarket_id[0m[2m=[0m39a28b31-a7f7-4e16-b2f1-1e1948be289c
[2m2026-04-12T20:19:09.239373Z[0m [34mDEBUG[0m [2mmercury::engine::market_actor[0m[2m:[0m Tick received — running arb detection [3mmarket_id[0m[2m=[0m39a28b31-a7f7-4e16-b2f1-1e1948be289c [3mplatform[0m[2m=[0mPolymarket [3mbid[0m[2m=[0m0.39 [3mask[0m[2m=[0m0.4 [3mmid[0m[2m=[0m0.3950 [3mbid_size[0m[2m=[0m5.76 [3mask_size[0m[2m=[0m5
[2m2026-04-12T20:19:09.239395Z[0m [34mDEBUG[0m [2mmercury::engine::detector[0m[2m:[0m No arb pairs registered for market — skipping detection [3mmarket_id[0m[2m=[0m189bf673-b643-45a5-be39-c4a3275d71a0
[2m2026-04-12T20:19:09.239499Z[0m [34mDEBUG[0m [2mmercury::engine::detector[0m[2m:[0m No arb pairs registered for market — skipping detection [3mmarket_id[0m[2m=[0m39a28b31-a7f7-4e16-b2f1-1e1948be289c
[2m2026-04-12T20:19:09.239525Z[0m [34mDEBUG[0m [2mmercury::engine::market_actor[0m[2m:[0m Tick received — running arb detection [3mmarket_id[0m[2m=[0m189bf673-b643-45a5-be39-c4a3275d71a0 [3mplatform[0m[2m=[0mPolymarket [3mbid[0m[2m=[0m0.4 [3mask[0m[2m=[0m0.41 [3mmid[0m[2m=[0m0.4050 [3mbid_size[0m[2m=[0m1910.07 [3mask_size[0m[2m=[0m5
[2m2026-04-12T20:19:09.239651Z[0m [34mDEBUG[0m [2mmercury::engine::detector[0m[2m:[0m No arb pairs registered for market — skipping detection [3mmarket_id[0m[2m=[0m189bf673-b643-45a5-be39-c4a3275d71a0
[2m2026-04-12T20:19:09.239743Z[0m [34mDEBUG[0m [2mmercury::engine::market_actor[0m[2m:[0m Tick received — running arb detection [3mmarket_id[0m[2m=[0m189bf673-b643-45a5-be39-c4a3275d71a0 [3mplatform[0m[2m=[0mPolymarket [3mbid[0m[2m=[0m0.4 [3mask[0m[2m=[0m0.41 [3mmid[0m[2m=[0m0.4050 [3mbid_size[0m[2m=[0m1901.73 [3mask_size[0m[2m=[0m5
[2m2026-04-12T20:19:09.239861Z[0m [34mDEBUG[0m [2mmercury::engine::detector[0m[2m:[0m No arb pairs registered for market — skipping detection [3mmarket_id[0m[2m=[0m189bf673-b643-45a5-be39-c4a3275d71a0
[2m2026-04-12T20:19:09.240048Z[0m [34mDEBUG[0m [2mmercury::engine::market_actor[0m[2m:[0m Tick received — running arb detection [3mmarket_id[0m[2m=[0m189bf673-b643-45a5-be39-c4a3275d71a0 [3mplatform[0m[2m=[0mPolymarket [3mbid[0m[2m=[0m0.4 [3mask[0m[2m=[0m0.41 [3mmid[0m[2m=[0m0.4050 [3mbid_size[0m[2m=[0m1901.73 [3mask_size[0m[2m=[0m5
[2m2026-04-12T20:19:09.240196Z[0m [34mDEBUG[0m [2mmercury::engine::detector[0m[2m:[0m No arb pairs registered for market — skipping detection [3mmarket_id[0m[2m=[0m189bf673-b643-45a5-be39-c4a3275d71a0
[2m2026-04-12T20:19:09.240292Z[0m [34mDEBUG[0m [2mmercury::engine::market_actor[0m[2m:[0m Tick received — running arb detection [3mmarket_id[0m[2m=[0m189bf673-b643-45a5-be39-c4a3275d71a0 [3mplatform[0m[2m=[0mPolymarket [3mbid[0m[2m=[0m0.4 [3mask[0m[2m=[0m0.41 [3mmid[0m[2m=[0m0.4050 [3mbid_size[0m[2m=[0m1901.73 [3mask_size[0m[2m=[0m5
[2m2026-04-12T20:19:09.240370Z[0m [34mDEBUG[0m [2mmercury::engine::market_actor[0m[2m:[0m Tick received — running arb detection [3mmarket_id[0m[2m=[0mbc548cd4-ced9-48e8-b131-410c92fb3a0e [3mplatform[0m[2m=[0mPolymarket [3mbid[0m[2m=[0m0.35 [3mask[0m[2m=[0m0.38 [3mmid[0m[2m=[0m0.3650 [3mbid_size[0m[2m=[0m100 [3mask_size[0m[2m=[0m6.72
[2m2026-04-12T20:19:09.240411Z[0m [34mDEBUG[0m [2mmercury::engine::detector[0m[2m:[0m No arb pairs registered for market — skipping detection [3mmarket_id[0m[2m=[0m189bf673-b643-45a5-be39-c4a3275d71a0
[2m2026-04-12T20:19:09.240509Z[0m [34mDEBUG[0m [2mmercury::engine::detector[0m[2m:[0m No arb pairs registered for market — skipping detection [3mmarket_id[0m[2m=[0mbc548cd4-ced9-48e8-b131-410c92fb3a0e
[2m2026-04-12T20:19:09.240524Z[0m [34mDEBUG[0m [2mmercury::engine::market_actor[0m[2m:[0m Tick received — running arb detection [3mmarket_id[0m[2m=[0m189bf673-b643-45a5-be39-c4a3275d71a0 [3mplatform[0m[2m=[0mPolymarket [3mbid[0m[2m=[0m0.4 [3mask[0m[2m=[0m0.41 [3mmid[0m[2m=[0m0.4050 [3mbid_size[0m[2m=[0m1901.73 [3mask_size[0m[2m=[0m5
[2m2026-04-12T20:19:09.240643Z[0m [34mDEBUG[0m [2mmercury::engine::detector[0m[2m:[0m No arb pairs registered for market — skipping detection [3mmarket_id[0m[2m=[0m189bf673-b643-45a5-be39-c4a3275d71a0
[2m2026-04-12T20:19:09.284491Z[0m [34mDEBUG[0m [2mmercury::feeds::polymarket[0m[2m:[0m Unknown Polymarket event type [3mevent_type[0m[2m=[0mbest_bid_ask
[2m2026-04-12T20:19:09.285220Z[0m [34mDEBUG[0m [2mmercury::engine::market_actor[0m[2m:[0m Tick received — running arb detection [3mmarket_id[0m[2m=[0m189bf673-b643-45a5-be39-c4a3275d71a0 [3mplatform[0m[2m=[0mPolymarket [3mbid[0m[2m=[0m0.4 [3mask[0m[2m=[0m0.41 [3mmid[0m[2m=[0m0.4050 [3mbid_size[0m[2m=[0m1898.59 [3mask_size[0m[2m=[0m5
[2m2026-04-12T20:19:09.285423Z[0m [34mDEBUG[0m [2mmercury::engine::detector[0m[2m:[0m No arb pairs registered for market — skipping detection [3mmarket_id[0m[2m=[0m189bf673-b643-45a5-be39-c4a3275d71a0
[2m2026-04-12T20:19:09.285800Z[0m [34mDEBUG[0m [2mmercury::engine::market_actor[0m[2m:[0m Tick received — running arb detection [3mmarket_id[0m[2m=[0m189bf673-b643-45a5-be39-c4a3275d71a0 [3mplatform[0m[2m=[0mPolymarket [3mbid[0m[2m=[0m0.4 [3mask[0m[2m=[0m0.41 [3mmid[0m[2m=[0m0.4050 [3mbid_size[0m[2m=[0m1898.59 [3mask_size[0m[2m=[0m5
[2m2026-04-12T20:19:09.285990Z[0m [34mDEBUG[0m [2mmercury::engine::detector[0m[2m:[0m No arb pairs registered for market — skipping detection [3mmarket_id[0m[2m=[0m189bf673-b643-45a5-be39-c4a3275d71a0
[2m2026-04-12T20:19:09.286009Z[0m [34mDEBUG[0m [2mmercury::engine::market_actor[0m[2m:[0m Tick received — running arb detection [3mmarket_id[0m[2m=[0m39a28b31-a7f7-4e16-b2f1-1e1948be289c [3mplatform[0m[2m=[0mPolymarket [3mbid[0m[2m=[0m0.39 [3mask[0m[2m=[0m0.4 [3mmid[0m[2m=[0m0.3950 [3mbid_size[0m[2m=[0m5.76 [3mask_size[0m[2m=[0m5
[2m2026-04-12T20:19:09.286079Z[0m [34mDEBUG[0m [2mmercury::engine::market_actor[0m[2m:[0m Tick received — running arb detection [3mmarket_id[0m[2m=[0m631deb8c-fbb4-489e-818e-ae698f57f50b [3mplatform[0m[2m=[0mPolymarket [3mbid[0m[2m=[0m0.51 [3mask[0m[2m=[0m0.52 [3mmid[0m[2m=[0m0.5150 [3mbid_size[0m[2m=[0m405 [3mask_size[0m[2m=[0m78.13
[2m2026-04-12T20:19:09.286199Z[0m [34mDEBUG[0m [2mmercury::engine::detector[0m[2m:[0m No arb pairs registered for market — skipping detection [3mmarket_id[0m[2m=[0m39a28b31-a7f7-4e16-b2f1-1e1948be289c
[2m2026-04-12T20:19:09.286336Z[0m [34mDEBUG[0m [2mmercury::engine::market_actor[0m[2m:[0m Tick received — running arb detection [3mmarket_id[0m[2m=[0m39a28b31-a7f7-4e16-b2f1-1e1948be289c [3mplatform[0m[2m=[0mPolymarket [3mbid[0m[2m=[0m0.39 [3mask[0m[2m=[0m0.4 [3mmid[0m[2m=[0m0.3950 [3mbid_size[0m[2m=[0m5.76 [3mask_size[0m[2m=[0m5
[2m2026-04-12T20:19:09.286366Z[0m [34mDEBUG[0m [2mmercury::engine::detector[0m[2m:[0m No arb pairs registered for market — skipping detection [3mmarket_id[0m[2m=[0m631deb8c-fbb4-489e-818e-ae698f57f50b
[2m2026-04-12T20:19:09.286550Z[0m [34mDEBUG[0m [2mmercury::engine::detector[0m[2m:[0m No arb pairs registered for market — skipping detection [3mmarket_id[0m[2m=[0m39a28b31-a7f7-4e16-b2f1-1e1948be289c
[2m2026-04-12T20:19:09.339896Z[0m [34mDEBUG[0m [2mmercury::feeds::polymarket[0m[2m:[0m Unknown Polymarket event type [3mevent_type[0m[2m=[0mbest_bid_ask
[2m2026-04-12T20:19:09.339967Z[0m [34mDEBUG[0m [2mmercury::engine::market_actor[0m[2m:[0m Tick received — running arb detection [3mmarket_id[0m[2m=[0m189bf673-b643-45a5-be39-c4a3275d71a0 [3mplatform[0m[2m=[0mPolymarket [3mbid[0m[2m=[0m0.4 [3mask[0m[2m=[0m0.41 [3mmid[0m[2m=[0m0.4050 [3mbid_size[0m[2m=[0m1898.59 [3mask_size[0m[2m=[0m5
[2m2026-04-12T20:19:09.340269Z[0m [34mDEBUG[0m [2mmercury::engine::detector[0m[2m:[0m No arb pairs registered for market — skipping detection [3mmarket_id[0m[2m=[0m189bf673-b643-45a5-be39-c4a3275d71a0
[2m2026-04-12T20:19:09.340405Z[0m [34mDEBUG[0m [2mmercury::engine::market_actor[0m[2m:[0m Tick received — running arb detection [3mmarket_id[0m[2m=[0m189bf673-b643-45a5-be39-c4a3275d71a0 [3mplatform[0m[2m=[0mPolymarket [3mbid[0m[2m=[0m0.4 [3mask[0m[2m=[0m0.41 [3mmid[0m[2m=[0m0.4050 [3mbid_size[0m[2m=[0m1898.59 [3mask_size[0m[2m=[0m5
[2m2026-04-12T20:19:09.340561Z[0m [34mDEBUG[0m [2mmercury::engine::detector[0m[2m:[0m No arb pairs registered for market — skipping detection [3mmarket_id[0m[2m=[0m189bf673-b643-45a5-be39-c4a3275d71a0
[2m2026-04-12T20:19:09.340679Z[0m [34mDEBUG[0m [2mmercury::engine::market_actor[0m[2m:[0m Tick received — running arb detection [3mmarket_id[0m[2m=[0m189bf673-b643-45a5-be39-c4a3275d71a0 [3mplatform[0m[2m=[0mPolymarket [3mbid[0m[2m=[0m0.4 [3mask[0m[2m=[0m0.41 [3mmid[0m[2m=[0m0.4050 [3mbid_size[0m[2m=[0m1706.74 [3mask_size[0m[2m=[0m5
[2m2026-04-12T20:19:09.340831Z[0m [34mDEBUG[0m [2mmercury::engine::detector[0m[2m:[0m No arb pairs registered for market — skipping detection [3mmarket_id[0m[2m=[0m189bf673-b643-45a5-be39-c4a3275d71a0
[2m2026-04-12T20:19:09.341167Z[0m [34mDEBUG[0m [2mmercury::engine::market_actor[0m[2m:[0m Tick received — running arb detection [3mmarket_id[0m[2m=[0m189bf673-b643-45a5-be39-c4a3275d71a0 [3mplatform[0m[2m=[0mPolymarket [3mbid[0m[2m=[0m0.4 [3mask[0m[2m=[0m0.41 [3mmid[0m[2m=[0m0.4050 [3mbid_size[0m[2m=[0m1706.74 [3mask_size[0m[2m=[0m5
[2m2026-04-12T20:19:09.341355Z[0m [34mDEBUG[0m [2mmercury::engine::detector[0m[2m:[0m No arb pairs registered for market — skipping detection [3mmarket_id[0m[2m=[0m189bf673-b643-45a5-be39-c4a3275d71a0
[2m2026-04-12T20:19:09.341480Z[0m [34mDEBUG[0m [2mmercury::engine::market_actor[0m[2m:[0m Tick received — running arb detection [3mmarket_id[0m[2m=[0m189bf673-b643-45a5-be39-c4a3275d71a0 [3mplatform[0m[2m=[0mPolymarket [3mbid[0m[2m=[0m0.4 [3mask[0m[2m=[0m0.41 [3mmid[0m[2m=[0m0.4050 [3mbid_size[0m[2m=[0m1706.74 [3mask_size[0m[2m=[0m5
[2m2026-04-12T20:19:09.341635Z[0m [34mDEBUG[0m [2mmercury::engine::detector[0m[2m:[0m No arb pairs registered for market — skipping detection [3mmarket_id[0m[2m=[0m189bf673-b643-45a5-be39-c4a3275d71a0
[2m2026-04-12T20:19:09.341751Z[0m [34mDEBUG[0m [2mmercury::engine::market_actor[0m[2m:[0m Tick received — running arb detection [3mmarket_id[0m[2m=[0m189bf673-b643-45a5-be39-c4a3275d71a0 [3mplatform[0m[2m=[0mPolymarket [3mbid[0m[2m=[0m0.4 [3mask[0m[2m=[0m0.41 [3mmid[0m[2m=[0m0.4050 [3mbid_size[0m[2m=[0m1706.74 [3mask_size[0m[2m=[0m5
[2m2026-04-12T20:19:09.341902Z[0m [34mDEBUG[0m [2mmercury::engine::detector[0m[2m:[0m No arb pairs registered for market — skipping detection [3mmarket_id[0m[2m=[0m189bf673-b643-45a5-be39-c4a3275d71a0
[2m2026-04-12T20:19:09.344941Z[0m [34mDEBUG[0m [2mmercury::engine::market_actor[0m[2m:[0m Tick received — running arb detection [3mmarket_id[0m[2m=[0m189bf673-b643-45a5-be39-c4a3275d71a0 [3mplatform[0m[2m=[0mPolymarket [3mbid[0m[2m=[0m0.4 [3mask[0m[2m=[0m0.41 [3mmid[0m[2m=[0m0.4050 [3mbid_size[0m[2m=[0m1706.74 [3mask_size[0m[2m=[0m5
[2m2026-04-12T20:19:09.345175Z[0m [34mDEBUG[0m [2mmercury::engine::detector[0m[2m:[0m No arb pairs registered for market — skipping detection [3mmarket_id[0m[2m=[0m189bf673-b643-45a5-be39-c4a3275d71a0
[2m2026-04-12T20:19:09.345305Z[0m [34mDEBUG[0m [2mmercury::engine::market_actor[0m[2m:[0m Tick received — running arb detection [3mmarket_id[0m[2m=[0m189bf673-b643-45a5-be39-c4a3275d71a0 [3mplatform[0m[2m=[0mPolymarket [3mbid[0m[2m=[0m0.4 [3mask[0m[2m=[0m0.41 [3mmid[0m[2m=[0m0.4050 [3mbid_size[0m[2m=[0m1706.74 [3mask_size[0m[2m=[0m5
[2m2026-04-12T20:19:09.345459Z[0m [34mDEBUG[0m [2mmercury::engine::detector[0m[2m:[0m No arb pairs registered for market — skipping detection [3mmarket_id[0m[2m=[0m189bf673-b643-45a5-be39-c4a3275d71a0
[2m2026-04-12T20:19:09.386428Z[0m [32m INFO[0m [2mmercury::feeds::discovery[0m[2m:[0m 15m crypto round matched [3masset[0m[2m=[0mxrp [3mround_start[0m[2m=[0m1776024900 [3mpoly[0m[2m=[0mtrue [3mkalshi[0m[2m=[0mtrue
[2m2026-04-12T20:19:09.386676Z[0m [34mDEBUG[0m [2mmercury::engine::market_actor[0m[2m:[0m Tick received — running arb detection [3mmarket_id[0m[2m=[0m39a28b31-a7f7-4e16-b2f1-1e1948be289c [3mplatform[0m[2m=[0mPolymarket [3mbid[0m[2m=[0m0.39 [3mask[0m[2m=[0m0.4 [3mmid[0m[2m=[0m0.3950 [3mbid_size[0m[2m=[0m5.76 [3mask_size[0m[2m=[0m5
[2m2026-04-12T20:19:09.386827Z[0m [34mDEBUG[0m [2mmercury::engine::detector[0m[2m:[0m No arb pairs registered for market — skipping detection [3mmarket_id[0m[2m=[0m39a28b31-a7f7-4e16-b2f1-1e1948be289c
[2m2026-04-12T20:19:09.386924Z[0m [34mDEBUG[0m [2mmercury::engine::market_actor[0m[2m:[0m Tick received — running arb detection [3mmarket_id[0m[2m=[0m39a28b31-a7f7-4e16-b2f1-1e1948be289c [3mplatform[0m[2m=[0mPolymarket [3mbid[0m[2m=[0m0.39 [3mask[0m[2m=[0m0.4 [3mmid[0m[2m=[0m0.3950 [3mbid_size[0m[2m=[0m5.76 [3mask_size[0m[2m=[0m5
[2m2026-04-12T20:19:09.386952Z[0m [34mDEBUG[0m [2mmercury::engine::market_actor[0m[2m:[0m Tick received — running arb detection [3mmarket_id[0m[2m=[0m189bf673-b643-45a5-be39-c4a3275d71a0 [3mplatform[0m[2m=[0mPolymarket [3mbid[0m[2m=[0m0.4 [3mask[0m[2m=[0m0.41 [3mmid[0m[2m=[0m0.4050 [3mbid_size[0m[2m=[0m1681.74 [3mask_size[0m[2m=[0m5
[2m2026-04-12T20:19:09.387040Z[0m [34mDEBUG[0m [2mmercury::engine::detector[0m[2m:[0m No arb pairs registered for market — skipping detection [3mmarket_id[0m[2m=[0m39a28b31-a7f7-4e16-b2f1-1e1948be289c
[2m2026-04-12T20:19:09.387132Z[0m [34mDEBUG[0m [2mmercury::engine::market_actor[0m[2m:[0m Tick received — running arb detection [3mmarket_id[0m[2m=[0m39a28b31-a7f7-4e16-b2f1-1e1948be289c [3mplatform[0m[2m=[0mPolymarket [3mbid[0m[2m=[0m0.39 [3mask[0m[2m=[0m0.4 [3mmid[0m[2m=[0m0.3950 [3mbid_size[0m[2m=[0m5.76 [3mask_size[0m[2m=[0m5
[2m2026-04-12T20:19:09.387158Z[0m [34mDEBUG[0m [2mmercury::engine::detector[0m[2m:[0m No arb pairs registered for market — skipping detection [3mmarket_id[0m[2m=[0m189bf673-b643-45a5-be39-c4a3275d71a0
[2m2026-04-12T20:19:09.387286Z[0m [34mDEBUG[0m [2mmercury::engine::detector[0m[2m:[0m No arb pairs registered for market — skipping detection [3mmarket_id[0m[2m=[0m39a28b31-a7f7-4e16-b2f1-1e1948be289c
[2m2026-04-12T20:19:09.387410Z[0m [34mDEBUG[0m [2mmercury::engine::market_actor[0m[2m:[0m Tick received — running arb detection [3mmarket_id[0m[2m=[0m39a28b31-a7f7-4e16-b2f1-1e1948be289c [3mplatform[0m[2m=[0mPolymarket [3mbid[0m[2m=[0m0.39 [3mask[0m[2m=[0m0.4 [3mmid[0m[2m=[0m0.3950 [3mbid_size[0m[2m=[0m5.76 [3mask_size[0m[2m=[0m5
[2m2026-04-12T20:19:09.387532Z[0m [34mDEBUG[0m [2mmercury::engine::detector[0m[2m:[0m No arb pairs registered for market — skipping detection [3mmarket_id[0m[2m=[0m39a28b31-a7f7-4e16-b2f1-1e1948be289c
[2m2026-04-12T20:19:09.387749Z[0m [34mDEBUG[0m [2mmercury::engine::market_actor[0m[2m:[0m Tick received — running arb detection [3mmarket_id[0m[2m=[0m189bf673-b643-45a5-be39-c4a3275d71a0 [3mplatform[0m[2m=[0mPolymarket [3mbid[0m[2m=[0m0.4 [3mask[0m[2m=[0m0.41 [3mmid[0m[2m=[0m0.4050 [3mbid_size[0m[2m=[0m1681.74 [3mask_size[0m[2m=[0m5
[2m2026-04-12T20:19:09.387880Z[0m [34mDEBUG[0m [2mmercury::engine::detector[0m[2m:[0m No arb pairs registered for market — skipping detection [3mmarket_id[0m[2m=[0m189bf673-b643-45a5-be39-c4a3275d71a0
[2m2026-04-12T20:19:09.387977Z[0m [34mDEBUG[0m [2mmercury::engine::market_actor[0m[2m:[0m Tick received — running arb detection [3mmarket_id[0m[2m=[0m189bf673-b643-45a5-be39-c4a3275d71a0 [3mplatform[0m[2m=[0mPolymarket [3mbid[0m[2m=[0m0.4 [3mask[0m[2m=[0m0.41 [3mmid[0m[2m=[0m0.4050 [3mbid_size[0m[2m=[0m1681.74 [3mask_size[0m[2m=[0m5
[2m2026-04-12T20:19:09.388094Z[0m [34mDEBUG[0m [2mmercury::engine::detector[0m[2m:[0m No arb pairs registered for market — skipping detection [3mmarket_id[0m[2m=[0m189bf673-b643-45a5-be39-c4a3275d71a0
[2m2026-04-12T20:19:09.490436Z[0m [34mDEBUG[0m [2mmercury::engine::market_actor[0m[2m:[0m Tick received — running arb detection [3mmarket_id[0m[2m=[0m189bf673-b643-45a5-be39-c4a3275d71a0 [3mplatform[0m[2m=[0mPolymarket [3mbid[0m[2m=[0m0.4 [3mask[0m[2m=[0m0.41 [3mmid[0m[2m=[0m0.4050 [3mbid_size[0m[2m=[0m1681.74 [3mask_size[0m[2m=[0m5
[2m2026-04-12T20:19:09.490676Z[0m [34mDEBUG[0m [2mmercury::engine::detector[0m[2m:[0m No arb pairs registered for market — skipping detection [3mmarket_id[0m[2m=[0m189bf673-b643-45a5-be39-c4a3275d71a0
[2m2026-04-12T20:19:09.490804Z[0m [34mDEBUG[0m [2mmercury::engine::market_actor[0m[2m:[0m Tick received — running arb detection [3mmarket_id[0m[2m=[0m189bf673-b643-45a5-be39-c4a3275d71a0 [3mplatform[0m[2m=[0mPolymarket [3mbid[0m[2m=[0m0.4 [3mask[0m[2m=[0m0.41 [3mmid[0m[2m=[0m0.4050 [3mbid_size[0m[2m=[0m1681.74 [3mask_size[0m[2m=[0m5
[2m2026-04-12T20:19:09.490890Z[0m [34mDEBUG[0m [2mmercury::engine::market_actor[0m[2m:[0m Tick received — running arb detection [3mmarket_id[0m[2m=[0m2285bae6-253b-4085-b0d1-0af34b5530b6 [3mplatform[0m[2m=[0mPolymarket [3mbid[0m[2m=[0m0.39 [3mask[0m[2m=[0m0.43 [3mmid[0m[2m=[0m0.41 [3mbid_size[0m[2m=[0m18.14 [3mask_size[0m[2m=[0m23.64
[2m2026-04-12T20:19:09.490967Z[0m [34mDEBUG[0m [2mmercury::engine::detector[0m[2m:[0m No arb pairs registered for market — skipping detection [3mmarket_id[0m[2m=[0m189bf673-b643-45a5-be39-c4a3275d71a0
[2m2026-04-12T20:19:09.491069Z[0m [34mDEBUG[0m [2mmercury::engine::detector[0m[2m:[0m No arb pairs registered for market — skipping detection [3mmarket_id[0m[2m=[0m2285bae6-253b-4085-b0d1-0af34b5530b6
[2m2026-04-12T20:19:09.491090Z[0m [34mDEBUG[0m [2mmercury::engine::market_actor[0m[2m:[0m Tick received — running arb detection [3mmarket_id[0m[2m=[0m189bf673-b643-45a5-be39-c4a3275d71a0 [3mplatform[0m[2m=[0mPolymarket [3mbid[0m[2m=[0m0.4 [3mask[0m[2m=[0m0.41 [3mmid[0m[2m=[0m0.4050 [3mbid_size[0m[2m=[0m1681.74 [3mask_size[0m[2m=[0m5
[2m2026-04-12T20:19:09.491201Z[0m [34mDEBUG[0m [2mmercury::engine::market_actor[0m[2m:[0m Tick received — running arb detection [3mmarket_id[0m[2m=[0m2285bae6-253b-4085-b0d1-0af34b5530b6 [3mplatform[0m[2m=[0mPolymarket [3mbid[0m[2m=[0m0.39 [3mask[0m[2m=[0m0.43 [3mmid[0m[2m=[0m0.41 [3mbid_size[0m[2m=[0m18.14 [3mask_size[0m[2m=[0m23.64
[2m2026-04-12T20:19:09.491236Z[0m [34mDEBUG[0m [2mmercury::engine::detector[0m[2m:[0m No arb pairs registered for market — skipping detection [3mmarket_id[0m[2m=[0m189bf673-b643-45a5-be39-c4a3275d71a0
[2m2026-04-12T20:19:09.491381Z[0m [34mDEBUG[0m [2mmercury::engine::detector[0m[2m:[0m No arb pairs registered for market — skipping detection [3mmarket_id[0m[2m=[0m2285bae6-253b-4085-b0d1-0af34b5530b6
[2m2026-04-12T20:19:09.491391Z[0m [34mDEBUG[0m [2mmercury::engine::market_actor[0m[2m:[0m Tick received — running arb detection [3mmarket_id[0m[2m=[0m189bf673-b643-45a5-be39-c4a3275d71a0 [3mplatform[0m[2m=[0mPolymarket [3mbid[0m[2m=[0m0.4 [3mask[0m[2m=[0m0.41 [3mmid[0m[2m=[0m0.4050 [3mbid_size[0m[2m=[0m1681.74 [3mask_size[0m[2m=[0m5
[2m2026-04-12T20:19:09.491544Z[0m [34mDEBUG[0m [2mmercury::engine::detector[0m[2m:[0m No arb pairs registered for market — skipping detection [3mmarket_id[0m[2m=[0m189bf673-b643-45a5-be39-c4a3275d71a0
[2m2026-04-12T20:19:09.548367Z[0m [34mDEBUG[0m [2mmercury::engine::market_actor[0m[2m:[0m Tick received — running arb detection [3mmarket_id[0m[2m=[0m2285bae6-253b-4085-b0d1-0af34b5530b6 [3mplatform[0m[2m=[0mPolymarket [3mbid[0m[2m=[0m0.39 [3mask[0m[2m=[0m0.43 [3mmid[0m[2m=[0m0.41 [3mbid_size[0m[2m=[0m18.14 [3mask_size[0m[2m=[0m23.64
[2m2026-04-12T20:19:09.548606Z[0m [34mDEBUG[0m [2mmercury::engine::detector[0m[2m:[0m No arb pairs registered for market — skipping detection [3mmarket_id[0m[2m=[0m2285bae6-253b-4085-b0d1-0af34b5530b6
[2m2026-04-12T20:19:09.548732Z[0m [34mDEBUG[0m [2mmercury::engine::market_actor[0m[2m:[0m Tick received — running arb detection [3mmarket_id[0m[2m=[0m2285bae6-253b-4085-b0d1-0af34b5530b6 [3mplatform[0m[2m=[0mPolymarket [3mbid[0m[2m=[0m0.39 [3mask[0m[2m=[0m0.43 [3mmid[0m[2m=[0m0.41 [3mbid_size[0m[2m=[0m18.14 [3mask_size[0m[2m=[0m23.64
[2m2026-04-12T20:19:09.548884Z[0m [34mDEBUG[0m [2mmercury::engine::detector[0m[2m:[0m No arb pairs registered for market — skipping detection [3mmarket_id[0m[2m=[0m2285bae6-253b-4085-b0d1-0af34b5530b6
[2m2026-04-12T20:19:09.591267Z[0m [34mDEBUG[0m [2mmercury::engine::market_actor[0m[2m:[0m Tick received — running arb detection [3mmarket_id[0m[2m=[0m2285bae6-253b-4085-b0d1-0af34b5530b6 [3mplatform[0m[2m=[0mPolymarket [3mbid[0m[2m=[0m0.39 [3mask[0m[2m=[0m0.43 [3mmid[0m[2m=[0m0.41 [3mbid_size[0m[2m=[0m18.14 [3mask_size[0m[2m=[0m23.64
[2m2026-04-12T20:19:09.591402Z[0m [34mDEBUG[0m [2mmercury::feeds::discovery[0m[2m:[0m No Kalshi 15m market found for this round [3masset[0m[2m=[0m"xrp" [3mround_start_ts[0m[2m=[0m1776025800 [3mtarget_close[0m[2m=[0m1776026700
[2m2026-04-12T20:19:09.591446Z[0m [34mDEBUG[0m [2mmercury::engine::market_actor[0m[2m:[0m Tick received — running arb detection [3mmarket_id[0m[2m=[0m189bf673-b643-45a5-be39-c4a3275d71a0 [3mplatform[0m[2m=[0mPolymarket [3mbid[0m[2m=[0m0.4 [3mask[0m[2m=[0m0.41 [3mmid[0m[2m=[0m0.4050 [3mbid_size[0m[2m=[0m1681.74 [3mask_size[0m[2m=[0m5
[2m2026-04-12T20:19:09.591512Z[0m [34mDEBUG[0m [2mmercury::engine::detector[0m[2m:[0m No arb pairs registered for market — skipping detection [3mmarket_id[0m[2m=[0m2285bae6-253b-4085-b0d1-0af34b5530b6
[2m2026-04-12T20:19:09.591604Z[0m [32m INFO[0m [2mmercury::feeds::discovery[0m[2m:[0m 15m crypto round matched [3masset[0m[2m=[0mxrp [3mround_start[0m[2m=[0m1776025800 [3mpoly[0m[2m=[0mtrue [3mkalshi[0m[2m=[0mfalse
[2m2026-04-12T20:19:09.591628Z[0m [34mDEBUG[0m [2mmercury::engine::detector[0m[2m:[0m No arb pairs registered for market — skipping detection [3mmarket_id[0m[2m=[0m189bf673-b643-45a5-be39-c4a3275d71a0
[2m2026-04-12T20:19:09.591639Z[0m [34mDEBUG[0m [2mmercury::engine::market_actor[0m[2m:[0m Tick received — running arb detection [3mmarket_id[0m[2m=[0m2285bae6-253b-4085-b0d1-0af34b5530b6 [3mplatform[0m[2m=[0mPolymarket [3mbid[0m[2m=[0m0.39 [3mask[0m[2m=[0m0.43 [3mmid[0m[2m=[0m0.41 [3mbid_size[0m[2m=[0m18.14 [3mask_size[0m[2m=[0m23.64
[2m2026-04-12T20:19:09.591817Z[0m [34mDEBUG[0m [2mmercury::engine::detector[0m[2m:[0m No arb pairs registered for market — skipping detection [3mmarket_id[0m[2m=[0m2285bae6-253b-4085-b0d1-0af34b5530b6
[2m2026-04-12T20:19:09.595565Z[0m [34mDEBUG[0m [2mmercury::engine::market_actor[0m[2m:[0m Tick received — running arb detection [3mmarket_id[0m[2m=[0m2285bae6-253b-4085-b0d1-0af34b5530b6 [3mplatform[0m[2m=[0mPolymarket [3mbid[0m[2m=[0m0.39 [3mask[0m[2m=[0m0.43 [3mmid[0m[2m=[0m0.41 [3mbid_size[0m[2m=[0m18.14 [3mask_size[0m[2m=[0m23.64
[2m2026-04-12T20:19:09.595714Z[0m [34mDEBUG[0m [2mmercury::engine::detector[0m[2m:[0m No arb pairs registered for market — skipping detection [3mmarket_id[0m[2m=[0m2285bae6-253b-4085-b0d1-0af34b5530b6
[2m2026-04-12T20:19:09.595810Z[0m [34mDEBUG[0m [2mmercury::engine::market_actor[0m[2m:[0m Tick received — running arb detection [3mmarket_id[0m[2m=[0m2285bae6-253b-4085-b0d1-0af34b5530b6 [3mplatform[0m[2m=[0mPolymarket [3mbid[0m[2m=[0m0.39 [3mask[0m[2m=[0m0.43 [3mmid[0m[2m=[0m0.41 [3mbid_size[0m[2m=[0m18.14 [3mask_size[0m[2m=[0m23.64
[2m2026-04-12T20:19:09.595927Z[0m [34mDEBUG[0m [2mmercury::engine::detector[0m[2m:[0m No arb pairs registered for market — skipping detection [3mmarket_id[0m[2m=[0m2285bae6-253b-4085-b0d1-0af34b5530b6
[2m2026-04-12T20:19:09.654884Z[0m [34mDEBUG[0m [2mmercury::engine::market_actor[0m[2m:[0m Tick received — running arb detection [3mmarket_id[0m[2m=[0m189bf673-b643-45a5-be39-c4a3275d71a0 [3mplatform[0m[2m=[0mPolymarket [3mbid[0m[2m=[0m0.4 [3mask[0m[2m=[0m0.41 [3mmid[0m[2m=[0m0.4050 [3mbid_size[0m[2m=[0m1681.74 [3mask_size[0m[2m=[0m5
[2m2026-04-12T20:19:09.655213Z[0m [34mDEBUG[0m [2mmercury::engine::detector[0m[2m:[0m No arb pairs registered for market — skipping detection [3mmarket_id[0m[2m=[0m189bf673-b643-45a5-be39-c4a3275d71a0
[2m2026-04-12T20:19:09.693834Z[0m [34mDEBUG[0m [2mmercury::engine::market_actor[0m[2m:[0m Tick received — running arb detection [3mmarket_id[0m[2m=[0m189bf673-b643-45a5-be39-c4a3275d71a0 [3mplatform[0m[2m=[0mPolymarket [3mbid[0m[2m=[0m0.4 [3mask[0m[2m=[0m0.41 [3mmid[0m[2m=[0m0.4050 [3mbid_size[0m[2m=[0m1681.74 [3mask_size[0m[2m=[0m5
[2m2026-04-12T20:19:09.694117Z[0m [34mDEBUG[0m [2mmercury::engine::detector[0m[2m:[0m No arb pairs registered for market — skipping detection [3mmarket_id[0m[2m=[0m189bf673-b643-45a5-be39-c4a3275d71a0
[2m2026-04-12T20:19:09.700425Z[0m [34mDEBUG[0m [2mmercury::engine::market_actor[0m[2m:[0m Tick received — running arb detection [3mmarket_id[0m[2m=[0m189bf673-b643-45a5-be39-c4a3275d71a0 [3mplatform[0m[2m=[0mPolymarket [3mbid[0m[2m=[0m0.4 [3mask[0m[2m=[0m0.41 [3mmid[0m[2m=[0m0.4050 [3mbid_size[0m[2m=[0m1651.74 [3mask_size[0m[2m=[0m5
[2m2026-04-12T20:19:09.700623Z[0m [34mDEBUG[0m [2mmercury::engine::detector[0m[2m:[0m No arb pairs registered for market — skipping detection [3mmarket_id[0m[2m=[0m189bf673-b643-45a5-be39-c4a3275d71a0
[2m2026-04-12T20:19:09.700723Z[0m [34mDEBUG[0m [2mmercury::engine::market_actor[0m[2m:[0m Tick received — running arb detection [3mmarket_id[0m[2m=[0m189bf673-b643-45a5-be39-c4a3275d71a0 [3mplatform[0m[2m=[0mPolymarket [3mbid[0m[2m=[0m0.4 [3mask[0m[2m=[0m0.41 [3mmid[0m[2m=[0m0.4050 [3mbid_size[0m[2m=[0m1651.74 [3mask_size[0m[2m=[0m5
[2m2026-04-12T20:19:09.700850Z[0m [34mDEBUG[0m [2mmercury::engine::detector[0m[2m:[0m No arb pairs registered for market — skipping detection [3mmarket_id[0m[2m=[0m189bf673-b643-45a5-be39-c4a3275d71a0
[2m2026-04-12T20:19:09.700941Z[0m [34mDEBUG[0m [2mmercury::engine::market_actor[0m[2m:[0m Tick received — running arb detection [3mmarket_id[0m[2m=[0m189bf673-b643-45a5-be39-c4a3275d71a0 [3mplatform[0m[2m=[0mPolymarket [3mbid[0m[2m=[0m0.4 [3mask[0m[2m=[0m0.41 [3mmid[0m[2m=[0m0.4050 [3mbid_size[0m[2m=[0m1651.74 [3mask_size[0m[2m=[0m5
[2m2026-04-12T20:19:09.701059Z[0m [34mDEBUG[0m [2mmercury::engine::detector[0m[2m:[0m No arb pairs registered for market — skipping detection [3mmarket_id[0m[2m=[0m189bf673-b643-45a5-be39-c4a3275d71a0
[2m2026-04-12T20:19:09.797080Z[0m [34mDEBUG[0m [2mmercury::engine::market_actor[0m[2m:[0m Tick received — running arb detection [3mmarket_id[0m[2m=[0m189bf673-b643-45a5-be39-c4a3275d71a0 [3mplatform[0m[2m=[0mPolymarket [3mbid[0m[2m=[0m0.4 [3mask[0m[2m=[0m0.41 [3mmid[0m[2m=[0m0.4050 [3mbid_size[0m[2m=[0m1651.74 [3mask_size[0m[2m=[0m5
[2m2026-04-12T20:19:09.797464Z[0m [34mDEBUG[0m [2mmercury::engine::detector[0m[2m:[0m No arb pairs registered for market — skipping detection [3mmarket_id[0m[2m=[0m189bf673-b643-45a5-be39-c4a3275d71a0
[2m2026-04-12T20:19:09.797680Z[0m [34mDEBUG[0m [2mmercury::engine::market_actor[0m[2m:[0m Tick received — running arb detection [3mmarket_id[0m[2m=[0m189bf673-b643-45a5-be39-c4a3275d71a0 [3mplatform[0m[2m=[0mPolymarket [3mbid[0m[2m=[0m0.4 [3mask[0m[2m=[0m0.41 [3mmid[0m[2m=[0m0.4050 [3mbid_size[0m[2m=[0m1651.74 [3mask_size[0m[2m=[0m5
[2m2026-04-12T20:19:09.797901Z[0m [34mDEBUG[0m [2mmercury::engine::detector[0m[2m:[0m No arb pairs registered for market — skipping detection [3mmarket_id[0m[2m=[0m189bf673-b643-45a5-be39-c4a3275d71a0
[2m2026-04-12T20:19:09.798394Z[0m [34mDEBUG[0m [2mmercury::engine::market_actor[0m[2m:[0m Tick received — running arb detection [3mmarket_id[0m[2m=[0m39a28b31-a7f7-4e16-b2f1-1e1948be289c [3mplatform[0m[2m=[0mPolymarket [3mbid[0m[2m=[0m0.39 [3mask[0m[2m=[0m0.4 [3mmid[0m[2m=[0m0.3950 [3mbid_size[0m[2m=[0m5.76 [3mask_size[0m[2m=[0m5
[2m2026-04-12T20:19:09.798586Z[0m [34mDEBUG[0m [2mmercury::engine::detector[0m[2m:[0m No arb pairs registered for market — skipping detection [3mmarket_id[0m[2m=[0m39a28b31-a7f7-4e16-b2f1-1e1948be289c
[2m2026-04-12T20:19:09.853475Z[0m [34mDEBUG[0m [2mmercury::engine::market_actor[0m[2m:[0m Tick received — running arb detection [3mmarket_id[0m[2m=[0m189bf673-b643-45a5-be39-c4a3275d71a0 [3mplatform[0m[2m=[0mPolymarket [3mbid[0m[2m=[0m0.4 [3mask[0m[2m=[0m0.41 [3mmid[0m[2m=[0m0.4050 [3mbid_size[0m[2m=[0m1651.74 [3mask_size[0m[2m=[0m5
[2m2026-04-12T20:19:09.853673Z[0m [34mDEBUG[0m [2mmercury::engine::detector[0m[2m:[0m No arb pairs registered for market — skipping detection [3mmarket_id[0m[2m=[0m189bf673-b643-45a5-be39-c4a3275d71a0
[2m2026-04-12T20:19:09.900040Z[0m [34mDEBUG[0m [2mmercury::engine::market_actor[0m[2m:[0m Tick received — running arb detection [3mmarket_id[0m[2m=[0m79e1f598-7189-438f-a66e-b184b04be477 [3mplatform[0m[2m=[0mPolymarket [3mbid[0m[2m=[0m0.49 [3mask[0m[2m=[0m0.5 [3mmid[0m[2m=[0m0.4950 [3mbid_size[0m[2m=[0m17 [3mask_size[0m[2m=[0m80.39
[2m2026-04-12T20:19:09.900283Z[0m [34mDEBUG[0m [2mmercury::engine::detector[0m[2m:[0m No arb pairs registered for market — skipping detection [3mmarket_id[0m[2m=[0m79e1f598-7189-438f-a66e-b184b04be477
[2m2026-04-12T20:19:09.900418Z[0m [34mDEBUG[0m [2mmercury::engine::market_actor[0m[2m:[0m Tick received — running arb detection [3mmarket_id[0m[2m=[0m79e1f598-7189-438f-a66e-b184b04be477 [3mplatform[0m[2m=[0mPolymarket [3mbid[0m[2m=[0m0.49 [3mask[0m[2m=[0m0.5 [3mmid[0m[2m=[0m0.4950 [3mbid_size[0m[2m=[0m17 [3mask_size[0m[2m=[0m80.39
[2m2026-04-12T20:19:09.900650Z[0m [34mDEBUG[0m [2mmercury::engine::detector[0m[2m:[0m No arb pairs registered for market — skipping detection [3mmarket_id[0m[2m=[0m79e1f598-7189-438f-a66e-b184b04be477
[2m2026-04-12T20:19:09.900806Z[0m [34mDEBUG[0m [2mmercury::engine::market_actor[0m[2m:[0m Tick received — running arb detection [3mmarket_id[0m[2m=[0m79e1f598-7189-438f-a66e-b184b04be477 [3mplatform[0m[2m=[0mPolymarket [3mbid[0m[2m=[0m0.49 [3mask[0m[2m=[0m0.5 [3mmid[0m[2m=[0m0.4950 [3mbid_size[0m[2m=[0m17 [3mask_size[0m[2m=[0m80.39
[2m2026-04-12T20:19:09.900958Z[0m [34mDEBUG[0m [2mmercury::engine::detector[0m[2m:[0m No arb pairs registered for market — skipping detection [3mmarket_id[0m[2m=[0m79e1f598-7189-438f-a66e-b184b04be477
[2m2026-04-12T20:19:09.901081Z[0m [34mDEBUG[0m [2mmercury::engine::market_actor[0m[2m:[0m Tick received — running arb detection [3mmarket_id[0m[2m=[0m79e1f598-7189-438f-a66e-b184b04be477 [3mplatform[0m[2m=[0mPolymarket [3mbid[0m[2m=[0m0.49 [3mask[0m[2m=[0m0.5 [3mmid[0m[2m=[0m0.4950 [3mbid_size[0m[2m=[0m17 [3mask_size[0m[2m=[0m80.39
[2m2026-04-12T20:19:09.901239Z[0m [34mDEBUG[0m [2mmercury::engine::detector[0m[2m:[0m No arb pairs registered for market — skipping detection [3mmarket_id[0m[2m=[0m79e1f598-7189-438f-a66e-b184b04be477
[2m2026-04-12T20:19:09.961811Z[0m [34mDEBUG[0m [2mmercury::engine::market_actor[0m[2m:[0m Tick received — running arb detection [3mmarket_id[0m[2m=[0m39a28b31-a7f7-4e16-b2f1-1e1948be289c [3mplatform[0m[2m=[0mPolymarket [3mbid[0m[2m=[0m0.39 [3mask[0m[2m=[0m0.4 [3mmid[0m[2m=[0m0.3950 [3mbid_size[0m[2m=[0m5.76 [3mask_size[0m[2m=[0m5
[2m2026-04-12T20:19:09.961826Z[0m [34mDEBUG[0m [2mmercury::engine::market_actor[0m[2m:[0m Tick received — running arb detection [3mmarket_id[0m[2m=[0m79e1f598-7189-438f-a66e-b184b04be477 [3mplatform[0m[2m=[0mPolymarket [3mbid[0m[2m=[0m0.49 [3mask[0m[2m=[0m0.5 [3mmid[0m[2m=[0m0.4950 [3mbid_size[0m[2m=[0m17 [3mask_size[0m[2m=[0m80.39
[2m2026-04-12T20:19:09.962060Z[0m [34mDEBUG[0m [2mmercury::engine::detector[0m[2m:[0m No arb pairs registered for market — skipping detection [3mmarket_id[0m[2m=[0m39a28b31-a7f7-4e16-b2f1-1e1948be289c
[2m2026-04-12T20:19:09.962191Z[0m [34mDEBUG[0m [2mmercury::engine::detector[0m[2m:[0m No arb pairs registered for market — skipping detection [3mmarket_id[0m[2m=[0m79e1f598-7189-438f-a66e-b184b04be477
[2m2026-04-12T20:19:09.962356Z[0m [34mDEBUG[0m [2mmercury::engine::market_actor[0m[2m:[0m Tick received — running arb detection [3mmarket_id[0m[2m=[0m79e1f598-7189-438f-a66e-b184b04be477 [3mplatform[0m[2m=[0mPolymarket [3mbid[0m[2m=[0m0.49 [3mask[0m[2m=[0m0.5 [3mmid[0m[2m=[0m0.4950 [3mbid_size[0m[2m=[0m17 [3mask_size[0m[2m=[0m80.39
[2m2026-04-12T20:19:09.962516Z[0m [34mDEBUG[0m [2mmercury::engine::detector[0m[2m:[0m No arb pairs registered for market — skipping detection [3mmarket_id[0m[2m=[0m79e1f598-7189-438f-a66e-b184b04be477
[2m2026-04-12T20:19:09.962700Z[0m [34mDEBUG[0m [2mmercury::engine::market_actor[0m[2m:[0m Tick received — running arb detection [3mmarket_id[0m[2m=[0m79e1f598-7189-438f-a66e-b184b04be477 [3mplatform[0m[2m=[0mPolymarket [3mbid[0m[2m=[0m0.49 [3mask[0m[2m=[0m0.5 [3mmid[0m[2m=[0m0.4950 [3mbid_size[0m[2m=[0m17 [3mask_size[0m[2m=[0m80.39
[2m2026-04-12T20:19:09.962877Z[0m [34mDEBUG[0m [2mmercury::engine::detector[0m[2m:[0m No arb pairs registered for market — skipping detection [3mmarket_id[0m[2m=[0m79e1f598-7189-438f-a66e-b184b04be477
[2m2026-04-12T20:19:09.962999Z[0m [34mDEBUG[0m [2mmercury::engine::market_actor[0m[2m:[0m Tick received — running arb detection [3mmarket_id[0m[2m=[0m79e1f598-7189-438f-a66e-b184b04be477 [3mplatform[0m[2m=[0mPolymarket [3mbid[0m[2m=[0m0.49 [3mask[0m[2m=[0m0.5 [3mmid[0m[2m=[0m0.4950 [3mbid_size[0m[2m=[0m17 [3mask_size[0m[2m=[0m80.39
[2m2026-04-12T20:19:09.963151Z[0m [34mDEBUG[0m [2mmercury::engine::detector[0m[2m:[0m No arb pairs registered for market — skipping detection [3mmarket_id[0m[2m=[0m79e1f598-7189-438f-a66e-b184b04be477
[2m2026-04-12T20:19:09.963267Z[0m [34mDEBUG[0m [2mmercury::engine::market_actor[0m[2m:[0m Tick received — running arb detection [3mmarket_id[0m[2m=[0m79e1f598-7189-438f-a66e-b184b04be477 [3mplatform[0m[2m=[0mPolymarket [3mbid[0m[2m=[0m0.49 [3mask[0m[2m=[0m0.5 [3mmid[0m[2m=[0m0.4950 [3mbid_size[0m[2m=[0m17 [3mask_size[0m[2m=[0m80.39
[2m2026-04-12T20:19:09.963420Z[0m [34mDEBUG[0m [2mmercury::engine::detector[0m[2m:[0m No arb pairs registered for market — skipping detection [3mmarket_id[0m[2m=[0m79e1f598-7189-438f-a66e-b184b04be477
[2m2026-04-12T20:19:09.963537Z[0m [34mDEBUG[0m [2mmercury::engine::market_actor[0m[2m:[0m Tick received — running arb detection [3mmarket_id[0m[2m=[0m79e1f598-7189-438f-a66e-b184b04be477 [3mplatform[0m[2m=[0mPolymarket [3mbid[0m[2m=[0m0.49 [3mask[0m[2m=[0m0.5 [3mmid[0m[2m=[0m0.4950 [3mbid_size[0m[2m=[0m17 [3mask_size[0m[2m=[0m80.39
[2m2026-04-12T20:19:09.963694Z[0m [34mDEBUG[0m [2mmercury::engine::detector[0m[2m:[0m No arb pairs registered for market — skipping detection [3mmarket_id[0m[2m=[0m79e1f598-7189-438f-a66e-b184b04be477
[2m2026-04-12T20:19:09.963817Z[0m [34mDEBUG[0m [2mmercury::engine::market_actor[0m[2m:[0m Tick received — running arb detection [3mmarket_id[0m[2m=[0m79e1f598-7189-438f-a66e-b184b04be477 [3mplatform[0m[2m=[0mPolymarket [3mbid[0m[2m=[0m0.49 [3mask[0m[2m=[0m0.5 [3mmid[0m[2m=[0m0.4950 [3mbid_size[0m[2m=[0m17 [3mask_size[0m[2m=[0m80.39
[2m2026-04-12T20:19:09.963963Z[0m [34mDEBUG[0m [2mmercury::engine::detector[0m[2m:[0m No arb pairs registered for market — skipping detection [3mmarket_id[0m[2m=[0m79e1f598-7189-438f-a66e-b184b04be477
[2m2026-04-12T20:19:10.001665Z[0m [34mDEBUG[0m [2mmercury::engine::market_actor[0m[2m:[0m Tick received — running arb detection [3mmarket_id[0m[2m=[0m2285bae6-253b-4085-b0d1-0af34b5530b6 [3mplatform[0m[2m=[0mPolymarket [3mbid[0m[2m=[0m0.39 [3mask[0m[2m=[0m0.43 [3mmid[0m[2m=[0m0.41 [3mbid_size[0m[2m=[0m18.14 [3mask_size[0m[2m=[0m23.64
[2m2026-04-12T20:19:10.001688Z[0m [34mDEBUG[0m [2mmercury::engine::market_actor[0m[2m:[0m Tick received — running arb detection [3mmarket_id[0m[2m=[0m79e1f598-7189-438f-a66e-b184b04be477 [3mplatform[0m[2m=[0mPolymarket [3mbid[0m[2m=[0m0.49 [3mask[0m[2m=[0m0.5 [3mmid[0m[2m=[0m0.4950 [3mbid_size[0m[2m=[0m17 [3mask_size[0m[2m=[0m80.39
[2m2026-04-12T20:19:10.001918Z[0m [34mDEBUG[0m [2mmercury::engine::detector[0m[2m:[0m No arb pairs registered for market — skipping detection [3mmarket_id[0m[2m=[0m2285bae6-253b-4085-b0d1-0af34b5530b6
[2m2026-04-12T20:19:10.001893Z[0m [34mDEBUG[0m [2mmercury::engine::market_actor[0m[2m:[0m Tick received — running arb detection [3mmarket_id[0m[2m=[0m39a28b31-a7f7-4e16-b2f1-1e1948be289c [3mplatform[0m[2m=[0mPolymarket [3mbid[0m[2m=[0m0.39 [3mask[0m[2m=[0m0.4 [3mmid[0m[2m=[0m0.3950 [3mbid_size[0m[2m=[0m5.76 [3mask_size[0m[2m=[0m5
[2m2026-04-12T20:19:10.002074Z[0m [34mDEBUG[0m [2mmercury::engine::detector[0m[2m:[0m No arb pairs registered for market — skipping detection [3mmarket_id[0m[2m=[0m79e1f598-7189-438f-a66e-b184b04be477
[2m2026-04-12T20:19:10.002083Z[0m [34mDEBUG[0m [2mmercury::engine::market_actor[0m[2m:[0m Tick received — running arb detection [3mmarket_id[0m[2m=[0mbc548cd4-ced9-48e8-b131-410c92fb3a0e [3mplatform[0m[2m=[0mPolymarket [3mbid[0m[2m=[0m0.35 [3mask[0m[2m=[0m0.38 [3mmid[0m[2m=[0m0.3650 [3mbid_size[0m[2m=[0m100 [3mask_size[0m[2m=[0m6.72
[2m2026-04-12T20:19:10.002255Z[0m [34mDEBUG[0m [2mmercury::engine::detector[0m[2m:[0m No arb pairs registered for market — skipping detection [3mmarket_id[0m[2m=[0mbc548cd4-ced9-48e8-b131-410c92fb3a0e
[2m2026-04-12T20:19:10.002255Z[0m [34mDEBUG[0m [2mmercury::engine::detector[0m[2m:[0m No arb pairs registered for market — skipping detection [3mmarket_id[0m[2m=[0m39a28b31-a7f7-4e16-b2f1-1e1948be289c
[2m2026-04-12T20:19:10.002396Z[0m [34mDEBUG[0m [2mmercury::engine::market_actor[0m[2m:[0m Tick received — running arb detection [3mmarket_id[0m[2m=[0mbc548cd4-ced9-48e8-b131-410c92fb3a0e [3mplatform[0m[2m=[0mPolymarket [3mbid[0m[2m=[0m0.35 [3mask[0m[2m=[0m0.38 [3mmid[0m[2m=[0m0.3650 [3mbid_size[0m[2m=[0m100 [3mask_size[0m[2m=[0m6.72
[2m2026-04-12T20:19:10.002411Z[0m [34mDEBUG[0m [2mmercury::engine::market_actor[0m[2m:[0m Tick received — running arb detection [3mmarket_id[0m[2m=[0m189bf673-b643-45a5-be39-c4a3275d71a0 [3mplatform[0m[2m=[0mPolymarket [3mbid[0m[2m=[0m0.4 [3mask[0m[2m=[0m0.41 [3mmid[0m[2m=[0m0.4050 [3mbid_size[0m[2m=[0m1651.74 [3mask_size[0m[2m=[0m5
[2m2026-04-12T20:19:10.002480Z[0m [34mDEBUG[0m [2mmercury::engine::market_actor[0m[2m:[0m Tick received — running arb detection [3mmarket_id[0m[2m=[0m39a28b31-a7f7-4e16-b2f1-1e1948be289c [3mplatform[0m[2m=[0mPolymarket [3mbid[0m[2m=[0m0.39 [3mask[0m[2m=[0m0.4 [3mmid[0m[2m=[0m0.3950 [3mbid_size[0m[2m=[0m5.76 [3mask_size[0m[2m=[0m5
[2m2026-04-12T20:19:10.002553Z[0m [34mDEBUG[0m [2mmercury::engine::detector[0m[2m:[0m No arb pairs registered for market — skipping detection [3mmarket_id[0m[2m=[0mbc548cd4-ced9-48e8-b131-410c92fb3a0e
[2m2026-04-12T20:19:10.002697Z[0m [34mDEBUG[0m [2mmercury::engine::detector[0m[2m:[0m No arb pairs registered for market — skipping detection [3mmarket_id[0m[2m=[0m189bf673-b643-45a5-be39-c4a3275d71a0
[2m2026-04-12T20:19:10.002703Z[0m [34mDEBUG[0m [2mmercury::engine::market_actor[0m[2m:[0m Tick received — running arb detection [3mmarket_id[0m[2m=[0m79e1f598-7189-438f-a66e-b184b04be477 [3mplatform[0m[2m=[0mPolymarket [3mbid[0m[2m=[0m0.49 [3mask[0m[2m=[0m0.5 [3mmid[0m[2m=[0m0.4950 [3mbid_size[0m[2m=[0m17 [3mask_size[0m[2m=[0m80.39
[2m2026-04-12T20:19:10.002880Z[0m [34mDEBUG[0m [2mmercury::engine::detector[0m[2m:[0m No arb pairs registered for market — skipping detection [3mmarket_id[0m[2m=[0m79e1f598-7189-438f-a66e-b184b04be477
[2m2026-04-12T20:19:10.002867Z[0m [34mDEBUG[0m [2mmercury::engine::market_actor[0m[2m:[0m Tick received — running arb detection [3mmarket_id[0m[2m=[0m189bf673-b643-45a5-be39-c4a3275d71a0 [3mplatform[0m[2m=[0mPolymarket [3mbid[0m[2m=[0m0.4 [3mask[0m[2m=[0m0.41 [3mmid[0m[2m=[0m0.4050 [3mbid_size[0m[2m=[0m1651.74 [3mask_size[0m[2m=[0m5
[2m2026-04-12T20:19:10.003036Z[0m [34mDEBUG[0m [2mmercury::engine::detector[0m[2m:[0m No arb pairs registered for market — skipping detection [3mmarket_id[0m[2m=[0m39a28b31-a7f7-4e16-b2f1-1e1948be289c
[2m2026-04-12T20:19:10.003198Z[0m [34mDEBUG[0m [2mmercury::engine::detector[0m[2m:[0m No arb pairs registered for market — skipping detection [3mmarket_id[0m[2m=[0m189bf673-b643-45a5-be39-c4a3275d71a0
[2m2026-04-12T20:19:10.004557Z[0m [34mDEBUG[0m [2mmercury::engine::market_actor[0m[2m:[0m Tick received — running arb detection [3mmarket_id[0m[2m=[0m79e1f598-7189-438f-a66e-b184b04be477 [3mplatform[0m[2m=[0mPolymarket [3mbid[0m[2m=[0m0.49 [3mask[0m[2m=[0m0.5 [3mmid[0m[2m=[0m0.4950 [3mbid_size[0m[2m=[0m17 [3mask_size[0m[2m=[0m80.39
[2m2026-04-12T20:19:10.004639Z[0m [34mDEBUG[0m [2mmercury::engine::market_actor[0m[2m:[0m Tick received — running arb detection [3mmarket_id[0m[2m=[0m189bf673-b643-45a5-be39-c4a3275d71a0 [3mplatform[0m[2m=[0mPolymarket [3mbid[0m[2m=[0m0.4 [3mask[0m[2m=[0m0.41 [3mmid[0m[2m=[0m0.4050 [3mbid_size[0m[2m=[0m1651.74 [3mask_size[0m[2m=[0m5
[2m2026-04-12T20:19:10.004702Z[0m [34mDEBUG[0m [2mmercury::engine::detector[0m[2m:[0m No arb pairs registered for market — skipping detection [3mmarket_id[0m[2m=[0m79e1f598-7189-438f-a66e-b184b04be477
[2m2026-04-12T20:19:10.004804Z[0m [34mDEBUG[0m [2mmercury::engine::detector[0m[2m:[0m No arb pairs registered for market — skipping detection [3mmarket_id[0m[2m=[0m189bf673-b643-45a5-be39-c4a3275d71a0
[2m2026-04-12T20:19:10.004923Z[0m [34mDEBUG[0m [2mmercury::engine::market_actor[0m[2m:[0m Tick received — running arb detection [3mmarket_id[0m[2m=[0m189bf673-b643-45a5-be39-c4a3275d71a0 [3mplatform[0m[2m=[0mPolymarket [3mbid[0m[2m=[0m0.4 [3mask[0m[2m=[0m0.41 [3mmid[0m[2m=[0m0.4050 [3mbid_size[0m[2m=[0m1651.74 [3mask_size[0m[2m=[0m5
[2m2026-04-12T20:19:10.005047Z[0m [34mDEBUG[0m [2mmercury::engine::detector[0m[2m:[0m No arb pairs registered for market — skipping detection [3mmarket_id[0m[2m=[0m189bf673-b643-45a5-be39-c4a3275d71a0
[2m2026-04-12T20:19:10.005072Z[0m [34mDEBUG[0m [2mmercury::engine::market_actor[0m[2m:[0m Tick received — running arb detection [3mmarket_id[0m[2m=[0m39a28b31-a7f7-4e16-b2f1-1e1948be289c [3mplatform[0m[2m=[0mPolymarket [3mbid[0m[2m=[0m0.39 [3mask[0m[2m=[0m0.4 [3mmid[0m[2m=[0m0.3950 [3mbid_size[0m[2m=[0m5.76 [3mask_size[0m[2m=[0m5
[2m2026-04-12T20:19:10.005144Z[0m [34mDEBUG[0m [2mmercury::engine::market_actor[0m[2m:[0m Tick received — running arb detection [3mmarket_id[0m[2m=[0m189bf673-b643-45a5-be39-c4a3275d71a0 [3mplatform[0m[2m=[0mPolymarket [3mbid[0m[2m=[0m0.4 [3mask[0m[2m=[0m0.41 [3mmid[0m[2m=[0m0.4050 [3mbid_size[0m[2m=[0m1651.74 [3mask_size[0m[2m=[0m5
[2m2026-04-12T20:19:10.005149Z[0m [34mDEBUG[0m [2mmercury::feeds::polymarket[0m[2m:[0m Unknown Polymarket event type [3mevent_type[0m[2m=[0mbest_bid_ask
[2m2026-04-12T20:19:10.005213Z[0m [34mDEBUG[0m [2mmercury::engine::detector[0m[2m:[0m No arb pairs registered for market — skipping detection [3mmarket_id[0m[2m=[0m39a28b31-a7f7-4e16-b2f1-1e1948be289c
[2m2026-04-12T20:19:10.005323Z[0m [34mDEBUG[0m [2mmercury::engine::detector[0m[2m:[0m No arb pairs registered for market — skipping detection [3mmarket_id[0m[2m=[0m189bf673-b643-45a5-be39-c4a3275d71a0
[2m2026-04-12T20:19:10.005448Z[0m [34mDEBUG[0m [2mmercury::engine::market_actor[0m[2m:[0m Tick received — running arb detection [3mmarket_id[0m[2m=[0m189bf673-b643-45a5-be39-c4a3275d71a0 [3mplatform[0m[2m=[0mPolymarket [3mbid[0m[2m=[0m0.4 [3mask[0m[2m=[0m0.41 [3mmid[0m[2m=[0m0.4050 [3mbid_size[0m[2m=[0m1651.74 [3mask_size[0m[2m=[0m5
[2m2026-04-12T20:19:10.005499Z[0m [34mDEBUG[0m [2mmercury::engine::market_actor[0m[2m:[0m Tick received — running arb detection [3mmarket_id[0m[2m=[0mbc548cd4-ced9-48e8-b131-410c92fb3a0e [3mplatform[0m[2m=[0mPolymarket [3mbid[0m[2m=[0m0.35 [3mask[0m[2m=[0m0.39 [3mmid[0m[2m=[0m0.37 [3mbid_size[0m[2m=[0m100 [3mask_size[0m[2m=[0m6.72
[2m2026-04-12T20:19:10.005554Z[0m [34mDEBUG[0m [2mmercury::engine::market_actor[0m[2m:[0m Tick received — running arb detection [3mmarket_id[0m[2m=[0m2285bae6-253b-4085-b0d1-0af34b5530b6 [3mplatform[0m[2m=[0mPolymarket [3mbid[0m[2m=[0m0.39 [3mask[0m[2m=[0m0.43 [3mmid[0m[2m=[0m0.41 [3mbid_size[0m[2m=[0m18.14 [3mask_size[0m[2m=[0m23.64
[2m2026-04-12T20:19:10.005604Z[0m [34mDEBUG[0m [2mmercury::engine::detector[0m[2m:[0m No arb pairs registered for market — skipping detection [3mmarket_id[0m[2m=[0m189bf673-b643-45a5-be39-c4a3275d71a0
[2m2026-04-12T20:19:10.005725Z[0m [34mDEBUG[0m [2mmercury::engine::market_actor[0m[2m:[0m Tick received — running arb detection [3mmarket_id[0m[2m=[0m189bf673-b643-45a5-be39-c4a3275d71a0 [3mplatform[0m[2m=[0mPolymarket [3mbid[0m[2m=[0m0.4 [3mask[0m[2m=[0m0.41 [3mmid[0m[2m=[0m0.4050 [3mbid_size[0m[2m=[0m1651.74 [3mask_size[0m[2m=[0m5
[2m2026-04-12T20:19:10.005748Z[0m [34mDEBUG[0m [2mmercury::engine::detector[0m[2m:[0m No arb pairs registered for market — skipping detection [3mmarket_id[0m[2m=[0mbc548cd4-ced9-48e8-b131-410c92fb3a0e
[2m2026-04-12T20:19:10.005881Z[0m [34mDEBUG[0m [2mmercury::engine::detector[0m[2m:[0m No arb pairs registered for market — skipping detection [3mmarket_id[0m[2m=[0m2285bae6-253b-4085-b0d1-0af34b5530b6
[2m2026-04-12T20:19:10.006006Z[0m [34mDEBUG[0m [2mmercury::engine::market_actor[0m[2m:[0m Tick received — running arb detection [3mmarket_id[0m[2m=[0m2285bae6-253b-4085-b0d1-0af34b5530b6 [3mplatform[0m[2m=[0mPolymarket [3mbid[0m[2m=[0m0.39 [3mask[0m[2m=[0m0.43 [3mmid[0m[2m=[0m0.41 [3mbid_size[0m[2m=[0m18.14 [3mask_size[0m[2m=[0m18.24
[2m2026-04-12T20:19:10.006031Z[0m [34mDEBUG[0m [2mmercury::engine::detector[0m[2m:[0m No arb pairs registered for market — skipping detection [3mmarket_id[0m[2m=[0m189bf673-b643-45a5-be39-c4a3275d71a0
[2m2026-04-12T20:19:10.006187Z[0m [34mDEBUG[0m [2mmercury::engine::detector[0m[2m:[0m No arb pairs registered for market — skipping detection [3mmarket_id[0m[2m=[0m2285bae6-253b-4085-b0d1-0af34b5530b6
[2m2026-04-12T20:19:10.006178Z[0m [34mDEBUG[0m [2mmercury::engine::market_actor[0m[2m:[0m Tick received — running arb detection [3mmarket_id[0m[2m=[0m189bf673-b643-45a5-be39-c4a3275d71a0 [3mplatform[0m[2m=[0mPolymarket [3mbid[0m[2m=[0m0.4 [3mask[0m[2m=[0m0.41 [3mmid[0m[2m=[0m0.4050 [3mbid_size[0m[2m=[0m1681.74 [3mask_size[0m[2m=[0m5
[2m2026-04-12T20:19:10.006322Z[0m [34mDEBUG[0m [2mmercury::engine::detector[0m[2m:[0m No arb pairs registered for market — skipping detection [3mmarket_id[0m[2m=[0m189bf673-b643-45a5-be39-c4a3275d71a0
[2m2026-04-12T20:19:10.012198Z[0m [34mDEBUG[0m [2mmercury::engine::market_actor[0m[2m:[0m Tick received — running arb detection [3mmarket_id[0m[2m=[0m39a28b31-a7f7-4e16-b2f1-1e1948be289c [3mplatform[0m[2m=[0mPolymarket [3mbid[0m[2m=[0m0.39 [3mask[0m[2m=[0m0.4 [3mmid[0m[2m=[0m0.3950 [3mbid_size[0m[2m=[0m5.76 [3mask_size[0m[2m=[0m5
[2m2026-04-12T20:19:10.012240Z[0m [34mDEBUG[0m [2mmercury::engine::market_actor[0m[2m:[0m Tick received — running arb detection [3mmarket_id[0m[2m=[0m2285bae6-253b-4085-b0d1-0af34b5530b6 [3mplatform[0m[2m=[0mPolymarket [3mbid[0m[2m=[0m0.39 [3mask[0m[2m=[0m0.43 [3mmid[0m[2m=[0m0.41 [3mbid_size[0m[2m=[0m18.14 [3mask_size[0m[2m=[0m13.2
[2m2026-04-12T20:19:10.012361Z[0m [34mDEBUG[0m [2mmercury::engine::detector[0m[2m:[0m No arb pairs registered for market — skipping detection [3mmarket_id[0m[2m=[0m39a28b31-a7f7-4e16-b2f1-1e1948be289c
[2m2026-04-12T20:19:10.012425Z[0m [34mDEBUG[0m [2mmercury::engine::market_actor[0m[2m:[0m Tick received — running arb detection [3mmarket_id[0m[2m=[0m189bf673-b643-45a5-be39-c4a3275d71a0 [3mplatform[0m[2m=[0mPolymarket [3mbid[0m[2m=[0m0.4 [3mask[0m[2m=[0m0.41 [3mmid[0m[2m=[0m0.4050 [3mbid_size[0m[2m=[0m1681.74 [3mask_size[0m[2m=[0m5
[2m2026-04-12T20:19:10.012460Z[0m [34mDEBUG[0m [2mmercury::engine::detector[0m[2m:[0m No arb pairs registered for market — skipping detection [3mmarket_id[0m[2m=[0m2285bae6-253b-4085-b0d1-0af34b5530b6
[2m2026-04-12T20:19:10.012586Z[0m [34mDEBUG[0m [2mmercury::engine::detector[0m[2m:[0m No arb pairs registered for market — skipping detection [3mmarket_id[0m[2m=[0m189bf673-b643-45a5-be39-c4a3275d71a0
[2m2026-04-12T20:19:10.012587Z[0m [34mDEBUG[0m [2mmercury::engine::market_actor[0m[2m:[0m Tick received — running arb detection [3mmarket_id[0m[2m=[0m39a28b31-a7f7-4e16-b2f1-1e1948be289c [3mplatform[0m[2m=[0mPolymarket [3mbid[0m[2m=[0m0.39 [3mask[0m[2m=[0m0.4 [3mmid[0m[2m=[0m0.3950 [3mbid_size[0m[2m=[0m5.76 [3mask_size[0m[2m=[0m5
[2m2026-04-12T20:19:10.012601Z[0m [34mDEBUG[0m [2mmercury::engine::market_actor[0m[2m:[0m Tick received — running arb detection [3mmarket_id[0m[2m=[0m2285bae6-253b-4085-b0d1-0af34b5530b6 [3mplatform[0m[2m=[0mPolymarket [3mbid[0m[2m=[0m0.39 [3mask[0m[2m=[0m0.43 [3mmid[0m[2m=[0m0.41 [3mbid_size[0m[2m=[0m18.14 [3mask_size[0m[2m=[0m6
[2m2026-04-12T20:19:10.012758Z[0m [34mDEBUG[0m [2mmercury::engine::market_actor[0m[2m:[0m Tick received — running arb detection [3mmarket_id[0m[2m=[0m79e1f598-7189-438f-a66e-b184b04be477 [3mplatform[0m[2m=[0mPolymarket [3mbid[0m[2m=[0m0.49 [3mask[0m[2m=[0m0.5 [3mmid[0m[2m=[0m0.4950 [3mbid_size[0m[2m=[0m17 [3mask_size[0m[2m=[0m80.39
[2m2026-04-12T20:19:10.012777Z[0m [34mDEBUG[0m [2mmercury::engine::detector[0m[2m:[0m No arb pairs registered for market — skipping detection [3mmarket_id[0m[2m=[0m39a28b31-a7f7-4e16-b2f1-1e1948be289c
[2m2026-04-12T20:19:10.012984Z[0m [34mDEBUG[0m [2mmercury::engine::market_actor[0m[2m:[0m Tick received — running arb detection [3mmarket_id[0m[2m=[0m39a28b31-a7f7-4e16-b2f1-1e1948be289c [3mplatform[0m[2m=[0mPolymarket [3mbid[0m[2m=[0m0.39 [3mask[0m[2m=[0m0.4 [3mmid[0m[2m=[0m0.3950 [3mbid_size[0m[2m=[0m5.76 [3mask_size[0m[2m=[0m5
[2m2026-04-12T20:19:10.013004Z[0m [34mDEBUG[0m [2mmercury::engine::detector[0m[2m:[0m No arb pairs registered for market — skipping detection [3mmarket_id[0m[2m=[0m2285bae6-253b-4085-b0d1-0af34b5530b6
[2m2026-04-12T20:19:10.013078Z[0m [34mDEBUG[0m [2mmercury::feeds::polymarket[0m[2m:[0m Unknown Polymarket event type [3mevent_type[0m[2m=[0mbest_bid_ask
[2m2026-04-12T20:19:10.013203Z[0m [34mDEBUG[0m [2mmercury::engine::detector[0m[2m:[0m No arb pairs registered for market — skipping detection [3mmarket_id[0m[2m=[0m79e1f598-7189-438f-a66e-b184b04be477
[2m2026-04-12T20:19:10.013181Z[0m [34mDEBUG[0m [2mmercury::engine::market_actor[0m[2m:[0m Tick received — running arb detection [3mmarket_id[0m[2m=[0m189bf673-b643-45a5-be39-c4a3275d71a0 [3mplatform[0m[2m=[0mPolymarket [3mbid[0m[2m=[0m0.4 [3mask[0m[2m=[0m0.41 [3mmid[0m[2m=[0m0.4050 [3mbid_size[0m[2m=[0m1681.74 [3mask_size[0m[2m=[0m5
[2m2026-04-12T20:19:10.013205Z[0m [34mDEBUG[0m [2mmercury::engine::market_actor[0m[2m:[0m Tick received — running arb detection [3mmarket_id[0m[2m=[0m2285bae6-253b-4085-b0d1-0af34b5530b6 [3mplatform[0m[2m=[0mPolymarket [3mbid[0m[2m=[0m0.39 [3mask[0m[2m=[0m0.43 [3mmid[0m[2m=[0m0.41 [3mbid_size[0m[2m=[0m18.14 [3mask_size[0m[2m=[0m6
[2m2026-04-12T20:19:10.013345Z[0m [34mDEBUG[0m [2mmercury::engine::detector[0m[2m:[0m No arb pairs registered for market — skipping detection [3mmarket_id[0m[2m=[0m39a28b31-a7f7-4e16-b2f1-1e1948be289c
[2m2026-04-12T20:19:10.013476Z[0m [34mDEBUG[0m [2mmercury::engine::market_actor[0m[2m:[0m Tick received — running arb detection [3mmarket_id[0m[2m=[0mbc548cd4-ced9-48e8-b131-410c92fb3a0e [3mplatform[0m[2m=[0mPolymarket [3mbid[0m[2m=[0m0.35 [3mask[0m[2m=[0m0.4 [3mmid[0m[2m=[0m0.3750 [3mbid_size[0m[2m=[0m100 [3mask_size[0m[2m=[0m6.72
[2m2026-04-12T20:19:10.013542Z[0m [34mDEBUG[0m [2mmercury::engine::detector[0m[2m:[0m No arb pairs registered for market — skipping detection [3mmarket_id[0m[2m=[0m189bf673-b643-45a5-be39-c4a3275d71a0
[2m2026-04-12T20:19:10.013641Z[0m [34mDEBUG[0m [2mmercury::engine::detector[0m[2m:[0m No arb pairs registered for market — skipping detection [3mmarket_id[0m[2m=[0mbc548cd4-ced9-48e8-b131-410c92fb3a0e
[2m2026-04-12T20:19:10.013654Z[0m [34mDEBUG[0m [2mmercury::engine::market_actor[0m[2m:[0m Tick received — running arb detection [3mmarket_id[0m[2m=[0m189bf673-b643-45a5-be39-c4a3275d71a0 [3mplatform[0m[2m=[0mPolymarket [3mbid[0m[2m=[0m0.4 [3mask[0m[2m=[0m0.41 [3mmid[0m[2m=[0m0.4050 [3mbid_size[0m[2m=[0m1681.74 [3mask_size[0m[2m=[0m5
[2m2026-04-12T20:19:10.013763Z[0m [34mDEBUG[0m [2mmercury::engine::market_actor[0m[2m:[0m Tick received — running arb detection [3mmarket_id[0m[2m=[0m39a28b31-a7f7-4e16-b2f1-1e1948be289c [3mplatform[0m[2m=[0mPolymarket [3mbid[0m[2m=[0m0.39 [3mask[0m[2m=[0m0.4 [3mmid[0m[2m=[0m0.3950 [3mbid_size[0m[2m=[0m5.76 [3mask_size[0m[2m=[0m5
[2m2026-04-12T20:19:10.013762Z[0m [34mDEBUG[0m [2mmercury::engine::detector[0m[2m:[0m No arb pairs registered for market — skipping detection [3mmarket_id[0m[2m=[0m2285bae6-253b-4085-b0d1-0af34b5530b6
[2m2026-04-12T20:19:10.013971Z[0m [34mDEBUG[0m [2mmercury::engine::detector[0m[2m:[0m No arb pairs registered for market — skipping detection [3mmarket_id[0m[2m=[0m189bf673-b643-45a5-be39-c4a3275d71a0
[2m2026-04-12T20:19:10.013962Z[0m [34mDEBUG[0m [2mmercury::engine::market_actor[0m[2m:[0m Tick received — running arb detection [3mmarket_id[0m[2m=[0m2285bae6-253b-4085-b0d1-0af34b5530b6 [3mplatform[0m[2m=[0mPolymarket [3mbid[0m[2m=[0m0.39 [3mask[0m[2m=[0m0.43 [3mmid[0m[2m=[0m0.41 [3mbid_size[0m[2m=[0m18.14 [3mask_size[0m[2m=[0m6
[2m2026-04-12T20:19:10.014095Z[0m [34mDEBUG[0m [2mmercury::engine::market_actor[0m[2m:[0m Tick received — running arb detection [3mmarket_id[0m[2m=[0m189bf673-b643-45a5-be39-c4a3275d71a0 [3mplatform[0m[2m=[0mPolymarket [3mbid[0m[2m=[0m0.4 [3mask[0m[2m=[0m0.41 [3mmid[0m[2m=[0m0.4050 [3mbid_size[0m[2m=[0m1681.74 [3mask_size[0m[2m=[0m5
[2m2026-04-12T20:19:10.014197Z[0m [34mDEBUG[0m [2mmercury::engine::detector[0m[2m:[0m No arb pairs registered for market — skipping detection [3mmarket_id[0m[2m=[0m39a28b31-a7f7-4e16-b2f1-1e1948be289c
[2m2026-04-12T20:19:10.014271Z[0m [34mDEBUG[0m [2mmercury::engine::market_actor[0m[2m:[0m Tick received — running arb detection [3mmarket_id[0m[2m=[0mbc548cd4-ced9-48e8-b131-410c92fb3a0e [3mplatform[0m[2m=[0mPolymarket [3mbid[0m[2m=[0m0.35 [3mask[0m[2m=[0m0.4 [3mmid[0m[2m=[0m0.3750 [3mbid_size[0m[2m=[0m100 [3mask_size[0m[2m=[0m6.72
[2m2026-04-12T20:19:10.014294Z[0m [34mDEBUG[0m [2mmercury::engine::detector[0m[2m:[0m No arb pairs registered for market — skipping detection [3mmarket_id[0m[2m=[0m2285bae6-253b-4085-b0d1-0af34b5530b6
[2m2026-04-12T20:19:10.014297Z[0m [34mDEBUG[0m [2mmercury::engine::market_actor[0m[2m:[0m Tick received — running arb detection [3mmarket_id[0m[2m=[0m39a28b31-a7f7-4e16-b2f1-1e1948be289c [3mplatform[0m[2m=[0mPolymarket [3mbid[0m[2m=[0m0.39 [3mask[0m[2m=[0m0.4 [3mmid[0m[2m=[0m0.3950 [3mbid_size[0m[2m=[0m5.76 [3mask_size[0m[2m=[0m5
[2m2026-04-12T20:19:10.014474Z[0m [34mDEBUG[0m [2mmercury::engine::market_actor[0m[2m:[0m Tick received — running arb detection [3mmarket_id[0m[2m=[0m2285bae6-253b-4085-b0d1-0af34b5530b6 [3mplatform[0m[2m=[0mPolymarket [3mbid[0m[2m=[0m0.39 [3mask[0m[2m=[0m0.43 [3mmid[0m[2m=[0m0.41 [3mbid_size[0m[2m=[0m18.14 [3mask_size[0m[2m=[0m6
[2m2026-04-12T20:19:10.014489Z[0m [34mDEBUG[0m [2mmercury::engine::detector[0m[2m:[0m No arb pairs registered for market — skipping detection [3mmarket_id[0m[2m=[0m189bf673-b643-45a5-be39-c4a3275d71a0
[2m2026-04-12T20:19:10.014633Z[0m [34mDEBUG[0m [2mmercury::engine::detector[0m[2m:[0m No arb pairs registered for market — skipping detection [3mmarket_id[0m[2m=[0m2285bae6-253b-4085-b0d1-0af34b5530b6
[2m2026-04-12T20:19:10.014639Z[0m [34mDEBUG[0m [2mmercury::engine::detector[0m[2m:[0m No arb pairs registered for market — skipping detection [3mmarket_id[0m[2m=[0mbc548cd4-ced9-48e8-b131-410c92fb3a0e
[2m2026-04-12T20:19:10.014732Z[0m [34mDEBUG[0m [2mmercury::engine::market_actor[0m[2m:[0m Tick received — running arb detection [3mmarket_id[0m[2m=[0m2285bae6-253b-4085-b0d1-0af34b5530b6 [3mplatform[0m[2m=[0mPolymarket [3mbid[0m[2m=[0m0.39 [3mask[0m[2m=[0m0.43 [3mmid[0m[2m=[0m0.41 [3mbid_size[0m[2m=[0m18.14 [3mask_size[0m[2m=[0m6
[2m2026-04-12T20:19:10.014771Z[0m [34mDEBUG[0m [2mmercury::engine::detector[0m[2m:[0m No arb pairs registered for market — skipping detection [3mmarket_id[0m[2m=[0m39a28b31-a7f7-4e16-b2f1-1e1948be289c
[2m2026-04-12T20:19:10.014873Z[0m [34mDEBUG[0m [2mmercury::engine::detector[0m[2m:[0m No arb pairs registered for market — skipping detection [3mmarket_id[0m[2m=[0m2285bae6-253b-4085-b0d1-0af34b5530b6
[2m2026-04-12T20:19:10.014866Z[0m [34mDEBUG[0m [2mmercury::engine::market_actor[0m[2m:[0m Tick received — running arb detection [3mmarket_id[0m[2m=[0m39a28b31-a7f7-4e16-b2f1-1e1948be289c [3mplatform[0m[2m=[0mPolymarket [3mbid[0m[2m=[0m0.39 [3mask[0m[2m=[0m0.4 [3mmid[0m[2m=[0m0.3950 [3mbid_size[0m[2m=[0m5.76 [3mask_size[0m[2m=[0m5
[2m2026-04-12T20:19:10.014993Z[0m [34mDEBUG[0m [2mmercury::engine::detector[0m[2m:[0m No arb pairs registered for market — skipping detection [3mmarket_id[0m[2m=[0m39a28b31-a7f7-4e16-b2f1-1e1948be289c
[2m2026-04-12T20:19:10.014985Z[0m [34mDEBUG[0m [2mmercury::engine::market_actor[0m[2m:[0m Tick received — running arb detection [3mmarket_id[0m[2m=[0m2285bae6-253b-4085-b0d1-0af34b5530b6 [3mplatform[0m[2m=[0mPolymarket [3mbid[0m[2m=[0m0.39 [3mask[0m[2m=[0m0.43 [3mmid[0m[2m=[0m0.41 [3mbid_size[0m[2m=[0m18.14 [3mask_size[0m[2m=[0m6
[2m2026-04-12T20:19:10.015086Z[0m [34mDEBUG[0m [2mmercury::engine::market_actor[0m[2m:[0m Tick received — running arb detection [3mmarket_id[0m[2m=[0m39a28b31-a7f7-4e16-b2f1-1e1948be289c [3mplatform[0m[2m=[0mPolymarket [3mbid[0m[2m=[0m0.39 [3mask[0m[2m=[0m0.4 [3mmid[0m[2m=[0m0.3950 [3mbid_size[0m[2m=[0m5.76 [3mask_size[0m[2m=[0m5
[2m2026-04-12T20:19:10.015109Z[0m [34mDEBUG[0m [2mmercury::engine::detector[0m[2m:[0m No arb pairs registered for market — skipping detection [3mmarket_id[0m[2m=[0m2285bae6-253b-4085-b0d1-0af34b5530b6
[2m2026-04-12T20:19:10.015201Z[0m [34mDEBUG[0m [2mmercury::engine::detector[0m[2m:[0m No arb pairs registered for market — skipping detection [3mmarket_id[0m[2m=[0m39a28b31-a7f7-4e16-b2f1-1e1948be289c
[2m2026-04-12T20:19:10.015216Z[0m [34mDEBUG[0m [2mmercury::engine::market_actor[0m[2m:[0m Tick received — running arb detection [3mmarket_id[0m[2m=[0m2285bae6-253b-4085-b0d1-0af34b5530b6 [3mplatform[0m[2m=[0mPolymarket [3mbid[0m[2m=[0m0.39 [3mask[0m[2m=[0m0.43 [3mmid[0m[2m=[0m0.41 [3mbid_size[0m[2m=[0m18.14 [3mask_size[0m[2m=[0m6
[2m2026-04-12T20:19:10.015316Z[0m [34mDEBUG[0m [2mmercury::engine::detector[0m[2m:[0m No arb pairs registered for market — skipping detection [3mmarket_id[0m[2m=[0m2285bae6-253b-4085-b0d1-0af34b5530b6
[2m2026-04-12T20:19:10.015398Z[0m [34mDEBUG[0m [2mmercury::engine::market_actor[0m[2m:[0m Tick received — running arb detection [3mmarket_id[0m[2m=[0m2285bae6-253b-4085-b0d1-0af34b5530b6 [3mplatform[0m[2m=[0mPolymarket [3mbid[0m[2m=[0m0.39 [3mask[0m[2m=[0m0.43 [3mmid[0m[2m=[0m0.41 [3mbid_size[0m[2m=[0m18.14 [3mask_size[0m[2m=[0m6
[2m2026-04-12T20:19:10.015496Z[0m [34mDEBUG[0m [2mmercury::engine::detector[0m[2m:[0m No arb pairs registered for market — skipping detection [3mmarket_id[0m[2m=[0m2285bae6-253b-4085-b0d1-0af34b5530b6
[2m2026-04-12T20:19:10.015578Z[0m [34mDEBUG[0m [2mmercury::engine::market_actor[0m[2m:[0m Tick received — running arb detection [3mmarket_id[0m[2m=[0m2285bae6-253b-4085-b0d1-0af34b5530b6 [3mplatform[0m[2m=[0mPolymarket [3mbid[0m[2m=[0m0.39 [3mask[0m[2m=[0m0.43 [3mmid[0m[2m=[0m0.41 [3mbid_size[0m[2m=[0m18.14 [3mask_size[0m[2m=[0m6
[2m2026-04-12T20:19:10.015676Z[0m [34mDEBUG[0m [2mmercury::engine::detector[0m[2m:[0m No arb pairs registered for market — skipping detection [3mmarket_id[0m[2m=[0m2285bae6-253b-4085-b0d1-0af34b5530b6
[2m2026-04-12T20:19:10.086959Z[0m [34mDEBUG[0m [2mmercury::feeds::polymarket[0m[2m:[0m Unknown Polymarket event type [3mevent_type[0m[2m=[0mbest_bid_ask
[2m2026-04-12T20:19:10.086947Z[0m [34mDEBUG[0m [2mmercury::engine::market_actor[0m[2m:[0m Tick received — running arb detection [3mmarket_id[0m[2m=[0m2285bae6-253b-4085-b0d1-0af34b5530b6 [3mplatform[0m[2m=[0mPolymarket [3mbid[0m[2m=[0m0.39 [3mask[0m[2m=[0m0.43 [3mmid[0m[2m=[0m0.41 [3mbid_size[0m[2m=[0m18.14 [3mask_size[0m[2m=[0m6
[2m2026-04-12T20:19:10.087200Z[0m [34mDEBUG[0m [2mmercury::engine::detector[0m[2m:[0m No arb pairs registered for market — skipping detection [3mmarket_id[0m[2m=[0m2285bae6-253b-4085-b0d1-0af34b5530b6
[2m2026-04-12T20:19:10.087289Z[0m [34mDEBUG[0m [2mmercury::engine::market_actor[0m[2m:[0m Tick received — running arb detection [3mmarket_id[0m[2m=[0m2285bae6-253b-4085-b0d1-0af34b5530b6 [3mplatform[0m[2m=[0mPolymarket [3mbid[0m[2m=[0m0.39 [3mask[0m[2m=[0m0.43 [3mmid[0m[2m=[0m0.41 [3mbid_size[0m[2m=[0m18.14 [3mask_size[0m[2m=[0m6
[2m2026-04-12T20:19:10.087381Z[0m [34mDEBUG[0m [2mmercury::engine::detector[0m[2m:[0m No arb pairs registered for market — skipping detection [3mmarket_id[0m[2m=[0m2285bae6-253b-4085-b0d1-0af34b5530b6
[2m2026-04-12T20:19:10.087415Z[0m [34mDEBUG[0m [2mmercury::engine::market_actor[0m[2m:[0m Tick received — running arb detection [3mmarket_id[0m[2m=[0m189bf673-b643-45a5-be39-c4a3275d71a0 [3mplatform[0m[2m=[0mPolymarket [3mbid[0m[2m=[0m0.4 [3mask[0m[2m=[0m0.41 [3mmid[0m[2m=[0m0.4050 [3mbid_size[0m[2m=[0m1681.74 [3mask_size[0m[2m=[0m5
[2m2026-04-12T20:19:10.087454Z[0m [34mDEBUG[0m [2mmercury::engine::market_actor[0m[2m:[0m Tick received — running arb detection [3mmarket_id[0m[2m=[0m2285bae6-253b-4085-b0d1-0af34b5530b6 [3mplatform[0m[2m=[0mPolymarket [3mbid[0m[2m=[0m0.39 [3mask[0m[2m=[0m0.43 [3mmid[0m[2m=[0m0.41 [3mbid_size[0m[2m=[0m18.14 [3mask_size[0m[2m=[0m6
[2m2026-04-12T20:19:10.087573Z[0m [34mDEBUG[0m [2mmercury::engine::detector[0m[2m:[0m No arb pairs registered for market — skipping detection [3mmarket_id[0m[2m=[0m189bf673-b643-45a5-be39-c4a3275d71a0
[2m2026-04-12T20:19:10.087670Z[0m [34mDEBUG[0m [2mmercury::engine::detector[0m[2m:[0m No arb pairs registered for market — skipping detection [3mmarket_id[0m[2m=[0m2285bae6-253b-4085-b0d1-0af34b5530b6
[2m2026-04-12T20:19:10.087655Z[0m [34mDEBUG[0m [2mmercury::engine::market_actor[0m[2m:[0m Tick received — running arb detection [3mmarket_id[0m[2m=[0mbc548cd4-ced9-48e8-b131-410c92fb3a0e [3mplatform[0m[2m=[0mPolymarket [3mbid[0m[2m=[0m0.35 [3mask[0m[2m=[0m0.4 [3mmid[0m[2m=[0m0.3750 [3mbid_size[0m[2m=[0m106.72 [3mask_size[0m[2m=[0m6.72
[2m2026-04-12T20:19:10.087689Z[0m [34mDEBUG[0m [2mmercury::engine::market_actor[0m[2m:[0m Tick received — running arb detection [3mmarket_id[0m[2m=[0m189bf673-b643-45a5-be39-c4a3275d71a0 [3mplatform[0m[2m=[0mPolymarket [3mbid[0m[2m=[0m0.4 [3mask[0m[2m=[0m0.41 [3mmid[0m[2m=[0m0.4050 [3mbid_size[0m[2m=[0m1681.74 [3mask_size[0m[2m=[0m5
[2m2026-04-12T20:19:10.087760Z[0m [34mDEBUG[0m [2mmercury::engine::market_actor[0m[2m:[0m Tick received — running arb detection [3mmarket_id[0m[2m=[0m2285bae6-253b-4085-b0d1-0af34b5530b6 [3mplatform[0m[2m=[0mPolymarket [3mbid[0m[2m=[0m0.41 [3mask[0m[2m=[0m0.43 [3mmid[0m[2m=[0m0.42 [3mbid_size[0m[2m=[0m30 [3mask_size[0m[2m=[0m6
[2m2026-04-12T20:19:10.087793Z[0m [34mDEBUG[0m [2mmercury::engine::detector[0m[2m:[0m No arb pairs registered for market — skipping detection [3mmarket_id[0m[2m=[0mbc548cd4-ced9-48e8-b131-410c92fb3a0e
[2m2026-04-12T20:19:10.087891Z[0m [34mDEBUG[0m [2mmercury::engine::detector[0m[2m:[0m No arb pairs registered for market — skipping detection [3mmarket_id[0m[2m=[0m189bf673-b643-45a5-be39-c4a3275d71a0
[2m2026-04-12T20:19:10.087988Z[0m [34mDEBUG[0m [2mmercury::engine::detector[0m[2m:[0m No arb pairs registered for market — skipping detection [3mmarket_id[0m[2m=[0m2285bae6-253b-4085-b0d1-0af34b5530b6
[2m2026-04-12T20:19:10.087984Z[0m [34mDEBUG[0m [2mmercury::engine::market_actor[0m[2m:[0m Tick received — running arb detection [3mmarket_id[0m[2m=[0m189bf673-b643-45a5-be39-c4a3275d71a0 [3mplatform[0m[2m=[0mPolymarket [3mbid[0m[2m=[0m0.4 [3mask[0m[2m=[0m0.41 [3mmid[0m[2m=[0m0.4050 [3mbid_size[0m[2m=[0m1681.74 [3mask_size[0m[2m=[0m5
[2m2026-04-12T20:19:10.088078Z[0m [34mDEBUG[0m [2mmercury::engine::market_actor[0m[2m:[0m Tick received — running arb detection [3mmarket_id[0m[2m=[0m2285bae6-253b-4085-b0d1-0af34b5530b6 [3mplatform[0m[2m=[0mPolymarket [3mbid[0m[2m=[0m0.41 [3mask[0m[2m=[0m0.43 [3mmid[0m[2m=[0m0.42 [3mbid_size[0m[2m=[0m30 [3mask_size[0m[2m=[0m6
[2m2026-04-12T20:19:10.088093Z[0m [34mDEBUG[0m [2mmercury::engine::detector[0m[2m:[0m No arb pairs registered for market — skipping detection [3mmarket_id[0m[2m=[0m189bf673-b643-45a5-be39-c4a3275d71a0
[2m2026-04-12T20:19:10.088178Z[0m [34mDEBUG[0m [2mmercury::engine::detector[0m[2m:[0m No arb pairs registered for market — skipping detection [3mmarket_id[0m[2m=[0m2285bae6-253b-4085-b0d1-0af34b5530b6
[2m2026-04-12T20:19:10.088192Z[0m [34mDEBUG[0m [2mmercury::engine::market_actor[0m[2m:[0m Tick received — running arb detection [3mmarket_id[0m[2m=[0m189bf673-b643-45a5-be39-c4a3275d71a0 [3mplatform[0m[2m=[0mPolymarket [3mbid[0m[2m=[0m0.4 [3mask[0m[2m=[0m0.41 [3mmid[0m[2m=[0m0.4050 [3mbid_size[0m[2m=[0m1681.74 [3mask_size[0m[2m=[0m5
[2m2026-04-12T20:19:10.088255Z[0m [34mDEBUG[0m [2mmercury::engine::market_actor[0m[2m:[0m Tick received — running arb detection [3mmarket_id[0m[2m=[0m2285bae6-253b-4085-b0d1-0af34b5530b6 [3mplatform[0m[2m=[0mPolymarket [3mbid[0m[2m=[0m0.41 [3mask[0m[2m=[0m0.43 [3mmid[0m[2m=[0m0.42 [3mbid_size[0m[2m=[0m30 [3mask_size[0m[2m=[0m6
[2m2026-04-12T20:19:10.088297Z[0m [34mDEBUG[0m [2mmercury::engine::detector[0m[2m:[0m No arb pairs registered for market — skipping detection [3mmarket_id[0m[2m=[0m189bf673-b643-45a5-be39-c4a3275d71a0
[2m2026-04-12T20:19:10.088373Z[0m [34mDEBUG[0m [2mmercury::engine::market_actor[0m[2m:[0m Tick received — running arb detection [3mmarket_id[0m[2m=[0m189bf673-b643-45a5-be39-c4a3275d71a0 [3mplatform[0m[2m=[0mPolymarket [3mbid[0m[2m=[0m0.4 [3mask[0m[2m=[0m0.41 [3mmid[0m[2m=[0m0.4050 [3mbid_size[0m[2m=[0m1681.74 [3mask_size[0m[2m=[0m5
[2m2026-04-12T20:19:10.088394Z[0m [34mDEBUG[0m [2mmercury::engine::detector[0m[2m:[0m No arb pairs registered for market — skipping detection [3mmarket_id[0m[2m=[0m2285bae6-253b-4085-b0d1-0af34b5530b6
[2m2026-04-12T20:19:10.088438Z[0m [34mDEBUG[0m [2mmercury::engine::market_actor[0m[2m:[0m Tick received — running arb detection [3mmarket_id[0m[2m=[0mbc548cd4-ced9-48e8-b131-410c92fb3a0e [3mplatform[0m[2m=[0mPolymarket [3mbid[0m[2m=[0m0.35 [3mask[0m[2m=[0m0.4 [3mmid[0m[2m=[0m0.3750 [3mbid_size[0m[2m=[0m106.72 [3mask_size[0m[2m=[0m6.72
[2m2026-04-12T20:19:10.088507Z[0m [34mDEBUG[0m [2mmercury::engine::detector[0m[2m:[0m No arb pairs registered for market — skipping detection [3mmarket_id[0m[2m=[0m189bf673-b643-45a5-be39-c4a3275d71a0
[2m2026-04-12T20:19:10.088599Z[0m [34mDEBUG[0m [2mmercury::engine::market_actor[0m[2m:[0m Tick received — running arb detection [3mmarket_id[0m[2m=[0m189bf673-b643-45a5-be39-c4a3275d71a0 [3mplatform[0m[2m=[0mPolymarket [3mbid[0m[2m=[0m0.4 [3mask[0m[2m=[0m0.41 [3mmid[0m[2m=[0m0.4050 [3mbid_size[0m[2m=[0m1681.74 [3mask_size[0m[2m=[0m5
[2m2026-04-12T20:19:10.088616Z[0m [34mDEBUG[0m [2mmercury::engine::detector[0m[2m:[0m No arb pairs registered for market — skipping detection [3mmarket_id[0m[2m=[0mbc548cd4-ced9-48e8-b131-410c92fb3a0e
[2m2026-04-12T20:19:10.088761Z[0m [34mDEBUG[0m [2mmercury::engine::detector[0m[2m:[0m No arb pairs registered for market — skipping detection [3mmarket_id[0m[2m=[0m189bf673-b643-45a5-be39-c4a3275d71a0
[2m2026-04-12T20:19:10.088761Z[0m [34mDEBUG[0m [2mmercury::engine::market_actor[0m[2m:[0m Tick received — running arb detection [3mmarket_id[0m[2m=[0mbc548cd4-ced9-48e8-b131-410c92fb3a0e [3mplatform[0m[2m=[0mPolymarket [3mbid[0m[2m=[0m0.35 [3mask[0m[2m=[0m0.4 [3mmid[0m[2m=[0m0.3750 [3mbid_size[0m[2m=[0m106.72 [3mask_size[0m[2m=[0m6.72
[2m2026-04-12T20:19:10.088798Z[0m [34mDEBUG[0m [2mmercury::engine::market_actor[0m[2m:[0m Tick received — running arb detection [3mmarket_id[0m[2m=[0m79e1f598-7189-438f-a66e-b184b04be477 [3mplatform[0m[2m=[0mPolymarket [3mbid[0m[2m=[0m0.49 [3mask[0m[2m=[0m0.5 [3mmid[0m[2m=[0m0.4950 [3mbid_size[0m[2m=[0m17 [3mask_size[0m[2m=[0m80.39
[2m2026-04-12T20:19:10.088845Z[0m [34mDEBUG[0m [2mmercury::engine::market_actor[0m[2m:[0m Tick received — running arb detection [3mmarket_id[0m[2m=[0m189bf673-b643-45a5-be39-c4a3275d71a0 [3mplatform[0m[2m=[0mPolymarket [3mbid[0m[2m=[0m0.4 [3mask[0m[2m=[0m0.41 [3mmid[0m[2m=[0m0.4050 [3mbid_size[0m[2m=[0m1681.74 [3mask_size[0m[2m=[0m5
[2m2026-04-12T20:19:10.088868Z[0m [34mDEBUG[0m [2mmercury::engine::detector[0m[2m:[0m No arb pairs registered for market — skipping detection [3mmarket_id[0m[2m=[0mbc548cd4-ced9-48e8-b131-410c92fb3a0e
[2m2026-04-12T20:19:10.088891Z[0m [34mDEBUG[0m [2mmercury::engine::market_actor[0m[2m:[0m Tick received — running arb detection [3mmarket_id[0m[2m=[0m2285bae6-253b-4085-b0d1-0af34b5530b6 [3mplatform[0m[2m=[0mPolymarket [3mbid[0m[2m=[0m0.41 [3mask[0m[2m=[0m0.43 [3mmid[0m[2m=[0m0.42 [3mbid_size[0m[2m=[0m30 [3mask_size[0m[2m=[0m6
[2m2026-04-12T20:19:10.088941Z[0m [34mDEBUG[0m [2mmercury::engine::detector[0m[2m:[0m No arb pairs registered for market — skipping detection [3mmarket_id[0m[2m=[0m189bf673-b643-45a5-be39-c4a3275d71a0
[2m2026-04-12T20:19:10.088957Z[0m [34mDEBUG[0m [2mmercury::engine::market_actor[0m[2m:[0m Tick received — running arb detection [3mmarket_id[0m[2m=[0mbc548cd4-ced9-48e8-b131-410c92fb3a0e [3mplatform[0m[2m=[0mPolymarket [3mbid[0m[2m=[0m0.35 [3mask[0m[2m=[0m0.4 [3mmid[0m[2m=[0m0.3750 [3mbid_size[0m[2m=[0m106.72 [3mask_size[0m[2m=[0m6.72
[2m2026-04-12T20:19:10.089023Z[0m [34mDEBUG[0m [2mmercury::engine::detector[0m[2m:[0m No arb pairs registered for market — skipping detection [3mmarket_id[0m[2m=[0m2285bae6-253b-4085-b0d1-0af34b5530b6
[2m2026-04-12T20:19:10.089041Z[0m [34mDEBUG[0m [2mmercury::engine::market_actor[0m[2m:[0m Tick received — running arb detection [3mmarket_id[0m[2m=[0m189bf673-b643-45a5-be39-c4a3275d71a0 [3mplatform[0m[2m=[0mPolymarket [3mbid[0m[2m=[0m0.4 [3mask[0m[2m=[0m0.41 [3mmid[0m[2m=[0m0.4050 [3mbid_size[0m[2m=[0m1681.74 [3mask_size[0m[2m=[0m5
[2m2026-04-12T20:19:10.089050Z[0m [34mDEBUG[0m [2mmercury::engine::market_actor[0m[2m:[0m Tick received — running arb detection [3mmarket_id[0m[2m=[0m39a28b31-a7f7-4e16-b2f1-1e1948be289c [3mplatform[0m[2m=[0mPolymarket [3mbid[0m[2m=[0m0.39 [3mask[0m[2m=[0m0.4 [3mmid[0m[2m=[0m0.3950 [3mbid_size[0m[2m=[0m23.76 [3mask_size[0m[2m=[0m5
[2m2026-04-12T20:19:10.089103Z[0m [34mDEBUG[0m [2mmercury::engine::detector[0m[2m:[0m No arb pairs registered for market — skipping detection [3mmarket_id[0m[2m=[0m79e1f598-7189-438f-a66e-b184b04be477
[2m2026-04-12T20:19:10.089200Z[0m [34mDEBUG[0m [2mmercury::engine::detector[0m[2m:[0m No arb pairs registered for market — skipping detection [3mmarket_id[0m[2m=[0m39a28b31-a7f7-4e16-b2f1-1e1948be289c
[2m2026-04-12T20:19:10.089212Z[0m [34mDEBUG[0m [2mmercury::feeds::polymarket[0m[2m:[0m Unknown Polymarket event type [3mevent_type[0m[2m=[0mbest_bid_ask
[2m2026-04-12T20:19:10.089203Z[0m [34mDEBUG[0m [2mmercury::engine::detector[0m[2m:[0m No arb pairs registered for market — skipping detection [3mmarket_id[0m[2m=[0mbc548cd4-ced9-48e8-b131-410c92fb3a0e
[2m2026-04-12T20:19:10.089291Z[0m [34mDEBUG[0m [2mmercury::engine::market_actor[0m[2m:[0m Tick received — running arb detection [3mmarket_id[0m[2m=[0m39a28b31-a7f7-4e16-b2f1-1e1948be289c [3mplatform[0m[2m=[0mPolymarket [3mbid[0m[2m=[0m0.39 [3mask[0m[2m=[0m0.4 [3mmid[0m[2m=[0m0.3950 [3mbid_size[0m[2m=[0m30.96 [3mask_size[0m[2m=[0m5
[2m2026-04-12T20:19:10.089340Z[0m [34mDEBUG[0m [2mmercury::engine::detector[0m[2m:[0m No arb pairs registered for market — skipping detection [3mmarket_id[0m[2m=[0m189bf673-b643-45a5-be39-c4a3275d71a0
[2m2026-04-12T20:19:10.089337Z[0m [34mDEBUG[0m [2mmercury::engine::market_actor[0m[2m:[0m Tick received — running arb detection [3mmarket_id[0m[2m=[0mbc548cd4-ced9-48e8-b131-410c92fb3a0e [3mplatform[0m[2m=[0mPolymarket [3mbid[0m[2m=[0m0.35 [3mask[0m[2m=[0m0.4 [3mmid[0m[2m=[0m0.3750 [3mbid_size[0m[2m=[0m106.72 [3mask_size[0m[2m=[0m6.72
[2m2026-04-12T20:19:10.089413Z[0m [34mDEBUG[0m [2mmercury::engine::detector[0m[2m:[0m No arb pairs registered for market — skipping detection [3mmarket_id[0m[2m=[0m39a28b31-a7f7-4e16-b2f1-1e1948be289c
[2m2026-04-12T20:19:10.089424Z[0m [34mDEBUG[0m [2mmercury::engine::market_actor[0m[2m:[0m Tick received — running arb detection [3mmarket_id[0m[2m=[0m189bf673-b643-45a5-be39-c4a3275d71a0 [3mplatform[0m[2m=[0mPolymarket [3mbid[0m[2m=[0m0.4 [3mask[0m[2m=[0m0.41 [3mmid[0m[2m=[0m0.4050 [3mbid_size[0m[2m=[0m1681.74 [3mask_size[0m[2m=[0m5
[2m2026-04-12T20:19:10.089496Z[0m [34mDEBUG[0m [2mmercury::engine::market_actor[0m[2m:[0m Tick received — running arb detection [3mmarket_id[0m[2m=[0m39a28b31-a7f7-4e16-b2f1-1e1948be289c [3mplatform[0m[2m=[0mPolymarket [3mbid[0m[2m=[0m0.39 [3mask[0m[2m=[0m0.4 [3mmid[0m[2m=[0m0.3950 [3mbid_size[0m[2m=[0m30.96 [3mask_size[0m[2m=[0m5
[2m2026-04-12T20:19:10.089511Z[0m [34mDEBUG[0m [2mmercury::engine::detector[0m[2m:[0m No arb pairs registered for market — skipping detection [3mmarket_id[0m[2m=[0mbc548cd4-ced9-48e8-b131-410c92fb3a0e
[2m2026-04-12T20:19:10.089634Z[0m [34mDEBUG[0m [2mmercury::engine::detector[0m[2m:[0m No arb pairs registered for market — skipping detection [3mmarket_id[0m[2m=[0m189bf673-b643-45a5-be39-c4a3275d71a0
[2m2026-04-12T20:19:10.089621Z[0m [34mDEBUG[0m [2mmercury::engine::market_actor[0m[2m:[0m Tick received — running arb detection [3mmarket_id[0m[2m=[0mbc548cd4-ced9-48e8-b131-410c92fb3a0e [3mplatform[0m[2m=[0mPolymarket [3mbid[0m[2m=[0m0.35 [3mask[0m[2m=[0m0.4 [3mmid[0m[2m=[0m0.3750 [3mbid_size[0m[2m=[0m106.72 [3mask_size[0m[2m=[0m6.72
[2m2026-04-12T20:19:10.089733Z[0m [34mDEBUG[0m [2mmercury::engine::detector[0m[2m:[0m No arb pairs registered for market — skipping detection [3mmarket_id[0m[2m=[0m39a28b31-a7f7-4e16-b2f1-1e1948be289c
[2m2026-04-12T20:19:10.089744Z[0m [34mDEBUG[0m [2mmercury::engine::market_actor[0m[2m:[0m Tick received — running arb detection [3mmarket_id[0m[2m=[0m189bf673-b643-45a5-be39-c4a3275d71a0 [3mplatform[0m[2m=[0mPolymarket [3mbid[0m[2m=[0m0.4 [3mask[0m[2m=[0m0.41 [3mmid[0m[2m=[0m0.4050 [3mbid_size[0m[2m=[0m1687.54 [3mask_size[0m[2m=[0m5
[2m2026-04-12T20:19:10.089814Z[0m [34mDEBUG[0m [2mmercury::engine::detector[0m[2m:[0m No arb pairs registered for market — skipping detection [3mmarket_id[0m[2m=[0mbc548cd4-ced9-48e8-b131-410c92fb3a0e
[2m2026-04-12T20:19:10.089826Z[0m [34mDEBUG[0m [2mmercury::feeds::polymarket[0m[2m:[0m Unknown Polymarket event type [3mevent_type[0m[2m=[0mbest_bid_ask
[2m2026-04-12T20:19:10.089907Z[0m [34mDEBUG[0m [2mmercury::engine::detector[0m[2m:[0m No arb pairs registered for market — skipping detection [3mmarket_id[0m[2m=[0m189bf673-b643-45a5-be39-c4a3275d71a0
[2m2026-04-12T20:19:10.089910Z[0m [34mDEBUG[0m [2mmercury::engine::market_actor[0m[2m:[0m Tick received — running arb detection [3mmarket_id[0m[2m=[0mbc548cd4-ced9-48e8-b131-410c92fb3a0e [3mplatform[0m[2m=[0mPolymarket [3mbid[0m[2m=[0m0.35 [3mask[0m[2m=[0m0.41 [3mmid[0m[2m=[0m0.38 [3mbid_size[0m[2m=[0m106.72 [3mask_size[0m[2m=[0m6.72
[2m2026-04-12T20:19:10.090015Z[0m [34mDEBUG[0m [2mmercury::engine::detector[0m[2m:[0m No arb pairs registered for market — skipping detection [3mmarket_id[0m[2m=[0mbc548cd4-ced9-48e8-b131-410c92fb3a0e
[2m2026-04-12T20:19:10.090010Z[0m [34mDEBUG[0m [2mmercury::engine::market_actor[0m[2m:[0m Tick received — running arb detection [3mmarket_id[0m[2m=[0m189bf673-b643-45a5-be39-c4a3275d71a0 [3mplatform[0m[2m=[0mPolymarket [3mbid[0m[2m=[0m0.4 [3mask[0m[2m=[0m0.41 [3mmid[0m[2m=[0m0.4050 [3mbid_size[0m[2m=[0m1687.54 [3mask_size[0m[2m=[0m5
[2m2026-04-12T20:19:10.090108Z[0m [34mDEBUG[0m [2mmercury::engine::detector[0m[2m:[0m No arb pairs registered for market — skipping detection [3mmarket_id[0m[2m=[0m189bf673-b643-45a5-be39-c4a3275d71a0
[2m2026-04-12T20:19:10.090096Z[0m [34mDEBUG[0m [2mmercury::engine::market_actor[0m[2m:[0m Tick received — running arb detection [3mmarket_id[0m[2m=[0mbc548cd4-ced9-48e8-b131-410c92fb3a0e [3mplatform[0m[2m=[0mPolymarket [3mbid[0m[2m=[0m0.35 [3mask[0m[2m=[0m0.41 [3mmid[0m[2m=[0m0.38 [3mbid_size[0m[2m=[0m136.72 [3mask_size[0m[2m=[0m6.72
[2m2026-04-12T20:19:10.090189Z[0m [34mDEBUG[0m [2mmercury::engine::market_actor[0m[2m:[0m Tick received — running arb detection [3mmarket_id[0m[2m=[0m189bf673-b643-45a5-be39-c4a3275d71a0 [3mplatform[0m[2m=[0mPolymarket [3mbid[0m[2m=[0m0.4 [3mask[0m[2m=[0m0.41 [3mmid[0m[2m=[0m0.4050 [3mbid_size[0m[2m=[0m1687.54 [3mask_size[0m[2m=[0m5
[2m2026-04-12T20:19:10.090188Z[0m [34mDEBUG[0m [2mmercury::engine::market_actor[0m[2m:[0m Tick received — running arb detection [3mmarket_id[0m[2m=[0m2285bae6-253b-4085-b0d1-0af34b5530b6 [3mplatform[0m[2m=[0mPolymarket [3mbid[0m[2m=[0m0.41 [3mask[0m[2m=[0m0.43 [3mmid[0m[2m=[0m0.42 [3mbid_size[0m[2m=[0m30 [3mask_size[0m[2m=[0m6
[2m2026-04-12T20:19:10.090205Z[0m [34mDEBUG[0m [2mmercury::engine::detector[0m[2m:[0m No arb pairs registered for market — skipping detection [3mmarket_id[0m[2m=[0mbc548cd4-ced9-48e8-b131-410c92fb3a0e
[2m2026-04-12T20:19:10.090326Z[0m [34mDEBUG[0m [2mmercury::engine::detector[0m[2m:[0m No arb pairs registered for market — skipping detection [3mmarket_id[0m[2m=[0m189bf673-b643-45a5-be39-c4a3275d71a0
[2m2026-04-12T20:19:10.090332Z[0m [34mDEBUG[0m [2mmercury::engine::market_actor[0m[2m:[0m Tick received — running arb detection [3mmarket_id[0m[2m=[0mbc548cd4-ced9-48e8-b131-410c92fb3a0e [3mplatform[0m[2m=[0mPolymarket [3mbid[0m[2m=[0m0.36 [3mask[0m[2m=[0m0.41 [3mmid[0m[2m=[0m0.3850 [3mbid_size[0m[2m=[0m30 [3mask_size[0m[2m=[0m6.72
[2m2026-04-12T20:19:10.090397Z[0m [34mDEBUG[0m [2mmercury::engine::detector[0m[2m:[0m No arb pairs registered for market — skipping detection [3mmarket_id[0m[2m=[0m2285bae6-253b-4085-b0d1-0af34b5530b6
[2m2026-04-12T20:19:10.090405Z[0m [34mDEBUG[0m [2mmercury::engine::market_actor[0m[2m:[0m Tick received — running arb detection [3mmarket_id[0m[2m=[0m189bf673-b643-45a5-be39-c4a3275d71a0 [3mplatform[0m[2m=[0mPolymarket [3mbid[0m[2m=[0m0.4 [3mask[0m[2m=[0m0.41 [3mmid[0m[2m=[0m0.4050 [3mbid_size[0m[2m=[0m1687.54 [3mask_size[0m[2m=[0m5
[2m2026-04-12T20:19:10.090470Z[0m [34mDEBUG[0m [2mmercury::engine::detector[0m[2m:[0m No arb pairs registered for market — skipping detection [3mmarket_id[0m[2m=[0mbc548cd4-ced9-48e8-b131-410c92fb3a0e
[2m2026-04-12T20:19:10.090479Z[0m [34mDEBUG[0m [2mmercury::engine::market_actor[0m[2m:[0m Tick received — running arb detection [3mmarket_id[0m[2m=[0m2285bae6-253b-4085-b0d1-0af34b5530b6 [3mplatform[0m[2m=[0mPolymarket [3mbid[0m[2m=[0m0.41 [3mask[0m[2m=[0m0.43 [3mmid[0m[2m=[0m0.42 [3mbid_size[0m[2m=[0m30 [3mask_size[0m[2m=[0m6
[2m2026-04-12T20:19:10.090525Z[0m [34mDEBUG[0m [2mmercury::engine::market_actor[0m[2m:[0m Tick received — running arb detection [3mmarket_id[0m[2m=[0m39a28b31-a7f7-4e16-b2f1-1e1948be289c [3mplatform[0m[2m=[0mPolymarket [3mbid[0m[2m=[0m0.39 [3mask[0m[2m=[0m0.4 [3mmid[0m[2m=[0m0.3950 [3mbid_size[0m[2m=[0m30.96 [3mask_size[0m[2m=[0m5
[2m2026-04-12T20:19:10.090560Z[0m [34mDEBUG[0m [2mmercury::engine::detector[0m[2m:[0m No arb pairs registered for market — skipping detection [3mmarket_id[0m[2m=[0m189bf673-b643-45a5-be39-c4a3275d71a0
[2m2026-04-12T20:19:10.090651Z[0m [34mDEBUG[0m [2mmercury::engine::detector[0m[2m:[0m No arb pairs registered for market — skipping detection [3mmarket_id[0m[2m=[0m39a28b31-a7f7-4e16-b2f1-1e1948be289c
[2m2026-04-12T20:19:10.090657Z[0m [34mDEBUG[0m [2mmercury::engine::market_actor[0m[2m:[0m Tick received — running arb detection [3mmarket_id[0m[2m=[0m189bf673-b643-45a5-be39-c4a3275d71a0 [3mplatform[0m[2m=[0mPolymarket [3mbid[0m[2m=[0m0.4 [3mask[0m[2m=[0m0.41 [3mmid[0m[2m=[0m0.4050 [3mbid_size[0m[2m=[0m1687.54 [3mask_size[0m[2m=[0m5
[2m2026-04-12T20:19:10.090722Z[0m [34mDEBUG[0m [2mmercury::engine::detector[0m[2m:[0m No arb pairs registered for market — skipping detection [3mmarket_id[0m[2m=[0m2285bae6-253b-4085-b0d1-0af34b5530b6
[2m2026-04-12T20:19:10.090729Z[0m [34mDEBUG[0m [2mmercury::engine::market_actor[0m[2m:[0m Tick received — running arb detection [3mmarket_id[0m[2m=[0m39a28b31-a7f7-4e16-b2f1-1e1948be289c [3mplatform[0m[2m=[0mPolymarket [3mbid[0m[2m=[0m0.39 [3mask[0m[2m=[0m0.4 [3mmid[0m[2m=[0m0.3950 [3mbid_size[0m[2m=[0m43.56 [3mask_size[0m[2m=[0m5
[2m2026-04-12T20:19:10.090791Z[0m [34mDEBUG[0m [2mmercury::engine::detector[0m[2m:[0m No arb pairs registered for market — skipping detection [3mmarket_id[0m[2m=[0m189bf673-b643-45a5-be39-c4a3275d71a0
[2m2026-04-12T20:19:10.090800Z[0m [34mDEBUG[0m [2mmercury::engine::market_actor[0m[2m:[0m Tick received — running arb detection [3mmarket_id[0m[2m=[0m2285bae6-253b-4085-b0d1-0af34b5530b6 [3mplatform[0m[2m=[0mPolymarket [3mbid[0m[2m=[0m0.41 [3mask[0m[2m=[0m0.43 [3mmid[0m[2m=[0m0.42 [3mbid_size[0m[2m=[0m30 [3mask_size[0m[2m=[0m6
[2m2026-04-12T20:19:10.090815Z[0m [34mDEBUG[0m [2mmercury::engine::market_actor[0m[2m:[0m Tick received — running arb detection [3mmarket_id[0m[2m=[0m79e1f598-7189-438f-a66e-b184b04be477 [3mplatform[0m[2m=[0mPolymarket [3mbid[0m[2m=[0m0.49 [3mask[0m[2m=[0m0.5 [3mmid[0m[2m=[0m0.4950 [3mbid_size[0m[2m=[0m17 [3mask_size[0m[2m=[0m80.39
[2m2026-04-12T20:19:10.090863Z[0m [34mDEBUG[0m [2mmercury::engine::detector[0m[2m:[0m No arb pairs registered for market — skipping detection [3mmarket_id[0m[2m=[0m39a28b31-a7f7-4e16-b2f1-1e1948be289c
[2m2026-04-12T20:19:10.090864Z[0m [34mDEBUG[0m [2mmercury::engine::market_actor[0m[2m:[0m Tick received — running arb detection [3mmarket_id[0m[2m=[0m189bf673-b643-45a5-be39-c4a3275d71a0 [3mplatform[0m[2m=[0mPolymarket [3mbid[0m[2m=[0m0.4 [3mask[0m[2m=[0m0.41 [3mmid[0m[2m=[0m0.4050 [3mbid_size[0m[2m=[0m1687.54 [3mask_size[0m[2m=[0m5
[2m2026-04-12T20:19:10.090950Z[0m [34mDEBUG[0m [2mmercury::engine::detector[0m[2m:[0m No arb pairs registered for market — skipping detection [3mmarket_id[0m[2m=[0m2285bae6-253b-4085-b0d1-0af34b5530b6
[2m2026-04-12T20:19:10.091021Z[0m [34mDEBUG[0m [2mmercury::engine::detector[0m[2m:[0m No arb pairs registered for market — skipping detection [3mmarket_id[0m[2m=[0m189bf673-b643-45a5-be39-c4a3275d71a0
[2m2026-04-12T20:19:10.091027Z[0m [34mDEBUG[0m [2mmercury::engine::market_actor[0m[2m:[0m Tick received — running arb detection [3mmarket_id[0m[2m=[0m2285bae6-253b-4085-b0d1-0af34b5530b6 [3mplatform[0m[2m=[0mPolymarket [3mbid[0m[2m=[0m0.41 [3mask[0m[2m=[0m0.43 [3mmid[0m[2m=[0m0.42 [3mbid_size[0m[2m=[0m30 [3mask_size[0m[2m=[0m6
[2m2026-04-12T20:19:10.091107Z[0m [34mDEBUG[0m [2mmercury::engine::detector[0m[2m:[0m No arb pairs registered for market — skipping detection [3mmarket_id[0m[2m=[0m79e1f598-7189-438f-a66e-b184b04be477
[2m2026-04-12T20:19:10.091104Z[0m [34mDEBUG[0m [2mmercury::engine::market_actor[0m[2m:[0m Tick received — running arb detection [3mmarket_id[0m[2m=[0m189bf673-b643-45a5-be39-c4a3275d71a0 [3mplatform[0m[2m=[0mPolymarket [3mbid[0m[2m=[0m0.4 [3mask[0m[2m=[0m0.41 [3mmid[0m[2m=[0m0.4050 [3mbid_size[0m[2m=[0m1687.54 [3mask_size[0m[2m=[0m5
[2m2026-04-12T20:19:10.091157Z[0m [34mDEBUG[0m [2mmercury::engine::market_actor[0m[2m:[0m Tick received — running arb detection [3mmarket_id[0m[2m=[0mbc548cd4-ced9-48e8-b131-410c92fb3a0e [3mplatform[0m[2m=[0mPolymarket [3mbid[0m[2m=[0m0.36 [3mask[0m[2m=[0m0.41 [3mmid[0m[2m=[0m0.3850 [3mbid_size[0m[2m=[0m36.72 [3mask_size[0m[2m=[0m6.72
[2m2026-04-12T20:19:10.091189Z[0m [34mDEBUG[0m [2mmercury::engine::detector[0m[2m:[0m No arb pairs registered for market — skipping detection [3mmarket_id[0m[2m=[0m2285bae6-253b-4085-b0d1-0af34b5530b6
[2m2026-04-12T20:19:10.091256Z[0m [34mDEBUG[0m [2mmercury::engine::detector[0m[2m:[0m No arb pairs registered for market — skipping detection [3mmarket_id[0m[2m=[0m189bf673-b643-45a5-be39-c4a3275d71a0
[2m2026-04-12T20:19:10.091261Z[0m [34mDEBUG[0m [2mmercury::engine::market_actor[0m[2m:[0m Tick received — running arb detection [3mmarket_id[0m[2m=[0m2285bae6-253b-4085-b0d1-0af34b5530b6 [3mplatform[0m[2m=[0mPolymarket [3mbid[0m[2m=[0m0.41 [3mask[0m[2m=[0m0.43 [3mmid[0m[2m=[0m0.42 [3mbid_size[0m[2m=[0m30 [3mask_size[0m[2m=[0m6
[2m2026-04-12T20:19:10.091329Z[0m [34mDEBUG[0m [2mmercury::engine::detector[0m[2m:[0m No arb pairs registered for market — skipping detection [3mmarket_id[0m[2m=[0mbc548cd4-ced9-48e8-b131-410c92fb3a0e
[2m2026-04-12T20:19:10.091336Z[0m [34mDEBUG[0m [2mmercury::engine::market_actor[0m[2m:[0m Tick received — running arb detection [3mmarket_id[0m[2m=[0m189bf673-b643-45a5-be39-c4a3275d71a0 [3mplatform[0m[2m=[0mPolymarket [3mbid[0m[2m=[0m0.4 [3mask[0m[2m=[0m0.41 [3mmid[0m[2m=[0m0.4050 [3mbid_size[0m[2m=[0m1687.54 [3mask_size[0m[2m=[0m5
[2m2026-04-12T20:19:10.091405Z[0m [34mDEBUG[0m [2mmercury::engine::detector[0m[2m:[0m No arb pairs registered for market — skipping detection [3mmarket_id[0m[2m=[0m2285bae6-253b-4085-b0d1-0af34b5530b6
[2m2026-04-12T20:19:10.091474Z[0m [34mDEBUG[0m [2mmercury::engine::detector[0m[2m:[0m No arb pairs registered for market — skipping detection [3mmarket_id[0m[2m=[0m189bf673-b643-45a5-be39-c4a3275d71a0
[2m2026-04-12T20:19:10.091482Z[0m [34mDEBUG[0m [2mmercury::engine::market_actor[0m[2m:[0m Tick received — running arb detection [3mmarket_id[0m[2m=[0m2285bae6-253b-4085-b0d1-0af34b5530b6 [3mplatform[0m[2m=[0mPolymarket [3mbid[0m[2m=[0m0.41 [3mask[0m[2m=[0m0.43 [3mmid[0m[2m=[0m0.42 [3mbid_size[0m[2m=[0m30 [3mask_size[0m[2m=[0m6
[2m2026-04-12T20:19:10.091548Z[0m [34mDEBUG[0m [2mmercury::engine::market_actor[0m[2m:[0m Tick received — running arb detection [3mmarket_id[0m[2m=[0m189bf673-b643-45a5-be39-c4a3275d71a0 [3mplatform[0m[2m=[0mPolymarket [3mbid[0m[2m=[0m0.4 [3mask[0m[2m=[0m0.41 [3mmid[0m[2m=[0m0.4050 [3mbid_size[0m[2m=[0m1692.54 [3mask_size[0m[2m=[0m5
[2m2026-04-12T20:19:10.091570Z[0m [34mDEBUG[0m [2mmercury::engine::detector[0m[2m:[0m No arb pairs registered for market — skipping detection [3mmarket_id[0m[2m=[0m2285bae6-253b-4085-b0d1-0af34b5530b6
[2m2026-04-12T20:19:10.091648Z[0m [34mDEBUG[0m [2mmercury::engine::detector[0m[2m:[0m No arb pairs registered for market — skipping detection [3mmarket_id[0m[2m=[0m189bf673-b643-45a5-be39-c4a3275d71a0
[2m2026-04-12T20:19:10.091650Z[0m [34mDEBUG[0m [2mmercury::engine::market_actor[0m[2m:[0m Tick received — running arb detection [3mmarket_id[0m[2m=[0m39a28b31-a7f7-4e16-b2f1-1e1948be289c [3mplatform[0m[2m=[0mPolymarket [3mbid[0m[2m=[0m0.39 [3mask[0m[2m=[0m0.4 [3mmid[0m[2m=[0m0.3950 [3mbid_size[0m[2m=[0m57.06 [3mask_size[0m[2m=[0m5
[2m2026-04-12T20:19:10.091658Z[0m [34mDEBUG[0m [2mmercury::engine::market_actor[0m[2m:[0m Tick received — running arb detection [3mmarket_id[0m[2m=[0m2285bae6-253b-4085-b0d1-0af34b5530b6 [3mplatform[0m[2m=[0mPolymarket [3mbid[0m[2m=[0m0.41 [3mask[0m[2m=[0m0.43 [3mmid[0m[2m=[0m0.42 [3mbid_size[0m[2m=[0m80 [3mask_size[0m[2m=[0m6
[2m2026-04-12T20:19:10.091719Z[0m [34mDEBUG[0m [2mmercury::engine::market_actor[0m[2m:[0m Tick received — running arb detection [3mmarket_id[0m[2m=[0m189bf673-b643-45a5-be39-c4a3275d71a0 [3mplatform[0m[2m=[0mPolymarket [3mbid[0m[2m=[0m0.4 [3mask[0m[2m=[0m0.41 [3mmid[0m[2m=[0m0.4050 [3mbid_size[0m[2m=[0m1692.54 [3mask_size[0m[2m=[0m5
[2m2026-04-12T20:19:10.091765Z[0m [34mDEBUG[0m [2mmercury::engine::detector[0m[2m:[0m No arb pairs registered for market — skipping detection [3mmarket_id[0m[2m=[0m2285bae6-253b-4085-b0d1-0af34b5530b6
[2m2026-04-12T20:19:10.091831Z[0m [34mDEBUG[0m [2mmercury::engine::detector[0m[2m:[0m No arb pairs registered for market — skipping detection [3mmarket_id[0m[2m=[0m39a28b31-a7f7-4e16-b2f1-1e1948be289c
[2m2026-04-12T20:19:10.091835Z[0m [34mDEBUG[0m [2mmercury::engine::market_actor[0m[2m:[0m Tick received — running arb detection [3mmarket_id[0m[2m=[0m2285bae6-253b-4085-b0d1-0af34b5530b6 [3mplatform[0m[2m=[0mPolymarket [3mbid[0m[2m=[0m0.41 [3mask[0m[2m=[0m0.43 [3mmid[0m[2m=[0m0.42 [3mbid_size[0m[2m=[0m80 [3mask_size[0m[2m=[0m6
[2m2026-04-12T20:19:10.091869Z[0m [34mDEBUG[0m [2mmercury::engine::market_actor[0m[2m:[0m Tick received — running arb detection [3mmarket_id[0m[2m=[0mbc548cd4-ced9-48e8-b131-410c92fb3a0e [3mplatform[0m[2m=[0mPolymarket [3mbid[0m[2m=[0m0.36 [3mask[0m[2m=[0m0.41 [3mmid[0m[2m=[0m0.3850 [3mbid_size[0m[2m=[0m36.72 [3mask_size[0m[2m=[0m6.72
[2m2026-04-12T20:19:10.091916Z[0m [34mDEBUG[0m [2mmercury::engine::detector[0m[2m:[0m No arb pairs registered for market — skipping detection [3mmarket_id[0m[2m=[0m189bf673-b643-45a5-be39-c4a3275d71a0
[2m2026-04-12T20:19:10.091988Z[0m [34mDEBUG[0m [2mmercury::engine::detector[0m[2m:[0m No arb pairs registered for market — skipping detection [3mmarket_id[0m[2m=[0m2285bae6-253b-4085-b0d1-0af34b5530b6
[2m2026-04-12T20:19:10.091995Z[0m [34mDEBUG[0m [2mmercury::engine::market_actor[0m[2m:[0m Tick received — running arb detection [3mmarket_id[0m[2m=[0m189bf673-b643-45a5-be39-c4a3275d71a0 [3mplatform[0m[2m=[0mPolymarket [3mbid[0m[2m=[0m0.4 [3mask[0m[2m=[0m0.41 [3mmid[0m[2m=[0m0.4050 [3mbid_size[0m[2m=[0m1692.54 [3mask_size[0m[2m=[0m5
[2m2026-04-12T20:19:10.092023Z[0m [34mDEBUG[0m [2mmercury::feeds::polymarket[0m[2m:[0m Unknown Polymarket event type [3mevent_type[0m[2m=[0mbest_bid_ask
[2m2026-04-12T20:19:10.092054Z[0m [34mDEBUG[0m [2mmercury::engine::detector[0m[2m:[0m No arb pairs registered for market — skipping detection [3mmarket_id[0m[2m=[0mbc548cd4-ced9-48e8-b131-410c92fb3a0e
[2m2026-04-12T20:19:10.092062Z[0m [34mDEBUG[0m [2mmercury::engine::market_actor[0m[2m:[0m Tick received — running arb detection [3mmarket_id[0m[2m=[0m2285bae6-253b-4085-b0d1-0af34b5530b6 [3mplatform[0m[2m=[0mPolymarket [3mbid[0m[2m=[0m0.41 [3mask[0m[2m=[0m0.43 [3mmid[0m[2m=[0m0.42 [3mbid_size[0m[2m=[0m80 [3mask_size[0m[2m=[0m6
[2m2026-04-12T20:19:10.092118Z[0m [34mDEBUG[0m [2mmercury::engine::detector[0m[2m:[0m No arb pairs registered for market — skipping detection [3mmarket_id[0m[2m=[0m189bf673-b643-45a5-be39-c4a3275d71a0
[2m2026-04-12T20:19:10.092185Z[0m [34mDEBUG[0m [2mmercury::engine::detector[0m[2m:[0m No arb pairs registered for market — skipping detection [3mmarket_id[0m[2m=[0m2285bae6-253b-4085-b0d1-0af34b5530b6
[2m2026-04-12T20:19:10.092196Z[0m [34mDEBUG[0m [2mmercury::engine::market_actor[0m[2m:[0m Tick received — running arb detection [3mmarket_id[0m[2m=[0m189bf673-b643-45a5-be39-c4a3275d71a0 [3mplatform[0m[2m=[0mPolymarket [3mbid[0m[2m=[0m0.4 [3mask[0m[2m=[0m0.41 [3mmid[0m[2m=[0m0.4050 [3mbid_size[0m[2m=[0m1692.54 [3mask_size[0m[2m=[0m5
[2m2026-04-12T20:19:10.092213Z[0m [34mDEBUG[0m [2mmercury::engine::market_actor[0m[2m:[0m Tick received — running arb detection [3mmarket_id[0m[2m=[0mbc548cd4-ced9-48e8-b131-410c92fb3a0e [3mplatform[0m[2m=[0mPolymarket [3mbid[0m[2m=[0m0.36 [3mask[0m[2m=[0m0.4 [3mmid[0m[2m=[0m0.38 [3mbid_size[0m[2m=[0m36.72 [3mask_size[0m[2m=[0m6.72
[2m2026-04-12T20:19:10.092291Z[0m [34mDEBUG[0m [2mmercury::engine::market_actor[0m[2m:[0m Tick received — running arb detection [3mmarket_id[0m[2m=[0m79e1f598-7189-438f-a66e-b184b04be477 [3mplatform[0m[2m=[0mPolymarket [3mbid[0m[2m=[0m0.49 [3mask[0m[2m=[0m0.5 [3mmid[0m[2m=[0m0.4950 [3mbid_size[0m[2m=[0m17 [3mask_size[0m[2m=[0m80.39
[2m2026-04-12T20:19:10.092318Z[0m [34mDEBUG[0m [2mmercury::engine::detector[0m[2m:[0m No arb pairs registered for market — skipping detection [3mmarket_id[0m[2m=[0m189bf673-b643-45a5-be39-c4a3275d71a0
[2m2026-04-12T20:19:10.092401Z[0m [34mDEBUG[0m [2mmercury::engine::detector[0m[2m:[0m No arb pairs registered for market — skipping detection [3mmarket_id[0m[2m=[0mbc548cd4-ced9-48e8-b131-410c92fb3a0e
[2m2026-04-12T20:19:10.092408Z[0m [34mDEBUG[0m [2mmercury::engine::market_actor[0m[2m:[0m Tick received — running arb detection [3mmarket_id[0m[2m=[0m189bf673-b643-45a5-be39-c4a3275d71a0 [3mplatform[0m[2m=[0mPolymarket [3mbid[0m[2m=[0m0.4 [3mask[0m[2m=[0m0.41 [3mmid[0m[2m=[0m0.4050 [3mbid_size[0m[2m=[0m1692.54 [3mask_size[0m[2m=[0m5
[2m2026-04-12T20:19:10.092476Z[0m [34mDEBUG[0m [2mmercury::engine::detector[0m[2m:[0m No arb pairs registered for market — skipping detection [3mmarket_id[0m[2m=[0m79e1f598-7189-438f-a66e-b184b04be477
[2m2026-04-12T20:19:10.092482Z[0m [34mDEBUG[0m [2mmercury::engine::market_actor[0m[2m:[0m Tick received — running arb detection [3mmarket_id[0m[2m=[0mbc548cd4-ced9-48e8-b131-410c92fb3a0e [3mplatform[0m[2m=[0mPolymarket [3mbid[0m[2m=[0m0.36 [3mask[0m[2m=[0m0.4 [3mmid[0m[2m=[0m0.38 [3mbid_size[0m[2m=[0m36.72 [3mask_size[0m[2m=[0m6.72
[2m2026-04-12T20:19:10.092559Z[0m [34mDEBUG[0m [2mmercury::engine::detector[0m[2m:[0m No arb pairs registered for market — skipping detection [3mmarket_id[0m[2m=[0m189bf673-b643-45a5-be39-c4a3275d71a0
[2m2026-04-12T20:19:10.092572Z[0m [34mDEBUG[0m [2mmercury::engine::market_actor[0m[2m:[0m Tick received — running arb detection [3mmarket_id[0m[2m=[0m39a28b31-a7f7-4e16-b2f1-1e1948be289c [3mplatform[0m[2m=[0mPolymarket [3mbid[0m[2m=[0m0.39 [3mask[0m[2m=[0m0.4 [3mmid[0m[2m=[0m0.3950 [3mbid_size[0m[2m=[0m62.06 [3mask_size[0m[2m=[0m5
[2m2026-04-12T20:19:10.092659Z[0m [34mDEBUG[0m [2mmercury::engine::detector[0m[2m:[0m No arb pairs registered for market — skipping detection [3mmarket_id[0m[2m=[0mbc548cd4-ced9-48e8-b131-410c92fb3a0e
[2m2026-04-12T20:19:10.092667Z[0m [34mDEBUG[0m [2mmercury::engine::market_actor[0m[2m:[0m Tick received — running arb detection [3mmarket_id[0m[2m=[0m189bf673-b643-45a5-be39-c4a3275d71a0 [3mplatform[0m[2m=[0mPolymarket [3mbid[0m[2m=[0m0.4 [3mask[0m[2m=[0m0.41 [3mmid[0m[2m=[0m0.4050 [3mbid_size[0m[2m=[0m1692.54 [3mask_size[0m[2m=[0m5
[2m2026-04-12T20:19:10.092731Z[0m [34mDEBUG[0m [2mmercury::engine::detector[0m[2m:[0m No arb pairs registered for market — skipping detection [3mmarket_id[0m[2m=[0m39a28b31-a7f7-4e16-b2f1-1e1948be289c
[2m2026-04-12T20:19:10.092739Z[0m [34mDEBUG[0m [2mmercury::engine::market_actor[0m[2m:[0m Tick received — running arb detection [3mmarket_id[0m[2m=[0mbc548cd4-ced9-48e8-b131-410c92fb3a0e [3mplatform[0m[2m=[0mPolymarket [3mbid[0m[2m=[0m0.36 [3mask[0m[2m=[0m0.4 [3mmid[0m[2m=[0m0.38 [3mbid_size[0m[2m=[0m36.72 [3mask_size[0m[2m=[0m6.72
[2m2026-04-12T20:19:10.092800Z[0m [34mDEBUG[0m [2mmercury::engine::detector[0m[2m:[0m No arb pairs registered for market — skipping detection [3mmarket_id[0m[2m=[0m189bf673-b643-45a5-be39-c4a3275d71a0
[2m2026-04-12T20:19:10.092806Z[0m [34mDEBUG[0m [2mmercury::engine::market_actor[0m[2m:[0m Tick received — running arb detection [3mmarket_id[0m[2m=[0m39a28b31-a7f7-4e16-b2f1-1e1948be289c [3mplatform[0m[2m=[0mPolymarket [3mbid[0m[2m=[0m0.39 [3mask[0m[2m=[0m0.4 [3mmid[0m[2m=[0m0.3950 [3mbid_size[0m[2m=[0m67.06 [3mask_size[0m[2m=[0m5
[2m2026-04-12T20:19:10.092872Z[0m [34mDEBUG[0m [2mmercury::engine::detector[0m[2m:[0m No arb pairs registered for market — skipping detection [3mmarket_id[0m[2m=[0mbc548cd4-ced9-48e8-b131-410c92fb3a0e
[2m2026-04-12T20:19:10.092882Z[0m [34mDEBUG[0m [2mmercury::engine::market_actor[0m[2m:[0m Tick received — running arb detection [3mmarket_id[0m[2m=[0m189bf673-b643-45a5-be39-c4a3275d71a0 [3mplatform[0m[2m=[0mPolymarket [3mbid[0m[2m=[0m0.4 [3mask[0m[2m=[0m0.41 [3mmid[0m[2m=[0m0.4050 [3mbid_size[0m[2m=[0m1692.54 [3mask_size[0m[2m=[0m5
[2m2026-04-12T20:19:10.092936Z[0m [34mDEBUG[0m [2mmercury::engine::detector[0m[2m:[0m No arb pairs registered for market — skipping detection [3mmarket_id[0m[2m=[0m39a28b31-a7f7-4e16-b2f1-1e1948be289c
[2m2026-04-12T20:19:10.092944Z[0m [34mDEBUG[0m [2mmercury::engine::market_actor[0m[2m:[0m Tick received — running arb detection [3mmarket_id[0m[2m=[0mbc548cd4-ced9-48e8-b131-410c92fb3a0e [3mplatform[0m[2m=[0mPolymarket [3mbid[0m[2m=[0m0.36 [3mask[0m[2m=[0m0.4 [3mmid[0m[2m=[0m0.38 [3mbid_size[0m[2m=[0m136.72 [3mask_size[0m[2m=[0m6.72
[2m2026-04-12T20:19:10.093004Z[0m [34mDEBUG[0m [2mmercury::engine::detector[0m[2m:[0m No arb pairs registered for market — skipping detection [3mmarket_id[0m[2m=[0m189bf673-b643-45a5-be39-c4a3275d71a0
[2m2026-04-12T20:19:10.093068Z[0m [34mDEBUG[0m [2mmercury::engine::detector[0m[2m:[0m No arb pairs registered for market — skipping detection [3mmarket_id[0m[2m=[0mbc548cd4-ced9-48e8-b131-410c92fb3a0e
[2m2026-04-12T20:19:10.093077Z[0m [34mDEBUG[0m [2mmercury::engine::market_actor[0m[2m:[0m Tick received — running arb detection [3mmarket_id[0m[2m=[0m189bf673-b643-45a5-be39-c4a3275d71a0 [3mplatform[0m[2m=[0mPolymarket [3mbid[0m[2m=[0m0.4 [3mask[0m[2m=[0m0.41 [3mmid[0m[2m=[0m0.4050 [3mbid_size[0m[2m=[0m1692.54 [3mask_size[0m[2m=[0m5
[2m2026-04-12T20:19:10.093138Z[0m [34mDEBUG[0m [2mmercury::engine::market_actor[0m[2m:[0m Tick received — running arb detection [3mmarket_id[0m[2m=[0mbc548cd4-ced9-48e8-b131-410c92fb3a0e [3mplatform[0m[2m=[0mPolymarket [3mbid[0m[2m=[0m0.36 [3mask[0m[2m=[0m0.4 [3mmid[0m[2m=[0m0.38 [3mbid_size[0m[2m=[0m136.72 [3mask_size[0m[2m=[0m6.72
[2m2026-04-12T20:19:10.093163Z[0m [34mDEBUG[0m [2mmercury::engine::detector[0m[2m:[0m No arb pairs registered for market — skipping detection [3mmarket_id[0m[2m=[0m189bf673-b643-45a5-be39-c4a3275d71a0
[2m2026-04-12T20:19:10.093212Z[0m [34mDEBUG[0m [2mmercury::engine::market_actor[0m[2m:[0m Tick received — running arb detection [3mmarket_id[0m[2m=[0m39a28b31-a7f7-4e16-b2f1-1e1948be289c [3mplatform[0m[2m=[0mPolymarket [3mbid[0m[2m=[0m0.39 [3mask[0m[2m=[0m0.4 [3mmid[0m[2m=[0m0.3950 [3mbid_size[0m[2m=[0m67.06 [3mask_size[0m[2m=[0m5
[2m2026-04-12T20:19:10.093231Z[0m [34mDEBUG[0m [2mmercury::engine::detector[0m[2m:[0m No arb pairs registered for market — skipping detection [3mmarket_id[0m[2m=[0mbc548cd4-ced9-48e8-b131-410c92fb3a0e
[2m2026-04-12T20:19:10.093237Z[0m [34mDEBUG[0m [2mmercury::engine::market_actor[0m[2m:[0m Tick received — running arb detection [3mmarket_id[0m[2m=[0m189bf673-b643-45a5-be39-c4a3275d71a0 [3mplatform[0m[2m=[0mPolymarket [3mbid[0m[2m=[0m0.4 [3mask[0m[2m=[0m0.41 [3mmid[0m[2m=[0m0.4050 [3mbid_size[0m[2m=[0m1692.54 [3mask_size[0m[2m=[0m5
[2m2026-04-12T20:19:10.093311Z[0m [34mDEBUG[0m [2mmercury::engine::detector[0m[2m:[0m No arb pairs registered for market — skipping detection [3mmarket_id[0m[2m=[0m39a28b31-a7f7-4e16-b2f1-1e1948be289c
[2m2026-04-12T20:19:10.093330Z[0m [34mDEBUG[0m [2mmercury::engine::market_actor[0m[2m:[0m Tick received — running arb detection [3mmarket_id[0m[2m=[0m2285bae6-253b-4085-b0d1-0af34b5530b6 [3mplatform[0m[2m=[0mPolymarket [3mbid[0m[2m=[0m0.41 [3mask[0m[2m=[0m0.43 [3mmid[0m[2m=[0m0.42 [3mbid_size[0m[2m=[0m80 [3mask_size[0m[2m=[0m6
[2m2026-04-12T20:19:10.093375Z[0m [34mDEBUG[0m [2mmercury::engine::detector[0m[2m:[0m No arb pairs registered for market — skipping detection [3mmarket_id[0m[2m=[0m189bf673-b643-45a5-be39-c4a3275d71a0
[2m2026-04-12T20:19:10.093398Z[0m [34mDEBUG[0m [2mmercury::engine::market_actor[0m[2m:[0m Tick received — running arb detection [3mmarket_id[0m[2m=[0m39a28b31-a7f7-4e16-b2f1-1e1948be289c [3mplatform[0m[2m=[0mPolymarket [3mbid[0m[2m=[0m0.39 [3mask[0m[2m=[0m0.4 [3mmid[0m[2m=[0m0.3950 [3mbid_size[0m[2m=[0m67.06 [3mask_size[0m[2m=[0m5
[2m2026-04-12T20:19:10.093442Z[0m [34mDEBUG[0m [2mmercury::engine::detector[0m[2m:[0m No arb pairs registered for market — skipping detection [3mmarket_id[0m[2m=[0m2285bae6-253b-4085-b0d1-0af34b5530b6
[2m2026-04-12T20:19:10.093450Z[0m [34mDEBUG[0m [2mmercury::engine::market_actor[0m[2m:[0m Tick received — running arb detection [3mmarket_id[0m[2m=[0m189bf673-b643-45a5-be39-c4a3275d71a0 [3mplatform[0m[2m=[0mPolymarket [3mbid[0m[2m=[0m0.4 [3mask[0m[2m=[0m0.41 [3mmid[0m[2m=[0m0.4050 [3mbid_size[0m[2m=[0m1692.54 [3mask_size[0m[2m=[0m5
[2m2026-04-12T20:19:10.093506Z[0m [34mDEBUG[0m [2mmercury::engine::detector[0m[2m:[0m No arb pairs registered for market — skipping detection [3mmarket_id[0m[2m=[0m39a28b31-a7f7-4e16-b2f1-1e1948be289c
[2m2026-04-12T20:19:10.093514Z[0m [34mDEBUG[0m [2mmercury::engine::market_actor[0m[2m:[0m Tick received — running arb detection [3mmarket_id[0m[2m=[0m2285bae6-253b-4085-b0d1-0af34b5530b6 [3mplatform[0m[2m=[0mPolymarket [3mbid[0m[2m=[0m0.41 [3mask[0m[2m=[0m0.43 [3mmid[0m[2m=[0m0.42 [3mbid_size[0m[2m=[0m80 [3mask_size[0m[2m=[0m6
[2m2026-04-12T20:19:10.093593Z[0m [34mDEBUG[0m [2mmercury::engine::detector[0m[2m:[0m No arb pairs registered for market — skipping detection [3mmarket_id[0m[2m=[0m189bf673-b643-45a5-be39-c4a3275d71a0
[2m2026-04-12T20:19:10.093596Z[0m [34mDEBUG[0m [2mmercury::engine::market_actor[0m[2m:[0m Tick received — running arb detection [3mmarket_id[0m[2m=[0m39a28b31-a7f7-4e16-b2f1-1e1948be289c [3mplatform[0m[2m=[0mPolymarket [3mbid[0m[2m=[0m0.39 [3mask[0m[2m=[0m0.4 [3mmid[0m[2m=[0m0.3950 [3mbid_size[0m[2m=[0m67.06 [3mask_size[0m[2m=[0m5
[2m2026-04-12T20:19:10.093668Z[0m [34mDEBUG[0m [2mmercury::engine::detector[0m[2m:[0m No arb pairs registered for market — skipping detection [3mmarket_id[0m[2m=[0m2285bae6-253b-4085-b0d1-0af34b5530b6
[2m2026-04-12T20:19:10.093678Z[0m [34mDEBUG[0m [2mmercury::engine::market_actor[0m[2m:[0m Tick received — running arb detection [3mmarket_id[0m[2m=[0m189bf673-b643-45a5-be39-c4a3275d71a0 [3mplatform[0m[2m=[0mPolymarket [3mbid[0m[2m=[0m0.4 [3mask[0m[2m=[0m0.41 [3mmid[0m[2m=[0m0.4050 [3mbid_size[0m[2m=[0m1692.54 [3mask_size[0m[2m=[0m5
[2m2026-04-12T20:19:10.093730Z[0m [34mDEBUG[0m [2mmercury::engine::detector[0m[2m:[0m No arb pairs registered for market — skipping detection [3mmarket_id[0m[2m=[0m39a28b31-a7f7-4e16-b2f1-1e1948be289c
[2m2026-04-12T20:19:10.093737Z[0m [34mDEBUG[0m [2mmercury::engine::market_actor[0m[2m:[0m Tick received — running arb detection [3mmarket_id[0m[2m=[0m2285bae6-253b-4085-b0d1-0af34b5530b6 [3mplatform[0m[2m=[0mPolymarket [3mbid[0m[2m=[0m0.41 [3mask[0m[2m=[0m0.43 [3mmid[0m[2m=[0m0.42 [3mbid_size[0m[2m=[0m90 [3mask_size[0m[2m=[0m6
[2m2026-04-12T20:19:10.093789Z[0m [34mDEBUG[0m [2mmercury::engine::detector[0m[2m:[0m No arb pairs registered for market — skipping detection [3mmarket_id[0m[2m=[0m189bf673-b643-45a5-be39-c4a3275d71a0
[2m2026-04-12T20:19:10.093851Z[0m [34mDEBUG[0m [2mmercury::engine::detector[0m[2m:[0m No arb pairs registered for market — skipping detection [3mmarket_id[0m[2m=[0m2285bae6-253b-4085-b0d1-0af34b5530b6
[2m2026-04-12T20:19:10.093859Z[0m [34mDEBUG[0m [2mmercury::engine::market_actor[0m[2m:[0m Tick received — running arb detection [3mmarket_id[0m[2m=[0m189bf673-b643-45a5-be39-c4a3275d71a0 [3mplatform[0m[2m=[0mPolymarket [3mbid[0m[2m=[0m0.4 [3mask[0m[2m=[0m0.41 [3mmid[0m[2m=[0m0.4050 [3mbid_size[0m[2m=[0m1692.54 [3mask_size[0m[2m=[0m5
[2m2026-04-12T20:19:10.093873Z[0m [34mDEBUG[0m [2mmercury::engine::market_actor[0m[2m:[0m Tick received — running arb detection [3mmarket_id[0m[2m=[0mbc548cd4-ced9-48e8-b131-410c92fb3a0e [3mplatform[0m[2m=[0mPolymarket [3mbid[0m[2m=[0m0.36 [3mask[0m[2m=[0m0.4 [3mmid[0m[2m=[0m0.38 [3mbid_size[0m[2m=[0m166.72 [3mask_size[0m[2m=[0m6.72
[2m2026-04-12T20:19:10.093942Z[0m [34mDEBUG[0m [2mmercury::engine::detector[0m[2m:[0m No arb pairs registered for market — skipping detection [3mmarket_id[0m[2m=[0m189bf673-b643-45a5-be39-c4a3275d71a0
[2m2026-04-12T20:19:10.094007Z[0m [34mDEBUG[0m [2mmercury::engine::detector[0m[2m:[0m No arb pairs registered for market — skipping detection [3mmarket_id[0m[2m=[0mbc548cd4-ced9-48e8-b131-410c92fb3a0e
[2m2026-04-12T20:19:10.094007Z[0m [34mDEBUG[0m [2mmercury::engine::market_actor[0m[2m:[0m Tick received — running arb detection [3mmarket_id[0m[2m=[0m79e1f598-7189-438f-a66e-b184b04be477 [3mplatform[0m[2m=[0mPolymarket [3mbid[0m[2m=[0m0.49 [3mask[0m[2m=[0m0.5 [3mmid[0m[2m=[0m0.4950 [3mbid_size[0m[2m=[0m17 [3mask_size[0m[2m=[0m80.39
[2m2026-04-12T20:19:10.094011Z[0m [34mDEBUG[0m [2mmercury::engine::market_actor[0m[2m:[0m Tick received — running arb detection [3mmarket_id[0m[2m=[0m189bf673-b643-45a5-be39-c4a3275d71a0 [3mplatform[0m[2m=[0mPolymarket [3mbid[0m[2m=[0m0.4 [3mask[0m[2m=[0m0.41 [3mmid[0m[2m=[0m0.4050 [3mbid_size[0m[2m=[0m1692.54 [3mask_size[0m[2m=[0m5
[2m2026-04-12T20:19:10.094095Z[0m [34mDEBUG[0m [2mmercury::engine::detector[0m[2m:[0m No arb pairs registered for market — skipping detection [3mmarket_id[0m[2m=[0m79e1f598-7189-438f-a66e-b184b04be477
[2m2026-04-12T20:19:10.094155Z[0m [34mDEBUG[0m [2mmercury::engine::detector[0m[2m:[0m No arb pairs registered for market — skipping detection [3mmarket_id[0m[2m=[0m189bf673-b643-45a5-be39-c4a3275d71a0
[2m2026-04-12T20:19:10.094222Z[0m [34mDEBUG[0m [2mmercury::engine::market_actor[0m[2m:[0m Tick received — running arb detection [3mmarket_id[0m[2m=[0m189bf673-b643-45a5-be39-c4a3275d71a0 [3mplatform[0m[2m=[0mPolymarket [3mbid[0m[2m=[0m0.4 [3mask[0m[2m=[0m0.41 [3mmid[0m[2m=[0m0.4050 [3mbid_size[0m[2m=[0m1692.54 [3mask_size[0m[2m=[0m5
[2m2026-04-12T20:19:10.094250Z[0m [34mDEBUG[0m [2mmercury::engine::market_actor[0m[2m:[0m Tick received — running arb detection [3mmarket_id[0m[2m=[0mbc548cd4-ced9-48e8-b131-410c92fb3a0e [3mplatform[0m[2m=[0mPolymarket [3mbid[0m[2m=[0m0.36 [3mask[0m[2m=[0m0.4 [3mmid[0m[2m=[0m0.38 [3mbid_size[0m[2m=[0m166.72 [3mask_size[0m[2m=[0m6.72
[2m2026-04-12T20:19:10.094328Z[0m [34mDEBUG[0m [2mmercury::engine::detector[0m[2m:[0m No arb pairs registered for market — skipping detection [3mmarket_id[0m[2m=[0m189bf673-b643-45a5-be39-c4a3275d71a0
[2m2026-04-12T20:19:10.094382Z[0m [34mDEBUG[0m [2mmercury::engine::market_actor[0m[2m:[0m Tick received — running arb detection [3mmarket_id[0m[2m=[0m2285bae6-253b-4085-b0d1-0af34b5530b6 [3mplatform[0m[2m=[0mPolymarket [3mbid[0m[2m=[0m0.41 [3mask[0m[2m=[0m0.43 [3mmid[0m[2m=[0m0.42 [3mbid_size[0m[2m=[0m90 [3mask_size[0m[2m=[0m6
[2m2026-04-12T20:19:10.094399Z[0m [34mDEBUG[0m [2mmercury::engine::detector[0m[2m:[0m No arb pairs registered for market — skipping detection [3mmarket_id[0m[2m=[0mbc548cd4-ced9-48e8-b131-410c92fb3a0e
[2m2026-04-12T20:19:10.094407Z[0m [34mDEBUG[0m [2mmercury::engine::market_actor[0m[2m:[0m Tick received — running arb detection [3mmarket_id[0m[2m=[0m189bf673-b643-45a5-be39-c4a3275d71a0 [3mplatform[0m[2m=[0mPolymarket [3mbid[0m[2m=[0m0.4 [3mask[0m[2m=[0m0.41 [3mmid[0m[2m=[0m0.4050 [3mbid_size[0m[2m=[0m1692.54 [3mask_size[0m[2m=[0m5
[2m2026-04-12T20:19:10.094481Z[0m [34mDEBUG[0m [2mmercury::engine::detector[0m[2m:[0m No arb pairs registered for market — skipping detection [3mmarket_id[0m[2m=[0m2285bae6-253b-4085-b0d1-0af34b5530b6
[2m2026-04-12T20:19:10.094487Z[0m [34mDEBUG[0m [2mmercury::engine::market_actor[0m[2m:[0m Tick received — running arb detection [3mmarket_id[0m[2m=[0mbc548cd4-ced9-48e8-b131-410c92fb3a0e [3mplatform[0m[2m=[0mPolymarket [3mbid[0m[2m=[0m0.36 [3mask[0m[2m=[0m0.4 [3mmid[0m[2m=[0m0.38 [3mbid_size[0m[2m=[0m166.72 [3mask_size[0m[2m=[0m6.72
[2m2026-04-12T20:19:10.094550Z[0m [34mDEBUG[0m [2mmercury::engine::detector[0m[2m:[0m No arb pairs registered for market — skipping detection [3mmarket_id[0m[2m=[0m189bf673-b643-45a5-be39-c4a3275d71a0
[2m2026-04-12T20:19:10.094614Z[0m [34mDEBUG[0m [2mmercury::engine::detector[0m[2m:[0m No arb pairs registered for market — skipping detection [3mmarket_id[0m[2m=[0mbc548cd4-ced9-48e8-b131-410c92fb3a0e
[2m2026-04-12T20:19:10.094611Z[0m [34mDEBUG[0m [2mmercury::engine::market_actor[0m[2m:[0m Tick received — running arb detection [3mmarket_id[0m[2m=[0m39a28b31-a7f7-4e16-b2f1-1e1948be289c [3mplatform[0m[2m=[0mPolymarket [3mbid[0m[2m=[0m0.39 [3mask[0m[2m=[0m0.4 [3mmid[0m[2m=[0m0.3950 [3mbid_size[0m[2m=[0m67.06 [3mask_size[0m[2m=[0m5
[2m2026-04-12T20:19:10.094622Z[0m [34mDEBUG[0m [2mmercury::engine::market_actor[0m[2m:[0m Tick received — running arb detection [3mmarket_id[0m[2m=[0m189bf673-b643-45a5-be39-c4a3275d71a0 [3mplatform[0m[2m=[0mPolymarket [3mbid[0m[2m=[0m0.4 [3mask[0m[2m=[0m0.41 [3mmid[0m[2m=[0m0.4050 [3mbid_size[0m[2m=[0m1692.54 [3mask_size[0m[2m=[0m5
[2m2026-04-12T20:19:10.094682Z[0m [34mDEBUG[0m [2mmercury::engine::market_actor[0m[2m:[0m Tick received — running arb detection [3mmarket_id[0m[2m=[0mbc548cd4-ced9-48e8-b131-410c92fb3a0e [3mplatform[0m[2m=[0mPolymarket [3mbid[0m[2m=[0m0.36 [3mask[0m[2m=[0m0.4 [3mmid[0m[2m=[0m0.38 [3mbid_size[0m[2m=[0m166.72 [3mask_size[0m[2m=[0m6.72
[2m2026-04-12T20:19:10.094706Z[0m [34mDEBUG[0m [2mmercury::engine::detector[0m[2m:[0m No arb pairs registered for market — skipping detection [3mmarket_id[0m[2m=[0m189bf673-b643-45a5-be39-c4a3275d71a0
[2m2026-04-12T20:19:10.094706Z[0m [34mDEBUG[0m [2mmercury::engine::detector[0m[2m:[0m No arb pairs registered for market — skipping detection [3mmarket_id[0m[2m=[0m39a28b31-a7f7-4e16-b2f1-1e1948be289c
[2m2026-04-12T20:19:10.094778Z[0m [34mDEBUG[0m [2mmercury::engine::market_actor[0m[2m:[0m Tick received — running arb detection [3mmarket_id[0m[2m=[0m189bf673-b643-45a5-be39-c4a3275d71a0 [3mplatform[0m[2m=[0mPolymarket [3mbid[0m[2m=[0m0.4 [3mask[0m[2m=[0m0.41 [3mmid[0m[2m=[0m0.4050 [3mbid_size[0m[2m=[0m1692.54 [3mask_size[0m[2m=[0m5
[2m2026-04-12T20:19:10.094789Z[0m [34mDEBUG[0m [2mmercury::engine::detector[0m[2m:[0m No arb pairs registered for market — skipping detection [3mmarket_id[0m[2m=[0mbc548cd4-ced9-48e8-b131-410c92fb3a0e
[2m2026-04-12T20:19:10.094796Z[0m [34mDEBUG[0m [2mmercury::engine::market_actor[0m[2m:[0m Tick received — running arb detection [3mmarket_id[0m[2m=[0m39a28b31-a7f7-4e16-b2f1-1e1948be289c [3mplatform[0m[2m=[0mPolymarket [3mbid[0m[2m=[0m0.39 [3mask[0m[2m=[0m0.4 [3mmid[0m[2m=[0m0.3950 [3mbid_size[0m[2m=[0m67.06 [3mask_size[0m[2m=[0m5
[2m2026-04-12T20:19:10.094873Z[0m [34mDEBUG[0m [2mmercury::engine::detector[0m[2m:[0m No arb pairs registered for market — skipping detection [3mmarket_id[0m[2m=[0m189bf673-b643-45a5-be39-c4a3275d71a0
[2m2026-04-12T20:19:10.094884Z[0m [34mDEBUG[0m [2mmercury::engine::market_actor[0m[2m:[0m Tick received — running arb detection [3mmarket_id[0m[2m=[0mbc548cd4-ced9-48e8-b131-410c92fb3a0e [3mplatform[0m[2m=[0mPolymarket [3mbid[0m[2m=[0m0.36 [3mask[0m[2m=[0m0.4 [3mmid[0m[2m=[0m0.38 [3mbid_size[0m[2m=[0m166.72 [3mask_size[0m[2m=[0m6.72
[2m2026-04-12T20:19:10.094935Z[0m [34mDEBUG[0m [2mmercury::engine::detector[0m[2m:[0m No arb pairs registered for market — skipping detection [3mmarket_id[0m[2m=[0m39a28b31-a7f7-4e16-b2f1-1e1948be289c
[2m2026-04-12T20:19:10.094943Z[0m [34mDEBUG[0m [2mmercury::engine::market_actor[0m[2m:[0m Tick received — running arb detection [3mmarket_id[0m[2m=[0m189bf673-b643-45a5-be39-c4a3275d71a0 [3mplatform[0m[2m=[0mPolymarket [3mbid[0m[2m=[0m0.4 [3mask[0m[2m=[0m0.41 [3mmid[0m[2m=[0m0.4050 [3mbid_size[0m[2m=[0m1692.54 [3mask_size[0m[2m=[0m5
[2m2026-04-12T20:19:10.094994Z[0m [34mDEBUG[0m [2mmercury::engine::detector[0m[2m:[0m No arb pairs registered for market — skipping detection [3mmarket_id[0m[2m=[0mbc548cd4-ced9-48e8-b131-410c92fb3a0e
[2m2026-04-12T20:19:10.095002Z[0m [34mDEBUG[0m [2mmercury::engine::market_actor[0m[2m:[0m Tick received — running arb detection [3mmarket_id[0m[2m=[0m39a28b31-a7f7-4e16-b2f1-1e1948be289c [3mplatform[0m[2m=[0mPolymarket [3mbid[0m[2m=[0m0.39 [3mask[0m[2m=[0m0.4 [3mmid[0m[2m=[0m0.3950 [3mbid_size[0m[2m=[0m67.06 [3mask_size[0m[2m=[0m5
[2m2026-04-12T20:19:10.095060Z[0m [34mDEBUG[0m [2mmercury::engine::detector[0m[2m:[0m No arb pairs registered for market — skipping detection [3mmarket_id[0m[2m=[0m189bf673-b643-45a5-be39-c4a3275d71a0
[2m2026-04-12T20:19:10.095096Z[0m [34mDEBUG[0m [2mmercury::engine::market_actor[0m[2m:[0m Tick received — running arb detection [3mmarket_id[0m[2m=[0m79e1f598-7189-438f-a66e-b184b04be477 [3mplatform[0m[2m=[0mPolymarket [3mbid[0m[2m=[0m0.49 [3mask[0m[2m=[0m0.5 [3mmid[0m[2m=[0m0.4950 [3mbid_size[0m[2m=[0m17 [3mask_size[0m[2m=[0m80.39
[2m2026-04-12T20:19:10.095122Z[0m [34mDEBUG[0m [2mmercury::engine::detector[0m[2m:[0m No arb pairs registered for market — skipping detection [3mmarket_id[0m[2m=[0m39a28b31-a7f7-4e16-b2f1-1e1948be289c
[2m2026-04-12T20:19:10.095130Z[0m [34mDEBUG[0m [2mmercury::engine::market_actor[0m[2m:[0m Tick received — running arb detection [3mmarket_id[0m[2m=[0m189bf673-b643-45a5-be39-c4a3275d71a0 [3mplatform[0m[2m=[0mPolymarket [3mbid[0m[2m=[0m0.4 [3mask[0m[2m=[0m0.41 [3mmid[0m[2m=[0m0.4050 [3mbid_size[0m[2m=[0m1692.54 [3mask_size[0m[2m=[0m5
[2m2026-04-12T20:19:10.095179Z[0m [34mDEBUG[0m [2mmercury::engine::detector[0m[2m:[0m No arb pairs registered for market — skipping detection [3mmarket_id[0m[2m=[0m79e1f598-7189-438f-a66e-b184b04be477
[2m2026-04-12T20:19:10.095190Z[0m [34mDEBUG[0m [2mmercury::engine::market_actor[0m[2m:[0m Tick received — running arb detection [3mmarket_id[0m[2m=[0m39a28b31-a7f7-4e16-b2f1-1e1948be289c [3mplatform[0m[2m=[0mPolymarket [3mbid[0m[2m=[0m0.39 [3mask[0m[2m=[0m0.4 [3mmid[0m[2m=[0m0.3950 [3mbid_size[0m[2m=[0m72.06 [3mask_size[0m[2m=[0m5
[2m2026-04-12T20:19:10.095238Z[0m [34mDEBUG[0m [2mmercury::engine::detector[0m[2m:[0m No arb pairs registered for market — skipping detection [3mmarket_id[0m[2m=[0m189bf673-b643-45a5-be39-c4a3275d71a0
[2m2026-04-12T20:19:10.095244Z[0m [34mDEBUG[0m [2mmercury::engine::market_actor[0m[2m:[0m Tick received — running arb detection [3mmarket_id[0m[2m=[0mbc548cd4-ced9-48e8-b131-410c92fb3a0e [3mplatform[0m[2m=[0mPolymarket [3mbid[0m[2m=[0m0.36 [3mask[0m[2m=[0m0.4 [3mmid[0m[2m=[0m0.38 [3mbid_size[0m[2m=[0m171.72 [3mask_size[0m[2m=[0m6.72
[2m2026-04-12T20:19:10.095296Z[0m [34mDEBUG[0m [2mmercury::engine::detector[0m[2m:[0m No arb pairs registered for market — skipping detection [3mmarket_id[0m[2m=[0m39a28b31-a7f7-4e16-b2f1-1e1948be289c
[2m2026-04-12T20:19:10.095304Z[0m [34mDEBUG[0m [2mmercury::engine::market_actor[0m[2m:[0m Tick received — running arb detection [3mmarket_id[0m[2m=[0m189bf673-b643-45a5-be39-c4a3275d71a0 [3mplatform[0m[2m=[0mPolymarket [3mbid[0m[2m=[0m0.4 [3mask[0m[2m=[0m0.41 [3mmid[0m[2m=[0m0.4050 [3mbid_size[0m[2m=[0m1722.54 [3mask_size[0m[2m=[0m5
[2m2026-04-12T20:19:10.095355Z[0m [34mDEBUG[0m [2mmercury::engine::detector[0m[2m:[0m No arb pairs registered for market — skipping detection [3mmarket_id[0m[2m=[0mbc548cd4-ced9-48e8-b131-410c92fb3a0e
[2m2026-04-12T20:19:10.095424Z[0m [34mDEBUG[0m [2mmercury::engine::detector[0m[2m:[0m No arb pairs registered for market — skipping detection [3mmarket_id[0m[2m=[0m189bf673-b643-45a5-be39-c4a3275d71a0
[2m2026-04-12T20:19:10.095424Z[0m [34mDEBUG[0m [2mmercury::engine::market_actor[0m[2m:[0m Tick received — running arb detection [3mmarket_id[0m[2m=[0m39a28b31-a7f7-4e16-b2f1-1e1948be289c [3mplatform[0m[2m=[0mPolymarket [3mbid[0m[2m=[0m0.39 [3mask[0m[2m=[0m0.4 [3mmid[0m[2m=[0m0.3950 [3mbid_size[0m[2m=[0m72.06 [3mask_size[0m[2m=[0m5
[2m2026-04-12T20:19:10.095509Z[0m [34mDEBUG[0m [2mmercury::engine::detector[0m[2m:[0m No arb pairs registered for market — skipping detection [3mmarket_id[0m[2m=[0m39a28b31-a7f7-4e16-b2f1-1e1948be289c
[2m2026-04-12T20:19:10.095502Z[0m [34mDEBUG[0m [2mmercury::engine::market_actor[0m[2m:[0m Tick received — running arb detection [3mmarket_id[0m[2m=[0m189bf673-b643-45a5-be39-c4a3275d71a0 [3mplatform[0m[2m=[0mPolymarket [3mbid[0m[2m=[0m0.4 [3mask[0m[2m=[0m0.41 [3mmid[0m[2m=[0m0.4050 [3mbid_size[0m[2m=[0m1722.54 [3mask_size[0m[2m=[0m5
[2m2026-04-12T20:19:10.095504Z[0m [34mDEBUG[0m [2mmercury::engine::market_actor[0m[2m:[0m Tick received — running arb detection [3mmarket_id[0m[2m=[0mbc548cd4-ced9-48e8-b131-410c92fb3a0e [3mplatform[0m[2m=[0mPolymarket [3mbid[0m[2m=[0m0.36 [3mask[0m[2m=[0m0.4 [3mmid[0m[2m=[0m0.38 [3mbid_size[0m[2m=[0m171.72 [3mask_size[0m[2m=[0m6.72
[2m2026-04-12T20:19:10.095603Z[0m [34mDEBUG[0m [2mmercury::engine::detector[0m[2m:[0m No arb pairs registered for market — skipping detection [3mmarket_id[0m[2m=[0m189bf673-b643-45a5-be39-c4a3275d71a0
[2m2026-04-12T20:19:10.095665Z[0m [34mDEBUG[0m [2mmercury::engine::detector[0m[2m:[0m No arb pairs registered for market — skipping detection [3mmarket_id[0m[2m=[0mbc548cd4-ced9-48e8-b131-410c92fb3a0e
[2m2026-04-12T20:19:10.095673Z[0m [34mDEBUG[0m [2mmercury::engine::market_actor[0m[2m:[0m Tick received — running arb detection [3mmarket_id[0m[2m=[0m189bf673-b643-45a5-be39-c4a3275d71a0 [3mplatform[0m[2m=[0mPolymarket [3mbid[0m[2m=[0m0.4 [3mask[0m[2m=[0m0.41 [3mmid[0m[2m=[0m0.4050 [3mbid_size[0m[2m=[0m1722.54 [3mask_size[0m[2m=[0m5
[2m2026-04-12T20:19:10.095732Z[0m [34mDEBUG[0m [2mmercury::engine::market_actor[0m[2m:[0m Tick received — running arb detection [3mmarket_id[0m[2m=[0mbc548cd4-ced9-48e8-b131-410c92fb3a0e [3mplatform[0m[2m=[0mPolymarket [3mbid[0m[2m=[0m0.36 [3mask[0m[2m=[0m0.4 [3mmid[0m[2m=[0m0.38 [3mbid_size[0m[2m=[0m171.72 [3mask_size[0m[2m=[0m6.72
[2m2026-04-12T20:19:10.095757Z[0m [34mDEBUG[0m [2mmercury::engine::detector[0m[2m:[0m No arb pairs registered for market — skipping detection [3mmarket_id[0m[2m=[0m189bf673-b643-45a5-be39-c4a3275d71a0
[2m2026-04-12T20:19:10.095823Z[0m [34mDEBUG[0m [2mmercury::engine::detector[0m[2m:[0m No arb pairs registered for market — skipping detection [3mmarket_id[0m[2m=[0mbc548cd4-ced9-48e8-b131-410c92fb3a0e
[2m2026-04-12T20:19:10.095834Z[0m [34mDEBUG[0m [2mmercury::engine::market_actor[0m[2m:[0m Tick received — running arb detection [3mmarket_id[0m[2m=[0m189bf673-b643-45a5-be39-c4a3275d71a0 [3mplatform[0m[2m=[0mPolymarket [3mbid[0m[2m=[0m0.4 [3mask[0m[2m=[0m0.41 [3mmid[0m[2m=[0m0.4050 [3mbid_size[0m[2m=[0m1722.54 [3mask_size[0m[2m=[0m5
[2m2026-04-12T20:19:10.095890Z[0m [34mDEBUG[0m [2mmercury::engine::market_actor[0m[2m:[0m Tick received — running arb detection [3mmarket_id[0m[2m=[0mbc548cd4-ced9-48e8-b131-410c92fb3a0e [3mplatform[0m[2m=[0mPolymarket [3mbid[0m[2m=[0m0.36 [3mask[0m[2m=[0m0.4 [3mmid[0m[2m=[0m0.38 [3mbid_size[0m[2m=[0m171.72 [3mask_size[0m[2m=[0m6.72
[2m2026-04-12T20:19:10.095919Z[0m [34mDEBUG[0m [2mmercury::engine::detector[0m[2m:[0m No arb pairs registered for market — skipping detection [3mmarket_id[0m[2m=[0m189bf673-b643-45a5-be39-c4a3275d71a0
[2m2026-04-12T20:19:10.095972Z[0m [34mDEBUG[0m [2mmercury::engine::detector[0m[2m:[0m No arb pairs registered for market — skipping detection [3mmarket_id[0m[2m=[0mbc548cd4-ced9-48e8-b131-410c92fb3a0e
[2m2026-04-12T20:19:10.095983Z[0m [34mDEBUG[0m [2mmercury::engine::market_actor[0m[2m:[0m Tick received — running arb detection [3mmarket_id[0m[2m=[0m189bf673-b643-45a5-be39-c4a3275d71a0 [3mplatform[0m[2m=[0mPolymarket [3mbid[0m[2m=[0m0.4 [3mask[0m[2m=[0m0.41 [3mmid[0m[2m=[0m0.4050 [3mbid_size[0m[2m=[0m1722.54 [3mask_size[0m[2m=[0m5
[2m2026-04-12T20:19:10.096037Z[0m [34mDEBUG[0m [2mmercury::engine::market_actor[0m[2m:[0m Tick received — running arb detection [3mmarket_id[0m[2m=[0mbc548cd4-ced9-48e8-b131-410c92fb3a0e [3mplatform[0m[2m=[0mPolymarket [3mbid[0m[2m=[0m0.36 [3mask[0m[2m=[0m0.4 [3mmid[0m[2m=[0m0.38 [3mbid_size[0m[2m=[0m171.72 [3mask_size[0m[2m=[0m6.72
[2m2026-04-12T20:19:10.096070Z[0m [34mDEBUG[0m [2mmercury::engine::detector[0m[2m:[0m No arb pairs registered for market — skipping detection [3mmarket_id[0m[2m=[0m189bf673-b643-45a5-be39-c4a3275d71a0
[2m2026-04-12T20:19:10.096144Z[0m [34mDEBUG[0m [2mmercury::engine::detector[0m[2m:[0m No arb pairs registered for market — skipping detection [3mmarket_id[0m[2m=[0mbc548cd4-ced9-48e8-b131-410c92fb3a0e
[2m2026-04-12T20:19:10.096137Z[0m [34mDEBUG[0m [2mmercury::engine::market_actor[0m[2m:[0m Tick received — running arb detection [3mmarket_id[0m[2m=[0m189bf673-b643-45a5-be39-c4a3275d71a0 [3mplatform[0m[2m=[0mPolymarket [3mbid[0m[2m=[0m0.4 [3mask[0m[2m=[0m0.41 [3mmid[0m[2m=[0m0.4050 [3mbid_size[0m[2m=[0m1722.54 [3mask_size[0m[2m=[0m5
[2m2026-04-12T20:19:10.096235Z[0m [34mDEBUG[0m [2mmercury::engine::detector[0m[2m:[0m No arb pairs registered for market — skipping detection [3mmarket_id[0m[2m=[0m189bf673-b643-45a5-be39-c4a3275d71a0
[2m2026-04-12T20:19:10.149772Z[0m [32m INFO[0m [2mmercury::feeds::discovery[0m[2m:[0m Polymarket general markets fetched [3mcount[0m[2m=[0m63
[2m2026-04-12T20:19:10.165011Z[0m [34mDEBUG[0m [2mmercury::engine::market_actor[0m[2m:[0m Tick received — running arb detection [3mmarket_id[0m[2m=[0mbc548cd4-ced9-48e8-b131-410c92fb3a0e [3mplatform[0m[2m=[0mPolymarket [3mbid[0m[2m=[0m0.36 [3mask[0m[2m=[0m0.4 [3mmid[0m[2m=[0m0.38 [3mbid_size[0m[2m=[0m171.72 [3mask_size[0m[2m=[0m6.72
[2m2026-04-12T20:19:10.165063Z[0m [34mDEBUG[0m [2mmercury::engine::market_actor[0m[2m:[0m Tick received — running arb detection [3mmarket_id[0m[2m=[0m39a28b31-a7f7-4e16-b2f1-1e1948be289c [3mplatform[0m[2m=[0mPolymarket [3mbid[0m[2m=[0m0.39 [3mask[0m[2m=[0m0.4 [3mmid[0m[2m=[0m0.3950 [3mbid_size[0m[2m=[0m72.06 [3mask_size[0m[2m=[0m5
[2m2026-04-12T20:19:10.165034Z[0m [34mDEBUG[0m [2mmercury::engine::market_actor[0m[2m:[0m Tick received — running arb detection [3mmarket_id[0m[2m=[0m79e1f598-7189-438f-a66e-b184b04be477 [3mplatform[0m[2m=[0mPolymarket [3mbid[0m[2m=[0m0.49 [3mask[0m[2m=[0m0.5 [3mmid[0m[2m=[0m0.4950 [3mbid_size[0m[2m=[0m17 [3mask_size[0m[2m=[0m80.39
[2m2026-04-12T20:19:10.165184Z[0m [34mDEBUG[0m [2mmercury::engine::detector[0m[2m:[0m No arb pairs registered for market — skipping detection [3mmarket_id[0m[2m=[0mbc548cd4-ced9-48e8-b131-410c92fb3a0e
[2m2026-04-12T20:19:10.165159Z[0m [34mDEBUG[0m [2mmercury::engine::market_actor[0m[2m:[0m Tick received — running arb detection [3mmarket_id[0m[2m=[0m189bf673-b643-45a5-be39-c4a3275d71a0 [3mplatform[0m[2m=[0mPolymarket [3mbid[0m[2m=[0m0.4 [3mask[0m[2m=[0m0.41 [3mmid[0m[2m=[0m0.4050 [3mbid_size[0m[2m=[0m1722.54 [3mask_size[0m[2m=[0m5
[2m2026-04-12T20:19:10.165282Z[0m [34mDEBUG[0m [2mmercury::engine::detector[0m[2m:[0m No arb pairs registered for market — skipping detection [3mmarket_id[0m[2m=[0m79e1f598-7189-438f-a66e-b184b04be477
[2m2026-04-12T20:19:10.165369Z[0m [34mDEBUG[0m [2mmercury::engine::detector[0m[2m:[0m No arb pairs registered for market — skipping detection [3mmarket_id[0m[2m=[0m39a28b31-a7f7-4e16-b2f1-1e1948be289c
[2m2026-04-12T20:19:10.165455Z[0m [34mDEBUG[0m [2mmercury::engine::detector[0m[2m:[0m No arb pairs registered for market — skipping detection [3mmarket_id[0m[2m=[0m189bf673-b643-45a5-be39-c4a3275d71a0
[2m2026-04-12T20:19:10.165452Z[0m [34mDEBUG[0m [2mmercury::engine::market_actor[0m[2m:[0m Tick received — running arb detection [3mmarket_id[0m[2m=[0m39a28b31-a7f7-4e16-b2f1-1e1948be289c [3mplatform[0m[2m=[0mPolymarket [3mbid[0m[2m=[0m0.39 [3mask[0m[2m=[0m0.4 [3mmid[0m[2m=[0m0.3950 [3mbid_size[0m[2m=[0m72.06 [3mask_size[0m[2m=[0m5
[2m2026-04-12T20:19:10.165563Z[0m [34mDEBUG[0m [2mmercury::engine::market_actor[0m[2m:[0m Tick received — running arb detection [3mmarket_id[0m[2m=[0m189bf673-b643-45a5-be39-c4a3275d71a0 [3mplatform[0m[2m=[0mPolymarket [3mbid[0m[2m=[0m0.4 [3mask[0m[2m=[0m0.41 [3mmid[0m[2m=[0m0.4050 [3mbid_size[0m[2m=[0m1722.54 [3mask_size[0m[2m=[0m5
[2m2026-04-12T20:19:10.165604Z[0m [34mDEBUG[0m [2mmercury::engine::market_actor[0m[2m:[0m Tick received — running arb detection [3mmarket_id[0m[2m=[0m79e1f598-7189-438f-a66e-b184b04be477 [3mplatform[0m[2m=[0mPolymarket [3mbid[0m[2m=[0m0.49 [3mask[0m[2m=[0m0.5 [3mmid[0m[2m=[0m0.4950 [3mbid_size[0m[2m=[0m17 [3mask_size[0m[2m=[0m80.39
[2m2026-04-12T20:19:10.165598Z[0m [34mDEBUG[0m [2mmercury::engine::detector[0m[2m:[0m No arb pairs registered for market — skipping detection [3mmarket_id[0m[2m=[0m39a28b31-a7f7-4e16-b2f1-1e1948be289c
[2m2026-04-12T20:19:10.165740Z[0m [34mDEBUG[0m [2mmercury::engine::market_actor[0m[2m:[0m Tick received — running arb detection [3mmarket_id[0m[2m=[0m39a28b31-a7f7-4e16-b2f1-1e1948be289c [3mplatform[0m[2m=[0mPolymarket [3mbid[0m[2m=[0m0.39 [3mask[0m[2m=[0m0.4 [3mmid[0m[2m=[0m0.3950 [3mbid_size[0m[2m=[0m72.06 [3mask_size[0m[2m=[0m5
[2m2026-04-12T20:19:10.165753Z[0m [34mDEBUG[0m [2mmercury::engine::market_actor[0m[2m:[0m Tick received — running arb detection [3mmarket_id[0m[2m=[0mbc548cd4-ced9-48e8-b131-410c92fb3a0e [3mplatform[0m[2m=[0mPolymarket [3mbid[0m[2m=[0m0.36 [3mask[0m[2m=[0m0.4 [3mmid[0m[2m=[0m0.38 [3mbid_size[0m[2m=[0m171.72 [3mask_size[0m[2m=[0m6.72
[2m2026-04-12T20:19:10.165762Z[0m [34mDEBUG[0m [2mmercury::engine::detector[0m[2m:[0m No arb pairs registered for market — skipping detection [3mmarket_id[0m[2m=[0m189bf673-b643-45a5-be39-c4a3275d71a0
[2m2026-04-12T20:19:10.165838Z[0m [34mDEBUG[0m [2mmercury::engine::market_actor[0m[2m:[0m Tick received — running arb detection [3mmarket_id[0m[2m=[0m2285bae6-253b-4085-b0d1-0af34b5530b6 [3mplatform[0m[2m=[0mPolymarket [3mbid[0m[2m=[0m0.41 [3mask[0m[2m=[0m0.43 [3mmid[0m[2m=[0m0.42 [3mbid_size[0m[2m=[0m90 [3mask_size[0m[2m=[0m6
[2m2026-04-12T20:19:10.165900Z[0m [34mDEBUG[0m [2mmercury::engine::market_actor[0m[2m:[0m Tick received — running arb detection [3mmarket_id[0m[2m=[0m189bf673-b643-45a5-be39-c4a3275d71a0 [3mplatform[0m[2m=[0mPolymarket [3mbid[0m[2m=[0m0.4 [3mask[0m[2m=[0m0.41 [3mmid[0m[2m=[0m0.4050 [3mbid_size[0m[2m=[0m1722.54 [3mask_size[0m[2m=[0m5
[2m2026-04-12T20:19:10.165944Z[0m [34mDEBUG[0m [2mmercury::engine::detector[0m[2m:[0m No arb pairs registered for market — skipping detection [3mmarket_id[0m[2m=[0m39a28b31-a7f7-4e16-b2f1-1e1948be289c
[2m2026-04-12T20:19:10.165949Z[0m [34mDEBUG[0m [2mmercury::engine::detector[0m[2m:[0m No arb pairs registered for market — skipping detection [3mmarket_id[0m[2m=[0m79e1f598-7189-438f-a66e-b184b04be477
[2m2026-04-12T20:19:10.166090Z[0m [34mDEBUG[0m [2mmercury::engine::detector[0m[2m:[0m No arb pairs registered for market — skipping detection [3mmarket_id[0m[2m=[0mbc548cd4-ced9-48e8-b131-410c92fb3a0e
[2m2026-04-12T20:19:10.166094Z[0m [34mDEBUG[0m [2mmercury::engine::detector[0m[2m:[0m No arb pairs registered for market — skipping detection [3mmarket_id[0m[2m=[0m2285bae6-253b-4085-b0d1-0af34b5530b6
[2m2026-04-12T20:19:10.166178Z[0m [34mDEBUG[0m [2mmercury::engine::market_actor[0m[2m:[0m Tick received — running arb detection [3mmarket_id[0m[2m=[0mbc548cd4-ced9-48e8-b131-410c92fb3a0e [3mplatform[0m[2m=[0mPolymarket [3mbid[0m[2m=[0m0.36 [3mask[0m[2m=[0m0.4 [3mmid[0m[2m=[0m0.38 [3mbid_size[0m[2m=[0m171.72 [3mask_size[0m[2m=[0m6.72
[2m2026-04-12T20:19:10.166193Z[0m [34mDEBUG[0m [2mmercury::engine::market_actor[0m[2m:[0m Tick received — running arb detection [3mmarket_id[0m[2m=[0m2285bae6-253b-4085-b0d1-0af34b5530b6 [3mplatform[0m[2m=[0mPolymarket [3mbid[0m[2m=[0m0.41 [3mask[0m[2m=[0m0.43 [3mmid[0m[2m=[0m0.42 [3mbid_size[0m[2m=[0m90 [3mask_size[0m[2m=[0m6
[2m2026-04-12T20:19:10.166201Z[0m [34mDEBUG[0m [2mmercury::engine::detector[0m[2m:[0m No arb pairs registered for market — skipping detection [3mmarket_id[0m[2m=[0m189bf673-b643-45a5-be39-c4a3275d71a0
[2m2026-04-12T20:19:10.166332Z[0m [34mDEBUG[0m [2mmercury::engine::market_actor[0m[2m:[0m Tick received — running arb detection [3mmarket_id[0m[2m=[0m189bf673-b643-45a5-be39-c4a3275d71a0 [3mplatform[0m[2m=[0mPolymarket [3mbid[0m[2m=[0m0.4 [3mask[0m[2m=[0m0.41 [3mmid[0m[2m=[0m0.4050 [3mbid_size[0m[2m=[0m1692.54 [3mask_size[0m[2m=[0m5
[2m2026-04-12T20:19:10.166360Z[0m [34mDEBUG[0m [2mmercury::engine::detector[0m[2m:[0m No arb pairs registered for market — skipping detection [3mmarket_id[0m[2m=[0mbc548cd4-ced9-48e8-b131-410c92fb3a0e
[2m2026-04-12T20:19:10.166394Z[0m [34mDEBUG[0m [2mmercury::engine::market_actor[0m[2m:[0m Tick received — running arb detection [3mmarket_id[0m[2m=[0m79e1f598-7189-438f-a66e-b184b04be477 [3mplatform[0m[2m=[0mPolymarket [3mbid[0m[2m=[0m0.49 [3mask[0m[2m=[0m0.5 [3mmid[0m[2m=[0m0.4950 [3mbid_size[0m[2m=[0m17 [3mask_size[0m[2m=[0m80.39
[2m2026-04-12T20:19:10.166465Z[0m [34mDEBUG[0m [2mmercury::engine::market_actor[0m[2m:[0m Tick received — running arb detection [3mmarket_id[0m[2m=[0mbc548cd4-ced9-48e8-b131-410c92fb3a0e [3mplatform[0m[2m=[0mPolymarket [3mbid[0m[2m=[0m0.36 [3mask[0m[2m=[0m0.4 [3mmid[0m[2m=[0m0.38 [3mbid_size[0m[2m=[0m171.72 [3mask_size[0m[2m=[0m6.72
[2m2026-04-12T20:19:10.166480Z[0m [34mDEBUG[0m [2mmercury::engine::detector[0m[2m:[0m No arb pairs registered for market — skipping detection [3mmarket_id[0m[2m=[0m2285bae6-253b-4085-b0d1-0af34b5530b6
[2m2026-04-12T20:19:10.166621Z[0m [34mDEBUG[0m [2mmercury::engine::detector[0m[2m:[0m No arb pairs registered for market — skipping detection [3mmarket_id[0m[2m=[0mbc548cd4-ced9-48e8-b131-410c92fb3a0e
[2m2026-04-12T20:19:10.166634Z[0m [34mDEBUG[0m [2mmercury::engine::detector[0m[2m:[0m No arb pairs registered for market — skipping detection [3mmarket_id[0m[2m=[0m189bf673-b643-45a5-be39-c4a3275d71a0
[2m2026-04-12T20:19:10.166707Z[0m [34mDEBUG[0m [2mmercury::engine::market_actor[0m[2m:[0m Tick received — running arb detection [3mmarket_id[0m[2m=[0mbc548cd4-ced9-48e8-b131-410c92fb3a0e [3mplatform[0m[2m=[0mPolymarket [3mbid[0m[2m=[0m0.36 [3mask[0m[2m=[0m0.4 [3mmid[0m[2m=[0m0.38 [3mbid_size[0m[2m=[0m171.72 [3mask_size[0m[2m=[0m6.72
[2m2026-04-12T20:19:10.166718Z[0m [34mDEBUG[0m [2mmercury::engine::market_actor[0m[2m:[0m Tick received — running arb detection [3mmarket_id[0m[2m=[0m189bf673-b643-45a5-be39-c4a3275d71a0 [3mplatform[0m[2m=[0mPolymarket [3mbid[0m[2m=[0m0.4 [3mask[0m[2m=[0m0.41 [3mmid[0m[2m=[0m0.4050 [3mbid_size[0m[2m=[0m1692.54 [3mask_size[0m[2m=[0m5
[2m2026-04-12T20:19:10.166750Z[0m [34mDEBUG[0m [2mmercury::engine::detector[0m[2m:[0m No arb pairs registered for market — skipping detection [3mmarket_id[0m[2m=[0m79e1f598-7189-438f-a66e-b184b04be477
[2m2026-04-12T20:19:10.166787Z[0m [34mDEBUG[0m [2mmercury::engine::market_actor[0m[2m:[0m Tick received — running arb detection [3mmarket_id[0m[2m=[0m39a28b31-a7f7-4e16-b2f1-1e1948be289c [3mplatform[0m[2m=[0mPolymarket [3mbid[0m[2m=[0m0.39 [3mask[0m[2m=[0m0.4 [3mmid[0m[2m=[0m0.3950 [3mbid_size[0m[2m=[0m72.06 [3mask_size[0m[2m=[0m5
[2m2026-04-12T20:19:10.166852Z[0m [34mDEBUG[0m [2mmercury::engine::detector[0m[2m:[0m No arb pairs registered for market — skipping detection [3mmarket_id[0m[2m=[0m189bf673-b643-45a5-be39-c4a3275d71a0
[2m2026-04-12T20:19:10.166959Z[0m [34mDEBUG[0m [2mmercury::engine::detector[0m[2m:[0m No arb pairs registered for market — skipping detection [3mmarket_id[0m[2m=[0mbc548cd4-ced9-48e8-b131-410c92fb3a0e
[2m2026-04-12T20:19:10.166954Z[0m [34mDEBUG[0m [2mmercury::engine::market_actor[0m[2m:[0m Tick received — running arb detection [3mmarket_id[0m[2m=[0m189bf673-b643-45a5-be39-c4a3275d71a0 [3mplatform[0m[2m=[0mPolymarket [3mbid[0m[2m=[0m0.4 [3mask[0m[2m=[0m0.41 [3mmid[0m[2m=[0m0.4050 [3mbid_size[0m[2m=[0m1692.54 [3mask_size[0m[2m=[0m5
[2m2026-04-12T20:19:10.167057Z[0m [34mDEBUG[0m [2mmercury::engine::detector[0m[2m:[0m No arb pairs registered for market — skipping detection [3mmarket_id[0m[2m=[0m39a28b31-a7f7-4e16-b2f1-1e1948be289c
[2m2026-04-12T20:19:10.167068Z[0m [34mDEBUG[0m [2mmercury::engine::market_actor[0m[2m:[0m Tick received — running arb detection [3mmarket_id[0m[2m=[0mbc548cd4-ced9-48e8-b131-410c92fb3a0e [3mplatform[0m[2m=[0mPolymarket [3mbid[0m[2m=[0m0.36 [3mask[0m[2m=[0m0.4 [3mmid[0m[2m=[0m0.38 [3mbid_size[0m[2m=[0m171.72 [3mask_size[0m[2m=[0m6.72
[2m2026-04-12T20:19:10.167144Z[0m [34mDEBUG[0m [2mmercury::engine::detector[0m[2m:[0m No arb pairs registered for market — skipping detection [3mmarket_id[0m[2m=[0m189bf673-b643-45a5-be39-c4a3275d71a0
[2m2026-04-12T20:19:10.167146Z[0m [34mDEBUG[0m [2mmercury::engine::market_actor[0m[2m:[0m Tick received — running arb detection [3mmarket_id[0m[2m=[0m39a28b31-a7f7-4e16-b2f1-1e1948be289c [3mplatform[0m[2m=[0mPolymarket [3mbid[0m[2m=[0m0.39 [3mask[0m[2m=[0m0.4 [3mmid[0m[2m=[0m0.3950 [3mbid_size[0m[2m=[0m77.06 [3mask_size[0m[2m=[0m5
[2m2026-04-12T20:19:10.167251Z[0m [34mDEBUG[0m [2mmercury::engine::detector[0m[2m:[0m No arb pairs registered for market — skipping detection [3mmarket_id[0m[2m=[0m39a28b31-a7f7-4e16-b2f1-1e1948be289c
[2m2026-04-12T20:19:10.167248Z[0m [34mDEBUG[0m [2mmercury::engine::market_actor[0m[2m:[0m Tick received — running arb detection [3mmarket_id[0m[2m=[0m189bf673-b643-45a5-be39-c4a3275d71a0 [3mplatform[0m[2m=[0mPolymarket [3mbid[0m[2m=[0m0.4 [3mask[0m[2m=[0m0.41 [3mmid[0m[2m=[0m0.4050 [3mbid_size[0m[2m=[0m1692.54 [3mask_size[0m[2m=[0m5
[2m2026-04-12T20:19:10.167326Z[0m [34mDEBUG[0m [2mmercury::engine::detector[0m[2m:[0m No arb pairs registered for market — skipping detection [3mmarket_id[0m[2m=[0mbc548cd4-ced9-48e8-b131-410c92fb3a0e
[2m2026-04-12T20:19:10.167330Z[0m [34mDEBUG[0m [2mmercury::engine::market_actor[0m[2m:[0m Tick received — running arb detection [3mmarket_id[0m[2m=[0m39a28b31-a7f7-4e16-b2f1-1e1948be289c [3mplatform[0m[2m=[0mPolymarket [3mbid[0m[2m=[0m0.39 [3mask[0m[2m=[0m0.4 [3mmid[0m[2m=[0m0.3950 [3mbid_size[0m[2m=[0m77.06 [3mask_size[0m[2m=[0m5
[2m2026-04-12T20:19:10.167371Z[0m [34mDEBUG[0m [2mmercury::engine::market_actor[0m[2m:[0m Tick received — running arb detection [3mmarket_id[0m[2m=[0m2285bae6-253b-4085-b0d1-0af34b5530b6 [3mplatform[0m[2m=[0mPolymarket [3mbid[0m[2m=[0m0.41 [3mask[0m[2m=[0m0.43 [3mmid[0m[2m=[0m0.42 [3mbid_size[0m[2m=[0m90 [3mask_size[0m[2m=[0m6
[2m2026-04-12T20:19:10.167412Z[0m [34mDEBUG[0m [2mmercury::engine::detector[0m[2m:[0m No arb pairs registered for market — skipping detection [3mmarket_id[0m[2m=[0m189bf673-b643-45a5-be39-c4a3275d71a0
[2m2026-04-12T20:19:10.167415Z[0m [34mDEBUG[0m [2mmercury::engine::market_actor[0m[2m:[0m Tick received — running arb detection [3mmarket_id[0m[2m=[0mbc548cd4-ced9-48e8-b131-410c92fb3a0e [3mplatform[0m[2m=[0mPolymarket [3mbid[0m[2m=[0m0.36 [3mask[0m[2m=[0m0.4 [3mmid[0m[2m=[0m0.38 [3mbid_size[0m[2m=[0m171.72 [3mask_size[0m[2m=[0m6.72
[2m2026-04-12T20:19:10.167506Z[0m [34mDEBUG[0m [2mmercury::engine::detector[0m[2m:[0m No arb pairs registered for market — skipping detection [3mmarket_id[0m[2m=[0m39a28b31-a7f7-4e16-b2f1-1e1948be289c
[2m2026-04-12T20:19:10.167515Z[0m [34mDEBUG[0m [2mmercury::engine::market_actor[0m[2m:[0m Tick received — running arb detection [3mmarket_id[0m[2m=[0m189bf673-b643-45a5-be39-c4a3275d71a0 [3mplatform[0m[2m=[0mPolymarket [3mbid[0m[2m=[0m0.4 [3mask[0m[2m=[0m0.41 [3mmid[0m[2m=[0m0.4050 [3mbid_size[0m[2m=[0m1692.54 [3mask_size[0m[2m=[0m5
[2m2026-04-12T20:19:10.167585Z[0m [34mDEBUG[0m [2mmercury::engine::detector[0m[2m:[0m No arb pairs registered for market — skipping detection [3mmarket_id[0m[2m=[0m2285bae6-253b-4085-b0d1-0af34b5530b6
[2m2026-04-12T20:19:10.167590Z[0m [34mDEBUG[0m [2mmercury::engine::market_actor[0m[2m:[0m Tick received — running arb detection [3mmarket_id[0m[2m=[0m39a28b31-a7f7-4e16-b2f1-1e1948be289c [3mplatform[0m[2m=[0mPolymarket [3mbid[0m[2m=[0m0.39 [3mask[0m[2m=[0m0.4 [3mmid[0m[2m=[0m0.3950 [3mbid_size[0m[2m=[0m77.06 [3mask_size[0m[2m=[0m5
[2m2026-04-12T20:19:10.167663Z[0m [34mDEBUG[0m [2mmercury::engine::detector[0m[2m:[0m No arb pairs registered for market — skipping detection [3mmarket_id[0m[2m=[0mbc548cd4-ced9-48e8-b131-410c92fb3a0e
[2m2026-04-12T20:19:10.167671Z[0m [34mDEBUG[0m [2mmercury::engine::market_actor[0m[2m:[0m Tick received — running arb detection [3mmarket_id[0m[2m=[0m2285bae6-253b-4085-b0d1-0af34b5530b6 [3mplatform[0m[2m=[0mPolymarket [3mbid[0m[2m=[0m0.41 [3mask[0m[2m=[0m0.43 [3mmid[0m[2m=[0m0.42 [3mbid_size[0m[2m=[0m90 [3mask_size[0m[2m=[0m6
[2m2026-04-12T20:19:10.167743Z[0m [34mDEBUG[0m [2mmercury::engine::detector[0m[2m:[0m No arb pairs registered for market — skipping detection [3mmarket_id[0m[2m=[0m189bf673-b643-45a5-be39-c4a3275d71a0
[2m2026-04-12T20:19:10.167747Z[0m [34mDEBUG[0m [2mmercury::engine::market_actor[0m[2m:[0m Tick received — running arb detection [3mmarket_id[0m[2m=[0mbc548cd4-ced9-48e8-b131-410c92fb3a0e [3mplatform[0m[2m=[0mPolymarket [3mbid[0m[2m=[0m0.36 [3mask[0m[2m=[0m0.4 [3mmid[0m[2m=[0m0.38 [3mbid_size[0m[2m=[0m171.72 [3mask_size[0m[2m=[0m6.72
[2m2026-04-12T20:19:10.167836Z[0m [34mDEBUG[0m [2mmercury::engine::detector[0m[2m:[0m No arb pairs registered for market — skipping detection [3mmarket_id[0m[2m=[0m39a28b31-a7f7-4e16-b2f1-1e1948be289c
[2m2026-04-12T20:19:10.167904Z[0m [34mDEBUG[0m [2mmercury::engine::detector[0m[2m:[0m No arb pairs registered for market — skipping detection [3mmarket_id[0m[2m=[0m2285bae6-253b-4085-b0d1-0af34b5530b6
[2m2026-04-12T20:19:10.167908Z[0m [34mDEBUG[0m [2mmercury::engine::market_actor[0m[2m:[0m Tick received — running arb detection [3mmarket_id[0m[2m=[0m39a28b31-a7f7-4e16-b2f1-1e1948be289c [3mplatform[0m[2m=[0mPolymarket [3mbid[0m[2m=[0m0.39 [3mask[0m[2m=[0m0.4 [3mmid[0m[2m=[0m0.3950 [3mbid_size[0m[2m=[0m77.06 [3mask_size[0m[2m=[0m5
[2m2026-04-12T20:19:10.167896Z[0m [34mDEBUG[0m [2mmercury::engine::market_actor[0m[2m:[0m Tick received — running arb detection [3mmarket_id[0m[2m=[0m79e1f598-7189-438f-a66e-b184b04be477 [3mplatform[0m[2m=[0mPolymarket [3mbid[0m[2m=[0m0.49 [3mask[0m[2m=[0m0.5 [3mmid[0m[2m=[0m0.4950 [3mbid_size[0m[2m=[0m17 [3mask_size[0m[2m=[0m80.39
[2m2026-04-12T20:19:10.167950Z[0m [34mDEBUG[0m [2mmercury::engine::market_actor[0m[2m:[0m Tick received — running arb detection [3mmarket_id[0m[2m=[0m189bf673-b643-45a5-be39-c4a3275d71a0 [3mplatform[0m[2m=[0mPolymarket [3mbid[0m[2m=[0m0.4 [3mask[0m[2m=[0m0.41 [3mmid[0m[2m=[0m0.4050 [3mbid_size[0m[2m=[0m1722.54 [3mask_size[0m[2m=[0m5
[2m2026-04-12T20:19:10.167983Z[0m [34mDEBUG[0m [2mmercury::engine::detector[0m[2m:[0m No arb pairs registered for market — skipping detection [3mmarket_id[0m[2m=[0mbc548cd4-ced9-48e8-b131-410c92fb3a0e
[2m2026-04-12T20:19:10.167981Z[0m [34mDEBUG[0m [2mmercury::engine::market_actor[0m[2m:[0m Tick received — running arb detection [3mmarket_id[0m[2m=[0m2285bae6-253b-4085-b0d1-0af34b5530b6 [3mplatform[0m[2m=[0mPolymarket [3mbid[0m[2m=[0m0.41 [3mask[0m[2m=[0m0.43 [3mmid[0m[2m=[0m0.42 [3mbid_size[0m[2m=[0m90 [3mask_size[0m[2m=[0m6
[2m2026-04-12T20:19:10.168086Z[0m [34mDEBUG[0m [2mmercury::engine::detector[0m[2m:[0m No arb pairs registered for market — skipping detection [3mmarket_id[0m[2m=[0m79e1f598-7189-438f-a66e-b184b04be477
[2m2026-04-12T20:19:10.168088Z[0m [34mDEBUG[0m [2mmercury::engine::detector[0m[2m:[0m No arb pairs registered for market — skipping detection [3mmarket_id[0m[2m=[0m39a28b31-a7f7-4e16-b2f1-1e1948be289c
[2m2026-04-12T20:19:10.168081Z[0m [34mDEBUG[0m [2mmercury::engine::market_actor[0m[2m:[0m Tick received — running arb detection [3mmarket_id[0m[2m=[0mbc548cd4-ced9-48e8-b131-410c92fb3a0e [3mplatform[0m[2m=[0mPolymarket [3mbid[0m[2m=[0m0.36 [3mask[0m[2m=[0m0.4 [3mmid[0m[2m=[0m0.38 [3mbid_size[0m[2m=[0m171.72 [3mask_size[0m[2m=[0m6.72
[2m2026-04-12T20:19:10.168167Z[0m [34mDEBUG[0m [2mmercury::engine::detector[0m[2m:[0m No arb pairs registered for market — skipping detection [3mmarket_id[0m[2m=[0m2285bae6-253b-4085-b0d1-0af34b5530b6
[2m2026-04-12T20:19:10.168175Z[0m [34mDEBUG[0m [2mmercury::engine::market_actor[0m[2m:[0m Tick received — running arb detection [3mmarket_id[0m[2m=[0m39a28b31-a7f7-4e16-b2f1-1e1948be289c [3mplatform[0m[2m=[0mPolymarket [3mbid[0m[2m=[0m0.39 [3mask[0m[2m=[0m0.4 [3mmid[0m[2m=[0m0.3950 [3mbid_size[0m[2m=[0m77.06 [3mask_size[0m[2m=[0m5
[2m2026-04-12T20:19:10.168215Z[0m [34mDEBUG[0m [2mmercury::engine::market_actor[0m[2m:[0m Tick received — running arb detection [3mmarket_id[0m[2m=[0m79e1f598-7189-438f-a66e-b184b04be477 [3mplatform[0m[2m=[0mPolymarket [3mbid[0m[2m=[0m0.49 [3mask[0m[2m=[0m0.5 [3mmid[0m[2m=[0m0.4950 [3mbid_size[0m[2m=[0m17 [3mask_size[0m[2m=[0m80.39
[2m2026-04-12T20:19:10.168239Z[0m [34mDEBUG[0m [2mmercury::engine::market_actor[0m[2m:[0m Tick received — running arb detection [3mmarket_id[0m[2m=[0m2285bae6-253b-4085-b0d1-0af34b5530b6 [3mplatform[0m[2m=[0mPolymarket [3mbid[0m[2m=[0m0.41 [3mask[0m[2m=[0m0.43 [3mmid[0m[2m=[0m0.42 [3mbid_size[0m[2m=[0m90 [3mask_size[0m[2m=[0m6
[2m2026-04-12T20:19:10.168236Z[0m [34mDEBUG[0m [2mmercury::engine::detector[0m[2m:[0m No arb pairs registered for market — skipping detection [3mmarket_id[0m[2m=[0m189bf673-b643-45a5-be39-c4a3275d71a0
[2m2026-04-12T20:19:10.168335Z[0m [34mDEBUG[0m [2mmercury::engine::market_actor[0m[2m:[0m Tick received — running arb detection [3mmarket_id[0m[2m=[0m189bf673-b643-45a5-be39-c4a3275d71a0 [3mplatform[0m[2m=[0mPolymarket [3mbid[0m[2m=[0m0.4 [3mask[0m[2m=[0m0.41 [3mmid[0m[2m=[0m0.4050 [3mbid_size[0m[2m=[0m1722.54 [3mask_size[0m[2m=[0m5
[2m2026-04-12T20:19:10.168357Z[0m [34mDEBUG[0m [2mmercury::engine::detector[0m[2m:[0m No arb pairs registered for market — skipping detection [3mmarket_id[0m[2m=[0m39a28b31-a7f7-4e16-b2f1-1e1948be289c
[2m2026-04-12T20:19:10.168358Z[0m [34mDEBUG[0m [2mmercury::engine::detector[0m[2m:[0m No arb pairs registered for market — skipping detection [3mmarket_id[0m[2m=[0m2285bae6-253b-4085-b0d1-0af34b5530b6
[2m2026-04-12T20:19:10.168358Z[0m [34mDEBUG[0m [2mmercury::engine::detector[0m[2m:[0m No arb pairs registered for market — skipping detection [3mmarket_id[0m[2m=[0m79e1f598-7189-438f-a66e-b184b04be477
[2m2026-04-12T20:19:10.168360Z[0m [34mDEBUG[0m [2mmercury::engine::detector[0m[2m:[0m No arb pairs registered for market — skipping detection [3mmarket_id[0m[2m=[0mbc548cd4-ced9-48e8-b131-410c92fb3a0e
[2m2026-04-12T20:19:10.168477Z[0m [34mDEBUG[0m [2mmercury::engine::detector[0m[2m:[0m No arb pairs registered for market — skipping detection [3mmarket_id[0m[2m=[0m189bf673-b643-45a5-be39-c4a3275d71a0
[2m2026-04-12T20:19:10.168485Z[0m [34mDEBUG[0m [2mmercury::engine::market_actor[0m[2m:[0m Tick received — running arb detection [3mmarket_id[0m[2m=[0mbc548cd4-ced9-48e8-b131-410c92fb3a0e [3mplatform[0m[2m=[0mPolymarket [3mbid[0m[2m=[0m0.36 [3mask[0m[2m=[0m0.4 [3mmid[0m[2m=[0m0.38 [3mbid_size[0m[2m=[0m171.72 [3mask_size[0m[2m=[0m6.72
[2m2026-04-12T20:19:10.168545Z[0m [34mDEBUG[0m [2mmercury::engine::market_actor[0m[2m:[0m Tick received — running arb detection [3mmarket_id[0m[2m=[0m189bf673-b643-45a5-be39-c4a3275d71a0 [3mplatform[0m[2m=[0mPolymarket [3mbid[0m[2m=[0m0.4 [3mask[0m[2m=[0m0.41 [3mmid[0m[2m=[0m0.4050 [3mbid_size[0m[2m=[0m1722.54 [3mask_size[0m[2m=[0m5
[2m2026-04-12T20:19:10.168570Z[0m [34mDEBUG[0m [2mmercury::engine::detector[0m[2m:[0m No arb pairs registered for market — skipping detection [3mmarket_id[0m[2m=[0mbc548cd4-ced9-48e8-b131-410c92fb3a0e
[2m2026-04-12T20:19:10.168613Z[0m [34mDEBUG[0m [2mmercury::engine::market_actor[0m[2m:[0m Tick received — running arb detection [3mmarket_id[0m[2m=[0m39a28b31-a7f7-4e16-b2f1-1e1948be289c [3mplatform[0m[2m=[0mPolymarket [3mbid[0m[2m=[0m0.39 [3mask[0m[2m=[0m0.4 [3mmid[0m[2m=[0m0.3950 [3mbid_size[0m[2m=[0m77.06 [3mask_size[0m[2m=[0m5
[2m2026-04-12T20:19:10.168627Z[0m [34mDEBUG[0m [2mmercury::engine::detector[0m[2m:[0m No arb pairs registered for market — skipping detection [3mmarket_id[0m[2m=[0m189bf673-b643-45a5-be39-c4a3275d71a0
[2m2026-04-12T20:19:10.168636Z[0m [34mDEBUG[0m [2mmercury::engine::market_actor[0m[2m:[0m Tick received — running arb detection [3mmarket_id[0m[2m=[0mbc548cd4-ced9-48e8-b131-410c92fb3a0e [3mplatform[0m[2m=[0mPolymarket [3mbid[0m[2m=[0m0.36 [3mask[0m[2m=[0m0.4 [3mmid[0m[2m=[0m0.38 [3mbid_size[0m[2m=[0m171.72 [3mask_size[0m[2m=[0m6.72
[2m2026-04-12T20:19:10.168701Z[0m [34mDEBUG[0m [2mmercury::engine::detector[0m[2m:[0m No arb pairs registered for market — skipping detection [3mmarket_id[0m[2m=[0m39a28b31-a7f7-4e16-b2f1-1e1948be289c
[2m2026-04-12T20:19:10.168713Z[0m [34mDEBUG[0m [2mmercury::engine::market_actor[0m[2m:[0m Tick received — running arb detection [3mmarket_id[0m[2m=[0m189bf673-b643-45a5-be39-c4a3275d71a0 [3mplatform[0m[2m=[0mPolymarket [3mbid[0m[2m=[0m0.4 [3mask[0m[2m=[0m0.41 [3mmid[0m[2m=[0m0.4050 [3mbid_size[0m[2m=[0m1722.54 [3mask_size[0m[2m=[0m5
[2m2026-04-12T20:19:10.168762Z[0m [34mDEBUG[0m [2mmercury::engine::detector[0m[2m:[0m No arb pairs registered for market — skipping detection [3mmarket_id[0m[2m=[0mbc548cd4-ced9-48e8-b131-410c92fb3a0e
[2m2026-04-12T20:19:10.168767Z[0m [34mDEBUG[0m [2mmercury::engine::market_actor[0m[2m:[0m Tick received — running arb detection [3mmarket_id[0m[2m=[0m39a28b31-a7f7-4e16-b2f1-1e1948be289c [3mplatform[0m[2m=[0mPolymarket [3mbid[0m[2m=[0m0.39 [3mask[0m[2m=[0m0.4 [3mmid[0m[2m=[0m0.3950 [3mbid_size[0m[2m=[0m77.06 [3mask_size[0m[2m=[0m5
[2m2026-04-12T20:19:10.168830Z[0m [34mDEBUG[0m [2mmercury::engine::detector[0m[2m:[0m No arb pairs registered for market — skipping detection [3mmarket_id[0m[2m=[0m189bf673-b643-45a5-be39-c4a3275d71a0
[2m2026-04-12T20:19:10.168835Z[0m [34mDEBUG[0m [2mmercury::engine::market_actor[0m[2m:[0m Tick received — running arb detection [3mmarket_id[0m[2m=[0mbc548cd4-ced9-48e8-b131-410c92fb3a0e [3mplatform[0m[2m=[0mPolymarket [3mbid[0m[2m=[0m0.36 [3mask[0m[2m=[0m0.4 [3mmid[0m[2m=[0m0.38 [3mbid_size[0m[2m=[0m171.72 [3mask_size[0m[2m=[0m6.72
[2m2026-04-12T20:19:10.168901Z[0m [34mDEBUG[0m [2mmercury::engine::detector[0m[2m:[0m No arb pairs registered for market — skipping detection [3mmarket_id[0m[2m=[0m39a28b31-a7f7-4e16-b2f1-1e1948be289c
[2m2026-04-12T20:19:10.168906Z[0m [34mDEBUG[0m [2mmercury::engine::market_actor[0m[2m:[0m Tick received — running arb detection [3mmarket_id[0m[2m=[0m189bf673-b643-45a5-be39-c4a3275d71a0 [3mplatform[0m[2m=[0mPolymarket [3mbid[0m[2m=[0m0.4 [3mask[0m[2m=[0m0.41 [3mmid[0m[2m=[0m0.4050 [3mbid_size[0m[2m=[0m1722.54 [3mask_size[0m[2m=[0m5
[2m2026-04-12T20:19:10.168973Z[0m [34mDEBUG[0m [2mmercury::engine::detector[0m[2m:[0m No arb pairs registered for market — skipping detection [3mmarket_id[0m[2m=[0mbc548cd4-ced9-48e8-b131-410c92fb3a0e
[2m2026-04-12T20:19:10.169033Z[0m [34mDEBUG[0m [2mmercury::engine::detector[0m[2m:[0m No arb pairs registered for market — skipping detection [3mmarket_id[0m[2m=[0m189bf673-b643-45a5-be39-c4a3275d71a0
[2m2026-04-12T20:19:10.169040Z[0m [34mDEBUG[0m [2mmercury::engine::market_actor[0m[2m:[0m Tick received — running arb detection [3mmarket_id[0m[2m=[0mbc548cd4-ced9-48e8-b131-410c92fb3a0e [3mplatform[0m[2m=[0mPolymarket [3mbid[0m[2m=[0m0.36 [3mask[0m[2m=[0m0.4 [3mmid[0m[2m=[0m0.38 [3mbid_size[0m[2m=[0m171.72 [3mask_size[0m[2m=[0m6.72
[2m2026-04-12T20:19:10.169099Z[0m [34mDEBUG[0m [2mmercury::engine::market_actor[0m[2m:[0m Tick received — running arb detection [3mmarket_id[0m[2m=[0m189bf673-b643-45a5-be39-c4a3275d71a0 [3mplatform[0m[2m=[0mPolymarket [3mbid[0m[2m=[0m0.4 [3mask[0m[2m=[0m0.41 [3mmid[0m[2m=[0m0.4050 [3mbid_size[0m[2m=[0m1722.54 [3mask_size[0m[2m=[0m5
[2m2026-04-12T20:19:10.169119Z[0m [34mDEBUG[0m [2mmercury::engine::detector[0m[2m:[0m No arb pairs registered for market — skipping detection [3mmarket_id[0m[2m=[0mbc548cd4-ced9-48e8-b131-410c92fb3a0e
[2m2026-04-12T20:19:10.169145Z[0m [34mDEBUG[0m [2mmercury::engine::market_actor[0m[2m:[0m Tick received — running arb detection [3mmarket_id[0m[2m=[0m2285bae6-253b-4085-b0d1-0af34b5530b6 [3mplatform[0m[2m=[0mPolymarket [3mbid[0m[2m=[0m0.41 [3mask[0m[2m=[0m0.43 [3mmid[0m[2m=[0m0.42 [3mbid_size[0m[2m=[0m90 [3mask_size[0m[2m=[0m6
[2m2026-04-12T20:19:10.169186Z[0m [34mDEBUG[0m [2mmercury::engine::detector[0m[2m:[0m No arb pairs registered for market — skipping detection [3mmarket_id[0m[2m=[0m189bf673-b643-45a5-be39-c4a3275d71a0
[2m2026-04-12T20:19:10.169196Z[0m [34mDEBUG[0m [2mmercury::engine::market_actor[0m[2m:[0m Tick received — running arb detection [3mmarket_id[0m[2m=[0mbc548cd4-ced9-48e8-b131-410c92fb3a0e [3mplatform[0m[2m=[0mPolymarket [3mbid[0m[2m=[0m0.36 [3mask[0m[2m=[0m0.4 [3mmid[0m[2m=[0m0.38 [3mbid_size[0m[2m=[0m171.72 [3mask_size[0m[2m=[0m6.72
[2m2026-04-12T20:19:10.169245Z[0m [34mDEBUG[0m [2mmercury::engine::detector[0m[2m:[0m No arb pairs registered for market — skipping detection [3mmarket_id[0m[2m=[0m2285bae6-253b-4085-b0d1-0af34b5530b6
[2m2026-04-12T20:19:10.169249Z[0m [34mDEBUG[0m [2mmercury::engine::market_actor[0m[2m:[0m Tick received — running arb detection [3mmarket_id[0m[2m=[0m189bf673-b643-45a5-be39-c4a3275d71a0 [3mplatform[0m[2m=[0mPolymarket [3mbid[0m[2m=[0m0.4 [3mask[0m[2m=[0m0.41 [3mmid[0m[2m=[0m0.4050 [3mbid_size[0m[2m=[0m1722.54 [3mask_size[0m[2m=[0m5
[2m2026-04-12T20:19:10.169269Z[0m [34mDEBUG[0m [2mmercury::engine::market_actor[0m[2m:[0m Tick received — running arb detection [3mmarket_id[0m[2m=[0m79e1f598-7189-438f-a66e-b184b04be477 [3mplatform[0m[2m=[0mPolymarket [3mbid[0m[2m=[0m0.49 [3mask[0m[2m=[0m0.5 [3mmid[0m[2m=[0m0.4950 [3mbid_size[0m[2m=[0m17 [3mask_size[0m[2m=[0m80.39
[2m2026-04-12T20:19:10.169305Z[0m [34mDEBUG[0m [2mmercury::engine::detector[0m[2m:[0m No arb pairs registered for market — skipping detection [3mmarket_id[0m[2m=[0mbc548cd4-ced9-48e8-b131-410c92fb3a0e
[2m2026-04-12T20:19:10.169312Z[0m [34mDEBUG[0m [2mmercury::engine::market_actor[0m[2m:[0m Tick received — running arb detection [3mmarket_id[0m[2m=[0m2285bae6-253b-4085-b0d1-0af34b5530b6 [3mplatform[0m[2m=[0mPolymarket [3mbid[0m[2m=[0m0.41 [3mask[0m[2m=[0m0.43 [3mmid[0m[2m=[0m0.42 [3mbid_size[0m[2m=[0m90 [3mask_size[0m[2m=[0m6
[2m2026-04-12T20:19:10.169366Z[0m [34mDEBUG[0m [2mmercury::engine::detector[0m[2m:[0m No arb pairs registered for market — skipping detection [3mmarket_id[0m[2m=[0m189bf673-b643-45a5-be39-c4a3275d71a0
[2m2026-04-12T20:19:10.169378Z[0m [34mDEBUG[0m [2mmercury::engine::market_actor[0m[2m:[0m Tick received — running arb detection [3mmarket_id[0m[2m=[0m39a28b31-a7f7-4e16-b2f1-1e1948be289c [3mplatform[0m[2m=[0mPolymarket [3mbid[0m[2m=[0m0.39 [3mask[0m[2m=[0m0.4 [3mmid[0m[2m=[0m0.3950 [3mbid_size[0m[2m=[0m77.06 [3mask_size[0m[2m=[0m5
[2m2026-04-12T20:19:10.169429Z[0m [34mDEBUG[0m [2mmercury::engine::detector[0m[2m:[0m No arb pairs registered for market — skipping detection [3mmarket_id[0m[2m=[0m79e1f598-7189-438f-a66e-b184b04be477
[2m2026-04-12T20:19:10.169435Z[0m [34mDEBUG[0m [2mmercury::engine::market_actor[0m[2m:[0m Tick received — running arb detection [3mmarket_id[0m[2m=[0m189bf673-b643-45a5-be39-c4a3275d71a0 [3mplatform[0m[2m=[0mPolymarket [3mbid[0m[2m=[0m0.4 [3mask[0m[2m=[0m0.41 [3mmid[0m[2m=[0m0.4050 [3mbid_size[0m[2m=[0m1750.54 [3mask_size[0m[2m=[0m5
[2m2026-04-12T20:19:10.169486Z[0m [34mDEBUG[0m [2mmercury::engine::detector[0m[2m:[0m No arb pairs registered for market — skipping detection [3mmarket_id[0m[2m=[0m2285bae6-253b-4085-b0d1-0af34b5530b6
[2m2026-04-12T20:19:10.169549Z[0m [34mDEBUG[0m [2mmercury::engine::detector[0m[2m:[0m No arb pairs registered for market — skipping detection [3mmarket_id[0m[2m=[0m39a28b31-a7f7-4e16-b2f1-1e1948be289c
[2m2026-04-12T20:19:10.169609Z[0m [34mDEBUG[0m [2mmercury::engine::detector[0m[2m:[0m No arb pairs registered for market — skipping detection [3mmarket_id[0m[2m=[0m189bf673-b643-45a5-be39-c4a3275d71a0
[2m2026-04-12T20:19:10.169617Z[0m [34mDEBUG[0m [2mmercury::engine::market_actor[0m[2m:[0m Tick received — running arb detection [3mmarket_id[0m[2m=[0m39a28b31-a7f7-4e16-b2f1-1e1948be289c [3mplatform[0m[2m=[0mPolymarket [3mbid[0m[2m=[0m0.39 [3mask[0m[2m=[0m0.4 [3mmid[0m[2m=[0m0.3950 [3mbid_size[0m[2m=[0m77.06 [3mask_size[0m[2m=[0m5
[2m2026-04-12T20:19:10.169694Z[0m [34mDEBUG[0m [2mmercury::engine::market_actor[0m[2m:[0m Tick received — running arb detection [3mmarket_id[0m[2m=[0m189bf673-b643-45a5-be39-c4a3275d71a0 [3mplatform[0m[2m=[0mPolymarket [3mbid[0m[2m=[0m0.4 [3mask[0m[2m=[0m0.41 [3mmid[0m[2m=[0m0.4050 [3mbid_size[0m[2m=[0m1720.54 [3mask_size[0m[2m=[0m5
[2m2026-04-12T20:19:10.169719Z[0m [34mDEBUG[0m [2mmercury::engine::detector[0m[2m:[0m No arb pairs registered for market — skipping detection [3mmarket_id[0m[2m=[0m39a28b31-a7f7-4e16-b2f1-1e1948be289c
[2m2026-04-12T20:19:10.169766Z[0m [34mDEBUG[0m [2mmercury::engine::market_actor[0m[2m:[0m Tick received — running arb detection [3mmarket_id[0m[2m=[0mbc548cd4-ced9-48e8-b131-410c92fb3a0e [3mplatform[0m[2m=[0mPolymarket [3mbid[0m[2m=[0m0.36 [3mask[0m[2m=[0m0.4 [3mmid[0m[2m=[0m0.38 [3mbid_size[0m[2m=[0m171.72 [3mask_size[0m[2m=[0m6.72
[2m2026-04-12T20:19:10.169784Z[0m [34mDEBUG[0m [2mmercury::engine::detector[0m[2m:[0m No arb pairs registered for market — skipping detection [3mmarket_id[0m[2m=[0m189bf673-b643-45a5-be39-c4a3275d71a0
[2m2026-04-12T20:19:10.169791Z[0m [34mDEBUG[0m [2mmercury::engine::market_actor[0m[2m:[0m Tick received — running arb detection [3mmarket_id[0m[2m=[0m39a28b31-a7f7-4e16-b2f1-1e1948be289c [3mplatform[0m[2m=[0mPolymarket [3mbid[0m[2m=[0m0.39 [3mask[0m[2m=[0m0.4 [3mmid[0m[2m=[0m0.3950 [3mbid_size[0m[2m=[0m77.06 [3mask_size[0m[2m=[0m5
[2m2026-04-12T20:19:10.169862Z[0m [34mDEBUG[0m [2mmercury::engine::detector[0m[2m:[0m No arb pairs registered for market — skipping detection [3mmarket_id[0m[2m=[0mbc548cd4-ced9-48e8-b131-410c92fb3a0e
[2m2026-04-12T20:19:10.169868Z[0m [34mDEBUG[0m [2mmercury::engine::market_actor[0m[2m:[0m Tick received — running arb detection [3mmarket_id[0m[2m=[0m189bf673-b643-45a5-be39-c4a3275d71a0 [3mplatform[0m[2m=[0mPolymarket [3mbid[0m[2m=[0m0.4 [3mask[0m[2m=[0m0.41 [3mmid[0m[2m=[0m0.4050 [3mbid_size[0m[2m=[0m1720.54 [3mask_size[0m[2m=[0m5
[2m2026-04-12T20:19:10.169884Z[0m [34mDEBUG[0m [2mmercury::engine::market_actor[0m[2m:[0m Tick received — running arb detection [3mmarket_id[0m[2m=[0m79e1f598-7189-438f-a66e-b184b04be477 [3mplatform[0m[2m=[0mPolymarket [3mbid[0m[2m=[0m0.49 [3mask[0m[2m=[0m0.5 [3mmid[0m[2m=[0m0.4950 [3mbid_size[0m[2m=[0m17 [3mask_size[0m[2m=[0m80.39
[2m2026-04-12T20:19:10.169930Z[0m [34mDEBUG[0m [2mmercury::engine::detector[0m[2m:[0m No arb pairs registered for market — skipping detection [3mmarket_id[0m[2m=[0m39a28b31-a7f7-4e16-b2f1-1e1948be289c
[2m2026-04-12T20:19:10.169938Z[0m [34mDEBUG[0m [2mmercury::engine::market_actor[0m[2m:[0m Tick received — running arb detection [3mmarket_id[0m[2m=[0mbc548cd4-ced9-48e8-b131-410c92fb3a0e [3mplatform[0m[2m=[0mPolymarket [3mbid[0m[2m=[0m0.36 [3mask[0m[2m=[0m0.4 [3mmid[0m[2m=[0m0.38 [3mbid_size[0m[2m=[0m171.72 [3mask_size[0m[2m=[0m6.72
[2m2026-04-12T20:19:10.169995Z[0m [34mDEBUG[0m [2mmercury::engine::detector[0m[2m:[0m No arb pairs registered for market — skipping detection [3mmarket_id[0m[2m=[0m189bf673-b643-45a5-be39-c4a3275d71a0
[2m2026-04-12T20:19:10.170000Z[0m [34mDEBUG[0m [2mmercury::engine::market_actor[0m[2m:[0m Tick received — running arb detection [3mmarket_id[0m[2m=[0m39a28b31-a7f7-4e16-b2f1-1e1948be289c [3mplatform[0m[2m=[0mPolymarket [3mbid[0m[2m=[0m0.39 [3mask[0m[2m=[0m0.4 [3mmid[0m[2m=[0m0.3950 [3mbid_size[0m[2m=[0m77.06 [3mask_size[0m[2m=[0m5
[2m2026-04-12T20:19:10.170057Z[0m [34mDEBUG[0m [2mmercury::engine::detector[0m[2m:[0m No arb pairs registered for market — skipping detection [3mmarket_id[0m[2m=[0m79e1f598-7189-438f-a66e-b184b04be477
[2m2026-04-12T20:19:10.170064Z[0m [34mDEBUG[0m [2mmercury::engine::market_actor[0m[2m:[0m Tick received — running arb detection [3mmarket_id[0m[2m=[0m189bf673-b643-45a5-be39-c4a3275d71a0 [3mplatform[0m[2m=[0mPolymarket [3mbid[0m[2m=[0m0.4 [3mask[0m[2m=[0m0.41 [3mmid[0m[2m=[0m0.4050 [3mbid_size[0m[2m=[0m1720.54 [3mask_size[0m[2m=[0m5
[2m2026-04-12T20:19:10.170120Z[0m [34mDEBUG[0m [2mmercury::engine::detector[0m[2m:[0m No arb pairs registered for market — skipping detection [3mmarket_id[0m[2m=[0mbc548cd4-ced9-48e8-b131-410c92fb3a0e
[2m2026-04-12T20:19:10.170183Z[0m [34mDEBUG[0m [2mmercury::engine::detector[0m[2m:[0m No arb pairs registered for market — skipping detection [3mmarket_id[0m[2m=[0m39a28b31-a7f7-4e16-b2f1-1e1948be289c
[2m2026-04-12T20:19:10.170245Z[0m [34mDEBUG[0m [2mmercury::engine::detector[0m[2m:[0m No arb pairs registered for market — skipping detection [3mmarket_id[0m[2m=[0m189bf673-b643-45a5-be39-c4a3275d71a0
[2m2026-04-12T20:19:10.170252Z[0m [34mDEBUG[0m [2mmercury::engine::market_actor[0m[2m:[0m Tick received — running arb detection [3mmarket_id[0m[2m=[0m39a28b31-a7f7-4e16-b2f1-1e1948be289c [3mplatform[0m[2m=[0mPolymarket [3mbid[0m[2m=[0m0.39 [3mask[0m[2m=[0m0.4 [3mmid[0m[2m=[0m0.3950 [3mbid_size[0m[2m=[0m77.06 [3mask_size[0m[2m=[0m5
[2m2026-04-12T20:19:10.170312Z[0m [34mDEBUG[0m [2mmercury::engine::market_actor[0m[2m:[0m Tick received — running arb detection [3mmarket_id[0m[2m=[0m189bf673-b643-45a5-be39-c4a3275d71a0 [3mplatform[0m[2m=[0mPolymarket [3mbid[0m[2m=[0m0.4 [3mask[0m[2m=[0m0.41 [3mmid[0m[2m=[0m0.4050 [3mbid_size[0m[2m=[0m1720.54 [3mask_size[0m[2m=[0m5
[2m2026-04-12T20:19:10.170334Z[0m [34mDEBUG[0m [2mmercury::engine::detector[0m[2m:[0m No arb pairs registered for market — skipping detection [3mmarket_id[0m[2m=[0m39a28b31-a7f7-4e16-b2f1-1e1948be289c
[2m2026-04-12T20:19:10.170390Z[0m [34mDEBUG[0m [2mmercury::engine::detector[0m[2m:[0m No arb pairs registered for market — skipping detection [3mmarket_id[0m[2m=[0m189bf673-b643-45a5-be39-c4a3275d71a0
[2m2026-04-12T20:19:10.170400Z[0m [34mDEBUG[0m [2mmercury::engine::market_actor[0m[2m:[0m Tick received — running arb detection [3mmarket_id[0m[2m=[0m39a28b31-a7f7-4e16-b2f1-1e1948be289c [3mplatform[0m[2m=[0mPolymarket [3mbid[0m[2m=[0m0.39 [3mask[0m[2m=[0m0.4 [3mmid[0m[2m=[0m0.3950 [3mbid_size[0m[2m=[0m77.06 [3mask_size[0m[2m=[0m5
[2m2026-04-12T20:19:10.170456Z[0m [34mDEBUG[0m [2mmercury::engine::market_actor[0m[2m:[0m Tick received — running arb detection [3mmarket_id[0m[2m=[0m189bf673-b643-45a5-be39-c4a3275d71a0 [3mplatform[0m[2m=[0mPolymarket [3mbid[0m[2m=[0m0.4 [3mask[0m[2m=[0m0.41 [3mmid[0m[2m=[0m0.4050 [3mbid_size[0m[2m=[0m1720.54 [3mask_size[0m[2m=[0m5
[2m2026-04-12T20:19:10.170481Z[0m [34mDEBUG[0m [2mmercury::engine::detector[0m[2m:[0m No arb pairs registered for market — skipping detection [3mmarket_id[0m[2m=[0m39a28b31-a7f7-4e16-b2f1-1e1948be289c
[2m2026-04-12T20:19:10.170545Z[0m [34mDEBUG[0m [2mmercury::engine::detector[0m[2m:[0m No arb pairs registered for market — skipping detection [3mmarket_id[0m[2m=[0m189bf673-b643-45a5-be39-c4a3275d71a0
[2m2026-04-12T20:19:10.170611Z[0m [34mDEBUG[0m [2mmercury::engine::market_actor[0m[2m:[0m Tick received — running arb detection [3mmarket_id[0m[2m=[0m189bf673-b643-45a5-be39-c4a3275d71a0 [3mplatform[0m[2m=[0mPolymarket [3mbid[0m[2m=[0m0.4 [3mask[0m[2m=[0m0.41 [3mmid[0m[2m=[0m0.4050 [3mbid_size[0m[2m=[0m1720.54 [3mask_size[0m[2m=[0m5
[2m2026-04-12T20:19:10.170693Z[0m [34mDEBUG[0m [2mmercury::engine::detector[0m[2m:[0m No arb pairs registered for market — skipping detection [3mmarket_id[0m[2m=[0m189bf673-b643-45a5-be39-c4a3275d71a0
[2m2026-04-12T20:19:10.170758Z[0m [34mDEBUG[0m [2mmercury::engine::market_actor[0m[2m:[0m Tick received — running arb detection [3mmarket_id[0m[2m=[0m189bf673-b643-45a5-be39-c4a3275d71a0 [3mplatform[0m[2m=[0mPolymarket [3mbid[0m[2m=[0m0.4 [3mask[0m[2m=[0m0.41 [3mmid[0m[2m=[0m0.4050 [3mbid_size[0m[2m=[0m1720.54 [3mask_size[0m[2m=[0m5
[2m2026-04-12T20:19:10.170840Z[0m [34mDEBUG[0m [2mmercury::engine::detector[0m[2m:[0m No arb pairs registered for market — skipping detection [3mmarket_id[0m[2m=[0m189bf673-b643-45a5-be39-c4a3275d71a0
[2m2026-04-12T20:19:10.170904Z[0m [34mDEBUG[0m [2mmercury::engine::market_actor[0m[2m:[0m Tick received — running arb detection [3mmarket_id[0m[2m=[0m189bf673-b643-45a5-be39-c4a3275d71a0 [3mplatform[0m[2m=[0mPolymarket [3mbid[0m[2m=[0m0.4 [3mask[0m[2m=[0m0.41 [3mmid[0m[2m=[0m0.4050 [3mbid_size[0m[2m=[0m1720.54 [3mask_size[0m[2m=[0m5
[2m2026-04-12T20:19:10.170986Z[0m [34mDEBUG[0m [2mmercury::engine::detector[0m[2m:[0m No arb pairs registered for market — skipping detection [3mmarket_id[0m[2m=[0m189bf673-b643-45a5-be39-c4a3275d71a0
[2m2026-04-12T20:19:10.171051Z[0m [34mDEBUG[0m [2mmercury::engine::market_actor[0m[2m:[0m Tick received — running arb detection [3mmarket_id[0m[2m=[0m189bf673-b643-45a5-be39-c4a3275d71a0 [3mplatform[0m[2m=[0mPolymarket [3mbid[0m[2m=[0m0.4 [3mask[0m[2m=[0m0.41 [3mmid[0m[2m=[0m0.4050 [3mbid_size[0m[2m=[0m1720.54 [3mask_size[0m[2m=[0m5
[2m2026-04-12T20:19:10.171132Z[0m [34mDEBUG[0m [2mmercury::engine::detector[0m[2m:[0m No arb pairs registered for market — skipping detection [3mmarket_id[0m[2m=[0m189bf673-b643-45a5-be39-c4a3275d71a0
[2m2026-04-12T20:19:10.171197Z[0m [34mDEBUG[0m [2mmercury::engine::market_actor[0m[2m:[0m Tick received — running arb detection [3mmarket_id[0m[2m=[0m189bf673-b643-45a5-be39-c4a3275d71a0 [3mplatform[0m[2m=[0mPolymarket [3mbid[0m[2m=[0m0.4 [3mask[0m[2m=[0m0.41 [3mmid[0m[2m=[0m0.4050 [3mbid_size[0m[2m=[0m1720.54 [3mask_size[0m[2m=[0m5
[2m2026-04-12T20:19:10.171228Z[0m [34mDEBUG[0m [2mmercury::engine::market_actor[0m[2m:[0m Tick received — running arb detection [3mmarket_id[0m[2m=[0m39a28b31-a7f7-4e16-b2f1-1e1948be289c [3mplatform[0m[2m=[0mPolymarket [3mbid[0m[2m=[0m0.39 [3mask[0m[2m=[0m0.4 [3mmid[0m[2m=[0m0.3950 [3mbid_size[0m[2m=[0m77.06 [3mask_size[0m[2m=[0m5
[2m2026-04-12T20:19:10.171278Z[0m [34mDEBUG[0m [2mmercury::engine::detector[0m[2m:[0m No arb pairs registered for market — skipping detection [3mmarket_id[0m[2m=[0m189bf673-b643-45a5-be39-c4a3275d71a0
[2m2026-04-12T20:19:10.171336Z[0m [34mDEBUG[0m [2mmercury::engine::detector[0m[2m:[0m No arb pairs registered for market — skipping detection [3mmarket_id[0m[2m=[0m39a28b31-a7f7-4e16-b2f1-1e1948be289c
[2m2026-04-12T20:19:10.171342Z[0m [34mDEBUG[0m [2mmercury::engine::market_actor[0m[2m:[0m Tick received — running arb detection [3mmarket_id[0m[2m=[0m189bf673-b643-45a5-be39-c4a3275d71a0 [3mplatform[0m[2m=[0mPolymarket [3mbid[0m[2m=[0m0.4 [3mask[0m[2m=[0m0.41 [3mmid[0m[2m=[0m0.4050 [3mbid_size[0m[2m=[0m1720.54 [3mask_size[0m[2m=[0m5
[2m2026-04-12T20:19:10.171424Z[0m [34mDEBUG[0m [2mmercury::engine::detector[0m[2m:[0m No arb pairs registered for market — skipping detection [3mmarket_id[0m[2m=[0m189bf673-b643-45a5-be39-c4a3275d71a0
[2m2026-04-12T20:19:10.171489Z[0m [34mDEBUG[0m [2mmercury::engine::market_actor[0m[2m:[0m Tick received — running arb detection [3mmarket_id[0m[2m=[0m189bf673-b643-45a5-be39-c4a3275d71a0 [3mplatform[0m[2m=[0mPolymarket [3mbid[0m[2m=[0m0.4 [3mask[0m[2m=[0m0.41 [3mmid[0m[2m=[0m0.4050 [3mbid_size[0m[2m=[0m1720.54 [3mask_size[0m[2m=[0m5
[2m2026-04-12T20:19:10.171517Z[0m [34mDEBUG[0m [2mmercury::engine::market_actor[0m[2m:[0m Tick received — running arb detection [3mmarket_id[0m[2m=[0m79e1f598-7189-438f-a66e-b184b04be477 [3mplatform[0m[2m=[0mPolymarket [3mbid[0m[2m=[0m0.49 [3mask[0m[2m=[0m0.5 [3mmid[0m[2m=[0m0.4950 [3mbid_size[0m[2m=[0m17 [3mask_size[0m[2m=[0m80.39
[2m2026-04-12T20:19:10.171590Z[0m [34mDEBUG[0m [2mmercury::engine::detector[0m[2m:[0m No arb pairs registered for market — skipping detection [3mmarket_id[0m[2m=[0m189bf673-b643-45a5-be39-c4a3275d71a0
[2m2026-04-12T20:19:10.171609Z[0m [34mDEBUG[0m [2mmercury::engine::market_actor[0m[2m:[0m Tick received — running arb detection [3mmarket_id[0m[2m=[0m2285bae6-253b-4085-b0d1-0af34b5530b6 [3mplatform[0m[2m=[0mPolymarket [3mbid[0m[2m=[0m0.41 [3mask[0m[2m=[0m0.43 [3mmid[0m[2m=[0m0.42 [3mbid_size[0m[2m=[0m40 [3mask_size[0m[2m=[0m6
[2m2026-04-12T20:19:10.171646Z[0m [34mDEBUG[0m [2mmercury::engine::detector[0m[2m:[0m No arb pairs registered for market — skipping detection [3mmarket_id[0m[2m=[0m79e1f598-7189-438f-a66e-b184b04be477
[2m2026-04-12T20:19:10.171652Z[0m [34mDEBUG[0m [2mmercury::engine::market_actor[0m[2m:[0m Tick received — running arb detection [3mmarket_id[0m[2m=[0m189bf673-b643-45a5-be39-c4a3275d71a0 [3mplatform[0m[2m=[0mPolymarket [3mbid[0m[2m=[0m0.4 [3mask[0m[2m=[0m0.41 [3mmid[0m[2m=[0m0.4050 [3mbid_size[0m[2m=[0m1720.54 [3mask_size[0m[2m=[0m5
[2m2026-04-12T20:19:10.171706Z[0m [34mDEBUG[0m [2mmercury::engine::detector[0m[2m:[0m No arb pairs registered for market — skipping detection [3mmarket_id[0m[2m=[0m2285bae6-253b-4085-b0d1-0af34b5530b6
[2m2026-04-12T20:19:10.171768Z[0m [34mDEBUG[0m [2mmercury::engine::detector[0m[2m:[0m No arb pairs registered for market — skipping detection [3mmarket_id[0m[2m=[0m189bf673-b643-45a5-be39-c4a3275d71a0
[2m2026-04-12T20:19:10.171832Z[0m [34mDEBUG[0m [2mmercury::engine::market_actor[0m[2m:[0m Tick received — running arb detection [3mmarket_id[0m[2m=[0m189bf673-b643-45a5-be39-c4a3275d71a0 [3mplatform[0m[2m=[0mPolymarket [3mbid[0m[2m=[0m0.4 [3mask[0m[2m=[0m0.41 [3mmid[0m[2m=[0m0.4050 [3mbid_size[0m[2m=[0m1720.54 [3mask_size[0m[2m=[0m5
[2m2026-04-12T20:19:10.171913Z[0m [34mDEBUG[0m [2mmercury::engine::detector[0m[2m:[0m No arb pairs registered for market — skipping detection [3mmarket_id[0m[2m=[0m189bf673-b643-45a5-be39-c4a3275d71a0
[2m2026-04-12T20:19:10.171961Z[0m [34mDEBUG[0m [2mmercury::engine::market_actor[0m[2m:[0m Tick received — running arb detection [3mmarket_id[0m[2m=[0m39a28b31-a7f7-4e16-b2f1-1e1948be289c [3mplatform[0m[2m=[0mPolymarket [3mbid[0m[2m=[0m0.39 [3mask[0m[2m=[0m0.4 [3mmid[0m[2m=[0m0.3950 [3mbid_size[0m[2m=[0m63.56 [3mask_size[0m[2m=[0m5
[2m2026-04-12T20:19:10.171978Z[0m [34mDEBUG[0m [2mmercury::engine::market_actor[0m[2m:[0m Tick received — running arb detection [3mmarket_id[0m[2m=[0m189bf673-b643-45a5-be39-c4a3275d71a0 [3mplatform[0m[2m=[0mPolymarket [3mbid[0m[2m=[0m0.4 [3mask[0m[2m=[0m0.41 [3mmid[0m[2m=[0m0.4050 [3mbid_size[0m[2m=[0m1720.54 [3mask_size[0m[2m=[0m5
[2m2026-04-12T20:19:10.172045Z[0m [34mDEBUG[0m [2mmercury::engine::detector[0m[2m:[0m No arb pairs registered for market — skipping detection [3mmarket_id[0m[2m=[0m39a28b31-a7f7-4e16-b2f1-1e1948be289c
[2m2026-04-12T20:19:10.172106Z[0m [34mDEBUG[0m [2mmercury::engine::detector[0m[2m:[0m No arb pairs registered for market — skipping detection [3mmarket_id[0m[2m=[0m189bf673-b643-45a5-be39-c4a3275d71a0
[2m2026-04-12T20:19:10.172172Z[0m [34mDEBUG[0m [2mmercury::engine::market_actor[0m[2m:[0m Tick received — running arb detection [3mmarket_id[0m[2m=[0m189bf673-b643-45a5-be39-c4a3275d71a0 [3mplatform[0m[2m=[0mPolymarket [3mbid[0m[2m=[0m0.4 [3mask[0m[2m=[0m0.41 [3mmid[0m[2m=[0m0.4050 [3mbid_size[0m[2m=[0m1720.54 [3mask_size[0m[2m=[0m5
[2m2026-04-12T20:19:10.172252Z[0m [34mDEBUG[0m [2mmercury::engine::detector[0m[2m:[0m No arb pairs registered for market — skipping detection [3mmarket_id[0m[2m=[0m189bf673-b643-45a5-be39-c4a3275d71a0
[2m2026-04-12T20:19:10.172253Z[0m [34mDEBUG[0m [2mmercury::engine::market_actor[0m[2m:[0m Tick received — running arb detection [3mmarket_id[0m[2m=[0m39a28b31-a7f7-4e16-b2f1-1e1948be289c [3mplatform[0m[2m=[0mPolymarket [3mbid[0m[2m=[0m0.39 [3mask[0m[2m=[0m0.4 [3mmid[0m[2m=[0m0.3950 [3mbid_size[0m[2m=[0m63.56 [3mask_size[0m[2m=[0m5
[2m2026-04-12T20:19:10.172315Z[0m [34mDEBUG[0m [2mmercury::engine::market_actor[0m[2m:[0m Tick received — running arb detection [3mmarket_id[0m[2m=[0m189bf673-b643-45a5-be39-c4a3275d71a0 [3mplatform[0m[2m=[0mPolymarket [3mbid[0m[2m=[0m0.4 [3mask[0m[2m=[0m0.41 [3mmid[0m[2m=[0m0.4050 [3mbid_size[0m[2m=[0m1720.54 [3mask_size[0m[2m=[0m5
[2m2026-04-12T20:19:10.172336Z[0m [34mDEBUG[0m [2mmercury::engine::detector[0m[2m:[0m No arb pairs registered for market — skipping detection [3mmarket_id[0m[2m=[0m39a28b31-a7f7-4e16-b2f1-1e1948be289c
[2m2026-04-12T20:19:10.172394Z[0m [34mDEBUG[0m [2mmercury::engine::detector[0m[2m:[0m No arb pairs registered for market — skipping detection [3mmarket_id[0m[2m=[0m189bf673-b643-45a5-be39-c4a3275d71a0
[2m2026-04-12T20:19:10.172458Z[0m [34mDEBUG[0m [2mmercury::engine::market_actor[0m[2m:[0m Tick received — running arb detection [3mmarket_id[0m[2m=[0m189bf673-b643-45a5-be39-c4a3275d71a0 [3mplatform[0m[2m=[0mPolymarket [3mbid[0m[2m=[0m0.4 [3mask[0m[2m=[0m0.41 [3mmid[0m[2m=[0m0.4050 [3mbid_size[0m[2m=[0m1720.54 [3mask_size[0m[2m=[0m5
[2m2026-04-12T20:19:10.172537Z[0m [34mDEBUG[0m [2mmercury::engine::detector[0m[2m:[0m No arb pairs registered for market — skipping detection [3mmarket_id[0m[2m=[0m189bf673-b643-45a5-be39-c4a3275d71a0
[2m2026-04-12T20:19:10.172585Z[0m [34mDEBUG[0m [2mmercury::engine::market_actor[0m[2m:[0m Tick received — running arb detection [3mmarket_id[0m[2m=[0m79e1f598-7189-438f-a66e-b184b04be477 [3mplatform[0m[2m=[0mPolymarket [3mbid[0m[2m=[0m0.49 [3mask[0m[2m=[0m0.5 [3mmid[0m[2m=[0m0.4950 [3mbid_size[0m[2m=[0m17 [3mask_size[0m[2m=[0m80.39
[2m2026-04-12T20:19:10.172600Z[0m [34mDEBUG[0m [2mmercury::engine::market_actor[0m[2m:[0m Tick received — running arb detection [3mmarket_id[0m[2m=[0m189bf673-b643-45a5-be39-c4a3275d71a0 [3mplatform[0m[2m=[0mPolymarket [3mbid[0m[2m=[0m0.4 [3mask[0m[2m=[0m0.41 [3mmid[0m[2m=[0m0.4050 [3mbid_size[0m[2m=[0m1720.54 [3mask_size[0m[2m=[0m5
[2m2026-04-12T20:19:10.172669Z[0m [34mDEBUG[0m [2mmercury::engine::detector[0m[2m:[0m No arb pairs registered for market — skipping detection [3mmarket_id[0m[2m=[0m79e1f598-7189-438f-a66e-b184b04be477
[2m2026-04-12T20:19:10.172730Z[0m [34mDEBUG[0m [2mmercury::engine::detector[0m[2m:[0m No arb pairs registered for market — skipping detection [3mmarket_id[0m[2m=[0m189bf673-b643-45a5-be39-c4a3275d71a0
[2m2026-04-12T20:19:10.172723Z[0m [34mDEBUG[0m [2mmercury::engine::market_actor[0m[2m:[0m Tick received — running arb detection [3mmarket_id[0m[2m=[0m2285bae6-253b-4085-b0d1-0af34b5530b6 [3mplatform[0m[2m=[0mPolymarket [3mbid[0m[2m=[0m0.41 [3mask[0m[2m=[0m0.43 [3mmid[0m[2m=[0m0.42 [3mbid_size[0m[2m=[0m40 [3mask_size[0m[2m=[0m6
[2m2026-04-12T20:19:10.172799Z[0m [34mDEBUG[0m [2mmercury::engine::market_actor[0m[2m:[0m Tick received — running arb detection [3mmarket_id[0m[2m=[0m189bf673-b643-45a5-be39-c4a3275d71a0 [3mplatform[0m[2m=[0mPolymarket [3mbid[0m[2m=[0m0.4 [3mask[0m[2m=[0m0.41 [3mmid[0m[2m=[0m0.4050 [3mbid_size[0m[2m=[0m1720.54 [3mask_size[0m[2m=[0m5
[2m2026-04-12T20:19:10.172819Z[0m [34mDEBUG[0m [2mmercury::engine::detector[0m[2m:[0m No arb pairs registered for market — skipping detection [3mmarket_id[0m[2m=[0m2285bae6-253b-4085-b0d1-0af34b5530b6
[2m2026-04-12T20:19:10.172877Z[0m [34mDEBUG[0m [2mmercury::engine::detector[0m[2m:[0m No arb pairs registered for market — skipping detection [3mmarket_id[0m[2m=[0m189bf673-b643-45a5-be39-c4a3275d71a0
[2m2026-04-12T20:19:10.172940Z[0m [34mDEBUG[0m [2mmercury::engine::market_actor[0m[2m:[0m Tick received — running arb detection [3mmarket_id[0m[2m=[0m189bf673-b643-45a5-be39-c4a3275d71a0 [3mplatform[0m[2m=[0mPolymarket [3mbid[0m[2m=[0m0.4 [3mask[0m[2m=[0m0.41 [3mmid[0m[2m=[0m0.4050 [3mbid_size[0m[2m=[0m1720.54 [3mask_size[0m[2m=[0m5
[2m2026-04-12T20:19:10.173020Z[0m [34mDEBUG[0m [2mmercury::engine::detector[0m[2m:[0m No arb pairs registered for market — skipping detection [3mmarket_id[0m[2m=[0m189bf673-b643-45a5-be39-c4a3275d71a0
[2m2026-04-12T20:19:10.173083Z[0m [34mDEBUG[0m [2mmercury::engine::market_actor[0m[2m:[0m Tick received — running arb detection [3mmarket_id[0m[2m=[0m189bf673-b643-45a5-be39-c4a3275d71a0 [3mplatform[0m[2m=[0mPolymarket [3mbid[0m[2m=[0m0.4 [3mask[0m[2m=[0m0.41 [3mmid[0m[2m=[0m0.4050 [3mbid_size[0m[2m=[0m1720.54 [3mask_size[0m[2m=[0m5
[2m2026-04-12T20:19:10.173163Z[0m [34mDEBUG[0m [2mmercury::engine::detector[0m[2m:[0m No arb pairs registered for market — skipping detection [3mmarket_id[0m[2m=[0m189bf673-b643-45a5-be39-c4a3275d71a0
[2m2026-04-12T20:19:10.173226Z[0m [34mDEBUG[0m [2mmercury::engine::market_actor[0m[2m:[0m Tick received — running arb detection [3mmarket_id[0m[2m=[0m189bf673-b643-45a5-be39-c4a3275d71a0 [3mplatform[0m[2m=[0mPolymarket [3mbid[0m[2m=[0m0.4 [3mask[0m[2m=[0m0.41 [3mmid[0m[2m=[0m0.4050 [3mbid_size[0m[2m=[0m1720.54 [3mask_size[0m[2m=[0m5
[2m2026-04-12T20:19:10.173309Z[0m [34mDEBUG[0m [2mmercury::engine::detector[0m[2m:[0m No arb pairs registered for market — skipping detection [3mmarket_id[0m[2m=[0m189bf673-b643-45a5-be39-c4a3275d71a0
[2m2026-04-12T20:19:10.173371Z[0m [34mDEBUG[0m [2mmercury::engine::market_actor[0m[2m:[0m Tick received — running arb detection [3mmarket_id[0m[2m=[0m189bf673-b643-45a5-be39-c4a3275d71a0 [3mplatform[0m[2m=[0mPolymarket [3mbid[0m[2m=[0m0.4 [3mask[0m[2m=[0m0.41 [3mmid[0m[2m=[0m0.4050 [3mbid_size[0m[2m=[0m1720.54 [3mask_size[0m[2m=[0m5
[2m2026-04-12T20:19:10.173451Z[0m [34mDEBUG[0m [2mmercury::engine::detector[0m[2m:[0m No arb pairs registered for market — skipping detection [3mmarket_id[0m[2m=[0m189bf673-b643-45a5-be39-c4a3275d71a0
[2m2026-04-12T20:19:10.173516Z[0m [34mDEBUG[0m [2mmercury::engine::market_actor[0m[2m:[0m Tick received — running arb detection [3mmarket_id[0m[2m=[0m189bf673-b643-45a5-be39-c4a3275d71a0 [3mplatform[0m[2m=[0mPolymarket [3mbid[0m[2m=[0m0.4 [3mask[0m[2m=[0m0.41 [3mmid[0m[2m=[0m0.4050 [3mbid_size[0m[2m=[0m1720.54 [3mask_size[0m[2m=[0m5
[2m2026-04-12T20:19:10.173596Z[0m [34mDEBUG[0m [2mmercury::engine::detector[0m[2m:[0m No arb pairs registered for market — skipping detection [3mmarket_id[0m[2m=[0m189bf673-b643-45a5-be39-c4a3275d71a0
[2m2026-04-12T20:19:10.173658Z[0m [34mDEBUG[0m [2mmercury::engine::market_actor[0m[2m:[0m Tick received — running arb detection [3mmarket_id[0m[2m=[0m189bf673-b643-45a5-be39-c4a3275d71a0 [3mplatform[0m[2m=[0mPolymarket [3mbid[0m[2m=[0m0.4 [3mask[0m[2m=[0m0.41 [3mmid[0m[2m=[0m0.4050 [3mbid_size[0m[2m=[0m1720.54 [3mask_size[0m[2m=[0m5
[2m2026-04-12T20:19:10.173738Z[0m [34mDEBUG[0m [2mmercury::engine::detector[0m[2m:[0m No arb pairs registered for market — skipping detection [3mmarket_id[0m[2m=[0m189bf673-b643-45a5-be39-c4a3275d71a0
[2m2026-04-12T20:19:10.173801Z[0m [34mDEBUG[0m [2mmercury::engine::market_actor[0m[2m:[0m Tick received — running arb detection [3mmarket_id[0m[2m=[0m189bf673-b643-45a5-be39-c4a3275d71a0 [3mplatform[0m[2m=[0mPolymarket [3mbid[0m[2m=[0m0.4 [3mask[0m[2m=[0m0.41 [3mmid[0m[2m=[0m0.4050 [3mbid_size[0m[2m=[0m1720.54 [3mask_size[0m[2m=[0m5
[2m2026-04-12T20:19:10.173880Z[0m [34mDEBUG[0m [2mmercury::engine::detector[0m[2m:[0m No arb pairs registered for market — skipping detection [3mmarket_id[0m[2m=[0m189bf673-b643-45a5-be39-c4a3275d71a0
[2m2026-04-12T20:19:10.173944Z[0m [34mDEBUG[0m [2mmercury::engine::market_actor[0m[2m:[0m Tick received — running arb detection [3mmarket_id[0m[2m=[0m189bf673-b643-45a5-be39-c4a3275d71a0 [3mplatform[0m[2m=[0mPolymarket [3mbid[0m[2m=[0m0.4 [3mask[0m[2m=[0m0.41 [3mmid[0m[2m=[0m0.4050 [3mbid_size[0m[2m=[0m1750.54 [3mask_size[0m[2m=[0m5
[2m2026-04-12T20:19:10.174023Z[0m [34mDEBUG[0m [2mmercury::engine::detector[0m[2m:[0m No arb pairs registered for market — skipping detection [3mmarket_id[0m[2m=[0m189bf673-b643-45a5-be39-c4a3275d71a0
[2m2026-04-12T20:19:10.174086Z[0m [34mDEBUG[0m [2mmercury::engine::market_actor[0m[2m:[0m Tick received — running arb detection [3mmarket_id[0m[2m=[0m189bf673-b643-45a5-be39-c4a3275d71a0 [3mplatform[0m[2m=[0mPolymarket [3mbid[0m[2m=[0m0.4 [3mask[0m[2m=[0m0.41 [3mmid[0m[2m=[0m0.4050 [3mbid_size[0m[2m=[0m1750.54 [3mask_size[0m[2m=[0m5
[2m2026-04-12T20:19:10.174166Z[0m [34mDEBUG[0m [2mmercury::engine::detector[0m[2m:[0m No arb pairs registered for market — skipping detection [3mmarket_id[0m[2m=[0m189bf673-b643-45a5-be39-c4a3275d71a0
[2m2026-04-12T20:19:10.174229Z[0m [34mDEBUG[0m [2mmercury::engine::market_actor[0m[2m:[0m Tick received — running arb detection [3mmarket_id[0m[2m=[0m189bf673-b643-45a5-be39-c4a3275d71a0 [3mplatform[0m[2m=[0mPolymarket [3mbid[0m[2m=[0m0.4 [3mask[0m[2m=[0m0.41 [3mmid[0m[2m=[0m0.4050 [3mbid_size[0m[2m=[0m1750.54 [3mask_size[0m[2m=[0m5
[2m2026-04-12T20:19:10.174308Z[0m [34mDEBUG[0m [2mmercury::engine::detector[0m[2m:[0m No arb pairs registered for market — skipping detection [3mmarket_id[0m[2m=[0m189bf673-b643-45a5-be39-c4a3275d71a0
[2m2026-04-12T20:19:10.174371Z[0m [34mDEBUG[0m [2mmercury::engine::market_actor[0m[2m:[0m Tick received — running arb detection [3mmarket_id[0m[2m=[0m189bf673-b643-45a5-be39-c4a3275d71a0 [3mplatform[0m[2m=[0mPolymarket [3mbid[0m[2m=[0m0.4 [3mask[0m[2m=[0m0.41 [3mmid[0m[2m=[0m0.4050 [3mbid_size[0m[2m=[0m1750.54 [3mask_size[0m[2m=[0m5
[2m2026-04-12T20:19:10.174450Z[0m [34mDEBUG[0m [2mmercury::engine::detector[0m[2m:[0m No arb pairs registered for market — skipping detection [3mmarket_id[0m[2m=[0m189bf673-b643-45a5-be39-c4a3275d71a0
[2m2026-04-12T20:19:10.207307Z[0m [34mDEBUG[0m [2mmercury::engine::market_actor[0m[2m:[0m Tick received — running arb detection [3mmarket_id[0m[2m=[0m189bf673-b643-45a5-be39-c4a3275d71a0 [3mplatform[0m[2m=[0mPolymarket [3mbid[0m[2m=[0m0.4 [3mask[0m[2m=[0m0.41 [3mmid[0m[2m=[0m0.4050 [3mbid_size[0m[2m=[0m1750.54 [3mask_size[0m[2m=[0m5
[2m2026-04-12T20:19:10.207498Z[0m [34mDEBUG[0m [2mmercury::engine::market_actor[0m[2m:[0m Tick received — running arb detection [3mmarket_id[0m[2m=[0m39a28b31-a7f7-4e16-b2f1-1e1948be289c [3mplatform[0m[2m=[0mPolymarket [3mbid[0m[2m=[0m0.39 [3mask[0m[2m=[0m0.4 [3mmid[0m[2m=[0m0.3950 [3mbid_size[0m[2m=[0m63.56 [3mask_size[0m[2m=[0m5
[2m2026-04-12T20:19:10.207555Z[0m [34mDEBUG[0m [2mmercury::engine::detector[0m[2m:[0m No arb pairs registered for market — skipping detection [3mmarket_id[0m[2m=[0m189bf673-b643-45a5-be39-c4a3275d71a0
[2m2026-04-12T20:19:10.207683Z[0m [34mDEBUG[0m [2mmercury::engine::detector[0m[2m:[0m No arb pairs registered for market — skipping detection [3mmarket_id[0m[2m=[0m39a28b31-a7f7-4e16-b2f1-1e1948be289c
[2m2026-04-12T20:19:10.207682Z[0m [34mDEBUG[0m [2mmercury::engine::market_actor[0m[2m:[0m Tick received — running arb detection [3mmarket_id[0m[2m=[0m79e1f598-7189-438f-a66e-b184b04be477 [3mplatform[0m[2m=[0mPolymarket [3mbid[0m[2m=[0m0.49 [3mask[0m[2m=[0m0.5 [3mmid[0m[2m=[0m0.4950 [3mbid_size[0m[2m=[0m17 [3mask_size[0m[2m=[0m80.39
[2m2026-04-12T20:19:10.207700Z[0m [34mDEBUG[0m [2mmercury::engine::market_actor[0m[2m:[0m Tick received — running arb detection [3mmarket_id[0m[2m=[0m189bf673-b643-45a5-be39-c4a3275d71a0 [3mplatform[0m[2m=[0mPolymarket [3mbid[0m[2m=[0m0.4 [3mask[0m[2m=[0m0.41 [3mmid[0m[2m=[0m0.4050 [3mbid_size[0m[2m=[0m1750.54 [3mask_size[0m[2m=[0m5
[2m2026-04-12T20:19:10.207820Z[0m [34mDEBUG[0m [2mmercury::engine::market_actor[0m[2m:[0m Tick received — running arb detection [3mmarket_id[0m[2m=[0m39a28b31-a7f7-4e16-b2f1-1e1948be289c [3mplatform[0m[2m=[0mPolymarket [3mbid[0m[2m=[0m0.39 [3mask[0m[2m=[0m0.4 [3mmid[0m[2m=[0m0.3950 [3mbid_size[0m[2m=[0m63.56 [3mask_size[0m[2m=[0m5
[2m2026-04-12T20:19:10.207871Z[0m [34mDEBUG[0m [2mmercury::engine::detector[0m[2m:[0m No arb pairs registered for market — skipping detection [3mmarket_id[0m[2m=[0m79e1f598-7189-438f-a66e-b184b04be477
[2m2026-04-12T20:19:10.207853Z[0m [34mDEBUG[0m [2mmercury::engine::market_actor[0m[2m:[0m Tick received — running arb detection [3mmarket_id[0m[2m=[0m2285bae6-253b-4085-b0d1-0af34b5530b6 [3mplatform[0m[2m=[0mPolymarket [3mbid[0m[2m=[0m0.41 [3mask[0m[2m=[0m0.43 [3mmid[0m[2m=[0m0.42 [3mbid_size[0m[2m=[0m40 [3mask_size[0m[2m=[0m6
[2m2026-04-12T20:19:10.208016Z[0m [34mDEBUG[0m [2mmercury::engine::detector[0m[2m:[0m No arb pairs registered for market — skipping detection [3mmarket_id[0m[2m=[0m189bf673-b643-45a5-be39-c4a3275d71a0
[2m2026-04-12T20:19:10.208185Z[0m [34mDEBUG[0m [2mmercury::engine::detector[0m[2m:[0m No arb pairs registered for market — skipping detection [3mmarket_id[0m[2m=[0m39a28b31-a7f7-4e16-b2f1-1e1948be289c
[2m2026-04-12T20:19:10.208182Z[0m [34mDEBUG[0m [2mmercury::engine::market_actor[0m[2m:[0m Tick received — running arb detection [3mmarket_id[0m[2m=[0m189bf673-b643-45a5-be39-c4a3275d71a0 [3mplatform[0m[2m=[0mPolymarket [3mbid[0m[2m=[0m0.4 [3mask[0m[2m=[0m0.41 [3mmid[0m[2m=[0m0.4050 [3mbid_size[0m[2m=[0m1750.54 [3mask_size[0m[2m=[0m5
[2m2026-04-12T20:19:10.208376Z[0m [34mDEBUG[0m [2mmercury::engine::detector[0m[2m:[0m No arb pairs registered for market — skipping detection [3mmarket_id[0m[2m=[0m2285bae6-253b-4085-b0d1-0af34b5530b6
[2m2026-04-12T20:19:10.208562Z[0m [34mDEBUG[0m [2mmercury::engine::detector[0m[2m:[0m No arb pairs registered for market — skipping detection [3mmarket_id[0m[2m=[0m189bf673-b643-45a5-be39-c4a3275d71a0
[2m2026-04-12T20:19:10.208545Z[0m [34mDEBUG[0m [2mmercury::engine::market_actor[0m[2m:[0m Tick received — running arb detection [3mmarket_id[0m[2m=[0m2285bae6-253b-4085-b0d1-0af34b5530b6 [3mplatform[0m[2m=[0mPolymarket [3mbid[0m[2m=[0m0.41 [3mask[0m[2m=[0m0.43 [3mmid[0m[2m=[0m0.42 [3mbid_size[0m[2m=[0m40 [3mask_size[0m[2m=[0m6
[2m2026-04-12T20:19:10.208736Z[0m [34mDEBUG[0m [2mmercury::engine::market_actor[0m[2m:[0m Tick received — running arb detection [3mmarket_id[0m[2m=[0m189bf673-b643-45a5-be39-c4a3275d71a0 [3mplatform[0m[2m=[0mPolymarket [3mbid[0m[2m=[0m0.4 [3mask[0m[2m=[0m0.41 [3mmid[0m[2m=[0m0.4050 [3mbid_size[0m[2m=[0m1750.54 [3mask_size[0m[2m=[0m5
[2m2026-04-12T20:19:10.208781Z[0m [34mDEBUG[0m [2mmercury::engine::detector[0m[2m:[0m No arb pairs registered for market — skipping detection [3mmarket_id[0m[2m=[0m2285bae6-253b-4085-b0d1-0af34b5530b6
[2m2026-04-12T20:19:10.208952Z[0m [34mDEBUG[0m [2mmercury::engine::detector[0m[2m:[0m No arb pairs registered for market — skipping detection [3mmarket_id[0m[2m=[0m189bf673-b643-45a5-be39-c4a3275d71a0
[2m2026-04-12T20:19:10.209111Z[0m [34mDEBUG[0m [2mmercury::engine::market_actor[0m[2m:[0m Tick received — running arb detection [3mmarket_id[0m[2m=[0m189bf673-b643-45a5-be39-c4a3275d71a0 [3mplatform[0m[2m=[0mPolymarket [3mbid[0m[2m=[0m0.4 [3mask[0m[2m=[0m0.41 [3mmid[0m[2m=[0m0.4050 [3mbid_size[0m[2m=[0m1750.54 [3mask_size[0m[2m=[0m5
[2m2026-04-12T20:19:10.209274Z[0m [34mDEBUG[0m [2mmercury::engine::detector[0m[2m:[0m No arb pairs registered for market — skipping detection [3mmarket_id[0m[2m=[0m189bf673-b643-45a5-be39-c4a3275d71a0
[2m2026-04-12T20:19:10.209394Z[0m [34mDEBUG[0m [2mmercury::engine::market_actor[0m[2m:[0m Tick received — running arb detection [3mmarket_id[0m[2m=[0m189bf673-b643-45a5-be39-c4a3275d71a0 [3mplatform[0m[2m=[0mPolymarket [3mbid[0m[2m=[0m0.4 [3mask[0m[2m=[0m0.41 [3mmid[0m[2m=[0m0.4050 [3mbid_size[0m[2m=[0m1750.54 [3mask_size[0m[2m=[0m5
[2m2026-04-12T20:19:10.209552Z[0m [34mDEBUG[0m [2mmercury::engine::detector[0m[2m:[0m No arb pairs registered for market — skipping detection [3mmarket_id[0m[2m=[0m189bf673-b643-45a5-be39-c4a3275d71a0
[2m2026-04-12T20:19:10.209533Z[0m [34mDEBUG[0m [2mmercury::engine::market_actor[0m[2m:[0m Tick received — running arb detection [3mmarket_id[0m[2m=[0m39a28b31-a7f7-4e16-b2f1-1e1948be289c [3mplatform[0m[2m=[0mPolymarket [3mbid[0m[2m=[0m0.39 [3mask[0m[2m=[0m0.4 [3mmid[0m[2m=[0m0.3950 [3mbid_size[0m[2m=[0m68.56 [3mask_size[0m[2m=[0m5
[2m2026-04-12T20:19:10.209687Z[0m [34mDEBUG[0m [2mmercury::engine::market_actor[0m[2m:[0m Tick received — running arb detection [3mmarket_id[0m[2m=[0m189bf673-b643-45a5-be39-c4a3275d71a0 [3mplatform[0m[2m=[0mPolymarket [3mbid[0m[2m=[0m0.4 [3mask[0m[2m=[0m0.41 [3mmid[0m[2m=[0m0.4050 [3mbid_size[0m[2m=[0m1750.54 [3mask_size[0m[2m=[0m5
[2m2026-04-12T20:19:10.209749Z[0m [34mDEBUG[0m [2mmercury::engine::detector[0m[2m:[0m No arb pairs registered for market — skipping detection [3mmarket_id[0m[2m=[0m39a28b31-a7f7-4e16-b2f1-1e1948be289c
[2m2026-04-12T20:19:10.209842Z[0m [34mDEBUG[0m [2mmercury::engine::detector[0m[2m:[0m No arb pairs registered for market — skipping detection [3mmarket_id[0m[2m=[0m189bf673-b643-45a5-be39-c4a3275d71a0
[2m2026-04-12T20:19:10.209859Z[0m [34mDEBUG[0m [2mmercury::engine::market_actor[0m[2m:[0m Tick received — running arb detection [3mmarket_id[0m[2m=[0m39a28b31-a7f7-4e16-b2f1-1e1948be289c [3mplatform[0m[2m=[0mPolymarket [3mbid[0m[2m=[0m0.39 [3mask[0m[2m=[0m0.4 [3mmid[0m[2m=[0m0.3950 [3mbid_size[0m[2m=[0m68.56 [3mask_size[0m[2m=[0m5
[2m2026-04-12T20:19:10.209938Z[0m [34mDEBUG[0m [2mmercury::engine::market_actor[0m[2m:[0m Tick received — running arb detection [3mmarket_id[0m[2m=[0m189bf673-b643-45a5-be39-c4a3275d71a0 [3mplatform[0m[2m=[0mPolymarket [3mbid[0m[2m=[0m0.4 [3mask[0m[2m=[0m0.41 [3mmid[0m[2m=[0m0.4050 [3mbid_size[0m[2m=[0m1720.54 [3mask_size[0m[2m=[0m5
[2m2026-04-12T20:19:10.209975Z[0m [34mDEBUG[0m [2mmercury::engine::detector[0m[2m:[0m No arb pairs registered for market — skipping detection [3mmarket_id[0m[2m=[0m39a28b31-a7f7-4e16-b2f1-1e1948be289c
[2m2026-04-12T20:19:10.209970Z[0m [34mDEBUG[0m [2mmercury::engine::market_actor[0m[2m:[0m Tick received — running arb detection [3mmarket_id[0m[2m=[0m79e1f598-7189-438f-a66e-b184b04be477 [3mplatform[0m[2m=[0mPolymarket [3mbid[0m[2m=[0m0.49 [3mask[0m[2m=[0m0.5 [3mmid[0m[2m=[0m0.4950 [3mbid_size[0m[2m=[0m17 [3mask_size[0m[2m=[0m80.39
[2m2026-04-12T20:19:10.210056Z[0m [34mDEBUG[0m [2mmercury::engine::detector[0m[2m:[0m No arb pairs registered for market — skipping detection [3mmarket_id[0m[2m=[0m189bf673-b643-45a5-be39-c4a3275d71a0
[2m2026-04-12T20:19:10.210148Z[0m [34mDEBUG[0m [2mmercury::engine::detector[0m[2m:[0m No arb pairs registered for market — skipping detection [3mmarket_id[0m[2m=[0m79e1f598-7189-438f-a66e-b184b04be477
[2m2026-04-12T20:19:10.210148Z[0m [34mDEBUG[0m [2mmercury::engine::market_actor[0m[2m:[0m Tick received — running arb detection [3mmarket_id[0m[2m=[0m189bf673-b643-45a5-be39-c4a3275d71a0 [3mplatform[0m[2m=[0mPolymarket [3mbid[0m[2m=[0m0.4 [3mask[0m[2m=[0m0.41 [3mmid[0m[2m=[0m0.4050 [3mbid_size[0m[2m=[0m1720.54 [3mask_size[0m[2m=[0m5
[2m2026-04-12T20:19:10.210229Z[0m [34mDEBUG[0m [2mmercury::engine::market_actor[0m[2m:[0m Tick received — running arb detection [3mmarket_id[0m[2m=[0m2285bae6-253b-4085-b0d1-0af34b5530b6 [3mplatform[0m[2m=[0mPolymarket [3mbid[0m[2m=[0m0.41 [3mask[0m[2m=[0m0.43 [3mmid[0m[2m=[0m0.42 [3mbid_size[0m[2m=[0m40 [3mask_size[0m[2m=[0m6
[2m2026-04-12T20:19:10.210354Z[0m [34mDEBUG[0m [2mmercury::engine::detector[0m[2m:[0m No arb pairs registered for market — skipping detection [3mmarket_id[0m[2m=[0m189bf673-b643-45a5-be39-c4a3275d71a0
[2m2026-04-12T20:19:10.210349Z[0m [34mDEBUG[0m [2mmercury::engine::market_actor[0m[2m:[0m Tick received — running arb detection [3mmarket_id[0m[2m=[0m39a28b31-a7f7-4e16-b2f1-1e1948be289c [3mplatform[0m[2m=[0mPolymarket [3mbid[0m[2m=[0m0.39 [3mask[0m[2m=[0m0.4 [3mmid[0m[2m=[0m0.3950 [3mbid_size[0m[2m=[0m68.56 [3mask_size[0m[2m=[0m5
[2m2026-04-12T20:19:10.210474Z[0m [34mDEBUG[0m [2mmercury::engine::detector[0m[2m:[0m No arb pairs registered for market — skipping detection [3mmarket_id[0m[2m=[0m2285bae6-253b-4085-b0d1-0af34b5530b6
[2m2026-04-12T20:19:10.210471Z[0m [34mDEBUG[0m [2mmercury::engine::market_actor[0m[2m:[0m Tick received — running arb detection [3mmarket_id[0m[2m=[0m189bf673-b643-45a5-be39-c4a3275d71a0 [3mplatform[0m[2m=[0mPolymarket [3mbid[0m[2m=[0m0.4 [3mask[0m[2m=[0m0.41 [3mmid[0m[2m=[0m0.4050 [3mbid_size[0m[2m=[0m1720.54 [3mask_size[0m[2m=[0m5
[2m2026-04-12T20:19:10.210606Z[0m [34mDEBUG[0m [2mmercury::engine::market_actor[0m[2m:[0m Tick received — running arb detection [3mmarket_id[0m[2m=[0m2285bae6-253b-4085-b0d1-0af34b5530b6 [3mplatform[0m[2m=[0mPolymarket [3mbid[0m[2m=[0m0.41 [3mask[0m[2m=[0m0.43 [3mmid[0m[2m=[0m0.42 [3mbid_size[0m[2m=[0m40 [3mask_size[0m[2m=[0m6
[2m2026-04-12T20:19:10.210624Z[0m [34mDEBUG[0m [2mmercury::engine::detector[0m[2m:[0m No arb pairs registered for market — skipping detection [3mmarket_id[0m[2m=[0m189bf673-b643-45a5-be39-c4a3275d71a0
[2m2026-04-12T20:19:10.210778Z[0m [34mDEBUG[0m [2mmercury::engine::detector[0m[2m:[0m No arb pairs registered for market — skipping detection [3mmarket_id[0m[2m=[0m39a28b31-a7f7-4e16-b2f1-1e1948be289c
[2m2026-04-12T20:19:10.210900Z[0m [34mDEBUG[0m [2mmercury::engine::market_actor[0m[2m:[0m Tick received — running arb detection [3mmarket_id[0m[2m=[0m189bf673-b643-45a5-be39-c4a3275d71a0 [3mplatform[0m[2m=[0mPolymarket [3mbid[0m[2m=[0m0.4 [3mask[0m[2m=[0m0.41 [3mmid[0m[2m=[0m0.4050 [3mbid_size[0m[2m=[0m1720.54 [3mask_size[0m[2m=[0m5
[2m2026-04-12T20:19:10.210947Z[0m [34mDEBUG[0m [2mmercury::engine::detector[0m[2m:[0m No arb pairs registered for market — skipping detection [3mmarket_id[0m[2m=[0m2285bae6-253b-4085-b0d1-0af34b5530b6
[2m2026-04-12T20:19:10.210904Z[0m [34mDEBUG[0m [2mmercury::engine::market_actor[0m[2m:[0m Tick received — running arb detection [3mmarket_id[0m[2m=[0m39a28b31-a7f7-4e16-b2f1-1e1948be289c [3mplatform[0m[2m=[0mPolymarket [3mbid[0m[2m=[0m0.39 [3mask[0m[2m=[0m0.4 [3mmid[0m[2m=[0m0.3950 [3mbid_size[0m[2m=[0m68.56 [3mask_size[0m[2m=[0m5
[2m2026-04-12T20:19:10.211083Z[0m [34mDEBUG[0m [2mmercury::engine::detector[0m[2m:[0m No arb pairs registered for market — skipping detection [3mmarket_id[0m[2m=[0m189bf673-b643-45a5-be39-c4a3275d71a0
[2m2026-04-12T20:19:10.211223Z[0m [34mDEBUG[0m [2mmercury::engine::detector[0m[2m:[0m No arb pairs registered for market — skipping detection [3mmarket_id[0m[2m=[0m39a28b31-a7f7-4e16-b2f1-1e1948be289c
[2m2026-04-12T20:19:10.211212Z[0m [34mDEBUG[0m [2mmercury::engine::market_actor[0m[2m:[0m Tick received — running arb detection [3mmarket_id[0m[2m=[0m189bf673-b643-45a5-be39-c4a3275d71a0 [3mplatform[0m[2m=[0mPolymarket [3mbid[0m[2m=[0m0.4 [3mask[0m[2m=[0m0.41 [3mmid[0m[2m=[0m0.4050 [3mbid_size[0m[2m=[0m1720.54 [3mask_size[0m[2m=[0m5
[2m2026-04-12T20:19:10.211331Z[0m [34mDEBUG[0m [2mmercury::engine::market_actor[0m[2m:[0m Tick received — running arb detection [3mmarket_id[0m[2m=[0m39a28b31-a7f7-4e16-b2f1-1e1948be289c [3mplatform[0m[2m=[0mPolymarket [3mbid[0m[2m=[0m0.39 [3mask[0m[2m=[0m0.4 [3mmid[0m[2m=[0m0.3950 [3mbid_size[0m[2m=[0m68.56 [3mask_size[0m[2m=[0m5
[2m2026-04-12T20:19:10.211360Z[0m [34mDEBUG[0m [2mmercury::engine::detector[0m[2m:[0m No arb pairs registered for market — skipping detection [3mmarket_id[0m[2m=[0m189bf673-b643-45a5-be39-c4a3275d71a0
[2m2026-04-12T20:19:10.211461Z[0m [34mDEBUG[0m [2mmercury::engine::detector[0m[2m:[0m No arb pairs registered for market — skipping detection [3mmarket_id[0m[2m=[0m39a28b31-a7f7-4e16-b2f1-1e1948be289c
[2m2026-04-12T20:19:10.211480Z[0m [34mDEBUG[0m [2mmercury::engine::market_actor[0m[2m:[0m Tick received — running arb detection [3mmarket_id[0m[2m=[0m189bf673-b643-45a5-be39-c4a3275d71a0 [3mplatform[0m[2m=[0mPolymarket [3mbid[0m[2m=[0m0.4 [3mask[0m[2m=[0m0.41 [3mmid[0m[2m=[0m0.4050 [3mbid_size[0m[2m=[0m1720.54 [3mask_size[0m[2m=[0m5
[2m2026-04-12T20:19:10.211502Z[0m [34mDEBUG[0m [2mmercury::engine::market_actor[0m[2m:[0m Tick received — running arb detection [3mmarket_id[0m[2m=[0mbc548cd4-ced9-48e8-b131-410c92fb3a0e [3mplatform[0m[2m=[0mPolymarket [3mbid[0m[2m=[0m0.36 [3mask[0m[2m=[0m0.4 [3mmid[0m[2m=[0m0.38 [3mbid_size[0m[2m=[0m171.72 [3mask_size[0m[2m=[0m6.72
[2m2026-04-12T20:19:10.211565Z[0m [34mDEBUG[0m [2mmercury::engine::market_actor[0m[2m:[0m Tick received — running arb detection [3mmarket_id[0m[2m=[0m79e1f598-7189-438f-a66e-b184b04be477 [3mplatform[0m[2m=[0mPolymarket [3mbid[0m[2m=[0m0.49 [3mask[0m[2m=[0m0.5 [3mmid[0m[2m=[0m0.4950 [3mbid_size[0m[2m=[0m17 [3mask_size[0m[2m=[0m80.39
[2m2026-04-12T20:19:10.211610Z[0m [34mDEBUG[0m [2mmercury::engine::detector[0m[2m:[0m No arb pairs registered for market — skipping detection [3mmarket_id[0m[2m=[0m189bf673-b643-45a5-be39-c4a3275d71a0
[2m2026-04-12T20:19:10.211709Z[0m [34mDEBUG[0m [2mmercury::engine::detector[0m[2m:[0m No arb pairs registered for market — skipping detection [3mmarket_id[0m[2m=[0m79e1f598-7189-438f-a66e-b184b04be477
[2m2026-04-12T20:19:10.211717Z[0m [34mDEBUG[0m [2mmercury::engine::market_actor[0m[2m:[0m Tick received — running arb detection [3mmarket_id[0m[2m=[0m189bf673-b643-45a5-be39-c4a3275d71a0 [3mplatform[0m[2m=[0mPolymarket [3mbid[0m[2m=[0m0.4 [3mask[0m[2m=[0m0.41 [3mmid[0m[2m=[0m0.4050 [3mbid_size[0m[2m=[0m1720.54 [3mask_size[0m[2m=[0m5
[2m2026-04-12T20:19:10.211811Z[0m [34mDEBUG[0m [2mmercury::engine::detector[0m[2m:[0m No arb pairs registered for market — skipping detection [3mmarket_id[0m[2m=[0mbc548cd4-ced9-48e8-b131-410c92fb3a0e
[2m2026-04-12T20:19:10.211936Z[0m [34mDEBUG[0m [2mmercury::engine::detector[0m[2m:[0m No arb pairs registered for market — skipping detection [3mmarket_id[0m[2m=[0m189bf673-b643-45a5-be39-c4a3275d71a0
[2m2026-04-12T20:19:10.211984Z[0m [34mDEBUG[0m [2mmercury::feeds::polymarket[0m[2m:[0m Unknown Polymarket event type [3mevent_type[0m[2m=[0mbest_bid_ask
[2m2026-04-12T20:19:10.212042Z[0m [34mDEBUG[0m [2mmercury::engine::market_actor[0m[2m:[0m Tick received — running arb detection [3mmarket_id[0m[2m=[0m189bf673-b643-45a5-be39-c4a3275d71a0 [3mplatform[0m[2m=[0mPolymarket [3mbid[0m[2m=[0m0.4 [3mask[0m[2m=[0m0.41 [3mmid[0m[2m=[0m0.4050 [3mbid_size[0m[2m=[0m1750.54 [3mask_size[0m[2m=[0m5
[2m2026-04-12T20:19:10.212042Z[0m [34mDEBUG[0m [2mmercury::engine::market_actor[0m[2m:[0m Tick received — running arb detection [3mmarket_id[0m[2m=[0mbc548cd4-ced9-48e8-b131-410c92fb3a0e [3mplatform[0m[2m=[0mPolymarket [3mbid[0m[2m=[0m0.36 [3mask[0m[2m=[0m0.4 [3mmid[0m[2m=[0m0.38 [3mbid_size[0m[2m=[0m171.72 [3mask_size[0m[2m=[0m6.72
[2m2026-04-12T20:19:10.212173Z[0m [34mDEBUG[0m [2mmercury::engine::detector[0m[2m:[0m No arb pairs registered for market — skipping detection [3mmarket_id[0m[2m=[0m189bf673-b643-45a5-be39-c4a3275d71a0
[2m2026-04-12T20:19:10.212259Z[0m [34mDEBUG[0m [2mmercury::engine::detector[0m[2m:[0m No arb pairs registered for market — skipping detection [3mmarket_id[0m[2m=[0mbc548cd4-ced9-48e8-b131-410c92fb3a0e
[2m2026-04-12T20:19:10.212267Z[0m [34mDEBUG[0m [2mmercury::engine::market_actor[0m[2m:[0m Tick received — running arb detection [3mmarket_id[0m[2m=[0m189bf673-b643-45a5-be39-c4a3275d71a0 [3mplatform[0m[2m=[0mPolymarket [3mbid[0m[2m=[0m0.4 [3mask[0m[2m=[0m0.41 [3mmid[0m[2m=[0m0.4050 [3mbid_size[0m[2m=[0m1750.54 [3mask_size[0m[2m=[0m2.56
[2m2026-04-12T20:19:10.212382Z[0m [34mDEBUG[0m [2mmercury::engine::detector[0m[2m:[0m No arb pairs registered for market — skipping detection [3mmarket_id[0m[2m=[0m189bf673-b643-45a5-be39-c4a3275d71a0
[2m2026-04-12T20:19:10.212735Z[0m [34mDEBUG[0m [2mmercury::engine::market_actor[0m[2m:[0m Tick received — running arb detection [3mmarket_id[0m[2m=[0m189bf673-b643-45a5-be39-c4a3275d71a0 [3mplatform[0m[2m=[0mPolymarket [3mbid[0m[2m=[0m0.4 [3mask[0m[2m=[0m0.41 [3mmid[0m[2m=[0m0.4050 [3mbid_size[0m[2m=[0m1750.54 [3mask_size[0m[2m=[0m2.56
[2m2026-04-12T20:19:10.212877Z[0m [34mDEBUG[0m [2mmercury::engine::detector[0m[2m:[0m No arb pairs registered for market — skipping detection [3mmarket_id[0m[2m=[0m189bf673-b643-45a5-be39-c4a3275d71a0
[2m2026-04-12T20:19:10.227129Z[0m [34mDEBUG[0m [2mmercury::engine::market_actor[0m[2m:[0m Tick received — running arb detection [3mmarket_id[0m[2m=[0m2285bae6-253b-4085-b0d1-0af34b5530b6 [3mplatform[0m[2m=[0mPolymarket [3mbid[0m[2m=[0m0.41 [3mask[0m[2m=[0m0.43 [3mmid[0m[2m=[0m0.42 [3mbid_size[0m[2m=[0m40 [3mask_size[0m[2m=[0m6
[2m2026-04-12T20:19:10.227142Z[0m [34mDEBUG[0m [2mmercury::engine::market_actor[0m[2m:[0m Tick received — running arb detection [3mmarket_id[0m[2m=[0m39a28b31-a7f7-4e16-b2f1-1e1948be289c [3mplatform[0m[2m=[0mPolymarket [3mbid[0m[2m=[0m0.39 [3mask[0m[2m=[0m0.4 [3mmid[0m[2m=[0m0.3950 [3mbid_size[0m[2m=[0m68.56 [3mask_size[0m[2m=[0m5
[2m2026-04-12T20:19:10.227330Z[0m [34mDEBUG[0m [2mmercury::engine::detector[0m[2m:[0m No arb pairs registered for market — skipping detection [3mmarket_id[0m[2m=[0m2285bae6-253b-4085-b0d1-0af34b5530b6
[2m2026-04-12T20:19:10.227343Z[0m [34mDEBUG[0m [2mmercury::engine::market_actor[0m[2m:[0m Tick received — running arb detection [3mmarket_id[0m[2m=[0mbc548cd4-ced9-48e8-b131-410c92fb3a0e [3mplatform[0m[2m=[0mPolymarket [3mbid[0m[2m=[0m0.36 [3mask[0m[2m=[0m0.4 [3mmid[0m[2m=[0m0.38 [3mbid_size[0m[2m=[0m171.72 [3mask_size[0m[2m=[0m6.72
[2m2026-04-12T20:19:10.227435Z[0m [34mDEBUG[0m [2mmercury::engine::market_actor[0m[2m:[0m Tick received — running arb detection [3mmarket_id[0m[2m=[0m2285bae6-253b-4085-b0d1-0af34b5530b6 [3mplatform[0m[2m=[0mPolymarket [3mbid[0m[2m=[0m0.41 [3mask[0m[2m=[0m0.43 [3mmid[0m[2m=[0m0.42 [3mbid_size[0m[2m=[0m40 [3mask_size[0m[2m=[0m6
[2m2026-04-12T20:19:10.227456Z[0m [34mDEBUG[0m [2mmercury::engine::detector[0m[2m:[0m No arb pairs registered for market — skipping detection [3mmarket_id[0m[2m=[0m39a28b31-a7f7-4e16-b2f1-1e1948be289c
[2m2026-04-12T20:19:10.227581Z[0m [34mDEBUG[0m [2mmercury::engine::detector[0m[2m:[0m No arb pairs registered for market — skipping detection [3mmarket_id[0m[2m=[0mbc548cd4-ced9-48e8-b131-410c92fb3a0e
[2m2026-04-12T20:19:10.227661Z[0m [34mDEBUG[0m [2mmercury::engine::market_actor[0m[2m:[0m Tick received — running arb detection [3mmarket_id[0m[2m=[0m189bf673-b643-45a5-be39-c4a3275d71a0 [3mplatform[0m[2m=[0mPolymarket [3mbid[0m[2m=[0m0.4 [3mask[0m[2m=[0m0.41 [3mmid[0m[2m=[0m0.4050 [3mbid_size[0m[2m=[0m1750.54 [3mask_size[0m[2m=[0m2.56
[2m2026-04-12T20:19:10.227706Z[0m [34mDEBUG[0m [2mmercury::engine::detector[0m[2m:[0m No arb pairs registered for market — skipping detection [3mmarket_id[0m[2m=[0m2285bae6-253b-4085-b0d1-0af34b5530b6
[2m2026-04-12T20:19:10.227709Z[0m [34mDEBUG[0m [2mmercury::engine::market_actor[0m[2m:[0m Tick received — running arb detection [3mmarket_id[0m[2m=[0mbc548cd4-ced9-48e8-b131-410c92fb3a0e [3mplatform[0m[2m=[0mPolymarket [3mbid[0m[2m=[0m0.36 [3mask[0m[2m=[0m0.4 [3mmid[0m[2m=[0m0.38 [3mbid_size[0m[2m=[0m171.72 [3mask_size[0m[2m=[0m6.72
[2m2026-04-12T20:19:10.227826Z[0m [34mDEBUG[0m [2mmercury::engine::detector[0m[2m:[0m No arb pairs registered for market — skipping detection [3mmarket_id[0m[2m=[0m189bf673-b643-45a5-be39-c4a3275d71a0
[2m2026-04-12T20:19:10.227834Z[0m [34mDEBUG[0m [2mmercury::engine::market_actor[0m[2m:[0m Tick received — running arb detection [3mmarket_id[0m[2m=[0m2285bae6-253b-4085-b0d1-0af34b5530b6 [3mplatform[0m[2m=[0mPolymarket [3mbid[0m[2m=[0m0.41 [3mask[0m[2m=[0m0.43 [3mmid[0m[2m=[0m0.42 [3mbid_size[0m[2m=[0m40 [3mask_size[0m[2m=[0m6
[2m2026-04-12T20:19:10.227951Z[0m [34mDEBUG[0m [2mmercury::engine::detector[0m[2m:[0m No arb pairs registered for market — skipping detection [3mmarket_id[0m[2m=[0mbc548cd4-ced9-48e8-b131-410c92fb3a0e
[2m2026-04-12T20:19:10.227940Z[0m [34mDEBUG[0m [2mmercury::engine::market_actor[0m[2m:[0m Tick received — running arb detection [3mmarket_id[0m[2m=[0m189bf673-b643-45a5-be39-c4a3275d71a0 [3mplatform[0m[2m=[0mPolymarket [3mbid[0m[2m=[0m0.4 [3mask[0m[2m=[0m0.41 [3mmid[0m[2m=[0m0.4050 [3mbid_size[0m[2m=[0m1780.54 [3mask_size[0m[2m=[0m2.56
[2m2026-04-12T20:19:10.228090Z[0m [34mDEBUG[0m [2mmercury::engine::detector[0m[2m:[0m No arb pairs registered for market — skipping detection [3mmarket_id[0m[2m=[0m189bf673-b643-45a5-be39-c4a3275d71a0
[2m2026-04-12T20:19:10.228084Z[0m [34mDEBUG[0m [2mmercury::engine::market_actor[0m[2m:[0m Tick received — running arb detection [3mmarket_id[0m[2m=[0mbc548cd4-ced9-48e8-b131-410c92fb3a0e [3mplatform[0m[2m=[0mPolymarket [3mbid[0m[2m=[0m0.36 [3mask[0m[2m=[0m0.4 [3mmid[0m[2m=[0m0.38 [3mbid_size[0m[2m=[0m171.72 [3mask_size[0m[2m=[0m6.72
[2m2026-04-12T20:19:10.228106Z[0m [34mDEBUG[0m [2mmercury::engine::market_actor[0m[2m:[0m Tick received — running arb detection [3mmarket_id[0m[2m=[0m79e1f598-7189-438f-a66e-b184b04be477 [3mplatform[0m[2m=[0mPolymarket [3mbid[0m[2m=[0m0.49 [3mask[0m[2m=[0m0.5 [3mmid[0m[2m=[0m0.4950 [3mbid_size[0m[2m=[0m17 [3mask_size[0m[2m=[0m80.39
[2m2026-04-12T20:19:10.228208Z[0m [34mDEBUG[0m [2mmercury::engine::detector[0m[2m:[0m No arb pairs registered for market — skipping detection [3mmarket_id[0m[2m=[0mbc548cd4-ced9-48e8-b131-410c92fb3a0e
[2m2026-04-12T20:19:10.228194Z[0m [34mDEBUG[0m [2mmercury::engine::market_actor[0m[2m:[0m Tick received — running arb detection [3mmarket_id[0m[2m=[0m189bf673-b643-45a5-be39-c4a3275d71a0 [3mplatform[0m[2m=[0mPolymarket [3mbid[0m[2m=[0m0.4 [3mask[0m[2m=[0m0.41 [3mmid[0m[2m=[0m0.4050 [3mbid_size[0m[2m=[0m1780.54 [3mask_size[0m[2m=[0m2.56
[2m2026-04-12T20:19:10.228320Z[0m [34mDEBUG[0m [2mmercury::engine::detector[0m[2m:[0m No arb pairs registered for market — skipping detection [3mmarket_id[0m[2m=[0m2285bae6-253b-4085-b0d1-0af34b5530b6
[2m2026-04-12T20:19:10.228407Z[0m [34mDEBUG[0m [2mmercury::engine::market_actor[0m[2m:[0m Tick received — running arb detection [3mmarket_id[0m[2m=[0m39a28b31-a7f7-4e16-b2f1-1e1948be289c [3mplatform[0m[2m=[0mPolymarket [3mbid[0m[2m=[0m0.39 [3mask[0m[2m=[0m0.4 [3mmid[0m[2m=[0m0.3950 [3mbid_size[0m[2m=[0m63.56 [3mask_size[0m[2m=[0m5
[2m2026-04-12T20:19:10.228441Z[0m [34mDEBUG[0m [2mmercury::engine::detector[0m[2m:[0m No arb pairs registered for market — skipping detection [3mmarket_id[0m[2m=[0m79e1f598-7189-438f-a66e-b184b04be477
[2m2026-04-12T20:19:10.228563Z[0m [34mDEBUG[0m [2mmercury::engine::detector[0m[2m:[0m No arb pairs registered for market — skipping detection [3mmarket_id[0m[2m=[0m189bf673-b643-45a5-be39-c4a3275d71a0
[2m2026-04-12T20:19:10.228665Z[0m [34mDEBUG[0m [2mmercury::engine::market_actor[0m[2m:[0m Tick received — running arb detection [3mmarket_id[0m[2m=[0m189bf673-b643-45a5-be39-c4a3275d71a0 [3mplatform[0m[2m=[0mPolymarket [3mbid[0m[2m=[0m0.4 [3mask[0m[2m=[0m0.41 [3mmid[0m[2m=[0m0.4050 [3mbid_size[0m[2m=[0m1780.54 [3mask_size[0m[2m=[0m2.56
[2m2026-04-12T20:19:10.228705Z[0m [34mDEBUG[0m [2mmercury::engine::detector[0m[2m:[0m No arb pairs registered for market — skipping detection [3mmarket_id[0m[2m=[0m39a28b31-a7f7-4e16-b2f1-1e1948be289c
[2m2026-04-12T20:19:10.228827Z[0m [34mDEBUG[0m [2mmercury::engine::detector[0m[2m:[0m No arb pairs registered for market — skipping detection [3mmarket_id[0m[2m=[0m189bf673-b643-45a5-be39-c4a3275d71a0
[2m2026-04-12T20:19:10.229558Z[0m [34mDEBUG[0m [2mmercury::engine::market_actor[0m[2m:[0m Tick received — running arb detection [3mmarket_id[0m[2m=[0m189bf673-b643-45a5-be39-c4a3275d71a0 [3mplatform[0m[2m=[0mPolymarket [3mbid[0m[2m=[0m0.4 [3mask[0m[2m=[0m0.41 [3mmid[0m[2m=[0m0.4050 [3mbid_size[0m[2m=[0m1780.54 [3mask_size[0m[2m=[0m2.56
[2m2026-04-12T20:19:10.229586Z[0m [34mDEBUG[0m [2mmercury::engine::market_actor[0m[2m:[0m Tick received — running arb detection [3mmarket_id[0m[2m=[0m79e1f598-7189-438f-a66e-b184b04be477 [3mplatform[0m[2m=[0mPolymarket [3mbid[0m[2m=[0m0.49 [3mask[0m[2m=[0m0.5 [3mmid[0m[2m=[0m0.4950 [3mbid_size[0m[2m=[0m17 [3mask_size[0m[2m=[0m80.39
[2m2026-04-12T20:19:10.229690Z[0m [34mDEBUG[0m [2mmercury::engine::detector[0m[2m:[0m No arb pairs registered for market — skipping detection [3mmarket_id[0m[2m=[0m189bf673-b643-45a5-be39-c4a3275d71a0
[2m2026-04-12T20:19:10.229776Z[0m [34mDEBUG[0m [2mmercury::engine::market_actor[0m[2m:[0m Tick received — running arb detection [3mmarket_id[0m[2m=[0m2285bae6-253b-4085-b0d1-0af34b5530b6 [3mplatform[0m[2m=[0mPolymarket [3mbid[0m[2m=[0m0.41 [3mask[0m[2m=[0m0.43 [3mmid[0m[2m=[0m0.42 [3mbid_size[0m[2m=[0m40 [3mask_size[0m[2m=[0m6
[2m2026-04-12T20:19:10.229793Z[0m [34mDEBUG[0m [2mmercury::engine::detector[0m[2m:[0m No arb pairs registered for market — skipping detection [3mmarket_id[0m[2m=[0m79e1f598-7189-438f-a66e-b184b04be477
[2m2026-04-12T20:19:10.229784Z[0m [34mDEBUG[0m [2mmercury::engine::market_actor[0m[2m:[0m Tick received — running arb detection [3mmarket_id[0m[2m=[0m189bf673-b643-45a5-be39-c4a3275d71a0 [3mplatform[0m[2m=[0mPolymarket [3mbid[0m[2m=[0m0.4 [3mask[0m[2m=[0m0.41 [3mmid[0m[2m=[0m0.4050 [3mbid_size[0m[2m=[0m1780.54 [3mask_size[0m[2m=[0m2.56
[2m2026-04-12T20:19:10.229970Z[0m [34mDEBUG[0m [2mmercury::engine::detector[0m[2m:[0m No arb pairs registered for market — skipping detection [3mmarket_id[0m[2m=[0m189bf673-b643-45a5-be39-c4a3275d71a0
[2m2026-04-12T20:19:10.230068Z[0m [34mDEBUG[0m [2mmercury::engine::market_actor[0m[2m:[0m Tick received — running arb detection [3mmarket_id[0m[2m=[0m189bf673-b643-45a5-be39-c4a3275d71a0 [3mplatform[0m[2m=[0mPolymarket [3mbid[0m[2m=[0m0.4 [3mask[0m[2m=[0m0.41 [3mmid[0m[2m=[0m0.4050 [3mbid_size[0m[2m=[0m1780.54 [3mask_size[0m[2m=[0m2.56
[2m2026-04-12T20:19:10.230106Z[0m [34mDEBUG[0m [2mmercury::engine::detector[0m[2m:[0m No arb pairs registered for market — skipping detection [3mmarket_id[0m[2m=[0m2285bae6-253b-4085-b0d1-0af34b5530b6
[2m2026-04-12T20:19:10.230216Z[0m [34mDEBUG[0m [2mmercury::engine::detector[0m[2m:[0m No arb pairs registered for market — skipping detection [3mmarket_id[0m[2m=[0m189bf673-b643-45a5-be39-c4a3275d71a0
[2m2026-04-12T20:19:10.230229Z[0m [34mDEBUG[0m [2mmercury::engine::market_actor[0m[2m:[0m Tick received — running arb detection [3mmarket_id[0m[2m=[0m2285bae6-253b-4085-b0d1-0af34b5530b6 [3mplatform[0m[2m=[0mPolymarket [3mbid[0m[2m=[0m0.41 [3mask[0m[2m=[0m0.43 [3mmid[0m[2m=[0m0.42 [3mbid_size[0m[2m=[0m40 [3mask_size[0m[2m=[0m6
[2m2026-04-12T20:19:10.230313Z[0m [34mDEBUG[0m [2mmercury::engine::market_actor[0m[2m:[0m Tick received — running arb detection [3mmarket_id[0m[2m=[0m189bf673-b643-45a5-be39-c4a3275d71a0 [3mplatform[0m[2m=[0mPolymarket [3mbid[0m[2m=[0m0.4 [3mask[0m[2m=[0m0.41 [3mmid[0m[2m=[0m0.4050 [3mbid_size[0m[2m=[0m1780.54 [3mask_size[0m[2m=[0m2.56
[2m2026-04-12T20:19:10.230358Z[0m [34mDEBUG[0m [2mmercury::engine::detector[0m[2m:[0m No arb pairs registered for market — skipping detection [3mmarket_id[0m[2m=[0m2285bae6-253b-4085-b0d1-0af34b5530b6
[2m2026-04-12T20:19:10.230447Z[0m [34mDEBUG[0m [2mmercury::engine::detector[0m[2m:[0m No arb pairs registered for market — skipping detection [3mmarket_id[0m[2m=[0m189bf673-b643-45a5-be39-c4a3275d71a0
[2m2026-04-12T20:19:10.230529Z[0m [34mDEBUG[0m [2mmercury::feeds::polymarket[0m[2m:[0m Unknown Polymarket event type [3mevent_type[0m[2m=[0mbest_bid_ask
[2m2026-04-12T20:19:10.230768Z[0m [34mDEBUG[0m [2mmercury::engine::market_actor[0m[2m:[0m Tick received — running arb detection [3mmarket_id[0m[2m=[0m189bf673-b643-45a5-be39-c4a3275d71a0 [3mplatform[0m[2m=[0mPolymarket [3mbid[0m[2m=[0m0.4 [3mask[0m[2m=[0m0.41 [3mmid[0m[2m=[0m0.4050 [3mbid_size[0m[2m=[0m1780.54 [3mask_size[0m[2m=[0m2.56
[2m2026-04-12T20:19:10.230870Z[0m [34mDEBUG[0m [2mmercury::engine::detector[0m[2m:[0m No arb pairs registered for market — skipping detection [3mmarket_id[0m[2m=[0m189bf673-b643-45a5-be39-c4a3275d71a0
[2m2026-04-12T20:19:10.230946Z[0m [34mDEBUG[0m [2mmercury::engine::market_actor[0m[2m:[0m Tick received — running arb detection [3mmarket_id[0m[2m=[0m189bf673-b643-45a5-be39-c4a3275d71a0 [3mplatform[0m[2m=[0mPolymarket [3mbid[0m[2m=[0m0.4 [3mask[0m[2m=[0m0.42 [3mmid[0m[2m=[0m0.41 [3mbid_size[0m[2m=[0m1780.54 [3mask_size[0m[2m=[0m85.43
[2m2026-04-12T20:19:10.231044Z[0m [34mDEBUG[0m [2mmercury::engine::detector[0m[2m:[0m No arb pairs registered for market — skipping detection [3mmarket_id[0m[2m=[0m189bf673-b643-45a5-be39-c4a3275d71a0
[2m2026-04-12T20:19:10.231207Z[0m [34mDEBUG[0m [2mmercury::engine::market_actor[0m[2m:[0m Tick received — running arb detection [3mmarket_id[0m[2m=[0m189bf673-b643-45a5-be39-c4a3275d71a0 [3mplatform[0m[2m=[0mPolymarket [3mbid[0m[2m=[0m0.4 [3mask[0m[2m=[0m0.42 [3mmid[0m[2m=[0m0.41 [3mbid_size[0m[2m=[0m1780.54 [3mask_size[0m[2m=[0m85.43
[2m2026-04-12T20:19:10.231321Z[0m [34mDEBUG[0m [2mmercury::engine::detector[0m[2m:[0m No arb pairs registered for market — skipping detection [3mmarket_id[0m[2m=[0m189bf673-b643-45a5-be39-c4a3275d71a0
[2m2026-04-12T20:19:10.235536Z[0m [34mDEBUG[0m [2mmercury::engine::market_actor[0m[2m:[0m Tick received — running arb detection [3mmarket_id[0m[2m=[0mbc548cd4-ced9-48e8-b131-410c92fb3a0e [3mplatform[0m[2m=[0mPolymarket [3mbid[0m[2m=[0m0.36 [3mask[0m[2m=[0m0.4 [3mmid[0m[2m=[0m0.38 [3mbid_size[0m[2m=[0m165 [3mask_size[0m[2m=[0m6.72
[2m2026-04-12T20:19:10.235580Z[0m [34mDEBUG[0m [2mmercury::engine::market_actor[0m[2m:[0m Tick received — running arb detection [3mmarket_id[0m[2m=[0m189bf673-b643-45a5-be39-c4a3275d71a0 [3mplatform[0m[2m=[0mPolymarket [3mbid[0m[2m=[0m0.4 [3mask[0m[2m=[0m0.42 [3mmid[0m[2m=[0m0.41 [3mbid_size[0m[2m=[0m1780.54 [3mask_size[0m[2m=[0m85.43
[2m2026-04-12T20:19:10.235732Z[0m [34mDEBUG[0m [2mmercury::engine::detector[0m[2m:[0m No arb pairs registered for market — skipping detection [3mmarket_id[0m[2m=[0mbc548cd4-ced9-48e8-b131-410c92fb3a0e
[2m2026-04-12T20:19:10.235718Z[0m [34mDEBUG[0m [2mmercury::engine::market_actor[0m[2m:[0m Tick received — running arb detection [3mmarket_id[0m[2m=[0m2285bae6-253b-4085-b0d1-0af34b5530b6 [3mplatform[0m[2m=[0mPolymarket [3mbid[0m[2m=[0m0.41 [3mask[0m[2m=[0m0.43 [3mmid[0m[2m=[0m0.42 [3mbid_size[0m[2m=[0m40 [3mask_size[0m[2m=[0m6
[2m2026-04-12T20:19:10.235837Z[0m [34mDEBUG[0m [2mmercury::engine::detector[0m[2m:[0m No arb pairs registered for market — skipping detection [3mmarket_id[0m[2m=[0m189bf673-b643-45a5-be39-c4a3275d71a0
[2m2026-04-12T20:19:10.235950Z[0m [34mDEBUG[0m [2mmercury::engine::detector[0m[2m:[0m No arb pairs registered for market — skipping detection [3mmarket_id[0m[2m=[0m2285bae6-253b-4085-b0d1-0af34b5530b6
[2m2026-04-12T20:19:10.235962Z[0m [34mDEBUG[0m [2mmercury::engine::market_actor[0m[2m:[0m Tick received — running arb detection [3mmarket_id[0m[2m=[0m189bf673-b643-45a5-be39-c4a3275d71a0 [3mplatform[0m[2m=[0mPolymarket [3mbid[0m[2m=[0m0.4 [3mask[0m[2m=[0m0.42 [3mmid[0m[2m=[0m0.41 [3mbid_size[0m[2m=[0m1750.54 [3mask_size[0m[2m=[0m85.43
[2m2026-04-12T20:19:10.236057Z[0m [34mDEBUG[0m [2mmercury::engine::market_actor[0m[2m:[0m Tick received — running arb detection [3mmarket_id[0m[2m=[0m2285bae6-253b-4085-b0d1-0af34b5530b6 [3mplatform[0m[2m=[0mPolymarket [3mbid[0m[2m=[0m0.41 [3mask[0m[2m=[0m0.43 [3mmid[0m[2m=[0m0.42 [3mbid_size[0m[2m=[0m40 [3mask_size[0m[2m=[0m6
[2m2026-04-12T20:19:10.236086Z[0m [34mDEBUG[0m [2mmercury::engine::detector[0m[2m:[0m No arb pairs registered for market — skipping detection [3mmarket_id[0m[2m=[0m189bf673-b643-45a5-be39-c4a3275d71a0
[2m2026-04-12T20:19:10.236175Z[0m [34mDEBUG[0m [2mmercury::engine::detector[0m[2m:[0m No arb pairs registered for market — skipping detection [3mmarket_id[0m[2m=[0m2285bae6-253b-4085-b0d1-0af34b5530b6
[2m2026-04-12T20:19:10.236185Z[0m [34mDEBUG[0m [2mmercury::engine::market_actor[0m[2m:[0m Tick received — running arb detection [3mmarket_id[0m[2m=[0m189bf673-b643-45a5-be39-c4a3275d71a0 [3mplatform[0m[2m=[0mPolymarket [3mbid[0m[2m=[0m0.4 [3mask[0m[2m=[0m0.42 [3mmid[0m[2m=[0m0.41 [3mbid_size[0m[2m=[0m1750.54 [3mask_size[0m[2m=[0m85.43
[2m2026-04-12T20:19:10.236230Z[0m [34mDEBUG[0m [2mmercury::engine::market_actor[0m[2m:[0m Tick received — running arb detection [3mmarket_id[0m[2m=[0m79e1f598-7189-438f-a66e-b184b04be477 [3mplatform[0m[2m=[0mPolymarket [3mbid[0m[2m=[0m0.49 [3mask[0m[2m=[0m0.5 [3mmid[0m[2m=[0m0.4950 [3mbid_size[0m[2m=[0m17 [3mask_size[0m[2m=[0m80.39
[2m2026-04-12T20:19:10.236301Z[0m [34mDEBUG[0m [2mmercury::engine::detector[0m[2m:[0m No arb pairs registered for market — skipping detection [3mmarket_id[0m[2m=[0m189bf673-b643-45a5-be39-c4a3275d71a0
[2m2026-04-12T20:19:10.236381Z[0m [34mDEBUG[0m [2mmercury::engine::detector[0m[2m:[0m No arb pairs registered for market — skipping detection [3mmarket_id[0m[2m=[0m79e1f598-7189-438f-a66e-b184b04be477
[2m2026-04-12T20:19:10.236391Z[0m [34mDEBUG[0m [2mmercury::engine::market_actor[0m[2m:[0m Tick received — running arb detection [3mmarket_id[0m[2m=[0m189bf673-b643-45a5-be39-c4a3275d71a0 [3mplatform[0m[2m=[0mPolymarket [3mbid[0m[2m=[0m0.4 [3mask[0m[2m=[0m0.42 [3mmid[0m[2m=[0m0.41 [3mbid_size[0m[2m=[0m1750.54 [3mask_size[0m[2m=[0m85.43
[2m2026-04-12T20:19:10.236379Z[0m [34mDEBUG[0m [2mmercury::engine::market_actor[0m[2m:[0m Tick received — running arb detection [3mmarket_id[0m[2m=[0mbc548cd4-ced9-48e8-b131-410c92fb3a0e [3mplatform[0m[2m=[0mPolymarket [3mbid[0m[2m=[0m0.36 [3mask[0m[2m=[0m0.4 [3mmid[0m[2m=[0m0.38 [3mbid_size[0m[2m=[0m165 [3mask_size[0m[2m=[0m6.72
[2m2026-04-12T20:19:10.236515Z[0m [34mDEBUG[0m [2mmercury::engine::detector[0m[2m:[0m No arb pairs registered for market — skipping detection [3mmarket_id[0m[2m=[0m189bf673-b643-45a5-be39-c4a3275d71a0
[2m2026-04-12T20:19:10.236608Z[0m [34mDEBUG[0m [2mmercury::engine::market_actor[0m[2m:[0m Tick received — running arb detection [3mmarket_id[0m[2m=[0m189bf673-b643-45a5-be39-c4a3275d71a0 [3mplatform[0m[2m=[0mPolymarket [3mbid[0m[2m=[0m0.4 [3mask[0m[2m=[0m0.42 [3mmid[0m[2m=[0m0.41 [3mbid_size[0m[2m=[0m1750.54 [3mask_size[0m[2m=[0m85.43
[2m2026-04-12T20:19:10.236631Z[0m [34mDEBUG[0m [2mmercury::engine::detector[0m[2m:[0m No arb pairs registered for market — skipping detection [3mmarket_id[0m[2m=[0mbc548cd4-ced9-48e8-b131-410c92fb3a0e
[2m2026-04-12T20:19:10.236739Z[0m [34mDEBUG[0m [2mmercury::engine::detector[0m[2m:[0m No arb pairs registered for market — skipping detection [3mmarket_id[0m[2m=[0m189bf673-b643-45a5-be39-c4a3275d71a0
[2m2026-04-12T20:19:10.236758Z[0m [34mDEBUG[0m [2mmercury::engine::market_actor[0m[2m:[0m Tick received — running arb detection [3mmarket_id[0m[2m=[0mbc548cd4-ced9-48e8-b131-410c92fb3a0e [3mplatform[0m[2m=[0mPolymarket [3mbid[0m[2m=[0m0.36 [3mask[0m[2m=[0m0.4 [3mmid[0m[2m=[0m0.38 [3mbid_size[0m[2m=[0m165 [3mask_size[0m[2m=[0m6.72
[2m2026-04-12T20:19:10.236879Z[0m [34mDEBUG[0m [2mmercury::engine::detector[0m[2m:[0m No arb pairs registered for market — skipping detection [3mmarket_id[0m[2m=[0mbc548cd4-ced9-48e8-b131-410c92fb3a0e
[2m2026-04-12T20:19:10.236908Z[0m [34mDEBUG[0m [2mmercury::engine::market_actor[0m[2m:[0m Tick received — running arb detection [3mmarket_id[0m[2m=[0m79e1f598-7189-438f-a66e-b184b04be477 [3mplatform[0m[2m=[0mPolymarket [3mbid[0m[2m=[0m0.49 [3mask[0m[2m=[0m0.5 [3mmid[0m[2m=[0m0.4950 [3mbid_size[0m[2m=[0m17 [3mask_size[0m[2m=[0m80.39
[2m2026-04-12T20:19:10.236982Z[0m [34mDEBUG[0m [2mmercury::engine::market_actor[0m[2m:[0m Tick received — running arb detection [3mmarket_id[0m[2m=[0mbc548cd4-ced9-48e8-b131-410c92fb3a0e [3mplatform[0m[2m=[0mPolymarket [3mbid[0m[2m=[0m0.36 [3mask[0m[2m=[0m0.4 [3mmid[0m[2m=[0m0.38 [3mbid_size[0m[2m=[0m165 [3mask_size[0m[2m=[0m6.72
[2m2026-04-12T20:19:10.237044Z[0m [34mDEBUG[0m [2mmercury::engine::detector[0m[2m:[0m No arb pairs registered for market — skipping detection [3mmarket_id[0m[2m=[0m79e1f598-7189-438f-a66e-b184b04be477
[2m2026-04-12T20:19:10.237146Z[0m [34mDEBUG[0m [2mmercury::engine::detector[0m[2m:[0m No arb pairs registered for market — skipping detection [3mmarket_id[0m[2m=[0mbc548cd4-ced9-48e8-b131-410c92fb3a0e
[2m2026-04-12T20:19:10.239188Z[0m [34mDEBUG[0m [2mmercury::feeds::polymarket[0m[2m:[0m Unknown Polymarket event type [3mevent_type[0m[2m=[0mbest_bid_ask
[2m2026-04-12T20:19:10.239445Z[0m [34mDEBUG[0m [2mmercury::engine::market_actor[0m[2m:[0m Tick received — running arb detection [3mmarket_id[0m[2m=[0m189bf673-b643-45a5-be39-c4a3275d71a0 [3mplatform[0m[2m=[0mPolymarket [3mbid[0m[2m=[0m0.4 [3mask[0m[2m=[0m0.42 [3mmid[0m[2m=[0m0.41 [3mbid_size[0m[2m=[0m1750.54 [3mask_size[0m[2m=[0m55.43
[2m2026-04-12T20:19:10.239559Z[0m [34mDEBUG[0m [2mmercury::engine::detector[0m[2m:[0m No arb pairs registered for market — skipping detection [3mmarket_id[0m[2m=[0m189bf673-b643-45a5-be39-c4a3275d71a0
[2m2026-04-12T20:19:10.239848Z[0m [34mDEBUG[0m [2mmercury::engine::market_actor[0m[2m:[0m Tick received — running arb detection [3mmarket_id[0m[2m=[0m189bf673-b643-45a5-be39-c4a3275d71a0 [3mplatform[0m[2m=[0mPolymarket [3mbid[0m[2m=[0m0.4 [3mask[0m[2m=[0m0.42 [3mmid[0m[2m=[0m0.41 [3mbid_size[0m[2m=[0m1750.54 [3mask_size[0m[2m=[0m55.43
[2m2026-04-12T20:19:10.239966Z[0m [34mDEBUG[0m [2mmercury::engine::detector[0m[2m:[0m No arb pairs registered for market — skipping detection [3mmarket_id[0m[2m=[0m189bf673-b643-45a5-be39-c4a3275d71a0
[2m2026-04-12T20:19:10.241722Z[0m [34mDEBUG[0m [2mmercury::engine::market_actor[0m[2m:[0m Tick received — running arb detection [3mmarket_id[0m[2m=[0m39a28b31-a7f7-4e16-b2f1-1e1948be289c [3mplatform[0m[2m=[0mPolymarket [3mbid[0m[2m=[0m0.39 [3mask[0m[2m=[0m0.4 [3mmid[0m[2m=[0m0.3950 [3mbid_size[0m[2m=[0m63.56 [3mask_size[0m[2m=[0m5
[2m2026-04-12T20:19:10.241830Z[0m [34mDEBUG[0m [2mmercury::engine::detector[0m[2m:[0m No arb pairs registered for market — skipping detection [3mmarket_id[0m[2m=[0m39a28b31-a7f7-4e16-b2f1-1e1948be289c
[2m2026-04-12T20:19:10.241905Z[0m [34mDEBUG[0m [2mmercury::engine::market_actor[0m[2m:[0m Tick received — running arb detection [3mmarket_id[0m[2m=[0m39a28b31-a7f7-4e16-b2f1-1e1948be289c [3mplatform[0m[2m=[0mPolymarket [3mbid[0m[2m=[0m0.39 [3mask[0m[2m=[0m0.4 [3mmid[0m[2m=[0m0.3950 [3mbid_size[0m[2m=[0m63.56 [3mask_size[0m[2m=[0m5
[2m2026-04-12T20:19:10.241999Z[0m [34mDEBUG[0m [2mmercury::engine::detector[0m[2m:[0m No arb pairs registered for market — skipping detection [3mmarket_id[0m[2m=[0m39a28b31-a7f7-4e16-b2f1-1e1948be289c
[2m2026-04-12T20:19:10.261783Z[0m [34mDEBUG[0m [2mmercury::feeds::polymarket[0m[2m:[0m Unknown Polymarket event type [3mevent_type[0m[2m=[0mbest_bid_ask
[2m2026-04-12T20:19:10.262343Z[0m [34mDEBUG[0m [2mmercury::feeds::polymarket[0m[2m:[0m Unknown Polymarket event type [3mevent_type[0m[2m=[0mbest_bid_ask
[2m2026-04-12T20:19:10.262391Z[0m [34mDEBUG[0m [2mmercury::engine::market_actor[0m[2m:[0m Tick received — running arb detection [3mmarket_id[0m[2m=[0m189bf673-b643-45a5-be39-c4a3275d71a0 [3mplatform[0m[2m=[0mPolymarket [3mbid[0m[2m=[0m0.41 [3mask[0m[2m=[0m0.42 [3mmid[0m[2m=[0m0.4150 [3mbid_size[0m[2m=[0m30 [3mask_size[0m[2m=[0m55.43
[2m2026-04-12T20:19:10.262427Z[0m [34mDEBUG[0m [2mmercury::engine::market_actor[0m[2m:[0m Tick received — running arb detection [3mmarket_id[0m[2m=[0m79e1f598-7189-438f-a66e-b184b04be477 [3mplatform[0m[2m=[0mPolymarket [3mbid[0m[2m=[0m0.49 [3mask[0m[2m=[0m0.5 [3mmid[0m[2m=[0m0.4950 [3mbid_size[0m[2m=[0m17 [3mask_size[0m[2m=[0m80.39
[2m2026-04-12T20:19:10.262599Z[0m [34mDEBUG[0m [2mmercury::engine::detector[0m[2m:[0m No arb pairs registered for market — skipping detection [3mmarket_id[0m[2m=[0m189bf673-b643-45a5-be39-c4a3275d71a0
[2m2026-04-12T20:19:10.262734Z[0m [34mDEBUG[0m [2mmercury::engine::detector[0m[2m:[0m No arb pairs registered for market — skipping detection [3mmarket_id[0m[2m=[0m79e1f598-7189-438f-a66e-b184b04be477
[2m2026-04-12T20:19:10.262747Z[0m [34mDEBUG[0m [2mmercury::engine::market_actor[0m[2m:[0m Tick received — running arb detection [3mmarket_id[0m[2m=[0m2285bae6-253b-4085-b0d1-0af34b5530b6 [3mplatform[0m[2m=[0mPolymarket [3mbid[0m[2m=[0m0.41 [3mask[0m[2m=[0m0.43 [3mmid[0m[2m=[0m0.42 [3mbid_size[0m[2m=[0m40 [3mask_size[0m[2m=[0m6
[2m2026-04-12T20:19:10.262937Z[0m [34mDEBUG[0m [2mmercury::engine::detector[0m[2m:[0m No arb pairs registered for market — skipping detection [3mmarket_id[0m[2m=[0m2285bae6-253b-4085-b0d1-0af34b5530b6
[2m2026-04-12T20:19:10.263078Z[0m [34mDEBUG[0m [2mmercury::engine::market_actor[0m[2m:[0m Tick received — running arb detection [3mmarket_id[0m[2m=[0m2285bae6-253b-4085-b0d1-0af34b5530b6 [3mplatform[0m[2m=[0mPolymarket [3mbid[0m[2m=[0m0.41 [3mask[0m[2m=[0m0.45 [3mmid[0m[2m=[0m0.43 [3mbid_size[0m[2m=[0m40 [3mask_size[0m[2m=[0m9.5
[2m2026-04-12T20:19:10.263243Z[0m [34mDEBUG[0m [2mmercury::engine::detector[0m[2m:[0m No arb pairs registered for market — skipping detection [3mmarket_id[0m[2m=[0m2285bae6-253b-4085-b0d1-0af34b5530b6
[2m2026-04-12T20:19:10.263413Z[0m [34mDEBUG[0m [2mmercury::feeds::polymarket[0m[2m:[0m Unknown Polymarket event type [3mevent_type[0m[2m=[0mbest_bid_ask
[2m2026-04-12T20:19:10.263546Z[0m [34mDEBUG[0m [2mmercury::engine::market_actor[0m[2m:[0m Tick received — running arb detection [3mmarket_id[0m[2m=[0m2285bae6-253b-4085-b0d1-0af34b5530b6 [3mplatform[0m[2m=[0mPolymarket [3mbid[0m[2m=[0m0.41 [3mask[0m[2m=[0m0.45 [3mmid[0m[2m=[0m0.43 [3mbid_size[0m[2m=[0m40 [3mask_size[0m[2m=[0m9.5
[2m2026-04-12T20:19:10.263724Z[0m [34mDEBUG[0m [2mmercury::engine::detector[0m[2m:[0m No arb pairs registered for market — skipping detection [3mmarket_id[0m[2m=[0m2285bae6-253b-4085-b0d1-0af34b5530b6
[2m2026-04-12T20:19:10.263827Z[0m [34mDEBUG[0m [2mmercury::engine::market_actor[0m[2m:[0m Tick received — running arb detection [3mmarket_id[0m[2m=[0m189bf673-b643-45a5-be39-c4a3275d71a0 [3mplatform[0m[2m=[0mPolymarket [3mbid[0m[2m=[0m0.41 [3mask[0m[2m=[0m0.42 [3mmid[0m[2m=[0m0.4150 [3mbid_size[0m[2m=[0m30 [3mask_size[0m[2m=[0m45.09
[2m2026-04-12T20:19:10.264020Z[0m [34mDEBUG[0m [2mmercury::engine::detector[0m[2m:[0m No arb pairs registered for market — skipping detection [3mmarket_id[0m[2m=[0m189bf673-b643-45a5-be39-c4a3275d71a0
[2m2026-04-12T20:19:10.264368Z[0m [34mDEBUG[0m [2mmercury::feeds::polymarket[0m[2m:[0m Unknown Polymarket event type [3mevent_type[0m[2m=[0mbest_bid_ask
[2m2026-04-12T20:19:10.264460Z[0m [34mDEBUG[0m [2mmercury::engine::market_actor[0m[2m:[0m Tick received — running arb detection [3mmarket_id[0m[2m=[0m189bf673-b643-45a5-be39-c4a3275d71a0 [3mplatform[0m[2m=[0mPolymarket [3mbid[0m[2m=[0m0.41 [3mask[0m[2m=[0m0.42 [3mmid[0m[2m=[0m0.4150 [3mbid_size[0m[2m=[0m30 [3mask_size[0m[2m=[0m45.09
[2m2026-04-12T20:19:10.264648Z[0m [34mDEBUG[0m [2mmercury::engine::detector[0m[2m:[0m No arb pairs registered for market — skipping detection [3mmarket_id[0m[2m=[0m189bf673-b643-45a5-be39-c4a3275d71a0
[2m2026-04-12T20:19:10.264777Z[0m [34mDEBUG[0m [2mmercury::engine::market_actor[0m[2m:[0m Tick received — running arb detection [3mmarket_id[0m[2m=[0m189bf673-b643-45a5-be39-c4a3275d71a0 [3mplatform[0m[2m=[0mPolymarket [3mbid[0m[2m=[0m0.41 [3mask[0m[2m=[0m0.43 [3mmid[0m[2m=[0m0.42 [3mbid_size[0m[2m=[0m30 [3mask_size[0m[2m=[0m70.42
[2m2026-04-12T20:19:10.264918Z[0m [34mDEBUG[0m [2mmercury::engine::detector[0m[2m:[0m No arb pairs registered for market — skipping detection [3mmarket_id[0m[2m=[0m189bf673-b643-45a5-be39-c4a3275d71a0
[2m2026-04-12T20:19:10.265362Z[0m [34mDEBUG[0m [2mmercury::engine::market_actor[0m[2m:[0m Tick received — running arb detection [3mmarket_id[0m[2m=[0m189bf673-b643-45a5-be39-c4a3275d71a0 [3mplatform[0m[2m=[0mPolymarket [3mbid[0m[2m=[0m0.41 [3mask[0m[2m=[0m0.43 [3mmid[0m[2m=[0m0.42 [3mbid_size[0m[2m=[0m30 [3mask_size[0m[2m=[0m70.42
[2m2026-04-12T20:19:10.265506Z[0m [34mDEBUG[0m [2mmercury::engine::detector[0m[2m:[0m No arb pairs registered for market — skipping detection [3mmarket_id[0m[2m=[0m189bf673-b643-45a5-be39-c4a3275d71a0
[2m2026-04-12T20:19:10.265600Z[0m [34mDEBUG[0m [2mmercury::engine::market_actor[0m[2m:[0m Tick received — running arb detection [3mmarket_id[0m[2m=[0m189bf673-b643-45a5-be39-c4a3275d71a0 [3mplatform[0m[2m=[0mPolymarket [3mbid[0m[2m=[0m0.41 [3mask[0m[2m=[0m0.43 [3mmid[0m[2m=[0m0.42 [3mbid_size[0m[2m=[0m30 [3mask_size[0m[2m=[0m70.42
[2m2026-04-12T20:19:10.265718Z[0m [34mDEBUG[0m [2mmercury::engine::detector[0m[2m:[0m No arb pairs registered for market — skipping detection [3mmarket_id[0m[2m=[0m189bf673-b643-45a5-be39-c4a3275d71a0
[2m2026-04-12T20:19:10.265806Z[0m [34mDEBUG[0m [2mmercury::engine::market_actor[0m[2m:[0m Tick received — running arb detection [3mmarket_id[0m[2m=[0m189bf673-b643-45a5-be39-c4a3275d71a0 [3mplatform[0m[2m=[0mPolymarket [3mbid[0m[2m=[0m0.41 [3mask[0m[2m=[0m0.43 [3mmid[0m[2m=[0m0.42 [3mbid_size[0m[2m=[0m30 [3mask_size[0m[2m=[0m70.42
[2m2026-04-12T20:19:10.265921Z[0m [34mDEBUG[0m [2mmercury::engine::detector[0m[2m:[0m No arb pairs registered for market — skipping detection [3mmarket_id[0m[2m=[0m189bf673-b643-45a5-be39-c4a3275d71a0
[2m2026-04-12T20:19:10.271455Z[0m [34mDEBUG[0m [2mmercury::engine::market_actor[0m[2m:[0m Tick received — running arb detection [3mmarket_id[0m[2m=[0m189bf673-b643-45a5-be39-c4a3275d71a0 [3mplatform[0m[2m=[0mPolymarket [3mbid[0m[2m=[0m0.41 [3mask[0m[2m=[0m0.43 [3mmid[0m[2m=[0m0.42 [3mbid_size[0m[2m=[0m30 [3mask_size[0m[2m=[0m70.42
[2m2026-04-12T20:19:10.271639Z[0m [34mDEBUG[0m [2mmercury::engine::detector[0m[2m:[0m No arb pairs registered for market — skipping detection [3mmarket_id[0m[2m=[0m189bf673-b643-45a5-be39-c4a3275d71a0
[2m2026-04-12T20:19:10.271736Z[0m [34mDEBUG[0m [2mmercury::engine::market_actor[0m[2m:[0m Tick received — running arb detection [3mmarket_id[0m[2m=[0m189bf673-b643-45a5-be39-c4a3275d71a0 [3mplatform[0m[2m=[0mPolymarket [3mbid[0m[2m=[0m0.41 [3mask[0m[2m=[0m0.43 [3mmid[0m[2m=[0m0.42 [3mbid_size[0m[2m=[0m35 [3mask_size[0m[2m=[0m70.42
[2m2026-04-12T20:19:10.271855Z[0m [34mDEBUG[0m [2mmercury::engine::detector[0m[2m:[0m No arb pairs registered for market — skipping detection [3mmarket_id[0m[2m=[0m189bf673-b643-45a5-be39-c4a3275d71a0
[2m2026-04-12T20:19:10.271861Z[0m [34mDEBUG[0m [2mmercury::engine::market_actor[0m[2m:[0m Tick received — running arb detection [3mmarket_id[0m[2m=[0m79e1f598-7189-438f-a66e-b184b04be477 [3mplatform[0m[2m=[0mPolymarket [3mbid[0m[2m=[0m0.49 [3mask[0m[2m=[0m0.5 [3mmid[0m[2m=[0m0.4950 [3mbid_size[0m[2m=[0m17 [3mask_size[0m[2m=[0m80.39
[2m2026-04-12T20:19:10.271945Z[0m [34mDEBUG[0m [2mmercury::engine::market_actor[0m[2m:[0m Tick received — running arb detection [3mmarket_id[0m[2m=[0m189bf673-b643-45a5-be39-c4a3275d71a0 [3mplatform[0m[2m=[0mPolymarket [3mbid[0m[2m=[0m0.41 [3mask[0m[2m=[0m0.43 [3mmid[0m[2m=[0m0.42 [3mbid_size[0m[2m=[0m35 [3mask_size[0m[2m=[0m70.42
[2m2026-04-12T20:19:10.272010Z[0m [34mDEBUG[0m [2mmercury::engine::detector[0m[2m:[0m No arb pairs registered for market — skipping detection [3mmarket_id[0m[2m=[0m79e1f598-7189-438f-a66e-b184b04be477
[2m2026-04-12T20:19:10.272036Z[0m [34mDEBUG[0m [2mmercury::engine::market_actor[0m[2m:[0m Tick received — running arb detection [3mmarket_id[0m[2m=[0m2285bae6-253b-4085-b0d1-0af34b5530b6 [3mplatform[0m[2m=[0mPolymarket [3mbid[0m[2m=[0m0.41 [3mask[0m[2m=[0m0.45 [3mmid[0m[2m=[0m0.43 [3mbid_size[0m[2m=[0m40 [3mask_size[0m[2m=[0m14.9
[2m2026-04-12T20:19:10.272123Z[0m [34mDEBUG[0m [2mmercury::engine::detector[0m[2m:[0m No arb pairs registered for market — skipping detection [3mmarket_id[0m[2m=[0m189bf673-b643-45a5-be39-c4a3275d71a0
[2m2026-04-12T20:19:10.272228Z[0m [34mDEBUG[0m [2mmercury::engine::detector[0m[2m:[0m No arb pairs registered for market — skipping detection [3mmarket_id[0m[2m=[0m2285bae6-253b-4085-b0d1-0af34b5530b6
[2m2026-04-12T20:19:10.272225Z[0m [34mDEBUG[0m [2mmercury::engine::market_actor[0m[2m:[0m Tick received — running arb detection [3mmarket_id[0m[2m=[0m189bf673-b643-45a5-be39-c4a3275d71a0 [3mplatform[0m[2m=[0mPolymarket [3mbid[0m[2m=[0m0.41 [3mask[0m[2m=[0m0.43 [3mmid[0m[2m=[0m0.42 [3mbid_size[0m[2m=[0m35 [3mask_size[0m[2m=[0m70.42
[2m2026-04-12T20:19:10.272442Z[0m [34mDEBUG[0m [2mmercury::engine::detector[0m[2m:[0m No arb pairs registered for market — skipping detection [3mmarket_id[0m[2m=[0m189bf673-b643-45a5-be39-c4a3275d71a0
[2m2026-04-12T20:19:10.272548Z[0m [34mDEBUG[0m [2mmercury::engine::market_actor[0m[2m:[0m Tick received — running arb detection [3mmarket_id[0m[2m=[0m189bf673-b643-45a5-be39-c4a3275d71a0 [3mplatform[0m[2m=[0mPolymarket [3mbid[0m[2m=[0m0.41 [3mask[0m[2m=[0m0.43 [3mmid[0m[2m=[0m0.42 [3mbid_size[0m[2m=[0m35 [3mask_size[0m[2m=[0m70.42
[2m2026-04-12T20:19:10.272669Z[0m [34mDEBUG[0m [2mmercury::engine::detector[0m[2m:[0m No arb pairs registered for market — skipping detection [3mmarket_id[0m[2m=[0m189bf673-b643-45a5-be39-c4a3275d71a0
[2m2026-04-12T20:19:10.276351Z[0m [34mDEBUG[0m [2mmercury::engine::market_actor[0m[2m:[0m Tick received — running arb detection [3mmarket_id[0m[2m=[0m189bf673-b643-45a5-be39-c4a3275d71a0 [3mplatform[0m[2m=[0mPolymarket [3mbid[0m[2m=[0m0.41 [3mask[0m[2m=[0m0.43 [3mmid[0m[2m=[0m0.42 [3mbid_size[0m[2m=[0m5 [3mask_size[0m[2m=[0m70.42
[2m2026-04-12T20:19:10.276429Z[0m [34mDEBUG[0m [2mmercury::engine::market_actor[0m[2m:[0m Tick received — running arb detection [3mmarket_id[0m[2m=[0m2285bae6-253b-4085-b0d1-0af34b5530b6 [3mplatform[0m[2m=[0mPolymarket [3mbid[0m[2m=[0m0.41 [3mask[0m[2m=[0m0.45 [3mmid[0m[2m=[0m0.43 [3mbid_size[0m[2m=[0m40 [3mask_size[0m[2m=[0m22.1
[2m2026-04-12T20:19:10.276592Z[0m [34mDEBUG[0m [2mmercury::engine::detector[0m[2m:[0m No arb pairs registered for market — skipping detection [3mmarket_id[0m[2m=[0m189bf673-b643-45a5-be39-c4a3275d71a0
[2m2026-04-12T20:19:10.276632Z[0m [34mDEBUG[0m [2mmercury::engine::market_actor[0m[2m:[0m Tick received — running arb detection [3mmarket_id[0m[2m=[0m79e1f598-7189-438f-a66e-b184b04be477 [3mplatform[0m[2m=[0mPolymarket [3mbid[0m[2m=[0m0.49 [3mask[0m[2m=[0m0.5 [3mmid[0m[2m=[0m0.4950 [3mbid_size[0m[2m=[0m17 [3mask_size[0m[2m=[0m80.39
[2m2026-04-12T20:19:10.276743Z[0m [34mDEBUG[0m [2mmercury::engine::detector[0m[2m:[0m No arb pairs registered for market — skipping detection [3mmarket_id[0m[2m=[0m2285bae6-253b-4085-b0d1-0af34b5530b6
[2m2026-04-12T20:19:10.276897Z[0m [34mDEBUG[0m [2mmercury::engine::detector[0m[2m:[0m No arb pairs registered for market — skipping detection [3mmarket_id[0m[2m=[0m79e1f598-7189-438f-a66e-b184b04be477
[2m2026-04-12T20:19:10.282901Z[0m [34mDEBUG[0m [2mmercury::engine::market_actor[0m[2m:[0m Tick received — running arb detection [3mmarket_id[0m[2m=[0m2285bae6-253b-4085-b0d1-0af34b5530b6 [3mplatform[0m[2m=[0mPolymarket [3mbid[0m[2m=[0m0.41 [3mask[0m[2m=[0m0.45 [3mmid[0m[2m=[0m0.43 [3mbid_size[0m[2m=[0m40 [3mask_size[0m[2m=[0m22.1
[2m2026-04-12T20:19:10.283090Z[0m [34mDEBUG[0m [2mmercury::engine::detector[0m[2m:[0m No arb pairs registered for market — skipping detection [3mmarket_id[0m[2m=[0m2285bae6-253b-4085-b0d1-0af34b5530b6
[2m2026-04-12T20:19:10.283185Z[0m [34mDEBUG[0m [2mmercury::engine::market_actor[0m[2m:[0m Tick received — running arb detection [3mmarket_id[0m[2m=[0m189bf673-b643-45a5-be39-c4a3275d71a0 [3mplatform[0m[2m=[0mPolymarket [3mbid[0m[2m=[0m0.41 [3mask[0m[2m=[0m0.43 [3mmid[0m[2m=[0m0.42 [3mbid_size[0m[2m=[0m15 [3mask_size[0m[2m=[0m70.42
[2m2026-04-12T20:19:10.283220Z[0m [34mDEBUG[0m [2mmercury::engine::market_actor[0m[2m:[0m Tick received — running arb detection [3mmarket_id[0m[2m=[0m2285bae6-253b-4085-b0d1-0af34b5530b6 [3mplatform[0m[2m=[0mPolymarket [3mbid[0m[2m=[0m0.41 [3mask[0m[2m=[0m0.45 [3mmid[0m[2m=[0m0.43 [3mbid_size[0m[2m=[0m40 [3mask_size[0m[2m=[0m22.1
[2m2026-04-12T20:19:10.283388Z[0m [34mDEBUG[0m [2mmercury::engine::detector[0m[2m:[0m No arb pairs registered for market — skipping detection [3mmarket_id[0m[2m=[0m189bf673-b643-45a5-be39-c4a3275d71a0
[2m2026-04-12T20:19:10.283543Z[0m [34mDEBUG[0m [2mmercury::engine::detector[0m[2m:[0m No arb pairs registered for market — skipping detection [3mmarket_id[0m[2m=[0m2285bae6-253b-4085-b0d1-0af34b5530b6
[2m2026-04-12T20:19:10.283676Z[0m [34mDEBUG[0m [2mmercury::engine::market_actor[0m[2m:[0m Tick received — running arb detection [3mmarket_id[0m[2m=[0m2285bae6-253b-4085-b0d1-0af34b5530b6 [3mplatform[0m[2m=[0mPolymarket [3mbid[0m[2m=[0m0.41 [3mask[0m[2m=[0m0.45 [3mmid[0m[2m=[0m0.43 [3mbid_size[0m[2m=[0m40 [3mask_size[0m[2m=[0m22.1
[2m2026-04-12T20:19:10.283716Z[0m [34mDEBUG[0m [2mmercury::engine::market_actor[0m[2m:[0m Tick received — running arb detection [3mmarket_id[0m[2m=[0m39a28b31-a7f7-4e16-b2f1-1e1948be289c [3mplatform[0m[2m=[0mPolymarket [3mbid[0m[2m=[0m0.39 [3mask[0m[2m=[0m0.4 [3mmid[0m[2m=[0m0.3950 [3mbid_size[0m[2m=[0m68.56 [3mask_size[0m[2m=[0m5
[2m2026-04-12T20:19:10.283831Z[0m [34mDEBUG[0m [2mmercury::engine::detector[0m[2m:[0m No arb pairs registered for market — skipping detection [3mmarket_id[0m[2m=[0m2285bae6-253b-4085-b0d1-0af34b5530b6
[2m2026-04-12T20:19:10.283848Z[0m [34mDEBUG[0m [2mmercury::feeds::polymarket[0m[2m:[0m Unknown Polymarket event type [3mevent_type[0m[2m=[0mbest_bid_ask
[2m2026-04-12T20:19:10.283952Z[0m [34mDEBUG[0m [2mmercury::engine::detector[0m[2m:[0m No arb pairs registered for market — skipping detection [3mmarket_id[0m[2m=[0m39a28b31-a7f7-4e16-b2f1-1e1948be289c
[2m2026-04-12T20:19:10.283955Z[0m [34mDEBUG[0m [2mmercury::engine::market_actor[0m[2m:[0m Tick received — running arb detection [3mmarket_id[0m[2m=[0m2285bae6-253b-4085-b0d1-0af34b5530b6 [3mplatform[0m[2m=[0mPolymarket [3mbid[0m[2m=[0m0.41 [3mask[0m[2m=[0m0.45 [3mmid[0m[2m=[0m0.43 [3mbid_size[0m[2m=[0m40 [3mask_size[0m[2m=[0m22.1
[2m2026-04-12T20:19:10.284141Z[0m [34mDEBUG[0m [2mmercury::engine::detector[0m[2m:[0m No arb pairs registered for market — skipping detection [3mmarket_id[0m[2m=[0m2285bae6-253b-4085-b0d1-0af34b5530b6
[2m2026-04-12T20:19:10.284265Z[0m [34mDEBUG[0m [2mmercury::engine::market_actor[0m[2m:[0m Tick received — running arb detection [3mmarket_id[0m[2m=[0m2285bae6-253b-4085-b0d1-0af34b5530b6 [3mplatform[0m[2m=[0mPolymarket [3mbid[0m[2m=[0m0.41 [3mask[0m[2m=[0m0.45 [3mmid[0m[2m=[0m0.43 [3mbid_size[0m[2m=[0m40 [3mask_size[0m[2m=[0m22.1
[2m2026-04-12T20:19:10.284416Z[0m [34mDEBUG[0m [2mmercury::engine::detector[0m[2m:[0m No arb pairs registered for market — skipping detection [3mmarket_id[0m[2m=[0m2285bae6-253b-4085-b0d1-0af34b5530b6
[2m2026-04-12T20:19:10.284539Z[0m [34mDEBUG[0m [2mmercury::engine::market_actor[0m[2m:[0m Tick received — running arb detection [3mmarket_id[0m[2m=[0m2285bae6-253b-4085-b0d1-0af34b5530b6 [3mplatform[0m[2m=[0mPolymarket [3mbid[0m[2m=[0m0.41 [3mask[0m[2m=[0m0.45 [3mmid[0m[2m=[0m0.43 [3mbid_size[0m[2m=[0m40 [3mask_size[0m[2m=[0m17.06
[2m2026-04-12T20:19:10.284690Z[0m [34mDEBUG[0m [2mmercury::engine::detector[0m[2m:[0m No arb pairs registered for market — skipping detection [3mmarket_id[0m[2m=[0m2285bae6-253b-4085-b0d1-0af34b5530b6
[2m2026-04-12T20:19:10.284811Z[0m [34mDEBUG[0m [2mmercury::engine::market_actor[0m[2m:[0m Tick received — running arb detection [3mmarket_id[0m[2m=[0m2285bae6-253b-4085-b0d1-0af34b5530b6 [3mplatform[0m[2m=[0mPolymarket [3mbid[0m[2m=[0m0.41 [3mask[0m[2m=[0m0.44 [3mmid[0m[2m=[0m0.4250 [3mbid_size[0m[2m=[0m40 [3mask_size[0m[2m=[0m5.04
[2m2026-04-12T20:19:10.284968Z[0m [34mDEBUG[0m [2mmercury::engine::detector[0m[2m:[0m No arb pairs registered for market — skipping detection [3mmarket_id[0m[2m=[0m2285bae6-253b-4085-b0d1-0af34b5530b6
[2m2026-04-12T20:19:10.290028Z[0m [34mDEBUG[0m [2mmercury::engine::market_actor[0m[2m:[0m Tick received — running arb detection [3mmarket_id[0m[2m=[0m2285bae6-253b-4085-b0d1-0af34b5530b6 [3mplatform[0m[2m=[0mPolymarket [3mbid[0m[2m=[0m0.41 [3mask[0m[2m=[0m0.44 [3mmid[0m[2m=[0m0.4250 [3mbid_size[0m[2m=[0m90 [3mask_size[0m[2m=[0m5.04
[2m2026-04-12T20:19:10.290219Z[0m [34mDEBUG[0m [2mmercury::engine::detector[0m[2m:[0m No arb pairs registered for market — skipping detection [3mmarket_id[0m[2m=[0m2285bae6-253b-4085-b0d1-0af34b5530b6
[2m2026-04-12T20:19:10.290316Z[0m [34mDEBUG[0m [2mmercury::engine::market_actor[0m[2m:[0m Tick received — running arb detection [3mmarket_id[0m[2m=[0m2285bae6-253b-4085-b0d1-0af34b5530b6 [3mplatform[0m[2m=[0mPolymarket [3mbid[0m[2m=[0m0.41 [3mask[0m[2m=[0m0.44 [3mmid[0m[2m=[0m0.4250 [3mbid_size[0m[2m=[0m90 [3mask_size[0m[2m=[0m5.04
[2m2026-04-12T20:19:10.290345Z[0m [34mDEBUG[0m [2mmercury::engine::market_actor[0m[2m:[0m Tick received — running arb detection [3mmarket_id[0m[2m=[0m79e1f598-7189-438f-a66e-b184b04be477 [3mplatform[0m[2m=[0mPolymarket [3mbid[0m[2m=[0m0.49 [3mask[0m[2m=[0m0.5 [3mmid[0m[2m=[0m0.4950 [3mbid_size[0m[2m=[0m17 [3mask_size[0m[2m=[0m80.39
[2m2026-04-12T20:19:10.290434Z[0m [34mDEBUG[0m [2mmercury::engine::detector[0m[2m:[0m No arb pairs registered for market — skipping detection [3mmarket_id[0m[2m=[0m2285bae6-253b-4085-b0d1-0af34b5530b6
[2m2026-04-12T20:19:10.290526Z[0m [34mDEBUG[0m [2mmercury::engine::market_actor[0m[2m:[0m Tick received — running arb detection [3mmarket_id[0m[2m=[0m2285bae6-253b-4085-b0d1-0af34b5530b6 [3mplatform[0m[2m=[0mPolymarket [3mbid[0m[2m=[0m0.41 [3mask[0m[2m=[0m0.44 [3mmid[0m[2m=[0m0.4250 [3mbid_size[0m[2m=[0m90 [3mask_size[0m[2m=[0m5.04
[2m2026-04-12T20:19:10.290542Z[0m [34mDEBUG[0m [2mmercury::engine::detector[0m[2m:[0m No arb pairs registered for market — skipping detection [3mmarket_id[0m[2m=[0m79e1f598-7189-438f-a66e-b184b04be477
[2m2026-04-12T20:19:10.290653Z[0m [34mDEBUG[0m [2mmercury::engine::detector[0m[2m:[0m No arb pairs registered for market — skipping detection [3mmarket_id[0m[2m=[0m2285bae6-253b-4085-b0d1-0af34b5530b6
[2m2026-04-12T20:19:10.290720Z[0m [34mDEBUG[0m [2mmercury::engine::market_actor[0m[2m:[0m Tick received — running arb detection [3mmarket_id[0m[2m=[0m189bf673-b643-45a5-be39-c4a3275d71a0 [3mplatform[0m[2m=[0mPolymarket [3mbid[0m[2m=[0m0.41 [3mask[0m[2m=[0m0.43 [3mmid[0m[2m=[0m0.42 [3mbid_size[0m[2m=[0m15 [3mask_size[0m[2m=[0m75.42
[2m2026-04-12T20:19:10.290759Z[0m [34mDEBUG[0m [2mmercury::engine::market_actor[0m[2m:[0m Tick received — running arb detection [3mmarket_id[0m[2m=[0m2285bae6-253b-4085-b0d1-0af34b5530b6 [3mplatform[0m[2m=[0mPolymarket [3mbid[0m[2m=[0m0.41 [3mask[0m[2m=[0m0.44 [3mmid[0m[2m=[0m0.4250 [3mbid_size[0m[2m=[0m90 [3mask_size[0m[2m=[0m12.24
[2m2026-04-12T20:19:10.290852Z[0m [34mDEBUG[0m [2mmercury::engine::detector[0m[2m:[0m No arb pairs registered for market — skipping detection [3mmarket_id[0m[2m=[0m189bf673-b643-45a5-be39-c4a3275d71a0
[2m2026-04-12T20:19:10.290930Z[0m [34mDEBUG[0m [2mmercury::engine::market_actor[0m[2m:[0m Tick received — running arb detection [3mmarket_id[0m[2m=[0m189bf673-b643-45a5-be39-c4a3275d71a0 [3mplatform[0m[2m=[0mPolymarket [3mbid[0m[2m=[0m0.41 [3mask[0m[2m=[0m0.43 [3mmid[0m[2m=[0m0.42 [3mbid_size[0m[2m=[0m15 [3mask_size[0m[2m=[0m75.42
[2m2026-04-12T20:19:10.290943Z[0m [34mDEBUG[0m [2mmercury::engine::detector[0m[2m:[0m No arb pairs registered for market — skipping detection [3mmarket_id[0m[2m=[0m2285bae6-253b-4085-b0d1-0af34b5530b6
[2m2026-04-12T20:19:10.291100Z[0m [34mDEBUG[0m [2mmercury::engine::detector[0m[2m:[0m No arb pairs registered for market — skipping detection [3mmarket_id[0m[2m=[0m189bf673-b643-45a5-be39-c4a3275d71a0
[2m2026-04-12T20:19:10.291092Z[0m [34mDEBUG[0m [2mmercury::engine::market_actor[0m[2m:[0m Tick received — running arb detection [3mmarket_id[0m[2m=[0m2285bae6-253b-4085-b0d1-0af34b5530b6 [3mplatform[0m[2m=[0mPolymarket [3mbid[0m[2m=[0m0.41 [3mask[0m[2m=[0m0.44 [3mmid[0m[2m=[0m0.4250 [3mbid_size[0m[2m=[0m90 [3mask_size[0m[2m=[0m12.24
[2m2026-04-12T20:19:10.291210Z[0m [34mDEBUG[0m [2mmercury::engine::detector[0m[2m:[0m No arb pairs registered for market — skipping detection [3mmarket_id[0m[2m=[0m2285bae6-253b-4085-b0d1-0af34b5530b6
[2m2026-04-12T20:19:10.291289Z[0m [34mDEBUG[0m [2mmercury::engine::market_actor[0m[2m:[0m Tick received — running arb detection [3mmarket_id[0m[2m=[0m2285bae6-253b-4085-b0d1-0af34b5530b6 [3mplatform[0m[2m=[0mPolymarket [3mbid[0m[2m=[0m0.41 [3mask[0m[2m=[0m0.44 [3mmid[0m[2m=[0m0.4250 [3mbid_size[0m[2m=[0m90 [3mask_size[0m[2m=[0m12.24
[2m2026-04-12T20:19:10.291383Z[0m [34mDEBUG[0m [2mmercury::engine::detector[0m[2m:[0m No arb pairs registered for market — skipping detection [3mmarket_id[0m[2m=[0m2285bae6-253b-4085-b0d1-0af34b5530b6
[2m2026-04-12T20:19:10.291459Z[0m [34mDEBUG[0m [2mmercury::engine::market_actor[0m[2m:[0m Tick received — running arb detection [3mmarket_id[0m[2m=[0m2285bae6-253b-4085-b0d1-0af34b5530b6 [3mplatform[0m[2m=[0mPolymarket [3mbid[0m[2m=[0m0.41 [3mask[0m[2m=[0m0.44 [3mmid[0m[2m=[0m0.4250 [3mbid_size[0m[2m=[0m90 [3mask_size[0m[2m=[0m12.24
[2m2026-04-12T20:19:10.291552Z[0m [34mDEBUG[0m [2mmercury::engine::detector[0m[2m:[0m No arb pairs registered for market — skipping detection [3mmarket_id[0m[2m=[0m2285bae6-253b-4085-b0d1-0af34b5530b6
[2m2026-04-12T20:19:10.291627Z[0m [34mDEBUG[0m [2mmercury::engine::market_actor[0m[2m:[0m Tick received — running arb detection [3mmarket_id[0m[2m=[0m2285bae6-253b-4085-b0d1-0af34b5530b6 [3mplatform[0m[2m=[0mPolymarket [3mbid[0m[2m=[0m0.41 [3mask[0m[2m=[0m0.44 [3mmid[0m[2m=[0m0.4250 [3mbid_size[0m[2m=[0m90 [3mask_size[0m[2m=[0m12.24
[2m2026-04-12T20:19:10.291720Z[0m [34mDEBUG[0m [2mmercury::engine::detector[0m[2m:[0m No arb pairs registered for market — skipping detection [3mmarket_id[0m[2m=[0m2285bae6-253b-4085-b0d1-0af34b5530b6
[2m2026-04-12T20:19:10.291794Z[0m [34mDEBUG[0m [2mmercury::engine::market_actor[0m[2m:[0m Tick received — running arb detection [3mmarket_id[0m[2m=[0m2285bae6-253b-4085-b0d1-0af34b5530b6 [3mplatform[0m[2m=[0mPolymarket [3mbid[0m[2m=[0m0.41 [3mask[0m[2m=[0m0.44 [3mmid[0m[2m=[0m0.4250 [3mbid_size[0m[2m=[0m90 [3mask_size[0m[2m=[0m12.24
[2m2026-04-12T20:19:10.291887Z[0m [34mDEBUG[0m [2mmercury::engine::detector[0m[2m:[0m No arb pairs registered for market — skipping detection [3mmarket_id[0m[2m=[0m2285bae6-253b-4085-b0d1-0af34b5530b6
[2m2026-04-12T20:19:10.291962Z[0m [34mDEBUG[0m [2mmercury::engine::market_actor[0m[2m:[0m Tick received — running arb detection [3mmarket_id[0m[2m=[0m2285bae6-253b-4085-b0d1-0af34b5530b6 [3mplatform[0m[2m=[0mPolymarket [3mbid[0m[2m=[0m0.41 [3mask[0m[2m=[0m0.44 [3mmid[0m[2m=[0m0.4250 [3mbid_size[0m[2m=[0m90 [3mask_size[0m[2m=[0m12.24
[2m2026-04-12T20:19:10.292055Z[0m [34mDEBUG[0m [2mmercury::engine::detector[0m[2m:[0m No arb pairs registered for market — skipping detection [3mmarket_id[0m[2m=[0m2285bae6-253b-4085-b0d1-0af34b5530b6
[2m2026-04-12T20:19:10.296120Z[0m [34mDEBUG[0m [2mmercury::engine::market_actor[0m[2m:[0m Tick received — running arb detection [3mmarket_id[0m[2m=[0m79e1f598-7189-438f-a66e-b184b04be477 [3mplatform[0m[2m=[0mPolymarket [3mbid[0m[2m=[0m0.49 [3mask[0m[2m=[0m0.5 [3mmid[0m[2m=[0m0.4950 [3mbid_size[0m[2m=[0m17 [3mask_size[0m[2m=[0m80.39
[2m2026-04-12T20:19:10.296253Z[0m [34mDEBUG[0m [2mmercury::engine::detector[0m[2m:[0m No arb pairs registered for market — skipping detection [3mmarket_id[0m[2m=[0m79e1f598-7189-438f-a66e-b184b04be477
[2m2026-04-12T20:19:10.314725Z[0m [34mDEBUG[0m [2mmercury::feeds::polymarket[0m[2m:[0m Unknown Polymarket event type [3mevent_type[0m[2m=[0mbest_bid_ask
[2m2026-04-12T20:19:10.314839Z[0m [34mDEBUG[0m [2mmercury::engine::market_actor[0m[2m:[0m Tick received — running arb detection [3mmarket_id[0m[2m=[0m2285bae6-253b-4085-b0d1-0af34b5530b6 [3mplatform[0m[2m=[0mPolymarket [3mbid[0m[2m=[0m0.41 [3mask[0m[2m=[0m0.44 [3mmid[0m[2m=[0m0.4250 [3mbid_size[0m[2m=[0m90 [3mask_size[0m[2m=[0m7.2
[2m2026-04-12T20:19:10.314996Z[0m [34mDEBUG[0m [2mmercury::engine::detector[0m[2m:[0m No arb pairs registered for market — skipping detection [3mmarket_id[0m[2m=[0m2285bae6-253b-4085-b0d1-0af34b5530b6
[2m2026-04-12T20:19:10.315099Z[0m [34mDEBUG[0m [2mmercury::engine::market_actor[0m[2m:[0m Tick received — running arb detection [3mmarket_id[0m[2m=[0m2285bae6-253b-4085-b0d1-0af34b5530b6 [3mplatform[0m[2m=[0mPolymarket [3mbid[0m[2m=[0m0.41 [3mask[0m[2m=[0m0.45 [3mmid[0m[2m=[0m0.43 [3mbid_size[0m[2m=[0m90 [3mask_size[0m[2m=[0m4.46
[2m2026-04-12T20:19:10.315216Z[0m [34mDEBUG[0m [2mmercury::engine::detector[0m[2m:[0m No arb pairs registered for market — skipping detection [3mmarket_id[0m[2m=[0m2285bae6-253b-4085-b0d1-0af34b5530b6
[2m2026-04-12T20:19:10.315306Z[0m [34mDEBUG[0m [2mmercury::engine::market_actor[0m[2m:[0m Tick received — running arb detection [3mmarket_id[0m[2m=[0m2285bae6-253b-4085-b0d1-0af34b5530b6 [3mplatform[0m[2m=[0mPolymarket [3mbid[0m[2m=[0m0.41 [3mask[0m[2m=[0m0.45 [3mmid[0m[2m=[0m0.43 [3mbid_size[0m[2m=[0m90 [3mask_size[0m[2m=[0m4.46
[2m2026-04-12T20:19:10.315361Z[0m [34mDEBUG[0m [2mmercury::engine::market_actor[0m[2m:[0m Tick received — running arb detection [3mmarket_id[0m[2m=[0m79e1f598-7189-438f-a66e-b184b04be477 [3mplatform[0m[2m=[0mPolymarket [3mbid[0m[2m=[0m0.49 [3mask[0m[2m=[0m0.5 [3mmid[0m[2m=[0m0.4950 [3mbid_size[0m[2m=[0m17 [3mask_size[0m[2m=[0m80.39
[2m2026-04-12T20:19:10.315399Z[0m [34mDEBUG[0m [2mmercury::engine::detector[0m[2m:[0m No arb pairs registered for market — skipping detection [3mmarket_id[0m[2m=[0m2285bae6-253b-4085-b0d1-0af34b5530b6
[2m2026-04-12T20:19:10.315473Z[0m [34mDEBUG[0m [2mmercury::engine::detector[0m[2m:[0m No arb pairs registered for market — skipping detection [3mmarket_id[0m[2m=[0m79e1f598-7189-438f-a66e-b184b04be477
[2m2026-04-12T20:19:10.315471Z[0m [34mDEBUG[0m [2mmercury::engine::market_actor[0m[2m:[0m Tick received — running arb detection [3mmarket_id[0m[2m=[0m2285bae6-253b-4085-b0d1-0af34b5530b6 [3mplatform[0m[2m=[0mPolymarket [3mbid[0m[2m=[0m0.41 [3mask[0m[2m=[0m0.45 [3mmid[0m[2m=[0m0.43 [3mbid_size[0m[2m=[0m140 [3mask_size[0m[2m=[0m4.46
[2m2026-04-12T20:19:10.315499Z[0m [34mDEBUG[0m [2mmercury::engine::market_actor[0m[2m:[0m Tick received — running arb detection [3mmarket_id[0m[2m=[0m189bf673-b643-45a5-be39-c4a3275d71a0 [3mplatform[0m[2m=[0mPolymarket [3mbid[0m[2m=[0m0.41 [3mask[0m[2m=[0m0.43 [3mmid[0m[2m=[0m0.42 [3mbid_size[0m[2m=[0m15 [3mask_size[0m[2m=[0m75.42
[2m2026-04-12T20:19:10.315566Z[0m [34mDEBUG[0m [2mmercury::engine::detector[0m[2m:[0m No arb pairs registered for market — skipping detection [3mmarket_id[0m[2m=[0m2285bae6-253b-4085-b0d1-0af34b5530b6
[2m2026-04-12T20:19:10.315651Z[0m [34mDEBUG[0m [2mmercury::engine::detector[0m[2m:[0m No arb pairs registered for market — skipping detection [3mmarket_id[0m[2m=[0m189bf673-b643-45a5-be39-c4a3275d71a0
[2m2026-04-12T20:19:10.315694Z[0m [34mDEBUG[0m [2mmercury::feeds::polymarket[0m[2m:[0m Unknown Polymarket event type [3mevent_type[0m[2m=[0mbest_bid_ask
[2m2026-04-12T20:19:10.315735Z[0m [34mDEBUG[0m [2mmercury::engine::market_actor[0m[2m:[0m Tick received — running arb detection [3mmarket_id[0m[2m=[0m189bf673-b643-45a5-be39-c4a3275d71a0 [3mplatform[0m[2m=[0mPolymarket [3mbid[0m[2m=[0m0.41 [3mask[0m[2m=[0m0.43 [3mmid[0m[2m=[0m0.42 [3mbid_size[0m[2m=[0m15 [3mask_size[0m[2m=[0m75.42
[2m2026-04-12T20:19:10.315830Z[0m [34mDEBUG[0m [2mmercury::engine::detector[0m[2m:[0m No arb pairs registered for market — skipping detection [3mmarket_id[0m[2m=[0m189bf673-b643-45a5-be39-c4a3275d71a0
[2m2026-04-12T20:19:10.315900Z[0m [34mDEBUG[0m [2mmercury::engine::market_actor[0m[2m:[0m Tick received — running arb detection [3mmarket_id[0m[2m=[0m189bf673-b643-45a5-be39-c4a3275d71a0 [3mplatform[0m[2m=[0mPolymarket [3mbid[0m[2m=[0m0.41 [3mask[0m[2m=[0m0.43 [3mmid[0m[2m=[0m0.42 [3mbid_size[0m[2m=[0m15 [3mask_size[0m[2m=[0m75.42
[2m2026-04-12T20:19:10.315995Z[0m [34mDEBUG[0m [2mmercury::engine::detector[0m[2m:[0m No arb pairs registered for market — skipping detection [3mmarket_id[0m[2m=[0m189bf673-b643-45a5-be39-c4a3275d71a0
[2m2026-04-12T20:19:10.316070Z[0m [34mDEBUG[0m [2mmercury::engine::market_actor[0m[2m:[0m Tick received — running arb detection [3mmarket_id[0m[2m=[0m189bf673-b643-45a5-be39-c4a3275d71a0 [3mplatform[0m[2m=[0mPolymarket [3mbid[0m[2m=[0m0.41 [3mask[0m[2m=[0m0.43 [3mmid[0m[2m=[0m0.42 [3mbid_size[0m[2m=[0m55 [3mask_size[0m[2m=[0m75.42
[2m2026-04-12T20:19:10.316165Z[0m [34mDEBUG[0m [2mmercury::engine::detector[0m[2m:[0m No arb pairs registered for market — skipping detection [3mmarket_id[0m[2m=[0m189bf673-b643-45a5-be39-c4a3275d71a0
[2m2026-04-12T20:19:10.316240Z[0m [34mDEBUG[0m [2mmercury::engine::market_actor[0m[2m:[0m Tick received — running arb detection [3mmarket_id[0m[2m=[0m189bf673-b643-45a5-be39-c4a3275d71a0 [3mplatform[0m[2m=[0mPolymarket [3mbid[0m[2m=[0m0.42 [3mask[0m[2m=[0m0.43 [3mmid[0m[2m=[0m0.4250 [3mbid_size[0m[2m=[0m40 [3mask_size[0m[2m=[0m75.42
[2m2026-04-12T20:19:10.316335Z[0m [34mDEBUG[0m [2mmercury::engine::detector[0m[2m:[0m No arb pairs registered for market — skipping detection [3mmarket_id[0m[2m=[0m189bf673-b643-45a5-be39-c4a3275d71a0
[2m2026-04-12T20:19:10.316413Z[0m [34mDEBUG[0m [2mmercury::engine::market_actor[0m[2m:[0m Tick received — running arb detection [3mmarket_id[0m[2m=[0m189bf673-b643-45a5-be39-c4a3275d71a0 [3mplatform[0m[2m=[0mPolymarket [3mbid[0m[2m=[0m0.42 [3mask[0m[2m=[0m0.43 [3mmid[0m[2m=[0m0.4250 [3mbid_size[0m[2m=[0m65 [3mask_size[0m[2m=[0m75.42
[2m2026-04-12T20:19:10.316509Z[0m [34mDEBUG[0m [2mmercury::engine::detector[0m[2m:[0m No arb pairs registered for market — skipping detection [3mmarket_id[0m[2m=[0m189bf673-b643-45a5-be39-c4a3275d71a0
[2m2026-04-12T20:19:10.319235Z[0m [34mDEBUG[0m [2mmercury::engine::market_actor[0m[2m:[0m Tick received — running arb detection [3mmarket_id[0m[2m=[0m79e1f598-7189-438f-a66e-b184b04be477 [3mplatform[0m[2m=[0mPolymarket [3mbid[0m[2m=[0m0.49 [3mask[0m[2m=[0m0.5 [3mmid[0m[2m=[0m0.4950 [3mbid_size[0m[2m=[0m17 [3mask_size[0m[2m=[0m80.39
[2m2026-04-12T20:19:10.319243Z[0m [34mDEBUG[0m [2mmercury::engine::market_actor[0m[2m:[0m Tick received — running arb detection [3mmarket_id[0m[2m=[0m189bf673-b643-45a5-be39-c4a3275d71a0 [3mplatform[0m[2m=[0mPolymarket [3mbid[0m[2m=[0m0.42 [3mask[0m[2m=[0m0.43 [3mmid[0m[2m=[0m0.4250 [3mbid_size[0m[2m=[0m70 [3mask_size[0m[2m=[0m75.42
[2m2026-04-12T20:19:10.319435Z[0m [34mDEBUG[0m [2mmercury::engine::detector[0m[2m:[0m No arb pairs registered for market — skipping detection [3mmarket_id[0m[2m=[0m79e1f598-7189-438f-a66e-b184b04be477
[2m2026-04-12T20:19:10.319544Z[0m [34mDEBUG[0m [2mmercury::engine::detector[0m[2m:[0m No arb pairs registered for market — skipping detection [3mmarket_id[0m[2m=[0m189bf673-b643-45a5-be39-c4a3275d71a0
[2m2026-04-12T20:19:10.365873Z[0m [34mDEBUG[0m [2mmercury::feeds::polymarket[0m[2m:[0m Unknown Polymarket event type [3mevent_type[0m[2m=[0mbest_bid_ask
[2m2026-04-12T20:19:10.365909Z[0m [34mDEBUG[0m [2mmercury::engine::market_actor[0m[2m:[0m Tick received — running arb detection [3mmarket_id[0m[2m=[0m79e1f598-7189-438f-a66e-b184b04be477 [3mplatform[0m[2m=[0mPolymarket [3mbid[0m[2m=[0m0.49 [3mask[0m[2m=[0m0.5 [3mmid[0m[2m=[0m0.4950 [3mbid_size[0m[2m=[0m17 [3mask_size[0m[2m=[0m80.39
[2m2026-04-12T20:19:10.365863Z[0m [34mDEBUG[0m [2mmercury::engine::market_actor[0m[2m:[0m Tick received — running arb detection [3mmarket_id[0m[2m=[0mbc548cd4-ced9-48e8-b131-410c92fb3a0e [3mplatform[0m[2m=[0mPolymarket [3mbid[0m[2m=[0m0.36 [3mask[0m[2m=[0m0.4 [3mmid[0m[2m=[0m0.38 [3mbid_size[0m[2m=[0m170.6 [3mask_size[0m[2m=[0m6.72
[2m2026-04-12T20:19:10.366054Z[0m [34mDEBUG[0m [2mmercury::engine::detector[0m[2m:[0m No arb pairs registered for market — skipping detection [3mmarket_id[0m[2m=[0m79e1f598-7189-438f-a66e-b184b04be477
[2m2026-04-12T20:19:10.366184Z[0m [34mDEBUG[0m [2mmercury::engine::detector[0m[2m:[0m No arb pairs registered for market — skipping detection [3mmarket_id[0m[2m=[0mbc548cd4-ced9-48e8-b131-410c92fb3a0e
[2m2026-04-12T20:19:10.366318Z[0m [34mDEBUG[0m [2mmercury::engine::market_actor[0m[2m:[0m Tick received — running arb detection [3mmarket_id[0m[2m=[0m189bf673-b643-45a5-be39-c4a3275d71a0 [3mplatform[0m[2m=[0mPolymarket [3mbid[0m[2m=[0m0.42 [3mask[0m[2m=[0m0.43 [3mmid[0m[2m=[0m0.4250 [3mbid_size[0m[2m=[0m66.77 [3mask_size[0m[2m=[0m75.42
[2m2026-04-12T20:19:10.366332Z[0m [34mDEBUG[0m [2mmercury::engine::market_actor[0m[2m:[0m Tick received — running arb detection [3mmarket_id[0m[2m=[0m79e1f598-7189-438f-a66e-b184b04be477 [3mplatform[0m[2m=[0mPolymarket [3mbid[0m[2m=[0m0.49 [3mask[0m[2m=[0m0.5 [3mmid[0m[2m=[0m0.4950 [3mbid_size[0m[2m=[0m17 [3mask_size[0m[2m=[0m80.39
[2m2026-04-12T20:19:10.366446Z[0m [34mDEBUG[0m [2mmercury::engine::detector[0m[2m:[0m No arb pairs registered for market — skipping detection [3mmarket_id[0m[2m=[0m189bf673-b643-45a5-be39-c4a3275d71a0
[2m2026-04-12T20:19:10.366550Z[0m [34mDEBUG[0m [2mmercury::engine::detector[0m[2m:[0m No arb pairs registered for market — skipping detection [3mmarket_id[0m[2m=[0m79e1f598-7189-438f-a66e-b184b04be477
[2m2026-04-12T20:19:10.366910Z[0m [34mDEBUG[0m [2mmercury::engine::market_actor[0m[2m:[0m Tick received — running arb detection [3mmarket_id[0m[2m=[0m189bf673-b643-45a5-be39-c4a3275d71a0 [3mplatform[0m[2m=[0mPolymarket [3mbid[0m[2m=[0m0.42 [3mask[0m[2m=[0m0.43 [3mmid[0m[2m=[0m0.4250 [3mbid_size[0m[2m=[0m66.77 [3mask_size[0m[2m=[0m75.42
[2m2026-04-12T20:19:10.367055Z[0m [34mDEBUG[0m [2mmercury::engine::detector[0m[2m:[0m No arb pairs registered for market — skipping detection [3mmarket_id[0m[2m=[0m189bf673-b643-45a5-be39-c4a3275d71a0
[2m2026-04-12T20:19:10.367149Z[0m [34mDEBUG[0m [2mmercury::engine::market_actor[0m[2m:[0m Tick received — running arb detection [3mmarket_id[0m[2m=[0m189bf673-b643-45a5-be39-c4a3275d71a0 [3mplatform[0m[2m=[0mPolymarket [3mbid[0m[2m=[0m0.42 [3mask[0m[2m=[0m0.43 [3mmid[0m[2m=[0m0.4250 [3mbid_size[0m[2m=[0m71.77 [3mask_size[0m[2m=[0m75.42
[2m2026-04-12T20:19:10.367178Z[0m [34mDEBUG[0m [2mmercury::engine::market_actor[0m[2m:[0m Tick received — running arb detection [3mmarket_id[0m[2m=[0m39a28b31-a7f7-4e16-b2f1-1e1948be289c [3mplatform[0m[2m=[0mPolymarket [3mbid[0m[2m=[0m0.39 [3mask[0m[2m=[0m0.4 [3mmid[0m[2m=[0m0.3950 [3mbid_size[0m[2m=[0m68.56 [3mask_size[0m[2m=[0m5
[2m2026-04-12T20:19:10.367242Z[0m [34mDEBUG[0m [2mmercury::feeds::polymarket[0m[2m:[0m Unknown Polymarket event type [3mevent_type[0m[2m=[0mbest_bid_ask
[2m2026-04-12T20:19:10.367271Z[0m [34mDEBUG[0m [2mmercury::engine::detector[0m[2m:[0m No arb pairs registered for market — skipping detection [3mmarket_id[0m[2m=[0m189bf673-b643-45a5-be39-c4a3275d71a0
[2m2026-04-12T20:19:10.367500Z[0m [34mDEBUG[0m [2mmercury::engine::detector[0m[2m:[0m No arb pairs registered for market — skipping detection [3mmarket_id[0m[2m=[0m39a28b31-a7f7-4e16-b2f1-1e1948be289c
[2m2026-04-12T20:19:10.367616Z[0m [34mDEBUG[0m [2mmercury::engine::market_actor[0m[2m:[0m Tick received — running arb detection [3mmarket_id[0m[2m=[0m189bf673-b643-45a5-be39-c4a3275d71a0 [3mplatform[0m[2m=[0mPolymarket [3mbid[0m[2m=[0m0.42 [3mask[0m[2m=[0m0.43 [3mmid[0m[2m=[0m0.4250 [3mbid_size[0m[2m=[0m66.77 [3mask_size[0m[2m=[0m75.42
[2m2026-04-12T20:19:10.367623Z[0m [34mDEBUG[0m [2mmercury::engine::market_actor[0m[2m:[0m Tick received — running arb detection [3mmarket_id[0m[2m=[0m39a28b31-a7f7-4e16-b2f1-1e1948be289c [3mplatform[0m[2m=[0mPolymarket [3mbid[0m[2m=[0m0.39 [3mask[0m[2m=[0m0.4 [3mmid[0m[2m=[0m0.3950 [3mbid_size[0m[2m=[0m68.56 [3mask_size[0m[2m=[0m5
[2m2026-04-12T20:19:10.367768Z[0m [34mDEBUG[0m [2mmercury::engine::detector[0m[2m:[0m No arb pairs registered for market — skipping detection [3mmarket_id[0m[2m=[0m189bf673-b643-45a5-be39-c4a3275d71a0
[2m2026-04-12T20:19:10.367893Z[0m [34mDEBUG[0m [2mmercury::engine::detector[0m[2m:[0m No arb pairs registered for market — skipping detection [3mmarket_id[0m[2m=[0m39a28b31-a7f7-4e16-b2f1-1e1948be289c
[2m2026-04-12T20:19:10.368100Z[0m [34mDEBUG[0m [2mmercury::engine::market_actor[0m[2m:[0m Tick received — running arb detection [3mmarket_id[0m[2m=[0m189bf673-b643-45a5-be39-c4a3275d71a0 [3mplatform[0m[2m=[0mPolymarket [3mbid[0m[2m=[0m0.42 [3mask[0m[2m=[0m0.43 [3mmid[0m[2m=[0m0.4250 [3mbid_size[0m[2m=[0m66.77 [3mask_size[0m[2m=[0m75.42
[2m2026-04-12T20:19:10.368246Z[0m [34mDEBUG[0m [2mmercury::engine::detector[0m[2m:[0m No arb pairs registered for market — skipping detection [3mmarket_id[0m[2m=[0m189bf673-b643-45a5-be39-c4a3275d71a0
[2m2026-04-12T20:19:10.368391Z[0m [34mDEBUG[0m [2mmercury::engine::market_actor[0m[2m:[0m Tick received — running arb detection [3mmarket_id[0m[2m=[0m189bf673-b643-45a5-be39-c4a3275d71a0 [3mplatform[0m[2m=[0mPolymarket [3mbid[0m[2m=[0m0.42 [3mask[0m[2m=[0m0.43 [3mmid[0m[2m=[0m0.4250 [3mbid_size[0m[2m=[0m71.77 [3mask_size[0m[2m=[0m75.42
[2m2026-04-12T20:19:10.368450Z[0m [34mDEBUG[0m [2mmercury::engine::market_actor[0m[2m:[0m Tick received — running arb detection [3mmarket_id[0m[2m=[0m79e1f598-7189-438f-a66e-b184b04be477 [3mplatform[0m[2m=[0mPolymarket [3mbid[0m[2m=[0m0.49 [3mask[0m[2m=[0m0.5 [3mmid[0m[2m=[0m0.4950 [3mbid_size[0m[2m=[0m17 [3mask_size[0m[2m=[0m80.39
[2m2026-04-12T20:19:10.368522Z[0m [34mDEBUG[0m [2mmercury::engine::detector[0m[2m:[0m No arb pairs registered for market — skipping detection [3mmarket_id[0m[2m=[0m189bf673-b643-45a5-be39-c4a3275d71a0
[2m2026-04-12T20:19:10.368622Z[0m [34mDEBUG[0m [2mmercury::engine::detector[0m[2m:[0m No arb pairs registered for market — skipping detection [3mmarket_id[0m[2m=[0m79e1f598-7189-438f-a66e-b184b04be477
[2m2026-04-12T20:19:10.368630Z[0m [34mDEBUG[0m [2mmercury::engine::market_actor[0m[2m:[0m Tick received — running arb detection [3mmarket_id[0m[2m=[0m189bf673-b643-45a5-be39-c4a3275d71a0 [3mplatform[0m[2m=[0mPolymarket [3mbid[0m[2m=[0m0.42 [3mask[0m[2m=[0m0.43 [3mmid[0m[2m=[0m0.4250 [3mbid_size[0m[2m=[0m76.77 [3mask_size[0m[2m=[0m75.42
[2m2026-04-12T20:19:10.368733Z[0m [34mDEBUG[0m [2mmercury::engine::detector[0m[2m:[0m No arb pairs registered for market — skipping detection [3mmarket_id[0m[2m=[0m189bf673-b643-45a5-be39-c4a3275d71a0
[2m2026-04-12T20:19:10.368819Z[0m [34mDEBUG[0m [2mmercury::engine::market_actor[0m[2m:[0m Tick received — running arb detection [3mmarket_id[0m[2m=[0m189bf673-b643-45a5-be39-c4a3275d71a0 [3mplatform[0m[2m=[0mPolymarket [3mbid[0m[2m=[0m0.42 [3mask[0m[2m=[0m0.43 [3mmid[0m[2m=[0m0.4250 [3mbid_size[0m[2m=[0m81.77 [3mask_size[0m[2m=[0m75.42
[2m2026-04-12T20:19:10.368930Z[0m [34mDEBUG[0m [2mmercury::engine::detector[0m[2m:[0m No arb pairs registered for market — skipping detection [3mmarket_id[0m[2m=[0m189bf673-b643-45a5-be39-c4a3275d71a0
[2m2026-04-12T20:19:10.411761Z[0m [34mDEBUG[0m [2mmercury::engine::market_actor[0m[2m:[0m Tick received — running arb detection [3mmarket_id[0m[2m=[0m79e1f598-7189-438f-a66e-b184b04be477 [3mplatform[0m[2m=[0mPolymarket [3mbid[0m[2m=[0m0.49 [3mask[0m[2m=[0m0.5 [3mmid[0m[2m=[0m0.4950 [3mbid_size[0m[2m=[0m17 [3mask_size[0m[2m=[0m80.39
[2m2026-04-12T20:19:10.412001Z[0m [34mDEBUG[0m [2mmercury::engine::market_actor[0m[2m:[0m Tick received — running arb detection [3mmarket_id[0m[2m=[0m189bf673-b643-45a5-be39-c4a3275d71a0 [3mplatform[0m[2m=[0mPolymarket [3mbid[0m[2m=[0m0.42 [3mask[0m[2m=[0m0.43 [3mmid[0m[2m=[0m0.4250 [3mbid_size[0m[2m=[0m81.77 [3mask_size[0m[2m=[0m87.92
[2m2026-04-12T20:19:10.412067Z[0m [34mDEBUG[0m [2mmercury::engine::detector[0m[2m:[0m No arb pairs registered for market — skipping detection [3mmarket_id[0m[2m=[0m79e1f598-7189-438f-a66e-b184b04be477
[2m2026-04-12T20:19:10.412188Z[0m [34mDEBUG[0m [2mmercury::engine::detector[0m[2m:[0m No arb pairs registered for market — skipping detection [3mmarket_id[0m[2m=[0m189bf673-b643-45a5-be39-c4a3275d71a0
[2m2026-04-12T20:19:10.412205Z[0m [34mDEBUG[0m [2mmercury::engine::market_actor[0m[2m:[0m Tick received — running arb detection [3mmarket_id[0m[2m=[0m79e1f598-7189-438f-a66e-b184b04be477 [3mplatform[0m[2m=[0mPolymarket [3mbid[0m[2m=[0m0.49 [3mask[0m[2m=[0m0.5 [3mmid[0m[2m=[0m0.4950 [3mbid_size[0m[2m=[0m17 [3mask_size[0m[2m=[0m80.39
[2m2026-04-12T20:19:10.412355Z[0m [34mDEBUG[0m [2mmercury::engine::detector[0m[2m:[0m No arb pairs registered for market — skipping detection [3mmarket_id[0m[2m=[0m79e1f598-7189-438f-a66e-b184b04be477
[2m2026-04-12T20:19:10.412482Z[0m [34mDEBUG[0m [2mmercury::engine::market_actor[0m[2m:[0m Tick received — running arb detection [3mmarket_id[0m[2m=[0m79e1f598-7189-438f-a66e-b184b04be477 [3mplatform[0m[2m=[0mPolymarket [3mbid[0m[2m=[0m0.49 [3mask[0m[2m=[0m0.5 [3mmid[0m[2m=[0m0.4950 [3mbid_size[0m[2m=[0m17 [3mask_size[0m[2m=[0m80.39
[2m2026-04-12T20:19:10.412538Z[0m [34mDEBUG[0m [2mmercury::engine::market_actor[0m[2m:[0m Tick received — running arb detection [3mmarket_id[0m[2m=[0m189bf673-b643-45a5-be39-c4a3275d71a0 [3mplatform[0m[2m=[0mPolymarket [3mbid[0m[2m=[0m0.42 [3mask[0m[2m=[0m0.43 [3mmid[0m[2m=[0m0.4250 [3mbid_size[0m[2m=[0m81.77 [3mask_size[0m[2m=[0m87.92
[2m2026-04-12T20:19:10.412647Z[0m [34mDEBUG[0m [2mmercury::engine::detector[0m[2m:[0m No arb pairs registered for market — skipping detection [3mmarket_id[0m[2m=[0m79e1f598-7189-438f-a66e-b184b04be477
[2m2026-04-12T20:19:10.412776Z[0m [34mDEBUG[0m [2mmercury::engine::detector[0m[2m:[0m No arb pairs registered for market — skipping detection [3mmarket_id[0m[2m=[0m189bf673-b643-45a5-be39-c4a3275d71a0
[2m2026-04-12T20:19:10.412937Z[0m [34mDEBUG[0m [2mmercury::engine::market_actor[0m[2m:[0m Tick received — running arb detection [3mmarket_id[0m[2m=[0m189bf673-b643-45a5-be39-c4a3275d71a0 [3mplatform[0m[2m=[0mPolymarket [3mbid[0m[2m=[0m0.42 [3mask[0m[2m=[0m0.43 [3mmid[0m[2m=[0m0.4250 [3mbid_size[0m[2m=[0m81.77 [3mask_size[0m[2m=[0m87.92
[2m2026-04-12T20:19:10.413105Z[0m [34mDEBUG[0m [2mmercury::engine::detector[0m[2m:[0m No arb pairs registered for market — skipping detection [3mmarket_id[0m[2m=[0m189bf673-b643-45a5-be39-c4a3275d71a0
[2m2026-04-12T20:19:10.413237Z[0m [34mDEBUG[0m [2mmercury::engine::market_actor[0m[2m:[0m Tick received — running arb detection [3mmarket_id[0m[2m=[0m189bf673-b643-45a5-be39-c4a3275d71a0 [3mplatform[0m[2m=[0mPolymarket [3mbid[0m[2m=[0m0.42 [3mask[0m[2m=[0m0.43 [3mmid[0m[2m=[0m0.4250 [3mbid_size[0m[2m=[0m81.77 [3mask_size[0m[2m=[0m87.92
[2m2026-04-12T20:19:10.413395Z[0m [34mDEBUG[0m [2mmercury::engine::detector[0m[2m:[0m No arb pairs registered for market — skipping detection [3mmarket_id[0m[2m=[0m189bf673-b643-45a5-be39-c4a3275d71a0
[2m2026-04-12T20:19:10.449613Z[0m [34mDEBUG[0m [2mmercury::engine::market_actor[0m[2m:[0m Tick received — running arb detection [3mmarket_id[0m[2m=[0m189bf673-b643-45a5-be39-c4a3275d71a0 [3mplatform[0m[2m=[0mPolymarket [3mbid[0m[2m=[0m0.42 [3mask[0m[2m=[0m0.43 [3mmid[0m[2m=[0m0.4250 [3mbid_size[0m[2m=[0m81.77 [3mask_size[0m[2m=[0m87.92
[2m2026-04-12T20:19:10.449657Z[0m [34mDEBUG[0m [2mmercury::engine::market_actor[0m[2m:[0m Tick received — running arb detection [3mmarket_id[0m[2m=[0m79e1f598-7189-438f-a66e-b184b04be477 [3mplatform[0m[2m=[0mPolymarket [3mbid[0m[2m=[0m0.49 [3mask[0m[2m=[0m0.5 [3mmid[0m[2m=[0m0.4950 [3mbid_size[0m[2m=[0m17 [3mask_size[0m[2m=[0m80.39
[2m2026-04-12T20:19:10.449792Z[0m [34mDEBUG[0m [2mmercury::engine::detector[0m[2m:[0m No arb pairs registered for market — skipping detection [3mmarket_id[0m[2m=[0m189bf673-b643-45a5-be39-c4a3275d71a0
[2m2026-04-12T20:19:10.449892Z[0m [34mDEBUG[0m [2mmercury::engine::detector[0m[2m:[0m No arb pairs registered for market — skipping detection [3mmarket_id[0m[2m=[0m79e1f598-7189-438f-a66e-b184b04be477
[2m2026-04-12T20:19:10.449900Z[0m [34mDEBUG[0m [2mmercury::engine::market_actor[0m[2m:[0m Tick received — running arb detection [3mmarket_id[0m[2m=[0m189bf673-b643-45a5-be39-c4a3275d71a0 [3mplatform[0m[2m=[0mPolymarket [3mbid[0m[2m=[0m0.42 [3mask[0m[2m=[0m0.43 [3mmid[0m[2m=[0m0.4250 [3mbid_size[0m[2m=[0m81.77 [3mask_size[0m[2m=[0m87.92
[2m2026-04-12T20:19:10.449993Z[0m [34mDEBUG[0m [2mmercury::engine::market_actor[0m[2m:[0m Tick received — running arb detection [3mmarket_id[0m[2m=[0m79e1f598-7189-438f-a66e-b184b04be477 [3mplatform[0m[2m=[0mPolymarket [3mbid[0m[2m=[0m0.49 [3mask[0m[2m=[0m0.5 [3mmid[0m[2m=[0m0.4950 [3mbid_size[0m[2m=[0m17 [3mask_size[0m[2m=[0m80.39
[2m2026-04-12T20:19:10.450019Z[0m [34mDEBUG[0m [2mmercury::engine::detector[0m[2m:[0m No arb pairs registered for market — skipping detection [3mmarket_id[0m[2m=[0m189bf673-b643-45a5-be39-c4a3275d71a0
[2m2026-04-12T20:19:10.450106Z[0m [34mDEBUG[0m [2mmercury::engine::detector[0m[2m:[0m No arb pairs registered for market — skipping detection [3mmarket_id[0m[2m=[0m79e1f598-7189-438f-a66e-b184b04be477
[2m2026-04-12T20:19:10.450115Z[0m [34mDEBUG[0m [2mmercury::engine::market_actor[0m[2m:[0m Tick received — running arb detection [3mmarket_id[0m[2m=[0m189bf673-b643-45a5-be39-c4a3275d71a0 [3mplatform[0m[2m=[0mPolymarket [3mbid[0m[2m=[0m0.42 [3mask[0m[2m=[0m0.43 [3mmid[0m[2m=[0m0.4250 [3mbid_size[0m[2m=[0m81.77 [3mask_size[0m[2m=[0m87.92
[2m2026-04-12T20:19:10.450113Z[0m [34mDEBUG[0m [2mmercury::engine::market_actor[0m[2m:[0m Tick received — running arb detection [3mmarket_id[0m[2m=[0m39a28b31-a7f7-4e16-b2f1-1e1948be289c [3mplatform[0m[2m=[0mPolymarket [3mbid[0m[2m=[0m0.39 [3mask[0m[2m=[0m0.4 [3mmid[0m[2m=[0m0.3950 [3mbid_size[0m[2m=[0m68.56 [3mask_size[0m[2m=[0m5
[2m2026-04-12T20:19:10.450187Z[0m [34mDEBUG[0m [2mmercury::engine::market_actor[0m[2m:[0m Tick received — running arb detection [3mmarket_id[0m[2m=[0m79e1f598-7189-438f-a66e-b184b04be477 [3mplatform[0m[2m=[0mPolymarket [3mbid[0m[2m=[0m0.49 [3mask[0m[2m=[0m0.5 [3mmid[0m[2m=[0m0.4950 [3mbid_size[0m[2m=[0m17 [3mask_size[0m[2m=[0m80.39
[2m2026-04-12T20:19:10.450222Z[0m [34mDEBUG[0m [2mmercury::engine::detector[0m[2m:[0m No arb pairs registered for market — skipping detection [3mmarket_id[0m[2m=[0m189bf673-b643-45a5-be39-c4a3275d71a0
[2m2026-04-12T20:19:10.450313Z[0m [34mDEBUG[0m [2mmercury::engine::market_actor[0m[2m:[0m Tick received — running arb detection [3mmarket_id[0m[2m=[0m189bf673-b643-45a5-be39-c4a3275d71a0 [3mplatform[0m[2m=[0mPolymarket [3mbid[0m[2m=[0m0.42 [3mask[0m[2m=[0m0.43 [3mmid[0m[2m=[0m0.4250 [3mbid_size[0m[2m=[0m81.77 [3mask_size[0m[2m=[0m87.92
[2m2026-04-12T20:19:10.450329Z[0m [34mDEBUG[0m [2mmercury::engine::detector[0m[2m:[0m No arb pairs registered for market — skipping detection [3mmarket_id[0m[2m=[0m39a28b31-a7f7-4e16-b2f1-1e1948be289c
[2m2026-04-12T20:19:10.450434Z[0m [34mDEBUG[0m [2mmercury::engine::market_actor[0m[2m:[0m Tick received — running arb detection [3mmarket_id[0m[2m=[0m39a28b31-a7f7-4e16-b2f1-1e1948be289c [3mplatform[0m[2m=[0mPolymarket [3mbid[0m[2m=[0m0.39 [3mask[0m[2m=[0m0.4 [3mmid[0m[2m=[0m0.3950 [3mbid_size[0m[2m=[0m68.56 [3mask_size[0m[2m=[0m5
[2m2026-04-12T20:19:10.450461Z[0m [34mDEBUG[0m [2mmercury::engine::detector[0m[2m:[0m No arb pairs registered for market — skipping detection [3mmarket_id[0m[2m=[0m79e1f598-7189-438f-a66e-b184b04be477
[2m2026-04-12T20:19:10.450552Z[0m [34mDEBUG[0m [2mmercury::engine::detector[0m[2m:[0m No arb pairs registered for market — skipping detection [3mmarket_id[0m[2m=[0m189bf673-b643-45a5-be39-c4a3275d71a0
[2m2026-04-12T20:19:10.450558Z[0m [34mDEBUG[0m [2mmercury::engine::market_actor[0m[2m:[0m Tick received — running arb detection [3mmarket_id[0m[2m=[0m79e1f598-7189-438f-a66e-b184b04be477 [3mplatform[0m[2m=[0mPolymarket [3mbid[0m[2m=[0m0.49 [3mask[0m[2m=[0m0.5 [3mmid[0m[2m=[0m0.4950 [3mbid_size[0m[2m=[0m17 [3mask_size[0m[2m=[0m80.39
[2m2026-04-12T20:19:10.450652Z[0m [34mDEBUG[0m [2mmercury::engine::detector[0m[2m:[0m No arb pairs registered for market — skipping detection [3mmarket_id[0m[2m=[0m79e1f598-7189-438f-a66e-b184b04be477
[2m2026-04-12T20:19:10.450647Z[0m [34mDEBUG[0m [2mmercury::engine::market_actor[0m[2m:[0m Tick received — running arb detection [3mmarket_id[0m[2m=[0m189bf673-b643-45a5-be39-c4a3275d71a0 [3mplatform[0m[2m=[0mPolymarket [3mbid[0m[2m=[0m0.42 [3mask[0m[2m=[0m0.43 [3mmid[0m[2m=[0m0.4250 [3mbid_size[0m[2m=[0m81.77 [3mask_size[0m[2m=[0m87.92
[2m2026-04-12T20:19:10.450728Z[0m [34mDEBUG[0m [2mmercury::engine::market_actor[0m[2m:[0m Tick received — running arb detection [3mmarket_id[0m[2m=[0m79e1f598-7189-438f-a66e-b184b04be477 [3mplatform[0m[2m=[0mPolymarket [3mbid[0m[2m=[0m0.49 [3mask[0m[2m=[0m0.5 [3mmid[0m[2m=[0m0.4950 [3mbid_size[0m[2m=[0m17 [3mask_size[0m[2m=[0m80.39
[2m2026-04-12T20:19:10.450739Z[0m [34mDEBUG[0m [2mmercury::engine::detector[0m[2m:[0m No arb pairs registered for market — skipping detection [3mmarket_id[0m[2m=[0m39a28b31-a7f7-4e16-b2f1-1e1948be289c
[2m2026-04-12T20:19:10.450867Z[0m [34mDEBUG[0m [2mmercury::engine::detector[0m[2m:[0m No arb pairs registered for market — skipping detection [3mmarket_id[0m[2m=[0m189bf673-b643-45a5-be39-c4a3275d71a0
[2m2026-04-12T20:19:10.450956Z[0m [34mDEBUG[0m [2mmercury::engine::market_actor[0m[2m:[0m Tick received — running arb detection [3mmarket_id[0m[2m=[0m189bf673-b643-45a5-be39-c4a3275d71a0 [3mplatform[0m[2m=[0mPolymarket [3mbid[0m[2m=[0m0.42 [3mask[0m[2m=[0m0.43 [3mmid[0m[2m=[0m0.4250 [3mbid_size[0m[2m=[0m81.77 [3mask_size[0m[2m=[0m87.92
[2m2026-04-12T20:19:10.450983Z[0m [34mDEBUG[0m [2mmercury::engine::detector[0m[2m:[0m No arb pairs registered for market — skipping detection [3mmarket_id[0m[2m=[0m79e1f598-7189-438f-a66e-b184b04be477
[2m2026-04-12T20:19:10.451095Z[0m [34mDEBUG[0m [2mmercury::engine::detector[0m[2m:[0m No arb pairs registered for market — skipping detection [3mmarket_id[0m[2m=[0m189bf673-b643-45a5-be39-c4a3275d71a0
[2m2026-04-12T20:19:10.451200Z[0m [34mDEBUG[0m [2mmercury::engine::market_actor[0m[2m:[0m Tick received — running arb detection [3mmarket_id[0m[2m=[0m189bf673-b643-45a5-be39-c4a3275d71a0 [3mplatform[0m[2m=[0mPolymarket [3mbid[0m[2m=[0m0.42 [3mask[0m[2m=[0m0.43 [3mmid[0m[2m=[0m0.4250 [3mbid_size[0m[2m=[0m81.77 [3mask_size[0m[2m=[0m87.92
[2m2026-04-12T20:19:10.451275Z[0m [34mDEBUG[0m [2mmercury::engine::market_actor[0m[2m:[0m Tick received — running arb detection [3mmarket_id[0m[2m=[0m79e1f598-7189-438f-a66e-b184b04be477 [3mplatform[0m[2m=[0mPolymarket [3mbid[0m[2m=[0m0.49 [3mask[0m[2m=[0m0.5 [3mmid[0m[2m=[0m0.4950 [3mbid_size[0m[2m=[0m17 [3mask_size[0m[2m=[0m80.39
[2m2026-04-12T20:19:10.451305Z[0m [34mDEBUG[0m [2mmercury::engine::detector[0m[2m:[0m No arb pairs registered for market — skipping detection [3mmarket_id[0m[2m=[0m189bf673-b643-45a5-be39-c4a3275d71a0
[2m2026-04-12T20:19:10.451376Z[0m [34mDEBUG[0m [2mmercury::engine::detector[0m[2m:[0m No arb pairs registered for market — skipping detection [3mmarket_id[0m[2m=[0m79e1f598-7189-438f-a66e-b184b04be477
[2m2026-04-12T20:19:10.451385Z[0m [34mDEBUG[0m [2mmercury::engine::market_actor[0m[2m:[0m Tick received — running arb detection [3mmarket_id[0m[2m=[0m189bf673-b643-45a5-be39-c4a3275d71a0 [3mplatform[0m[2m=[0mPolymarket [3mbid[0m[2m=[0m0.42 [3mask[0m[2m=[0m0.43 [3mmid[0m[2m=[0m0.4250 [3mbid_size[0m[2m=[0m81.77 [3mask_size[0m[2m=[0m87.92
[2m2026-04-12T20:19:10.451485Z[0m [34mDEBUG[0m [2mmercury::engine::detector[0m[2m:[0m No arb pairs registered for market — skipping detection [3mmarket_id[0m[2m=[0m189bf673-b643-45a5-be39-c4a3275d71a0
[2m2026-04-12T20:19:10.451562Z[0m [34mDEBUG[0m [2mmercury::engine::market_actor[0m[2m:[0m Tick received — running arb detection [3mmarket_id[0m[2m=[0m189bf673-b643-45a5-be39-c4a3275d71a0 [3mplatform[0m[2m=[0mPolymarket [3mbid[0m[2m=[0m0.42 [3mask[0m[2m=[0m0.43 [3mmid[0m[2m=[0m0.4250 [3mbid_size[0m[2m=[0m81.77 [3mask_size[0m[2m=[0m87.92
[2m2026-04-12T20:19:10.451677Z[0m [34mDEBUG[0m [2mmercury::engine::detector[0m[2m:[0m No arb pairs registered for market — skipping detection [3mmarket_id[0m[2m=[0m189bf673-b643-45a5-be39-c4a3275d71a0
[2m2026-04-12T20:19:10.451753Z[0m [34mDEBUG[0m [2mmercury::engine::market_actor[0m[2m:[0m Tick received — running arb detection [3mmarket_id[0m[2m=[0m189bf673-b643-45a5-be39-c4a3275d71a0 [3mplatform[0m[2m=[0mPolymarket [3mbid[0m[2m=[0m0.42 [3mask[0m[2m=[0m0.43 [3mmid[0m[2m=[0m0.4250 [3mbid_size[0m[2m=[0m81.77 [3mask_size[0m[2m=[0m87.92
[2m2026-04-12T20:19:10.451851Z[0m [34mDEBUG[0m [2mmercury::engine::detector[0m[2m:[0m No arb pairs registered for market — skipping detection [3mmarket_id[0m[2m=[0m189bf673-b643-45a5-be39-c4a3275d71a0
[2m2026-04-12T20:19:10.451928Z[0m [34mDEBUG[0m [2mmercury::engine::market_actor[0m[2m:[0m Tick received — running arb detection [3mmarket_id[0m[2m=[0m189bf673-b643-45a5-be39-c4a3275d71a0 [3mplatform[0m[2m=[0mPolymarket [3mbid[0m[2m=[0m0.42 [3mask[0m[2m=[0m0.43 [3mmid[0m[2m=[0m0.4250 [3mbid_size[0m[2m=[0m81.77 [3mask_size[0m[2m=[0m87.92
[2m2026-04-12T20:19:10.452024Z[0m [34mDEBUG[0m [2mmercury::engine::detector[0m[2m:[0m No arb pairs registered for market — skipping detection [3mmarket_id[0m[2m=[0m189bf673-b643-45a5-be39-c4a3275d71a0
[2m2026-04-12T20:19:10.452098Z[0m [34mDEBUG[0m [2mmercury::engine::market_actor[0m[2m:[0m Tick received — running arb detection [3mmarket_id[0m[2m=[0m189bf673-b643-45a5-be39-c4a3275d71a0 [3mplatform[0m[2m=[0mPolymarket [3mbid[0m[2m=[0m0.42 [3mask[0m[2m=[0m0.43 [3mmid[0m[2m=[0m0.4250 [3mbid_size[0m[2m=[0m81.77 [3mask_size[0m[2m=[0m87.92
[2m2026-04-12T20:19:10.452193Z[0m [34mDEBUG[0m [2mmercury::engine::detector[0m[2m:[0m No arb pairs registered for market — skipping detection [3mmarket_id[0m[2m=[0m189bf673-b643-45a5-be39-c4a3275d71a0
[2m2026-04-12T20:19:10.452270Z[0m [34mDEBUG[0m [2mmercury::engine::market_actor[0m[2m:[0m Tick received — running arb detection [3mmarket_id[0m[2m=[0m189bf673-b643-45a5-be39-c4a3275d71a0 [3mplatform[0m[2m=[0mPolymarket [3mbid[0m[2m=[0m0.42 [3mask[0m[2m=[0m0.43 [3mmid[0m[2m=[0m0.4250 [3mbid_size[0m[2m=[0m81.77 [3mask_size[0m[2m=[0m87.92
[2m2026-04-12T20:19:10.452366Z[0m [34mDEBUG[0m [2mmercury::engine::detector[0m[2m:[0m No arb pairs registered for market — skipping detection [3mmarket_id[0m[2m=[0m189bf673-b643-45a5-be39-c4a3275d71a0
[2m2026-04-12T20:19:10.452440Z[0m [34mDEBUG[0m [2mmercury::engine::market_actor[0m[2m:[0m Tick received — running arb detection [3mmarket_id[0m[2m=[0m189bf673-b643-45a5-be39-c4a3275d71a0 [3mplatform[0m[2m=[0mPolymarket [3mbid[0m[2m=[0m0.42 [3mask[0m[2m=[0m0.43 [3mmid[0m[2m=[0m0.4250 [3mbid_size[0m[2m=[0m81.77 [3mask_size[0m[2m=[0m87.92
[2m2026-04-12T20:19:10.452554Z[0m [34mDEBUG[0m [2mmercury::engine::detector[0m[2m:[0m No arb pairs registered for market — skipping detection [3mmarket_id[0m[2m=[0m189bf673-b643-45a5-be39-c4a3275d71a0
[2m2026-04-12T20:19:10.458666Z[0m [34mDEBUG[0m [2mmercury::engine::market_actor[0m[2m:[0m Tick received — running arb detection [3mmarket_id[0m[2m=[0m79e1f598-7189-438f-a66e-b184b04be477 [3mplatform[0m[2m=[0mPolymarket [3mbid[0m[2m=[0m0.49 [3mask[0m[2m=[0m0.5 [3mmid[0m[2m=[0m0.4950 [3mbid_size[0m[2m=[0m17 [3mask_size[0m[2m=[0m80.39
[2m2026-04-12T20:19:10.458810Z[0m [34mDEBUG[0m [2mmercury::engine::detector[0m[2m:[0m No arb pairs registered for market — skipping detection [3mmarket_id[0m[2m=[0m79e1f598-7189-438f-a66e-b184b04be477
[2m2026-04-12T20:19:10.471077Z[0m [34mDEBUG[0m [2mmercury::feeds::polymarket[0m[2m:[0m Unknown Polymarket event type [3mevent_type[0m[2m=[0mbest_bid_ask
[2m2026-04-12T20:19:10.471087Z[0m [34mDEBUG[0m [2mmercury::engine::market_actor[0m[2m:[0m Tick received — running arb detection [3mmarket_id[0m[2m=[0m189bf673-b643-45a5-be39-c4a3275d71a0 [3mplatform[0m[2m=[0mPolymarket [3mbid[0m[2m=[0m0.42 [3mask[0m[2m=[0m0.43 [3mmid[0m[2m=[0m0.4250 [3mbid_size[0m[2m=[0m81.77 [3mask_size[0m[2m=[0m87.92
[2m2026-04-12T20:19:10.471127Z[0m [34mDEBUG[0m [2mmercury::engine::market_actor[0m[2m:[0m Tick received — running arb detection [3mmarket_id[0m[2m=[0m79e1f598-7189-438f-a66e-b184b04be477 [3mplatform[0m[2m=[0mPolymarket [3mbid[0m[2m=[0m0.49 [3mask[0m[2m=[0m0.5 [3mmid[0m[2m=[0m0.4950 [3mbid_size[0m[2m=[0m17 [3mask_size[0m[2m=[0m80.39
[2m2026-04-12T20:19:10.471201Z[0m [34mDEBUG[0m [2mmercury::engine::detector[0m[2m:[0m No arb pairs registered for market — skipping detection [3mmarket_id[0m[2m=[0m189bf673-b643-45a5-be39-c4a3275d71a0
[2m2026-04-12T20:19:10.471264Z[0m [34mDEBUG[0m [2mmercury::feeds::polymarket[0m[2m:[0m Unknown Polymarket event type [3mevent_type[0m[2m=[0mbest_bid_ask
[2m2026-04-12T20:19:10.471279Z[0m [34mDEBUG[0m [2mmercury::engine::detector[0m[2m:[0m No arb pairs registered for market — skipping detection [3mmarket_id[0m[2m=[0m79e1f598-7189-438f-a66e-b184b04be477
[2m2026-04-12T20:19:10.471288Z[0m [34mDEBUG[0m [2mmercury::engine::market_actor[0m[2m:[0m Tick received — running arb detection [3mmarket_id[0m[2m=[0m2285bae6-253b-4085-b0d1-0af34b5530b6 [3mplatform[0m[2m=[0mPolymarket [3mbid[0m[2m=[0m0.42 [3mask[0m[2m=[0m0.45 [3mmid[0m[2m=[0m0.4350 [3mbid_size[0m[2m=[0m30 [3mask_size[0m[2m=[0m4.46
[2m2026-04-12T20:19:10.471382Z[0m [34mDEBUG[0m [2mmercury::engine::detector[0m[2m:[0m No arb pairs registered for market — skipping detection [3mmarket_id[0m[2m=[0m2285bae6-253b-4085-b0d1-0af34b5530b6
[2m2026-04-12T20:19:10.471467Z[0m [34mDEBUG[0m [2mmercury::engine::market_actor[0m[2m:[0m Tick received — running arb detection [3mmarket_id[0m[2m=[0m189bf673-b643-45a5-be39-c4a3275d71a0 [3mplatform[0m[2m=[0mPolymarket [3mbid[0m[2m=[0m0.42 [3mask[0m[2m=[0m0.43 [3mmid[0m[2m=[0m0.4250 [3mbid_size[0m[2m=[0m79.54 [3mask_size[0m[2m=[0m87.92
[2m2026-04-12T20:19:10.471570Z[0m [34mDEBUG[0m [2mmercury::engine::detector[0m[2m:[0m No arb pairs registered for market — skipping detection [3mmarket_id[0m[2m=[0m189bf673-b643-45a5-be39-c4a3275d71a0
[2m2026-04-12T20:19:10.471916Z[0m [34mDEBUG[0m [2mmercury::engine::market_actor[0m[2m:[0m Tick received — running arb detection [3mmarket_id[0m[2m=[0m189bf673-b643-45a5-be39-c4a3275d71a0 [3mplatform[0m[2m=[0mPolymarket [3mbid[0m[2m=[0m0.42 [3mask[0m[2m=[0m0.43 [3mmid[0m[2m=[0m0.4250 [3mbid_size[0m[2m=[0m79.54 [3mask_size[0m[2m=[0m87.92
[2m2026-04-12T20:19:10.472027Z[0m [34mDEBUG[0m [2mmercury::engine::detector[0m[2m:[0m No arb pairs registered for market — skipping detection [3mmarket_id[0m[2m=[0m189bf673-b643-45a5-be39-c4a3275d71a0
[2m2026-04-12T20:19:10.472467Z[0m [34mDEBUG[0m [2mmercury::engine::market_actor[0m[2m:[0m Tick received — running arb detection [3mmarket_id[0m[2m=[0m79e1f598-7189-438f-a66e-b184b04be477 [3mplatform[0m[2m=[0mPolymarket [3mbid[0m[2m=[0m0.49 [3mask[0m[2m=[0m0.5 [3mmid[0m[2m=[0m0.4950 [3mbid_size[0m[2m=[0m17 [3mask_size[0m[2m=[0m80.39
[2m2026-04-12T20:19:10.472572Z[0m [34mDEBUG[0m [2mmercury::engine::detector[0m[2m:[0m No arb pairs registered for market — skipping detection [3mmarket_id[0m[2m=[0m79e1f598-7189-438f-a66e-b184b04be477
[2m2026-04-12T20:19:10.513396Z[0m [34mDEBUG[0m [2mmercury::engine::market_actor[0m[2m:[0m Tick received — running arb detection [3mmarket_id[0m[2m=[0m79e1f598-7189-438f-a66e-b184b04be477 [3mplatform[0m[2m=[0mPolymarket [3mbid[0m[2m=[0m0.49 [3mask[0m[2m=[0m0.5 [3mmid[0m[2m=[0m0.4950 [3mbid_size[0m[2m=[0m17 [3mask_size[0m[2m=[0m80.39
[2m2026-04-12T20:19:10.513423Z[0m [34mDEBUG[0m [2mmercury::engine::market_actor[0m[2m:[0m Tick received — running arb detection [3mmarket_id[0m[2m=[0m189bf673-b643-45a5-be39-c4a3275d71a0 [3mplatform[0m[2m=[0mPolymarket [3mbid[0m[2m=[0m0.42 [3mask[0m[2m=[0m0.43 [3mmid[0m[2m=[0m0.4250 [3mbid_size[0m[2m=[0m79.54 [3mask_size[0m[2m=[0m87.92
[2m2026-04-12T20:19:10.513629Z[0m [34mDEBUG[0m [2mmercury::engine::market_actor[0m[2m:[0m Tick received — running arb detection [3mmarket_id[0m[2m=[0m2285bae6-253b-4085-b0d1-0af34b5530b6 [3mplatform[0m[2m=[0mPolymarket [3mbid[0m[2m=[0m0.42 [3mask[0m[2m=[0m0.45 [3mmid[0m[2m=[0m0.4350 [3mbid_size[0m[2m=[0m80 [3mask_size[0m[2m=[0m4.46
[2m2026-04-12T20:19:10.513663Z[0m [34mDEBUG[0m [2mmercury::engine::detector[0m[2m:[0m No arb pairs registered for market — skipping detection [3mmarket_id[0m[2m=[0m79e1f598-7189-438f-a66e-b184b04be477
[2m2026-04-12T20:19:10.513899Z[0m [34mDEBUG[0m [2mmercury::engine::detector[0m[2m:[0m No arb pairs registered for market — skipping detection [3mmarket_id[0m[2m=[0m189bf673-b643-45a5-be39-c4a3275d71a0
[2m2026-04-12T20:19:10.514063Z[0m [34mDEBUG[0m [2mmercury::engine::detector[0m[2m:[0m No arb pairs registered for market — skipping detection [3mmarket_id[0m[2m=[0m2285bae6-253b-4085-b0d1-0af34b5530b6
[2m2026-04-12T20:19:10.514046Z[0m [34mDEBUG[0m [2mmercury::engine::market_actor[0m[2m:[0m Tick received — running arb detection [3mmarket_id[0m[2m=[0m189bf673-b643-45a5-be39-c4a3275d71a0 [3mplatform[0m[2m=[0mPolymarket [3mbid[0m[2m=[0m0.42 [3mask[0m[2m=[0m0.43 [3mmid[0m[2m=[0m0.4250 [3mbid_size[0m[2m=[0m79.54 [3mask_size[0m[2m=[0m87.92
[2m2026-04-12T20:19:10.514326Z[0m [34mDEBUG[0m [2mmercury::engine::detector[0m[2m:[0m No arb pairs registered for market — skipping detection [3mmarket_id[0m[2m=[0m189bf673-b643-45a5-be39-c4a3275d71a0
[2m2026-04-12T20:19:10.514353Z[0m [34mDEBUG[0m [2mmercury::engine::market_actor[0m[2m:[0m Tick received — running arb detection [3mmarket_id[0m[2m=[0m2285bae6-253b-4085-b0d1-0af34b5530b6 [3mplatform[0m[2m=[0mPolymarket [3mbid[0m[2m=[0m0.42 [3mask[0m[2m=[0m0.45 [3mmid[0m[2m=[0m0.4350 [3mbid_size[0m[2m=[0m80 [3mask_size[0m[2m=[0m4.46
[2m2026-04-12T20:19:10.514473Z[0m [34mDEBUG[0m [2mmercury::engine::market_actor[0m[2m:[0m Tick received — running arb detection [3mmarket_id[0m[2m=[0m189bf673-b643-45a5-be39-c4a3275d71a0 [3mplatform[0m[2m=[0mPolymarket [3mbid[0m[2m=[0m0.42 [3mask[0m[2m=[0m0.43 [3mmid[0m[2m=[0m0.4250 [3mbid_size[0m[2m=[0m79.54 [3mask_size[0m[2m=[0m87.92
[2m2026-04-12T20:19:10.514535Z[0m [34mDEBUG[0m [2mmercury::engine::detector[0m[2m:[0m No arb pairs registered for market — skipping detection [3mmarket_id[0m[2m=[0m2285bae6-253b-4085-b0d1-0af34b5530b6
[2m2026-04-12T20:19:10.514646Z[0m [34mDEBUG[0m [2mmercury::engine::detector[0m[2m:[0m No arb pairs registered for market — skipping detection [3mmarket_id[0m[2m=[0m189bf673-b643-45a5-be39-c4a3275d71a0
[2m2026-04-12T20:19:10.514660Z[0m [34mDEBUG[0m [2mmercury::engine::market_actor[0m[2m:[0m Tick received — running arb detection [3mmarket_id[0m[2m=[0m2285bae6-253b-4085-b0d1-0af34b5530b6 [3mplatform[0m[2m=[0mPolymarket [3mbid[0m[2m=[0m0.42 [3mask[0m[2m=[0m0.45 [3mmid[0m[2m=[0m0.4350 [3mbid_size[0m[2m=[0m80 [3mask_size[0m[2m=[0m4.46
[2m2026-04-12T20:19:10.514750Z[0m [34mDEBUG[0m [2mmercury::engine::market_actor[0m[2m:[0m Tick received — running arb detection [3mmarket_id[0m[2m=[0m79e1f598-7189-438f-a66e-b184b04be477 [3mplatform[0m[2m=[0mPolymarket [3mbid[0m[2m=[0m0.49 [3mask[0m[2m=[0m0.5 [3mmid[0m[2m=[0m0.4950 [3mbid_size[0m[2m=[0m17 [3mask_size[0m[2m=[0m80.39
[2m2026-04-12T20:19:10.514829Z[0m [34mDEBUG[0m [2mmercury::engine::detector[0m[2m:[0m No arb pairs registered for market — skipping detection [3mmarket_id[0m[2m=[0m2285bae6-253b-4085-b0d1-0af34b5530b6
[2m2026-04-12T20:19:10.514766Z[0m [34mDEBUG[0m [2mmercury::engine::market_actor[0m[2m:[0m Tick received — running arb detection [3mmarket_id[0m[2m=[0m189bf673-b643-45a5-be39-c4a3275d71a0 [3mplatform[0m[2m=[0mPolymarket [3mbid[0m[2m=[0m0.42 [3mask[0m[2m=[0m0.43 [3mmid[0m[2m=[0m0.4250 [3mbid_size[0m[2m=[0m79.54 [3mask_size[0m[2m=[0m87.92
[2m2026-04-12T20:19:10.514948Z[0m [34mDEBUG[0m [2mmercury::engine::detector[0m[2m:[0m No arb pairs registered for market — skipping detection [3mmarket_id[0m[2m=[0m79e1f598-7189-438f-a66e-b184b04be477
[2m2026-04-12T20:19:10.515081Z[0m [34mDEBUG[0m [2mmercury::engine::market_actor[0m[2m:[0m Tick received — running arb detection [3mmarket_id[0m[2m=[0m79e1f598-7189-438f-a66e-b184b04be477 [3mplatform[0m[2m=[0mPolymarket [3mbid[0m[2m=[0m0.49 [3mask[0m[2m=[0m0.5 [3mmid[0m[2m=[0m0.4950 [3mbid_size[0m[2m=[0m17 [3mask_size[0m[2m=[0m80.39
[2m2026-04-12T20:19:10.515098Z[0m [34mDEBUG[0m [2mmercury::engine::market_actor[0m[2m:[0m Tick received — running arb detection [3mmarket_id[0m[2m=[0mbc548cd4-ced9-48e8-b131-410c92fb3a0e [3mplatform[0m[2m=[0mPolymarket [3mbid[0m[2m=[0m0.36 [3mask[0m[2m=[0m0.4 [3mmid[0m[2m=[0m0.38 [3mbid_size[0m[2m=[0m170.6 [3mask_size[0m[2m=[0m6.72
[2m2026-04-12T20:19:10.515103Z[0m [34mDEBUG[0m [2mmercury::engine::detector[0m[2m:[0m No arb pairs registered for market — skipping detection [3mmarket_id[0m[2m=[0m189bf673-b643-45a5-be39-c4a3275d71a0
[2m2026-04-12T20:19:10.515330Z[0m [34mDEBUG[0m [2mmercury::engine::detector[0m[2m:[0m No arb pairs registered for market — skipping detection [3mmarket_id[0m[2m=[0m79e1f598-7189-438f-a66e-b184b04be477
[2m2026-04-12T20:19:10.515334Z[0m [34mDEBUG[0m [2mmercury::engine::market_actor[0m[2m:[0m Tick received — running arb detection [3mmarket_id[0m[2m=[0m189bf673-b643-45a5-be39-c4a3275d71a0 [3mplatform[0m[2m=[0mPolymarket [3mbid[0m[2m=[0m0.42 [3mask[0m[2m=[0m0.43 [3mmid[0m[2m=[0m0.4250 [3mbid_size[0m[2m=[0m79.54 [3mask_size[0m[2m=[0m87.92
[2m2026-04-12T20:19:10.515536Z[0m [34mDEBUG[0m [2mmercury::engine::detector[0m[2m:[0m No arb pairs registered for market — skipping detection [3mmarket_id[0m[2m=[0mbc548cd4-ced9-48e8-b131-410c92fb3a0e
[2m2026-04-12T20:19:10.515701Z[0m [34mDEBUG[0m [2mmercury::engine::market_actor[0m[2m:[0m Tick received — running arb detection [3mmarket_id[0m[2m=[0mbc548cd4-ced9-48e8-b131-410c92fb3a0e [3mplatform[0m[2m=[0mPolymarket [3mbid[0m[2m=[0m0.36 [3mask[0m[2m=[0m0.4 [3mmid[0m[2m=[0m0.38 [3mbid_size[0m[2m=[0m140.6 [3mask_size[0m[2m=[0m6.72
[2m2026-04-12T20:19:10.515732Z[0m [34mDEBUG[0m [2mmercury::engine::detector[0m[2m:[0m No arb pairs registered for market — skipping detection [3mmarket_id[0m[2m=[0m189bf673-b643-45a5-be39-c4a3275d71a0
[2m2026-04-12T20:19:10.515861Z[0m [34mDEBUG[0m [2mmercury::engine::detector[0m[2m:[0m No arb pairs registered for market — skipping detection [3mmarket_id[0m[2m=[0mbc548cd4-ced9-48e8-b131-410c92fb3a0e
[2m2026-04-12T20:19:10.517352Z[0m [34mDEBUG[0m [2mmercury::engine::market_actor[0m[2m:[0m Tick received — running arb detection [3mmarket_id[0m[2m=[0m79e1f598-7189-438f-a66e-b184b04be477 [3mplatform[0m[2m=[0mPolymarket [3mbid[0m[2m=[0m0.49 [3mask[0m[2m=[0m0.5 [3mmid[0m[2m=[0m0.4950 [3mbid_size[0m[2m=[0m17 [3mask_size[0m[2m=[0m80.39
[2m2026-04-12T20:19:10.517496Z[0m [34mDEBUG[0m [2mmercury::engine::detector[0m[2m:[0m No arb pairs registered for market — skipping detection [3mmarket_id[0m[2m=[0m79e1f598-7189-438f-a66e-b184b04be477
[2m2026-04-12T20:19:10.524293Z[0m [34mDEBUG[0m [2mmercury::engine::market_actor[0m[2m:[0m Tick received — running arb detection [3mmarket_id[0m[2m=[0m79e1f598-7189-438f-a66e-b184b04be477 [3mplatform[0m[2m=[0mPolymarket [3mbid[0m[2m=[0m0.49 [3mask[0m[2m=[0m0.5 [3mmid[0m[2m=[0m0.4950 [3mbid_size[0m[2m=[0m17 [3mask_size[0m[2m=[0m80.39
[2m2026-04-12T20:19:10.524462Z[0m [34mDEBUG[0m [2mmercury::engine::detector[0m[2m:[0m No arb pairs registered for market — skipping detection [3mmarket_id[0m[2m=[0m79e1f598-7189-438f-a66e-b184b04be477
[2m2026-04-12T20:19:10.535329Z[0m [34mDEBUG[0m [2mmercury::engine::market_actor[0m[2m:[0m Tick received — running arb detection [3mmarket_id[0m[2m=[0m79e1f598-7189-438f-a66e-b184b04be477 [3mplatform[0m[2m=[0mPolymarket [3mbid[0m[2m=[0m0.49 [3mask[0m[2m=[0m0.5 [3mmid[0m[2m=[0m0.4950 [3mbid_size[0m[2m=[0m17 [3mask_size[0m[2m=[0m80.39
[2m2026-04-12T20:19:10.535479Z[0m [34mDEBUG[0m [2mmercury::engine::detector[0m[2m:[0m No arb pairs registered for market — skipping detection [3mmarket_id[0m[2m=[0m79e1f598-7189-438f-a66e-b184b04be477
[2m2026-04-12T20:19:10.550308Z[0m [34mDEBUG[0m [2mmercury::feeds::polymarket[0m[2m:[0m Unknown Polymarket event type [3mevent_type[0m[2m=[0mbest_bid_ask
[2m2026-04-12T20:19:10.550319Z[0m [34mDEBUG[0m [2mmercury::engine::market_actor[0m[2m:[0m Tick received — running arb detection [3mmarket_id[0m[2m=[0m189bf673-b643-45a5-be39-c4a3275d71a0 [3mplatform[0m[2m=[0mPolymarket [3mbid[0m[2m=[0m0.42 [3mask[0m[2m=[0m0.43 [3mmid[0m[2m=[0m0.4250 [3mbid_size[0m[2m=[0m79.54 [3mask_size[0m[2m=[0m87.92
[2m2026-04-12T20:19:10.550462Z[0m [34mDEBUG[0m [2mmercury::engine::detector[0m[2m:[0m No arb pairs registered for market — skipping detection [3mmarket_id[0m[2m=[0m189bf673-b643-45a5-be39-c4a3275d71a0
[2m2026-04-12T20:19:10.550547Z[0m [34mDEBUG[0m [2mmercury::engine::market_actor[0m[2m:[0m Tick received — running arb detection [3mmarket_id[0m[2m=[0m189bf673-b643-45a5-be39-c4a3275d71a0 [3mplatform[0m[2m=[0mPolymarket [3mbid[0m[2m=[0m0.42 [3mask[0m[2m=[0m0.43 [3mmid[0m[2m=[0m0.4250 [3mbid_size[0m[2m=[0m54.54 [3mask_size[0m[2m=[0m87.92
[2m2026-04-12T20:19:10.550624Z[0m [34mDEBUG[0m [2mmercury::engine::market_actor[0m[2m:[0m Tick received — running arb detection [3mmarket_id[0m[2m=[0m2285bae6-253b-4085-b0d1-0af34b5530b6 [3mplatform[0m[2m=[0mPolymarket [3mbid[0m[2m=[0m0.44 [3mask[0m[2m=[0m0.45 [3mmid[0m[2m=[0m0.4450 [3mbid_size[0m[2m=[0m30 [3mask_size[0m[2m=[0m4.46
[2m2026-04-12T20:19:10.550649Z[0m [34mDEBUG[0m [2mmercury::engine::detector[0m[2m:[0m No arb pairs registered for market — skipping detection [3mmarket_id[0m[2m=[0m189bf673-b643-45a5-be39-c4a3275d71a0
[2m2026-04-12T20:19:10.550663Z[0m [34mDEBUG[0m [2mmercury::engine::market_actor[0m[2m:[0m Tick received — running arb detection [3mmarket_id[0m[2m=[0m79e1f598-7189-438f-a66e-b184b04be477 [3mplatform[0m[2m=[0mPolymarket [3mbid[0m[2m=[0m0.49 [3mask[0m[2m=[0m0.5 [3mmid[0m[2m=[0m0.4950 [3mbid_size[0m[2m=[0m17 [3mask_size[0m[2m=[0m80.39
[2m2026-04-12T20:19:10.550777Z[0m [34mDEBUG[0m [2mmercury::engine::detector[0m[2m:[0m No arb pairs registered for market — skipping detection [3mmarket_id[0m[2m=[0m2285bae6-253b-4085-b0d1-0af34b5530b6
[2m2026-04-12T20:19:10.550877Z[0m [34mDEBUG[0m [2mmercury::engine::detector[0m[2m:[0m No arb pairs registered for market — skipping detection [3mmarket_id[0m[2m=[0m79e1f598-7189-438f-a66e-b184b04be477
[2m2026-04-12T20:19:10.550963Z[0m [34mDEBUG[0m [2mmercury::engine::market_actor[0m[2m:[0m Tick received — running arb detection [3mmarket_id[0m[2m=[0m79e1f598-7189-438f-a66e-b184b04be477 [3mplatform[0m[2m=[0mPolymarket [3mbid[0m[2m=[0m0.49 [3mask[0m[2m=[0m0.5 [3mmid[0m[2m=[0m0.4950 [3mbid_size[0m[2m=[0m17 [3mask_size[0m[2m=[0m80.39
[2m2026-04-12T20:19:10.551061Z[0m [34mDEBUG[0m [2mmercury::engine::detector[0m[2m:[0m No arb pairs registered for market — skipping detection [3mmarket_id[0m[2m=[0m79e1f598-7189-438f-a66e-b184b04be477
[2m2026-04-12T20:19:10.572604Z[0m [34mDEBUG[0m [2mmercury::engine::market_actor[0m[2m:[0m Tick received — running arb detection [3mmarket_id[0m[2m=[0m2285bae6-253b-4085-b0d1-0af34b5530b6 [3mplatform[0m[2m=[0mPolymarket [3mbid[0m[2m=[0m0.44 [3mask[0m[2m=[0m0.45 [3mmid[0m[2m=[0m0.4450 [3mbid_size[0m[2m=[0m80 [3mask_size[0m[2m=[0m4.46
[2m2026-04-12T20:19:10.572741Z[0m [34mDEBUG[0m [2mmercury::engine::market_actor[0m[2m:[0m Tick received — running arb detection [3mmarket_id[0m[2m=[0m189bf673-b643-45a5-be39-c4a3275d71a0 [3mplatform[0m[2m=[0mPolymarket [3mbid[0m[2m=[0m0.42 [3mask[0m[2m=[0m0.43 [3mmid[0m[2m=[0m0.4250 [3mbid_size[0m[2m=[0m54.54 [3mask_size[0m[2m=[0m92.92
[2m2026-04-12T20:19:10.572798Z[0m [34mDEBUG[0m [2mmercury::engine::detector[0m[2m:[0m No arb pairs registered for market — skipping detection [3mmarket_id[0m[2m=[0m2285bae6-253b-4085-b0d1-0af34b5530b6
[2m2026-04-12T20:19:10.572835Z[0m [34mDEBUG[0m [2mmercury::engine::market_actor[0m[2m:[0m Tick received — running arb detection [3mmarket_id[0m[2m=[0m79e1f598-7189-438f-a66e-b184b04be477 [3mplatform[0m[2m=[0mPolymarket [3mbid[0m[2m=[0m0.49 [3mask[0m[2m=[0m0.5 [3mmid[0m[2m=[0m0.4950 [3mbid_size[0m[2m=[0m17 [3mask_size[0m[2m=[0m80.39
[2m2026-04-12T20:19:10.572904Z[0m [34mDEBUG[0m [2mmercury::engine::detector[0m[2m:[0m No arb pairs registered for market — skipping detection [3mmarket_id[0m[2m=[0m189bf673-b643-45a5-be39-c4a3275d71a0
[2m2026-04-12T20:19:10.572911Z[0m [34mDEBUG[0m [2mmercury::engine::market_actor[0m[2m:[0m Tick received — running arb detection [3mmarket_id[0m[2m=[0m2285bae6-253b-4085-b0d1-0af34b5530b6 [3mplatform[0m[2m=[0mPolymarket [3mbid[0m[2m=[0m0.44 [3mask[0m[2m=[0m0.45 [3mmid[0m[2m=[0m0.4450 [3mbid_size[0m[2m=[0m80 [3mask_size[0m[2m=[0m4.46
[2m2026-04-12T20:19:10.573004Z[0m [34mDEBUG[0m [2mmercury::engine::detector[0m[2m:[0m No arb pairs registered for market — skipping detection [3mmarket_id[0m[2m=[0m79e1f598-7189-438f-a66e-b184b04be477
[2m2026-04-12T20:19:10.573110Z[0m [34mDEBUG[0m [2mmercury::engine::detector[0m[2m:[0m No arb pairs registered for market — skipping detection [3mmarket_id[0m[2m=[0m2285bae6-253b-4085-b0d1-0af34b5530b6
[2m2026-04-12T20:19:10.573300Z[0m [34mDEBUG[0m [2mmercury::engine::market_actor[0m[2m:[0m Tick received — running arb detection [3mmarket_id[0m[2m=[0m189bf673-b643-45a5-be39-c4a3275d71a0 [3mplatform[0m[2m=[0mPolymarket [3mbid[0m[2m=[0m0.42 [3mask[0m[2m=[0m0.43 [3mmid[0m[2m=[0m0.4250 [3mbid_size[0m[2m=[0m54.54 [3mask_size[0m[2m=[0m92.92
[2m2026-04-12T20:19:10.573459Z[0m [34mDEBUG[0m [2mmercury::engine::detector[0m[2m:[0m No arb pairs registered for market — skipping detection [3mmarket_id[0m[2m=[0m189bf673-b643-45a5-be39-c4a3275d71a0
[2m2026-04-12T20:19:10.573451Z[0m [34mDEBUG[0m [2mmercury::engine::market_actor[0m[2m:[0m Tick received — running arb detection [3mmarket_id[0m[2m=[0m2285bae6-253b-4085-b0d1-0af34b5530b6 [3mplatform[0m[2m=[0mPolymarket [3mbid[0m[2m=[0m0.44 [3mask[0m[2m=[0m0.45 [3mmid[0m[2m=[0m0.4450 [3mbid_size[0m[2m=[0m80 [3mask_size[0m[2m=[0m4.46
[2m2026-04-12T20:19:10.573563Z[0m [34mDEBUG[0m [2mmercury::engine::market_actor[0m[2m:[0m Tick received — running arb detection [3mmarket_id[0m[2m=[0m189bf673-b643-45a5-be39-c4a3275d71a0 [3mplatform[0m[2m=[0mPolymarket [3mbid[0m[2m=[0m0.42 [3mask[0m[2m=[0m0.43 [3mmid[0m[2m=[0m0.4250 [3mbid_size[0m[2m=[0m54.54 [3mask_size[0m[2m=[0m92.92
[2m2026-04-12T20:19:10.573597Z[0m [34mDEBUG[0m [2mmercury::engine::detector[0m[2m:[0m No arb pairs registered for market — skipping detection [3mmarket_id[0m[2m=[0m2285bae6-253b-4085-b0d1-0af34b5530b6
[2m2026-04-12T20:19:10.573688Z[0m [34mDEBUG[0m [2mmercury::engine::detector[0m[2m:[0m No arb pairs registered for market — skipping detection [3mmarket_id[0m[2m=[0m189bf673-b643-45a5-be39-c4a3275d71a0
[2m2026-04-12T20:19:10.578938Z[0m [34mDEBUG[0m [2mmercury::engine::market_actor[0m[2m:[0m Tick received — running arb detection [3mmarket_id[0m[2m=[0m79e1f598-7189-438f-a66e-b184b04be477 [3mplatform[0m[2m=[0mPolymarket [3mbid[0m[2m=[0m0.49 [3mask[0m[2m=[0m0.5 [3mmid[0m[2m=[0m0.4950 [3mbid_size[0m[2m=[0m17 [3mask_size[0m[2m=[0m80.39
[2m2026-04-12T20:19:10.579113Z[0m [34mDEBUG[0m [2mmercury::engine::detector[0m[2m:[0m No arb pairs registered for market — skipping detection [3mmarket_id[0m[2m=[0m79e1f598-7189-438f-a66e-b184b04be477
[2m2026-04-12T20:19:10.579102Z[0m [34mDEBUG[0m [2mmercury::engine::market_actor[0m[2m:[0m Tick received — running arb detection [3mmarket_id[0m[2m=[0m189bf673-b643-45a5-be39-c4a3275d71a0 [3mplatform[0m[2m=[0mPolymarket [3mbid[0m[2m=[0m0.42 [3mask[0m[2m=[0m0.43 [3mmid[0m[2m=[0m0.4250 [3mbid_size[0m[2m=[0m54.54 [3mask_size[0m[2m=[0m92.92
[2m2026-04-12T20:19:10.579293Z[0m [34mDEBUG[0m [2mmercury::engine::detector[0m[2m:[0m No arb pairs registered for market — skipping detection [3mmarket_id[0m[2m=[0m189bf673-b643-45a5-be39-c4a3275d71a0
[2m2026-04-12T20:19:10.579319Z[0m [34mDEBUG[0m [2mmercury::engine::market_actor[0m[2m:[0m Tick received — running arb detection [3mmarket_id[0m[2m=[0m2285bae6-253b-4085-b0d1-0af34b5530b6 [3mplatform[0m[2m=[0mPolymarket [3mbid[0m[2m=[0m0.44 [3mask[0m[2m=[0m0.45 [3mmid[0m[2m=[0m0.4450 [3mbid_size[0m[2m=[0m90 [3mask_size[0m[2m=[0m4.46
[2m2026-04-12T20:19:10.579425Z[0m [34mDEBUG[0m [2mmercury::engine::market_actor[0m[2m:[0m Tick received — running arb detection [3mmarket_id[0m[2m=[0m189bf673-b643-45a5-be39-c4a3275d71a0 [3mplatform[0m[2m=[0mPolymarket [3mbid[0m[2m=[0m0.42 [3mask[0m[2m=[0m0.43 [3mmid[0m[2m=[0m0.4250 [3mbid_size[0m[2m=[0m54.54 [3mask_size[0m[2m=[0m92.92
[2m2026-04-12T20:19:10.579510Z[0m [34mDEBUG[0m [2mmercury::engine::detector[0m[2m:[0m No arb pairs registered for market — skipping detection [3mmarket_id[0m[2m=[0m2285bae6-253b-4085-b0d1-0af34b5530b6
[2m2026-04-12T20:19:10.579618Z[0m [34mDEBUG[0m [2mmercury::engine::detector[0m[2m:[0m No arb pairs registered for market — skipping detection [3mmarket_id[0m[2m=[0m189bf673-b643-45a5-be39-c4a3275d71a0
[2m2026-04-12T20:19:10.585463Z[0m [34mDEBUG[0m [2mmercury::engine::market_actor[0m[2m:[0m Tick received — running arb detection [3mmarket_id[0m[2m=[0m79e1f598-7189-438f-a66e-b184b04be477 [3mplatform[0m[2m=[0mPolymarket [3mbid[0m[2m=[0m0.49 [3mask[0m[2m=[0m0.5 [3mmid[0m[2m=[0m0.4950 [3mbid_size[0m[2m=[0m17 [3mask_size[0m[2m=[0m80.39
[2m2026-04-12T20:19:10.585583Z[0m [34mDEBUG[0m [2mmercury::engine::detector[0m[2m:[0m No arb pairs registered for market — skipping detection [3mmarket_id[0m[2m=[0m79e1f598-7189-438f-a66e-b184b04be477
[2m2026-04-12T20:19:10.594772Z[0m [34mDEBUG[0m [2mmercury::engine::market_actor[0m[2m:[0m Tick received — running arb detection [3mmarket_id[0m[2m=[0m79e1f598-7189-438f-a66e-b184b04be477 [3mplatform[0m[2m=[0mPolymarket [3mbid[0m[2m=[0m0.49 [3mask[0m[2m=[0m0.5 [3mmid[0m[2m=[0m0.4950 [3mbid_size[0m[2m=[0m17 [3mask_size[0m[2m=[0m80.39
[2m2026-04-12T20:19:10.594931Z[0m [34mDEBUG[0m [2mmercury::engine::detector[0m[2m:[0m No arb pairs registered for market — skipping detection [3mmarket_id[0m[2m=[0m79e1f598-7189-438f-a66e-b184b04be477
[2m2026-04-12T20:19:10.608498Z[0m [34mDEBUG[0m [2mmercury::feeds::polymarket[0m[2m:[0m Unknown Polymarket event type [3mevent_type[0m[2m=[0mbest_bid_ask
[2m2026-04-12T20:19:10.608853Z[0m [34mDEBUG[0m [2mmercury::engine::market_actor[0m[2m:[0m Tick received — running arb detection [3mmarket_id[0m[2m=[0mbc548cd4-ced9-48e8-b131-410c92fb3a0e [3mplatform[0m[2m=[0mPolymarket [3mbid[0m[2m=[0m0.37 [3mask[0m[2m=[0m0.4 [3mmid[0m[2m=[0m0.3850 [3mbid_size[0m[2m=[0m5.6 [3mask_size[0m[2m=[0m6.72
[2m2026-04-12T20:19:10.608900Z[0m [34mDEBUG[0m [2mmercury::engine::market_actor[0m[2m:[0m Tick received — running arb detection [3mmarket_id[0m[2m=[0m189bf673-b643-45a5-be39-c4a3275d71a0 [3mplatform[0m[2m=[0mPolymarket [3mbid[0m[2m=[0m0.42 [3mask[0m[2m=[0m0.43 [3mmid[0m[2m=[0m0.4250 [3mbid_size[0m[2m=[0m54.54 [3mask_size[0m[2m=[0m92.92
[2m2026-04-12T20:19:10.609019Z[0m [34mDEBUG[0m [2mmercury::engine::detector[0m[2m:[0m No arb pairs registered for market — skipping detection [3mmarket_id[0m[2m=[0mbc548cd4-ced9-48e8-b131-410c92fb3a0e
[2m2026-04-12T20:19:10.609122Z[0m [34mDEBUG[0m [2mmercury::engine::detector[0m[2m:[0m No arb pairs registered for market — skipping detection [3mmarket_id[0m[2m=[0m189bf673-b643-45a5-be39-c4a3275d71a0
[2m2026-04-12T20:19:10.609224Z[0m [34mDEBUG[0m [2mmercury::engine::market_actor[0m[2m:[0m Tick received — running arb detection [3mmarket_id[0m[2m=[0m79e1f598-7189-438f-a66e-b184b04be477 [3mplatform[0m[2m=[0mPolymarket [3mbid[0m[2m=[0m0.49 [3mask[0m[2m=[0m0.5 [3mmid[0m[2m=[0m0.4950 [3mbid_size[0m[2m=[0m17 [3mask_size[0m[2m=[0m80.39
[2m2026-04-12T20:19:10.609232Z[0m [34mDEBUG[0m [2mmercury::engine::market_actor[0m[2m:[0m Tick received — running arb detection [3mmarket_id[0m[2m=[0m189bf673-b643-45a5-be39-c4a3275d71a0 [3mplatform[0m[2m=[0mPolymarket [3mbid[0m[2m=[0m0.42 [3mask[0m[2m=[0m0.43 [3mmid[0m[2m=[0m0.4250 [3mbid_size[0m[2m=[0m54.54 [3mask_size[0m[2m=[0m92.92
[2m2026-04-12T20:19:10.609366Z[0m [34mDEBUG[0m [2mmercury::engine::detector[0m[2m:[0m No arb pairs registered for market — skipping detection [3mmarket_id[0m[2m=[0m79e1f598-7189-438f-a66e-b184b04be477
[2m2026-04-12T20:19:10.609457Z[0m [34mDEBUG[0m [2mmercury::engine::detector[0m[2m:[0m No arb pairs registered for market — skipping detection [3mmarket_id[0m[2m=[0m189bf673-b643-45a5-be39-c4a3275d71a0
[2m2026-04-12T20:19:10.609559Z[0m [34mDEBUG[0m [2mmercury::engine::market_actor[0m[2m:[0m Tick received — running arb detection [3mmarket_id[0m[2m=[0m189bf673-b643-45a5-be39-c4a3275d71a0 [3mplatform[0m[2m=[0mPolymarket [3mbid[0m[2m=[0m0.42 [3mask[0m[2m=[0m0.43 [3mmid[0m[2m=[0m0.4250 [3mbid_size[0m[2m=[0m54.54 [3mask_size[0m[2m=[0m92.92
[2m2026-04-12T20:19:10.609686Z[0m [34mDEBUG[0m [2mmercury::engine::detector[0m[2m:[0m No arb pairs registered for market — skipping detection [3mmarket_id[0m[2m=[0m189bf673-b643-45a5-be39-c4a3275d71a0
[2m2026-04-12T20:19:10.632988Z[0m [34mDEBUG[0m [2mmercury::engine::market_actor[0m[2m:[0m Tick received — running arb detection [3mmarket_id[0m[2m=[0mbc548cd4-ced9-48e8-b131-410c92fb3a0e [3mplatform[0m[2m=[0mPolymarket [3mbid[0m[2m=[0m0.37 [3mask[0m[2m=[0m0.4 [3mmid[0m[2m=[0m0.3850 [3mbid_size[0m[2m=[0m105.6 [3mask_size[0m[2m=[0m6.72
[2m2026-04-12T20:19:10.633101Z[0m [34mDEBUG[0m [2mmercury::engine::market_actor[0m[2m:[0m Tick received — running arb detection [3mmarket_id[0m[2m=[0m79e1f598-7189-438f-a66e-b184b04be477 [3mplatform[0m[2m=[0mPolymarket [3mbid[0m[2m=[0m0.49 [3mask[0m[2m=[0m0.5 [3mmid[0m[2m=[0m0.4950 [3mbid_size[0m[2m=[0m17 [3mask_size[0m[2m=[0m80.39
[2m2026-04-12T20:19:10.633151Z[0m [34mDEBUG[0m [2mmercury::engine::detector[0m[2m:[0m No arb pairs registered for market — skipping detection [3mmarket_id[0m[2m=[0mbc548cd4-ced9-48e8-b131-410c92fb3a0e
[2m2026-04-12T20:19:10.633227Z[0m [34mDEBUG[0m [2mmercury::engine::detector[0m[2m:[0m No arb pairs registered for market — skipping detection [3mmarket_id[0m[2m=[0m79e1f598-7189-438f-a66e-b184b04be477
[2m2026-04-12T20:19:10.633238Z[0m [34mDEBUG[0m [2mmercury::engine::market_actor[0m[2m:[0m Tick received — running arb detection [3mmarket_id[0m[2m=[0mbc548cd4-ced9-48e8-b131-410c92fb3a0e [3mplatform[0m[2m=[0mPolymarket [3mbid[0m[2m=[0m0.37 [3mask[0m[2m=[0m0.4 [3mmid[0m[2m=[0m0.3850 [3mbid_size[0m[2m=[0m105.6 [3mask_size[0m[2m=[0m6.72
[2m2026-04-12T20:19:10.633337Z[0m [34mDEBUG[0m [2mmercury::engine::detector[0m[2m:[0m No arb pairs registered for market — skipping detection [3mmarket_id[0m[2m=[0mbc548cd4-ced9-48e8-b131-410c92fb3a0e
[2m2026-04-12T20:19:10.666062Z[0m [34mDEBUG[0m [2mmercury::engine::market_actor[0m[2m:[0m Tick received — running arb detection [3mmarket_id[0m[2m=[0m2285bae6-253b-4085-b0d1-0af34b5530b6 [3mplatform[0m[2m=[0mPolymarket [3mbid[0m[2m=[0m0.44 [3mask[0m[2m=[0m0.45 [3mmid[0m[2m=[0m0.4450 [3mbid_size[0m[2m=[0m90 [3mask_size[0m[2m=[0m4.46
[2m2026-04-12T20:19:10.666056Z[0m [34mDEBUG[0m [2mmercury::engine::market_actor[0m[2m:[0m Tick received — running arb detection [3mmarket_id[0m[2m=[0mbc548cd4-ced9-48e8-b131-410c92fb3a0e [3mplatform[0m[2m=[0mPolymarket [3mbid[0m[2m=[0m0.37 [3mask[0m[2m=[0m0.4 [3mmid[0m[2m=[0m0.3850 [3mbid_size[0m[2m=[0m105.6 [3mask_size[0m[2m=[0m6.72
[2m2026-04-12T20:19:10.666170Z[0m [34mDEBUG[0m [2mmercury::engine::market_actor[0m[2m:[0m Tick received — running arb detection [3mmarket_id[0m[2m=[0m189bf673-b643-45a5-be39-c4a3275d71a0 [3mplatform[0m[2m=[0mPolymarket [3mbid[0m[2m=[0m0.42 [3mask[0m[2m=[0m0.43 [3mmid[0m[2m=[0m0.4250 [3mbid_size[0m[2m=[0m54.54 [3mask_size[0m[2m=[0m92.92
[2m2026-04-12T20:19:10.666262Z[0m [34mDEBUG[0m [2mmercury::engine::detector[0m[2m:[0m No arb pairs registered for market — skipping detection [3mmarket_id[0m[2m=[0m2285bae6-253b-4085-b0d1-0af34b5530b6
[2m2026-04-12T20:19:10.666274Z[0m [34mDEBUG[0m [2mmercury::engine::market_actor[0m[2m:[0m Tick received — running arb detection [3mmarket_id[0m[2m=[0m39a28b31-a7f7-4e16-b2f1-1e1948be289c [3mplatform[0m[2m=[0mPolymarket [3mbid[0m[2m=[0m0.39 [3mask[0m[2m=[0m0.4 [3mmid[0m[2m=[0m0.3950 [3mbid_size[0m[2m=[0m68.56 [3mask_size[0m[2m=[0m5
[2m2026-04-12T20:19:10.666388Z[0m [34mDEBUG[0m [2mmercury::engine::detector[0m[2m:[0m No arb pairs registered for market — skipping detection [3mmarket_id[0m[2m=[0mbc548cd4-ced9-48e8-b131-410c92fb3a0e
[2m2026-04-12T20:19:10.666369Z[0m [34mDEBUG[0m [2mmercury::engine::market_actor[0m[2m:[0m Tick received — running arb detection [3mmarket_id[0m[2m=[0m2285bae6-253b-4085-b0d1-0af34b5530b6 [3mplatform[0m[2m=[0mPolymarket [3mbid[0m[2m=[0m0.44 [3mask[0m[2m=[0m0.45 [3mmid[0m[2m=[0m0.4450 [3mbid_size[0m[2m=[0m90 [3mask_size[0m[2m=[0m4.46
[2m2026-04-12T20:19:10.666533Z[0m [34mDEBUG[0m [2mmercury::engine::detector[0m[2m:[0m No arb pairs registered for market — skipping detection [3mmarket_id[0m[2m=[0m2285bae6-253b-4085-b0d1-0af34b5530b6
[2m2026-04-12T20:19:10.666605Z[0m [34mDEBUG[0m [2mmercury::engine::detector[0m[2m:[0m No arb pairs registered for market — skipping detection [3mmarket_id[0m[2m=[0m189bf673-b643-45a5-be39-c4a3275d71a0
[2m2026-04-12T20:19:10.666669Z[0m [34mDEBUG[0m [2mmercury::engine::market_actor[0m[2m:[0m Tick received — running arb detection [3mmarket_id[0m[2m=[0m189bf673-b643-45a5-be39-c4a3275d71a0 [3mplatform[0m[2m=[0mPolymarket [3mbid[0m[2m=[0m0.42 [3mask[0m[2m=[0m0.43 [3mmid[0m[2m=[0m0.4250 [3mbid_size[0m[2m=[0m54.54 [3mask_size[0m[2m=[0m92.92
[2m2026-04-12T20:19:10.666703Z[0m [34mDEBUG[0m [2mmercury::engine::detector[0m[2m:[0m No arb pairs registered for market — skipping detection [3mmarket_id[0m[2m=[0m39a28b31-a7f7-4e16-b2f1-1e1948be289c
[2m2026-04-12T20:19:10.666802Z[0m [34mDEBUG[0m [2mmercury::engine::detector[0m[2m:[0m No arb pairs registered for market — skipping detection [3mmarket_id[0m[2m=[0m189bf673-b643-45a5-be39-c4a3275d71a0
[2m2026-04-12T20:19:10.717543Z[0m [34mDEBUG[0m [2mmercury::engine::market_actor[0m[2m:[0m Tick received — running arb detection [3mmarket_id[0m[2m=[0m189bf673-b643-45a5-be39-c4a3275d71a0 [3mplatform[0m[2m=[0mPolymarket [3mbid[0m[2m=[0m0.42 [3mask[0m[2m=[0m0.43 [3mmid[0m[2m=[0m0.4250 [3mbid_size[0m[2m=[0m54.54 [3mask_size[0m[2m=[0m92.92
[2m2026-04-12T20:19:10.717820Z[0m [34mDEBUG[0m [2mmercury::engine::detector[0m[2m:[0m No arb pairs registered for market — skipping detection [3mmarket_id[0m[2m=[0m189bf673-b643-45a5-be39-c4a3275d71a0
[2m2026-04-12T20:19:10.717929Z[0m [34mDEBUG[0m [2mmercury::engine::market_actor[0m[2m:[0m Tick received — running arb detection [3mmarket_id[0m[2m=[0m189bf673-b643-45a5-be39-c4a3275d71a0 [3mplatform[0m[2m=[0mPolymarket [3mbid[0m[2m=[0m0.42 [3mask[0m[2m=[0m0.43 [3mmid[0m[2m=[0m0.4250 [3mbid_size[0m[2m=[0m54.54 [3mask_size[0m[2m=[0m92.92
[2m2026-04-12T20:19:10.717932Z[0m [34mDEBUG[0m [2mmercury::engine::market_actor[0m[2m:[0m Tick received — running arb detection [3mmarket_id[0m[2m=[0m2285bae6-253b-4085-b0d1-0af34b5530b6 [3mplatform[0m[2m=[0mPolymarket [3mbid[0m[2m=[0m0.44 [3mask[0m[2m=[0m0.45 [3mmid[0m[2m=[0m0.4450 [3mbid_size[0m[2m=[0m60 [3mask_size[0m[2m=[0m4.46
[2m2026-04-12T20:19:10.718094Z[0m [34mDEBUG[0m [2mmercury::engine::detector[0m[2m:[0m No arb pairs registered for market — skipping detection [3mmarket_id[0m[2m=[0m189bf673-b643-45a5-be39-c4a3275d71a0
[2m2026-04-12T20:19:10.718231Z[0m [34mDEBUG[0m [2mmercury::engine::detector[0m[2m:[0m No arb pairs registered for market — skipping detection [3mmarket_id[0m[2m=[0m2285bae6-253b-4085-b0d1-0af34b5530b6
[2m2026-04-12T20:19:10.718187Z[0m [34mDEBUG[0m [2mmercury::engine::market_actor[0m[2m:[0m Tick received — running arb detection [3mmarket_id[0m[2m=[0m189bf673-b643-45a5-be39-c4a3275d71a0 [3mplatform[0m[2m=[0mPolymarket [3mbid[0m[2m=[0m0.42 [3mask[0m[2m=[0m0.43 [3mmid[0m[2m=[0m0.4250 [3mbid_size[0m[2m=[0m54.54 [3mask_size[0m[2m=[0m92.92
[2m2026-04-12T20:19:10.718396Z[0m [34mDEBUG[0m [2mmercury::engine::market_actor[0m[2m:[0m Tick received — running arb detection [3mmarket_id[0m[2m=[0m2285bae6-253b-4085-b0d1-0af34b5530b6 [3mplatform[0m[2m=[0mPolymarket [3mbid[0m[2m=[0m0.44 [3mask[0m[2m=[0m0.45 [3mmid[0m[2m=[0m0.4450 [3mbid_size[0m[2m=[0m60 [3mask_size[0m[2m=[0m4.46
[2m2026-04-12T20:19:10.718420Z[0m [34mDEBUG[0m [2mmercury::engine::detector[0m[2m:[0m No arb pairs registered for market — skipping detection [3mmarket_id[0m[2m=[0m189bf673-b643-45a5-be39-c4a3275d71a0
[2m2026-04-12T20:19:10.718615Z[0m [34mDEBUG[0m [2mmercury::engine::detector[0m[2m:[0m No arb pairs registered for market — skipping detection [3mmarket_id[0m[2m=[0m2285bae6-253b-4085-b0d1-0af34b5530b6
[2m2026-04-12T20:19:10.726041Z[0m [32m INFO[0m [2mmercury::feeds::discovery[0m[2m:[0m Kalshi general markets fetched [3mcount[0m[2m=[0m500
[2m2026-04-12T20:19:10.746872Z[0m [32m INFO[0m [2mmercury::feeds::discovery[0m[2m:[0m Discovery cycle complete [3mtotal[0m[2m=[0m8 [3mactive[0m[2m=[0m8
[2m2026-04-12T20:19:10.772697Z[0m [34mDEBUG[0m [2mmercury::engine::market_actor[0m[2m:[0m Tick received — running arb detection [3mmarket_id[0m[2m=[0m189bf673-b643-45a5-be39-c4a3275d71a0 [3mplatform[0m[2m=[0mPolymarket [3mbid[0m[2m=[0m0.42 [3mask[0m[2m=[0m0.43 [3mmid[0m[2m=[0m0.4250 [3mbid_size[0m[2m=[0m54.54 [3mask_size[0m[2m=[0m92.92
[2m2026-04-12T20:19:10.772900Z[0m [34mDEBUG[0m [2mmercury::engine::detector[0m[2m:[0m No arb pairs registered for market — skipping detection [3mmarket_id[0m[2m=[0m189bf673-b643-45a5-be39-c4a3275d71a0
[2m2026-04-12T20:19:10.773006Z[0m [34mDEBUG[0m [2mmercury::engine::market_actor[0m[2m:[0m Tick received — running arb detection [3mmarket_id[0m[2m=[0m189bf673-b643-45a5-be39-c4a3275d71a0 [3mplatform[0m[2m=[0mPolymarket [3mbid[0m[2m=[0m0.42 [3mask[0m[2m=[0m0.43 [3mmid[0m[2m=[0m0.4250 [3mbid_size[0m[2m=[0m54.54 [3mask_size[0m[2m=[0m92.92
[2m2026-04-12T20:19:10.773184Z[0m [34mDEBUG[0m [2mmercury::engine::detector[0m[2m:[0m No arb pairs registered for market — skipping detection [3mmarket_id[0m[2m=[0m189bf673-b643-45a5-be39-c4a3275d71a0
[2m2026-04-12T20:19:10.773303Z[0m [34mDEBUG[0m [2mmercury::engine::market_actor[0m[2m:[0m Tick received — running arb detection [3mmarket_id[0m[2m=[0m189bf673-b643-45a5-be39-c4a3275d71a0 [3mplatform[0m[2m=[0mPolymarket [3mbid[0m[2m=[0m0.42 [3mask[0m[2m=[0m0.43 [3mmid[0m[2m=[0m0.4250 [3mbid_size[0m[2m=[0m54.54 [3mask_size[0m[2m=[0m92.92
[2m2026-04-12T20:19:10.773472Z[0m [34mDEBUG[0m [2mmercury::engine::detector[0m[2m:[0m No arb pairs registered for market — skipping detection [3mmarket_id[0m[2m=[0m189bf673-b643-45a5-be39-c4a3275d71a0
[2m2026-04-12T20:19:10.811585Z[0m [34mDEBUG[0m [2mmercury::engine::market_actor[0m[2m:[0m Tick received — running arb detection [3mmarket_id[0m[2m=[0m189bf673-b643-45a5-be39-c4a3275d71a0 [3mplatform[0m[2m=[0mPolymarket [3mbid[0m[2m=[0m0.42 [3mask[0m[2m=[0m0.43 [3mmid[0m[2m=[0m0.4250 [3mbid_size[0m[2m=[0m54.54 [3mask_size[0m[2m=[0m92.92
[2m2026-04-12T20:19:10.811840Z[0m [34mDEBUG[0m [2mmercury::engine::detector[0m[2m:[0m No arb pairs registered for market — skipping detection [3mmarket_id[0m[2m=[0m189bf673-b643-45a5-be39-c4a3275d71a0
[2m2026-04-12T20:19:10.812046Z[0m [34mDEBUG[0m [2mmercury::engine::market_actor[0m[2m:[0m Tick received — running arb detection [3mmarket_id[0m[2m=[0m189bf673-b643-45a5-be39-c4a3275d71a0 [3mplatform[0m[2m=[0mPolymarket [3mbid[0m[2m=[0m0.42 [3mask[0m[2m=[0m0.43 [3mmid[0m[2m=[0m0.4250 [3mbid_size[0m[2m=[0m54.54 [3mask_size[0m[2m=[0m92.92
[2m2026-04-12T20:19:10.812209Z[0m [34mDEBUG[0m [2mmercury::engine::detector[0m[2m:[0m No arb pairs registered for market — skipping detection [3mmarket_id[0m[2m=[0m189bf673-b643-45a5-be39-c4a3275d71a0
[2m2026-04-12T20:19:10.812344Z[0m [34mDEBUG[0m [2mmercury::engine::market_actor[0m[2m:[0m Tick received — running arb detection [3mmarket_id[0m[2m=[0m189bf673-b643-45a5-be39-c4a3275d71a0 [3mplatform[0m[2m=[0mPolymarket [3mbid[0m[2m=[0m0.42 [3mask[0m[2m=[0m0.43 [3mmid[0m[2m=[0m0.4250 [3mbid_size[0m[2m=[0m54.54 [3mask_size[0m[2m=[0m92.92
[2m2026-04-12T20:19:10.812505Z[0m [34mDEBUG[0m [2mmercury::engine::detector[0m[2m:[0m No arb pairs registered for market — skipping detection [3mmarket_id[0m[2m=[0m189bf673-b643-45a5-be39-c4a3275d71a0
[2m2026-04-12T20:19:10.827294Z[0m [34mDEBUG[0m [2mmercury::feeds::polymarket[0m[2m:[0m Unknown Polymarket event type [3mevent_type[0m[2m=[0mbest_bid_ask
[2m2026-04-12T20:19:10.827887Z[0m [34mDEBUG[0m [2mmercury::engine::market_actor[0m[2m:[0m Tick received — running arb detection [3mmarket_id[0m[2m=[0m2285bae6-253b-4085-b0d1-0af34b5530b6 [3mplatform[0m[2m=[0mPolymarket [3mbid[0m[2m=[0m0.44 [3mask[0m[2m=[0m0.45 [3mmid[0m[2m=[0m0.4450 [3mbid_size[0m[2m=[0m55 [3mask_size[0m[2m=[0m4.46
[2m2026-04-12T20:19:10.828089Z[0m [34mDEBUG[0m [2mmercury::engine::detector[0m[2m:[0m No arb pairs registered for market — skipping detection [3mmarket_id[0m[2m=[0m2285bae6-253b-4085-b0d1-0af34b5530b6
[2m2026-04-12T20:19:10.828443Z[0m [34mDEBUG[0m [2mmercury::engine::market_actor[0m[2m:[0m Tick received — running arb detection [3mmarket_id[0m[2m=[0m2285bae6-253b-4085-b0d1-0af34b5530b6 [3mplatform[0m[2m=[0mPolymarket [3mbid[0m[2m=[0m0.44 [3mask[0m[2m=[0m0.45 [3mmid[0m[2m=[0m0.4450 [3mbid_size[0m[2m=[0m55 [3mask_size[0m[2m=[0m4.46
[2m2026-04-12T20:19:10.828622Z[0m [34mDEBUG[0m [2mmercury::engine::detector[0m[2m:[0m No arb pairs registered for market — skipping detection [3mmarket_id[0m[2m=[0m2285bae6-253b-4085-b0d1-0af34b5530b6
[2m2026-04-12T20:19:10.875507Z[0m [34mDEBUG[0m [2mmercury::engine::market_actor[0m[2m:[0m Tick received — running arb detection [3mmarket_id[0m[2m=[0m2285bae6-253b-4085-b0d1-0af34b5530b6 [3mplatform[0m[2m=[0mPolymarket [3mbid[0m[2m=[0m0.44 [3mask[0m[2m=[0m0.45 [3mmid[0m[2m=[0m0.4450 [3mbid_size[0m[2m=[0m50 [3mask_size[0m[2m=[0m4.46
[2m2026-04-12T20:19:10.875710Z[0m [34mDEBUG[0m [2mmercury::engine::detector[0m[2m:[0m No arb pairs registered for market — skipping detection [3mmarket_id[0m[2m=[0m2285bae6-253b-4085-b0d1-0af34b5530b6
[2m2026-04-12T20:19:10.875689Z[0m [34mDEBUG[0m [2mmercury::engine::market_actor[0m[2m:[0m Tick received — running arb detection [3mmarket_id[0m[2m=[0mbc548cd4-ced9-48e8-b131-410c92fb3a0e [3mplatform[0m[2m=[0mPolymarket [3mbid[0m[2m=[0m0.37 [3mask[0m[2m=[0m0.4 [3mmid[0m[2m=[0m0.3850 [3mbid_size[0m[2m=[0m105.6 [3mask_size[0m[2m=[0m6.72
[2m2026-04-12T20:19:10.875900Z[0m [34mDEBUG[0m [2mmercury::engine::detector[0m[2m:[0m No arb pairs registered for market — skipping detection [3mmarket_id[0m[2m=[0mbc548cd4-ced9-48e8-b131-410c92fb3a0e
[2m2026-04-12T20:19:10.878439Z[0m [34mDEBUG[0m [2mmercury::engine::market_actor[0m[2m:[0m Tick received — running arb detection [3mmarket_id[0m[2m=[0m189bf673-b643-45a5-be39-c4a3275d71a0 [3mplatform[0m[2m=[0mPolymarket [3mbid[0m[2m=[0m0.42 [3mask[0m[2m=[0m0.43 [3mmid[0m[2m=[0m0.4250 [3mbid_size[0m[2m=[0m54.54 [3mask_size[0m[2m=[0m92.92
[2m2026-04-12T20:19:10.878692Z[0m [34mDEBUG[0m [2mmercury::engine::detector[0m[2m:[0m No arb pairs registered for market — skipping detection [3mmarket_id[0m[2m=[0m189bf673-b643-45a5-be39-c4a3275d71a0
[2m2026-04-12T20:19:10.914771Z[0m [34mDEBUG[0m [2mmercury::engine::market_actor[0m[2m:[0m Tick received — running arb detection [3mmarket_id[0m[2m=[0m189bf673-b643-45a5-be39-c4a3275d71a0 [3mplatform[0m[2m=[0mPolymarket [3mbid[0m[2m=[0m0.42 [3mask[0m[2m=[0m0.43 [3mmid[0m[2m=[0m0.4250 [3mbid_size[0m[2m=[0m54.54 [3mask_size[0m[2m=[0m92.92
[2m2026-04-12T20:19:10.915014Z[0m [34mDEBUG[0m [2mmercury::engine::detector[0m[2m:[0m No arb pairs registered for market — skipping detection [3mmarket_id[0m[2m=[0m189bf673-b643-45a5-be39-c4a3275d71a0
[2m2026-04-12T20:19:10.924310Z[0m [34mDEBUG[0m [2mmercury::engine::market_actor[0m[2m:[0m Tick received — running arb detection [3mmarket_id[0m[2m=[0m189bf673-b643-45a5-be39-c4a3275d71a0 [3mplatform[0m[2m=[0mPolymarket [3mbid[0m[2m=[0m0.42 [3mask[0m[2m=[0m0.43 [3mmid[0m[2m=[0m0.4250 [3mbid_size[0m[2m=[0m54.54 [3mask_size[0m[2m=[0m107.92
[2m2026-04-12T20:19:10.924633Z[0m [34mDEBUG[0m [2mmercury::engine::detector[0m[2m:[0m No arb pairs registered for market — skipping detection [3mmarket_id[0m[2m=[0m189bf673-b643-45a5-be39-c4a3275d71a0
[2m2026-04-12T20:19:10.980698Z[0m [34mDEBUG[0m [2mmercury::engine::market_actor[0m[2m:[0m Tick received — running arb detection [3mmarket_id[0m[2m=[0m189bf673-b643-45a5-be39-c4a3275d71a0 [3mplatform[0m[2m=[0mPolymarket [3mbid[0m[2m=[0m0.42 [3mask[0m[2m=[0m0.43 [3mmid[0m[2m=[0m0.4250 [3mbid_size[0m[2m=[0m152.54 [3mask_size[0m[2m=[0m107.92
[2m2026-04-12T20:19:10.980954Z[0m [34mDEBUG[0m [2mmercury::engine::detector[0m[2m:[0m No arb pairs registered for market — skipping detection [3mmarket_id[0m[2m=[0m189bf673-b643-45a5-be39-c4a3275d71a0
[2m2026-04-12T20:19:10.981082Z[0m [34mDEBUG[0m [2mmercury::engine::market_actor[0m[2m:[0m Tick received — running arb detection [3mmarket_id[0m[2m=[0m189bf673-b643-45a5-be39-c4a3275d71a0 [3mplatform[0m[2m=[0mPolymarket [3mbid[0m[2m=[0m0.42 [3mask[0m[2m=[0m0.43 [3mmid[0m[2m=[0m0.4250 [3mbid_size[0m[2m=[0m152.54 [3mask_size[0m[2m=[0m107.92
[2m2026-04-12T20:19:10.981245Z[0m [34mDEBUG[0m [2mmercury::engine::detector[0m[2m:[0m No arb pairs registered for market — skipping detection [3mmarket_id[0m[2m=[0m189bf673-b643-45a5-be39-c4a3275d71a0
[2m2026-04-12T20:19:10.981269Z[0m [34mDEBUG[0m [2mmercury::engine::market_actor[0m[2m:[0m Tick received — running arb detection [3mmarket_id[0m[2m=[0m2285bae6-253b-4085-b0d1-0af34b5530b6 [3mplatform[0m[2m=[0mPolymarket [3mbid[0m[2m=[0m0.44 [3mask[0m[2m=[0m0.45 [3mmid[0m[2m=[0m0.4450 [3mbid_size[0m[2m=[0m50 [3mask_size[0m[2m=[0m4.46
[2m2026-04-12T20:19:10.981335Z[0m [34mDEBUG[0m [2mmercury::engine::market_actor[0m[2m:[0m Tick received — running arb detection [3mmarket_id[0m[2m=[0mbc548cd4-ced9-48e8-b131-410c92fb3a0e [3mplatform[0m[2m=[0mPolymarket [3mbid[0m[2m=[0m0.37 [3mask[0m[2m=[0m0.4 [3mmid[0m[2m=[0m0.3850 [3mbid_size[0m[2m=[0m105.6 [3mask_size[0m[2m=[0m6.72
[2m2026-04-12T20:19:10.981364Z[0m [34mDEBUG[0m [2mmercury::engine::market_actor[0m[2m:[0m Tick received — running arb detection [3mmarket_id[0m[2m=[0m189bf673-b643-45a5-be39-c4a3275d71a0 [3mplatform[0m[2m=[0mPolymarket [3mbid[0m[2m=[0m0.42 [3mask[0m[2m=[0m0.43 [3mmid[0m[2m=[0m0.4250 [3mbid_size[0m[2m=[0m152.54 [3mask_size[0m[2m=[0m107.92
[2m2026-04-12T20:19:10.981460Z[0m [34mDEBUG[0m [2mmercury::engine::detector[0m[2m:[0m No arb pairs registered for market — skipping detection [3mmarket_id[0m[2m=[0m2285bae6-253b-4085-b0d1-0af34b5530b6
[2m2026-04-12T20:19:10.981591Z[0m [34mDEBUG[0m [2mmercury::engine::market_actor[0m[2m:[0m Tick received — running arb detection [3mmarket_id[0m[2m=[0m2285bae6-253b-4085-b0d1-0af34b5530b6 [3mplatform[0m[2m=[0mPolymarket [3mbid[0m[2m=[0m0.44 [3mask[0m[2m=[0m0.45 [3mmid[0m[2m=[0m0.4450 [3mbid_size[0m[2m=[0m50 [3mask_size[0m[2m=[0m4.46
[2m2026-04-12T20:19:10.981611Z[0m [34mDEBUG[0m [2mmercury::engine::detector[0m[2m:[0m No arb pairs registered for market — skipping detection [3mmarket_id[0m[2m=[0mbc548cd4-ced9-48e8-b131-410c92fb3a0e
[2m2026-04-12T20:19:10.981841Z[0m [34mDEBUG[0m [2mmercury::engine::detector[0m[2m:[0m No arb pairs registered for market — skipping detection [3mmarket_id[0m[2m=[0m189bf673-b643-45a5-be39-c4a3275d71a0
[2m2026-04-12T20:19:10.981860Z[0m [34mDEBUG[0m [2mmercury::engine::market_actor[0m[2m:[0m Tick received — running arb detection [3mmarket_id[0m[2m=[0m39a28b31-a7f7-4e16-b2f1-1e1948be289c [3mplatform[0m[2m=[0mPolymarket [3mbid[0m[2m=[0m0.39 [3mask[0m[2m=[0m0.4 [3mmid[0m[2m=[0m0.3950 [3mbid_size[0m[2m=[0m68.56 [3mask_size[0m[2m=[0m5
[2m2026-04-12T20:19:10.982003Z[0m [34mDEBUG[0m [2mmercury::engine::market_actor[0m[2m:[0m Tick received — running arb detection [3mmarket_id[0m[2m=[0m189bf673-b643-45a5-be39-c4a3275d71a0 [3mplatform[0m[2m=[0mPolymarket [3mbid[0m[2m=[0m0.42 [3mask[0m[2m=[0m0.43 [3mmid[0m[2m=[0m0.4250 [3mbid_size[0m[2m=[0m152.54 [3mask_size[0m[2m=[0m107.92
[2m2026-04-12T20:19:10.982033Z[0m [34mDEBUG[0m [2mmercury::engine::detector[0m[2m:[0m No arb pairs registered for market — skipping detection [3mmarket_id[0m[2m=[0m2285bae6-253b-4085-b0d1-0af34b5530b6
[2m2026-04-12T20:19:10.982172Z[0m [34mDEBUG[0m [2mmercury::engine::market_actor[0m[2m:[0m Tick received — running arb detection [3mmarket_id[0m[2m=[0mbc548cd4-ced9-48e8-b131-410c92fb3a0e [3mplatform[0m[2m=[0mPolymarket [3mbid[0m[2m=[0m0.37 [3mask[0m[2m=[0m0.4 [3mmid[0m[2m=[0m0.3850 [3mbid_size[0m[2m=[0m105.6 [3mask_size[0m[2m=[0m6.72
[2m2026-04-12T20:19:10.982219Z[0m [34mDEBUG[0m [2mmercury::engine::market_actor[0m[2m:[0m Tick received — running arb detection [3mmarket_id[0m[2m=[0m2285bae6-253b-4085-b0d1-0af34b5530b6 [3mplatform[0m[2m=[0mPolymarket [3mbid[0m[2m=[0m0.44 [3mask[0m[2m=[0m0.45 [3mmid[0m[2m=[0m0.4450 [3mbid_size[0m[2m=[0m50 [3mask_size[0m[2m=[0m4.46
[2m2026-04-12T20:19:10.982209Z[0m [34mDEBUG[0m [2mmercury::engine::detector[0m[2m:[0m No arb pairs registered for market — skipping detection [3mmarket_id[0m[2m=[0m39a28b31-a7f7-4e16-b2f1-1e1948be289c
[2m2026-04-12T20:19:10.982443Z[0m [34mDEBUG[0m [2mmercury::engine::market_actor[0m[2m:[0m Tick received — running arb detection [3mmarket_id[0m[2m=[0m39a28b31-a7f7-4e16-b2f1-1e1948be289c [3mplatform[0m[2m=[0mPolymarket [3mbid[0m[2m=[0m0.39 [3mask[0m[2m=[0m0.4 [3mmid[0m[2m=[0m0.3950 [3mbid_size[0m[2m=[0m68.56 [3mask_size[0m[2m=[0m5
[2m2026-04-12T20:19:10.982493Z[0m [34mDEBUG[0m [2mmercury::engine::detector[0m[2m:[0m No arb pairs registered for market — skipping detection [3mmarket_id[0m[2m=[0mbc548cd4-ced9-48e8-b131-410c92fb3a0e
[2m2026-04-12T20:19:10.982524Z[0m [34mDEBUG[0m [2mmercury::engine::detector[0m[2m:[0m No arb pairs registered for market — skipping detection [3mmarket_id[0m[2m=[0m189bf673-b643-45a5-be39-c4a3275d71a0
[2m2026-04-12T20:19:10.982655Z[0m [34mDEBUG[0m [2mmercury::engine::market_actor[0m[2m:[0m Tick received — running arb detection [3mmarket_id[0m[2m=[0mbc548cd4-ced9-48e8-b131-410c92fb3a0e [3mplatform[0m[2m=[0mPolymarket [3mbid[0m[2m=[0m0.37 [3mask[0m[2m=[0m0.4 [3mmid[0m[2m=[0m0.3850 [3mbid_size[0m[2m=[0m105.6 [3mask_size[0m[2m=[0m6.72
[2m2026-04-12T20:19:10.982705Z[0m [34mDEBUG[0m [2mmercury::engine::detector[0m[2m:[0m No arb pairs registered for market — skipping detection [3mmarket_id[0m[2m=[0m2285bae6-253b-4085-b0d1-0af34b5530b6
[2m2026-04-12T20:19:10.982688Z[0m [34mDEBUG[0m [2mmercury::engine::market_actor[0m[2m:[0m Tick received — running arb detection [3mmarket_id[0m[2m=[0m189bf673-b643-45a5-be39-c4a3275d71a0 [3mplatform[0m[2m=[0mPolymarket [3mbid[0m[2m=[0m0.42 [3mask[0m[2m=[0m0.43 [3mmid[0m[2m=[0m0.4250 [3mbid_size[0m[2m=[0m152.54 [3mask_size[0m[2m=[0m107.92
[2m2026-04-12T20:19:10.982885Z[0m [34mDEBUG[0m [2mmercury::engine::detector[0m[2m:[0m No arb pairs registered for market — skipping detection [3mmarket_id[0m[2m=[0m39a28b31-a7f7-4e16-b2f1-1e1948be289c
[2m2026-04-12T20:19:10.983067Z[0m [34mDEBUG[0m [2mmercury::engine::detector[0m[2m:[0m No arb pairs registered for market — skipping detection [3mmarket_id[0m[2m=[0m189bf673-b643-45a5-be39-c4a3275d71a0
[2m2026-04-12T20:19:10.983203Z[0m [34mDEBUG[0m [2mmercury::engine::market_actor[0m[2m:[0m Tick received — running arb detection [3mmarket_id[0m[2m=[0m189bf673-b643-45a5-be39-c4a3275d71a0 [3mplatform[0m[2m=[0mPolymarket [3mbid[0m[2m=[0m0.42 [3mask[0m[2m=[0m0.43 [3mmid[0m[2m=[0m0.4250 [3mbid_size[0m[2m=[0m152.54 [3mask_size[0m[2m=[0m107.92
[2m2026-04-12T20:19:10.983224Z[0m [34mDEBUG[0m [2mmercury::engine::detector[0m[2m:[0m No arb pairs registered for market — skipping detection [3mmarket_id[0m[2m=[0mbc548cd4-ced9-48e8-b131-410c92fb3a0e
[2m2026-04-12T20:19:10.983383Z[0m [34mDEBUG[0m [2mmercury::engine::detector[0m[2m:[0m No arb pairs registered for market — skipping detection [3mmarket_id[0m[2m=[0m189bf673-b643-45a5-be39-c4a3275d71a0
[2m2026-04-12T20:19:10.983506Z[0m [34mDEBUG[0m [2mmercury::engine::market_actor[0m[2m:[0m Tick received — running arb detection [3mmarket_id[0m[2m=[0m189bf673-b643-45a5-be39-c4a3275d71a0 [3mplatform[0m[2m=[0mPolymarket [3mbid[0m[2m=[0m0.42 [3mask[0m[2m=[0m0.43 [3mmid[0m[2m=[0m0.4250 [3mbid_size[0m[2m=[0m157.54 [3mask_size[0m[2m=[0m107.92
[2m2026-04-12T20:19:10.983635Z[0m [34mDEBUG[0m [2mmercury::engine::detector[0m[2m:[0m No arb pairs registered for market — skipping detection [3mmarket_id[0m[2m=[0m189bf673-b643-45a5-be39-c4a3275d71a0
[2m2026-04-12T20:19:10.983725Z[0m [34mDEBUG[0m [2mmercury::engine::market_actor[0m[2m:[0m Tick received — running arb detection [3mmarket_id[0m[2m=[0m189bf673-b643-45a5-be39-c4a3275d71a0 [3mplatform[0m[2m=[0mPolymarket [3mbid[0m[2m=[0m0.42 [3mask[0m[2m=[0m0.43 [3mmid[0m[2m=[0m0.4250 [3mbid_size[0m[2m=[0m157.54 [3mask_size[0m[2m=[0m107.92
[2m2026-04-12T20:19:10.983847Z[0m [34mDEBUG[0m [2mmercury::engine::detector[0m[2m:[0m No arb pairs registered for market — skipping detection [3mmarket_id[0m[2m=[0m189bf673-b643-45a5-be39-c4a3275d71a0
[2m2026-04-12T20:19:10.983934Z[0m [34mDEBUG[0m [2mmercury::engine::market_actor[0m[2m:[0m Tick received — running arb detection [3mmarket_id[0m[2m=[0m189bf673-b643-45a5-be39-c4a3275d71a0 [3mplatform[0m[2m=[0mPolymarket [3mbid[0m[2m=[0m0.42 [3mask[0m[2m=[0m0.43 [3mmid[0m[2m=[0m0.4250 [3mbid_size[0m[2m=[0m157.54 [3mask_size[0m[2m=[0m107.92
[2m2026-04-12T20:19:10.984055Z[0m [34mDEBUG[0m [2mmercury::engine::detector[0m[2m:[0m No arb pairs registered for market — skipping detection [3mmarket_id[0m[2m=[0m189bf673-b643-45a5-be39-c4a3275d71a0
[2m2026-04-12T20:19:11.026124Z[0m [34mDEBUG[0m [2mmercury::engine::market_actor[0m[2m:[0m Tick received — running arb detection [3mmarket_id[0m[2m=[0m189bf673-b643-45a5-be39-c4a3275d71a0 [3mplatform[0m[2m=[0mPolymarket [3mbid[0m[2m=[0m0.42 [3mask[0m[2m=[0m0.43 [3mmid[0m[2m=[0m0.4250 [3mbid_size[0m[2m=[0m157.54 [3mask_size[0m[2m=[0m107.92
[2m2026-04-12T20:19:11.026380Z[0m [34mDEBUG[0m [2mmercury::engine::detector[0m[2m:[0m No arb pairs registered for market — skipping detection [3mmarket_id[0m[2m=[0m189bf673-b643-45a5-be39-c4a3275d71a0
[2m2026-04-12T20:19:11.079576Z[0m [34mDEBUG[0m [2mmercury::engine::market_actor[0m[2m:[0m Tick received — running arb detection [3mmarket_id[0m[2m=[0m189bf673-b643-45a5-be39-c4a3275d71a0 [3mplatform[0m[2m=[0mPolymarket [3mbid[0m[2m=[0m0.42 [3mask[0m[2m=[0m0.43 [3mmid[0m[2m=[0m0.4250 [3mbid_size[0m[2m=[0m157.54 [3mask_size[0m[2m=[0m107.92
[2m2026-04-12T20:19:11.079656Z[0m [34mDEBUG[0m [2mmercury::engine::market_actor[0m[2m:[0m Tick received — running arb detection [3mmarket_id[0m[2m=[0mbc548cd4-ced9-48e8-b131-410c92fb3a0e [3mplatform[0m[2m=[0mPolymarket [3mbid[0m[2m=[0m0.37 [3mask[0m[2m=[0m0.4 [3mmid[0m[2m=[0m0.3850 [3mbid_size[0m[2m=[0m105.6 [3mask_size[0m[2m=[0m6.72
[2m2026-04-12T20:19:11.079872Z[0m [34mDEBUG[0m [2mmercury::engine::detector[0m[2m:[0m No arb pairs registered for market — skipping detection [3mmarket_id[0m[2m=[0m189bf673-b643-45a5-be39-c4a3275d71a0
[2m2026-04-12T20:19:11.079852Z[0m [34mDEBUG[0m [2mmercury::engine::market_actor[0m[2m:[0m Tick received — running arb detection [3mmarket_id[0m[2m=[0m2285bae6-253b-4085-b0d1-0af34b5530b6 [3mplatform[0m[2m=[0mPolymarket [3mbid[0m[2m=[0m0.44 [3mask[0m[2m=[0m0.45 [3mmid[0m[2m=[0m0.4450 [3mbid_size[0m[2m=[0m50 [3mask_size[0m[2m=[0m4.46
[2m2026-04-12T20:19:11.080012Z[0m [34mDEBUG[0m [2mmercury::engine::detector[0m[2m:[0m No arb pairs registered for market — skipping detection [3mmarket_id[0m[2m=[0mbc548cd4-ced9-48e8-b131-410c92fb3a0e
[2m2026-04-12T20:19:11.080030Z[0m [34mDEBUG[0m [2mmercury::engine::market_actor[0m[2m:[0m Tick received — running arb detection [3mmarket_id[0m[2m=[0m39a28b31-a7f7-4e16-b2f1-1e1948be289c [3mplatform[0m[2m=[0mPolymarket [3mbid[0m[2m=[0m0.39 [3mask[0m[2m=[0m0.4 [3mmid[0m[2m=[0m0.3950 [3mbid_size[0m[2m=[0m68.56 [3mask_size[0m[2m=[0m5
[2m2026-04-12T20:19:11.080180Z[0m [34mDEBUG[0m [2mmercury::engine::market_actor[0m[2m:[0m Tick received — running arb detection [3mmarket_id[0m[2m=[0mbc548cd4-ced9-48e8-b131-410c92fb3a0e [3mplatform[0m[2m=[0mPolymarket [3mbid[0m[2m=[0m0.37 [3mask[0m[2m=[0m0.4 [3mmid[0m[2m=[0m0.3850 [3mbid_size[0m[2m=[0m105.6 [3mask_size[0m[2m=[0m6.72
[2m2026-04-12T20:19:11.080209Z[0m [34mDEBUG[0m [2mmercury::engine::detector[0m[2m:[0m No arb pairs registered for market — skipping detection [3mmarket_id[0m[2m=[0m2285bae6-253b-4085-b0d1-0af34b5530b6
[2m2026-04-12T20:19:11.080257Z[0m [34mDEBUG[0m [2mmercury::engine::market_actor[0m[2m:[0m Tick received — running arb detection [3mmarket_id[0m[2m=[0m189bf673-b643-45a5-be39-c4a3275d71a0 [3mplatform[0m[2m=[0mPolymarket [3mbid[0m[2m=[0m0.42 [3mask[0m[2m=[0m0.43 [3mmid[0m[2m=[0m0.4250 [3mbid_size[0m[2m=[0m157.54 [3mask_size[0m[2m=[0m107.92
[2m2026-04-12T20:19:11.080402Z[0m [34mDEBUG[0m [2mmercury::engine::detector[0m[2m:[0m No arb pairs registered for market — skipping detection [3mmarket_id[0m[2m=[0m39a28b31-a7f7-4e16-b2f1-1e1948be289c
[2m2026-04-12T20:19:11.080403Z[0m [34mDEBUG[0m [2mmercury::engine::market_actor[0m[2m:[0m Tick received — running arb detection [3mmarket_id[0m[2m=[0m2285bae6-253b-4085-b0d1-0af34b5530b6 [3mplatform[0m[2m=[0mPolymarket [3mbid[0m[2m=[0m0.44 [3mask[0m[2m=[0m0.45 [3mmid[0m[2m=[0m0.4450 [3mbid_size[0m[2m=[0m50 [3mask_size[0m[2m=[0m4.46
[2m2026-04-12T20:19:11.080576Z[0m [34mDEBUG[0m [2mmercury::engine::market_actor[0m[2m:[0m Tick received — running arb detection [3mmarket_id[0m[2m=[0m39a28b31-a7f7-4e16-b2f1-1e1948be289c [3mplatform[0m[2m=[0mPolymarket [3mbid[0m[2m=[0m0.39 [3mask[0m[2m=[0m0.4 [3mmid[0m[2m=[0m0.3950 [3mbid_size[0m[2m=[0m68.56 [3mask_size[0m[2m=[0m5
[2m2026-04-12T20:19:11.080625Z[0m [34mDEBUG[0m [2mmercury::engine::detector[0m[2m:[0m No arb pairs registered for market — skipping detection [3mmarket_id[0m[2m=[0m189bf673-b643-45a5-be39-c4a3275d71a0
[2m2026-04-12T20:19:11.080642Z[0m [34mDEBUG[0m [2mmercury::engine::detector[0m[2m:[0m No arb pairs registered for market — skipping detection [3mmarket_id[0m[2m=[0m2285bae6-253b-4085-b0d1-0af34b5530b6
[2m2026-04-12T20:19:11.080765Z[0m [34mDEBUG[0m [2mmercury::engine::market_actor[0m[2m:[0m Tick received — running arb detection [3mmarket_id[0m[2m=[0m189bf673-b643-45a5-be39-c4a3275d71a0 [3mplatform[0m[2m=[0mPolymarket [3mbid[0m[2m=[0m0.42 [3mask[0m[2m=[0m0.43 [3mmid[0m[2m=[0m0.4250 [3mbid_size[0m[2m=[0m157.54 [3mask_size[0m[2m=[0m107.92
[2m2026-04-12T20:19:11.080798Z[0m [34mDEBUG[0m [2mmercury::engine::detector[0m[2m:[0m No arb pairs registered for market — skipping detection [3mmarket_id[0m[2m=[0m39a28b31-a7f7-4e16-b2f1-1e1948be289c
[2m2026-04-12T20:19:11.080971Z[0m [34mDEBUG[0m [2mmercury::engine::detector[0m[2m:[0m No arb pairs registered for market — skipping detection [3mmarket_id[0m[2m=[0mbc548cd4-ced9-48e8-b131-410c92fb3a0e
[2m2026-04-12T20:19:11.081137Z[0m [34mDEBUG[0m [2mmercury::engine::detector[0m[2m:[0m No arb pairs registered for market — skipping detection [3mmarket_id[0m[2m=[0m189bf673-b643-45a5-be39-c4a3275d71a0
[2m2026-04-12T20:19:11.081295Z[0m [34mDEBUG[0m [2mmercury::engine::market_actor[0m[2m:[0m Tick received — running arb detection [3mmarket_id[0m[2m=[0m189bf673-b643-45a5-be39-c4a3275d71a0 [3mplatform[0m[2m=[0mPolymarket [3mbid[0m[2m=[0m0.42 [3mask[0m[2m=[0m0.43 [3mmid[0m[2m=[0m0.4250 [3mbid_size[0m[2m=[0m157.54 [3mask_size[0m[2m=[0m107.92
[2m2026-04-12T20:19:11.081469Z[0m [34mDEBUG[0m [2mmercury::engine::detector[0m[2m:[0m No arb pairs registered for market — skipping detection [3mmarket_id[0m[2m=[0m189bf673-b643-45a5-be39-c4a3275d71a0
[2m2026-04-12T20:19:11.088185Z[0m [34mDEBUG[0m [2mmercury::feeds::polymarket[0m[2m:[0m Unknown Polymarket event type [3mevent_type[0m[2m=[0mbest_bid_ask
[2m2026-04-12T20:19:11.088590Z[0m [33m WARN[0m [2mmercury::engine::order_book[0m[2m:[0m POST-CONDITION WARNING: crossed book after tick
[2m2026-04-12T20:19:11.088665Z[0m [34mDEBUG[0m [2mmercury::engine::market_actor[0m[2m:[0m Tick received — running arb detection [3mmarket_id[0m[2m=[0m39a28b31-a7f7-4e16-b2f1-1e1948be289c [3mplatform[0m[2m=[0mPolymarket [3mbid[0m[2m=[0m0.4 [3mask[0m[2m=[0m0.4 [3mmid[0m[2m=[0m0.4 [3mbid_size[0m[2m=[0m5.37 [3mask_size[0m[2m=[0m5
[2m2026-04-12T20:19:11.088777Z[0m [34mDEBUG[0m [2mmercury::engine::detector[0m[2m:[0m No arb pairs registered for market — skipping detection [3mmarket_id[0m[2m=[0m39a28b31-a7f7-4e16-b2f1-1e1948be289c
[2m2026-04-12T20:19:11.088866Z[0m [34mDEBUG[0m [2mmercury::engine::market_actor[0m[2m:[0m Tick received — running arb detection [3mmarket_id[0m[2m=[0m39a28b31-a7f7-4e16-b2f1-1e1948be289c [3mplatform[0m[2m=[0mPolymarket [3mbid[0m[2m=[0m0.4 [3mask[0m[2m=[0m0.43 [3mmid[0m[2m=[0m0.4150 [3mbid_size[0m[2m=[0m5.37 [3mask_size[0m[2m=[0m54.55
[2m2026-04-12T20:19:11.088974Z[0m [34mDEBUG[0m [2mmercury::engine::detector[0m[2m:[0m No arb pairs registered for market — skipping detection [3mmarket_id[0m[2m=[0m39a28b31-a7f7-4e16-b2f1-1e1948be289c
[2m2026-04-12T20:19:11.089059Z[0m [34mDEBUG[0m [2mmercury::engine::market_actor[0m[2m:[0m Tick received — running arb detection [3mmarket_id[0m[2m=[0m39a28b31-a7f7-4e16-b2f1-1e1948be289c [3mplatform[0m[2m=[0mPolymarket [3mbid[0m[2m=[0m0.4 [3mask[0m[2m=[0m0.43 [3mmid[0m[2m=[0m0.4150 [3mbid_size[0m[2m=[0m5.37 [3mask_size[0m[2m=[0m54.55
[2m2026-04-12T20:19:11.089163Z[0m [34mDEBUG[0m [2mmercury::engine::detector[0m[2m:[0m No arb pairs registered for market — skipping detection [3mmarket_id[0m[2m=[0m39a28b31-a7f7-4e16-b2f1-1e1948be289c
[2m2026-04-12T20:19:11.110378Z[0m [34mDEBUG[0m [2mmercury::engine::market_actor[0m[2m:[0m Tick received — running arb detection [3mmarket_id[0m[2m=[0m39a28b31-a7f7-4e16-b2f1-1e1948be289c [3mplatform[0m[2m=[0mPolymarket [3mbid[0m[2m=[0m0.4 [3mask[0m[2m=[0m0.43 [3mmid[0m[2m=[0m0.4150 [3mbid_size[0m[2m=[0m5.37 [3mask_size[0m[2m=[0m54.55
[2m2026-04-12T20:19:11.110628Z[0m [34mDEBUG[0m [2mmercury::engine::detector[0m[2m:[0m No arb pairs registered for market — skipping detection [3mmarket_id[0m[2m=[0m39a28b31-a7f7-4e16-b2f1-1e1948be289c
[2m2026-04-12T20:19:11.115679Z[0m [34mDEBUG[0m [2mmercury::engine::market_actor[0m[2m:[0m Tick received — running arb detection [3mmarket_id[0m[2m=[0m39a28b31-a7f7-4e16-b2f1-1e1948be289c [3mplatform[0m[2m=[0mPolymarket [3mbid[0m[2m=[0m0.4 [3mask[0m[2m=[0m0.43 [3mmid[0m[2m=[0m0.4150 [3mbid_size[0m[2m=[0m5.37 [3mask_size[0m[2m=[0m54.55
[2m2026-04-12T20:19:11.115918Z[0m [34mDEBUG[0m [2mmercury::engine::detector[0m[2m:[0m No arb pairs registered for market — skipping detection [3mmarket_id[0m[2m=[0m39a28b31-a7f7-4e16-b2f1-1e1948be289c
[2m2026-04-12T20:19:11.135453Z[0m [34mDEBUG[0m [2mmercury::engine::market_actor[0m[2m:[0m Tick received — running arb detection [3mmarket_id[0m[2m=[0mbc548cd4-ced9-48e8-b131-410c92fb3a0e [3mplatform[0m[2m=[0mPolymarket [3mbid[0m[2m=[0m0.37 [3mask[0m[2m=[0m0.4 [3mmid[0m[2m=[0m0.3850 [3mbid_size[0m[2m=[0m105.6 [3mask_size[0m[2m=[0m6.72
[2m2026-04-12T20:19:11.135717Z[0m [34mDEBUG[0m [2mmercury::engine::detector[0m[2m:[0m No arb pairs registered for market — skipping detection [3mmarket_id[0m[2m=[0mbc548cd4-ced9-48e8-b131-410c92fb3a0e
[2m2026-04-12T20:19:11.140113Z[0m [34mDEBUG[0m [2mmercury::engine::market_actor[0m[2m:[0m Tick received — running arb detection [3mmarket_id[0m[2m=[0mbc548cd4-ced9-48e8-b131-410c92fb3a0e [3mplatform[0m[2m=[0mPolymarket [3mbid[0m[2m=[0m0.37 [3mask[0m[2m=[0m0.4 [3mmid[0m[2m=[0m0.3850 [3mbid_size[0m[2m=[0m105.6 [3mask_size[0m[2m=[0m6.72
[2m2026-04-12T20:19:11.140371Z[0m [34mDEBUG[0m [2mmercury::engine::detector[0m[2m:[0m No arb pairs registered for market — skipping detection [3mmarket_id[0m[2m=[0mbc548cd4-ced9-48e8-b131-410c92fb3a0e
[2m2026-04-12T20:19:11.140501Z[0m [34mDEBUG[0m [2mmercury::engine::market_actor[0m[2m:[0m Tick received — running arb detection [3mmarket_id[0m[2m=[0mbc548cd4-ced9-48e8-b131-410c92fb3a0e [3mplatform[0m[2m=[0mPolymarket [3mbid[0m[2m=[0m0.37 [3mask[0m[2m=[0m0.4 [3mmid[0m[2m=[0m0.3850 [3mbid_size[0m[2m=[0m105.6 [3mask_size[0m[2m=[0m6.72
[2m2026-04-12T20:19:11.140654Z[0m [34mDEBUG[0m [2mmercury::engine::detector[0m[2m:[0m No arb pairs registered for market — skipping detection [3mmarket_id[0m[2m=[0mbc548cd4-ced9-48e8-b131-410c92fb3a0e
[2m2026-04-12T20:19:11.140771Z[0m [34mDEBUG[0m [2mmercury::engine::market_actor[0m[2m:[0m Tick received — running arb detection [3mmarket_id[0m[2m=[0mbc548cd4-ced9-48e8-b131-410c92fb3a0e [3mplatform[0m[2m=[0mPolymarket [3mbid[0m[2m=[0m0.37 [3mask[0m[2m=[0m0.4 [3mmid[0m[2m=[0m0.3850 [3mbid_size[0m[2m=[0m105.6 [3mask_size[0m[2m=[0m6.72
[2m2026-04-12T20:19:11.140923Z[0m [34mDEBUG[0m [2mmercury::engine::detector[0m[2m:[0m No arb pairs registered for market — skipping detection [3mmarket_id[0m[2m=[0mbc548cd4-ced9-48e8-b131-410c92fb3a0e
[2m2026-04-12T20:19:11.181240Z[0m [34mDEBUG[0m [2mmercury::engine::market_actor[0m[2m:[0m Tick received — running arb detection [3mmarket_id[0m[2m=[0mbc548cd4-ced9-48e8-b131-410c92fb3a0e [3mplatform[0m[2m=[0mPolymarket [3mbid[0m[2m=[0m0.37 [3mask[0m[2m=[0m0.4 [3mmid[0m[2m=[0m0.3850 [3mbid_size[0m[2m=[0m105.6 [3mask_size[0m[2m=[0m6.72
[2m2026-04-12T20:19:11.181415Z[0m [34mDEBUG[0m [2mmercury::engine::detector[0m[2m:[0m No arb pairs registered for market — skipping detection [3mmarket_id[0m[2m=[0mbc548cd4-ced9-48e8-b131-410c92fb3a0e
[2m2026-04-12T20:19:11.181465Z[0m [34mDEBUG[0m [2mmercury::engine::market_actor[0m[2m:[0m Tick received — running arb detection [3mmarket_id[0m[2m=[0m189bf673-b643-45a5-be39-c4a3275d71a0 [3mplatform[0m[2m=[0mPolymarket [3mbid[0m[2m=[0m0.42 [3mask[0m[2m=[0m0.43 [3mmid[0m[2m=[0m0.4250 [3mbid_size[0m[2m=[0m157.54 [3mask_size[0m[2m=[0m107.92
[2m2026-04-12T20:19:11.181502Z[0m [34mDEBUG[0m [2mmercury::engine::market_actor[0m[2m:[0m Tick received — running arb detection [3mmarket_id[0m[2m=[0mbc548cd4-ced9-48e8-b131-410c92fb3a0e [3mplatform[0m[2m=[0mPolymarket [3mbid[0m[2m=[0m0.37 [3mask[0m[2m=[0m0.4 [3mmid[0m[2m=[0m0.3850 [3mbid_size[0m[2m=[0m5.6 [3mask_size[0m[2m=[0m6.72
[2m2026-04-12T20:19:11.181599Z[0m [34mDEBUG[0m [2mmercury::engine::detector[0m[2m:[0m No arb pairs registered for market — skipping detection [3mmarket_id[0m[2m=[0mbc548cd4-ced9-48e8-b131-410c92fb3a0e
[2m2026-04-12T20:19:11.181688Z[0m [34mDEBUG[0m [2mmercury::engine::detector[0m[2m:[0m No arb pairs registered for market — skipping detection [3mmarket_id[0m[2m=[0m189bf673-b643-45a5-be39-c4a3275d71a0
[2m2026-04-12T20:19:11.181683Z[0m [34mDEBUG[0m [2mmercury::engine::market_actor[0m[2m:[0m Tick received — running arb detection [3mmarket_id[0m[2m=[0mbc548cd4-ced9-48e8-b131-410c92fb3a0e [3mplatform[0m[2m=[0mPolymarket [3mbid[0m[2m=[0m0.37 [3mask[0m[2m=[0m0.4 [3mmid[0m[2m=[0m0.3850 [3mbid_size[0m[2m=[0m5.6 [3mask_size[0m[2m=[0m6.72
[2m2026-04-12T20:19:11.181802Z[0m [34mDEBUG[0m [2mmercury::engine::market_actor[0m[2m:[0m Tick received — running arb detection [3mmarket_id[0m[2m=[0m189bf673-b643-45a5-be39-c4a3275d71a0 [3mplatform[0m[2m=[0mPolymarket [3mbid[0m[2m=[0m0.42 [3mask[0m[2m=[0m0.43 [3mmid[0m[2m=[0m0.4250 [3mbid_size[0m[2m=[0m157.54 [3mask_size[0m[2m=[0m107.92
[2m2026-04-12T20:19:11.181816Z[0m [34mDEBUG[0m [2mmercury::engine::market_actor[0m[2m:[0m Tick received — running arb detection [3mmarket_id[0m[2m=[0m39a28b31-a7f7-4e16-b2f1-1e1948be289c [3mplatform[0m[2m=[0mPolymarket [3mbid[0m[2m=[0m0.4 [3mask[0m[2m=[0m0.43 [3mmid[0m[2m=[0m0.4150 [3mbid_size[0m[2m=[0m5.37 [3mask_size[0m[2m=[0m54.55
[2m2026-04-12T20:19:11.181861Z[0m [34mDEBUG[0m [2mmercury::engine::detector[0m[2m:[0m No arb pairs registered for market — skipping detection [3mmarket_id[0m[2m=[0mbc548cd4-ced9-48e8-b131-410c92fb3a0e
[2m2026-04-12T20:19:11.181988Z[0m [34mDEBUG[0m [2mmercury::engine::detector[0m[2m:[0m No arb pairs registered for market — skipping detection [3mmarket_id[0m[2m=[0m189bf673-b643-45a5-be39-c4a3275d71a0
[2m2026-04-12T20:19:11.181985Z[0m [34mDEBUG[0m [2mmercury::engine::market_actor[0m[2m:[0m Tick received — running arb detection [3mmarket_id[0m[2m=[0mbc548cd4-ced9-48e8-b131-410c92fb3a0e [3mplatform[0m[2m=[0mPolymarket [3mbid[0m[2m=[0m0.37 [3mask[0m[2m=[0m0.4 [3mmid[0m[2m=[0m0.3850 [3mbid_size[0m[2m=[0m5.6 [3mask_size[0m[2m=[0m6.72
[2m2026-04-12T20:19:11.182100Z[0m [34mDEBUG[0m [2mmercury::engine::market_actor[0m[2m:[0m Tick received — running arb detection [3mmarket_id[0m[2m=[0m189bf673-b643-45a5-be39-c4a3275d71a0 [3mplatform[0m[2m=[0mPolymarket [3mbid[0m[2m=[0m0.42 [3mask[0m[2m=[0m0.43 [3mmid[0m[2m=[0m0.4250 [3mbid_size[0m[2m=[0m157.54 [3mask_size[0m[2m=[0m107.92
[2m2026-04-12T20:19:11.182118Z[0m [34mDEBUG[0m [2mmercury::engine::detector[0m[2m:[0m No arb pairs registered for market — skipping detection [3mmarket_id[0m[2m=[0m39a28b31-a7f7-4e16-b2f1-1e1948be289c
[2m2026-04-12T20:19:11.182246Z[0m [34mDEBUG[0m [2mmercury::engine::market_actor[0m[2m:[0m Tick received — running arb detection [3mmarket_id[0m[2m=[0m39a28b31-a7f7-4e16-b2f1-1e1948be289c [3mplatform[0m[2m=[0mPolymarket [3mbid[0m[2m=[0m0.4 [3mask[0m[2m=[0m0.43 [3mmid[0m[2m=[0m0.4150 [3mbid_size[0m[2m=[0m5.37 [3mask_size[0m[2m=[0m54.55
[2m2026-04-12T20:19:11.182279Z[0m [34mDEBUG[0m [2mmercury::engine::detector[0m[2m:[0m No arb pairs registered for market — skipping detection [3mmarket_id[0m[2m=[0mbc548cd4-ced9-48e8-b131-410c92fb3a0e
[2m2026-04-12T20:19:11.182387Z[0m [34mDEBUG[0m [2mmercury::engine::detector[0m[2m:[0m No arb pairs registered for market — skipping detection [3mmarket_id[0m[2m=[0m189bf673-b643-45a5-be39-c4a3275d71a0
[2m2026-04-12T20:19:11.182523Z[0m [34mDEBUG[0m [2mmercury::engine::detector[0m[2m:[0m No arb pairs registered for market — skipping detection [3mmarket_id[0m[2m=[0m39a28b31-a7f7-4e16-b2f1-1e1948be289c
[2m2026-04-12T20:19:11.182629Z[0m [34mDEBUG[0m [2mmercury::engine::market_actor[0m[2m:[0m Tick received — running arb detection [3mmarket_id[0m[2m=[0m39a28b31-a7f7-4e16-b2f1-1e1948be289c [3mplatform[0m[2m=[0mPolymarket [3mbid[0m[2m=[0m0.4 [3mask[0m[2m=[0m0.43 [3mmid[0m[2m=[0m0.4150 [3mbid_size[0m[2m=[0m5.37 [3mask_size[0m[2m=[0m54.55
[2m2026-04-12T20:19:11.182735Z[0m [34mDEBUG[0m [2mmercury::engine::detector[0m[2m:[0m No arb pairs registered for market — skipping detection [3mmarket_id[0m[2m=[0m39a28b31-a7f7-4e16-b2f1-1e1948be289c
[2m2026-04-12T20:19:11.182812Z[0m [34mDEBUG[0m [2mmercury::engine::market_actor[0m[2m:[0m Tick received — running arb detection [3mmarket_id[0m[2m=[0m39a28b31-a7f7-4e16-b2f1-1e1948be289c [3mplatform[0m[2m=[0mPolymarket [3mbid[0m[2m=[0m0.4 [3mask[0m[2m=[0m0.43 [3mmid[0m[2m=[0m0.4150 [3mbid_size[0m[2m=[0m5.37 [3mask_size[0m[2m=[0m54.55
[2m2026-04-12T20:19:11.182917Z[0m [34mDEBUG[0m [2mmercury::engine::detector[0m[2m:[0m No arb pairs registered for market — skipping detection [3mmarket_id[0m[2m=[0m39a28b31-a7f7-4e16-b2f1-1e1948be289c
[2m2026-04-12T20:19:11.182998Z[0m [34mDEBUG[0m [2mmercury::engine::market_actor[0m[2m:[0m Tick received — running arb detection [3mmarket_id[0m[2m=[0m39a28b31-a7f7-4e16-b2f1-1e1948be289c [3mplatform[0m[2m=[0mPolymarket [3mbid[0m[2m=[0m0.4 [3mask[0m[2m=[0m0.43 [3mmid[0m[2m=[0m0.4150 [3mbid_size[0m[2m=[0m5.37 [3mask_size[0m[2m=[0m54.55
[2m2026-04-12T20:19:11.183100Z[0m [34mDEBUG[0m [2mmercury::engine::detector[0m[2m:[0m No arb pairs registered for market — skipping detection [3mmarket_id[0m[2m=[0m39a28b31-a7f7-4e16-b2f1-1e1948be289c
[2m2026-04-12T20:19:11.183176Z[0m [34mDEBUG[0m [2mmercury::engine::market_actor[0m[2m:[0m Tick received — running arb detection [3mmarket_id[0m[2m=[0m39a28b31-a7f7-4e16-b2f1-1e1948be289c [3mplatform[0m[2m=[0mPolymarket [3mbid[0m[2m=[0m0.4 [3mask[0m[2m=[0m0.43 [3mmid[0m[2m=[0m0.4150 [3mbid_size[0m[2m=[0m5.37 [3mask_size[0m[2m=[0m54.55
[2m2026-04-12T20:19:11.183276Z[0m [34mDEBUG[0m [2mmercury::engine::detector[0m[2m:[0m No arb pairs registered for market — skipping detection [3mmarket_id[0m[2m=[0m39a28b31-a7f7-4e16-b2f1-1e1948be289c
[2m2026-04-12T20:19:11.183265Z[0m [34mDEBUG[0m [2mmercury::engine::market_actor[0m[2m:[0m Tick received — running arb detection [3mmarket_id[0m[2m=[0mbc548cd4-ced9-48e8-b131-410c92fb3a0e [3mplatform[0m[2m=[0mPolymarket [3mbid[0m[2m=[0m0.37 [3mask[0m[2m=[0m0.4 [3mmid[0m[2m=[0m0.3850 [3mbid_size[0m[2m=[0m5.6 [3mask_size[0m[2m=[0m6.72
[2m2026-04-12T20:19:11.183362Z[0m [34mDEBUG[0m [2mmercury::engine::market_actor[0m[2m:[0m Tick received — running arb detection [3mmarket_id[0m[2m=[0m39a28b31-a7f7-4e16-b2f1-1e1948be289c [3mplatform[0m[2m=[0mPolymarket [3mbid[0m[2m=[0m0.4 [3mask[0m[2m=[0m0.43 [3mmid[0m[2m=[0m0.4150 [3mbid_size[0m[2m=[0m5.37 [3mask_size[0m[2m=[0m54.55
[2m2026-04-12T20:19:11.183391Z[0m [34mDEBUG[0m [2mmercury::engine::detector[0m[2m:[0m No arb pairs registered for market — skipping detection [3mmarket_id[0m[2m=[0mbc548cd4-ced9-48e8-b131-410c92fb3a0e
[2m2026-04-12T20:19:11.183498Z[0m [34mDEBUG[0m [2mmercury::engine::detector[0m[2m:[0m No arb pairs registered for market — skipping detection [3mmarket_id[0m[2m=[0m39a28b31-a7f7-4e16-b2f1-1e1948be289c
[2m2026-04-12T20:19:11.183600Z[0m [34mDEBUG[0m [2mmercury::engine::market_actor[0m[2m:[0m Tick received — running arb detection [3mmarket_id[0m[2m=[0m39a28b31-a7f7-4e16-b2f1-1e1948be289c [3mplatform[0m[2m=[0mPolymarket [3mbid[0m[2m=[0m0.4 [3mask[0m[2m=[0m0.43 [3mmid[0m[2m=[0m0.4150 [3mbid_size[0m[2m=[0m5.37 [3mask_size[0m[2m=[0m54.55
[2m2026-04-12T20:19:11.183708Z[0m [34mDEBUG[0m [2mmercury::engine::detector[0m[2m:[0m No arb pairs registered for market — skipping detection [3mmarket_id[0m[2m=[0m39a28b31-a7f7-4e16-b2f1-1e1948be289c
[2m2026-04-12T20:19:11.183791Z[0m [34mDEBUG[0m [2mmercury::engine::market_actor[0m[2m:[0m Tick received — running arb detection [3mmarket_id[0m[2m=[0m39a28b31-a7f7-4e16-b2f1-1e1948be289c [3mplatform[0m[2m=[0mPolymarket [3mbid[0m[2m=[0m0.4 [3mask[0m[2m=[0m0.43 [3mmid[0m[2m=[0m0.4150 [3mbid_size[0m[2m=[0m5.37 [3mask_size[0m[2m=[0m54.55
[2m2026-04-12T20:19:11.183895Z[0m [34mDEBUG[0m [2mmercury::engine::detector[0m[2m:[0m No arb pairs registered for market — skipping detection [3mmarket_id[0m[2m=[0m39a28b31-a7f7-4e16-b2f1-1e1948be289c
[2m2026-04-12T20:19:11.183977Z[0m [34mDEBUG[0m [2mmercury::engine::market_actor[0m[2m:[0m Tick received — running arb detection [3mmarket_id[0m[2m=[0m39a28b31-a7f7-4e16-b2f1-1e1948be289c [3mplatform[0m[2m=[0mPolymarket [3mbid[0m[2m=[0m0.4 [3mask[0m[2m=[0m0.43 [3mmid[0m[2m=[0m0.4150 [3mbid_size[0m[2m=[0m5.37 [3mask_size[0m[2m=[0m54.55
[2m2026-04-12T20:19:11.184083Z[0m [34mDEBUG[0m [2mmercury::engine::detector[0m[2m:[0m No arb pairs registered for market — skipping detection [3mmarket_id[0m[2m=[0m39a28b31-a7f7-4e16-b2f1-1e1948be289c
[2m2026-04-12T20:19:11.184166Z[0m [34mDEBUG[0m [2mmercury::engine::market_actor[0m[2m:[0m Tick received — running arb detection [3mmarket_id[0m[2m=[0m39a28b31-a7f7-4e16-b2f1-1e1948be289c [3mplatform[0m[2m=[0mPolymarket [3mbid[0m[2m=[0m0.4 [3mask[0m[2m=[0m0.43 [3mmid[0m[2m=[0m0.4150 [3mbid_size[0m[2m=[0m5.37 [3mask_size[0m[2m=[0m54.55
[2m2026-04-12T20:19:11.184267Z[0m [34mDEBUG[0m [2mmercury::engine::detector[0m[2m:[0m No arb pairs registered for market — skipping detection [3mmarket_id[0m[2m=[0m39a28b31-a7f7-4e16-b2f1-1e1948be289c
[2m2026-04-12T20:19:11.184349Z[0m [34mDEBUG[0m [2mmercury::engine::market_actor[0m[2m:[0m Tick received — running arb detection [3mmarket_id[0m[2m=[0m39a28b31-a7f7-4e16-b2f1-1e1948be289c [3mplatform[0m[2m=[0mPolymarket [3mbid[0m[2m=[0m0.4 [3mask[0m[2m=[0m0.43 [3mmid[0m[2m=[0m0.4150 [3mbid_size[0m[2m=[0m5.37 [3mask_size[0m[2m=[0m54.55
[2m2026-04-12T20:19:11.184451Z[0m [34mDEBUG[0m [2mmercury::engine::detector[0m[2m:[0m No arb pairs registered for market — skipping detection [3mmarket_id[0m[2m=[0m39a28b31-a7f7-4e16-b2f1-1e1948be289c
[2m2026-04-12T20:19:11.184531Z[0m [34mDEBUG[0m [2mmercury::engine::market_actor[0m[2m:[0m Tick received — running arb detection [3mmarket_id[0m[2m=[0m39a28b31-a7f7-4e16-b2f1-1e1948be289c [3mplatform[0m[2m=[0mPolymarket [3mbid[0m[2m=[0m0.4 [3mask[0m[2m=[0m0.43 [3mmid[0m[2m=[0m0.4150 [3mbid_size[0m[2m=[0m5.37 [3mask_size[0m[2m=[0m54.55
[2m2026-04-12T20:19:11.184633Z[0m [34mDEBUG[0m [2mmercury::engine::detector[0m[2m:[0m No arb pairs registered for market — skipping detection [3mmarket_id[0m[2m=[0m39a28b31-a7f7-4e16-b2f1-1e1948be289c
[2m2026-04-12T20:19:11.184714Z[0m [34mDEBUG[0m [2mmercury::engine::market_actor[0m[2m:[0m Tick received — running arb detection [3mmarket_id[0m[2m=[0m39a28b31-a7f7-4e16-b2f1-1e1948be289c [3mplatform[0m[2m=[0mPolymarket [3mbid[0m[2m=[0m0.4 [3mask[0m[2m=[0m0.43 [3mmid[0m[2m=[0m0.4150 [3mbid_size[0m[2m=[0m5.37 [3mask_size[0m[2m=[0m54.55
[2m2026-04-12T20:19:11.184816Z[0m [34mDEBUG[0m [2mmercury::engine::detector[0m[2m:[0m No arb pairs registered for market — skipping detection [3mmarket_id[0m[2m=[0m39a28b31-a7f7-4e16-b2f1-1e1948be289c
[2m2026-04-12T20:19:11.184897Z[0m [34mDEBUG[0m [2mmercury::engine::market_actor[0m[2m:[0m Tick received — running arb detection [3mmarket_id[0m[2m=[0m39a28b31-a7f7-4e16-b2f1-1e1948be289c [3mplatform[0m[2m=[0mPolymarket [3mbid[0m[2m=[0m0.4 [3mask[0m[2m=[0m0.43 [3mmid[0m[2m=[0m0.4150 [3mbid_size[0m[2m=[0m5.37 [3mask_size[0m[2m=[0m54.55
[2m2026-04-12T20:19:11.184998Z[0m [34mDEBUG[0m [2mmercury::engine::detector[0m[2m:[0m No arb pairs registered for market — skipping detection [3mmarket_id[0m[2m=[0m39a28b31-a7f7-4e16-b2f1-1e1948be289c
[2m2026-04-12T20:19:11.185079Z[0m [34mDEBUG[0m [2mmercury::engine::market_actor[0m[2m:[0m Tick received — running arb detection [3mmarket_id[0m[2m=[0m39a28b31-a7f7-4e16-b2f1-1e1948be289c [3mplatform[0m[2m=[0mPolymarket [3mbid[0m[2m=[0m0.4 [3mask[0m[2m=[0m0.43 [3mmid[0m[2m=[0m0.4150 [3mbid_size[0m[2m=[0m5.37 [3mask_size[0m[2m=[0m54.55
[2m2026-04-12T20:19:11.185180Z[0m [34mDEBUG[0m [2mmercury::engine::detector[0m[2m:[0m No arb pairs registered for market — skipping detection [3mmarket_id[0m[2m=[0m39a28b31-a7f7-4e16-b2f1-1e1948be289c
[2m2026-04-12T20:19:11.185261Z[0m [34mDEBUG[0m [2mmercury::engine::market_actor[0m[2m:[0m Tick received — running arb detection [3mmarket_id[0m[2m=[0m39a28b31-a7f7-4e16-b2f1-1e1948be289c [3mplatform[0m[2m=[0mPolymarket [3mbid[0m[2m=[0m0.4 [3mask[0m[2m=[0m0.43 [3mmid[0m[2m=[0m0.4150 [3mbid_size[0m[2m=[0m5.37 [3mask_size[0m[2m=[0m54.55
[2m2026-04-12T20:19:11.185364Z[0m [34mDEBUG[0m [2mmercury::engine::detector[0m[2m:[0m No arb pairs registered for market — skipping detection [3mmarket_id[0m[2m=[0m39a28b31-a7f7-4e16-b2f1-1e1948be289c
[2m2026-04-12T20:19:11.185446Z[0m [34mDEBUG[0m [2mmercury::engine::market_actor[0m[2m:[0m Tick received — running arb detection [3mmarket_id[0m[2m=[0m39a28b31-a7f7-4e16-b2f1-1e1948be289c [3mplatform[0m[2m=[0mPolymarket [3mbid[0m[2m=[0m0.4 [3mask[0m[2m=[0m0.43 [3mmid[0m[2m=[0m0.4150 [3mbid_size[0m[2m=[0m5.37 [3mask_size[0m[2m=[0m54.55
[2m2026-04-12T20:19:11.185564Z[0m [34mDEBUG[0m [2mmercury::engine::detector[0m[2m:[0m No arb pairs registered for market — skipping detection [3mmarket_id[0m[2m=[0m39a28b31-a7f7-4e16-b2f1-1e1948be289c
[2m2026-04-12T20:19:11.185642Z[0m [34mDEBUG[0m [2mmercury::engine::market_actor[0m[2m:[0m Tick received — running arb detection [3mmarket_id[0m[2m=[0m39a28b31-a7f7-4e16-b2f1-1e1948be289c [3mplatform[0m[2m=[0mPolymarket [3mbid[0m[2m=[0m0.4 [3mask[0m[2m=[0m0.43 [3mmid[0m[2m=[0m0.4150 [3mbid_size[0m[2m=[0m5.37 [3mask_size[0m[2m=[0m54.55
[2m2026-04-12T20:19:11.185740Z[0m [34mDEBUG[0m [2mmercury::engine::detector[0m[2m:[0m No arb pairs registered for market — skipping detection [3mmarket_id[0m[2m=[0m39a28b31-a7f7-4e16-b2f1-1e1948be289c
[2m2026-04-12T20:19:11.185819Z[0m [34mDEBUG[0m [2mmercury::engine::market_actor[0m[2m:[0m Tick received — running arb detection [3mmarket_id[0m[2m=[0m39a28b31-a7f7-4e16-b2f1-1e1948be289c [3mplatform[0m[2m=[0mPolymarket [3mbid[0m[2m=[0m0.4 [3mask[0m[2m=[0m0.43 [3mmid[0m[2m=[0m0.4150 [3mbid_size[0m[2m=[0m5.37 [3mask_size[0m[2m=[0m54.55
[2m2026-04-12T20:19:11.185924Z[0m [34mDEBUG[0m [2mmercury::engine::detector[0m[2m:[0m No arb pairs registered for market — skipping detection [3mmarket_id[0m[2m=[0m39a28b31-a7f7-4e16-b2f1-1e1948be289c
[2m2026-04-12T20:19:11.186003Z[0m [34mDEBUG[0m [2mmercury::engine::market_actor[0m[2m:[0m Tick received — running arb detection [3mmarket_id[0m[2m=[0m39a28b31-a7f7-4e16-b2f1-1e1948be289c [3mplatform[0m[2m=[0mPolymarket [3mbid[0m[2m=[0m0.4 [3mask[0m[2m=[0m0.43 [3mmid[0m[2m=[0m0.4150 [3mbid_size[0m[2m=[0m5.37 [3mask_size[0m[2m=[0m54.55
[2m2026-04-12T20:19:11.186103Z[0m [34mDEBUG[0m [2mmercury::engine::detector[0m[2m:[0m No arb pairs registered for market — skipping detection [3mmarket_id[0m[2m=[0m39a28b31-a7f7-4e16-b2f1-1e1948be289c
[2m2026-04-12T20:19:11.186182Z[0m [34mDEBUG[0m [2mmercury::engine::market_actor[0m[2m:[0m Tick received — running arb detection [3mmarket_id[0m[2m=[0m39a28b31-a7f7-4e16-b2f1-1e1948be289c [3mplatform[0m[2m=[0mPolymarket [3mbid[0m[2m=[0m0.4 [3mask[0m[2m=[0m0.43 [3mmid[0m[2m=[0m0.4150 [3mbid_size[0m[2m=[0m5.37 [3mask_size[0m[2m=[0m54.55
[2m2026-04-12T20:19:11.186281Z[0m [34mDEBUG[0m [2mmercury::engine::detector[0m[2m:[0m No arb pairs registered for market — skipping detection [3mmarket_id[0m[2m=[0m39a28b31-a7f7-4e16-b2f1-1e1948be289c
[2m2026-04-12T20:19:11.186272Z[0m [34mDEBUG[0m [2mmercury::engine::market_actor[0m[2m:[0m Tick received — running arb detection [3mmarket_id[0m[2m=[0m189bf673-b643-45a5-be39-c4a3275d71a0 [3mplatform[0m[2m=[0mPolymarket [3mbid[0m[2m=[0m0.42 [3mask[0m[2m=[0m0.43 [3mmid[0m[2m=[0m0.4250 [3mbid_size[0m[2m=[0m157.54 [3mask_size[0m[2m=[0m107.92
[2m2026-04-12T20:19:11.186361Z[0m [34mDEBUG[0m [2mmercury::engine::market_actor[0m[2m:[0m Tick received — running arb detection [3mmarket_id[0m[2m=[0m39a28b31-a7f7-4e16-b2f1-1e1948be289c [3mplatform[0m[2m=[0mPolymarket [3mbid[0m[2m=[0m0.4 [3mask[0m[2m=[0m0.43 [3mmid[0m[2m=[0m0.4150 [3mbid_size[0m[2m=[0m5.37 [3mask_size[0m[2m=[0m54.55
[2m2026-04-12T20:19:11.186393Z[0m [34mDEBUG[0m [2mmercury::engine::detector[0m[2m:[0m No arb pairs registered for market — skipping detection [3mmarket_id[0m[2m=[0m189bf673-b643-45a5-be39-c4a3275d71a0
[2m2026-04-12T20:19:11.186462Z[0m [34mDEBUG[0m [2mmercury::engine::detector[0m[2m:[0m No arb pairs registered for market — skipping detection [3mmarket_id[0m[2m=[0m39a28b31-a7f7-4e16-b2f1-1e1948be289c
[2m2026-04-12T20:19:11.186541Z[0m [34mDEBUG[0m [2mmercury::engine::market_actor[0m[2m:[0m Tick received — running arb detection [3mmarket_id[0m[2m=[0m39a28b31-a7f7-4e16-b2f1-1e1948be289c [3mplatform[0m[2m=[0mPolymarket [3mbid[0m[2m=[0m0.4 [3mask[0m[2m=[0m0.43 [3mmid[0m[2m=[0m0.4150 [3mbid_size[0m[2m=[0m5.37 [3mask_size[0m[2m=[0m54.55
[2m2026-04-12T20:19:11.186639Z[0m [34mDEBUG[0m [2mmercury::engine::detector[0m[2m:[0m No arb pairs registered for market — skipping detection [3mmarket_id[0m[2m=[0m39a28b31-a7f7-4e16-b2f1-1e1948be289c
[2m2026-04-12T20:19:11.186719Z[0m [34mDEBUG[0m [2mmercury::engine::market_actor[0m[2m:[0m Tick received — running arb detection [3mmarket_id[0m[2m=[0m39a28b31-a7f7-4e16-b2f1-1e1948be289c [3mplatform[0m[2m=[0mPolymarket [3mbid[0m[2m=[0m0.4 [3mask[0m[2m=[0m0.43 [3mmid[0m[2m=[0m0.4150 [3mbid_size[0m[2m=[0m5.37 [3mask_size[0m[2m=[0m54.55
[2m2026-04-12T20:19:11.186817Z[0m [34mDEBUG[0m [2mmercury::engine::detector[0m[2m:[0m No arb pairs registered for market — skipping detection [3mmarket_id[0m[2m=[0m39a28b31-a7f7-4e16-b2f1-1e1948be289c
[2m2026-04-12T20:19:11.186896Z[0m [34mDEBUG[0m [2mmercury::engine::market_actor[0m[2m:[0m Tick received — running arb detection [3mmarket_id[0m[2m=[0m39a28b31-a7f7-4e16-b2f1-1e1948be289c [3mplatform[0m[2m=[0mPolymarket [3mbid[0m[2m=[0m0.4 [3mask[0m[2m=[0m0.43 [3mmid[0m[2m=[0m0.4150 [3mbid_size[0m[2m=[0m5.37 [3mask_size[0m[2m=[0m54.55
[2m2026-04-12T20:19:11.186994Z[0m [34mDEBUG[0m [2mmercury::engine::detector[0m[2m:[0m No arb pairs registered for market — skipping detection [3mmarket_id[0m[2m=[0m39a28b31-a7f7-4e16-b2f1-1e1948be289c
[2m2026-04-12T20:19:11.187073Z[0m [34mDEBUG[0m [2mmercury::engine::market_actor[0m[2m:[0m Tick received — running arb detection [3mmarket_id[0m[2m=[0m39a28b31-a7f7-4e16-b2f1-1e1948be289c [3mplatform[0m[2m=[0mPolymarket [3mbid[0m[2m=[0m0.4 [3mask[0m[2m=[0m0.43 [3mmid[0m[2m=[0m0.4150 [3mbid_size[0m[2m=[0m5.37 [3mask_size[0m[2m=[0m54.55
[2m2026-04-12T20:19:11.187171Z[0m [34mDEBUG[0m [2mmercury::engine::detector[0m[2m:[0m No arb pairs registered for market — skipping detection [3mmarket_id[0m[2m=[0m39a28b31-a7f7-4e16-b2f1-1e1948be289c
[2m2026-04-12T20:19:11.187249Z[0m [34mDEBUG[0m [2mmercury::engine::market_actor[0m[2m:[0m Tick received — running arb detection [3mmarket_id[0m[2m=[0m39a28b31-a7f7-4e16-b2f1-1e1948be289c [3mplatform[0m[2m=[0mPolymarket [3mbid[0m[2m=[0m0.4 [3mask[0m[2m=[0m0.43 [3mmid[0m[2m=[0m0.4150 [3mbid_size[0m[2m=[0m5.37 [3mask_size[0m[2m=[0m54.55
[2m2026-04-12T20:19:11.187348Z[0m [34mDEBUG[0m [2mmercury::engine::detector[0m[2m:[0m No arb pairs registered for market — skipping detection [3mmarket_id[0m[2m=[0m39a28b31-a7f7-4e16-b2f1-1e1948be289c
[2m2026-04-12T20:19:11.187426Z[0m [34mDEBUG[0m [2mmercury::engine::market_actor[0m[2m:[0m Tick received — running arb detection [3mmarket_id[0m[2m=[0m39a28b31-a7f7-4e16-b2f1-1e1948be289c [3mplatform[0m[2m=[0mPolymarket [3mbid[0m[2m=[0m0.4 [3mask[0m[2m=[0m0.43 [3mmid[0m[2m=[0m0.4150 [3mbid_size[0m[2m=[0m5.37 [3mask_size[0m[2m=[0m54.55
[2m2026-04-12T20:19:11.187526Z[0m [34mDEBUG[0m [2mmercury::engine::detector[0m[2m:[0m No arb pairs registered for market — skipping detection [3mmarket_id[0m[2m=[0m39a28b31-a7f7-4e16-b2f1-1e1948be289c
[2m2026-04-12T20:19:11.187605Z[0m [34mDEBUG[0m [2mmercury::engine::market_actor[0m[2m:[0m Tick received — running arb detection [3mmarket_id[0m[2m=[0m39a28b31-a7f7-4e16-b2f1-1e1948be289c [3mplatform[0m[2m=[0mPolymarket [3mbid[0m[2m=[0m0.4 [3mask[0m[2m=[0m0.43 [3mmid[0m[2m=[0m0.4150 [3mbid_size[0m[2m=[0m5.37 [3mask_size[0m[2m=[0m154.55
[2m2026-04-12T20:19:11.187707Z[0m [34mDEBUG[0m [2mmercury::engine::detector[0m[2m:[0m No arb pairs registered for market — skipping detection [3mmarket_id[0m[2m=[0m39a28b31-a7f7-4e16-b2f1-1e1948be289c
[2m2026-04-12T20:19:11.187786Z[0m [34mDEBUG[0m [2mmercury::engine::market_actor[0m[2m:[0m Tick received — running arb detection [3mmarket_id[0m[2m=[0m39a28b31-a7f7-4e16-b2f1-1e1948be289c [3mplatform[0m[2m=[0mPolymarket [3mbid[0m[2m=[0m0.4 [3mask[0m[2m=[0m0.43 [3mmid[0m[2m=[0m0.4150 [3mbid_size[0m[2m=[0m5.37 [3mask_size[0m[2m=[0m154.55
[2m2026-04-12T20:19:11.187887Z[0m [34mDEBUG[0m [2mmercury::engine::detector[0m[2m:[0m No arb pairs registered for market — skipping detection [3mmarket_id[0m[2m=[0m39a28b31-a7f7-4e16-b2f1-1e1948be289c
[2m2026-04-12T20:19:11.187968Z[0m [34mDEBUG[0m [2mmercury::engine::market_actor[0m[2m:[0m Tick received — running arb detection [3mmarket_id[0m[2m=[0m39a28b31-a7f7-4e16-b2f1-1e1948be289c [3mplatform[0m[2m=[0mPolymarket [3mbid[0m[2m=[0m0.4 [3mask[0m[2m=[0m0.43 [3mmid[0m[2m=[0m0.4150 [3mbid_size[0m[2m=[0m5.37 [3mask_size[0m[2m=[0m154.55
[2m2026-04-12T20:19:11.188067Z[0m [34mDEBUG[0m [2mmercury::engine::detector[0m[2m:[0m No arb pairs registered for market — skipping detection [3mmarket_id[0m[2m=[0m39a28b31-a7f7-4e16-b2f1-1e1948be289c
[2m2026-04-12T20:19:11.232849Z[0m [34mDEBUG[0m [2mmercury::engine::market_actor[0m[2m:[0m Tick received — running arb detection [3mmarket_id[0m[2m=[0m189bf673-b643-45a5-be39-c4a3275d71a0 [3mplatform[0m[2m=[0mPolymarket [3mbid[0m[2m=[0m0.42 [3mask[0m[2m=[0m0.43 [3mmid[0m[2m=[0m0.4250 [3mbid_size[0m[2m=[0m157.54 [3mask_size[0m[2m=[0m107.92
[2m2026-04-12T20:19:11.232841Z[0m [34mDEBUG[0m [2mmercury::engine::market_actor[0m[2m:[0m Tick received — running arb detection [3mmarket_id[0m[2m=[0m2285bae6-253b-4085-b0d1-0af34b5530b6 [3mplatform[0m[2m=[0mPolymarket [3mbid[0m[2m=[0m0.44 [3mask[0m[2m=[0m0.45 [3mmid[0m[2m=[0m0.4450 [3mbid_size[0m[2m=[0m50 [3mask_size[0m[2m=[0m4.46
[2m2026-04-12T20:19:11.233050Z[0m [34mDEBUG[0m [2mmercury::engine::detector[0m[2m:[0m No arb pairs registered for market — skipping detection [3mmarket_id[0m[2m=[0m189bf673-b643-45a5-be39-c4a3275d71a0
[2m2026-04-12T20:19:11.233055Z[0m [34mDEBUG[0m [2mmercury::engine::market_actor[0m[2m:[0m Tick received — running arb detection [3mmarket_id[0m[2m=[0mbc548cd4-ced9-48e8-b131-410c92fb3a0e [3mplatform[0m[2m=[0mPolymarket [3mbid[0m[2m=[0m0.37 [3mask[0m[2m=[0m0.4 [3mmid[0m[2m=[0m0.3850 [3mbid_size[0m[2m=[0m5.6 [3mask_size[0m[2m=[0m6.72
[2m2026-04-12T20:19:11.233159Z[0m [34mDEBUG[0m [2mmercury::engine::detector[0m[2m:[0m No arb pairs registered for market — skipping detection [3mmarket_id[0m[2m=[0m2285bae6-253b-4085-b0d1-0af34b5530b6
[2m2026-04-12T20:19:11.233151Z[0m [34mDEBUG[0m [2mmercury::engine::market_actor[0m[2m:[0m Tick received — running arb detection [3mmarket_id[0m[2m=[0m189bf673-b643-45a5-be39-c4a3275d71a0 [3mplatform[0m[2m=[0mPolymarket [3mbid[0m[2m=[0m0.42 [3mask[0m[2m=[0m0.43 [3mmid[0m[2m=[0m0.4250 [3mbid_size[0m[2m=[0m157.54 [3mask_size[0m[2m=[0m107.92
[2m2026-04-12T20:19:11.233297Z[0m [34mDEBUG[0m [2mmercury::engine::detector[0m[2m:[0m No arb pairs registered for market — skipping detection [3mmarket_id[0m[2m=[0mbc548cd4-ced9-48e8-b131-410c92fb3a0e
[2m2026-04-12T20:19:11.233350Z[0m [34mDEBUG[0m [2mmercury::engine::market_actor[0m[2m:[0m Tick received — running arb detection [3mmarket_id[0m[2m=[0m2285bae6-253b-4085-b0d1-0af34b5530b6 [3mplatform[0m[2m=[0mPolymarket [3mbid[0m[2m=[0m0.44 [3mask[0m[2m=[0m0.45 [3mmid[0m[2m=[0m0.4450 [3mbid_size[0m[2m=[0m50 [3mask_size[0m[2m=[0m4.46
[2m2026-04-12T20:19:11.233420Z[0m [34mDEBUG[0m [2mmercury::engine::detector[0m[2m:[0m No arb pairs registered for market — skipping detection [3mmarket_id[0m[2m=[0m189bf673-b643-45a5-be39-c4a3275d71a0
[2m2026-04-12T20:19:11.233408Z[0m [34mDEBUG[0m [2mmercury::engine::market_actor[0m[2m:[0m Tick received — running arb detection [3mmarket_id[0m[2m=[0mbc548cd4-ced9-48e8-b131-410c92fb3a0e [3mplatform[0m[2m=[0mPolymarket [3mbid[0m[2m=[0m0.37 [3mask[0m[2m=[0m0.4 [3mmid[0m[2m=[0m0.3850 [3mbid_size[0m[2m=[0m5.6 [3mask_size[0m[2m=[0m6.72
[2m2026-04-12T20:19:11.233486Z[0m [34mDEBUG[0m [2mmercury::engine::market_actor[0m[2m:[0m Tick received — running arb detection [3mmarket_id[0m[2m=[0m39a28b31-a7f7-4e16-b2f1-1e1948be289c [3mplatform[0m[2m=[0mPolymarket [3mbid[0m[2m=[0m0.4 [3mask[0m[2m=[0m0.43 [3mmid[0m[2m=[0m0.4150 [3mbid_size[0m[2m=[0m5.37 [3mask_size[0m[2m=[0m159.55
[2m2026-04-12T20:19:11.233546Z[0m [34mDEBUG[0m [2mmercury::engine::detector[0m[2m:[0m No arb pairs registered for market — skipping detection [3mmarket_id[0m[2m=[0m2285bae6-253b-4085-b0d1-0af34b5530b6
[2m2026-04-12T20:19:11.233549Z[0m [34mDEBUG[0m [2mmercury::engine::market_actor[0m[2m:[0m Tick received — running arb detection [3mmarket_id[0m[2m=[0m189bf673-b643-45a5-be39-c4a3275d71a0 [3mplatform[0m[2m=[0mPolymarket [3mbid[0m[2m=[0m0.42 [3mask[0m[2m=[0m0.43 [3mmid[0m[2m=[0m0.4250 [3mbid_size[0m[2m=[0m157.54 [3mask_size[0m[2m=[0m107.92
[2m2026-04-12T20:19:11.233680Z[0m [34mDEBUG[0m [2mmercury::engine::detector[0m[2m:[0m No arb pairs registered for market — skipping detection [3mmarket_id[0m[2m=[0mbc548cd4-ced9-48e8-b131-410c92fb3a0e
[2m2026-04-12T20:19:11.233826Z[0m [34mDEBUG[0m [2mmercury::engine::detector[0m[2m:[0m No arb pairs registered for market — skipping detection [3mmarket_id[0m[2m=[0m189bf673-b643-45a5-be39-c4a3275d71a0
[2m2026-04-12T20:19:11.233948Z[0m [34mDEBUG[0m [2mmercury::engine::market_actor[0m[2m:[0m Tick received — running arb detection [3mmarket_id[0m[2m=[0m189bf673-b643-45a5-be39-c4a3275d71a0 [3mplatform[0m[2m=[0mPolymarket [3mbid[0m[2m=[0m0.42 [3mask[0m[2m=[0m0.43 [3mmid[0m[2m=[0m0.4250 [3mbid_size[0m[2m=[0m157.54 [3mask_size[0m[2m=[0m107.92
[2m2026-04-12T20:19:11.233984Z[0m [34mDEBUG[0m [2mmercury::engine::detector[0m[2m:[0m No arb pairs registered for market — skipping detection [3mmarket_id[0m[2m=[0m39a28b31-a7f7-4e16-b2f1-1e1948be289c
[2m2026-04-12T20:19:11.234117Z[0m [34mDEBUG[0m [2mmercury::engine::detector[0m[2m:[0m No arb pairs registered for market — skipping detection [3mmarket_id[0m[2m=[0m189bf673-b643-45a5-be39-c4a3275d71a0
[2m2026-04-12T20:19:11.234238Z[0m [34mDEBUG[0m [2mmercury::engine::market_actor[0m[2m:[0m Tick received — running arb detection [3mmarket_id[0m[2m=[0m189bf673-b643-45a5-be39-c4a3275d71a0 [3mplatform[0m[2m=[0mPolymarket [3mbid[0m[2m=[0m0.42 [3mask[0m[2m=[0m0.43 [3mmid[0m[2m=[0m0.4250 [3mbid_size[0m[2m=[0m157.54 [3mask_size[0m[2m=[0m107.92
[2m2026-04-12T20:19:11.234366Z[0m [34mDEBUG[0m [2mmercury::engine::detector[0m[2m:[0m No arb pairs registered for market — skipping detection [3mmarket_id[0m[2m=[0m189bf673-b643-45a5-be39-c4a3275d71a0
[2m2026-04-12T20:19:11.234456Z[0m [34mDEBUG[0m [2mmercury::engine::market_actor[0m[2m:[0m Tick received — running arb detection [3mmarket_id[0m[2m=[0m189bf673-b643-45a5-be39-c4a3275d71a0 [3mplatform[0m[2m=[0mPolymarket [3mbid[0m[2m=[0m0.42 [3mask[0m[2m=[0m0.43 [3mmid[0m[2m=[0m0.4250 [3mbid_size[0m[2m=[0m157.54 [3mask_size[0m[2m=[0m107.92
[2m2026-04-12T20:19:11.234577Z[0m [34mDEBUG[0m [2mmercury::engine::detector[0m[2m:[0m No arb pairs registered for market — skipping detection [3mmarket_id[0m[2m=[0m189bf673-b643-45a5-be39-c4a3275d71a0
[2m2026-04-12T20:19:11.284737Z[0m [34mDEBUG[0m [2mmercury::engine::market_actor[0m[2m:[0m Tick received — running arb detection [3mmarket_id[0m[2m=[0mbc548cd4-ced9-48e8-b131-410c92fb3a0e [3mplatform[0m[2m=[0mPolymarket [3mbid[0m[2m=[0m0.37 [3mask[0m[2m=[0m0.4 [3mmid[0m[2m=[0m0.3850 [3mbid_size[0m[2m=[0m5.6 [3mask_size[0m[2m=[0m6.72
[2m2026-04-12T20:19:11.285011Z[0m [34mDEBUG[0m [2mmercury::engine::detector[0m[2m:[0m No arb pairs registered for market — skipping detection [3mmarket_id[0m[2m=[0mbc548cd4-ced9-48e8-b131-410c92fb3a0e
[2m2026-04-12T20:19:11.285137Z[0m [34mDEBUG[0m [2mmercury::engine::market_actor[0m[2m:[0m Tick received — running arb detection [3mmarket_id[0m[2m=[0m39a28b31-a7f7-4e16-b2f1-1e1948be289c [3mplatform[0m[2m=[0mPolymarket [3mbid[0m[2m=[0m0.4 [3mask[0m[2m=[0m0.43 [3mmid[0m[2m=[0m0.4150 [3mbid_size[0m[2m=[0m5.37 [3mask_size[0m[2m=[0m159.55
[2m2026-04-12T20:19:11.285168Z[0m [34mDEBUG[0m [2mmercury::engine::market_actor[0m[2m:[0m Tick received — running arb detection [3mmarket_id[0m[2m=[0m189bf673-b643-45a5-be39-c4a3275d71a0 [3mplatform[0m[2m=[0mPolymarket [3mbid[0m[2m=[0m0.42 [3mask[0m[2m=[0m0.43 [3mmid[0m[2m=[0m0.4250 [3mbid_size[0m[2m=[0m157.54 [3mask_size[0m[2m=[0m107.92
[2m2026-04-12T20:19:11.285199Z[0m [34mDEBUG[0m [2mmercury::engine::market_actor[0m[2m:[0m Tick received — running arb detection [3mmarket_id[0m[2m=[0mbc548cd4-ced9-48e8-b131-410c92fb3a0e [3mplatform[0m[2m=[0mPolymarket [3mbid[0m[2m=[0m0.37 [3mask[0m[2m=[0m0.4 [3mmid[0m[2m=[0m0.3850 [3mbid_size[0m[2m=[0m5.6 [3mask_size[0m[2m=[0m6.72
[2m2026-04-12T20:19:11.285356Z[0m [34mDEBUG[0m [2mmercury::engine::detector[0m[2m:[0m No arb pairs registered for market — skipping detection [3mmarket_id[0m[2m=[0m39a28b31-a7f7-4e16-b2f1-1e1948be289c
[2m2026-04-12T20:19:11.285538Z[0m [34mDEBUG[0m [2mmercury::engine::detector[0m[2m:[0m No arb pairs registered for market — skipping detection [3mmarket_id[0m[2m=[0m189bf673-b643-45a5-be39-c4a3275d71a0
[2m2026-04-12T20:19:11.285524Z[0m [34mDEBUG[0m [2mmercury::engine::market_actor[0m[2m:[0m Tick received — running arb detection [3mmarket_id[0m[2m=[0m39a28b31-a7f7-4e16-b2f1-1e1948be289c [3mplatform[0m[2m=[0mPolymarket [3mbid[0m[2m=[0m0.4 [3mask[0m[2m=[0m0.43 [3mmid[0m[2m=[0m0.4150 [3mbid_size[0m[2m=[0m5.37 [3mask_size[0m[2m=[0m159.55
[2m2026-04-12T20:19:11.285723Z[0m [34mDEBUG[0m [2mmercury::engine::detector[0m[2m:[0m No arb pairs registered for market — skipping detection [3mmarket_id[0m[2m=[0mbc548cd4-ced9-48e8-b131-410c92fb3a0e
[2m2026-04-12T20:19:11.285895Z[0m [34mDEBUG[0m [2mmercury::engine::detector[0m[2m:[0m No arb pairs registered for market — skipping detection [3mmarket_id[0m[2m=[0m39a28b31-a7f7-4e16-b2f1-1e1948be289c
[2m2026-04-12T20:19:11.286035Z[0m [34mDEBUG[0m [2mmercury::engine::market_actor[0m[2m:[0m Tick received — running arb detection [3mmarket_id[0m[2m=[0m39a28b31-a7f7-4e16-b2f1-1e1948be289c [3mplatform[0m[2m=[0mPolymarket [3mbid[0m[2m=[0m0.4 [3mask[0m[2m=[0m0.43 [3mmid[0m[2m=[0m0.4150 [3mbid_size[0m[2m=[0m5.37 [3mask_size[0m[2m=[0m159.55
[2m2026-04-12T20:19:11.286197Z[0m [34mDEBUG[0m [2mmercury::engine::detector[0m[2m:[0m No arb pairs registered for market — skipping detection [3mmarket_id[0m[2m=[0m39a28b31-a7f7-4e16-b2f1-1e1948be289c
[2m2026-04-12T20:19:11.286316Z[0m [34mDEBUG[0m [2mmercury::engine::market_actor[0m[2m:[0m Tick received — running arb detection [3mmarket_id[0m[2m=[0m39a28b31-a7f7-4e16-b2f1-1e1948be289c [3mplatform[0m[2m=[0mPolymarket [3mbid[0m[2m=[0m0.4 [3mask[0m[2m=[0m0.43 [3mmid[0m[2m=[0m0.4150 [3mbid_size[0m[2m=[0m5.37 [3mask_size[0m[2m=[0m159.55
[2m2026-04-12T20:19:11.286471Z[0m [34mDEBUG[0m [2mmercury::engine::detector[0m[2m:[0m No arb pairs registered for market — skipping detection [3mmarket_id[0m[2m=[0m39a28b31-a7f7-4e16-b2f1-1e1948be289c
[2m2026-04-12T20:19:11.286587Z[0m [34mDEBUG[0m [2mmercury::engine::market_actor[0m[2m:[0m Tick received — running arb detection [3mmarket_id[0m[2m=[0m39a28b31-a7f7-4e16-b2f1-1e1948be289c [3mplatform[0m[2m=[0mPolymarket [3mbid[0m[2m=[0m0.4 [3mask[0m[2m=[0m0.43 [3mmid[0m[2m=[0m0.4150 [3mbid_size[0m[2m=[0m5.37 [3mask_size[0m[2m=[0m159.55
[2m2026-04-12T20:19:11.286749Z[0m [34mDEBUG[0m [2mmercury::engine::detector[0m[2m:[0m No arb pairs registered for market — skipping detection [3mmarket_id[0m[2m=[0m39a28b31-a7f7-4e16-b2f1-1e1948be289c
[2m2026-04-12T20:19:11.322233Z[0m [34mDEBUG[0m [2mmercury::engine::market_actor[0m[2m:[0m Tick received — running arb detection [3mmarket_id[0m[2m=[0m2b958b37-9921-40b8-b22d-64a67138ae70 [3mplatform[0m[2m=[0mPolymarket [3mbid[0m[2m=[0m0.52 [3mask[0m[2m=[0m0.53 [3mmid[0m[2m=[0m0.5250 [3mbid_size[0m[2m=[0m12.12 [3mask_size[0m[2m=[0m5
[2m2026-04-12T20:19:11.322275Z[0m [34mDEBUG[0m [2mmercury::engine::market_actor[0m[2m:[0m Tick received — running arb detection [3mmarket_id[0m[2m=[0m189bf673-b643-45a5-be39-c4a3275d71a0 [3mplatform[0m[2m=[0mPolymarket [3mbid[0m[2m=[0m0.42 [3mask[0m[2m=[0m0.43 [3mmid[0m[2m=[0m0.4250 [3mbid_size[0m[2m=[0m157.54 [3mask_size[0m[2m=[0m67.92
[2m2026-04-12T20:19:11.322478Z[0m [34mDEBUG[0m [2mmercury::engine::detector[0m[2m:[0m No arb pairs registered for market — skipping detection [3mmarket_id[0m[2m=[0m2b958b37-9921-40b8-b22d-64a67138ae70
[2m2026-04-12T20:19:11.322629Z[0m [34mDEBUG[0m [2mmercury::engine::detector[0m[2m:[0m No arb pairs registered for market — skipping detection [3mmarket_id[0m[2m=[0m189bf673-b643-45a5-be39-c4a3275d71a0
[2m2026-04-12T20:19:11.329596Z[0m [34mDEBUG[0m [2mmercury::engine::market_actor[0m[2m:[0m Tick received — running arb detection [3mmarket_id[0m[2m=[0m189bf673-b643-45a5-be39-c4a3275d71a0 [3mplatform[0m[2m=[0mPolymarket [3mbid[0m[2m=[0m0.42 [3mask[0m[2m=[0m0.43 [3mmid[0m[2m=[0m0.4250 [3mbid_size[0m[2m=[0m157.54 [3mask_size[0m[2m=[0m67.92
[2m2026-04-12T20:19:11.329942Z[0m [34mDEBUG[0m [2mmercury::engine::detector[0m[2m:[0m No arb pairs registered for market — skipping detection [3mmarket_id[0m[2m=[0m189bf673-b643-45a5-be39-c4a3275d71a0
[2m2026-04-12T20:19:11.385778Z[0m [34mDEBUG[0m [2mmercury::engine::market_actor[0m[2m:[0m Tick received — running arb detection [3mmarket_id[0m[2m=[0m189bf673-b643-45a5-be39-c4a3275d71a0 [3mplatform[0m[2m=[0mPolymarket [3mbid[0m[2m=[0m0.42 [3mask[0m[2m=[0m0.43 [3mmid[0m[2m=[0m0.4250 [3mbid_size[0m[2m=[0m157.54 [3mask_size[0m[2m=[0m67.92
[2m2026-04-12T20:19:11.386027Z[0m [34mDEBUG[0m [2mmercury::engine::detector[0m[2m:[0m No arb pairs registered for market — skipping detection [3mmarket_id[0m[2m=[0m189bf673-b643-45a5-be39-c4a3275d71a0
[2m2026-04-12T20:19:11.386158Z[0m [34mDEBUG[0m [2mmercury::engine::market_actor[0m[2m:[0m Tick received — running arb detection [3mmarket_id[0m[2m=[0m189bf673-b643-45a5-be39-c4a3275d71a0 [3mplatform[0m[2m=[0mPolymarket [3mbid[0m[2m=[0m0.42 [3mask[0m[2m=[0m0.43 [3mmid[0m[2m=[0m0.4250 [3mbid_size[0m[2m=[0m157.54 [3mask_size[0m[2m=[0m67.92
[2m2026-04-12T20:19:11.386321Z[0m [34mDEBUG[0m [2mmercury::engine::detector[0m[2m:[0m No arb pairs registered for market — skipping detection [3mmarket_id[0m[2m=[0m189bf673-b643-45a5-be39-c4a3275d71a0
[2m2026-04-12T20:19:11.386441Z[0m [34mDEBUG[0m [2mmercury::engine::market_actor[0m[2m:[0m Tick received — running arb detection [3mmarket_id[0m[2m=[0m189bf673-b643-45a5-be39-c4a3275d71a0 [3mplatform[0m[2m=[0mPolymarket [3mbid[0m[2m=[0m0.42 [3mask[0m[2m=[0m0.43 [3mmid[0m[2m=[0m0.4250 [3mbid_size[0m[2m=[0m157.54 [3mask_size[0m[2m=[0m67.92
[2m2026-04-12T20:19:11.386601Z[0m [34mDEBUG[0m [2mmercury::engine::detector[0m[2m:[0m No arb pairs registered for market — skipping detection [3mmarket_id[0m[2m=[0m189bf673-b643-45a5-be39-c4a3275d71a0
[2m2026-04-12T20:19:11.387122Z[0m [34mDEBUG[0m [2mmercury::engine::market_actor[0m[2m:[0m Tick received — running arb detection [3mmarket_id[0m[2m=[0m189bf673-b643-45a5-be39-c4a3275d71a0 [3mplatform[0m[2m=[0mPolymarket [3mbid[0m[2m=[0m0.42 [3mask[0m[2m=[0m0.43 [3mmid[0m[2m=[0m0.4250 [3mbid_size[0m[2m=[0m157.54 [3mask_size[0m[2m=[0m67.92
[2m2026-04-12T20:19:11.387316Z[0m [34mDEBUG[0m [2mmercury::engine::detector[0m[2m:[0m No arb pairs registered for market — skipping detection [3mmarket_id[0m[2m=[0m189bf673-b643-45a5-be39-c4a3275d71a0
[2m2026-04-12T20:19:11.387446Z[0m [34mDEBUG[0m [2mmercury::engine::market_actor[0m[2m:[0m Tick received — running arb detection [3mmarket_id[0m[2m=[0m189bf673-b643-45a5-be39-c4a3275d71a0 [3mplatform[0m[2m=[0mPolymarket [3mbid[0m[2m=[0m0.42 [3mask[0m[2m=[0m0.43 [3mmid[0m[2m=[0m0.4250 [3mbid_size[0m[2m=[0m157.54 [3mask_size[0m[2m=[0m67.92
[2m2026-04-12T20:19:11.387607Z[0m [34mDEBUG[0m [2mmercury::engine::detector[0m[2m:[0m No arb pairs registered for market — skipping detection [3mmarket_id[0m[2m=[0m189bf673-b643-45a5-be39-c4a3275d71a0
[2m2026-04-12T20:19:11.435125Z[0m [34mDEBUG[0m [2mmercury::engine::market_actor[0m[2m:[0m Tick received — running arb detection [3mmarket_id[0m[2m=[0m189bf673-b643-45a5-be39-c4a3275d71a0 [3mplatform[0m[2m=[0mPolymarket [3mbid[0m[2m=[0m0.42 [3mask[0m[2m=[0m0.43 [3mmid[0m[2m=[0m0.4250 [3mbid_size[0m[2m=[0m157.54 [3mask_size[0m[2m=[0m67.92
[2m2026-04-12T20:19:11.435465Z[0m [34mDEBUG[0m [2mmercury::engine::detector[0m[2m:[0m No arb pairs registered for market — skipping detection [3mmarket_id[0m[2m=[0m189bf673-b643-45a5-be39-c4a3275d71a0
[2m2026-04-12T20:19:11.435593Z[0m [34mDEBUG[0m [2mmercury::engine::market_actor[0m[2m:[0m Tick received — running arb detection [3mmarket_id[0m[2m=[0m189bf673-b643-45a5-be39-c4a3275d71a0 [3mplatform[0m[2m=[0mPolymarket [3mbid[0m[2m=[0m0.42 [3mask[0m[2m=[0m0.43 [3mmid[0m[2m=[0m0.4250 [3mbid_size[0m[2m=[0m157.54 [3mask_size[0m[2m=[0m67.92
[2m2026-04-12T20:19:11.435752Z[0m [34mDEBUG[0m [2mmercury::engine::detector[0m[2m:[0m No arb pairs registered for market — skipping detection [3mmarket_id[0m[2m=[0m189bf673-b643-45a5-be39-c4a3275d71a0
[2m2026-04-12T20:19:11.441841Z[0m [34mDEBUG[0m [2mmercury::engine::market_actor[0m[2m:[0m Tick received — running arb detection [3mmarket_id[0m[2m=[0m189bf673-b643-45a5-be39-c4a3275d71a0 [3mplatform[0m[2m=[0mPolymarket [3mbid[0m[2m=[0m0.42 [3mask[0m[2m=[0m0.43 [3mmid[0m[2m=[0m0.4250 [3mbid_size[0m[2m=[0m157.54 [3mask_size[0m[2m=[0m67.92
[2m2026-04-12T20:19:11.442173Z[0m [34mDEBUG[0m [2mmercury::engine::detector[0m[2m:[0m No arb pairs registered for market — skipping detection [3mmarket_id[0m[2m=[0m189bf673-b643-45a5-be39-c4a3275d71a0
[2m2026-04-12T20:19:11.442308Z[0m [34mDEBUG[0m [2mmercury::engine::market_actor[0m[2m:[0m Tick received — running arb detection [3mmarket_id[0m[2m=[0m189bf673-b643-45a5-be39-c4a3275d71a0 [3mplatform[0m[2m=[0mPolymarket [3mbid[0m[2m=[0m0.42 [3mask[0m[2m=[0m0.43 [3mmid[0m[2m=[0m0.4250 [3mbid_size[0m[2m=[0m157.54 [3mask_size[0m[2m=[0m67.92
[2m2026-04-12T20:19:11.442474Z[0m [34mDEBUG[0m [2mmercury::engine::detector[0m[2m:[0m No arb pairs registered for market — skipping detection [3mmarket_id[0m[2m=[0m189bf673-b643-45a5-be39-c4a3275d71a0
[2m2026-04-12T20:19:11.442592Z[0m [34mDEBUG[0m [2mmercury::engine::market_actor[0m[2m:[0m Tick received — running arb detection [3mmarket_id[0m[2m=[0m189bf673-b643-45a5-be39-c4a3275d71a0 [3mplatform[0m[2m=[0mPolymarket [3mbid[0m[2m=[0m0.42 [3mask[0m[2m=[0m0.43 [3mmid[0m[2m=[0m0.4250 [3mbid_size[0m[2m=[0m157.54 [3mask_size[0m[2m=[0m67.92
[2m2026-04-12T20:19:11.442760Z[0m [34mDEBUG[0m [2mmercury::engine::detector[0m[2m:[0m No arb pairs registered for market — skipping detection [3mmarket_id[0m[2m=[0m189bf673-b643-45a5-be39-c4a3275d71a0
[2m2026-04-12T20:19:11.492738Z[0m [34mDEBUG[0m [2mmercury::engine::market_actor[0m[2m:[0m Tick received — running arb detection [3mmarket_id[0m[2m=[0m189bf673-b643-45a5-be39-c4a3275d71a0 [3mplatform[0m[2m=[0mPolymarket [3mbid[0m[2m=[0m0.42 [3mask[0m[2m=[0m0.43 [3mmid[0m[2m=[0m0.4250 [3mbid_size[0m[2m=[0m157.54 [3mask_size[0m[2m=[0m67.92
[2m2026-04-12T20:19:11.492753Z[0m [34mDEBUG[0m [2mmercury::engine::market_actor[0m[2m:[0m Tick received — running arb detection [3mmarket_id[0m[2m=[0m2285bae6-253b-4085-b0d1-0af34b5530b6 [3mplatform[0m[2m=[0mPolymarket [3mbid[0m[2m=[0m0.44 [3mask[0m[2m=[0m0.45 [3mmid[0m[2m=[0m0.4450 [3mbid_size[0m[2m=[0m50 [3mask_size[0m[2m=[0m4.46
[2m2026-04-12T20:19:11.492996Z[0m [34mDEBUG[0m [2mmercury::engine::detector[0m[2m:[0m No arb pairs registered for market — skipping detection [3mmarket_id[0m[2m=[0m189bf673-b643-45a5-be39-c4a3275d71a0
[2m2026-04-12T20:19:11.493010Z[0m [34mDEBUG[0m [2mmercury::engine::market_actor[0m[2m:[0m Tick received — running arb detection [3mmarket_id[0m[2m=[0m39a28b31-a7f7-4e16-b2f1-1e1948be289c [3mplatform[0m[2m=[0mPolymarket [3mbid[0m[2m=[0m0.4 [3mask[0m[2m=[0m0.43 [3mmid[0m[2m=[0m0.4150 [3mbid_size[0m[2m=[0m5.37 [3mask_size[0m[2m=[0m159.55
[2m2026-04-12T20:19:11.493126Z[0m [34mDEBUG[0m [2mmercury::engine::market_actor[0m[2m:[0m Tick received — running arb detection [3mmarket_id[0m[2m=[0m189bf673-b643-45a5-be39-c4a3275d71a0 [3mplatform[0m[2m=[0mPolymarket [3mbid[0m[2m=[0m0.42 [3mask[0m[2m=[0m0.43 [3mmid[0m[2m=[0m0.4250 [3mbid_size[0m[2m=[0m59.54 [3mask_size[0m[2m=[0m67.92
[2m2026-04-12T20:19:11.493149Z[0m [34mDEBUG[0m [2mmercury::engine::detector[0m[2m:[0m No arb pairs registered for market — skipping detection [3mmarket_id[0m[2m=[0m2285bae6-253b-4085-b0d1-0af34b5530b6
[2m2026-04-12T20:19:11.493322Z[0m [34mDEBUG[0m [2mmercury::engine::detector[0m[2m:[0m No arb pairs registered for market — skipping detection [3mmarket_id[0m[2m=[0m39a28b31-a7f7-4e16-b2f1-1e1948be289c
[2m2026-04-12T20:19:11.493455Z[0m [34mDEBUG[0m [2mmercury::engine::market_actor[0m[2m:[0m Tick received — running arb detection [3mmarket_id[0m[2m=[0m39a28b31-a7f7-4e16-b2f1-1e1948be289c [3mplatform[0m[2m=[0mPolymarket [3mbid[0m[2m=[0m0.4 [3mask[0m[2m=[0m0.43 [3mmid[0m[2m=[0m0.4150 [3mbid_size[0m[2m=[0m5.37 [3mask_size[0m[2m=[0m159.55
[2m2026-04-12T20:19:11.493509Z[0m [34mDEBUG[0m [2mmercury::engine::detector[0m[2m:[0m No arb pairs registered for market — skipping detection [3mmarket_id[0m[2m=[0m189bf673-b643-45a5-be39-c4a3275d71a0
[2m2026-04-12T20:19:11.493671Z[0m [34mDEBUG[0m [2mmercury::engine::detector[0m[2m:[0m No arb pairs registered for market — skipping detection [3mmarket_id[0m[2m=[0m39a28b31-a7f7-4e16-b2f1-1e1948be289c
[2m2026-04-12T20:19:11.493669Z[0m [34mDEBUG[0m [2mmercury::engine::market_actor[0m[2m:[0m Tick received — running arb detection [3mmarket_id[0m[2m=[0m189bf673-b643-45a5-be39-c4a3275d71a0 [3mplatform[0m[2m=[0mPolymarket [3mbid[0m[2m=[0m0.42 [3mask[0m[2m=[0m0.43 [3mmid[0m[2m=[0m0.4250 [3mbid_size[0m[2m=[0m59.54 [3mask_size[0m[2m=[0m67.92
[2m2026-04-12T20:19:11.493772Z[0m [34mDEBUG[0m [2mmercury::feeds::polymarket[0m[2m:[0m Unknown Polymarket event type [3mevent_type[0m[2m=[0mbest_bid_ask
[2m2026-04-12T20:19:11.493843Z[0m [34mDEBUG[0m [2mmercury::engine::market_actor[0m[2m:[0m Tick received — running arb detection [3mmarket_id[0m[2m=[0m39a28b31-a7f7-4e16-b2f1-1e1948be289c [3mplatform[0m[2m=[0mPolymarket [3mbid[0m[2m=[0m0.4 [3mask[0m[2m=[0m0.43 [3mmid[0m[2m=[0m0.4150 [3mbid_size[0m[2m=[0m5.37 [3mask_size[0m[2m=[0m159.55
[2m2026-04-12T20:19:11.493870Z[0m [34mDEBUG[0m [2mmercury::engine::detector[0m[2m:[0m No arb pairs registered for market — skipping detection [3mmarket_id[0m[2m=[0m189bf673-b643-45a5-be39-c4a3275d71a0
[2m2026-04-12T20:19:11.494064Z[0m [34mDEBUG[0m [2mmercury::engine::detector[0m[2m:[0m No arb pairs registered for market — skipping detection [3mmarket_id[0m[2m=[0m39a28b31-a7f7-4e16-b2f1-1e1948be289c
[2m2026-04-12T20:19:11.494058Z[0m [34mDEBUG[0m [2mmercury::engine::market_actor[0m[2m:[0m Tick received — running arb detection [3mmarket_id[0m[2m=[0m189bf673-b643-45a5-be39-c4a3275d71a0 [3mplatform[0m[2m=[0mPolymarket [3mbid[0m[2m=[0m0.42 [3mask[0m[2m=[0m0.43 [3mmid[0m[2m=[0m0.4250 [3mbid_size[0m[2m=[0m59.54 [3mask_size[0m[2m=[0m67.92
[2m2026-04-12T20:19:11.494195Z[0m [34mDEBUG[0m [2mmercury::engine::market_actor[0m[2m:[0m Tick received — running arb detection [3mmarket_id[0m[2m=[0m39a28b31-a7f7-4e16-b2f1-1e1948be289c [3mplatform[0m[2m=[0mPolymarket [3mbid[0m[2m=[0m0.4 [3mask[0m[2m=[0m0.43 [3mmid[0m[2m=[0m0.4150 [3mbid_size[0m[2m=[0m5.37 [3mask_size[0m[2m=[0m159.55
[2m2026-04-12T20:19:11.494251Z[0m [34mDEBUG[0m [2mmercury::engine::detector[0m[2m:[0m No arb pairs registered for market — skipping detection [3mmarket_id[0m[2m=[0m189bf673-b643-45a5-be39-c4a3275d71a0
[2m2026-04-12T20:19:11.494350Z[0m [34mDEBUG[0m [2mmercury::engine::detector[0m[2m:[0m No arb pairs registered for market — skipping detection [3mmarket_id[0m[2m=[0m39a28b31-a7f7-4e16-b2f1-1e1948be289c
[2m2026-04-12T20:19:11.494357Z[0m [34mDEBUG[0m [2mmercury::engine::market_actor[0m[2m:[0m Tick received — running arb detection [3mmarket_id[0m[2m=[0m189bf673-b643-45a5-be39-c4a3275d71a0 [3mplatform[0m[2m=[0mPolymarket [3mbid[0m[2m=[0m0.42 [3mask[0m[2m=[0m0.43 [3mmid[0m[2m=[0m0.4250 [3mbid_size[0m[2m=[0m53.69 [3mask_size[0m[2m=[0m67.92
[2m2026-04-12T20:19:11.494457Z[0m [34mDEBUG[0m [2mmercury::engine::market_actor[0m[2m:[0m Tick received — running arb detection [3mmarket_id[0m[2m=[0m39a28b31-a7f7-4e16-b2f1-1e1948be289c [3mplatform[0m[2m=[0mPolymarket [3mbid[0m[2m=[0m0.4 [3mask[0m[2m=[0m0.43 [3mmid[0m[2m=[0m0.4150 [3mbid_size[0m[2m=[0m5.37 [3mask_size[0m[2m=[0m217.55
[2m2026-04-12T20:19:11.494487Z[0m [34mDEBUG[0m [2mmercury::engine::detector[0m[2m:[0m No arb pairs registered for market — skipping detection [3mmarket_id[0m[2m=[0m189bf673-b643-45a5-be39-c4a3275d71a0
[2m2026-04-12T20:19:11.494574Z[0m [34mDEBUG[0m [2mmercury::engine::detector[0m[2m:[0m No arb pairs registered for market — skipping detection [3mmarket_id[0m[2m=[0m39a28b31-a7f7-4e16-b2f1-1e1948be289c
[2m2026-04-12T20:19:11.494634Z[0m [34mDEBUG[0m [2mmercury::engine::market_actor[0m[2m:[0m Tick received — running arb detection [3mmarket_id[0m[2m=[0m189bf673-b643-45a5-be39-c4a3275d71a0 [3mplatform[0m[2m=[0mPolymarket [3mbid[0m[2m=[0m0.42 [3mask[0m[2m=[0m0.43 [3mmid[0m[2m=[0m0.4250 [3mbid_size[0m[2m=[0m53.69 [3mask_size[0m[2m=[0m67.92
[2m2026-04-12T20:19:11.494765Z[0m [34mDEBUG[0m [2mmercury::engine::detector[0m[2m:[0m No arb pairs registered for market — skipping detection [3mmarket_id[0m[2m=[0m189bf673-b643-45a5-be39-c4a3275d71a0
[2m2026-04-12T20:19:11.494859Z[0m [34mDEBUG[0m [2mmercury::engine::market_actor[0m[2m:[0m Tick received — running arb detection [3mmarket_id[0m[2m=[0m189bf673-b643-45a5-be39-c4a3275d71a0 [3mplatform[0m[2m=[0mPolymarket [3mbid[0m[2m=[0m0.42 [3mask[0m[2m=[0m0.43 [3mmid[0m[2m=[0m0.4250 [3mbid_size[0m[2m=[0m53.69 [3mask_size[0m[2m=[0m67.92
[2m2026-04-12T20:19:11.494979Z[0m [34mDEBUG[0m [2mmercury::engine::detector[0m[2m:[0m No arb pairs registered for market — skipping detection [3mmarket_id[0m[2m=[0m189bf673-b643-45a5-be39-c4a3275d71a0
[2m2026-04-12T20:19:11.495072Z[0m [34mDEBUG[0m [2mmercury::engine::market_actor[0m[2m:[0m Tick received — running arb detection [3mmarket_id[0m[2m=[0m189bf673-b643-45a5-be39-c4a3275d71a0 [3mplatform[0m[2m=[0mPolymarket [3mbid[0m[2m=[0m0.42 [3mask[0m[2m=[0m0.43 [3mmid[0m[2m=[0m0.4250 [3mbid_size[0m[2m=[0m48.69 [3mask_size[0m[2m=[0m67.92
[2m2026-04-12T20:19:11.495196Z[0m [34mDEBUG[0m [2mmercury::engine::detector[0m[2m:[0m No arb pairs registered for market — skipping detection [3mmarket_id[0m[2m=[0m189bf673-b643-45a5-be39-c4a3275d71a0
[2m2026-04-12T20:19:11.496798Z[0m [34mDEBUG[0m [2mmercury::engine::market_actor[0m[2m:[0m Tick received — running arb detection [3mmarket_id[0m[2m=[0m189bf673-b643-45a5-be39-c4a3275d71a0 [3mplatform[0m[2m=[0mPolymarket [3mbid[0m[2m=[0m0.42 [3mask[0m[2m=[0m0.43 [3mmid[0m[2m=[0m0.4250 [3mbid_size[0m[2m=[0m48.69 [3mask_size[0m[2m=[0m67.92
[2m2026-04-12T20:19:11.496944Z[0m [34mDEBUG[0m [2mmercury::engine::detector[0m[2m:[0m No arb pairs registered for market — skipping detection [3mmarket_id[0m[2m=[0m189bf673-b643-45a5-be39-c4a3275d71a0
[2m2026-04-12T20:19:11.497043Z[0m [34mDEBUG[0m [2mmercury::engine::market_actor[0m[2m:[0m Tick received — running arb detection [3mmarket_id[0m[2m=[0m189bf673-b643-45a5-be39-c4a3275d71a0 [3mplatform[0m[2m=[0mPolymarket [3mbid[0m[2m=[0m0.42 [3mask[0m[2m=[0m0.43 [3mmid[0m[2m=[0m0.4250 [3mbid_size[0m[2m=[0m48.69 [3mask_size[0m[2m=[0m67.92
[2m2026-04-12T20:19:11.497165Z[0m [34mDEBUG[0m [2mmercury::engine::detector[0m[2m:[0m No arb pairs registered for market — skipping detection [3mmarket_id[0m[2m=[0m189bf673-b643-45a5-be39-c4a3275d71a0
[2m2026-04-12T20:19:11.537624Z[0m [34mDEBUG[0m [2mmercury::engine::market_actor[0m[2m:[0m Tick received — running arb detection [3mmarket_id[0m[2m=[0m189bf673-b643-45a5-be39-c4a3275d71a0 [3mplatform[0m[2m=[0mPolymarket [3mbid[0m[2m=[0m0.42 [3mask[0m[2m=[0m0.43 [3mmid[0m[2m=[0m0.4250 [3mbid_size[0m[2m=[0m48.69 [3mask_size[0m[2m=[0m67.92
[2m2026-04-12T20:19:11.537874Z[0m [34mDEBUG[0m [2mmercury::engine::detector[0m[2m:[0m No arb pairs registered for market — skipping detection [3mmarket_id[0m[2m=[0m189bf673-b643-45a5-be39-c4a3275d71a0
[2m2026-04-12T20:19:11.541138Z[0m [34mDEBUG[0m [2mmercury::engine::market_actor[0m[2m:[0m Tick received — running arb detection [3mmarket_id[0m[2m=[0m2b958b37-9921-40b8-b22d-64a67138ae70 [3mplatform[0m[2m=[0mPolymarket [3mbid[0m[2m=[0m0.52 [3mask[0m[2m=[0m0.53 [3mmid[0m[2m=[0m0.5250 [3mbid_size[0m[2m=[0m12.12 [3mask_size[0m[2m=[0m5
[2m2026-04-12T20:19:11.541291Z[0m [34mDEBUG[0m [2mmercury::engine::detector[0m[2m:[0m No arb pairs registered for market — skipping detection [3mmarket_id[0m[2m=[0m2b958b37-9921-40b8-b22d-64a67138ae70
[2m2026-04-12T20:19:11.592440Z[0m [34mDEBUG[0m [2mmercury::engine::market_actor[0m[2m:[0m Tick received — running arb detection [3mmarket_id[0m[2m=[0m189bf673-b643-45a5-be39-c4a3275d71a0 [3mplatform[0m[2m=[0mPolymarket [3mbid[0m[2m=[0m0.42 [3mask[0m[2m=[0m0.43 [3mmid[0m[2m=[0m0.4250 [3mbid_size[0m[2m=[0m48.69 [3mask_size[0m[2m=[0m67.92
[2m2026-04-12T20:19:11.592517Z[0m [34mDEBUG[0m [2mmercury::engine::market_actor[0m[2m:[0m Tick received — running arb detection [3mmarket_id[0m[2m=[0m39a28b31-a7f7-4e16-b2f1-1e1948be289c [3mplatform[0m[2m=[0mPolymarket [3mbid[0m[2m=[0m0.4 [3mask[0m[2m=[0m0.43 [3mmid[0m[2m=[0m0.4150 [3mbid_size[0m[2m=[0m5.37 [3mask_size[0m[2m=[0m217.55
[2m2026-04-12T20:19:11.592718Z[0m [34mDEBUG[0m [2mmercury::engine::detector[0m[2m:[0m No arb pairs registered for market — skipping detection [3mmarket_id[0m[2m=[0m39a28b31-a7f7-4e16-b2f1-1e1948be289c
[2m2026-04-12T20:19:11.592725Z[0m [34mDEBUG[0m [2mmercury::engine::detector[0m[2m:[0m No arb pairs registered for market — skipping detection [3mmarket_id[0m[2m=[0m189bf673-b643-45a5-be39-c4a3275d71a0
[2m2026-04-12T20:19:11.592874Z[0m [34mDEBUG[0m [2mmercury::engine::market_actor[0m[2m:[0m Tick received — running arb detection [3mmarket_id[0m[2m=[0m39a28b31-a7f7-4e16-b2f1-1e1948be289c [3mplatform[0m[2m=[0mPolymarket [3mbid[0m[2m=[0m0.4 [3mask[0m[2m=[0m0.43 [3mmid[0m[2m=[0m0.4150 [3mbid_size[0m[2m=[0m5.37 [3mask_size[0m[2m=[0m217.55
[2m2026-04-12T20:19:11.593040Z[0m [34mDEBUG[0m [2mmercury::engine::detector[0m[2m:[0m No arb pairs registered for market — skipping detection [3mmarket_id[0m[2m=[0m39a28b31-a7f7-4e16-b2f1-1e1948be289c
[2m2026-04-12T20:19:11.593011Z[0m [34mDEBUG[0m [2mmercury::engine::market_actor[0m[2m:[0m Tick received — running arb detection [3mmarket_id[0m[2m=[0m189bf673-b643-45a5-be39-c4a3275d71a0 [3mplatform[0m[2m=[0mPolymarket [3mbid[0m[2m=[0m0.42 [3mask[0m[2m=[0m0.43 [3mmid[0m[2m=[0m0.4250 [3mbid_size[0m[2m=[0m48.69 [3mask_size[0m[2m=[0m67.92
[2m2026-04-12T20:19:11.593166Z[0m [34mDEBUG[0m [2mmercury::engine::market_actor[0m[2m:[0m Tick received — running arb detection [3mmarket_id[0m[2m=[0m39a28b31-a7f7-4e16-b2f1-1e1948be289c [3mplatform[0m[2m=[0mPolymarket [3mbid[0m[2m=[0m0.4 [3mask[0m[2m=[0m0.43 [3mmid[0m[2m=[0m0.4150 [3mbid_size[0m[2m=[0m5.37 [3mask_size[0m[2m=[0m217.55
[2m2026-04-12T20:19:11.593293Z[0m [34mDEBUG[0m [2mmercury::engine::detector[0m[2m:[0m No arb pairs registered for market — skipping detection [3mmarket_id[0m[2m=[0m189bf673-b643-45a5-be39-c4a3275d71a0
[2m2026-04-12T20:19:11.593444Z[0m [34mDEBUG[0m [2mmercury::engine::detector[0m[2m:[0m No arb pairs registered for market — skipping detection [3mmarket_id[0m[2m=[0m39a28b31-a7f7-4e16-b2f1-1e1948be289c
[2m2026-04-12T20:19:11.639533Z[0m [34mDEBUG[0m [2mmercury::engine::market_actor[0m[2m:[0m Tick received — running arb detection [3mmarket_id[0m[2m=[0m189bf673-b643-45a5-be39-c4a3275d71a0 [3mplatform[0m[2m=[0mPolymarket [3mbid[0m[2m=[0m0.42 [3mask[0m[2m=[0m0.43 [3mmid[0m[2m=[0m0.4250 [3mbid_size[0m[2m=[0m48.69 [3mask_size[0m[2m=[0m67.92
[2m2026-04-12T20:19:11.639579Z[0m [34mDEBUG[0m [2mmercury::engine::market_actor[0m[2m:[0m Tick received — running arb detection [3mmarket_id[0m[2m=[0m39a28b31-a7f7-4e16-b2f1-1e1948be289c [3mplatform[0m[2m=[0mPolymarket [3mbid[0m[2m=[0m0.4 [3mask[0m[2m=[0m0.43 [3mmid[0m[2m=[0m0.4150 [3mbid_size[0m[2m=[0m5.37 [3mask_size[0m[2m=[0m163
[2m2026-04-12T20:19:11.639860Z[0m [34mDEBUG[0m [2mmercury::engine::detector[0m[2m:[0m No arb pairs registered for market — skipping detection [3mmarket_id[0m[2m=[0m189bf673-b643-45a5-be39-c4a3275d71a0
[2m2026-04-12T20:19:11.639965Z[0m [34mDEBUG[0m [2mmercury::feeds::polymarket[0m[2m:[0m Unknown Polymarket event type [3mevent_type[0m[2m=[0mbest_bid_ask
[2m2026-04-12T20:19:11.639994Z[0m [34mDEBUG[0m [2mmercury::engine::detector[0m[2m:[0m No arb pairs registered for market — skipping detection [3mmarket_id[0m[2m=[0m39a28b31-a7f7-4e16-b2f1-1e1948be289c
[2m2026-04-12T20:19:11.640158Z[0m [34mDEBUG[0m [2mmercury::engine::market_actor[0m[2m:[0m Tick received — running arb detection [3mmarket_id[0m[2m=[0m39a28b31-a7f7-4e16-b2f1-1e1948be289c [3mplatform[0m[2m=[0mPolymarket [3mbid[0m[2m=[0m0.4 [3mask[0m[2m=[0m0.43 [3mmid[0m[2m=[0m0.4150 [3mbid_size[0m[2m=[0m5.37 [3mask_size[0m[2m=[0m163
[2m2026-04-12T20:19:11.640324Z[0m [34mDEBUG[0m [2mmercury::engine::detector[0m[2m:[0m No arb pairs registered for market — skipping detection [3mmarket_id[0m[2m=[0m39a28b31-a7f7-4e16-b2f1-1e1948be289c
[2m2026-04-12T20:19:11.640433Z[0m [34mDEBUG[0m [2mmercury::engine::market_actor[0m[2m:[0m Tick received — running arb detection [3mmarket_id[0m[2m=[0m189bf673-b643-45a5-be39-c4a3275d71a0 [3mplatform[0m[2m=[0mPolymarket [3mbid[0m[2m=[0m0.42 [3mask[0m[2m=[0m0.43 [3mmid[0m[2m=[0m0.4250 [3mbid_size[0m[2m=[0m46.94 [3mask_size[0m[2m=[0m67.92
[2m2026-04-12T20:19:11.640444Z[0m [34mDEBUG[0m [2mmercury::engine::market_actor[0m[2m:[0m Tick received — running arb detection [3mmarket_id[0m[2m=[0m39a28b31-a7f7-4e16-b2f1-1e1948be289c [3mplatform[0m[2m=[0mPolymarket [3mbid[0m[2m=[0m0.4 [3mask[0m[2m=[0m0.43 [3mmid[0m[2m=[0m0.4150 [3mbid_size[0m[2m=[0m5.37 [3mask_size[0m[2m=[0m163
[2m2026-04-12T20:19:11.640631Z[0m [34mDEBUG[0m [2mmercury::engine::detector[0m[2m:[0m No arb pairs registered for market — skipping detection [3mmarket_id[0m[2m=[0m189bf673-b643-45a5-be39-c4a3275d71a0
[2m2026-04-12T20:19:11.640790Z[0m [34mDEBUG[0m [2mmercury::engine::detector[0m[2m:[0m No arb pairs registered for market — skipping detection [3mmarket_id[0m[2m=[0m39a28b31-a7f7-4e16-b2f1-1e1948be289c
[2m2026-04-12T20:19:11.641089Z[0m [34mDEBUG[0m [2mmercury::engine::market_actor[0m[2m:[0m Tick received — running arb detection [3mmarket_id[0m[2m=[0m189bf673-b643-45a5-be39-c4a3275d71a0 [3mplatform[0m[2m=[0mPolymarket [3mbid[0m[2m=[0m0.42 [3mask[0m[2m=[0m0.43 [3mmid[0m[2m=[0m0.4250 [3mbid_size[0m[2m=[0m46.94 [3mask_size[0m[2m=[0m67.92
[2m2026-04-12T20:19:11.641271Z[0m [34mDEBUG[0m [2mmercury::engine::detector[0m[2m:[0m No arb pairs registered for market — skipping detection [3mmarket_id[0m[2m=[0m189bf673-b643-45a5-be39-c4a3275d71a0
[2m2026-04-12T20:19:11.647160Z[0m [34mDEBUG[0m [2mmercury::feeds::polymarket[0m[2m:[0m Unknown Polymarket event type [3mevent_type[0m[2m=[0mbest_bid_ask
[2m2026-04-12T20:19:11.647882Z[0m [34mDEBUG[0m [2mmercury::engine::market_actor[0m[2m:[0m Tick received — running arb detection [3mmarket_id[0m[2m=[0m189bf673-b643-45a5-be39-c4a3275d71a0 [3mplatform[0m[2m=[0mPolymarket [3mbid[0m[2m=[0m0.42 [3mask[0m[2m=[0m0.43 [3mmid[0m[2m=[0m0.4250 [3mbid_size[0m[2m=[0m45.19 [3mask_size[0m[2m=[0m67.92
[2m2026-04-12T20:19:11.648100Z[0m [34mDEBUG[0m [2mmercury::engine::detector[0m[2m:[0m No arb pairs registered for market — skipping detection [3mmarket_id[0m[2m=[0m189bf673-b643-45a5-be39-c4a3275d71a0
[2m2026-04-12T20:19:11.649244Z[0m [34mDEBUG[0m [2mmercury::engine::market_actor[0m[2m:[0m Tick received — running arb detection [3mmarket_id[0m[2m=[0m189bf673-b643-45a5-be39-c4a3275d71a0 [3mplatform[0m[2m=[0mPolymarket [3mbid[0m[2m=[0m0.42 [3mask[0m[2m=[0m0.43 [3mmid[0m[2m=[0m0.4250 [3mbid_size[0m[2m=[0m45.19 [3mask_size[0m[2m=[0m67.92
[2m2026-04-12T20:19:11.649446Z[0m [34mDEBUG[0m [2mmercury::engine::detector[0m[2m:[0m No arb pairs registered for market — skipping detection [3mmarket_id[0m[2m=[0m189bf673-b643-45a5-be39-c4a3275d71a0
[2m2026-04-12T20:19:11.649572Z[0m [34mDEBUG[0m [2mmercury::engine::market_actor[0m[2m:[0m Tick received — running arb detection [3mmarket_id[0m[2m=[0m189bf673-b643-45a5-be39-c4a3275d71a0 [3mplatform[0m[2m=[0mPolymarket [3mbid[0m[2m=[0m0.42 [3mask[0m[2m=[0m0.43 [3mmid[0m[2m=[0m0.4250 [3mbid_size[0m[2m=[0m45.19 [3mask_size[0m[2m=[0m137.99
[2m2026-04-12T20:19:11.649740Z[0m [34mDEBUG[0m [2mmercury::engine::detector[0m[2m:[0m No arb pairs registered for market — skipping detection [3mmarket_id[0m[2m=[0m189bf673-b643-45a5-be39-c4a3275d71a0
[2m2026-04-12T20:19:11.650053Z[0m [34mDEBUG[0m [2mmercury::feeds::polymarket[0m[2m:[0m Unknown Polymarket event type [3mevent_type[0m[2m=[0mbest_bid_ask
[2m2026-04-12T20:19:11.650206Z[0m [34mDEBUG[0m [2mmercury::engine::market_actor[0m[2m:[0m Tick received — running arb detection [3mmarket_id[0m[2m=[0mbc548cd4-ced9-48e8-b131-410c92fb3a0e [3mplatform[0m[2m=[0mPolymarket [3mbid[0m[2m=[0m0.37 [3mask[0m[2m=[0m0.4 [3mmid[0m[2m=[0m0.3850 [3mbid_size[0m[2m=[0m5.6 [3mask_size[0m[2m=[0m6.72
[2m2026-04-12T20:19:11.650421Z[0m [34mDEBUG[0m [2mmercury::engine::detector[0m[2m:[0m No arb pairs registered for market — skipping detection [3mmarket_id[0m[2m=[0mbc548cd4-ced9-48e8-b131-410c92fb3a0e
[2m2026-04-12T20:19:11.650437Z[0m [34mDEBUG[0m [2mmercury::engine::market_actor[0m[2m:[0m Tick received — running arb detection [3mmarket_id[0m[2m=[0m39a28b31-a7f7-4e16-b2f1-1e1948be289c [3mplatform[0m[2m=[0mPolymarket [3mbid[0m[2m=[0m0.4 [3mask[0m[2m=[0m0.42 [3mmid[0m[2m=[0m0.41 [3mbid_size[0m[2m=[0m5.37 [3mask_size[0m[2m=[0m48
[2m2026-04-12T20:19:11.650568Z[0m [34mDEBUG[0m [2mmercury::engine::detector[0m[2m:[0m No arb pairs registered for market — skipping detection [3mmarket_id[0m[2m=[0m39a28b31-a7f7-4e16-b2f1-1e1948be289c
[2m2026-04-12T20:19:11.692767Z[0m [34mDEBUG[0m [2mmercury::engine::market_actor[0m[2m:[0m Tick received — running arb detection [3mmarket_id[0m[2m=[0m39a28b31-a7f7-4e16-b2f1-1e1948be289c [3mplatform[0m[2m=[0mPolymarket [3mbid[0m[2m=[0m0.4 [3mask[0m[2m=[0m0.42 [3mmid[0m[2m=[0m0.41 [3mbid_size[0m[2m=[0m5.37 [3mask_size[0m[2m=[0m148
[2m2026-04-12T20:19:11.692964Z[0m [34mDEBUG[0m [2mmercury::engine::detector[0m[2m:[0m No arb pairs registered for market — skipping detection [3mmarket_id[0m[2m=[0m39a28b31-a7f7-4e16-b2f1-1e1948be289c
[2m2026-04-12T20:19:11.693063Z[0m [34mDEBUG[0m [2mmercury::engine::market_actor[0m[2m:[0m Tick received — running arb detection [3mmarket_id[0m[2m=[0m39a28b31-a7f7-4e16-b2f1-1e1948be289c [3mplatform[0m[2m=[0mPolymarket [3mbid[0m[2m=[0m0.4 [3mask[0m[2m=[0m0.42 [3mmid[0m[2m=[0m0.41 [3mbid_size[0m[2m=[0m5.37 [3mask_size[0m[2m=[0m148
[2m2026-04-12T20:19:11.693187Z[0m [34mDEBUG[0m [2mmercury::engine::detector[0m[2m:[0m No arb pairs registered for market — skipping detection [3mmarket_id[0m[2m=[0m39a28b31-a7f7-4e16-b2f1-1e1948be289c
[2m2026-04-12T20:19:11.727021Z[0m [34mDEBUG[0m [2mmercury::engine::market_actor[0m[2m:[0m Tick received — running arb detection [3mmarket_id[0m[2m=[0m189bf673-b643-45a5-be39-c4a3275d71a0 [3mplatform[0m[2m=[0mPolymarket [3mbid[0m[2m=[0m0.42 [3mask[0m[2m=[0m0.43 [3mmid[0m[2m=[0m0.4250 [3mbid_size[0m[2m=[0m45.19 [3mask_size[0m[2m=[0m137.99
[2m2026-04-12T20:19:11.727326Z[0m [34mDEBUG[0m [2mmercury::engine::detector[0m[2m:[0m No arb pairs registered for market — skipping detection [3mmarket_id[0m[2m=[0m189bf673-b643-45a5-be39-c4a3275d71a0
[2m2026-04-12T20:19:11.727455Z[0m [34mDEBUG[0m [2mmercury::engine::market_actor[0m[2m:[0m Tick received — running arb detection [3mmarket_id[0m[2m=[0m189bf673-b643-45a5-be39-c4a3275d71a0 [3mplatform[0m[2m=[0mPolymarket [3mbid[0m[2m=[0m0.42 [3mask[0m[2m=[0m0.43 [3mmid[0m[2m=[0m0.4250 [3mbid_size[0m[2m=[0m45.19 [3mask_size[0m[2m=[0m137.99
[2m2026-04-12T20:19:11.727617Z[0m [34mDEBUG[0m [2mmercury::engine::detector[0m[2m:[0m No arb pairs registered for market — skipping detection [3mmarket_id[0m[2m=[0m189bf673-b643-45a5-be39-c4a3275d71a0
[2m2026-04-12T20:19:11.727735Z[0m [34mDEBUG[0m [2mmercury::engine::market_actor[0m[2m:[0m Tick received — running arb detection [3mmarket_id[0m[2m=[0m189bf673-b643-45a5-be39-c4a3275d71a0 [3mplatform[0m[2m=[0mPolymarket [3mbid[0m[2m=[0m0.42 [3mask[0m[2m=[0m0.43 [3mmid[0m[2m=[0m0.4250 [3mbid_size[0m[2m=[0m45.19 [3mask_size[0m[2m=[0m137.99
[2m2026-04-12T20:19:11.727898Z[0m [34mDEBUG[0m [2mmercury::engine::detector[0m[2m:[0m No arb pairs registered for market — skipping detection [3mmarket_id[0m[2m=[0m189bf673-b643-45a5-be39-c4a3275d71a0
[2m2026-04-12T20:19:11.728028Z[0m [34mDEBUG[0m [2mmercury::engine::market_actor[0m[2m:[0m Tick received — running arb detection [3mmarket_id[0m[2m=[0m189bf673-b643-45a5-be39-c4a3275d71a0 [3mplatform[0m[2m=[0mPolymarket [3mbid[0m[2m=[0m0.42 [3mask[0m[2m=[0m0.43 [3mmid[0m[2m=[0m0.4250 [3mbid_size[0m[2m=[0m45.19 [3mask_size[0m[2m=[0m137.99
[2m2026-04-12T20:19:11.728192Z[0m [34mDEBUG[0m [2mmercury::engine::detector[0m[2m:[0m No arb pairs registered for market — skipping detection [3mmarket_id[0m[2m=[0m189bf673-b643-45a5-be39-c4a3275d71a0
[2m2026-04-12T20:19:11.728311Z[0m [34mDEBUG[0m [2mmercury::engine::market_actor[0m[2m:[0m Tick received — running arb detection [3mmarket_id[0m[2m=[0m189bf673-b643-45a5-be39-c4a3275d71a0 [3mplatform[0m[2m=[0mPolymarket [3mbid[0m[2m=[0m0.42 [3mask[0m[2m=[0m0.43 [3mmid[0m[2m=[0m0.4250 [3mbid_size[0m[2m=[0m45.19 [3mask_size[0m[2m=[0m137.99
[2m2026-04-12T20:19:11.728476Z[0m [34mDEBUG[0m [2mmercury::engine::detector[0m[2m:[0m No arb pairs registered for market — skipping detection [3mmarket_id[0m[2m=[0m189bf673-b643-45a5-be39-c4a3275d71a0
[2m2026-04-12T20:19:11.746383Z[0m [34mDEBUG[0m [2mmercury::engine::market_actor[0m[2m:[0m Tick received — running arb detection [3mmarket_id[0m[2m=[0m39a28b31-a7f7-4e16-b2f1-1e1948be289c [3mplatform[0m[2m=[0mPolymarket [3mbid[0m[2m=[0m0.4 [3mask[0m[2m=[0m0.42 [3mmid[0m[2m=[0m0.41 [3mbid_size[0m[2m=[0m5.37 [3mask_size[0m[2m=[0m148
[2m2026-04-12T20:19:11.746640Z[0m [34mDEBUG[0m [2mmercury::engine::detector[0m[2m:[0m No arb pairs registered for market — skipping detection [3mmarket_id[0m[2m=[0m39a28b31-a7f7-4e16-b2f1-1e1948be289c
[2m2026-04-12T20:19:11.798214Z[0m [34mDEBUG[0m [2mmercury::engine::market_actor[0m[2m:[0m Tick received — running arb detection [3mmarket_id[0m[2m=[0m189bf673-b643-45a5-be39-c4a3275d71a0 [3mplatform[0m[2m=[0mPolymarket [3mbid[0m[2m=[0m0.42 [3mask[0m[2m=[0m0.43 [3mmid[0m[2m=[0m0.4250 [3mbid_size[0m[2m=[0m45.19 [3mask_size[0m[2m=[0m122.99
[2m2026-04-12T20:19:11.798522Z[0m [34mDEBUG[0m [2mmercury::engine::detector[0m[2m:[0m No arb pairs registered for market — skipping detection [3mmarket_id[0m[2m=[0m189bf673-b643-45a5-be39-c4a3275d71a0
[2m2026-04-12T20:19:11.798660Z[0m [34mDEBUG[0m [2mmercury::engine::market_actor[0m[2m:[0m Tick received — running arb detection [3mmarket_id[0m[2m=[0m189bf673-b643-45a5-be39-c4a3275d71a0 [3mplatform[0m[2m=[0mPolymarket [3mbid[0m[2m=[0m0.42 [3mask[0m[2m=[0m0.43 [3mmid[0m[2m=[0m0.4250 [3mbid_size[0m[2m=[0m45.19 [3mask_size[0m[2m=[0m122.99
[2m2026-04-12T20:19:11.798688Z[0m [34mDEBUG[0m [2mmercury::engine::market_actor[0m[2m:[0m Tick received — running arb detection [3mmarket_id[0m[2m=[0m2285bae6-253b-4085-b0d1-0af34b5530b6 [3mplatform[0m[2m=[0mPolymarket [3mbid[0m[2m=[0m0.44 [3mask[0m[2m=[0m0.45 [3mmid[0m[2m=[0m0.4450 [3mbid_size[0m[2m=[0m50 [3mask_size[0m[2m=[0m4.46
[2m2026-04-12T20:19:11.798715Z[0m [34mDEBUG[0m [2mmercury::engine::market_actor[0m[2m:[0m Tick received — running arb detection [3mmarket_id[0m[2m=[0m39a28b31-a7f7-4e16-b2f1-1e1948be289c [3mplatform[0m[2m=[0mPolymarket [3mbid[0m[2m=[0m0.4 [3mask[0m[2m=[0m0.42 [3mmid[0m[2m=[0m0.41 [3mbid_size[0m[2m=[0m5.37 [3mask_size[0m[2m=[0m148
[2m2026-04-12T20:19:11.798825Z[0m [34mDEBUG[0m [2mmercury::engine::detector[0m[2m:[0m No arb pairs registered for market — skipping detection [3mmarket_id[0m[2m=[0m189bf673-b643-45a5-be39-c4a3275d71a0
[2m2026-04-12T20:19:11.798973Z[0m [34mDEBUG[0m [2mmercury::engine::detector[0m[2m:[0m No arb pairs registered for market — skipping detection [3mmarket_id[0m[2m=[0m2285bae6-253b-4085-b0d1-0af34b5530b6
[2m2026-04-12T20:19:11.799064Z[0m [34mDEBUG[0m [2mmercury::engine::market_actor[0m[2m:[0m Tick received — running arb detection [3mmarket_id[0m[2m=[0mbc548cd4-ced9-48e8-b131-410c92fb3a0e [3mplatform[0m[2m=[0mPolymarket [3mbid[0m[2m=[0m0.37 [3mask[0m[2m=[0m0.4 [3mmid[0m[2m=[0m0.3850 [3mbid_size[0m[2m=[0m5.6 [3mask_size[0m[2m=[0m6.72
[2m2026-04-12T20:19:11.799111Z[0m [34mDEBUG[0m [2mmercury::engine::market_actor[0m[2m:[0m Tick received — running arb detection [3mmarket_id[0m[2m=[0m2285bae6-253b-4085-b0d1-0af34b5530b6 [3mplatform[0m[2m=[0mPolymarket [3mbid[0m[2m=[0m0.44 [3mask[0m[2m=[0m0.45 [3mmid[0m[2m=[0m0.4450 [3mbid_size[0m[2m=[0m50 [3mask_size[0m[2m=[0m4.46
[2m2026-04-12T20:19:11.799132Z[0m [34mDEBUG[0m [2mmercury::engine::detector[0m[2m:[0m No arb pairs registered for market — skipping detection [3mmarket_id[0m[2m=[0m39a28b31-a7f7-4e16-b2f1-1e1948be289c
[2m2026-04-12T20:19:11.799369Z[0m [34mDEBUG[0m [2mmercury::engine::market_actor[0m[2m:[0m Tick received — running arb detection [3mmarket_id[0m[2m=[0m39a28b31-a7f7-4e16-b2f1-1e1948be289c [3mplatform[0m[2m=[0mPolymarket [3mbid[0m[2m=[0m0.4 [3mask[0m[2m=[0m0.42 [3mmid[0m[2m=[0m0.41 [3mbid_size[0m[2m=[0m5.37 [3mask_size[0m[2m=[0m148
[2m2026-04-12T20:19:11.799395Z[0m [34mDEBUG[0m [2mmercury::engine::detector[0m[2m:[0m No arb pairs registered for market — skipping detection [3mmarket_id[0m[2m=[0mbc548cd4-ced9-48e8-b131-410c92fb3a0e
[2m2026-04-12T20:19:11.799593Z[0m [34mDEBUG[0m [2mmercury::engine::detector[0m[2m:[0m No arb pairs registered for market — skipping detection [3mmarket_id[0m[2m=[0m2285bae6-253b-4085-b0d1-0af34b5530b6
[2m2026-04-12T20:19:11.799764Z[0m [34mDEBUG[0m [2mmercury::engine::detector[0m[2m:[0m No arb pairs registered for market — skipping detection [3mmarket_id[0m[2m=[0m39a28b31-a7f7-4e16-b2f1-1e1948be289c
[2m2026-04-12T20:19:11.804057Z[0m [34mDEBUG[0m [2mmercury::engine::market_actor[0m[2m:[0m Tick received — running arb detection [3mmarket_id[0m[2m=[0m2285bae6-253b-4085-b0d1-0af34b5530b6 [3mplatform[0m[2m=[0mPolymarket [3mbid[0m[2m=[0m0.44 [3mask[0m[2m=[0m0.45 [3mmid[0m[2m=[0m0.4450 [3mbid_size[0m[2m=[0m50 [3mask_size[0m[2m=[0m4.46
[2m2026-04-12T20:19:11.804202Z[0m [34mDEBUG[0m [2mmercury::engine::detector[0m[2m:[0m No arb pairs registered for market — skipping detection [3mmarket_id[0m[2m=[0m2285bae6-253b-4085-b0d1-0af34b5530b6
[2m2026-04-12T20:19:11.804254Z[0m [34mDEBUG[0m [2mmercury::engine::market_actor[0m[2m:[0m Tick received — running arb detection [3mmarket_id[0m[2m=[0m189bf673-b643-45a5-be39-c4a3275d71a0 [3mplatform[0m[2m=[0mPolymarket [3mbid[0m[2m=[0m0.42 [3mask[0m[2m=[0m0.43 [3mmid[0m[2m=[0m0.4250 [3mbid_size[0m[2m=[0m45.19 [3mask_size[0m[2m=[0m122.99
[2m2026-04-12T20:19:11.804286Z[0m [34mDEBUG[0m [2mmercury::engine::market_actor[0m[2m:[0m Tick received — running arb detection [3mmarket_id[0m[2m=[0mbc548cd4-ced9-48e8-b131-410c92fb3a0e [3mplatform[0m[2m=[0mPolymarket [3mbid[0m[2m=[0m0.37 [3mask[0m[2m=[0m0.4 [3mmid[0m[2m=[0m0.3850 [3mbid_size[0m[2m=[0m5.6 [3mask_size[0m[2m=[0m6.72
[2m2026-04-12T20:19:11.804295Z[0m [34mDEBUG[0m [2mmercury::engine::market_actor[0m[2m:[0m Tick received — running arb detection [3mmarket_id[0m[2m=[0m2285bae6-253b-4085-b0d1-0af34b5530b6 [3mplatform[0m[2m=[0mPolymarket [3mbid[0m[2m=[0m0.44 [3mask[0m[2m=[0m0.45 [3mmid[0m[2m=[0m0.4450 [3mbid_size[0m[2m=[0m50 [3mask_size[0m[2m=[0m4.46
[2m2026-04-12T20:19:11.804403Z[0m [34mDEBUG[0m [2mmercury::engine::detector[0m[2m:[0m No arb pairs registered for market — skipping detection [3mmarket_id[0m[2m=[0m189bf673-b643-45a5-be39-c4a3275d71a0
[2m2026-04-12T20:19:11.804494Z[0m [34mDEBUG[0m [2mmercury::engine::detector[0m[2m:[0m No arb pairs registered for market — skipping detection [3mmarket_id[0m[2m=[0m2285bae6-253b-4085-b0d1-0af34b5530b6
[2m2026-04-12T20:19:11.804604Z[0m [34mDEBUG[0m [2mmercury::engine::market_actor[0m[2m:[0m Tick received — running arb detection [3mmarket_id[0m[2m=[0m2285bae6-253b-4085-b0d1-0af34b5530b6 [3mplatform[0m[2m=[0mPolymarket [3mbid[0m[2m=[0m0.44 [3mask[0m[2m=[0m0.45 [3mmid[0m[2m=[0m0.4450 [3mbid_size[0m[2m=[0m50 [3mask_size[0m[2m=[0m4.46
[2m2026-04-12T20:19:11.804641Z[0m [34mDEBUG[0m [2mmercury::engine::detector[0m[2m:[0m No arb pairs registered for market — skipping detection [3mmarket_id[0m[2m=[0mbc548cd4-ced9-48e8-b131-410c92fb3a0e
[2m2026-04-12T20:19:11.804767Z[0m [34mDEBUG[0m [2mmercury::engine::detector[0m[2m:[0m No arb pairs registered for market — skipping detection [3mmarket_id[0m[2m=[0m2285bae6-253b-4085-b0d1-0af34b5530b6
[2m2026-04-12T20:19:11.804762Z[0m [34mDEBUG[0m [2mmercury::engine::market_actor[0m[2m:[0m Tick received — running arb detection [3mmarket_id[0m[2m=[0mbc548cd4-ced9-48e8-b131-410c92fb3a0e [3mplatform[0m[2m=[0mPolymarket [3mbid[0m[2m=[0m0.37 [3mask[0m[2m=[0m0.4 [3mmid[0m[2m=[0m0.3850 [3mbid_size[0m[2m=[0m5.6 [3mask_size[0m[2m=[0m6.72
[2m2026-04-12T20:19:11.804983Z[0m [34mDEBUG[0m [2mmercury::engine::detector[0m[2m:[0m No arb pairs registered for market — skipping detection [3mmarket_id[0m[2m=[0mbc548cd4-ced9-48e8-b131-410c92fb3a0e
[2m2026-04-12T20:19:11.805094Z[0m [34mDEBUG[0m [2mmercury::engine::market_actor[0m[2m:[0m Tick received — running arb detection [3mmarket_id[0m[2m=[0mbc548cd4-ced9-48e8-b131-410c92fb3a0e [3mplatform[0m[2m=[0mPolymarket [3mbid[0m[2m=[0m0.37 [3mask[0m[2m=[0m0.4 [3mmid[0m[2m=[0m0.3850 [3mbid_size[0m[2m=[0m5.6 [3mask_size[0m[2m=[0m6.72
[2m2026-04-12T20:19:11.805228Z[0m [34mDEBUG[0m [2mmercury::engine::detector[0m[2m:[0m No arb pairs registered for market — skipping detection [3mmarket_id[0m[2m=[0mbc548cd4-ced9-48e8-b131-410c92fb3a0e
[2m2026-04-12T20:19:11.843777Z[0m [34mDEBUG[0m [2mmercury::feeds::polymarket[0m[2m:[0m Unknown Polymarket event type [3mevent_type[0m[2m=[0mbest_bid_ask
[2m2026-04-12T20:19:11.844103Z[0m [34mDEBUG[0m [2mmercury::engine::market_actor[0m[2m:[0m Tick received — running arb detection [3mmarket_id[0m[2m=[0m189bf673-b643-45a5-be39-c4a3275d71a0 [3mplatform[0m[2m=[0mPolymarket [3mbid[0m[2m=[0m0.42 [3mask[0m[2m=[0m0.43 [3mmid[0m[2m=[0m0.4250 [3mbid_size[0m[2m=[0m43.29 [3mask_size[0m[2m=[0m122.99
[2m2026-04-12T20:19:11.844222Z[0m [34mDEBUG[0m [2mmercury::engine::detector[0m[2m:[0m No arb pairs registered for market — skipping detection [3mmarket_id[0m[2m=[0m189bf673-b643-45a5-be39-c4a3275d71a0
[2m2026-04-12T20:19:11.844456Z[0m [34mDEBUG[0m [2mmercury::engine::market_actor[0m[2m:[0m Tick received — running arb detection [3mmarket_id[0m[2m=[0m189bf673-b643-45a5-be39-c4a3275d71a0 [3mplatform[0m[2m=[0mPolymarket [3mbid[0m[2m=[0m0.42 [3mask[0m[2m=[0m0.43 [3mmid[0m[2m=[0m0.4250 [3mbid_size[0m[2m=[0m43.29 [3mask_size[0m[2m=[0m122.99
[2m2026-04-12T20:19:11.844559Z[0m [34mDEBUG[0m [2mmercury::engine::detector[0m[2m:[0m No arb pairs registered for market — skipping detection [3mmarket_id[0m[2m=[0m189bf673-b643-45a5-be39-c4a3275d71a0
[2m2026-04-12T20:19:11.844557Z[0m [34mDEBUG[0m [2mmercury::engine::market_actor[0m[2m:[0m Tick received — running arb detection [3mmarket_id[0m[2m=[0m39a28b31-a7f7-4e16-b2f1-1e1948be289c [3mplatform[0m[2m=[0mPolymarket [3mbid[0m[2m=[0m0.4 [3mask[0m[2m=[0m0.42 [3mmid[0m[2m=[0m0.41 [3mbid_size[0m[2m=[0m5.37 [3mask_size[0m[2m=[0m153
[2m2026-04-12T20:19:11.844654Z[0m [34mDEBUG[0m [2mmercury::engine::detector[0m[2m:[0m No arb pairs registered for market — skipping detection [3mmarket_id[0m[2m=[0m39a28b31-a7f7-4e16-b2f1-1e1948be289c
[2m2026-04-12T20:19:11.897085Z[0m [34mDEBUG[0m [2mmercury::engine::market_actor[0m[2m:[0m Tick received — running arb detection [3mmarket_id[0m[2m=[0m189bf673-b643-45a5-be39-c4a3275d71a0 [3mplatform[0m[2m=[0mPolymarket [3mbid[0m[2m=[0m0.42 [3mask[0m[2m=[0m0.43 [3mmid[0m[2m=[0m0.4250 [3mbid_size[0m[2m=[0m43.29 [3mask_size[0m[2m=[0m122.99
[2m2026-04-12T20:19:11.897267Z[0m [34mDEBUG[0m [2mmercury::engine::detector[0m[2m:[0m No arb pairs registered for market — skipping detection [3mmarket_id[0m[2m=[0m189bf673-b643-45a5-be39-c4a3275d71a0
[2m2026-04-12T20:19:11.946077Z[0m [34mDEBUG[0m [2mmercury::feeds::polymarket[0m[2m:[0m Unknown Polymarket event type [3mevent_type[0m[2m=[0mnew_market
[2m2026-04-12T20:19:11.946521Z[0m [34mDEBUG[0m [2mmercury::engine::market_actor[0m[2m:[0m Tick received — running arb detection [3mmarket_id[0m[2m=[0m189bf673-b643-45a5-be39-c4a3275d71a0 [3mplatform[0m[2m=[0mPolymarket [3mbid[0m[2m=[0m0.42 [3mask[0m[2m=[0m0.43 [3mmid[0m[2m=[0m0.4250 [3mbid_size[0m[2m=[0m43.29 [3mask_size[0m[2m=[0m122.99
[2m2026-04-12T20:19:11.946754Z[0m [34mDEBUG[0m [2mmercury::engine::detector[0m[2m:[0m No arb pairs registered for market — skipping detection [3mmarket_id[0m[2m=[0m189bf673-b643-45a5-be39-c4a3275d71a0
[2m2026-04-12T20:19:11.946847Z[0m [34mDEBUG[0m [2mmercury::engine::market_actor[0m[2m:[0m Tick received — running arb detection [3mmarket_id[0m[2m=[0m189bf673-b643-45a5-be39-c4a3275d71a0 [3mplatform[0m[2m=[0mPolymarket [3mbid[0m[2m=[0m0.42 [3mask[0m[2m=[0m0.43 [3mmid[0m[2m=[0m0.4250 [3mbid_size[0m[2m=[0m43.29 [3mask_size[0m[2m=[0m122.99
[2m2026-04-12T20:19:11.946957Z[0m [34mDEBUG[0m [2mmercury::engine::detector[0m[2m:[0m No arb pairs registered for market — skipping detection [3mmarket_id[0m[2m=[0m189bf673-b643-45a5-be39-c4a3275d71a0
[2m2026-04-12T20:19:11.951141Z[0m [34mDEBUG[0m [2mmercury::engine::market_actor[0m[2m:[0m Tick received — running arb detection [3mmarket_id[0m[2m=[0m189bf673-b643-45a5-be39-c4a3275d71a0 [3mplatform[0m[2m=[0mPolymarket [3mbid[0m[2m=[0m0.42 [3mask[0m[2m=[0m0.43 [3mmid[0m[2m=[0m0.4250 [3mbid_size[0m[2m=[0m43.29 [3mask_size[0m[2m=[0m161.85
[2m2026-04-12T20:19:11.951317Z[0m [34mDEBUG[0m [2mmercury::engine::detector[0m[2m:[0m No arb pairs registered for market — skipping detection [3mmarket_id[0m[2m=[0m189bf673-b643-45a5-be39-c4a3275d71a0
[2m2026-04-12T20:19:11.959579Z[0m [34mDEBUG[0m [2mmercury::engine::market_actor[0m[2m:[0m Tick received — running arb detection [3mmarket_id[0m[2m=[0m2285bae6-253b-4085-b0d1-0af34b5530b6 [3mplatform[0m[2m=[0mPolymarket [3mbid[0m[2m=[0m0.44 [3mask[0m[2m=[0m0.45 [3mmid[0m[2m=[0m0.4450 [3mbid_size[0m[2m=[0m50 [3mask_size[0m[2m=[0m4.46
[2m2026-04-12T20:19:11.959775Z[0m [34mDEBUG[0m [2mmercury::engine::detector[0m[2m:[0m No arb pairs registered for market — skipping detection [3mmarket_id[0m[2m=[0m2285bae6-253b-4085-b0d1-0af34b5530b6
[2m2026-04-12T20:19:12.000597Z[0m [34mDEBUG[0m [2mmercury::engine::market_actor[0m[2m:[0m Tick received — running arb detection [3mmarket_id[0m[2m=[0m2285bae6-253b-4085-b0d1-0af34b5530b6 [3mplatform[0m[2m=[0mPolymarket [3mbid[0m[2m=[0m0.44 [3mask[0m[2m=[0m0.45 [3mmid[0m[2m=[0m0.4450 [3mbid_size[0m[2m=[0m50 [3mask_size[0m[2m=[0m4.46
[2m2026-04-12T20:19:12.000597Z[0m [34mDEBUG[0m [2mmercury::engine::market_actor[0m[2m:[0m Tick received — running arb detection [3mmarket_id[0m[2m=[0m39a28b31-a7f7-4e16-b2f1-1e1948be289c [3mplatform[0m[2m=[0mPolymarket [3mbid[0m[2m=[0m0.4 [3mask[0m[2m=[0m0.42 [3mmid[0m[2m=[0m0.41 [3mbid_size[0m[2m=[0m5.37 [3mask_size[0m[2m=[0m153
[2m2026-04-12T20:19:12.000756Z[0m [34mDEBUG[0m [2mmercury::engine::market_actor[0m[2m:[0m Tick received — running arb detection [3mmarket_id[0m[2m=[0mbc548cd4-ced9-48e8-b131-410c92fb3a0e [3mplatform[0m[2m=[0mPolymarket [3mbid[0m[2m=[0m0.37 [3mask[0m[2m=[0m0.4 [3mmid[0m[2m=[0m0.3850 [3mbid_size[0m[2m=[0m5.6 [3mask_size[0m[2m=[0m6.72
[2m2026-04-12T20:19:12.000859Z[0m [34mDEBUG[0m [2mmercury::engine::detector[0m[2m:[0m No arb pairs registered for market — skipping detection [3mmarket_id[0m[2m=[0m39a28b31-a7f7-4e16-b2f1-1e1948be289c
[2m2026-04-12T20:19:12.000873Z[0m [34mDEBUG[0m [2mmercury::engine::detector[0m[2m:[0m No arb pairs registered for market — skipping detection [3mmarket_id[0m[2m=[0m2285bae6-253b-4085-b0d1-0af34b5530b6
[2m2026-04-12T20:19:12.000892Z[0m [34mDEBUG[0m [2mmercury::engine::market_actor[0m[2m:[0m Tick received — running arb detection [3mmarket_id[0m[2m=[0m189bf673-b643-45a5-be39-c4a3275d71a0 [3mplatform[0m[2m=[0mPolymarket [3mbid[0m[2m=[0m0.42 [3mask[0m[2m=[0m0.43 [3mmid[0m[2m=[0m0.4250 [3mbid_size[0m[2m=[0m43.29 [3mask_size[0m[2m=[0m161.85
[2m2026-04-12T20:19:12.000951Z[0m [34mDEBUG[0m [2mmercury::engine::market_actor[0m[2m:[0m Tick received — running arb detection [3mmarket_id[0m[2m=[0m39a28b31-a7f7-4e16-b2f1-1e1948be289c [3mplatform[0m[2m=[0mPolymarket [3mbid[0m[2m=[0m0.4 [3mask[0m[2m=[0m0.42 [3mmid[0m[2m=[0m0.41 [3mbid_size[0m[2m=[0m5.37 [3mask_size[0m[2m=[0m153
[2m2026-04-12T20:19:12.001079Z[0m [34mDEBUG[0m [2mmercury::engine::detector[0m[2m:[0m No arb pairs registered for market — skipping detection [3mmarket_id[0m[2m=[0mbc548cd4-ced9-48e8-b131-410c92fb3a0e
[2m2026-04-12T20:19:12.001259Z[0m [34mDEBUG[0m [2mmercury::engine::detector[0m[2m:[0m No arb pairs registered for market — skipping detection [3mmarket_id[0m[2m=[0m189bf673-b643-45a5-be39-c4a3275d71a0
[2m2026-04-12T20:19:12.001254Z[0m [34mDEBUG[0m [2mmercury::engine::market_actor[0m[2m:[0m Tick received — running arb detection [3mmarket_id[0m[2m=[0mbc548cd4-ced9-48e8-b131-410c92fb3a0e [3mplatform[0m[2m=[0mPolymarket [3mbid[0m[2m=[0m0.37 [3mask[0m[2m=[0m0.4 [3mmid[0m[2m=[0m0.3850 [3mbid_size[0m[2m=[0m5.6 [3mask_size[0m[2m=[0m6.72
[2m2026-04-12T20:19:12.001449Z[0m [34mDEBUG[0m [2mmercury::engine::detector[0m[2m:[0m No arb pairs registered for market — skipping detection [3mmarket_id[0m[2m=[0m39a28b31-a7f7-4e16-b2f1-1e1948be289c
[2m2026-04-12T20:19:12.001447Z[0m [34mDEBUG[0m [2mmercury::engine::market_actor[0m[2m:[0m Tick received — running arb detection [3mmarket_id[0m[2m=[0m189bf673-b643-45a5-be39-c4a3275d71a0 [3mplatform[0m[2m=[0mPolymarket [3mbid[0m[2m=[0m0.42 [3mask[0m[2m=[0m0.43 [3mmid[0m[2m=[0m0.4250 [3mbid_size[0m[2m=[0m43.29 [3mask_size[0m[2m=[0m161.85
[2m2026-04-12T20:19:12.001636Z[0m [34mDEBUG[0m [2mmercury::engine::detector[0m[2m:[0m No arb pairs registered for market — skipping detection [3mmarket_id[0m[2m=[0mbc548cd4-ced9-48e8-b131-410c92fb3a0e
[2m2026-04-12T20:19:12.001852Z[0m [34mDEBUG[0m [2mmercury::engine::detector[0m[2m:[0m No arb pairs registered for market — skipping detection [3mmarket_id[0m[2m=[0m189bf673-b643-45a5-be39-c4a3275d71a0
[2m2026-04-12T20:19:12.001861Z[0m [34mDEBUG[0m [2mmercury::engine::market_actor[0m[2m:[0m Tick received — running arb detection [3mmarket_id[0m[2m=[0mbc548cd4-ced9-48e8-b131-410c92fb3a0e [3mplatform[0m[2m=[0mPolymarket [3mbid[0m[2m=[0m0.37 [3mask[0m[2m=[0m0.4 [3mmid[0m[2m=[0m0.3850 [3mbid_size[0m[2m=[0m5.6 [3mask_size[0m[2m=[0m6.72
[2m2026-04-12T20:19:12.002005Z[0m [34mDEBUG[0m [2mmercury::engine::market_actor[0m[2m:[0m Tick received — running arb detection [3mmarket_id[0m[2m=[0m189bf673-b643-45a5-be39-c4a3275d71a0 [3mplatform[0m[2m=[0mPolymarket [3mbid[0m[2m=[0m0.42 [3mask[0m[2m=[0m0.43 [3mmid[0m[2m=[0m0.4250 [3mbid_size[0m[2m=[0m43.29 [3mask_size[0m[2m=[0m161.85
[2m2026-04-12T20:19:12.002094Z[0m [34mDEBUG[0m [2mmercury::engine::detector[0m[2m:[0m No arb pairs registered for market — skipping detection [3mmarket_id[0m[2m=[0mbc548cd4-ced9-48e8-b131-410c92fb3a0e
[2m2026-04-12T20:19:12.002176Z[0m [34mDEBUG[0m [2mmercury::engine::detector[0m[2m:[0m No arb pairs registered for market — skipping detection [3mmarket_id[0m[2m=[0m189bf673-b643-45a5-be39-c4a3275d71a0
[2m2026-04-12T20:19:12.002175Z[0m [34mDEBUG[0m [2mmercury::engine::market_actor[0m[2m:[0m Tick received — running arb detection [3mmarket_id[0m[2m=[0mbc548cd4-ced9-48e8-b131-410c92fb3a0e [3mplatform[0m[2m=[0mPolymarket [3mbid[0m[2m=[0m0.37 [3mask[0m[2m=[0m0.4 [3mmid[0m[2m=[0m0.3850 [3mbid_size[0m[2m=[0m5.6 [3mask_size[0m[2m=[0m6.72
[2m2026-04-12T20:19:12.002319Z[0m [34mDEBUG[0m [2mmercury::engine::detector[0m[2m:[0m No arb pairs registered for market — skipping detection [3mmarket_id[0m[2m=[0mbc548cd4-ced9-48e8-b131-410c92fb3a0e
[2m2026-04-12T20:19:12.003723Z[0m [34mDEBUG[0m [2mmercury::engine::market_actor[0m[2m:[0m Tick received — running arb detection [3mmarket_id[0m[2m=[0m189bf673-b643-45a5-be39-c4a3275d71a0 [3mplatform[0m[2m=[0mPolymarket [3mbid[0m[2m=[0m0.42 [3mask[0m[2m=[0m0.43 [3mmid[0m[2m=[0m0.4250 [3mbid_size[0m[2m=[0m43.29 [3mask_size[0m[2m=[0m161.85
[2m2026-04-12T20:19:12.003856Z[0m [34mDEBUG[0m [2mmercury::engine::detector[0m[2m:[0m No arb pairs registered for market — skipping detection [3mmarket_id[0m[2m=[0m189bf673-b643-45a5-be39-c4a3275d71a0
[2m2026-04-12T20:19:12.054640Z[0m [34mDEBUG[0m [2mmercury::engine::market_actor[0m[2m:[0m Tick received — running arb detection [3mmarket_id[0m[2m=[0mbc548cd4-ced9-48e8-b131-410c92fb3a0e [3mplatform[0m[2m=[0mPolymarket [3mbid[0m[2m=[0m0.37 [3mask[0m[2m=[0m0.4 [3mmid[0m[2m=[0m0.3850 [3mbid_size[0m[2m=[0m5.6 [3mask_size[0m[2m=[0m6.72
[2m2026-04-12T20:19:12.054852Z[0m [34mDEBUG[0m [2mmercury::engine::market_actor[0m[2m:[0m Tick received — running arb detection [3mmarket_id[0m[2m=[0m189bf673-b643-45a5-be39-c4a3275d71a0 [3mplatform[0m[2m=[0mPolymarket [3mbid[0m[2m=[0m0.42 [3mask[0m[2m=[0m0.43 [3mmid[0m[2m=[0m0.4250 [3mbid_size[0m[2m=[0m43.29 [3mask_size[0m[2m=[0m161.85
[2m2026-04-12T20:19:12.054901Z[0m [34mDEBUG[0m [2mmercury::engine::detector[0m[2m:[0m No arb pairs registered for market — skipping detection [3mmarket_id[0m[2m=[0mbc548cd4-ced9-48e8-b131-410c92fb3a0e
[2m2026-04-12T20:19:12.055233Z[0m [34mDEBUG[0m [2mmercury::engine::detector[0m[2m:[0m No arb pairs registered for market — skipping detection [3mmarket_id[0m[2m=[0m189bf673-b643-45a5-be39-c4a3275d71a0
[2m2026-04-12T20:19:12.055201Z[0m [34mDEBUG[0m [2mmercury::engine::market_actor[0m[2m:[0m Tick received — running arb detection [3mmarket_id[0m[2m=[0mbc548cd4-ced9-48e8-b131-410c92fb3a0e [3mplatform[0m[2m=[0mPolymarket [3mbid[0m[2m=[0m0.37 [3mask[0m[2m=[0m0.4 [3mmid[0m[2m=[0m0.3850 [3mbid_size[0m[2m=[0m5.6 [3mask_size[0m[2m=[0m6.72
[2m2026-04-12T20:19:12.055480Z[0m [34mDEBUG[0m [2mmercury::engine::market_actor[0m[2m:[0m Tick received — running arb detection [3mmarket_id[0m[2m=[0m189bf673-b643-45a5-be39-c4a3275d71a0 [3mplatform[0m[2m=[0mPolymarket [3mbid[0m[2m=[0m0.42 [3mask[0m[2m=[0m0.43 [3mmid[0m[2m=[0m0.4250 [3mbid_size[0m[2m=[0m43.29 [3mask_size[0m[2m=[0m161.85
[2m2026-04-12T20:19:12.055490Z[0m [34mDEBUG[0m [2mmercury::engine::market_actor[0m[2m:[0m Tick received — running arb detection [3mmarket_id[0m[2m=[0m2285bae6-253b-4085-b0d1-0af34b5530b6 [3mplatform[0m[2m=[0mPolymarket [3mbid[0m[2m=[0m0.44 [3mask[0m[2m=[0m0.45 [3mmid[0m[2m=[0m0.4450 [3mbid_size[0m[2m=[0m50 [3mask_size[0m[2m=[0m4.46
[2m2026-04-12T20:19:12.055623Z[0m [34mDEBUG[0m [2mmercury::engine::detector[0m[2m:[0m No arb pairs registered for market — skipping detection [3mmarket_id[0m[2m=[0mbc548cd4-ced9-48e8-b131-410c92fb3a0e
[2m2026-04-12T20:19:12.055728Z[0m [34mDEBUG[0m [2mmercury::engine::market_actor[0m[2m:[0m Tick received — running arb detection [3mmarket_id[0m[2m=[0m39a28b31-a7f7-4e16-b2f1-1e1948be289c [3mplatform[0m[2m=[0mPolymarket [3mbid[0m[2m=[0m0.4 [3mask[0m[2m=[0m0.42 [3mmid[0m[2m=[0m0.41 [3mbid_size[0m[2m=[0m5.37 [3mask_size[0m[2m=[0m153
[2m2026-04-12T20:19:12.055764Z[0m [34mDEBUG[0m [2mmercury::engine::detector[0m[2m:[0m No arb pairs registered for market — skipping detection [3mmarket_id[0m[2m=[0m189bf673-b643-45a5-be39-c4a3275d71a0
[2m2026-04-12T20:19:12.055907Z[0m [34mDEBUG[0m [2mmercury::engine::detector[0m[2m:[0m No arb pairs registered for market — skipping detection [3mmarket_id[0m[2m=[0m2285bae6-253b-4085-b0d1-0af34b5530b6
[2m2026-04-12T20:19:12.055883Z[0m [34mDEBUG[0m [2mmercury::engine::market_actor[0m[2m:[0m Tick received — running arb detection [3mmarket_id[0m[2m=[0mbc548cd4-ced9-48e8-b131-410c92fb3a0e [3mplatform[0m[2m=[0mPolymarket [3mbid[0m[2m=[0m0.37 [3mask[0m[2m=[0m0.4 [3mmid[0m[2m=[0m0.3850 [3mbid_size[0m[2m=[0m5.6 [3mask_size[0m[2m=[0m6.72
[2m2026-04-12T20:19:12.055908Z[0m [34mDEBUG[0m [2mmercury::engine::market_actor[0m[2m:[0m Tick received — running arb detection [3mmarket_id[0m[2m=[0m189bf673-b643-45a5-be39-c4a3275d71a0 [3mplatform[0m[2m=[0mPolymarket [3mbid[0m[2m=[0m0.42 [3mask[0m[2m=[0m0.43 [3mmid[0m[2m=[0m0.4250 [3mbid_size[0m[2m=[0m43.29 [3mask_size[0m[2m=[0m161.85
[2m2026-04-12T20:19:12.056078Z[0m [34mDEBUG[0m [2mmercury::engine::market_actor[0m[2m:[0m Tick received — running arb detection [3mmarket_id[0m[2m=[0m2285bae6-253b-4085-b0d1-0af34b5530b6 [3mplatform[0m[2m=[0mPolymarket [3mbid[0m[2m=[0m0.44 [3mask[0m[2m=[0m0.45 [3mmid[0m[2m=[0m0.4450 [3mbid_size[0m[2m=[0m50 [3mask_size[0m[2m=[0m4.46
[2m2026-04-12T20:19:12.056096Z[0m [34mDEBUG[0m [2mmercury::engine::detector[0m[2m:[0m No arb pairs registered for market — skipping detection [3mmarket_id[0m[2m=[0m39a28b31-a7f7-4e16-b2f1-1e1948be289c
[2m2026-04-12T20:19:12.056308Z[0m [34mDEBUG[0m [2mmercury::engine::market_actor[0m[2m:[0m Tick received — running arb detection [3mmarket_id[0m[2m=[0m39a28b31-a7f7-4e16-b2f1-1e1948be289c [3mplatform[0m[2m=[0mPolymarket [3mbid[0m[2m=[0m0.4 [3mask[0m[2m=[0m0.42 [3mmid[0m[2m=[0m0.41 [3mbid_size[0m[2m=[0m5.37 [3mask_size[0m[2m=[0m153
[2m2026-04-12T20:19:12.056368Z[0m [34mDEBUG[0m [2mmercury::engine::detector[0m[2m:[0m No arb pairs registered for market — skipping detection [3mmarket_id[0m[2m=[0m189bf673-b643-45a5-be39-c4a3275d71a0
[2m2026-04-12T20:19:12.056372Z[0m [34mDEBUG[0m [2mmercury::engine::detector[0m[2m:[0m No arb pairs registered for market — skipping detection [3mmarket_id[0m[2m=[0mbc548cd4-ced9-48e8-b131-410c92fb3a0e
[2m2026-04-12T20:19:12.056521Z[0m [34mDEBUG[0m [2mmercury::engine::market_actor[0m[2m:[0m Tick received — running arb detection [3mmarket_id[0m[2m=[0m189bf673-b643-45a5-be39-c4a3275d71a0 [3mplatform[0m[2m=[0mPolymarket [3mbid[0m[2m=[0m0.42 [3mask[0m[2m=[0m0.43 [3mmid[0m[2m=[0m0.4250 [3mbid_size[0m[2m=[0m43.29 [3mask_size[0m[2m=[0m161.85
[2m2026-04-12T20:19:12.056587Z[0m [34mDEBUG[0m [2mmercury::engine::market_actor[0m[2m:[0m Tick received — running arb detection [3mmarket_id[0m[2m=[0mbc548cd4-ced9-48e8-b131-410c92fb3a0e [3mplatform[0m[2m=[0mPolymarket [3mbid[0m[2m=[0m0.37 [3mask[0m[2m=[0m0.4 [3mmid[0m[2m=[0m0.3850 [3mbid_size[0m[2m=[0m5.6 [3mask_size[0m[2m=[0m6.72
[2m2026-04-12T20:19:12.056596Z[0m [34mDEBUG[0m [2mmercury::engine::detector[0m[2m:[0m No arb pairs registered for market — skipping detection [3mmarket_id[0m[2m=[0m2285bae6-253b-4085-b0d1-0af34b5530b6
[2m2026-04-12T20:19:12.056841Z[0m [34mDEBUG[0m [2mmercury::engine::detector[0m[2m:[0m No arb pairs registered for market — skipping detection [3mmarket_id[0m[2m=[0mbc548cd4-ced9-48e8-b131-410c92fb3a0e
[2m2026-04-12T20:19:12.056878Z[0m [34mDEBUG[0m [2mmercury::engine::detector[0m[2m:[0m No arb pairs registered for market — skipping detection [3mmarket_id[0m[2m=[0m39a28b31-a7f7-4e16-b2f1-1e1948be289c
[2m2026-04-12T20:19:12.057080Z[0m [34mDEBUG[0m [2mmercury::engine::detector[0m[2m:[0m No arb pairs registered for market — skipping detection [3mmarket_id[0m[2m=[0m189bf673-b643-45a5-be39-c4a3275d71a0
[2m2026-04-12T20:19:12.103662Z[0m [34mDEBUG[0m [2mmercury::engine::market_actor[0m[2m:[0m Tick received — running arb detection [3mmarket_id[0m[2m=[0m189bf673-b643-45a5-be39-c4a3275d71a0 [3mplatform[0m[2m=[0mPolymarket [3mbid[0m[2m=[0m0.42 [3mask[0m[2m=[0m0.43 [3mmid[0m[2m=[0m0.4250 [3mbid_size[0m[2m=[0m43.29 [3mask_size[0m[2m=[0m161.85
[2m2026-04-12T20:19:12.104012Z[0m [34mDEBUG[0m [2mmercury::engine::detector[0m[2m:[0m No arb pairs registered for market — skipping detection [3mmarket_id[0m[2m=[0m189bf673-b643-45a5-be39-c4a3275d71a0
[2m2026-04-12T20:19:12.104127Z[0m [34mDEBUG[0m [2mmercury::engine::market_actor[0m[2m:[0m Tick received — running arb detection [3mmarket_id[0m[2m=[0m189bf673-b643-45a5-be39-c4a3275d71a0 [3mplatform[0m[2m=[0mPolymarket [3mbid[0m[2m=[0m0.42 [3mask[0m[2m=[0m0.43 [3mmid[0m[2m=[0m0.4250 [3mbid_size[0m[2m=[0m43.29 [3mask_size[0m[2m=[0m161.85
[2m2026-04-12T20:19:12.104333Z[0m [34mDEBUG[0m [2mmercury::engine::detector[0m[2m:[0m No arb pairs registered for market — skipping detection [3mmarket_id[0m[2m=[0m189bf673-b643-45a5-be39-c4a3275d71a0
[2m2026-04-12T20:19:12.104426Z[0m [34mDEBUG[0m [2mmercury::engine::market_actor[0m[2m:[0m Tick received — running arb detection [3mmarket_id[0m[2m=[0m189bf673-b643-45a5-be39-c4a3275d71a0 [3mplatform[0m[2m=[0mPolymarket [3mbid[0m[2m=[0m0.42 [3mask[0m[2m=[0m0.43 [3mmid[0m[2m=[0m0.4250 [3mbid_size[0m[2m=[0m43.29 [3mask_size[0m[2m=[0m161.85
[2m2026-04-12T20:19:12.104541Z[0m [34mDEBUG[0m [2mmercury::engine::detector[0m[2m:[0m No arb pairs registered for market — skipping detection [3mmarket_id[0m[2m=[0m189bf673-b643-45a5-be39-c4a3275d71a0
[2m2026-04-12T20:19:12.104590Z[0m [34mDEBUG[0m [2mmercury::engine::market_actor[0m[2m:[0m Tick received — running arb detection [3mmarket_id[0m[2m=[0m189bf673-b643-45a5-be39-c4a3275d71a0 [3mplatform[0m[2m=[0mPolymarket [3mbid[0m[2m=[0m0.42 [3mask[0m[2m=[0m0.43 [3mmid[0m[2m=[0m0.4250 [3mbid_size[0m[2m=[0m43.29 [3mask_size[0m[2m=[0m161.85
[2m2026-04-12T20:19:12.104726Z[0m [34mDEBUG[0m [2mmercury::engine::detector[0m[2m:[0m No arb pairs registered for market — skipping detection [3mmarket_id[0m[2m=[0m189bf673-b643-45a5-be39-c4a3275d71a0
[2m2026-04-12T20:19:12.104834Z[0m [34mDEBUG[0m [2mmercury::engine::market_actor[0m[2m:[0m Tick received — running arb detection [3mmarket_id[0m[2m=[0m189bf673-b643-45a5-be39-c4a3275d71a0 [3mplatform[0m[2m=[0mPolymarket [3mbid[0m[2m=[0m0.42 [3mask[0m[2m=[0m0.43 [3mmid[0m[2m=[0m0.4250 [3mbid_size[0m[2m=[0m43.29 [3mask_size[0m[2m=[0m161.85
[2m2026-04-12T20:19:12.104941Z[0m [34mDEBUG[0m [2mmercury::engine::detector[0m[2m:[0m No arb pairs registered for market — skipping detection [3mmarket_id[0m[2m=[0m189bf673-b643-45a5-be39-c4a3275d71a0
[2m2026-04-12T20:19:12.160514Z[0m [34mDEBUG[0m [2mmercury::engine::market_actor[0m[2m:[0m Tick received — running arb detection [3mmarket_id[0m[2m=[0m39a28b31-a7f7-4e16-b2f1-1e1948be289c [3mplatform[0m[2m=[0mPolymarket [3mbid[0m[2m=[0m0.4 [3mask[0m[2m=[0m0.42 [3mmid[0m[2m=[0m0.41 [3mbid_size[0m[2m=[0m5.37 [3mask_size[0m[2m=[0m105
[2m2026-04-12T20:19:12.160514Z[0m [34mDEBUG[0m [2mmercury::engine::market_actor[0m[2m:[0m Tick received — running arb detection [3mmarket_id[0m[2m=[0mbc548cd4-ced9-48e8-b131-410c92fb3a0e [3mplatform[0m[2m=[0mPolymarket [3mbid[0m[2m=[0m0.37 [3mask[0m[2m=[0m0.4 [3mmid[0m[2m=[0m0.3850 [3mbid_size[0m[2m=[0m5.6 [3mask_size[0m[2m=[0m6.72
[2m2026-04-12T20:19:12.160811Z[0m [34mDEBUG[0m [2mmercury::engine::detector[0m[2m:[0m No arb pairs registered for market — skipping detection [3mmarket_id[0m[2m=[0m39a28b31-a7f7-4e16-b2f1-1e1948be289c
[2m2026-04-12T20:19:12.160928Z[0m [34mDEBUG[0m [2mmercury::engine::detector[0m[2m:[0m No arb pairs registered for market — skipping detection [3mmarket_id[0m[2m=[0mbc548cd4-ced9-48e8-b131-410c92fb3a0e
[2m2026-04-12T20:19:12.161089Z[0m [34mDEBUG[0m [2mmercury::engine::market_actor[0m[2m:[0m Tick received — running arb detection [3mmarket_id[0m[2m=[0m2285bae6-253b-4085-b0d1-0af34b5530b6 [3mplatform[0m[2m=[0mPolymarket [3mbid[0m[2m=[0m0.44 [3mask[0m[2m=[0m0.45 [3mmid[0m[2m=[0m0.4450 [3mbid_size[0m[2m=[0m50 [3mask_size[0m[2m=[0m4.46
[2m2026-04-12T20:19:12.161122Z[0m [34mDEBUG[0m [2mmercury::engine::market_actor[0m[2m:[0m Tick received — running arb detection [3mmarket_id[0m[2m=[0mbc548cd4-ced9-48e8-b131-410c92fb3a0e [3mplatform[0m[2m=[0mPolymarket [3mbid[0m[2m=[0m0.37 [3mask[0m[2m=[0m0.4 [3mmid[0m[2m=[0m0.3850 [3mbid_size[0m[2m=[0m5.6 [3mask_size[0m[2m=[0m6.72
[2m2026-04-12T20:19:12.161129Z[0m [34mDEBUG[0m [2mmercury::engine::market_actor[0m[2m:[0m Tick received — running arb detection [3mmarket_id[0m[2m=[0m39a28b31-a7f7-4e16-b2f1-1e1948be289c [3mplatform[0m[2m=[0mPolymarket [3mbid[0m[2m=[0m0.4 [3mask[0m[2m=[0m0.42 [3mmid[0m[2m=[0m0.41 [3mbid_size[0m[2m=[0m5.37 [3mask_size[0m[2m=[0m105
[2m2026-04-12T20:19:12.161286Z[0m [34mDEBUG[0m [2mmercury::engine::detector[0m[2m:[0m No arb pairs registered for market — skipping detection [3mmarket_id[0m[2m=[0m2285bae6-253b-4085-b0d1-0af34b5530b6
[2m2026-04-12T20:19:12.161400Z[0m [34mDEBUG[0m [2mmercury::engine::market_actor[0m[2m:[0m Tick received — running arb detection [3mmarket_id[0m[2m=[0m2285bae6-253b-4085-b0d1-0af34b5530b6 [3mplatform[0m[2m=[0mPolymarket [3mbid[0m[2m=[0m0.44 [3mask[0m[2m=[0m0.45 [3mmid[0m[2m=[0m0.4450 [3mbid_size[0m[2m=[0m50 [3mask_size[0m[2m=[0m4.46
[2m2026-04-12T20:19:12.161410Z[0m [34mDEBUG[0m [2mmercury::engine::detector[0m[2m:[0m No arb pairs registered for market — skipping detection [3mmarket_id[0m[2m=[0mbc548cd4-ced9-48e8-b131-410c92fb3a0e
[2m2026-04-12T20:19:12.161626Z[0m [34mDEBUG[0m [2mmercury::engine::detector[0m[2m:[0m No arb pairs registered for market — skipping detection [3mmarket_id[0m[2m=[0m39a28b31-a7f7-4e16-b2f1-1e1948be289c
[2m2026-04-12T20:19:12.161626Z[0m [34mDEBUG[0m [2mmercury::engine::market_actor[0m[2m:[0m Tick received — running arb detection [3mmarket_id[0m[2m=[0mbc548cd4-ced9-48e8-b131-410c92fb3a0e [3mplatform[0m[2m=[0mPolymarket [3mbid[0m[2m=[0m0.37 [3mask[0m[2m=[0m0.4 [3mmid[0m[2m=[0m0.3850 [3mbid_size[0m[2m=[0m5.6 [3mask_size[0m[2m=[0m6.72
[2m2026-04-12T20:19:12.161817Z[0m [34mDEBUG[0m [2mmercury::engine::detector[0m[2m:[0m No arb pairs registered for market — skipping detection [3mmarket_id[0m[2m=[0mbc548cd4-ced9-48e8-b131-410c92fb3a0e
[2m2026-04-12T20:19:12.161779Z[0m [34mDEBUG[0m [2mmercury::engine::market_actor[0m[2m:[0m Tick received — running arb detection [3mmarket_id[0m[2m=[0m39a28b31-a7f7-4e16-b2f1-1e1948be289c [3mplatform[0m[2m=[0mPolymarket [3mbid[0m[2m=[0m0.4 [3mask[0m[2m=[0m0.42 [3mmid[0m[2m=[0m0.41 [3mbid_size[0m[2m=[0m5.37 [3mask_size[0m[2m=[0m105
[2m2026-04-12T20:19:12.161956Z[0m [34mDEBUG[0m [2mmercury::engine::market_actor[0m[2m:[0m Tick received — running arb detection [3mmarket_id[0m[2m=[0mbc548cd4-ced9-48e8-b131-410c92fb3a0e [3mplatform[0m[2m=[0mPolymarket [3mbid[0m[2m=[0m0.37 [3mask[0m[2m=[0m0.4 [3mmid[0m[2m=[0m0.3850 [3mbid_size[0m[2m=[0m5.6 [3mask_size[0m[2m=[0m6.72
[2m2026-04-12T20:19:12.161967Z[0m [34mDEBUG[0m [2mmercury::engine::detector[0m[2m:[0m No arb pairs registered for market — skipping detection [3mmarket_id[0m[2m=[0m2285bae6-253b-4085-b0d1-0af34b5530b6
[2m2026-04-12T20:19:12.162131Z[0m [34mDEBUG[0m [2mmercury::engine::detector[0m[2m:[0m No arb pairs registered for market — skipping detection [3mmarket_id[0m[2m=[0m39a28b31-a7f7-4e16-b2f1-1e1948be289c
[2m2026-04-12T20:19:12.162277Z[0m [34mDEBUG[0m [2mmercury::engine::detector[0m[2m:[0m No arb pairs registered for market — skipping detection [3mmarket_id[0m[2m=[0mbc548cd4-ced9-48e8-b131-410c92fb3a0e
[2m2026-04-12T20:19:12.206819Z[0m [34mDEBUG[0m [2mmercury::engine::market_actor[0m[2m:[0m Tick received — running arb detection [3mmarket_id[0m[2m=[0m39a28b31-a7f7-4e16-b2f1-1e1948be289c [3mplatform[0m[2m=[0mPolymarket [3mbid[0m[2m=[0m0.4 [3mask[0m[2m=[0m0.42 [3mmid[0m[2m=[0m0.41 [3mbid_size[0m[2m=[0m5.37 [3mask_size[0m[2m=[0m105
[2m2026-04-12T20:19:12.206831Z[0m [34mDEBUG[0m [2mmercury::engine::market_actor[0m[2m:[0m Tick received — running arb detection [3mmarket_id[0m[2m=[0m189bf673-b643-45a5-be39-c4a3275d71a0 [3mplatform[0m[2m=[0mPolymarket [3mbid[0m[2m=[0m0.42 [3mask[0m[2m=[0m0.43 [3mmid[0m[2m=[0m0.4250 [3mbid_size[0m[2m=[0m43.29 [3mask_size[0m[2m=[0m161.85
[2m2026-04-12T20:19:12.207094Z[0m [34mDEBUG[0m [2mmercury::engine::market_actor[0m[2m:[0m Tick received — running arb detection [3mmarket_id[0m[2m=[0mbc548cd4-ced9-48e8-b131-410c92fb3a0e [3mplatform[0m[2m=[0mPolymarket [3mbid[0m[2m=[0m0.37 [3mask[0m[2m=[0m0.4 [3mmid[0m[2m=[0m0.3850 [3mbid_size[0m[2m=[0m5.6 [3mask_size[0m[2m=[0m6.72
[2m2026-04-12T20:19:12.207119Z[0m [34mDEBUG[0m [2mmercury::engine::detector[0m[2m:[0m No arb pairs registered for market — skipping detection [3mmarket_id[0m[2m=[0m39a28b31-a7f7-4e16-b2f1-1e1948be289c
[2m2026-04-12T20:19:12.207247Z[0m [34mDEBUG[0m [2mmercury::engine::detector[0m[2m:[0m No arb pairs registered for market — skipping detection [3mmarket_id[0m[2m=[0m189bf673-b643-45a5-be39-c4a3275d71a0
[2m2026-04-12T20:19:12.207248Z[0m [34mDEBUG[0m [2mmercury::engine::market_actor[0m[2m:[0m Tick received — running arb detection [3mmarket_id[0m[2m=[0m39a28b31-a7f7-4e16-b2f1-1e1948be289c [3mplatform[0m[2m=[0mPolymarket [3mbid[0m[2m=[0m0.4 [3mask[0m[2m=[0m0.42 [3mmid[0m[2m=[0m0.41 [3mbid_size[0m[2m=[0m5.37 [3mask_size[0m[2m=[0m105
[2m2026-04-12T20:19:12.207259Z[0m [34mDEBUG[0m [2mmercury::engine::market_actor[0m[2m:[0m Tick received — running arb detection [3mmarket_id[0m[2m=[0m2285bae6-253b-4085-b0d1-0af34b5530b6 [3mplatform[0m[2m=[0mPolymarket [3mbid[0m[2m=[0m0.44 [3mask[0m[2m=[0m0.45 [3mmid[0m[2m=[0m0.4450 [3mbid_size[0m[2m=[0m50 [3mask_size[0m[2m=[0m4.46
[2m2026-04-12T20:19:12.207444Z[0m [34mDEBUG[0m [2mmercury::engine::detector[0m[2m:[0m No arb pairs registered for market — skipping detection [3mmarket_id[0m[2m=[0mbc548cd4-ced9-48e8-b131-410c92fb3a0e
[2m2026-04-12T20:19:12.207571Z[0m [34mDEBUG[0m [2mmercury::engine::market_actor[0m[2m:[0m Tick received — running arb detection [3mmarket_id[0m[2m=[0mbc548cd4-ced9-48e8-b131-410c92fb3a0e [3mplatform[0m[2m=[0mPolymarket [3mbid[0m[2m=[0m0.37 [3mask[0m[2m=[0m0.4 [3mmid[0m[2m=[0m0.3850 [3mbid_size[0m[2m=[0m5.6 [3mask_size[0m[2m=[0m6.72
[2m2026-04-12T20:19:12.207644Z[0m [34mDEBUG[0m [2mmercury::engine::detector[0m[2m:[0m No arb pairs registered for market — skipping detection [3mmarket_id[0m[2m=[0m39a28b31-a7f7-4e16-b2f1-1e1948be289c
[2m2026-04-12T20:19:12.207769Z[0m [34mDEBUG[0m [2mmercury::engine::detector[0m[2m:[0m No arb pairs registered for market — skipping detection [3mmarket_id[0m[2m=[0m2285bae6-253b-4085-b0d1-0af34b5530b6
[2m2026-04-12T20:19:12.207775Z[0m [34mDEBUG[0m [2mmercury::engine::market_actor[0m[2m:[0m Tick received — running arb detection [3mmarket_id[0m[2m=[0m39a28b31-a7f7-4e16-b2f1-1e1948be289c [3mplatform[0m[2m=[0mPolymarket [3mbid[0m[2m=[0m0.4 [3mask[0m[2m=[0m0.42 [3mmid[0m[2m=[0m0.41 [3mbid_size[0m[2m=[0m5.37 [3mask_size[0m[2m=[0m105
[2m2026-04-12T20:19:12.207891Z[0m [34mDEBUG[0m [2mmercury::engine::detector[0m[2m:[0m No arb pairs registered for market — skipping detection [3mmarket_id[0m[2m=[0mbc548cd4-ced9-48e8-b131-410c92fb3a0e
[2m2026-04-12T20:19:12.207889Z[0m [34mDEBUG[0m [2mmercury::engine::market_actor[0m[2m:[0m Tick received — running arb detection [3mmarket_id[0m[2m=[0m2285bae6-253b-4085-b0d1-0af34b5530b6 [3mplatform[0m[2m=[0mPolymarket [3mbid[0m[2m=[0m0.44 [3mask[0m[2m=[0m0.45 [3mmid[0m[2m=[0m0.4450 [3mbid_size[0m[2m=[0m50 [3mask_size[0m[2m=[0m4.46
[2m2026-04-12T20:19:12.208113Z[0m [34mDEBUG[0m [2mmercury::engine::detector[0m[2m:[0m No arb pairs registered for market — skipping detection [3mmarket_id[0m[2m=[0m39a28b31-a7f7-4e16-b2f1-1e1948be289c
[2m2026-04-12T20:19:12.208115Z[0m [34mDEBUG[0m [2mmercury::engine::market_actor[0m[2m:[0m Tick received — running arb detection [3mmarket_id[0m[2m=[0mbc548cd4-ced9-48e8-b131-410c92fb3a0e [3mplatform[0m[2m=[0mPolymarket [3mbid[0m[2m=[0m0.37 [3mask[0m[2m=[0m0.4 [3mmid[0m[2m=[0m0.3850 [3mbid_size[0m[2m=[0m5.6 [3mask_size[0m[2m=[0m6.72
[2m2026-04-12T20:19:12.208274Z[0m [34mDEBUG[0m [2mmercury::engine::market_actor[0m[2m:[0m Tick received — running arb detection [3mmarket_id[0m[2m=[0m39a28b31-a7f7-4e16-b2f1-1e1948be289c [3mplatform[0m[2m=[0mPolymarket [3mbid[0m[2m=[0m0.4 [3mask[0m[2m=[0m0.42 [3mmid[0m[2m=[0m0.41 [3mbid_size[0m[2m=[0m5.37 [3mask_size[0m[2m=[0m105
[2m2026-04-12T20:19:12.208301Z[0m [34mDEBUG[0m [2mmercury::engine::detector[0m[2m:[0m No arb pairs registered for market — skipping detection [3mmarket_id[0m[2m=[0m2285bae6-253b-4085-b0d1-0af34b5530b6
[2m2026-04-12T20:19:12.208484Z[0m [34mDEBUG[0m [2mmercury::engine::detector[0m[2m:[0m No arb pairs registered for market — skipping detection [3mmarket_id[0m[2m=[0mbc548cd4-ced9-48e8-b131-410c92fb3a0e
[2m2026-04-12T20:19:12.208653Z[0m [34mDEBUG[0m [2mmercury::engine::market_actor[0m[2m:[0m Tick received — running arb detection [3mmarket_id[0m[2m=[0mbc548cd4-ced9-48e8-b131-410c92fb3a0e [3mplatform[0m[2m=[0mPolymarket [3mbid[0m[2m=[0m0.37 [3mask[0m[2m=[0m0.4 [3mmid[0m[2m=[0m0.3850 [3mbid_size[0m[2m=[0m5.6 [3mask_size[0m[2m=[0m6.72
[2m2026-04-12T20:19:12.208697Z[0m [34mDEBUG[0m [2mmercury::engine::detector[0m[2m:[0m No arb pairs registered for market — skipping detection [3mmarket_id[0m[2m=[0m39a28b31-a7f7-4e16-b2f1-1e1948be289c
[2m2026-04-12T20:19:12.208789Z[0m [34mDEBUG[0m [2mmercury::engine::detector[0m[2m:[0m No arb pairs registered for market — skipping detection [3mmarket_id[0m[2m=[0mbc548cd4-ced9-48e8-b131-410c92fb3a0e
[2m2026-04-12T20:19:12.208931Z[0m [34mDEBUG[0m [2mmercury::engine::market_actor[0m[2m:[0m Tick received — running arb detection [3mmarket_id[0m[2m=[0mbc548cd4-ced9-48e8-b131-410c92fb3a0e [3mplatform[0m[2m=[0mPolymarket [3mbid[0m[2m=[0m0.37 [3mask[0m[2m=[0m0.4 [3mmid[0m[2m=[0m0.3850 [3mbid_size[0m[2m=[0m5.6 [3mask_size[0m[2m=[0m6.72
[2m2026-04-12T20:19:12.209075Z[0m [34mDEBUG[0m [2mmercury::engine::detector[0m[2m:[0m No arb pairs registered for market — skipping detection [3mmarket_id[0m[2m=[0mbc548cd4-ced9-48e8-b131-410c92fb3a0e
[2m2026-04-12T20:19:12.209197Z[0m [34mDEBUG[0m [2mmercury::engine::market_actor[0m[2m:[0m Tick received — running arb detection [3mmarket_id[0m[2m=[0mbc548cd4-ced9-48e8-b131-410c92fb3a0e [3mplatform[0m[2m=[0mPolymarket [3mbid[0m[2m=[0m0.37 [3mask[0m[2m=[0m0.4 [3mmid[0m[2m=[0m0.3850 [3mbid_size[0m[2m=[0m5.6 [3mask_size[0m[2m=[0m6.72
[2m2026-04-12T20:19:12.209308Z[0m [34mDEBUG[0m [2mmercury::engine::detector[0m[2m:[0m No arb pairs registered for market — skipping detection [3mmarket_id[0m[2m=[0mbc548cd4-ced9-48e8-b131-410c92fb3a0e
[2m2026-04-12T20:19:12.212251Z[0m [34mDEBUG[0m [2mmercury::engine::market_actor[0m[2m:[0m Tick received — running arb detection [3mmarket_id[0m[2m=[0m189bf673-b643-45a5-be39-c4a3275d71a0 [3mplatform[0m[2m=[0mPolymarket [3mbid[0m[2m=[0m0.42 [3mask[0m[2m=[0m0.43 [3mmid[0m[2m=[0m0.4250 [3mbid_size[0m[2m=[0m43.29 [3mask_size[0m[2m=[0m161.85
[2m2026-04-12T20:19:12.212336Z[0m [34mDEBUG[0m [2mmercury::engine::detector[0m[2m:[0m No arb pairs registered for market — skipping detection [3mmarket_id[0m[2m=[0m189bf673-b643-45a5-be39-c4a3275d71a0
[2m2026-04-12T20:19:12.212390Z[0m [34mDEBUG[0m [2mmercury::engine::market_actor[0m[2m:[0m Tick received — running arb detection [3mmarket_id[0m[2m=[0m189bf673-b643-45a5-be39-c4a3275d71a0 [3mplatform[0m[2m=[0mPolymarket [3mbid[0m[2m=[0m0.42 [3mask[0m[2m=[0m0.43 [3mmid[0m[2m=[0m0.4250 [3mbid_size[0m[2m=[0m43.29 [3mask_size[0m[2m=[0m161.85
[2m2026-04-12T20:19:12.212461Z[0m [34mDEBUG[0m [2mmercury::engine::detector[0m[2m:[0m No arb pairs registered for market — skipping detection [3mmarket_id[0m[2m=[0m189bf673-b643-45a5-be39-c4a3275d71a0
[2m2026-04-12T20:19:12.253594Z[0m [34mDEBUG[0m [2mmercury::engine::market_actor[0m[2m:[0m Tick received — running arb detection [3mmarket_id[0m[2m=[0m39a28b31-a7f7-4e16-b2f1-1e1948be289c [3mplatform[0m[2m=[0mPolymarket [3mbid[0m[2m=[0m0.4 [3mask[0m[2m=[0m0.42 [3mmid[0m[2m=[0m0.41 [3mbid_size[0m[2m=[0m5.37 [3mask_size[0m[2m=[0m105
[2m2026-04-12T20:19:12.253808Z[0m [34mDEBUG[0m [2mmercury::engine::detector[0m[2m:[0m No arb pairs registered for market — skipping detection [3mmarket_id[0m[2m=[0m39a28b31-a7f7-4e16-b2f1-1e1948be289c
[2m2026-04-12T20:19:12.253812Z[0m [34mDEBUG[0m [2mmercury::engine::market_actor[0m[2m:[0m Tick received — running arb detection [3mmarket_id[0m[2m=[0mbc548cd4-ced9-48e8-b131-410c92fb3a0e [3mplatform[0m[2m=[0mPolymarket [3mbid[0m[2m=[0m0.37 [3mask[0m[2m=[0m0.4 [3mmid[0m[2m=[0m0.3850 [3mbid_size[0m[2m=[0m5.6 [3mask_size[0m[2m=[0m6.72
[2m2026-04-12T20:19:12.253878Z[0m [34mDEBUG[0m [2mmercury::engine::market_actor[0m[2m:[0m Tick received — running arb detection [3mmarket_id[0m[2m=[0m39a28b31-a7f7-4e16-b2f1-1e1948be289c [3mplatform[0m[2m=[0mPolymarket [3mbid[0m[2m=[0m0.4 [3mask[0m[2m=[0m0.42 [3mmid[0m[2m=[0m0.41 [3mbid_size[0m[2m=[0m5.37 [3mask_size[0m[2m=[0m105
[2m2026-04-12T20:19:12.253950Z[0m [34mDEBUG[0m [2mmercury::engine::detector[0m[2m:[0m No arb pairs registered for market — skipping detection [3mmarket_id[0m[2m=[0mbc548cd4-ced9-48e8-b131-410c92fb3a0e
[2m2026-04-12T20:19:12.254050Z[0m [34mDEBUG[0m [2mmercury::engine::detector[0m[2m:[0m No arb pairs registered for market — skipping detection [3mmarket_id[0m[2m=[0m39a28b31-a7f7-4e16-b2f1-1e1948be289c
[2m2026-04-12T20:19:12.254055Z[0m [34mDEBUG[0m [2mmercury::engine::market_actor[0m[2m:[0m Tick received — running arb detection [3mmarket_id[0m[2m=[0mbc548cd4-ced9-48e8-b131-410c92fb3a0e [3mplatform[0m[2m=[0mPolymarket [3mbid[0m[2m=[0m0.37 [3mask[0m[2m=[0m0.4 [3mmid[0m[2m=[0m0.3850 [3mbid_size[0m[2m=[0m5.6 [3mask_size[0m[2m=[0m6.72
[2m2026-04-12T20:19:12.254100Z[0m [34mDEBUG[0m [2mmercury::engine::market_actor[0m[2m:[0m Tick received — running arb detection [3mmarket_id[0m[2m=[0m2285bae6-253b-4085-b0d1-0af34b5530b6 [3mplatform[0m[2m=[0mPolymarket [3mbid[0m[2m=[0m0.44 [3mask[0m[2m=[0m0.45 [3mmid[0m[2m=[0m0.4450 [3mbid_size[0m[2m=[0m50 [3mask_size[0m[2m=[0m4.46
[2m2026-04-12T20:19:12.254123Z[0m [34mDEBUG[0m [2mmercury::engine::market_actor[0m[2m:[0m Tick received — running arb detection [3mmarket_id[0m[2m=[0m189bf673-b643-45a5-be39-c4a3275d71a0 [3mplatform[0m[2m=[0mPolymarket [3mbid[0m[2m=[0m0.42 [3mask[0m[2m=[0m0.43 [3mmid[0m[2m=[0m0.4250 [3mbid_size[0m[2m=[0m43.29 [3mask_size[0m[2m=[0m161.85
[2m2026-04-12T20:19:12.254130Z[0m [34mDEBUG[0m [2mmercury::engine::detector[0m[2m:[0m No arb pairs registered for market — skipping detection [3mmarket_id[0m[2m=[0mbc548cd4-ced9-48e8-b131-410c92fb3a0e
[2m2026-04-12T20:19:12.254116Z[0m [34mDEBUG[0m [2mmercury::engine::market_actor[0m[2m:[0m Tick received — running arb detection [3mmarket_id[0m[2m=[0m39a28b31-a7f7-4e16-b2f1-1e1948be289c [3mplatform[0m[2m=[0mPolymarket [3mbid[0m[2m=[0m0.4 [3mask[0m[2m=[0m0.42 [3mmid[0m[2m=[0m0.41 [3mbid_size[0m[2m=[0m5.37 [3mask_size[0m[2m=[0m105
[2m2026-04-12T20:19:12.254288Z[0m [34mDEBUG[0m [2mmercury::engine::detector[0m[2m:[0m No arb pairs registered for market — skipping detection [3mmarket_id[0m[2m=[0m2285bae6-253b-4085-b0d1-0af34b5530b6
[2m2026-04-12T20:19:12.254424Z[0m [34mDEBUG[0m [2mmercury::engine::market_actor[0m[2m:[0m Tick received — running arb detection [3mmarket_id[0m[2m=[0m2285bae6-253b-4085-b0d1-0af34b5530b6 [3mplatform[0m[2m=[0mPolymarket [3mbid[0m[2m=[0m0.44 [3mask[0m[2m=[0m0.45 [3mmid[0m[2m=[0m0.4450 [3mbid_size[0m[2m=[0m50 [3mask_size[0m[2m=[0m4.46
[2m2026-04-12T20:19:12.254472Z[0m [34mDEBUG[0m [2mmercury::engine::detector[0m[2m:[0m No arb pairs registered for market — skipping detection [3mmarket_id[0m[2m=[0m189bf673-b643-45a5-be39-c4a3275d71a0
[2m2026-04-12T20:19:12.254588Z[0m [34mDEBUG[0m [2mmercury::engine::market_actor[0m[2m:[0m Tick received — running arb detection [3mmarket_id[0m[2m=[0m189bf673-b643-45a5-be39-c4a3275d71a0 [3mplatform[0m[2m=[0mPolymarket [3mbid[0m[2m=[0m0.42 [3mask[0m[2m=[0m0.43 [3mmid[0m[2m=[0m0.4250 [3mbid_size[0m[2m=[0m43.29 [3mask_size[0m[2m=[0m161.85
[2m2026-04-12T20:19:12.254600Z[0m [34mDEBUG[0m [2mmercury::engine::detector[0m[2m:[0m No arb pairs registered for market — skipping detection [3mmarket_id[0m[2m=[0m39a28b31-a7f7-4e16-b2f1-1e1948be289c
[2m2026-04-12T20:19:12.254715Z[0m [34mDEBUG[0m [2mmercury::engine::detector[0m[2m:[0m No arb pairs registered for market — skipping detection [3mmarket_id[0m[2m=[0m189bf673-b643-45a5-be39-c4a3275d71a0
[2m2026-04-12T20:19:12.254818Z[0m [34mDEBUG[0m [2mmercury::engine::market_actor[0m[2m:[0m Tick received — running arb detection [3mmarket_id[0m[2m=[0m189bf673-b643-45a5-be39-c4a3275d71a0 [3mplatform[0m[2m=[0mPolymarket [3mbid[0m[2m=[0m0.42 [3mask[0m[2m=[0m0.43 [3mmid[0m[2m=[0m0.4250 [3mbid_size[0m[2m=[0m43.29 [3mask_size[0m[2m=[0m161.85
[2m2026-04-12T20:19:12.254837Z[0m [34mDEBUG[0m [2mmercury::engine::detector[0m[2m:[0m No arb pairs registered for market — skipping detection [3mmarket_id[0m[2m=[0m2285bae6-253b-4085-b0d1-0af34b5530b6
[2m2026-04-12T20:19:12.254905Z[0m [34mDEBUG[0m [2mmercury::engine::detector[0m[2m:[0m No arb pairs registered for market — skipping detection [3mmarket_id[0m[2m=[0m189bf673-b643-45a5-be39-c4a3275d71a0
[2m2026-04-12T20:19:12.307310Z[0m [34mDEBUG[0m [2mmercury::engine::market_actor[0m[2m:[0m Tick received — running arb detection [3mmarket_id[0m[2m=[0m39a28b31-a7f7-4e16-b2f1-1e1948be289c [3mplatform[0m[2m=[0mPolymarket [3mbid[0m[2m=[0m0.4 [3mask[0m[2m=[0m0.42 [3mmid[0m[2m=[0m0.41 [3mbid_size[0m[2m=[0m5.37 [3mask_size[0m[2m=[0m105
[2m2026-04-12T20:19:12.307351Z[0m [34mDEBUG[0m [2mmercury::engine::market_actor[0m[2m:[0m Tick received — running arb detection [3mmarket_id[0m[2m=[0mbc548cd4-ced9-48e8-b131-410c92fb3a0e [3mplatform[0m[2m=[0mPolymarket [3mbid[0m[2m=[0m0.37 [3mask[0m[2m=[0m0.4 [3mmid[0m[2m=[0m0.3850 [3mbid_size[0m[2m=[0m5.6 [3mask_size[0m[2m=[0m6.72
[2m2026-04-12T20:19:12.307627Z[0m [34mDEBUG[0m [2mmercury::engine::detector[0m[2m:[0m No arb pairs registered for market — skipping detection [3mmarket_id[0m[2m=[0m39a28b31-a7f7-4e16-b2f1-1e1948be289c
[2m2026-04-12T20:19:12.307789Z[0m [34mDEBUG[0m [2mmercury::engine::market_actor[0m[2m:[0m Tick received — running arb detection [3mmarket_id[0m[2m=[0m39a28b31-a7f7-4e16-b2f1-1e1948be289c [3mplatform[0m[2m=[0mPolymarket [3mbid[0m[2m=[0m0.4 [3mask[0m[2m=[0m0.42 [3mmid[0m[2m=[0m0.41 [3mbid_size[0m[2m=[0m5.37 [3mask_size[0m[2m=[0m105
[2m2026-04-12T20:19:12.307802Z[0m [34mDEBUG[0m [2mmercury::engine::detector[0m[2m:[0m No arb pairs registered for market — skipping detection [3mmarket_id[0m[2m=[0mbc548cd4-ced9-48e8-b131-410c92fb3a0e
[2m2026-04-12T20:19:12.307874Z[0m [34mDEBUG[0m [2mmercury::engine::market_actor[0m[2m:[0m Tick received — running arb detection [3mmarket_id[0m[2m=[0m189bf673-b643-45a5-be39-c4a3275d71a0 [3mplatform[0m[2m=[0mPolymarket [3mbid[0m[2m=[0m0.42 [3mask[0m[2m=[0m0.43 [3mmid[0m[2m=[0m0.4250 [3mbid_size[0m[2m=[0m43.29 [3mask_size[0m[2m=[0m161.85
[2m2026-04-12T20:19:12.307919Z[0m [34mDEBUG[0m [2mmercury::engine::detector[0m[2m:[0m No arb pairs registered for market — skipping detection [3mmarket_id[0m[2m=[0m39a28b31-a7f7-4e16-b2f1-1e1948be289c
[2m2026-04-12T20:19:12.307923Z[0m [34mDEBUG[0m [2mmercury::engine::market_actor[0m[2m:[0m Tick received — running arb detection [3mmarket_id[0m[2m=[0mbc548cd4-ced9-48e8-b131-410c92fb3a0e [3mplatform[0m[2m=[0mPolymarket [3mbid[0m[2m=[0m0.37 [3mask[0m[2m=[0m0.4 [3mmid[0m[2m=[0m0.3850 [3mbid_size[0m[2m=[0m5.6 [3mask_size[0m[2m=[0m6.72
[2m2026-04-12T20:19:12.307940Z[0m [34mDEBUG[0m [2mmercury::engine::market_actor[0m[2m:[0m Tick received — running arb detection [3mmarket_id[0m[2m=[0m2285bae6-253b-4085-b0d1-0af34b5530b6 [3mplatform[0m[2m=[0mPolymarket [3mbid[0m[2m=[0m0.44 [3mask[0m[2m=[0m0.45 [3mmid[0m[2m=[0m0.4450 [3mbid_size[0m[2m=[0m50 [3mask_size[0m[2m=[0m4.46
[2m2026-04-12T20:19:12.308003Z[0m [34mDEBUG[0m [2mmercury::engine::detector[0m[2m:[0m No arb pairs registered for market — skipping detection [3mmarket_id[0m[2m=[0m189bf673-b643-45a5-be39-c4a3275d71a0
[2m2026-04-12T20:19:12.308036Z[0m [34mDEBUG[0m [2mmercury::engine::market_actor[0m[2m:[0m Tick received — running arb detection [3mmarket_id[0m[2m=[0m39a28b31-a7f7-4e16-b2f1-1e1948be289c [3mplatform[0m[2m=[0mPolymarket [3mbid[0m[2m=[0m0.4 [3mask[0m[2m=[0m0.42 [3mmid[0m[2m=[0m0.41 [3mbid_size[0m[2m=[0m5.37 [3mask_size[0m[2m=[0m105
[2m2026-04-12T20:19:12.308144Z[0m [34mDEBUG[0m [2mmercury::engine::detector[0m[2m:[0m No arb pairs registered for market — skipping detection [3mmarket_id[0m[2m=[0mbc548cd4-ced9-48e8-b131-410c92fb3a0e
[2m2026-04-12T20:19:12.308271Z[0m [34mDEBUG[0m [2mmercury::engine::detector[0m[2m:[0m No arb pairs registered for market — skipping detection [3mmarket_id[0m[2m=[0m2285bae6-253b-4085-b0d1-0af34b5530b6
[2m2026-04-12T20:19:12.308439Z[0m [34mDEBUG[0m [2mmercury::engine::detector[0m[2m:[0m No arb pairs registered for market — skipping detection [3mmarket_id[0m[2m=[0m39a28b31-a7f7-4e16-b2f1-1e1948be289c
[2m2026-04-12T20:19:12.308530Z[0m [34mDEBUG[0m [2mmercury::feeds::polymarket[0m[2m:[0m Unknown Polymarket event type [3mevent_type[0m[2m=[0mbest_bid_ask
[2m2026-04-12T20:19:12.308442Z[0m [34mDEBUG[0m [2mmercury::engine::market_actor[0m[2m:[0m Tick received — running arb detection [3mmarket_id[0m[2m=[0m2285bae6-253b-4085-b0d1-0af34b5530b6 [3mplatform[0m[2m=[0mPolymarket [3mbid[0m[2m=[0m0.44 [3mask[0m[2m=[0m0.45 [3mmid[0m[2m=[0m0.4450 [3mbid_size[0m[2m=[0m50 [3mask_size[0m[2m=[0m4.46
[2m2026-04-12T20:19:12.308434Z[0m [34mDEBUG[0m [2mmercury::engine::market_actor[0m[2m:[0m Tick received — running arb detection [3mmarket_id[0m[2m=[0mbc548cd4-ced9-48e8-b131-410c92fb3a0e [3mplatform[0m[2m=[0mPolymarket [3mbid[0m[2m=[0m0.37 [3mask[0m[2m=[0m0.4 [3mmid[0m[2m=[0m0.3850 [3mbid_size[0m[2m=[0m5.6 [3mask_size[0m[2m=[0m6.72
[2m2026-04-12T20:19:12.308686Z[0m [34mDEBUG[0m [2mmercury::engine::detector[0m[2m:[0m No arb pairs registered for market — skipping detection [3mmarket_id[0m[2m=[0m2285bae6-253b-4085-b0d1-0af34b5530b6
[2m2026-04-12T20:19:12.308821Z[0m [34mDEBUG[0m [2mmercury::engine::market_actor[0m[2m:[0m Tick received — running arb detection [3mmarket_id[0m[2m=[0m2285bae6-253b-4085-b0d1-0af34b5530b6 [3mplatform[0m[2m=[0mPolymarket [3mbid[0m[2m=[0m0.44 [3mask[0m[2m=[0m0.45 [3mmid[0m[2m=[0m0.4450 [3mbid_size[0m[2m=[0m50 [3mask_size[0m[2m=[0m4.46
[2m2026-04-12T20:19:12.308854Z[0m [34mDEBUG[0m [2mmercury::engine::market_actor[0m[2m:[0m Tick received — running arb detection [3mmarket_id[0m[2m=[0m189bf673-b643-45a5-be39-c4a3275d71a0 [3mplatform[0m[2m=[0mPolymarket [3mbid[0m[2m=[0m0.42 [3mask[0m[2m=[0m0.43 [3mmid[0m[2m=[0m0.4250 [3mbid_size[0m[2m=[0m41.29 [3mask_size[0m[2m=[0m161.85
[2m2026-04-12T20:19:12.308862Z[0m [34mDEBUG[0m [2mmercury::engine::detector[0m[2m:[0m No arb pairs registered for market — skipping detection [3mmarket_id[0m[2m=[0mbc548cd4-ced9-48e8-b131-410c92fb3a0e
[2m2026-04-12T20:19:12.309019Z[0m [34mDEBUG[0m [2mmercury::engine::detector[0m[2m:[0m No arb pairs registered for market — skipping detection [3mmarket_id[0m[2m=[0m2285bae6-253b-4085-b0d1-0af34b5530b6
[2m2026-04-12T20:19:12.309026Z[0m [34mDEBUG[0m [2mmercury::engine::market_actor[0m[2m:[0m Tick received — running arb detection [3mmarket_id[0m[2m=[0mbc548cd4-ced9-48e8-b131-410c92fb3a0e [3mplatform[0m[2m=[0mPolymarket [3mbid[0m[2m=[0m0.37 [3mask[0m[2m=[0m0.4 [3mmid[0m[2m=[0m0.3850 [3mbid_size[0m[2m=[0m5.6 [3mask_size[0m[2m=[0m6.72
[2m2026-04-12T20:19:12.309201Z[0m [34mDEBUG[0m [2mmercury::engine::market_actor[0m[2m:[0m Tick received — running arb detection [3mmarket_id[0m[2m=[0m2285bae6-253b-4085-b0d1-0af34b5530b6 [3mplatform[0m[2m=[0mPolymarket [3mbid[0m[2m=[0m0.44 [3mask[0m[2m=[0m0.45 [3mmid[0m[2m=[0m0.4450 [3mbid_size[0m[2m=[0m50 [3mask_size[0m[2m=[0m4.46
[2m2026-04-12T20:19:12.309259Z[0m [34mDEBUG[0m [2mmercury::engine::detector[0m[2m:[0m No arb pairs registered for market — skipping detection [3mmarket_id[0m[2m=[0m189bf673-b643-45a5-be39-c4a3275d71a0
[2m2026-04-12T20:19:12.309446Z[0m [34mDEBUG[0m [2mmercury::engine::detector[0m[2m:[0m No arb pairs registered for market — skipping detection [3mmarket_id[0m[2m=[0mbc548cd4-ced9-48e8-b131-410c92fb3a0e
[2m2026-04-12T20:19:12.309643Z[0m [34mDEBUG[0m [2mmercury::engine::detector[0m[2m:[0m No arb pairs registered for market — skipping detection [3mmarket_id[0m[2m=[0m2285bae6-253b-4085-b0d1-0af34b5530b6
[2m2026-04-12T20:19:12.309635Z[0m [34mDEBUG[0m [2mmercury::engine::market_actor[0m[2m:[0m Tick received — running arb detection [3mmarket_id[0m[2m=[0m189bf673-b643-45a5-be39-c4a3275d71a0 [3mplatform[0m[2m=[0mPolymarket [3mbid[0m[2m=[0m0.42 [3mask[0m[2m=[0m0.43 [3mmid[0m[2m=[0m0.4250 [3mbid_size[0m[2m=[0m41.29 [3mask_size[0m[2m=[0m161.85
[2m2026-04-12T20:19:12.309823Z[0m [34mDEBUG[0m [2mmercury::engine::market_actor[0m[2m:[0m Tick received — running arb detection [3mmarket_id[0m[2m=[0mbc548cd4-ced9-48e8-b131-410c92fb3a0e [3mplatform[0m[2m=[0mPolymarket [3mbid[0m[2m=[0m0.37 [3mask[0m[2m=[0m0.4 [3mmid[0m[2m=[0m0.3850 [3mbid_size[0m[2m=[0m5.6 [3mask_size[0m[2m=[0m6.72
[2m2026-04-12T20:19:12.309890Z[0m [34mDEBUG[0m [2mmercury::engine::detector[0m[2m:[0m No arb pairs registered for market — skipping detection [3mmarket_id[0m[2m=[0m189bf673-b643-45a5-be39-c4a3275d71a0
[2m2026-04-12T20:19:12.310022Z[0m [34mDEBUG[0m [2mmercury::engine::detector[0m[2m:[0m No arb pairs registered for market — skipping detection [3mmarket_id[0m[2m=[0mbc548cd4-ced9-48e8-b131-410c92fb3a0e
[2m2026-04-12T20:19:12.310163Z[0m [34mDEBUG[0m [2mmercury::engine::market_actor[0m[2m:[0m Tick received — running arb detection [3mmarket_id[0m[2m=[0mbc548cd4-ced9-48e8-b131-410c92fb3a0e [3mplatform[0m[2m=[0mPolymarket [3mbid[0m[2m=[0m0.37 [3mask[0m[2m=[0m0.4 [3mmid[0m[2m=[0m0.3850 [3mbid_size[0m[2m=[0m5.6 [3mask_size[0m[2m=[0m6.72
[2m2026-04-12T20:19:12.310228Z[0m [34mDEBUG[0m [2mmercury::engine::detector[0m[2m:[0m No arb pairs registered for market — skipping detection [3mmarket_id[0m[2m=[0mbc548cd4-ced9-48e8-b131-410c92fb3a0e
[2m2026-04-12T20:19:12.409640Z[0m [34mDEBUG[0m [2mmercury::engine::market_actor[0m[2m:[0m Tick received — running arb detection [3mmarket_id[0m[2m=[0m2285bae6-253b-4085-b0d1-0af34b5530b6 [3mplatform[0m[2m=[0mPolymarket [3mbid[0m[2m=[0m0.44 [3mask[0m[2m=[0m0.45 [3mmid[0m[2m=[0m0.4450 [3mbid_size[0m[2m=[0m50 [3mask_size[0m[2m=[0m4.46
[2m2026-04-12T20:19:12.409656Z[0m [34mDEBUG[0m [2mmercury::engine::market_actor[0m[2m:[0m Tick received — running arb detection [3mmarket_id[0m[2m=[0m189bf673-b643-45a5-be39-c4a3275d71a0 [3mplatform[0m[2m=[0mPolymarket [3mbid[0m[2m=[0m0.42 [3mask[0m[2m=[0m0.43 [3mmid[0m[2m=[0m0.4250 [3mbid_size[0m[2m=[0m41.29 [3mask_size[0m[2m=[0m161.85
[2m2026-04-12T20:19:12.409869Z[0m [34mDEBUG[0m [2mmercury::engine::detector[0m[2m:[0m No arb pairs registered for market — skipping detection [3mmarket_id[0m[2m=[0m2285bae6-253b-4085-b0d1-0af34b5530b6
[2m2026-04-12T20:19:12.409955Z[0m [34mDEBUG[0m [2mmercury::engine::market_actor[0m[2m:[0m Tick received — running arb detection [3mmarket_id[0m[2m=[0m2285bae6-253b-4085-b0d1-0af34b5530b6 [3mplatform[0m[2m=[0mPolymarket [3mbid[0m[2m=[0m0.44 [3mask[0m[2m=[0m0.45 [3mmid[0m[2m=[0m0.4450 [3mbid_size[0m[2m=[0m50 [3mask_size[0m[2m=[0m4.46
[2m2026-04-12T20:19:12.410030Z[0m [34mDEBUG[0m [2mmercury::engine::detector[0m[2m:[0m No arb pairs registered for market — skipping detection [3mmarket_id[0m[2m=[0m189bf673-b643-45a5-be39-c4a3275d71a0
[2m2026-04-12T20:19:12.410158Z[0m [34mDEBUG[0m [2mmercury::engine::detector[0m[2m:[0m No arb pairs registered for market — skipping detection [3mmarket_id[0m[2m=[0m2285bae6-253b-4085-b0d1-0af34b5530b6
[2m2026-04-12T20:19:12.410187Z[0m [34mDEBUG[0m [2mmercury::engine::market_actor[0m[2m:[0m Tick received — running arb detection [3mmarket_id[0m[2m=[0m189bf673-b643-45a5-be39-c4a3275d71a0 [3mplatform[0m[2m=[0mPolymarket [3mbid[0m[2m=[0m0.42 [3mask[0m[2m=[0m0.43 [3mmid[0m[2m=[0m0.4250 [3mbid_size[0m[2m=[0m41.29 [3mask_size[0m[2m=[0m161.85
[2m2026-04-12T20:19:12.410233Z[0m [34mDEBUG[0m [2mmercury::engine::market_actor[0m[2m:[0m Tick received — running arb detection [3mmarket_id[0m[2m=[0m2285bae6-253b-4085-b0d1-0af34b5530b6 [3mplatform[0m[2m=[0mPolymarket [3mbid[0m[2m=[0m0.44 [3mask[0m[2m=[0m0.45 [3mmid[0m[2m=[0m0.4450 [3mbid_size[0m[2m=[0m50 [3mask_size[0m[2m=[0m11.66
[2m2026-04-12T20:19:12.410304Z[0m [34mDEBUG[0m [2mmercury::engine::detector[0m[2m:[0m No arb pairs registered for market — skipping detection [3mmarket_id[0m[2m=[0m189bf673-b643-45a5-be39-c4a3275d71a0
[2m2026-04-12T20:19:12.410401Z[0m [34mDEBUG[0m [2mmercury::engine::detector[0m[2m:[0m No arb pairs registered for market — skipping detection [3mmarket_id[0m[2m=[0m2285bae6-253b-4085-b0d1-0af34b5530b6
[2m2026-04-12T20:19:12.410404Z[0m [34mDEBUG[0m [2mmercury::engine::market_actor[0m[2m:[0m Tick received — running arb detection [3mmarket_id[0m[2m=[0m189bf673-b643-45a5-be39-c4a3275d71a0 [3mplatform[0m[2m=[0mPolymarket [3mbid[0m[2m=[0m0.42 [3mask[0m[2m=[0m0.43 [3mmid[0m[2m=[0m0.4250 [3mbid_size[0m[2m=[0m41.29 [3mask_size[0m[2m=[0m161.85
[2m2026-04-12T20:19:12.410557Z[0m [34mDEBUG[0m [2mmercury::engine::detector[0m[2m:[0m No arb pairs registered for market — skipping detection [3mmarket_id[0m[2m=[0m189bf673-b643-45a5-be39-c4a3275d71a0
[2m2026-04-12T20:19:12.459044Z[0m [34mDEBUG[0m [2mmercury::feeds::polymarket[0m[2m:[0m Unknown Polymarket event type [3mevent_type[0m[2m=[0mbest_bid_ask
[2m2026-04-12T20:19:12.459141Z[0m [34mDEBUG[0m [2mmercury::engine::market_actor[0m[2m:[0m Tick received — running arb detection [3mmarket_id[0m[2m=[0m189bf673-b643-45a5-be39-c4a3275d71a0 [3mplatform[0m[2m=[0mPolymarket [3mbid[0m[2m=[0m0.42 [3mask[0m[2m=[0m0.43 [3mmid[0m[2m=[0m0.4250 [3mbid_size[0m[2m=[0m41.29 [3mask_size[0m[2m=[0m161.85
[2m2026-04-12T20:19:12.459359Z[0m [34mDEBUG[0m [2mmercury::engine::detector[0m[2m:[0m No arb pairs registered for market — skipping detection [3mmarket_id[0m[2m=[0m189bf673-b643-45a5-be39-c4a3275d71a0
[2m2026-04-12T20:19:12.459467Z[0m [34mDEBUG[0m [2mmercury::engine::market_actor[0m[2m:[0m Tick received — running arb detection [3mmarket_id[0m[2m=[0m189bf673-b643-45a5-be39-c4a3275d71a0 [3mplatform[0m[2m=[0mPolymarket [3mbid[0m[2m=[0m0.42 [3mask[0m[2m=[0m0.43 [3mmid[0m[2m=[0m0.4250 [3mbid_size[0m[2m=[0m41.29 [3mask_size[0m[2m=[0m122.99
[2m2026-04-12T20:19:12.459650Z[0m [34mDEBUG[0m [2mmercury::engine::detector[0m[2m:[0m No arb pairs registered for market — skipping detection [3mmarket_id[0m[2m=[0m189bf673-b643-45a5-be39-c4a3275d71a0
[2m2026-04-12T20:19:12.459748Z[0m [34mDEBUG[0m [2mmercury::engine::market_actor[0m[2m:[0m Tick received — running arb detection [3mmarket_id[0m[2m=[0m189bf673-b643-45a5-be39-c4a3275d71a0 [3mplatform[0m[2m=[0mPolymarket [3mbid[0m[2m=[0m0.42 [3mask[0m[2m=[0m0.43 [3mmid[0m[2m=[0m0.4250 [3mbid_size[0m[2m=[0m35.45 [3mask_size[0m[2m=[0m122.99
[2m2026-04-12T20:19:12.459858Z[0m [34mDEBUG[0m [2mmercury::engine::detector[0m[2m:[0m No arb pairs registered for market — skipping detection [3mmarket_id[0m[2m=[0m189bf673-b643-45a5-be39-c4a3275d71a0
[2m2026-04-12T20:19:12.460038Z[0m [34mDEBUG[0m [2mmercury::feeds::polymarket[0m[2m:[0m Unknown Polymarket event type [3mevent_type[0m[2m=[0mbest_bid_ask
[2m2026-04-12T20:19:12.460213Z[0m [34mDEBUG[0m [2mmercury::engine::market_actor[0m[2m:[0m Tick received — running arb detection [3mmarket_id[0m[2m=[0m189bf673-b643-45a5-be39-c4a3275d71a0 [3mplatform[0m[2m=[0mPolymarket [3mbid[0m[2m=[0m0.42 [3mask[0m[2m=[0m0.43 [3mmid[0m[2m=[0m0.4250 [3mbid_size[0m[2m=[0m35.45 [3mask_size[0m[2m=[0m122.99
[2m2026-04-12T20:19:12.460380Z[0m [34mDEBUG[0m [2mmercury::engine::detector[0m[2m:[0m No arb pairs registered for market — skipping detection [3mmarket_id[0m[2m=[0m189bf673-b643-45a5-be39-c4a3275d71a0
[2m2026-04-12T20:19:12.460481Z[0m [34mDEBUG[0m [2mmercury::engine::market_actor[0m[2m:[0m Tick received — running arb detection [3mmarket_id[0m[2m=[0m189bf673-b643-45a5-be39-c4a3275d71a0 [3mplatform[0m[2m=[0mPolymarket [3mbid[0m[2m=[0m0.42 [3mask[0m[2m=[0m0.43 [3mmid[0m[2m=[0m0.4250 [3mbid_size[0m[2m=[0m29.62 [3mask_size[0m[2m=[0m122.99
[2m2026-04-12T20:19:12.460598Z[0m [34mDEBUG[0m [2mmercury::engine::detector[0m[2m:[0m No arb pairs registered for market — skipping detection [3mmarket_id[0m[2m=[0m189bf673-b643-45a5-be39-c4a3275d71a0
[2m2026-04-12T20:19:12.460849Z[0m [34mDEBUG[0m [2mmercury::engine::market_actor[0m[2m:[0m Tick received — running arb detection [3mmarket_id[0m[2m=[0m189bf673-b643-45a5-be39-c4a3275d71a0 [3mplatform[0m[2m=[0mPolymarket [3mbid[0m[2m=[0m0.42 [3mask[0m[2m=[0m0.43 [3mmid[0m[2m=[0m0.4250 [3mbid_size[0m[2m=[0m29.62 [3mask_size[0m[2m=[0m122.99
[2m2026-04-12T20:19:12.460946Z[0m [34mDEBUG[0m [2mmercury::engine::detector[0m[2m:[0m No arb pairs registered for market — skipping detection [3mmarket_id[0m[2m=[0m189bf673-b643-45a5-be39-c4a3275d71a0
[2m2026-04-12T20:19:12.514805Z[0m [34mDEBUG[0m [2mmercury::engine::market_actor[0m[2m:[0m Tick received — running arb detection [3mmarket_id[0m[2m=[0m39a28b31-a7f7-4e16-b2f1-1e1948be289c [3mplatform[0m[2m=[0mPolymarket [3mbid[0m[2m=[0m0.4 [3mask[0m[2m=[0m0.42 [3mmid[0m[2m=[0m0.41 [3mbid_size[0m[2m=[0m5.37 [3mask_size[0m[2m=[0m105
[2m2026-04-12T20:19:12.514941Z[0m [34mDEBUG[0m [2mmercury::engine::detector[0m[2m:[0m No arb pairs registered for market — skipping detection [3mmarket_id[0m[2m=[0m39a28b31-a7f7-4e16-b2f1-1e1948be289c
[2m2026-04-12T20:19:12.514997Z[0m [34mDEBUG[0m [2mmercury::engine::market_actor[0m[2m:[0m Tick received — running arb detection [3mmarket_id[0m[2m=[0m39a28b31-a7f7-4e16-b2f1-1e1948be289c [3mplatform[0m[2m=[0mPolymarket [3mbid[0m[2m=[0m0.4 [3mask[0m[2m=[0m0.42 [3mmid[0m[2m=[0m0.41 [3mbid_size[0m[2m=[0m5.37 [3mask_size[0m[2m=[0m105
[2m2026-04-12T20:19:12.515067Z[0m [34mDEBUG[0m [2mmercury::engine::detector[0m[2m:[0m No arb pairs registered for market — skipping detection [3mmarket_id[0m[2m=[0m39a28b31-a7f7-4e16-b2f1-1e1948be289c
[2m2026-04-12T20:19:12.515119Z[0m [34mDEBUG[0m [2mmercury::engine::market_actor[0m[2m:[0m Tick received — running arb detection [3mmarket_id[0m[2m=[0m39a28b31-a7f7-4e16-b2f1-1e1948be289c [3mplatform[0m[2m=[0mPolymarket [3mbid[0m[2m=[0m0.4 [3mask[0m[2m=[0m0.42 [3mmid[0m[2m=[0m0.41 [3mbid_size[0m[2m=[0m5.37 [3mask_size[0m[2m=[0m105
[2m2026-04-12T20:19:12.515187Z[0m [34mDEBUG[0m [2mmercury::engine::detector[0m[2m:[0m No arb pairs registered for market — skipping detection [3mmarket_id[0m[2m=[0m39a28b31-a7f7-4e16-b2f1-1e1948be289c
[2m2026-04-12T20:19:12.515238Z[0m [34mDEBUG[0m [2mmercury::engine::market_actor[0m[2m:[0m Tick received — running arb detection [3mmarket_id[0m[2m=[0m39a28b31-a7f7-4e16-b2f1-1e1948be289c [3mplatform[0m[2m=[0mPolymarket [3mbid[0m[2m=[0m0.4 [3mask[0m[2m=[0m0.42 [3mmid[0m[2m=[0m0.41 [3mbid_size[0m[2m=[0m5.37 [3mask_size[0m[2m=[0m105
[2m2026-04-12T20:19:12.515308Z[0m [34mDEBUG[0m [2mmercury::engine::detector[0m[2m:[0m No arb pairs registered for market — skipping detection [3mmarket_id[0m[2m=[0m39a28b31-a7f7-4e16-b2f1-1e1948be289c
[2m2026-04-12T20:19:12.515359Z[0m [34mDEBUG[0m [2mmercury::engine::market_actor[0m[2m:[0m Tick received — running arb detection [3mmarket_id[0m[2m=[0m39a28b31-a7f7-4e16-b2f1-1e1948be289c [3mplatform[0m[2m=[0mPolymarket [3mbid[0m[2m=[0m0.4 [3mask[0m[2m=[0m0.42 [3mmid[0m[2m=[0m0.41 [3mbid_size[0m[2m=[0m5.37 [3mask_size[0m[2m=[0m105
[2m2026-04-12T20:19:12.515427Z[0m [34mDEBUG[0m [2mmercury::engine::detector[0m[2m:[0m No arb pairs registered for market — skipping detection [3mmarket_id[0m[2m=[0m39a28b31-a7f7-4e16-b2f1-1e1948be289c
[2m2026-04-12T20:19:12.561145Z[0m [34mDEBUG[0m [2mmercury::engine::market_actor[0m[2m:[0m Tick received — running arb detection [3mmarket_id[0m[2m=[0m39a28b31-a7f7-4e16-b2f1-1e1948be289c [3mplatform[0m[2m=[0mPolymarket [3mbid[0m[2m=[0m0.4 [3mask[0m[2m=[0m0.42 [3mmid[0m[2m=[0m0.41 [3mbid_size[0m[2m=[0m5.37 [3mask_size[0m[2m=[0m105
[2m2026-04-12T20:19:12.561375Z[0m [34mDEBUG[0m [2mmercury::engine::market_actor[0m[2m:[0m Tick received — running arb detection [3mmarket_id[0m[2m=[0m189bf673-b643-45a5-be39-c4a3275d71a0 [3mplatform[0m[2m=[0mPolymarket [3mbid[0m[2m=[0m0.42 [3mask[0m[2m=[0m0.43 [3mmid[0m[2m=[0m0.4250 [3mbid_size[0m[2m=[0m29.62 [3mask_size[0m[2m=[0m122.99
[2m2026-04-12T20:19:12.561439Z[0m [34mDEBUG[0m [2mmercury::engine::detector[0m[2m:[0m No arb pairs registered for market — skipping detection [3mmarket_id[0m[2m=[0m39a28b31-a7f7-4e16-b2f1-1e1948be289c
[2m2026-04-12T20:19:12.561575Z[0m [34mDEBUG[0m [2mmercury::engine::detector[0m[2m:[0m No arb pairs registered for market — skipping detection [3mmarket_id[0m[2m=[0m189bf673-b643-45a5-be39-c4a3275d71a0
[2m2026-04-12T20:19:12.561577Z[0m [34mDEBUG[0m [2mmercury::engine::market_actor[0m[2m:[0m Tick received — running arb detection [3mmarket_id[0m[2m=[0m39a28b31-a7f7-4e16-b2f1-1e1948be289c [3mplatform[0m[2m=[0mPolymarket [3mbid[0m[2m=[0m0.4 [3mask[0m[2m=[0m0.42 [3mmid[0m[2m=[0m0.41 [3mbid_size[0m[2m=[0m5.37 [3mask_size[0m[2m=[0m163
[2m2026-04-12T20:19:12.561630Z[0m [34mDEBUG[0m [2mmercury::engine::market_actor[0m[2m:[0m Tick received — running arb detection [3mmarket_id[0m[2m=[0mbc548cd4-ced9-48e8-b131-410c92fb3a0e [3mplatform[0m[2m=[0mPolymarket [3mbid[0m[2m=[0m0.37 [3mask[0m[2m=[0m0.4 [3mmid[0m[2m=[0m0.3850 [3mbid_size[0m[2m=[0m5.6 [3mask_size[0m[2m=[0m6.72
[2m2026-04-12T20:19:12.561695Z[0m [34mDEBUG[0m [2mmercury::engine::detector[0m[2m:[0m No arb pairs registered for market — skipping detection [3mmarket_id[0m[2m=[0m39a28b31-a7f7-4e16-b2f1-1e1948be289c
[2m2026-04-12T20:19:12.561785Z[0m [34mDEBUG[0m [2mmercury::engine::detector[0m[2m:[0m No arb pairs registered for market — skipping detection [3mmarket_id[0m[2m=[0mbc548cd4-ced9-48e8-b131-410c92fb3a0e
[2m2026-04-12T20:19:12.566840Z[0m [34mDEBUG[0m [2mmercury::feeds::polymarket[0m[2m:[0m Unknown Polymarket event type [3mevent_type[0m[2m=[0mbest_bid_ask
[2m2026-04-12T20:19:12.567067Z[0m [34mDEBUG[0m [2mmercury::engine::market_actor[0m[2m:[0m Tick received — running arb detection [3mmarket_id[0m[2m=[0mbc548cd4-ced9-48e8-b131-410c92fb3a0e [3mplatform[0m[2m=[0mPolymarket [3mbid[0m[2m=[0m0.36 [3mask[0m[2m=[0m0.4 [3mmid[0m[2m=[0m0.38 [3mbid_size[0m[2m=[0m35.6 [3mask_size[0m[2m=[0m6.72
[2m2026-04-12T20:19:12.567182Z[0m [34mDEBUG[0m [2mmercury::engine::detector[0m[2m:[0m No arb pairs registered for market — skipping detection [3mmarket_id[0m[2m=[0mbc548cd4-ced9-48e8-b131-410c92fb3a0e
[2m2026-04-12T20:19:12.765650Z[0m [34mDEBUG[0m [2mmercury::engine::market_actor[0m[2m:[0m Tick received — running arb detection [3mmarket_id[0m[2m=[0m189bf673-b643-45a5-be39-c4a3275d71a0 [3mplatform[0m[2m=[0mPolymarket [3mbid[0m[2m=[0m0.42 [3mask[0m[2m=[0m0.43 [3mmid[0m[2m=[0m0.4250 [3mbid_size[0m[2m=[0m29.62 [3mask_size[0m[2m=[0m130.71
[2m2026-04-12T20:19:12.765808Z[0m [34mDEBUG[0m [2mmercury::engine::detector[0m[2m:[0m No arb pairs registered for market — skipping detection [3mmarket_id[0m[2m=[0m189bf673-b643-45a5-be39-c4a3275d71a0
[2m2026-04-12T20:19:12.765868Z[0m [34mDEBUG[0m [2mmercury::engine::market_actor[0m[2m:[0m Tick received — running arb detection [3mmarket_id[0m[2m=[0m189bf673-b643-45a5-be39-c4a3275d71a0 [3mplatform[0m[2m=[0mPolymarket [3mbid[0m[2m=[0m0.42 [3mask[0m[2m=[0m0.43 [3mmid[0m[2m=[0m0.4250 [3mbid_size[0m[2m=[0m29.62 [3mask_size[0m[2m=[0m169.57
[2m2026-04-12T20:19:12.765940Z[0m [34mDEBUG[0m [2mmercury::engine::detector[0m[2m:[0m No arb pairs registered for market — skipping detection [3mmarket_id[0m[2m=[0m189bf673-b643-45a5-be39-c4a3275d71a0
[2m2026-04-12T20:19:12.818745Z[0m [34mDEBUG[0m [2mmercury::engine::market_actor[0m[2m:[0m Tick received — running arb detection [3mmarket_id[0m[2m=[0m189bf673-b643-45a5-be39-c4a3275d71a0 [3mplatform[0m[2m=[0mPolymarket [3mbid[0m[2m=[0m0.42 [3mask[0m[2m=[0m0.43 [3mmid[0m[2m=[0m0.4250 [3mbid_size[0m[2m=[0m29.62 [3mask_size[0m[2m=[0m169.57
[2m2026-04-12T20:19:12.818942Z[0m [34mDEBUG[0m [2mmercury::engine::market_actor[0m[2m:[0m Tick received — running arb detection [3mmarket_id[0m[2m=[0m39a28b31-a7f7-4e16-b2f1-1e1948be289c [3mplatform[0m[2m=[0mPolymarket [3mbid[0m[2m=[0m0.4 [3mask[0m[2m=[0m0.42 [3mmid[0m[2m=[0m0.41 [3mbid_size[0m[2m=[0m5.37 [3mask_size[0m[2m=[0m163
[2m2026-04-12T20:19:12.818983Z[0m [34mDEBUG[0m [2mmercury::engine::detector[0m[2m:[0m No arb pairs registered for market — skipping detection [3mmarket_id[0m[2m=[0m189bf673-b643-45a5-be39-c4a3275d71a0
[2m2026-04-12T20:19:12.819194Z[0m [34mDEBUG[0m [2mmercury::engine::market_actor[0m[2m:[0m Tick received — running arb detection [3mmarket_id[0m[2m=[0m189bf673-b643-45a5-be39-c4a3275d71a0 [3mplatform[0m[2m=[0mPolymarket [3mbid[0m[2m=[0m0.42 [3mask[0m[2m=[0m0.43 [3mmid[0m[2m=[0m0.4250 [3mbid_size[0m[2m=[0m29.62 [3mask_size[0m[2m=[0m169.57
[2m2026-04-12T20:19:12.819231Z[0m [34mDEBUG[0m [2mmercury::engine::detector[0m[2m:[0m No arb pairs registered for market — skipping detection [3mmarket_id[0m[2m=[0m39a28b31-a7f7-4e16-b2f1-1e1948be289c
[2m2026-04-12T20:19:12.819378Z[0m [34mDEBUG[0m [2mmercury::engine::detector[0m[2m:[0m No arb pairs registered for market — skipping detection [3mmarket_id[0m[2m=[0m189bf673-b643-45a5-be39-c4a3275d71a0
[2m2026-04-12T20:19:12.819385Z[0m [34mDEBUG[0m [2mmercury::engine::market_actor[0m[2m:[0m Tick received — running arb detection [3mmarket_id[0m[2m=[0m39a28b31-a7f7-4e16-b2f1-1e1948be289c [3mplatform[0m[2m=[0mPolymarket [3mbid[0m[2m=[0m0.4 [3mask[0m[2m=[0m0.42 [3mmid[0m[2m=[0m0.41 [3mbid_size[0m[2m=[0m5.37 [3mask_size[0m[2m=[0m163
[2m2026-04-12T20:19:12.819508Z[0m [34mDEBUG[0m [2mmercury::engine::market_actor[0m[2m:[0m Tick received — running arb detection [3mmarket_id[0m[2m=[0m189bf673-b643-45a5-be39-c4a3275d71a0 [3mplatform[0m[2m=[0mPolymarket [3mbid[0m[2m=[0m0.42 [3mask[0m[2m=[0m0.43 [3mmid[0m[2m=[0m0.4250 [3mbid_size[0m[2m=[0m29.62 [3mask_size[0m[2m=[0m169.57
[2m2026-04-12T20:19:12.819531Z[0m [34mDEBUG[0m [2mmercury::engine::detector[0m[2m:[0m No arb pairs registered for market — skipping detection [3mmarket_id[0m[2m=[0m39a28b31-a7f7-4e16-b2f1-1e1948be289c
[2m2026-04-12T20:19:12.819633Z[0m [34mDEBUG[0m [2mmercury::engine::market_actor[0m[2m:[0m Tick received — running arb detection [3mmarket_id[0m[2m=[0m39a28b31-a7f7-4e16-b2f1-1e1948be289c [3mplatform[0m[2m=[0mPolymarket [3mbid[0m[2m=[0m0.4 [3mask[0m[2m=[0m0.42 [3mmid[0m[2m=[0m0.41 [3mbid_size[0m[2m=[0m5.37 [3mask_size[0m[2m=[0m163
[2m2026-04-12T20:19:12.819689Z[0m [34mDEBUG[0m [2mmercury::engine::detector[0m[2m:[0m No arb pairs registered for market — skipping detection [3mmarket_id[0m[2m=[0m189bf673-b643-45a5-be39-c4a3275d71a0
[2m2026-04-12T20:19:12.819793Z[0m [34mDEBUG[0m [2mmercury::engine::detector[0m[2m:[0m No arb pairs registered for market — skipping detection [3mmarket_id[0m[2m=[0m39a28b31-a7f7-4e16-b2f1-1e1948be289c
[2m2026-04-12T20:19:12.819911Z[0m [34mDEBUG[0m [2mmercury::engine::market_actor[0m[2m:[0m Tick received — running arb detection [3mmarket_id[0m[2m=[0m39a28b31-a7f7-4e16-b2f1-1e1948be289c [3mplatform[0m[2m=[0mPolymarket [3mbid[0m[2m=[0m0.4 [3mask[0m[2m=[0m0.42 [3mmid[0m[2m=[0m0.41 [3mbid_size[0m[2m=[0m5.37 [3mask_size[0m[2m=[0m163
[2m2026-04-12T20:19:12.819982Z[0m [34mDEBUG[0m [2mmercury::engine::detector[0m[2m:[0m No arb pairs registered for market — skipping detection [3mmarket_id[0m[2m=[0m39a28b31-a7f7-4e16-b2f1-1e1948be289c
[2m2026-04-12T20:19:12.923663Z[0m [34mDEBUG[0m [2mmercury::feeds::polymarket[0m[2m:[0m Unknown Polymarket event type [3mevent_type[0m[2m=[0mbest_bid_ask
[2m2026-04-12T20:19:12.923771Z[0m [34mDEBUG[0m [2mmercury::engine::market_actor[0m[2m:[0m Tick received — running arb detection [3mmarket_id[0m[2m=[0m189bf673-b643-45a5-be39-c4a3275d71a0 [3mplatform[0m[2m=[0mPolymarket [3mbid[0m[2m=[0m0.42 [3mask[0m[2m=[0m0.43 [3mmid[0m[2m=[0m0.4250 [3mbid_size[0m[2m=[0m29.62 [3mask_size[0m[2m=[0m192.11
[2m2026-04-12T20:19:12.923951Z[0m [34mDEBUG[0m [2mmercury::engine::detector[0m[2m:[0m No arb pairs registered for market — skipping detection [3mmarket_id[0m[2m=[0m189bf673-b643-45a5-be39-c4a3275d71a0
[2m2026-04-12T20:19:12.924075Z[0m [34mDEBUG[0m [2mmercury::engine::market_actor[0m[2m:[0m Tick received — running arb detection [3mmarket_id[0m[2m=[0m189bf673-b643-45a5-be39-c4a3275d71a0 [3mplatform[0m[2m=[0mPolymarket [3mbid[0m[2m=[0m0.42 [3mask[0m[2m=[0m0.43 [3mmid[0m[2m=[0m0.4250 [3mbid_size[0m[2m=[0m24.62 [3mask_size[0m[2m=[0m192.11
[2m2026-04-12T20:19:12.924234Z[0m [34mDEBUG[0m [2mmercury::engine::detector[0m[2m:[0m No arb pairs registered for market — skipping detection [3mmarket_id[0m[2m=[0m189bf673-b643-45a5-be39-c4a3275d71a0
[2m2026-04-12T20:19:12.924600Z[0m [34mDEBUG[0m [2mmercury::engine::market_actor[0m[2m:[0m Tick received — running arb detection [3mmarket_id[0m[2m=[0m189bf673-b643-45a5-be39-c4a3275d71a0 [3mplatform[0m[2m=[0mPolymarket [3mbid[0m[2m=[0m0.42 [3mask[0m[2m=[0m0.43 [3mmid[0m[2m=[0m0.4250 [3mbid_size[0m[2m=[0m24.62 [3mask_size[0m[2m=[0m192.11
[2m2026-04-12T20:19:12.924668Z[0m [34mDEBUG[0m [2mmercury::feeds::polymarket[0m[2m:[0m Unknown Polymarket event type [3mevent_type[0m[2m=[0mbest_bid_ask
[2m2026-04-12T20:19:12.924815Z[0m [34mDEBUG[0m [2mmercury::engine::detector[0m[2m:[0m No arb pairs registered for market — skipping detection [3mmarket_id[0m[2m=[0m189bf673-b643-45a5-be39-c4a3275d71a0
[2m2026-04-12T20:19:12.925050Z[0m [34mDEBUG[0m [2mmercury::engine::market_actor[0m[2m:[0m Tick received — running arb detection [3mmarket_id[0m[2m=[0m189bf673-b643-45a5-be39-c4a3275d71a0 [3mplatform[0m[2m=[0mPolymarket [3mbid[0m[2m=[0m0.42 [3mask[0m[2m=[0m0.43 [3mmid[0m[2m=[0m0.4250 [3mbid_size[0m[2m=[0m22.74 [3mask_size[0m[2m=[0m192.11
[2m2026-04-12T20:19:12.925193Z[0m [34mDEBUG[0m [2mmercury::engine::detector[0m[2m:[0m No arb pairs registered for market — skipping detection [3mmarket_id[0m[2m=[0m189bf673-b643-45a5-be39-c4a3275d71a0
[2m2026-04-12T20:19:12.925463Z[0m [34mDEBUG[0m [2mmercury::engine::market_actor[0m[2m:[0m Tick received — running arb detection [3mmarket_id[0m[2m=[0m189bf673-b643-45a5-be39-c4a3275d71a0 [3mplatform[0m[2m=[0mPolymarket [3mbid[0m[2m=[0m0.42 [3mask[0m[2m=[0m0.43 [3mmid[0m[2m=[0m0.4250 [3mbid_size[0m[2m=[0m22.74 [3mask_size[0m[2m=[0m192.11
[2m2026-04-12T20:19:12.925669Z[0m [34mDEBUG[0m [2mmercury::engine::detector[0m[2m:[0m No arb pairs registered for market — skipping detection [3mmarket_id[0m[2m=[0m189bf673-b643-45a5-be39-c4a3275d71a0
[2m2026-04-12T20:19:12.929693Z[0m [34mDEBUG[0m [2mmercury::engine::market_actor[0m[2m:[0m Tick received — running arb detection [3mmarket_id[0m[2m=[0m189bf673-b643-45a5-be39-c4a3275d71a0 [3mplatform[0m[2m=[0mPolymarket [3mbid[0m[2m=[0m0.42 [3mask[0m[2m=[0m0.43 [3mmid[0m[2m=[0m0.4250 [3mbid_size[0m[2m=[0m22.74 [3mask_size[0m[2m=[0m192.11
[2m2026-04-12T20:19:12.929805Z[0m [34mDEBUG[0m [2mmercury::engine::detector[0m[2m:[0m No arb pairs registered for market — skipping detection [3mmarket_id[0m[2m=[0m189bf673-b643-45a5-be39-c4a3275d71a0
[2m2026-04-12T20:19:12.929860Z[0m [34mDEBUG[0m [2mmercury::engine::market_actor[0m[2m:[0m Tick received — running arb detection [3mmarket_id[0m[2m=[0m189bf673-b643-45a5-be39-c4a3275d71a0 [3mplatform[0m[2m=[0mPolymarket [3mbid[0m[2m=[0m0.42 [3mask[0m[2m=[0m0.43 [3mmid[0m[2m=[0m0.4250 [3mbid_size[0m[2m=[0m22.74 [3mask_size[0m[2m=[0m192.11
[2m2026-04-12T20:19:12.929932Z[0m [34mDEBUG[0m [2mmercury::engine::detector[0m[2m:[0m No arb pairs registered for market — skipping detection [3mmarket_id[0m[2m=[0m189bf673-b643-45a5-be39-c4a3275d71a0
[2m2026-04-12T20:19:12.970376Z[0m [34mDEBUG[0m [2mmercury::engine::market_actor[0m[2m:[0m Tick received — running arb detection [3mmarket_id[0m[2m=[0m39a28b31-a7f7-4e16-b2f1-1e1948be289c [3mplatform[0m[2m=[0mPolymarket [3mbid[0m[2m=[0m0.4 [3mask[0m[2m=[0m0.42 [3mmid[0m[2m=[0m0.41 [3mbid_size[0m[2m=[0m5.37 [3mask_size[0m[2m=[0m163
[2m2026-04-12T20:19:12.970411Z[0m [34mDEBUG[0m [2mmercury::engine::market_actor[0m[2m:[0m Tick received — running arb detection [3mmarket_id[0m[2m=[0m2285bae6-253b-4085-b0d1-0af34b5530b6 [3mplatform[0m[2m=[0mPolymarket [3mbid[0m[2m=[0m0.44 [3mask[0m[2m=[0m0.45 [3mmid[0m[2m=[0m0.4450 [3mbid_size[0m[2m=[0m50 [3mask_size[0m[2m=[0m11.66
[2m2026-04-12T20:19:12.970663Z[0m [34mDEBUG[0m [2mmercury::engine::detector[0m[2m:[0m No arb pairs registered for market — skipping detection [3mmarket_id[0m[2m=[0m39a28b31-a7f7-4e16-b2f1-1e1948be289c
[2m2026-04-12T20:19:12.970733Z[0m [34mDEBUG[0m [2mmercury::engine::market_actor[0m[2m:[0m Tick received — running arb detection [3mmarket_id[0m[2m=[0mbc548cd4-ced9-48e8-b131-410c92fb3a0e [3mplatform[0m[2m=[0mPolymarket [3mbid[0m[2m=[0m0.36 [3mask[0m[2m=[0m0.4 [3mmid[0m[2m=[0m0.38 [3mbid_size[0m[2m=[0m35.6 [3mask_size[0m[2m=[0m6.72
[2m2026-04-12T20:19:12.970845Z[0m [34mDEBUG[0m [2mmercury::engine::detector[0m[2m:[0m No arb pairs registered for market — skipping detection [3mmarket_id[0m[2m=[0m2285bae6-253b-4085-b0d1-0af34b5530b6
[2m2026-04-12T20:19:12.970954Z[0m [34mDEBUG[0m [2mmercury::engine::detector[0m[2m:[0m No arb pairs registered for market — skipping detection [3mmarket_id[0m[2m=[0mbc548cd4-ced9-48e8-b131-410c92fb3a0e
[2m2026-04-12T20:19:12.970955Z[0m [34mDEBUG[0m [2mmercury::engine::market_actor[0m[2m:[0m Tick received — running arb detection [3mmarket_id[0m[2m=[0m2285bae6-253b-4085-b0d1-0af34b5530b6 [3mplatform[0m[2m=[0mPolymarket [3mbid[0m[2m=[0m0.44 [3mask[0m[2m=[0m0.45 [3mmid[0m[2m=[0m0.4450 [3mbid_size[0m[2m=[0m50 [3mask_size[0m[2m=[0m11.66
[2m2026-04-12T20:19:12.971048Z[0m [34mDEBUG[0m [2mmercury::engine::detector[0m[2m:[0m No arb pairs registered for market — skipping detection [3mmarket_id[0m[2m=[0m2285bae6-253b-4085-b0d1-0af34b5530b6
[2m2026-04-12T20:19:12.971393Z[0m [34mDEBUG[0m [2mmercury::engine::market_actor[0m[2m:[0m Tick received — running arb detection [3mmarket_id[0m[2m=[0mbc548cd4-ced9-48e8-b131-410c92fb3a0e [3mplatform[0m[2m=[0mPolymarket [3mbid[0m[2m=[0m0.36 [3mask[0m[2m=[0m0.4 [3mmid[0m[2m=[0m0.38 [3mbid_size[0m[2m=[0m35.6 [3mask_size[0m[2m=[0m6.72
[2m2026-04-12T20:19:12.971403Z[0m [34mDEBUG[0m [2mmercury::engine::market_actor[0m[2m:[0m Tick received — running arb detection [3mmarket_id[0m[2m=[0m189bf673-b643-45a5-be39-c4a3275d71a0 [3mplatform[0m[2m=[0mPolymarket [3mbid[0m[2m=[0m0.42 [3mask[0m[2m=[0m0.43 [3mmid[0m[2m=[0m0.4250 [3mbid_size[0m[2m=[0m22.74 [3mask_size[0m[2m=[0m192.11
[2m2026-04-12T20:19:12.971472Z[0m [34mDEBUG[0m [2mmercury::engine::detector[0m[2m:[0m No arb pairs registered for market — skipping detection [3mmarket_id[0m[2m=[0mbc548cd4-ced9-48e8-b131-410c92fb3a0e
[2m2026-04-12T20:19:12.971537Z[0m [34mDEBUG[0m [2mmercury::engine::detector[0m[2m:[0m No arb pairs registered for market — skipping detection [3mmarket_id[0m[2m=[0m189bf673-b643-45a5-be39-c4a3275d71a0
[2m2026-04-12T20:19:12.976338Z[0m [34mDEBUG[0m [2mmercury::engine::market_actor[0m[2m:[0m Tick received — running arb detection [3mmarket_id[0m[2m=[0mbc548cd4-ced9-48e8-b131-410c92fb3a0e [3mplatform[0m[2m=[0mPolymarket [3mbid[0m[2m=[0m0.36 [3mask[0m[2m=[0m0.4 [3mmid[0m[2m=[0m0.38 [3mbid_size[0m[2m=[0m35.6 [3mask_size[0m[2m=[0m6.72
[2m2026-04-12T20:19:12.976433Z[0m [34mDEBUG[0m [2mmercury::engine::detector[0m[2m:[0m No arb pairs registered for market — skipping detection [3mmarket_id[0m[2m=[0mbc548cd4-ced9-48e8-b131-410c92fb3a0e
[2m2026-04-12T20:19:13.072638Z[0m [34mDEBUG[0m [2mmercury::engine::market_actor[0m[2m:[0m Tick received — running arb detection [3mmarket_id[0m[2m=[0mbc548cd4-ced9-48e8-b131-410c92fb3a0e [3mplatform[0m[2m=[0mPolymarket [3mbid[0m[2m=[0m0.36 [3mask[0m[2m=[0m0.4 [3mmid[0m[2m=[0m0.38 [3mbid_size[0m[2m=[0m35.6 [3mask_size[0m[2m=[0m6.72
[2m2026-04-12T20:19:13.072651Z[0m [34mDEBUG[0m [2mmercury::engine::market_actor[0m[2m:[0m Tick received — running arb detection [3mmarket_id[0m[2m=[0m2285bae6-253b-4085-b0d1-0af34b5530b6 [3mplatform[0m[2m=[0mPolymarket [3mbid[0m[2m=[0m0.44 [3mask[0m[2m=[0m0.45 [3mmid[0m[2m=[0m0.4450 [3mbid_size[0m[2m=[0m50 [3mask_size[0m[2m=[0m11.66
[2m2026-04-12T20:19:13.072910Z[0m [34mDEBUG[0m [2mmercury::engine::detector[0m[2m:[0m No arb pairs registered for market — skipping detection [3mmarket_id[0m[2m=[0mbc548cd4-ced9-48e8-b131-410c92fb3a0e
[2m2026-04-12T20:19:13.073028Z[0m [34mDEBUG[0m [2mmercury::engine::market_actor[0m[2m:[0m Tick received — running arb detection [3mmarket_id[0m[2m=[0m189bf673-b643-45a5-be39-c4a3275d71a0 [3mplatform[0m[2m=[0mPolymarket [3mbid[0m[2m=[0m0.42 [3mask[0m[2m=[0m0.43 [3mmid[0m[2m=[0m0.4250 [3mbid_size[0m[2m=[0m22.74 [3mask_size[0m[2m=[0m192.11
[2m2026-04-12T20:19:13.073074Z[0m [34mDEBUG[0m [2mmercury::engine::detector[0m[2m:[0m No arb pairs registered for market — skipping detection [3mmarket_id[0m[2m=[0m2285bae6-253b-4085-b0d1-0af34b5530b6
[2m2026-04-12T20:19:13.073063Z[0m [34mDEBUG[0m [2mmercury::engine::market_actor[0m[2m:[0m Tick received — running arb detection [3mmarket_id[0m[2m=[0mbc548cd4-ced9-48e8-b131-410c92fb3a0e [3mplatform[0m[2m=[0mPolymarket [3mbid[0m[2m=[0m0.36 [3mask[0m[2m=[0m0.4 [3mmid[0m[2m=[0m0.38 [3mbid_size[0m[2m=[0m35.6 [3mask_size[0m[2m=[0m6.72
[2m2026-04-12T20:19:13.073157Z[0m [34mDEBUG[0m [2mmercury::engine::market_actor[0m[2m:[0m Tick received — running arb detection [3mmarket_id[0m[2m=[0m39a28b31-a7f7-4e16-b2f1-1e1948be289c [3mplatform[0m[2m=[0mPolymarket [3mbid[0m[2m=[0m0.4 [3mask[0m[2m=[0m0.42 [3mmid[0m[2m=[0m0.41 [3mbid_size[0m[2m=[0m5.37 [3mask_size[0m[2m=[0m163
[2m2026-04-12T20:19:13.073193Z[0m [34mDEBUG[0m [2mmercury::engine::detector[0m[2m:[0m No arb pairs registered for market — skipping detection [3mmarket_id[0m[2m=[0m189bf673-b643-45a5-be39-c4a3275d71a0
[2m2026-04-12T20:19:13.073208Z[0m [34mDEBUG[0m [2mmercury::engine::market_actor[0m[2m:[0m Tick received — running arb detection [3mmarket_id[0m[2m=[0m2285bae6-253b-4085-b0d1-0af34b5530b6 [3mplatform[0m[2m=[0mPolymarket [3mbid[0m[2m=[0m0.44 [3mask[0m[2m=[0m0.45 [3mmid[0m[2m=[0m0.4450 [3mbid_size[0m[2m=[0m50 [3mask_size[0m[2m=[0m11.66
[2m2026-04-12T20:19:13.073298Z[0m [34mDEBUG[0m [2mmercury::engine::detector[0m[2m:[0m No arb pairs registered for market — skipping detection [3mmarket_id[0m[2m=[0mbc548cd4-ced9-48e8-b131-410c92fb3a0e
[2m2026-04-12T20:19:13.073409Z[0m [34mDEBUG[0m [2mmercury::engine::detector[0m[2m:[0m No arb pairs registered for market — skipping detection [3mmarket_id[0m[2m=[0m39a28b31-a7f7-4e16-b2f1-1e1948be289c
[2m2026-04-12T20:19:13.073405Z[0m [34mDEBUG[0m [2mmercury::engine::market_actor[0m[2m:[0m Tick received — running arb detection [3mmarket_id[0m[2m=[0m189bf673-b643-45a5-be39-c4a3275d71a0 [3mplatform[0m[2m=[0mPolymarket [3mbid[0m[2m=[0m0.42 [3mask[0m[2m=[0m0.43 [3mmid[0m[2m=[0m0.4250 [3mbid_size[0m[2m=[0m22.74 [3mask_size[0m[2m=[0m197.28
[2m2026-04-12T20:19:13.073578Z[0m [34mDEBUG[0m [2mmercury::engine::detector[0m[2m:[0m No arb pairs registered for market — skipping detection [3mmarket_id[0m[2m=[0m189bf673-b643-45a5-be39-c4a3275d71a0
[2m2026-04-12T20:19:13.073587Z[0m [34mDEBUG[0m [2mmercury::engine::detector[0m[2m:[0m No arb pairs registered for market — skipping detection [3mmarket_id[0m[2m=[0m2285bae6-253b-4085-b0d1-0af34b5530b6
[2m2026-04-12T20:19:13.073568Z[0m [34mDEBUG[0m [2mmercury::engine::market_actor[0m[2m:[0m Tick received — running arb detection [3mmarket_id[0m[2m=[0mbc548cd4-ced9-48e8-b131-410c92fb3a0e [3mplatform[0m[2m=[0mPolymarket [3mbid[0m[2m=[0m0.36 [3mask[0m[2m=[0m0.4 [3mmid[0m[2m=[0m0.38 [3mbid_size[0m[2m=[0m35.6 [3mask_size[0m[2m=[0m6.72
[2m2026-04-12T20:19:13.073593Z[0m [34mDEBUG[0m [2mmercury::feeds::polymarket[0m[2m:[0m Unknown Polymarket event type [3mevent_type[0m[2m=[0mbest_bid_ask
[2m2026-04-12T20:19:13.073762Z[0m [34mDEBUG[0m [2mmercury::engine::detector[0m[2m:[0m No arb pairs registered for market — skipping detection [3mmarket_id[0m[2m=[0mbc548cd4-ced9-48e8-b131-410c92fb3a0e
[2m2026-04-12T20:19:13.073986Z[0m [34mDEBUG[0m [2mmercury::engine::market_actor[0m[2m:[0m Tick received — running arb detection [3mmarket_id[0m[2m=[0m39a28b31-a7f7-4e16-b2f1-1e1948be289c [3mplatform[0m[2m=[0mPolymarket [3mbid[0m[2m=[0m0.41 [3mask[0m[2m=[0m0.42 [3mmid[0m[2m=[0m0.4150 [3mbid_size[0m[2m=[0m10.24 [3mask_size[0m[2m=[0m163
[2m2026-04-12T20:19:13.074108Z[0m [34mDEBUG[0m [2mmercury::engine::detector[0m[2m:[0m No arb pairs registered for market — skipping detection [3mmarket_id[0m[2m=[0m39a28b31-a7f7-4e16-b2f1-1e1948be289c
[2m2026-04-12T20:19:13.079925Z[0m [34mDEBUG[0m [2mmercury::engine::market_actor[0m[2m:[0m Tick received — running arb detection [3mmarket_id[0m[2m=[0m39a28b31-a7f7-4e16-b2f1-1e1948be289c [3mplatform[0m[2m=[0mPolymarket [3mbid[0m[2m=[0m0.41 [3mask[0m[2m=[0m0.42 [3mmid[0m[2m=[0m0.4150 [3mbid_size[0m[2m=[0m10.24 [3mask_size[0m[2m=[0m163
[2m2026-04-12T20:19:13.080078Z[0m [34mDEBUG[0m [2mmercury::engine::detector[0m[2m:[0m No arb pairs registered for market — skipping detection [3mmarket_id[0m[2m=[0m39a28b31-a7f7-4e16-b2f1-1e1948be289c
[2m2026-04-12T20:19:13.080133Z[0m [34mDEBUG[0m [2mmercury::engine::market_actor[0m[2m:[0m Tick received — running arb detection [3mmarket_id[0m[2m=[0m39a28b31-a7f7-4e16-b2f1-1e1948be289c [3mplatform[0m[2m=[0mPolymarket [3mbid[0m[2m=[0m0.41 [3mask[0m[2m=[0m0.42 [3mmid[0m[2m=[0m0.4150 [3mbid_size[0m[2m=[0m10.24 [3mask_size[0m[2m=[0m163
[2m2026-04-12T20:19:13.080200Z[0m [34mDEBUG[0m [2mmercury::engine::detector[0m[2m:[0m No arb pairs registered for market — skipping detection [3mmarket_id[0m[2m=[0m39a28b31-a7f7-4e16-b2f1-1e1948be289c
[2m2026-04-12T20:19:13.080250Z[0m [34mDEBUG[0m [2mmercury::engine::market_actor[0m[2m:[0m Tick received — running arb detection [3mmarket_id[0m[2m=[0m39a28b31-a7f7-4e16-b2f1-1e1948be289c [3mplatform[0m[2m=[0mPolymarket [3mbid[0m[2m=[0m0.41 [3mask[0m[2m=[0m0.42 [3mmid[0m[2m=[0m0.4150 [3mbid_size[0m[2m=[0m10.24 [3mask_size[0m[2m=[0m163
[2m2026-04-12T20:19:13.080319Z[0m [34mDEBUG[0m [2mmercury::engine::detector[0m[2m:[0m No arb pairs registered for market — skipping detection [3mmarket_id[0m[2m=[0m39a28b31-a7f7-4e16-b2f1-1e1948be289c
[2m2026-04-12T20:19:13.127178Z[0m [34mDEBUG[0m [2mmercury::engine::market_actor[0m[2m:[0m Tick received — running arb detection [3mmarket_id[0m[2m=[0m39a28b31-a7f7-4e16-b2f1-1e1948be289c [3mplatform[0m[2m=[0mPolymarket [3mbid[0m[2m=[0m0.41 [3mask[0m[2m=[0m0.42 [3mmid[0m[2m=[0m0.4150 [3mbid_size[0m[2m=[0m15.24 [3mask_size[0m[2m=[0m163
[2m2026-04-12T20:19:13.127141Z[0m [34mDEBUG[0m [2mmercury::engine::market_actor[0m[2m:[0m Tick received — running arb detection [3mmarket_id[0m[2m=[0mbc548cd4-ced9-48e8-b131-410c92fb3a0e [3mplatform[0m[2m=[0mPolymarket [3mbid[0m[2m=[0m0.36 [3mask[0m[2m=[0m0.4 [3mmid[0m[2m=[0m0.38 [3mbid_size[0m[2m=[0m35.6 [3mask_size[0m[2m=[0m6.72
[2m2026-04-12T20:19:13.127274Z[0m [34mDEBUG[0m [2mmercury::engine::market_actor[0m[2m:[0m Tick received — running arb detection [3mmarket_id[0m[2m=[0m189bf673-b643-45a5-be39-c4a3275d71a0 [3mplatform[0m[2m=[0mPolymarket [3mbid[0m[2m=[0m0.42 [3mask[0m[2m=[0m0.43 [3mmid[0m[2m=[0m0.4250 [3mbid_size[0m[2m=[0m22.74 [3mask_size[0m[2m=[0m197.28
[2m2026-04-12T20:19:13.127479Z[0m [34mDEBUG[0m [2mmercury::engine::detector[0m[2m:[0m No arb pairs registered for market — skipping detection [3mmarket_id[0m[2m=[0m39a28b31-a7f7-4e16-b2f1-1e1948be289c
[2m2026-04-12T20:19:13.127614Z[0m [34mDEBUG[0m [2mmercury::engine::detector[0m[2m:[0m No arb pairs registered for market — skipping detection [3mmarket_id[0m[2m=[0m189bf673-b643-45a5-be39-c4a3275d71a0
[2m2026-04-12T20:19:13.127769Z[0m [34mDEBUG[0m [2mmercury::engine::detector[0m[2m:[0m No arb pairs registered for market — skipping detection [3mmarket_id[0m[2m=[0mbc548cd4-ced9-48e8-b131-410c92fb3a0e
[2m2026-04-12T20:19:13.131435Z[0m [34mDEBUG[0m [2mmercury::engine::market_actor[0m[2m:[0m Tick received — running arb detection [3mmarket_id[0m[2m=[0m39a28b31-a7f7-4e16-b2f1-1e1948be289c [3mplatform[0m[2m=[0mPolymarket [3mbid[0m[2m=[0m0.41 [3mask[0m[2m=[0m0.42 [3mmid[0m[2m=[0m0.4150 [3mbid_size[0m[2m=[0m15.24 [3mask_size[0m[2m=[0m163
[2m2026-04-12T20:19:13.131640Z[0m [34mDEBUG[0m [2mmercury::engine::detector[0m[2m:[0m No arb pairs registered for market — skipping detection [3mmarket_id[0m[2m=[0m39a28b31-a7f7-4e16-b2f1-1e1948be289c
[2m2026-04-12T20:19:13.175019Z[0m [34mDEBUG[0m [2mmercury::engine::market_actor[0m[2m:[0m Tick received — running arb detection [3mmarket_id[0m[2m=[0mbc548cd4-ced9-48e8-b131-410c92fb3a0e [3mplatform[0m[2m=[0mPolymarket [3mbid[0m[2m=[0m0.36 [3mask[0m[2m=[0m0.4 [3mmid[0m[2m=[0m0.38 [3mbid_size[0m[2m=[0m35.6 [3mask_size[0m[2m=[0m6.72
[2m2026-04-12T20:19:13.175243Z[0m [34mDEBUG[0m [2mmercury::engine::detector[0m[2m:[0m No arb pairs registered for market — skipping detection [3mmarket_id[0m[2m=[0mbc548cd4-ced9-48e8-b131-410c92fb3a0e
[2m2026-04-12T20:19:13.175236Z[0m [34mDEBUG[0m [2mmercury::engine::market_actor[0m[2m:[0m Tick received — running arb detection [3mmarket_id[0m[2m=[0m39a28b31-a7f7-4e16-b2f1-1e1948be289c [3mplatform[0m[2m=[0mPolymarket [3mbid[0m[2m=[0m0.41 [3mask[0m[2m=[0m0.42 [3mmid[0m[2m=[0m0.4150 [3mbid_size[0m[2m=[0m15.24 [3mask_size[0m[2m=[0m163
[2m2026-04-12T20:19:13.175335Z[0m [34mDEBUG[0m [2mmercury::engine::market_actor[0m[2m:[0m Tick received — running arb detection [3mmarket_id[0m[2m=[0mbc548cd4-ced9-48e8-b131-410c92fb3a0e [3mplatform[0m[2m=[0mPolymarket [3mbid[0m[2m=[0m0.36 [3mask[0m[2m=[0m0.4 [3mmid[0m[2m=[0m0.38 [3mbid_size[0m[2m=[0m35.6 [3mask_size[0m[2m=[0m6.72
[2m2026-04-12T20:19:13.175384Z[0m [34mDEBUG[0m [2mmercury::engine::detector[0m[2m:[0m No arb pairs registered for market — skipping detection [3mmarket_id[0m[2m=[0m39a28b31-a7f7-4e16-b2f1-1e1948be289c
[2m2026-04-12T20:19:13.175730Z[0m [34mDEBUG[0m [2mmercury::engine::detector[0m[2m:[0m No arb pairs registered for market — skipping detection [3mmarket_id[0m[2m=[0mbc548cd4-ced9-48e8-b131-410c92fb3a0e
[2m2026-04-12T20:19:13.175737Z[0m [34mDEBUG[0m [2mmercury::engine::market_actor[0m[2m:[0m Tick received — running arb detection [3mmarket_id[0m[2m=[0m39a28b31-a7f7-4e16-b2f1-1e1948be289c [3mplatform[0m[2m=[0mPolymarket [3mbid[0m[2m=[0m0.41 [3mask[0m[2m=[0m0.42 [3mmid[0m[2m=[0m0.4150 [3mbid_size[0m[2m=[0m15.24 [3mask_size[0m[2m=[0m163
[2m2026-04-12T20:19:13.175906Z[0m [34mDEBUG[0m [2mmercury::engine::market_actor[0m[2m:[0m Tick received — running arb detection [3mmarket_id[0m[2m=[0mbc548cd4-ced9-48e8-b131-410c92fb3a0e [3mplatform[0m[2m=[0mPolymarket [3mbid[0m[2m=[0m0.36 [3mask[0m[2m=[0m0.4 [3mmid[0m[2m=[0m0.38 [3mbid_size[0m[2m=[0m35.6 [3mask_size[0m[2m=[0m6.72
[2m2026-04-12T20:19:13.175920Z[0m [34mDEBUG[0m [2mmercury::engine::detector[0m[2m:[0m No arb pairs registered for market — skipping detection [3mmarket_id[0m[2m=[0m39a28b31-a7f7-4e16-b2f1-1e1948be289c
[2m2026-04-12T20:19:13.176049Z[0m [34mDEBUG[0m [2mmercury::engine::detector[0m[2m:[0m No arb pairs registered for market — skipping detection [3mmarket_id[0m[2m=[0mbc548cd4-ced9-48e8-b131-410c92fb3a0e
[2m2026-04-12T20:19:13.176162Z[0m [34mDEBUG[0m [2mmercury::engine::market_actor[0m[2m:[0m Tick received — running arb detection [3mmarket_id[0m[2m=[0mbc548cd4-ced9-48e8-b131-410c92fb3a0e [3mplatform[0m[2m=[0mPolymarket [3mbid[0m[2m=[0m0.36 [3mask[0m[2m=[0m0.4 [3mmid[0m[2m=[0m0.38 [3mbid_size[0m[2m=[0m35.6 [3mask_size[0m[2m=[0m6.72
[2m2026-04-12T20:19:13.176267Z[0m [34mDEBUG[0m [2mmercury::engine::detector[0m[2m:[0m No arb pairs registered for market — skipping detection [3mmarket_id[0m[2m=[0mbc548cd4-ced9-48e8-b131-410c92fb3a0e
[2m2026-04-12T20:19:13.182501Z[0m [34mDEBUG[0m [2mmercury::engine::market_actor[0m[2m:[0m Tick received — running arb detection [3mmarket_id[0m[2m=[0mbc548cd4-ced9-48e8-b131-410c92fb3a0e [3mplatform[0m[2m=[0mPolymarket [3mbid[0m[2m=[0m0.36 [3mask[0m[2m=[0m0.4 [3mmid[0m[2m=[0m0.38 [3mbid_size[0m[2m=[0m35.6 [3mask_size[0m[2m=[0m6.72
[2m2026-04-12T20:19:13.182620Z[0m [34mDEBUG[0m [2mmercury::engine::detector[0m[2m:[0m No arb pairs registered for market — skipping detection [3mmarket_id[0m[2m=[0mbc548cd4-ced9-48e8-b131-410c92fb3a0e
[2m2026-04-12T20:19:13.237513Z[0m [34mDEBUG[0m [2mmercury::engine::market_actor[0m[2m:[0m Tick received — running arb detection [3mmarket_id[0m[2m=[0m189bf673-b643-45a5-be39-c4a3275d71a0 [3mplatform[0m[2m=[0mPolymarket [3mbid[0m[2m=[0m0.42 [3mask[0m[2m=[0m0.43 [3mmid[0m[2m=[0m0.4250 [3mbid_size[0m[2m=[0m22.74 [3mask_size[0m[2m=[0m197.28
[2m2026-04-12T20:19:13.237756Z[0m [34mDEBUG[0m [2mmercury::engine::detector[0m[2m:[0m No arb pairs registered for market — skipping detection [3mmarket_id[0m[2m=[0m189bf673-b643-45a5-be39-c4a3275d71a0
[2m2026-04-12T20:19:13.237804Z[0m [34mDEBUG[0m [2mmercury::engine::market_actor[0m[2m:[0m Tick received — running arb detection [3mmarket_id[0m[2m=[0m39a28b31-a7f7-4e16-b2f1-1e1948be289c [3mplatform[0m[2m=[0mPolymarket [3mbid[0m[2m=[0m0.41 [3mask[0m[2m=[0m0.42 [3mmid[0m[2m=[0m0.4150 [3mbid_size[0m[2m=[0m15.24 [3mask_size[0m[2m=[0m163
[2m2026-04-12T20:19:13.237872Z[0m [34mDEBUG[0m [2mmercury::engine::market_actor[0m[2m:[0m Tick received — running arb detection [3mmarket_id[0m[2m=[0mbc548cd4-ced9-48e8-b131-410c92fb3a0e [3mplatform[0m[2m=[0mPolymarket [3mbid[0m[2m=[0m0.36 [3mask[0m[2m=[0m0.4 [3mmid[0m[2m=[0m0.38 [3mbid_size[0m[2m=[0m35.6 [3mask_size[0m[2m=[0m6.72
[2m2026-04-12T20:19:13.237882Z[0m [34mDEBUG[0m [2mmercury::engine::market_actor[0m[2m:[0m Tick received — running arb detection [3mmarket_id[0m[2m=[0m189bf673-b643-45a5-be39-c4a3275d71a0 [3mplatform[0m[2m=[0mPolymarket [3mbid[0m[2m=[0m0.42 [3mask[0m[2m=[0m0.43 [3mmid[0m[2m=[0m0.4250 [3mbid_size[0m[2m=[0m22.74 [3mask_size[0m[2m=[0m197.28
[2m2026-04-12T20:19:13.238046Z[0m [34mDEBUG[0m [2mmercury::engine::detector[0m[2m:[0m No arb pairs registered for market — skipping detection [3mmarket_id[0m[2m=[0m39a28b31-a7f7-4e16-b2f1-1e1948be289c
[2m2026-04-12T20:19:13.238133Z[0m [34mDEBUG[0m [2mmercury::engine::market_actor[0m[2m:[0m Tick received — running arb detection [3mmarket_id[0m[2m=[0m39a28b31-a7f7-4e16-b2f1-1e1948be289c [3mplatform[0m[2m=[0mPolymarket [3mbid[0m[2m=[0m0.41 [3mask[0m[2m=[0m0.42 [3mmid[0m[2m=[0m0.4150 [3mbid_size[0m[2m=[0m15.24 [3mask_size[0m[2m=[0m163
[2m2026-04-12T20:19:13.238148Z[0m [34mDEBUG[0m [2mmercury::engine::detector[0m[2m:[0m No arb pairs registered for market — skipping detection [3mmarket_id[0m[2m=[0mbc548cd4-ced9-48e8-b131-410c92fb3a0e
[2m2026-04-12T20:19:13.238383Z[0m [34mDEBUG[0m [2mmercury::engine::detector[0m[2m:[0m No arb pairs registered for market — skipping detection [3mmarket_id[0m[2m=[0m189bf673-b643-45a5-be39-c4a3275d71a0
[2m2026-04-12T20:19:13.238379Z[0m [34mDEBUG[0m [2mmercury::engine::market_actor[0m[2m:[0m Tick received — running arb detection [3mmarket_id[0m[2m=[0mbc548cd4-ced9-48e8-b131-410c92fb3a0e [3mplatform[0m[2m=[0mPolymarket [3mbid[0m[2m=[0m0.36 [3mask[0m[2m=[0m0.4 [3mmid[0m[2m=[0m0.38 [3mbid_size[0m[2m=[0m35.6 [3mask_size[0m[2m=[0m6.72
[2m2026-04-12T20:19:13.238608Z[0m [34mDEBUG[0m [2mmercury::engine::market_actor[0m[2m:[0m Tick received — running arb detection [3mmarket_id[0m[2m=[0m189bf673-b643-45a5-be39-c4a3275d71a0 [3mplatform[0m[2m=[0mPolymarket [3mbid[0m[2m=[0m0.42 [3mask[0m[2m=[0m0.43 [3mmid[0m[2m=[0m0.4250 [3mbid_size[0m[2m=[0m22.74 [3mask_size[0m[2m=[0m197.28
[2m2026-04-12T20:19:13.238622Z[0m [34mDEBUG[0m [2mmercury::engine::detector[0m[2m:[0m No arb pairs registered for market — skipping detection [3mmarket_id[0m[2m=[0m39a28b31-a7f7-4e16-b2f1-1e1948be289c
[2m2026-04-12T20:19:13.238816Z[0m [34mDEBUG[0m [2mmercury::engine::detector[0m[2m:[0m No arb pairs registered for market — skipping detection [3mmarket_id[0m[2m=[0mbc548cd4-ced9-48e8-b131-410c92fb3a0e
[2m2026-04-12T20:19:13.238987Z[0m [34mDEBUG[0m [2mmercury::engine::market_actor[0m[2m:[0m Tick received — running arb detection [3mmarket_id[0m[2m=[0mbc548cd4-ced9-48e8-b131-410c92fb3a0e [3mplatform[0m[2m=[0mPolymarket [3mbid[0m[2m=[0m0.36 [3mask[0m[2m=[0m0.4 [3mmid[0m[2m=[0m0.38 [3mbid_size[0m[2m=[0m35.6 [3mask_size[0m[2m=[0m6.72
[2m2026-04-12T20:19:13.239001Z[0m [34mDEBUG[0m [2mmercury::engine::detector[0m[2m:[0m No arb pairs registered for market — skipping detection [3mmarket_id[0m[2m=[0m189bf673-b643-45a5-be39-c4a3275d71a0
[2m2026-04-12T20:19:13.239099Z[0m [34mDEBUG[0m [2mmercury::engine::detector[0m[2m:[0m No arb pairs registered for market — skipping detection [3mmarket_id[0m[2m=[0mbc548cd4-ced9-48e8-b131-410c92fb3a0e
[2m2026-04-12T20:19:13.239110Z[0m [34mDEBUG[0m [2mmercury::engine::market_actor[0m[2m:[0m Tick received — running arb detection [3mmarket_id[0m[2m=[0m189bf673-b643-45a5-be39-c4a3275d71a0 [3mplatform[0m[2m=[0mPolymarket [3mbid[0m[2m=[0m0.42 [3mask[0m[2m=[0m0.43 [3mmid[0m[2m=[0m0.4250 [3mbid_size[0m[2m=[0m22.74 [3mask_size[0m[2m=[0m197.28
[2m2026-04-12T20:19:13.239152Z[0m [34mDEBUG[0m [2mmercury::engine::market_actor[0m[2m:[0m Tick received — running arb detection [3mmarket_id[0m[2m=[0mbc548cd4-ced9-48e8-b131-410c92fb3a0e [3mplatform[0m[2m=[0mPolymarket [3mbid[0m[2m=[0m0.36 [3mask[0m[2m=[0m0.4 [3mmid[0m[2m=[0m0.38 [3mbid_size[0m[2m=[0m35.6 [3mask_size[0m[2m=[0m6.72
[2m2026-04-12T20:19:13.239217Z[0m [34mDEBUG[0m [2mmercury::engine::detector[0m[2m:[0m No arb pairs registered for market — skipping detection [3mmarket_id[0m[2m=[0m189bf673-b643-45a5-be39-c4a3275d71a0
[2m2026-04-12T20:19:13.239294Z[0m [34mDEBUG[0m [2mmercury::engine::detector[0m[2m:[0m No arb pairs registered for market — skipping detection [3mmarket_id[0m[2m=[0mbc548cd4-ced9-48e8-b131-410c92fb3a0e
[2m2026-04-12T20:19:13.272768Z[0m [34mDEBUG[0m [2mmercury::feeds::polymarket[0m[2m:[0m Unknown Polymarket event type [3mevent_type[0m[2m=[0mbest_bid_ask
[2m2026-04-12T20:19:13.272934Z[0m [34mDEBUG[0m [2mmercury::engine::market_actor[0m[2m:[0m Tick received — running arb detection [3mmarket_id[0m[2m=[0mbc548cd4-ced9-48e8-b131-410c92fb3a0e [3mplatform[0m[2m=[0mPolymarket [3mbid[0m[2m=[0m0.36 [3mask[0m[2m=[0m0.4 [3mmid[0m[2m=[0m0.38 [3mbid_size[0m[2m=[0m35.6 [3mask_size[0m[2m=[0m6.72
[2m2026-04-12T20:19:13.273115Z[0m [34mDEBUG[0m [2mmercury::engine::detector[0m[2m:[0m No arb pairs registered for market — skipping detection [3mmarket_id[0m[2m=[0mbc548cd4-ced9-48e8-b131-410c92fb3a0e
[2m2026-04-12T20:19:13.273222Z[0m [34mDEBUG[0m [2mmercury::engine::market_actor[0m[2m:[0m Tick received — running arb detection [3mmarket_id[0m[2m=[0m189bf673-b643-45a5-be39-c4a3275d71a0 [3mplatform[0m[2m=[0mPolymarket [3mbid[0m[2m=[0m0.42 [3mask[0m[2m=[0m0.43 [3mmid[0m[2m=[0m0.4250 [3mbid_size[0m[2m=[0m17.57 [3mask_size[0m[2m=[0m197.28
[2m2026-04-12T20:19:13.273426Z[0m [34mDEBUG[0m [2mmercury::engine::detector[0m[2m:[0m No arb pairs registered for market — skipping detection [3mmarket_id[0m[2m=[0m189bf673-b643-45a5-be39-c4a3275d71a0
[2m2026-04-12T20:19:13.273823Z[0m [34mDEBUG[0m [2mmercury::engine::market_actor[0m[2m:[0m Tick received — running arb detection [3mmarket_id[0m[2m=[0m189bf673-b643-45a5-be39-c4a3275d71a0 [3mplatform[0m[2m=[0mPolymarket [3mbid[0m[2m=[0m0.42 [3mask[0m[2m=[0m0.43 [3mmid[0m[2m=[0m0.4250 [3mbid_size[0m[2m=[0m17.57 [3mask_size[0m[2m=[0m197.28
[2m2026-04-12T20:19:13.273943Z[0m [34mDEBUG[0m [2mmercury::engine::detector[0m[2m:[0m No arb pairs registered for market — skipping detection [3mmarket_id[0m[2m=[0m189bf673-b643-45a5-be39-c4a3275d71a0
[2m2026-04-12T20:19:13.280796Z[0m [34mDEBUG[0m [2mmercury::engine::market_actor[0m[2m:[0m Tick received — running arb detection [3mmarket_id[0m[2m=[0m189bf673-b643-45a5-be39-c4a3275d71a0 [3mplatform[0m[2m=[0mPolymarket [3mbid[0m[2m=[0m0.42 [3mask[0m[2m=[0m0.43 [3mmid[0m[2m=[0m0.4250 [3mbid_size[0m[2m=[0m17.57 [3mask_size[0m[2m=[0m197.28
[2m2026-04-12T20:19:13.280911Z[0m [34mDEBUG[0m [2mmercury::engine::detector[0m[2m:[0m No arb pairs registered for market — skipping detection [3mmarket_id[0m[2m=[0m189bf673-b643-45a5-be39-c4a3275d71a0
[2m2026-04-12T20:19:13.280963Z[0m [34mDEBUG[0m [2mmercury::engine::market_actor[0m[2m:[0m Tick received — running arb detection [3mmarket_id[0m[2m=[0m189bf673-b643-45a5-be39-c4a3275d71a0 [3mplatform[0m[2m=[0mPolymarket [3mbid[0m[2m=[0m0.42 [3mask[0m[2m=[0m0.43 [3mmid[0m[2m=[0m0.4250 [3mbid_size[0m[2m=[0m17.57 [3mask_size[0m[2m=[0m197.28
[2m2026-04-12T20:19:13.281033Z[0m [34mDEBUG[0m [2mmercury::engine::detector[0m[2m:[0m No arb pairs registered for market — skipping detection [3mmarket_id[0m[2m=[0m189bf673-b643-45a5-be39-c4a3275d71a0
[2m2026-04-12T20:19:13.379824Z[0m [34mDEBUG[0m [2mmercury::feeds::polymarket[0m[2m:[0m Unknown Polymarket event type [3mevent_type[0m[2m=[0mbest_bid_ask
[2m2026-04-12T20:19:13.379863Z[0m [34mDEBUG[0m [2mmercury::engine::market_actor[0m[2m:[0m Tick received — running arb detection [3mmarket_id[0m[2m=[0m189bf673-b643-45a5-be39-c4a3275d71a0 [3mplatform[0m[2m=[0mPolymarket [3mbid[0m[2m=[0m0.42 [3mask[0m[2m=[0m0.43 [3mmid[0m[2m=[0m0.4250 [3mbid_size[0m[2m=[0m17.57 [3mask_size[0m[2m=[0m197.28
[2m2026-04-12T20:19:13.379995Z[0m [34mDEBUG[0m [2mmercury::engine::detector[0m[2m:[0m No arb pairs registered for market — skipping detection [3mmarket_id[0m[2m=[0m189bf673-b643-45a5-be39-c4a3275d71a0
[2m2026-04-12T20:19:13.380165Z[0m [34mDEBUG[0m [2mmercury::engine::market_actor[0m[2m:[0m Tick received — running arb detection [3mmarket_id[0m[2m=[0m189bf673-b643-45a5-be39-c4a3275d71a0 [3mplatform[0m[2m=[0mPolymarket [3mbid[0m[2m=[0m0.42 [3mask[0m[2m=[0m0.43 [3mmid[0m[2m=[0m0.4250 [3mbid_size[0m[2m=[0m12.39 [3mask_size[0m[2m=[0m197.28
[2m2026-04-12T20:19:13.380316Z[0m [34mDEBUG[0m [2mmercury::engine::detector[0m[2m:[0m No arb pairs registered for market — skipping detection [3mmarket_id[0m[2m=[0m189bf673-b643-45a5-be39-c4a3275d71a0
[2m2026-04-12T20:19:13.380837Z[0m [34mDEBUG[0m [2mmercury::engine::market_actor[0m[2m:[0m Tick received — running arb detection [3mmarket_id[0m[2m=[0m189bf673-b643-45a5-be39-c4a3275d71a0 [3mplatform[0m[2m=[0mPolymarket [3mbid[0m[2m=[0m0.42 [3mask[0m[2m=[0m0.43 [3mmid[0m[2m=[0m0.4250 [3mbid_size[0m[2m=[0m12.39 [3mask_size[0m[2m=[0m197.28
[2m2026-04-12T20:19:13.381025Z[0m [34mDEBUG[0m [2mmercury::engine::detector[0m[2m:[0m No arb pairs registered for market — skipping detection [3mmarket_id[0m[2m=[0m189bf673-b643-45a5-be39-c4a3275d71a0
[2m2026-04-12T20:19:13.444139Z[0m [34mDEBUG[0m [2mmercury::engine::market_actor[0m[2m:[0m Tick received — running arb detection [3mmarket_id[0m[2m=[0m189bf673-b643-45a5-be39-c4a3275d71a0 [3mplatform[0m[2m=[0mPolymarket [3mbid[0m[2m=[0m0.42 [3mask[0m[2m=[0m0.43 [3mmid[0m[2m=[0m0.4250 [3mbid_size[0m[2m=[0m17.39 [3mask_size[0m[2m=[0m197.28
[2m2026-04-12T20:19:13.444289Z[0m [34mDEBUG[0m [2mmercury::engine::detector[0m[2m:[0m No arb pairs registered for market — skipping detection [3mmarket_id[0m[2m=[0m189bf673-b643-45a5-be39-c4a3275d71a0
[2m2026-04-12T20:19:13.444346Z[0m [34mDEBUG[0m [2mmercury::engine::market_actor[0m[2m:[0m Tick received — running arb detection [3mmarket_id[0m[2m=[0m189bf673-b643-45a5-be39-c4a3275d71a0 [3mplatform[0m[2m=[0mPolymarket [3mbid[0m[2m=[0m0.42 [3mask[0m[2m=[0m0.43 [3mmid[0m[2m=[0m0.4250 [3mbid_size[0m[2m=[0m17.39 [3mask_size[0m[2m=[0m197.28
[2m2026-04-12T20:19:13.444419Z[0m [34mDEBUG[0m [2mmercury::engine::detector[0m[2m:[0m No arb pairs registered for market — skipping detection [3mmarket_id[0m[2m=[0m189bf673-b643-45a5-be39-c4a3275d71a0
[2m2026-04-12T20:19:13.444470Z[0m [34mDEBUG[0m [2mmercury::engine::market_actor[0m[2m:[0m Tick received — running arb detection [3mmarket_id[0m[2m=[0m189bf673-b643-45a5-be39-c4a3275d71a0 [3mplatform[0m[2m=[0mPolymarket [3mbid[0m[2m=[0m0.42 [3mask[0m[2m=[0m0.43 [3mmid[0m[2m=[0m0.4250 [3mbid_size[0m[2m=[0m17.39 [3mask_size[0m[2m=[0m197.28
[2m2026-04-12T20:19:13.444541Z[0m [34mDEBUG[0m [2mmercury::engine::detector[0m[2m:[0m No arb pairs registered for market — skipping detection [3mmarket_id[0m[2m=[0m189bf673-b643-45a5-be39-c4a3275d71a0
[2m2026-04-12T20:19:13.482009Z[0m [34mDEBUG[0m [2mmercury::engine::market_actor[0m[2m:[0m Tick received — running arb detection [3mmarket_id[0m[2m=[0m189bf673-b643-45a5-be39-c4a3275d71a0 [3mplatform[0m[2m=[0mPolymarket [3mbid[0m[2m=[0m0.42 [3mask[0m[2m=[0m0.43 [3mmid[0m[2m=[0m0.4250 [3mbid_size[0m[2m=[0m17.39 [3mask_size[0m[2m=[0m197.28
[2m2026-04-12T20:19:13.482179Z[0m [34mDEBUG[0m [2mmercury::engine::detector[0m[2m:[0m No arb pairs registered for market — skipping detection [3mmarket_id[0m[2m=[0m189bf673-b643-45a5-be39-c4a3275d71a0
[2m2026-04-12T20:19:13.482235Z[0m [34mDEBUG[0m [2mmercury::engine::market_actor[0m[2m:[0m Tick received — running arb detection [3mmarket_id[0m[2m=[0m189bf673-b643-45a5-be39-c4a3275d71a0 [3mplatform[0m[2m=[0mPolymarket [3mbid[0m[2m=[0m0.42 [3mask[0m[2m=[0m0.43 [3mmid[0m[2m=[0m0.4250 [3mbid_size[0m[2m=[0m17.39 [3mask_size[0m[2m=[0m197.28
[2m2026-04-12T20:19:13.482310Z[0m [34mDEBUG[0m [2mmercury::engine::detector[0m[2m:[0m No arb pairs registered for market — skipping detection [3mmarket_id[0m[2m=[0m189bf673-b643-45a5-be39-c4a3275d71a0
[2m2026-04-12T20:19:13.484888Z[0m [34mDEBUG[0m [2mmercury::feeds::polymarket[0m[2m:[0m Unknown Polymarket event type [3mevent_type[0m[2m=[0mbest_bid_ask
[2m2026-04-12T20:19:13.485190Z[0m [34mDEBUG[0m [2mmercury::engine::market_actor[0m[2m:[0m Tick received — running arb detection [3mmarket_id[0m[2m=[0m189bf673-b643-45a5-be39-c4a3275d71a0 [3mplatform[0m[2m=[0mPolymarket [3mbid[0m[2m=[0m0.42 [3mask[0m[2m=[0m0.43 [3mmid[0m[2m=[0m0.4250 [3mbid_size[0m[2m=[0m15.39 [3mask_size[0m[2m=[0m197.28
[2m2026-04-12T20:19:13.485316Z[0m [34mDEBUG[0m [2mmercury::engine::detector[0m[2m:[0m No arb pairs registered for market — skipping detection [3mmarket_id[0m[2m=[0m189bf673-b643-45a5-be39-c4a3275d71a0
[2m2026-04-12T20:19:13.485744Z[0m [34mDEBUG[0m [2mmercury::engine::market_actor[0m[2m:[0m Tick received — running arb detection [3mmarket_id[0m[2m=[0m189bf673-b643-45a5-be39-c4a3275d71a0 [3mplatform[0m[2m=[0mPolymarket [3mbid[0m[2m=[0m0.42 [3mask[0m[2m=[0m0.43 [3mmid[0m[2m=[0m0.4250 [3mbid_size[0m[2m=[0m15.39 [3mask_size[0m[2m=[0m197.28
[2m2026-04-12T20:19:13.485841Z[0m [34mDEBUG[0m [2mmercury::engine::detector[0m[2m:[0m No arb pairs registered for market — skipping detection [3mmarket_id[0m[2m=[0m189bf673-b643-45a5-be39-c4a3275d71a0
[2m2026-04-12T20:19:13.584954Z[0m [34mDEBUG[0m [2mmercury::feeds::polymarket[0m[2m:[0m Unknown Polymarket event type [3mevent_type[0m[2m=[0mbest_bid_ask
[2m2026-04-12T20:19:13.585025Z[0m [34mDEBUG[0m [2mmercury::engine::market_actor[0m[2m:[0m Tick received — running arb detection [3mmarket_id[0m[2m=[0m189bf673-b643-45a5-be39-c4a3275d71a0 [3mplatform[0m[2m=[0mPolymarket [3mbid[0m[2m=[0m0.42 [3mask[0m[2m=[0m0.43 [3mmid[0m[2m=[0m0.4250 [3mbid_size[0m[2m=[0m5 [3mask_size[0m[2m=[0m197.28
[2m2026-04-12T20:19:13.585180Z[0m [34mDEBUG[0m [2mmercury::engine::detector[0m[2m:[0m No arb pairs registered for market — skipping detection [3mmarket_id[0m[2m=[0m189bf673-b643-45a5-be39-c4a3275d71a0
[2m2026-04-12T20:19:13.585319Z[0m [34mDEBUG[0m [2mmercury::engine::market_actor[0m[2m:[0m Tick received — running arb detection [3mmarket_id[0m[2m=[0m189bf673-b643-45a5-be39-c4a3275d71a0 [3mplatform[0m[2m=[0mPolymarket [3mbid[0m[2m=[0m0.42 [3mask[0m[2m=[0m0.43 [3mmid[0m[2m=[0m0.4250 [3mbid_size[0m[2m=[0m45 [3mask_size[0m[2m=[0m197.28
[2m2026-04-12T20:19:13.585479Z[0m [34mDEBUG[0m [2mmercury::engine::detector[0m[2m:[0m No arb pairs registered for market — skipping detection [3mmarket_id[0m[2m=[0m189bf673-b643-45a5-be39-c4a3275d71a0
[2m2026-04-12T20:19:13.585549Z[0m [34mDEBUG[0m [2mmercury::engine::market_actor[0m[2m:[0m Tick received — running arb detection [3mmarket_id[0m[2m=[0m189bf673-b643-45a5-be39-c4a3275d71a0 [3mplatform[0m[2m=[0mPolymarket [3mbid[0m[2m=[0m0.42 [3mask[0m[2m=[0m0.43 [3mmid[0m[2m=[0m0.4250 [3mbid_size[0m[2m=[0m40 [3mask_size[0m[2m=[0m197.28
[2m2026-04-12T20:19:13.585705Z[0m [34mDEBUG[0m [2mmercury::engine::detector[0m[2m:[0m No arb pairs registered for market — skipping detection [3mmarket_id[0m[2m=[0m189bf673-b643-45a5-be39-c4a3275d71a0
[2m2026-04-12T20:19:13.585950Z[0m [34mDEBUG[0m [2mmercury::engine::market_actor[0m[2m:[0m Tick received — running arb detection [3mmarket_id[0m[2m=[0m189bf673-b643-45a5-be39-c4a3275d71a0 [3mplatform[0m[2m=[0mPolymarket [3mbid[0m[2m=[0m0.42 [3mask[0m[2m=[0m0.43 [3mmid[0m[2m=[0m0.4250 [3mbid_size[0m[2m=[0m40 [3mask_size[0m[2m=[0m197.28
[2m2026-04-12T20:19:13.586185Z[0m [34mDEBUG[0m [2mmercury::engine::detector[0m[2m:[0m No arb pairs registered for market — skipping detection [3mmarket_id[0m[2m=[0m189bf673-b643-45a5-be39-c4a3275d71a0
[2m2026-04-12T20:19:13.586294Z[0m [34mDEBUG[0m [2mmercury::engine::market_actor[0m[2m:[0m Tick received — running arb detection [3mmarket_id[0m[2m=[0m189bf673-b643-45a5-be39-c4a3275d71a0 [3mplatform[0m[2m=[0mPolymarket [3mbid[0m[2m=[0m0.42 [3mask[0m[2m=[0m0.43 [3mmid[0m[2m=[0m0.4250 [3mbid_size[0m[2m=[0m40 [3mask_size[0m[2m=[0m197.28
[2m2026-04-12T20:19:13.586473Z[0m [34mDEBUG[0m [2mmercury::engine::detector[0m[2m:[0m No arb pairs registered for market — skipping detection [3mmarket_id[0m[2m=[0m189bf673-b643-45a5-be39-c4a3275d71a0
[2m2026-04-12T20:19:13.586545Z[0m [34mDEBUG[0m [2mmercury::engine::market_actor[0m[2m:[0m Tick received — running arb detection [3mmarket_id[0m[2m=[0m189bf673-b643-45a5-be39-c4a3275d71a0 [3mplatform[0m[2m=[0mPolymarket [3mbid[0m[2m=[0m0.42 [3mask[0m[2m=[0m0.43 [3mmid[0m[2m=[0m0.4250 [3mbid_size[0m[2m=[0m40 [3mask_size[0m[2m=[0m197.28
[2m2026-04-12T20:19:13.586651Z[0m [34mDEBUG[0m [2mmercury::engine::detector[0m[2m:[0m No arb pairs registered for market — skipping detection [3mmarket_id[0m[2m=[0m189bf673-b643-45a5-be39-c4a3275d71a0
[2m2026-04-12T20:19:13.594420Z[0m [34mDEBUG[0m [2mmercury::engine::market_actor[0m[2m:[0m Tick received — running arb detection [3mmarket_id[0m[2m=[0m189bf673-b643-45a5-be39-c4a3275d71a0 [3mplatform[0m[2m=[0mPolymarket [3mbid[0m[2m=[0m0.42 [3mask[0m[2m=[0m0.43 [3mmid[0m[2m=[0m0.4250 [3mbid_size[0m[2m=[0m40 [3mask_size[0m[2m=[0m197.28
[2m2026-04-12T20:19:13.594687Z[0m [34mDEBUG[0m [2mmercury::engine::detector[0m[2m:[0m No arb pairs registered for market — skipping detection [3mmarket_id[0m[2m=[0m189bf673-b643-45a5-be39-c4a3275d71a0
[2m2026-04-12T20:19:13.594884Z[0m [34mDEBUG[0m [2mmercury::engine::market_actor[0m[2m:[0m Tick received — running arb detection [3mmarket_id[0m[2m=[0m189bf673-b643-45a5-be39-c4a3275d71a0 [3mplatform[0m[2m=[0mPolymarket [3mbid[0m[2m=[0m0.42 [3mask[0m[2m=[0m0.43 [3mmid[0m[2m=[0m0.4250 [3mbid_size[0m[2m=[0m40 [3mask_size[0m[2m=[0m197.28
[2m2026-04-12T20:19:13.595039Z[0m [34mDEBUG[0m [2mmercury::engine::detector[0m[2m:[0m No arb pairs registered for market — skipping detection [3mmarket_id[0m[2m=[0m189bf673-b643-45a5-be39-c4a3275d71a0
[2m2026-04-12T20:19:13.639806Z[0m [34mDEBUG[0m [2mmercury::engine::market_actor[0m[2m:[0m Tick received — running arb detection [3mmarket_id[0m[2m=[0m189bf673-b643-45a5-be39-c4a3275d71a0 [3mplatform[0m[2m=[0mPolymarket [3mbid[0m[2m=[0m0.42 [3mask[0m[2m=[0m0.43 [3mmid[0m[2m=[0m0.4250 [3mbid_size[0m[2m=[0m40 [3mask_size[0m[2m=[0m197.28
[2m2026-04-12T20:19:13.639998Z[0m [34mDEBUG[0m [2mmercury::engine::detector[0m[2m:[0m No arb pairs registered for market — skipping detection [3mmarket_id[0m[2m=[0m189bf673-b643-45a5-be39-c4a3275d71a0
[2m2026-04-12T20:19:13.640052Z[0m [34mDEBUG[0m [2mmercury::engine::market_actor[0m[2m:[0m Tick received — running arb detection [3mmarket_id[0m[2m=[0m189bf673-b643-45a5-be39-c4a3275d71a0 [3mplatform[0m[2m=[0mPolymarket [3mbid[0m[2m=[0m0.42 [3mask[0m[2m=[0m0.43 [3mmid[0m[2m=[0m0.4250 [3mbid_size[0m[2m=[0m40 [3mask_size[0m[2m=[0m197.28
[2m2026-04-12T20:19:13.640121Z[0m [34mDEBUG[0m [2mmercury::engine::detector[0m[2m:[0m No arb pairs registered for market — skipping detection [3mmarket_id[0m[2m=[0m189bf673-b643-45a5-be39-c4a3275d71a0
[2m2026-04-12T20:19:13.692629Z[0m [34mDEBUG[0m [2mmercury::engine::market_actor[0m[2m:[0m Tick received — running arb detection [3mmarket_id[0m[2m=[0m189bf673-b643-45a5-be39-c4a3275d71a0 [3mplatform[0m[2m=[0mPolymarket [3mbid[0m[2m=[0m0.42 [3mask[0m[2m=[0m0.43 [3mmid[0m[2m=[0m0.4250 [3mbid_size[0m[2m=[0m40 [3mask_size[0m[2m=[0m197.28
[2m2026-04-12T20:19:13.692761Z[0m [34mDEBUG[0m [2mmercury::engine::detector[0m[2m:[0m No arb pairs registered for market — skipping detection [3mmarket_id[0m[2m=[0m189bf673-b643-45a5-be39-c4a3275d71a0
[2m2026-04-12T20:19:13.790161Z[0m [34mDEBUG[0m [2mmercury::engine::market_actor[0m[2m:[0m Tick received — running arb detection [3mmarket_id[0m[2m=[0m189bf673-b643-45a5-be39-c4a3275d71a0 [3mplatform[0m[2m=[0mPolymarket [3mbid[0m[2m=[0m0.42 [3mask[0m[2m=[0m0.43 [3mmid[0m[2m=[0m0.4250 [3mbid_size[0m[2m=[0m40 [3mask_size[0m[2m=[0m197.28
[2m2026-04-12T20:19:13.790412Z[0m [34mDEBUG[0m [2mmercury::engine::detector[0m[2m:[0m No arb pairs registered for market — skipping detection [3mmarket_id[0m[2m=[0m189bf673-b643-45a5-be39-c4a3275d71a0
[2m2026-04-12T20:19:13.790484Z[0m [34mDEBUG[0m [2mmercury::engine::market_actor[0m[2m:[0m Tick received — running arb detection [3mmarket_id[0m[2m=[0m189bf673-b643-45a5-be39-c4a3275d71a0 [3mplatform[0m[2m=[0mPolymarket [3mbid[0m[2m=[0m0.42 [3mask[0m[2m=[0m0.43 [3mmid[0m[2m=[0m0.4250 [3mbid_size[0m[2m=[0m40 [3mask_size[0m[2m=[0m197.28
[2m2026-04-12T20:19:13.790607Z[0m [34mDEBUG[0m [2mmercury::engine::detector[0m[2m:[0m No arb pairs registered for market — skipping detection [3mmarket_id[0m[2m=[0m189bf673-b643-45a5-be39-c4a3275d71a0
[2m2026-04-12T20:19:13.790698Z[0m [34mDEBUG[0m [2mmercury::engine::market_actor[0m[2m:[0m Tick received — running arb detection [3mmarket_id[0m[2m=[0m189bf673-b643-45a5-be39-c4a3275d71a0 [3mplatform[0m[2m=[0mPolymarket [3mbid[0m[2m=[0m0.42 [3mask[0m[2m=[0m0.43 [3mmid[0m[2m=[0m0.4250 [3mbid_size[0m[2m=[0m40 [3mask_size[0m[2m=[0m212.28
[2m2026-04-12T20:19:13.790830Z[0m [34mDEBUG[0m [2mmercury::engine::detector[0m[2m:[0m No arb pairs registered for market — skipping detection [3mmarket_id[0m[2m=[0m189bf673-b643-45a5-be39-c4a3275d71a0
[2m2026-04-12T20:19:13.796707Z[0m [34mDEBUG[0m [2mmercury::engine::market_actor[0m[2m:[0m Tick received — running arb detection [3mmarket_id[0m[2m=[0m189bf673-b643-45a5-be39-c4a3275d71a0 [3mplatform[0m[2m=[0mPolymarket [3mbid[0m[2m=[0m0.42 [3mask[0m[2m=[0m0.43 [3mmid[0m[2m=[0m0.4250 [3mbid_size[0m[2m=[0m40 [3mask_size[0m[2m=[0m212.28
[2m2026-04-12T20:19:13.796829Z[0m [34mDEBUG[0m [2mmercury::engine::detector[0m[2m:[0m No arb pairs registered for market — skipping detection [3mmarket_id[0m[2m=[0m189bf673-b643-45a5-be39-c4a3275d71a0
[2m2026-04-12T20:19:13.854086Z[0m [34mDEBUG[0m [2mmercury::feeds::polymarket[0m[2m:[0m Unknown Polymarket event type [3mevent_type[0m[2m=[0mbest_bid_ask
[2m2026-04-12T20:19:13.854086Z[0m [34mDEBUG[0m [2mmercury::engine::market_actor[0m[2m:[0m Tick received — running arb detection [3mmarket_id[0m[2m=[0m189bf673-b643-45a5-be39-c4a3275d71a0 [3mplatform[0m[2m=[0mPolymarket [3mbid[0m[2m=[0m0.42 [3mask[0m[2m=[0m0.43 [3mmid[0m[2m=[0m0.4250 [3mbid_size[0m[2m=[0m40 [3mask_size[0m[2m=[0m212.28
[2m2026-04-12T20:19:13.854337Z[0m [34mDEBUG[0m [2mmercury::engine::detector[0m[2m:[0m No arb pairs registered for market — skipping detection [3mmarket_id[0m[2m=[0m189bf673-b643-45a5-be39-c4a3275d71a0
[2m2026-04-12T20:19:13.854448Z[0m [34mDEBUG[0m [2mmercury::engine::market_actor[0m[2m:[0m Tick received — running arb detection [3mmarket_id[0m[2m=[0m189bf673-b643-45a5-be39-c4a3275d71a0 [3mplatform[0m[2m=[0mPolymarket [3mbid[0m[2m=[0m0.42 [3mask[0m[2m=[0m0.43 [3mmid[0m[2m=[0m0.4250 [3mbid_size[0m[2m=[0m40 [3mask_size[0m[2m=[0m212.28
[2m2026-04-12T20:19:13.854575Z[0m [34mDEBUG[0m [2mmercury::engine::detector[0m[2m:[0m No arb pairs registered for market — skipping detection [3mmarket_id[0m[2m=[0m189bf673-b643-45a5-be39-c4a3275d71a0
[2m2026-04-12T20:19:13.854649Z[0m [34mDEBUG[0m [2mmercury::engine::market_actor[0m[2m:[0m Tick received — running arb detection [3mmarket_id[0m[2m=[0m189bf673-b643-45a5-be39-c4a3275d71a0 [3mplatform[0m[2m=[0mPolymarket [3mbid[0m[2m=[0m0.42 [3mask[0m[2m=[0m0.43 [3mmid[0m[2m=[0m0.4250 [3mbid_size[0m[2m=[0m38.27 [3mask_size[0m[2m=[0m212.28
[2m2026-04-12T20:19:13.854787Z[0m [34mDEBUG[0m [2mmercury::engine::detector[0m[2m:[0m No arb pairs registered for market — skipping detection [3mmarket_id[0m[2m=[0m189bf673-b643-45a5-be39-c4a3275d71a0
[2m2026-04-12T20:19:13.854866Z[0m [34mDEBUG[0m [2mmercury::engine::market_actor[0m[2m:[0m Tick received — running arb detection [3mmarket_id[0m[2m=[0m189bf673-b643-45a5-be39-c4a3275d71a0 [3mplatform[0m[2m=[0mPolymarket [3mbid[0m[2m=[0m0.42 [3mask[0m[2m=[0m0.43 [3mmid[0m[2m=[0m0.4250 [3mbid_size[0m[2m=[0m38.27 [3mask_size[0m[2m=[0m212.28
[2m2026-04-12T20:19:13.854970Z[0m [34mDEBUG[0m [2mmercury::engine::detector[0m[2m:[0m No arb pairs registered for market — skipping detection [3mmarket_id[0m[2m=[0m189bf673-b643-45a5-be39-c4a3275d71a0
[2m2026-04-12T20:19:13.892005Z[0m [34mDEBUG[0m [2mmercury::engine::market_actor[0m[2m:[0m Tick received — running arb detection [3mmarket_id[0m[2m=[0m189bf673-b643-45a5-be39-c4a3275d71a0 [3mplatform[0m[2m=[0mPolymarket [3mbid[0m[2m=[0m0.42 [3mask[0m[2m=[0m0.43 [3mmid[0m[2m=[0m0.4250 [3mbid_size[0m[2m=[0m38.27 [3mask_size[0m[2m=[0m212.28
[2m2026-04-12T20:19:13.892138Z[0m [34mDEBUG[0m [2mmercury::engine::detector[0m[2m:[0m No arb pairs registered for market — skipping detection [3mmarket_id[0m[2m=[0m189bf673-b643-45a5-be39-c4a3275d71a0
[2m2026-04-12T20:19:13.954005Z[0m [34mDEBUG[0m [2mmercury::engine::market_actor[0m[2m:[0m Tick received — running arb detection [3mmarket_id[0m[2m=[0m2285bae6-253b-4085-b0d1-0af34b5530b6 [3mplatform[0m[2m=[0mPolymarket [3mbid[0m[2m=[0m0.44 [3mask[0m[2m=[0m0.45 [3mmid[0m[2m=[0m0.4450 [3mbid_size[0m[2m=[0m50 [3mask_size[0m[2m=[0m16.66
[2m2026-04-12T20:19:13.954233Z[0m [34mDEBUG[0m [2mmercury::engine::detector[0m[2m:[0m No arb pairs registered for market — skipping detection [3mmarket_id[0m[2m=[0m2285bae6-253b-4085-b0d1-0af34b5530b6
[2m2026-04-12T20:19:13.954289Z[0m [34mDEBUG[0m [2mmercury::engine::market_actor[0m[2m:[0m Tick received — running arb detection [3mmarket_id[0m[2m=[0m2285bae6-253b-4085-b0d1-0af34b5530b6 [3mplatform[0m[2m=[0mPolymarket [3mbid[0m[2m=[0m0.44 [3mask[0m[2m=[0m0.45 [3mmid[0m[2m=[0m0.4450 [3mbid_size[0m[2m=[0m50 [3mask_size[0m[2m=[0m21.7
[2m2026-04-12T20:19:13.954355Z[0m [34mDEBUG[0m [2mmercury::engine::detector[0m[2m:[0m No arb pairs registered for market — skipping detection [3mmarket_id[0m[2m=[0m2285bae6-253b-4085-b0d1-0af34b5530b6
[2m2026-04-12T20:19:13.954404Z[0m [34mDEBUG[0m [2mmercury::engine::market_actor[0m[2m:[0m Tick received — running arb detection [3mmarket_id[0m[2m=[0m2285bae6-253b-4085-b0d1-0af34b5530b6 [3mplatform[0m[2m=[0mPolymarket [3mbid[0m[2m=[0m0.44 [3mask[0m[2m=[0m0.45 [3mmid[0m[2m=[0m0.4450 [3mbid_size[0m[2m=[0m50 [3mask_size[0m[2m=[0m21.7
[2m2026-04-12T20:19:13.954469Z[0m [34mDEBUG[0m [2mmercury::engine::detector[0m[2m:[0m No arb pairs registered for market — skipping detection [3mmarket_id[0m[2m=[0m2285bae6-253b-4085-b0d1-0af34b5530b6
[2m2026-04-12T20:19:13.994965Z[0m [34mDEBUG[0m [2mmercury::engine::market_actor[0m[2m:[0m Tick received — running arb detection [3mmarket_id[0m[2m=[0m189bf673-b643-45a5-be39-c4a3275d71a0 [3mplatform[0m[2m=[0mPolymarket [3mbid[0m[2m=[0m0.42 [3mask[0m[2m=[0m0.43 [3mmid[0m[2m=[0m0.4250 [3mbid_size[0m[2m=[0m38.27 [3mask_size[0m[2m=[0m212.28
[2m2026-04-12T20:19:13.995002Z[0m [34mDEBUG[0m [2mmercury::engine::market_actor[0m[2m:[0m Tick received — running arb detection [3mmarket_id[0m[2m=[0m39a28b31-a7f7-4e16-b2f1-1e1948be289c [3mplatform[0m[2m=[0mPolymarket [3mbid[0m[2m=[0m0.41 [3mask[0m[2m=[0m0.42 [3mmid[0m[2m=[0m0.4150 [3mbid_size[0m[2m=[0m15.24 [3mask_size[0m[2m=[0m163
[2m2026-04-12T20:19:13.995065Z[0m [34mDEBUG[0m [2mmercury::engine::market_actor[0m[2m:[0m Tick received — running arb detection [3mmarket_id[0m[2m=[0m2285bae6-253b-4085-b0d1-0af34b5530b6 [3mplatform[0m[2m=[0mPolymarket [3mbid[0m[2m=[0m0.44 [3mask[0m[2m=[0m0.45 [3mmid[0m[2m=[0m0.4450 [3mbid_size[0m[2m=[0m50 [3mask_size[0m[2m=[0m21.7
[2m2026-04-12T20:19:13.995252Z[0m [34mDEBUG[0m [2mmercury::engine::detector[0m[2m:[0m No arb pairs registered for market — skipping detection [3mmarket_id[0m[2m=[0m189bf673-b643-45a5-be39-c4a3275d71a0
[2m2026-04-12T20:19:13.995283Z[0m [34mDEBUG[0m [2mmercury::engine::market_actor[0m[2m:[0m Tick received — running arb detection [3mmarket_id[0m[2m=[0mbc548cd4-ced9-48e8-b131-410c92fb3a0e [3mplatform[0m[2m=[0mPolymarket [3mbid[0m[2m=[0m0.36 [3mask[0m[2m=[0m0.4 [3mmid[0m[2m=[0m0.38 [3mbid_size[0m[2m=[0m35.6 [3mask_size[0m[2m=[0m6.72
[2m2026-04-12T20:19:13.995335Z[0m [34mDEBUG[0m [2mmercury::engine::market_actor[0m[2m:[0m Tick received — running arb detection [3mmarket_id[0m[2m=[0m189bf673-b643-45a5-be39-c4a3275d71a0 [3mplatform[0m[2m=[0mPolymarket [3mbid[0m[2m=[0m0.42 [3mask[0m[2m=[0m0.43 [3mmid[0m[2m=[0m0.4250 [3mbid_size[0m[2m=[0m38.27 [3mask_size[0m[2m=[0m212.28
[2m2026-04-12T20:19:13.995374Z[0m [34mDEBUG[0m [2mmercury::engine::detector[0m[2m:[0m No arb pairs registered for market — skipping detection [3mmarket_id[0m[2m=[0m39a28b31-a7f7-4e16-b2f1-1e1948be289c
[2m2026-04-12T20:19:13.995513Z[0m [34mDEBUG[0m [2mmercury::engine::market_actor[0m[2m:[0m Tick received — running arb detection [3mmarket_id[0m[2m=[0m39a28b31-a7f7-4e16-b2f1-1e1948be289c [3mplatform[0m[2m=[0mPolymarket [3mbid[0m[2m=[0m0.41 [3mask[0m[2m=[0m0.42 [3mmid[0m[2m=[0m0.4150 [3mbid_size[0m[2m=[0m15.24 [3mask_size[0m[2m=[0m163
[2m2026-04-12T20:19:13.995562Z[0m [34mDEBUG[0m [2mmercury::engine::detector[0m[2m:[0m No arb pairs registered for market — skipping detection [3mmarket_id[0m[2m=[0mbc548cd4-ced9-48e8-b131-410c92fb3a0e
[2m2026-04-12T20:19:13.995570Z[0m [34mDEBUG[0m [2mmercury::engine::detector[0m[2m:[0m No arb pairs registered for market — skipping detection [3mmarket_id[0m[2m=[0m2285bae6-253b-4085-b0d1-0af34b5530b6
[2m2026-04-12T20:19:13.995776Z[0m [34mDEBUG[0m [2mmercury::engine::market_actor[0m[2m:[0m Tick received — running arb detection [3mmarket_id[0m[2m=[0mbc548cd4-ced9-48e8-b131-410c92fb3a0e [3mplatform[0m[2m=[0mPolymarket [3mbid[0m[2m=[0m0.36 [3mask[0m[2m=[0m0.4 [3mmid[0m[2m=[0m0.38 [3mbid_size[0m[2m=[0m35.6 [3mask_size[0m[2m=[0m6.72
[2m2026-04-12T20:19:13.995801Z[0m [34mDEBUG[0m [2mmercury::engine::detector[0m[2m:[0m No arb pairs registered for market — skipping detection [3mmarket_id[0m[2m=[0m189bf673-b643-45a5-be39-c4a3275d71a0
[2m2026-04-12T20:19:13.995796Z[0m [34mDEBUG[0m [2mmercury::engine::market_actor[0m[2m:[0m Tick received — running arb detection [3mmarket_id[0m[2m=[0m2285bae6-253b-4085-b0d1-0af34b5530b6 [3mplatform[0m[2m=[0mPolymarket [3mbid[0m[2m=[0m0.44 [3mask[0m[2m=[0m0.45 [3mmid[0m[2m=[0m0.4450 [3mbid_size[0m[2m=[0m50 [3mask_size[0m[2m=[0m21.7
[2m2026-04-12T20:19:13.996003Z[0m [34mDEBUG[0m [2mmercury::engine::detector[0m[2m:[0m No arb pairs registered for market — skipping detection [3mmarket_id[0m[2m=[0m39a28b31-a7f7-4e16-b2f1-1e1948be289c
[2m2026-04-12T20:19:13.995972Z[0m [34mDEBUG[0m [2mmercury::engine::market_actor[0m[2m:[0m Tick received — running arb detection [3mmarket_id[0m[2m=[0m189bf673-b643-45a5-be39-c4a3275d71a0 [3mplatform[0m[2m=[0mPolymarket [3mbid[0m[2m=[0m0.42 [3mask[0m[2m=[0m0.43 [3mmid[0m[2m=[0m0.4250 [3mbid_size[0m[2m=[0m38.27 [3mask_size[0m[2m=[0m212.28
[2m2026-04-12T20:19:13.996138Z[0m [34mDEBUG[0m [2mmercury::engine::market_actor[0m[2m:[0m Tick received — running arb detection [3mmarket_id[0m[2m=[0m39a28b31-a7f7-4e16-b2f1-1e1948be289c [3mplatform[0m[2m=[0mPolymarket [3mbid[0m[2m=[0m0.41 [3mask[0m[2m=[0m0.42 [3mmid[0m[2m=[0m0.4150 [3mbid_size[0m[2m=[0m15.24 [3mask_size[0m[2m=[0m163
[2m2026-04-12T20:19:13.996216Z[0m [34mDEBUG[0m [2mmercury::engine::detector[0m[2m:[0m No arb pairs registered for market — skipping detection [3mmarket_id[0m[2m=[0m2285bae6-253b-4085-b0d1-0af34b5530b6
[2m2026-04-12T20:19:13.996435Z[0m [34mDEBUG[0m [2mmercury::engine::detector[0m[2m:[0m No arb pairs registered for market — skipping detection [3mmarket_id[0m[2m=[0m189bf673-b643-45a5-be39-c4a3275d71a0
[2m2026-04-12T20:19:13.996439Z[0m [34mDEBUG[0m [2mmercury::engine::detector[0m[2m:[0m No arb pairs registered for market — skipping detection [3mmarket_id[0m[2m=[0mbc548cd4-ced9-48e8-b131-410c92fb3a0e
[2m2026-04-12T20:19:13.996558Z[0m [34mDEBUG[0m [2mmercury::engine::detector[0m[2m:[0m No arb pairs registered for market — skipping detection [3mmarket_id[0m[2m=[0m39a28b31-a7f7-4e16-b2f1-1e1948be289c
[2m2026-04-12T20:19:14.049328Z[0m [34mDEBUG[0m [2mmercury::engine::market_actor[0m[2m:[0m Tick received — running arb detection [3mmarket_id[0m[2m=[0m189bf673-b643-45a5-be39-c4a3275d71a0 [3mplatform[0m[2m=[0mPolymarket [3mbid[0m[2m=[0m0.42 [3mask[0m[2m=[0m0.43 [3mmid[0m[2m=[0m0.4250 [3mbid_size[0m[2m=[0m38.27 [3mask_size[0m[2m=[0m212.28
[2m2026-04-12T20:19:14.049464Z[0m [34mDEBUG[0m [2mmercury::engine::detector[0m[2m:[0m No arb pairs registered for market — skipping detection [3mmarket_id[0m[2m=[0m189bf673-b643-45a5-be39-c4a3275d71a0
[2m2026-04-12T20:19:14.058138Z[0m [34mDEBUG[0m [2mmercury::feeds::polymarket[0m[2m:[0m Unknown Polymarket event type [3mevent_type[0m[2m=[0mbest_bid_ask
[2m2026-04-12T20:19:14.058553Z[0m [34mDEBUG[0m [2mmercury::engine::market_actor[0m[2m:[0m Tick received — running arb detection [3mmarket_id[0m[2m=[0m189bf673-b643-45a5-be39-c4a3275d71a0 [3mplatform[0m[2m=[0mPolymarket [3mbid[0m[2m=[0m0.42 [3mask[0m[2m=[0m0.43 [3mmid[0m[2m=[0m0.4250 [3mbid_size[0m[2m=[0m38.27 [3mask_size[0m[2m=[0m209.36
[2m2026-04-12T20:19:14.058719Z[0m [34mDEBUG[0m [2mmercury::engine::detector[0m[2m:[0m No arb pairs registered for market — skipping detection [3mmarket_id[0m[2m=[0m189bf673-b643-45a5-be39-c4a3275d71a0
[2m2026-04-12T20:19:14.059001Z[0m [34mDEBUG[0m [2mmercury::engine::market_actor[0m[2m:[0m Tick received — running arb detection [3mmarket_id[0m[2m=[0m189bf673-b643-45a5-be39-c4a3275d71a0 [3mplatform[0m[2m=[0mPolymarket [3mbid[0m[2m=[0m0.42 [3mask[0m[2m=[0m0.43 [3mmid[0m[2m=[0m0.4250 [3mbid_size[0m[2m=[0m38.27 [3mask_size[0m[2m=[0m209.36
[2m2026-04-12T20:19:14.059061Z[0m [34mDEBUG[0m [2mmercury::engine::market_actor[0m[2m:[0m Tick received — running arb detection [3mmarket_id[0m[2m=[0m2285bae6-253b-4085-b0d1-0af34b5530b6 [3mplatform[0m[2m=[0mPolymarket [3mbid[0m[2m=[0m0.44 [3mask[0m[2m=[0m0.45 [3mmid[0m[2m=[0m0.4450 [3mbid_size[0m[2m=[0m50 [3mask_size[0m[2m=[0m21.7
[2m2026-04-12T20:19:14.059181Z[0m [34mDEBUG[0m [2mmercury::engine::detector[0m[2m:[0m No arb pairs registered for market — skipping detection [3mmarket_id[0m[2m=[0m189bf673-b643-45a5-be39-c4a3275d71a0
[2m2026-04-12T20:19:14.059254Z[0m [34mDEBUG[0m [2mmercury::engine::market_actor[0m[2m:[0m Tick received — running arb detection [3mmarket_id[0m[2m=[0m39a28b31-a7f7-4e16-b2f1-1e1948be289c [3mplatform[0m[2m=[0mPolymarket [3mbid[0m[2m=[0m0.41 [3mask[0m[2m=[0m0.42 [3mmid[0m[2m=[0m0.4150 [3mbid_size[0m[2m=[0m15.24 [3mask_size[0m[2m=[0m163
[2m2026-04-12T20:19:14.059308Z[0m [34mDEBUG[0m [2mmercury::engine::market_actor[0m[2m:[0m Tick received — running arb detection [3mmarket_id[0m[2m=[0mbc548cd4-ced9-48e8-b131-410c92fb3a0e [3mplatform[0m[2m=[0mPolymarket [3mbid[0m[2m=[0m0.36 [3mask[0m[2m=[0m0.4 [3mmid[0m[2m=[0m0.38 [3mbid_size[0m[2m=[0m35.6 [3mask_size[0m[2m=[0m6.72
[2m2026-04-12T20:19:14.059320Z[0m [34mDEBUG[0m [2mmercury::engine::detector[0m[2m:[0m No arb pairs registered for market — skipping detection [3mmarket_id[0m[2m=[0m2285bae6-253b-4085-b0d1-0af34b5530b6
[2m2026-04-12T20:19:14.059591Z[0m [34mDEBUG[0m [2mmercury::engine::detector[0m[2m:[0m No arb pairs registered for market — skipping detection [3mmarket_id[0m[2m=[0m39a28b31-a7f7-4e16-b2f1-1e1948be289c
[2m2026-04-12T20:19:14.059750Z[0m [34mDEBUG[0m [2mmercury::engine::market_actor[0m[2m:[0m Tick received — running arb detection [3mmarket_id[0m[2m=[0m39a28b31-a7f7-4e16-b2f1-1e1948be289c [3mplatform[0m[2m=[0mPolymarket [3mbid[0m[2m=[0m0.41 [3mask[0m[2m=[0m0.42 [3mmid[0m[2m=[0m0.4150 [3mbid_size[0m[2m=[0m15.24 [3mask_size[0m[2m=[0m163
[2m2026-04-12T20:19:14.059787Z[0m [34mDEBUG[0m [2mmercury::engine::detector[0m[2m:[0m No arb pairs registered for market — skipping detection [3mmarket_id[0m[2m=[0mbc548cd4-ced9-48e8-b131-410c92fb3a0e
[2m2026-04-12T20:19:14.059830Z[0m [34mDEBUG[0m [2mmercury::engine::market_actor[0m[2m:[0m Tick received — running arb detection [3mmarket_id[0m[2m=[0m189bf673-b643-45a5-be39-c4a3275d71a0 [3mplatform[0m[2m=[0mPolymarket [3mbid[0m[2m=[0m0.42 [3mask[0m[2m=[0m0.43 [3mmid[0m[2m=[0m0.4250 [3mbid_size[0m[2m=[0m38.27 [3mask_size[0m[2m=[0m209.36
[2m2026-04-12T20:19:14.059880Z[0m [34mDEBUG[0m [2mmercury::engine::market_actor[0m[2m:[0m Tick received — running arb detection [3mmarket_id[0m[2m=[0m2285bae6-253b-4085-b0d1-0af34b5530b6 [3mplatform[0m[2m=[0mPolymarket [3mbid[0m[2m=[0m0.44 [3mask[0m[2m=[0m0.45 [3mmid[0m[2m=[0m0.4450 [3mbid_size[0m[2m=[0m50 [3mask_size[0m[2m=[0m21.7
[2m2026-04-12T20:19:14.059939Z[0m [34mDEBUG[0m [2mmercury::engine::market_actor[0m[2m:[0m Tick received — running arb detection [3mmarket_id[0m[2m=[0mbc548cd4-ced9-48e8-b131-410c92fb3a0e [3mplatform[0m[2m=[0mPolymarket [3mbid[0m[2m=[0m0.36 [3mask[0m[2m=[0m0.4 [3mmid[0m[2m=[0m0.38 [3mbid_size[0m[2m=[0m35.6 [3mask_size[0m[2m=[0m6.72
[2m2026-04-12T20:19:14.059952Z[0m [34mDEBUG[0m [2mmercury::engine::detector[0m[2m:[0m No arb pairs registered for market — skipping detection [3mmarket_id[0m[2m=[0m39a28b31-a7f7-4e16-b2f1-1e1948be289c
[2m2026-04-12T20:19:14.060111Z[0m [34mDEBUG[0m [2mmercury::engine::detector[0m[2m:[0m No arb pairs registered for market — skipping detection [3mmarket_id[0m[2m=[0mbc548cd4-ced9-48e8-b131-410c92fb3a0e
[2m2026-04-12T20:19:14.060114Z[0m [34mDEBUG[0m [2mmercury::engine::detector[0m[2m:[0m No arb pairs registered for market — skipping detection [3mmarket_id[0m[2m=[0m189bf673-b643-45a5-be39-c4a3275d71a0
[2m2026-04-12T20:19:14.060385Z[0m [34mDEBUG[0m [2mmercury::engine::detector[0m[2m:[0m No arb pairs registered for market — skipping detection [3mmarket_id[0m[2m=[0m2285bae6-253b-4085-b0d1-0af34b5530b6
[2m2026-04-12T20:19:14.060381Z[0m [34mDEBUG[0m [2mmercury::engine::market_actor[0m[2m:[0m Tick received — running arb detection [3mmarket_id[0m[2m=[0m189bf673-b643-45a5-be39-c4a3275d71a0 [3mplatform[0m[2m=[0mPolymarket [3mbid[0m[2m=[0m0.42 [3mask[0m[2m=[0m0.43 [3mmid[0m[2m=[0m0.4250 [3mbid_size[0m[2m=[0m38.27 [3mask_size[0m[2m=[0m209.36
[2m2026-04-12T20:19:14.060546Z[0m [34mDEBUG[0m [2mmercury::engine::market_actor[0m[2m:[0m Tick received — running arb detection [3mmarket_id[0m[2m=[0m2285bae6-253b-4085-b0d1-0af34b5530b6 [3mplatform[0m[2m=[0mPolymarket [3mbid[0m[2m=[0m0.44 [3mask[0m[2m=[0m0.45 [3mmid[0m[2m=[0m0.4450 [3mbid_size[0m[2m=[0m50 [3mask_size[0m[2m=[0m21.7
[2m2026-04-12T20:19:14.060560Z[0m [34mDEBUG[0m [2mmercury::engine::detector[0m[2m:[0m No arb pairs registered for market — skipping detection [3mmarket_id[0m[2m=[0m189bf673-b643-45a5-be39-c4a3275d71a0
[2m2026-04-12T20:19:14.060657Z[0m [34mDEBUG[0m [2mmercury::engine::detector[0m[2m:[0m No arb pairs registered for market — skipping detection [3mmarket_id[0m[2m=[0m2285bae6-253b-4085-b0d1-0af34b5530b6
[2m2026-04-12T20:19:14.094399Z[0m [34mDEBUG[0m [2mmercury::engine::market_actor[0m[2m:[0m Tick received — running arb detection [3mmarket_id[0m[2m=[0m189bf673-b643-45a5-be39-c4a3275d71a0 [3mplatform[0m[2m=[0mPolymarket [3mbid[0m[2m=[0m0.42 [3mask[0m[2m=[0m0.43 [3mmid[0m[2m=[0m0.4250 [3mbid_size[0m[2m=[0m48.27 [3mask_size[0m[2m=[0m209.36
[2m2026-04-12T20:19:14.094549Z[0m [34mDEBUG[0m [2mmercury::engine::detector[0m[2m:[0m No arb pairs registered for market — skipping detection [3mmarket_id[0m[2m=[0m189bf673-b643-45a5-be39-c4a3275d71a0
[2m2026-04-12T20:19:14.160975Z[0m [34mDEBUG[0m [2mmercury::engine::market_actor[0m[2m:[0m Tick received — running arb detection [3mmarket_id[0m[2m=[0mbc548cd4-ced9-48e8-b131-410c92fb3a0e [3mplatform[0m[2m=[0mPolymarket [3mbid[0m[2m=[0m0.36 [3mask[0m[2m=[0m0.4 [3mmid[0m[2m=[0m0.38 [3mbid_size[0m[2m=[0m35.6 [3mask_size[0m[2m=[0m6.72
[2m2026-04-12T20:19:14.161101Z[0m [34mDEBUG[0m [2mmercury::engine::detector[0m[2m:[0m No arb pairs registered for market — skipping detection [3mmarket_id[0m[2m=[0mbc548cd4-ced9-48e8-b131-410c92fb3a0e
[2m2026-04-12T20:19:14.211002Z[0m [34mDEBUG[0m [2mmercury::engine::market_actor[0m[2m:[0m Tick received — running arb detection [3mmarket_id[0m[2m=[0m189bf673-b643-45a5-be39-c4a3275d71a0 [3mplatform[0m[2m=[0mPolymarket [3mbid[0m[2m=[0m0.42 [3mask[0m[2m=[0m0.43 [3mmid[0m[2m=[0m0.4250 [3mbid_size[0m[2m=[0m48.27 [3mask_size[0m[2m=[0m209.36
[2m2026-04-12T20:19:14.211137Z[0m [34mDEBUG[0m [2mmercury::engine::detector[0m[2m:[0m No arb pairs registered for market — skipping detection [3mmarket_id[0m[2m=[0m189bf673-b643-45a5-be39-c4a3275d71a0
[2m2026-04-12T20:19:14.254585Z[0m [34mDEBUG[0m [2mmercury::engine::market_actor[0m[2m:[0m Tick received — running arb detection [3mmarket_id[0m[2m=[0m189bf673-b643-45a5-be39-c4a3275d71a0 [3mplatform[0m[2m=[0mPolymarket [3mbid[0m[2m=[0m0.42 [3mask[0m[2m=[0m0.43 [3mmid[0m[2m=[0m0.4250 [3mbid_size[0m[2m=[0m48.27 [3mask_size[0m[2m=[0m209.36
[2m2026-04-12T20:19:14.254804Z[0m [34mDEBUG[0m [2mmercury::engine::detector[0m[2m:[0m No arb pairs registered for market — skipping detection [3mmarket_id[0m[2m=[0m189bf673-b643-45a5-be39-c4a3275d71a0
[2m2026-04-12T20:19:14.254766Z[0m [34mDEBUG[0m [2mmercury::engine::market_actor[0m[2m:[0m Tick received — running arb detection [3mmarket_id[0m[2m=[0m39a28b31-a7f7-4e16-b2f1-1e1948be289c [3mplatform[0m[2m=[0mPolymarket [3mbid[0m[2m=[0m0.41 [3mask[0m[2m=[0m0.42 [3mmid[0m[2m=[0m0.4150 [3mbid_size[0m[2m=[0m15.24 [3mask_size[0m[2m=[0m163
[2m2026-04-12T20:19:14.254872Z[0m [34mDEBUG[0m [2mmercury::engine::market_actor[0m[2m:[0m Tick received — running arb detection [3mmarket_id[0m[2m=[0m189bf673-b643-45a5-be39-c4a3275d71a0 [3mplatform[0m[2m=[0mPolymarket [3mbid[0m[2m=[0m0.42 [3mask[0m[2m=[0m0.43 [3mmid[0m[2m=[0m0.4250 [3mbid_size[0m[2m=[0m48.27 [3mask_size[0m[2m=[0m209.36
[2m2026-04-12T20:19:14.254970Z[0m [34mDEBUG[0m [2mmercury::engine::detector[0m[2m:[0m No arb pairs registered for market — skipping detection [3mmarket_id[0m[2m=[0m39a28b31-a7f7-4e16-b2f1-1e1948be289c
[2m2026-04-12T20:19:14.255154Z[0m [34mDEBUG[0m [2mmercury::engine::detector[0m[2m:[0m No arb pairs registered for market — skipping detection [3mmarket_id[0m[2m=[0m189bf673-b643-45a5-be39-c4a3275d71a0
[2m2026-04-12T20:19:14.255263Z[0m [34mDEBUG[0m [2mmercury::engine::market_actor[0m[2m:[0m Tick received — running arb detection [3mmarket_id[0m[2m=[0mbc548cd4-ced9-48e8-b131-410c92fb3a0e [3mplatform[0m[2m=[0mPolymarket [3mbid[0m[2m=[0m0.36 [3mask[0m[2m=[0m0.4 [3mmid[0m[2m=[0m0.38 [3mbid_size[0m[2m=[0m35.6 [3mask_size[0m[2m=[0m6.72
[2m2026-04-12T20:19:14.255367Z[0m [34mDEBUG[0m [2mmercury::engine::market_actor[0m[2m:[0m Tick received — running arb detection [3mmarket_id[0m[2m=[0m189bf673-b643-45a5-be39-c4a3275d71a0 [3mplatform[0m[2m=[0mPolymarket [3mbid[0m[2m=[0m0.42 [3mask[0m[2m=[0m0.43 [3mmid[0m[2m=[0m0.4250 [3mbid_size[0m[2m=[0m48.27 [3mask_size[0m[2m=[0m209.36
[2m2026-04-12T20:19:14.255419Z[0m [34mDEBUG[0m [2mmercury::engine::detector[0m[2m:[0m No arb pairs registered for market — skipping detection [3mmarket_id[0m[2m=[0mbc548cd4-ced9-48e8-b131-410c92fb3a0e
[2m2026-04-12T20:19:14.255543Z[0m [34mDEBUG[0m [2mmercury::engine::detector[0m[2m:[0m No arb pairs registered for market — skipping detection [3mmarket_id[0m[2m=[0m189bf673-b643-45a5-be39-c4a3275d71a0
[2m2026-04-12T20:19:14.255568Z[0m [34mDEBUG[0m [2mmercury::engine::market_actor[0m[2m:[0m Tick received — running arb detection [3mmarket_id[0m[2m=[0mbc548cd4-ced9-48e8-b131-410c92fb3a0e [3mplatform[0m[2m=[0mPolymarket [3mbid[0m[2m=[0m0.36 [3mask[0m[2m=[0m0.4 [3mmid[0m[2m=[0m0.38 [3mbid_size[0m[2m=[0m35.6 [3mask_size[0m[2m=[0m6.72
[2m2026-04-12T20:19:14.255670Z[0m [34mDEBUG[0m [2mmercury::engine::market_actor[0m[2m:[0m Tick received — running arb detection [3mmarket_id[0m[2m=[0m189bf673-b643-45a5-be39-c4a3275d71a0 [3mplatform[0m[2m=[0mPolymarket [3mbid[0m[2m=[0m0.42 [3mask[0m[2m=[0m0.43 [3mmid[0m[2m=[0m0.4250 [3mbid_size[0m[2m=[0m48.27 [3mask_size[0m[2m=[0m209.36
[2m2026-04-12T20:19:14.255694Z[0m [34mDEBUG[0m [2mmercury::engine::detector[0m[2m:[0m No arb pairs registered for market — skipping detection [3mmarket_id[0m[2m=[0mbc548cd4-ced9-48e8-b131-410c92fb3a0e
[2m2026-04-12T20:19:14.255684Z[0m [34mDEBUG[0m [2mmercury::engine::market_actor[0m[2m:[0m Tick received — running arb detection [3mmarket_id[0m[2m=[0m2285bae6-253b-4085-b0d1-0af34b5530b6 [3mplatform[0m[2m=[0mPolymarket [3mbid[0m[2m=[0m0.44 [3mask[0m[2m=[0m0.45 [3mmid[0m[2m=[0m0.4450 [3mbid_size[0m[2m=[0m50 [3mask_size[0m[2m=[0m21.7
[2m2026-04-12T20:19:14.255850Z[0m [34mDEBUG[0m [2mmercury::engine::detector[0m[2m:[0m No arb pairs registered for market — skipping detection [3mmarket_id[0m[2m=[0m189bf673-b643-45a5-be39-c4a3275d71a0
[2m2026-04-12T20:19:14.256062Z[0m [34mDEBUG[0m [2mmercury::engine::market_actor[0m[2m:[0m Tick received — running arb detection [3mmarket_id[0m[2m=[0m189bf673-b643-45a5-be39-c4a3275d71a0 [3mplatform[0m[2m=[0mPolymarket [3mbid[0m[2m=[0m0.42 [3mask[0m[2m=[0m0.43 [3mmid[0m[2m=[0m0.4250 [3mbid_size[0m[2m=[0m48.27 [3mask_size[0m[2m=[0m209.36
[2m2026-04-12T20:19:14.256072Z[0m [34mDEBUG[0m [2mmercury::engine::detector[0m[2m:[0m No arb pairs registered for market — skipping detection [3mmarket_id[0m[2m=[0m2285bae6-253b-4085-b0d1-0af34b5530b6
[2m2026-04-12T20:19:14.256340Z[0m [34mDEBUG[0m [2mmercury::engine::market_actor[0m[2m:[0m Tick received — running arb detection [3mmarket_id[0m[2m=[0m2285bae6-253b-4085-b0d1-0af34b5530b6 [3mplatform[0m[2m=[0mPolymarket [3mbid[0m[2m=[0m0.44 [3mask[0m[2m=[0m0.45 [3mmid[0m[2m=[0m0.4450 [3mbid_size[0m[2m=[0m50 [3mask_size[0m[2m=[0m21.7
[2m2026-04-12T20:19:14.256381Z[0m [34mDEBUG[0m [2mmercury::engine::detector[0m[2m:[0m No arb pairs registered for market — skipping detection [3mmarket_id[0m[2m=[0m189bf673-b643-45a5-be39-c4a3275d71a0
[2m2026-04-12T20:19:14.256564Z[0m [34mDEBUG[0m [2mmercury::engine::detector[0m[2m:[0m No arb pairs registered for market — skipping detection [3mmarket_id[0m[2m=[0m2285bae6-253b-4085-b0d1-0af34b5530b6
[2m2026-04-12T20:19:14.260293Z[0m [34mDEBUG[0m [2mmercury::engine::market_actor[0m[2m:[0m Tick received — running arb detection [3mmarket_id[0m[2m=[0mbc548cd4-ced9-48e8-b131-410c92fb3a0e [3mplatform[0m[2m=[0mPolymarket [3mbid[0m[2m=[0m0.36 [3mask[0m[2m=[0m0.4 [3mmid[0m[2m=[0m0.38 [3mbid_size[0m[2m=[0m35.6 [3mask_size[0m[2m=[0m6.72
[2m2026-04-12T20:19:14.260457Z[0m [34mDEBUG[0m [2mmercury::engine::detector[0m[2m:[0m No arb pairs registered for market — skipping detection [3mmarket_id[0m[2m=[0mbc548cd4-ced9-48e8-b131-410c92fb3a0e
[2m2026-04-12T20:19:14.260534Z[0m [34mDEBUG[0m [2mmercury::engine::market_actor[0m[2m:[0m Tick received — running arb detection [3mmarket_id[0m[2m=[0mbc548cd4-ced9-48e8-b131-410c92fb3a0e [3mplatform[0m[2m=[0mPolymarket [3mbid[0m[2m=[0m0.36 [3mask[0m[2m=[0m0.4 [3mmid[0m[2m=[0m0.38 [3mbid_size[0m[2m=[0m35.6 [3mask_size[0m[2m=[0m6.72
[2m2026-04-12T20:19:14.260639Z[0m [34mDEBUG[0m [2mmercury::engine::detector[0m[2m:[0m No arb pairs registered for market — skipping detection [3mmarket_id[0m[2m=[0mbc548cd4-ced9-48e8-b131-410c92fb3a0e
[2m2026-04-12T20:19:14.301774Z[0m [34mDEBUG[0m [2mmercury::engine::market_actor[0m[2m:[0m Tick received — running arb detection [3mmarket_id[0m[2m=[0m39a28b31-a7f7-4e16-b2f1-1e1948be289c [3mplatform[0m[2m=[0mPolymarket [3mbid[0m[2m=[0m0.41 [3mask[0m[2m=[0m0.42 [3mmid[0m[2m=[0m0.4150 [3mbid_size[0m[2m=[0m15.24 [3mask_size[0m[2m=[0m163
[2m2026-04-12T20:19:14.301979Z[0m [34mDEBUG[0m [2mmercury::engine::detector[0m[2m:[0m No arb pairs registered for market — skipping detection [3mmarket_id[0m[2m=[0m39a28b31-a7f7-4e16-b2f1-1e1948be289c
[2m2026-04-12T20:19:14.302039Z[0m [34mDEBUG[0m [2mmercury::engine::market_actor[0m[2m:[0m Tick received — running arb detection [3mmarket_id[0m[2m=[0m39a28b31-a7f7-4e16-b2f1-1e1948be289c [3mplatform[0m[2m=[0mPolymarket [3mbid[0m[2m=[0m0.41 [3mask[0m[2m=[0m0.42 [3mmid[0m[2m=[0m0.4150 [3mbid_size[0m[2m=[0m15.24 [3mask_size[0m[2m=[0m163
[2m2026-04-12T20:19:14.302147Z[0m [34mDEBUG[0m [2mmercury::engine::detector[0m[2m:[0m No arb pairs registered for market — skipping detection [3mmarket_id[0m[2m=[0m39a28b31-a7f7-4e16-b2f1-1e1948be289c
[2m2026-04-12T20:19:14.459016Z[0m [34mDEBUG[0m [2mmercury::engine::market_actor[0m[2m:[0m Tick received — running arb detection [3mmarket_id[0m[2m=[0mbc548cd4-ced9-48e8-b131-410c92fb3a0e [3mplatform[0m[2m=[0mPolymarket [3mbid[0m[2m=[0m0.36 [3mask[0m[2m=[0m0.4 [3mmid[0m[2m=[0m0.38 [3mbid_size[0m[2m=[0m35.6 [3mask_size[0m[2m=[0m6.72
[2m2026-04-12T20:19:14.459028Z[0m [34mDEBUG[0m [2mmercury::engine::market_actor[0m[2m:[0m Tick received — running arb detection [3mmarket_id[0m[2m=[0m39a28b31-a7f7-4e16-b2f1-1e1948be289c [3mplatform[0m[2m=[0mPolymarket [3mbid[0m[2m=[0m0.41 [3mask[0m[2m=[0m0.42 [3mmid[0m[2m=[0m0.4150 [3mbid_size[0m[2m=[0m15.24 [3mask_size[0m[2m=[0m163
[2m2026-04-12T20:19:14.459363Z[0m [34mDEBUG[0m [2mmercury::engine::detector[0m[2m:[0m No arb pairs registered for market — skipping detection [3mmarket_id[0m[2m=[0mbc548cd4-ced9-48e8-b131-410c92fb3a0e
[2m2026-04-12T20:19:14.459465Z[0m [34mDEBUG[0m [2mmercury::engine::detector[0m[2m:[0m No arb pairs registered for market — skipping detection [3mmarket_id[0m[2m=[0m39a28b31-a7f7-4e16-b2f1-1e1948be289c
[2m2026-04-12T20:19:14.459465Z[0m [34mDEBUG[0m [2mmercury::engine::market_actor[0m[2m:[0m Tick received — running arb detection [3mmarket_id[0m[2m=[0mbc548cd4-ced9-48e8-b131-410c92fb3a0e [3mplatform[0m[2m=[0mPolymarket [3mbid[0m[2m=[0m0.36 [3mask[0m[2m=[0m0.4 [3mmid[0m[2m=[0m0.38 [3mbid_size[0m[2m=[0m35.6 [3mask_size[0m[2m=[0m6.72
[2m2026-04-12T20:19:14.459642Z[0m [34mDEBUG[0m [2mmercury::engine::market_actor[0m[2m:[0m Tick received — running arb detection [3mmarket_id[0m[2m=[0m39a28b31-a7f7-4e16-b2f1-1e1948be289c [3mplatform[0m[2m=[0mPolymarket [3mbid[0m[2m=[0m0.41 [3mask[0m[2m=[0m0.42 [3mmid[0m[2m=[0m0.4150 [3mbid_size[0m[2m=[0m15.24 [3mask_size[0m[2m=[0m163
[2m2026-04-12T20:19:14.459690Z[0m [34mDEBUG[0m [2mmercury::engine::detector[0m[2m:[0m No arb pairs registered for market — skipping detection [3mmarket_id[0m[2m=[0mbc548cd4-ced9-48e8-b131-410c92fb3a0e
[2m2026-04-12T20:19:14.459686Z[0m [34mDEBUG[0m [2mmercury::engine::market_actor[0m[2m:[0m Tick received — running arb detection [3mmarket_id[0m[2m=[0m189bf673-b643-45a5-be39-c4a3275d71a0 [3mplatform[0m[2m=[0mPolymarket [3mbid[0m[2m=[0m0.42 [3mask[0m[2m=[0m0.43 [3mmid[0m[2m=[0m0.4250 [3mbid_size[0m[2m=[0m48.27 [3mask_size[0m[2m=[0m209.36
[2m2026-04-12T20:19:14.459822Z[0m [34mDEBUG[0m [2mmercury::engine::market_actor[0m[2m:[0m Tick received — running arb detection [3mmarket_id[0m[2m=[0mbc548cd4-ced9-48e8-b131-410c92fb3a0e [3mplatform[0m[2m=[0mPolymarket [3mbid[0m[2m=[0m0.36 [3mask[0m[2m=[0m0.4 [3mmid[0m[2m=[0m0.38 [3mbid_size[0m[2m=[0m35.6 [3mask_size[0m[2m=[0m6.72
[2m2026-04-12T20:19:14.459862Z[0m [34mDEBUG[0m [2mmercury::engine::detector[0m[2m:[0m No arb pairs registered for market — skipping detection [3mmarket_id[0m[2m=[0m39a28b31-a7f7-4e16-b2f1-1e1948be289c
[2m2026-04-12T20:19:14.460026Z[0m [34mDEBUG[0m [2mmercury::engine::detector[0m[2m:[0m No arb pairs registered for market — skipping detection [3mmarket_id[0m[2m=[0m189bf673-b643-45a5-be39-c4a3275d71a0
[2m2026-04-12T20:19:14.460239Z[0m [34mDEBUG[0m [2mmercury::engine::market_actor[0m[2m:[0m Tick received — running arb detection [3mmarket_id[0m[2m=[0m189bf673-b643-45a5-be39-c4a3275d71a0 [3mplatform[0m[2m=[0mPolymarket [3mbid[0m[2m=[0m0.42 [3mask[0m[2m=[0m0.43 [3mmid[0m[2m=[0m0.4250 [3mbid_size[0m[2m=[0m48.27 [3mask_size[0m[2m=[0m209.36
[2m2026-04-12T20:19:14.460251Z[0m [34mDEBUG[0m [2mmercury::engine::detector[0m[2m:[0m No arb pairs registered for market — skipping detection [3mmarket_id[0m[2m=[0mbc548cd4-ced9-48e8-b131-410c92fb3a0e
[2m2026-04-12T20:19:14.460488Z[0m [34mDEBUG[0m [2mmercury::engine::market_actor[0m[2m:[0m Tick received — running arb detection [3mmarket_id[0m[2m=[0mbc548cd4-ced9-48e8-b131-410c92fb3a0e [3mplatform[0m[2m=[0mPolymarket [3mbid[0m[2m=[0m0.36 [3mask[0m[2m=[0m0.4 [3mmid[0m[2m=[0m0.38 [3mbid_size[0m[2m=[0m35.6 [3mask_size[0m[2m=[0m6.72
[2m2026-04-12T20:19:14.460498Z[0m [34mDEBUG[0m [2mmercury::engine::detector[0m[2m:[0m No arb pairs registered for market — skipping detection [3mmarket_id[0m[2m=[0m189bf673-b643-45a5-be39-c4a3275d71a0
[2m2026-04-12T20:19:14.460709Z[0m [34mDEBUG[0m [2mmercury::engine::market_actor[0m[2m:[0m Tick received — running arb detection [3mmarket_id[0m[2m=[0m189bf673-b643-45a5-be39-c4a3275d71a0 [3mplatform[0m[2m=[0mPolymarket [3mbid[0m[2m=[0m0.42 [3mask[0m[2m=[0m0.43 [3mmid[0m[2m=[0m0.4250 [3mbid_size[0m[2m=[0m48.27 [3mask_size[0m[2m=[0m209.36
[2m2026-04-12T20:19:14.460752Z[0m [34mDEBUG[0m [2mmercury::engine::detector[0m[2m:[0m No arb pairs registered for market — skipping detection [3mmarket_id[0m[2m=[0mbc548cd4-ced9-48e8-b131-410c92fb3a0e
[2m2026-04-12T20:19:14.460813Z[0m [34mDEBUG[0m [2mmercury::engine::market_actor[0m[2m:[0m Tick received — running arb detection [3mmarket_id[0m[2m=[0m39a28b31-a7f7-4e16-b2f1-1e1948be289c [3mplatform[0m[2m=[0mPolymarket [3mbid[0m[2m=[0m0.41 [3mask[0m[2m=[0m0.42 [3mmid[0m[2m=[0m0.4150 [3mbid_size[0m[2m=[0m15.24 [3mask_size[0m[2m=[0m163
[2m2026-04-12T20:19:14.460944Z[0m [34mDEBUG[0m [2mmercury::engine::detector[0m[2m:[0m No arb pairs registered for market — skipping detection [3mmarket_id[0m[2m=[0m189bf673-b643-45a5-be39-c4a3275d71a0
[2m2026-04-12T20:19:14.460951Z[0m [34mDEBUG[0m [2mmercury::engine::market_actor[0m[2m:[0m Tick received — running arb detection [3mmarket_id[0m[2m=[0mbc548cd4-ced9-48e8-b131-410c92fb3a0e [3mplatform[0m[2m=[0mPolymarket [3mbid[0m[2m=[0m0.36 [3mask[0m[2m=[0m0.4 [3mmid[0m[2m=[0m0.38 [3mbid_size[0m[2m=[0m35.6 [3mask_size[0m[2m=[0m6.72
[2m2026-04-12T20:19:14.461063Z[0m [34mDEBUG[0m [2mmercury::engine::detector[0m[2m:[0m No arb pairs registered for market — skipping detection [3mmarket_id[0m[2m=[0m39a28b31-a7f7-4e16-b2f1-1e1948be289c
[2m2026-04-12T20:19:14.461061Z[0m [34mDEBUG[0m [2mmercury::engine::market_actor[0m[2m:[0m Tick received — running arb detection [3mmarket_id[0m[2m=[0m189bf673-b643-45a5-be39-c4a3275d71a0 [3mplatform[0m[2m=[0mPolymarket [3mbid[0m[2m=[0m0.42 [3mask[0m[2m=[0m0.43 [3mmid[0m[2m=[0m0.4250 [3mbid_size[0m[2m=[0m48.27 [3mask_size[0m[2m=[0m209.36
[2m2026-04-12T20:19:14.461304Z[0m [34mDEBUG[0m [2mmercury::engine::detector[0m[2m:[0m No arb pairs registered for market — skipping detection [3mmarket_id[0m[2m=[0m189bf673-b643-45a5-be39-c4a3275d71a0
[2m2026-04-12T20:19:14.461450Z[0m [34mDEBUG[0m [2mmercury::engine::detector[0m[2m:[0m No arb pairs registered for market — skipping detection [3mmarket_id[0m[2m=[0mbc548cd4-ced9-48e8-b131-410c92fb3a0e
[2m2026-04-12T20:19:14.461442Z[0m [34mDEBUG[0m [2mmercury::engine::market_actor[0m[2m:[0m Tick received — running arb detection [3mmarket_id[0m[2m=[0m189bf673-b643-45a5-be39-c4a3275d71a0 [3mplatform[0m[2m=[0mPolymarket [3mbid[0m[2m=[0m0.42 [3mask[0m[2m=[0m0.43 [3mmid[0m[2m=[0m0.4250 [3mbid_size[0m[2m=[0m48.27 [3mask_size[0m[2m=[0m209.36
[2m2026-04-12T20:19:14.461567Z[0m [34mDEBUG[0m [2mmercury::engine::detector[0m[2m:[0m No arb pairs registered for market — skipping detection [3mmarket_id[0m[2m=[0m189bf673-b643-45a5-be39-c4a3275d71a0
[2m2026-04-12T20:19:14.461560Z[0m [34mDEBUG[0m [2mmercury::engine::market_actor[0m[2m:[0m Tick received — running arb detection [3mmarket_id[0m[2m=[0mbc548cd4-ced9-48e8-b131-410c92fb3a0e [3mplatform[0m[2m=[0mPolymarket [3mbid[0m[2m=[0m0.36 [3mask[0m[2m=[0m0.4 [3mmid[0m[2m=[0m0.38 [3mbid_size[0m[2m=[0m35.6 [3mask_size[0m[2m=[0m6.72
[2m2026-04-12T20:19:14.461642Z[0m [34mDEBUG[0m [2mmercury::engine::market_actor[0m[2m:[0m Tick received — running arb detection [3mmarket_id[0m[2m=[0m189bf673-b643-45a5-be39-c4a3275d71a0 [3mplatform[0m[2m=[0mPolymarket [3mbid[0m[2m=[0m0.42 [3mask[0m[2m=[0m0.43 [3mmid[0m[2m=[0m0.4250 [3mbid_size[0m[2m=[0m48.27 [3mask_size[0m[2m=[0m209.36
[2m2026-04-12T20:19:14.461661Z[0m [34mDEBUG[0m [2mmercury::engine::detector[0m[2m:[0m No arb pairs registered for market — skipping detection [3mmarket_id[0m[2m=[0mbc548cd4-ced9-48e8-b131-410c92fb3a0e
[2m2026-04-12T20:19:14.461712Z[0m [34mDEBUG[0m [2mmercury::engine::detector[0m[2m:[0m No arb pairs registered for market — skipping detection [3mmarket_id[0m[2m=[0m189bf673-b643-45a5-be39-c4a3275d71a0
[2m2026-04-12T20:19:14.461719Z[0m [34mDEBUG[0m [2mmercury::engine::market_actor[0m[2m:[0m Tick received — running arb detection [3mmarket_id[0m[2m=[0mbc548cd4-ced9-48e8-b131-410c92fb3a0e [3mplatform[0m[2m=[0mPolymarket [3mbid[0m[2m=[0m0.36 [3mask[0m[2m=[0m0.4 [3mmid[0m[2m=[0m0.38 [3mbid_size[0m[2m=[0m35.6 [3mask_size[0m[2m=[0m6.72
[2m2026-04-12T20:19:14.461810Z[0m [34mDEBUG[0m [2mmercury::engine::detector[0m[2m:[0m No arb pairs registered for market — skipping detection [3mmarket_id[0m[2m=[0mbc548cd4-ced9-48e8-b131-410c92fb3a0e
[2m2026-04-12T20:19:14.461883Z[0m [34mDEBUG[0m [2mmercury::engine::market_actor[0m[2m:[0m Tick received — running arb detection [3mmarket_id[0m[2m=[0mbc548cd4-ced9-48e8-b131-410c92fb3a0e [3mplatform[0m[2m=[0mPolymarket [3mbid[0m[2m=[0m0.36 [3mask[0m[2m=[0m0.4 [3mmid[0m[2m=[0m0.38 [3mbid_size[0m[2m=[0m35.6 [3mask_size[0m[2m=[0m6.72
[2m2026-04-12T20:19:14.461952Z[0m [34mDEBUG[0m [2mmercury::engine::detector[0m[2m:[0m No arb pairs registered for market — skipping detection [3mmarket_id[0m[2m=[0mbc548cd4-ced9-48e8-b131-410c92fb3a0e
[2m2026-04-12T20:19:14.560436Z[0m [34mDEBUG[0m [2mmercury::engine::market_actor[0m[2m:[0m Tick received — running arb detection [3mmarket_id[0m[2m=[0m631deb8c-fbb4-489e-818e-ae698f57f50b [3mplatform[0m[2m=[0mPolymarket [3mbid[0m[2m=[0m0.51 [3mask[0m[2m=[0m0.52 [3mmid[0m[2m=[0m0.5150 [3mbid_size[0m[2m=[0m405 [3mask_size[0m[2m=[0m78.13
[2m2026-04-12T20:19:14.560564Z[0m [34mDEBUG[0m [2mmercury::engine::detector[0m[2m:[0m No arb pairs registered for market — skipping detection [3mmarket_id[0m[2m=[0m631deb8c-fbb4-489e-818e-ae698f57f50b
[2m2026-04-12T20:19:14.711681Z[0m [34mDEBUG[0m [2mmercury::engine::market_actor[0m[2m:[0m Tick received — running arb detection [3mmarket_id[0m[2m=[0m189bf673-b643-45a5-be39-c4a3275d71a0 [3mplatform[0m[2m=[0mPolymarket [3mbid[0m[2m=[0m0.42 [3mask[0m[2m=[0m0.43 [3mmid[0m[2m=[0m0.4250 [3mbid_size[0m[2m=[0m48.27 [3mask_size[0m[2m=[0m209.36
[2m2026-04-12T20:19:14.711886Z[0m [34mDEBUG[0m [2mmercury::engine::market_actor[0m[2m:[0m Tick received — running arb detection [3mmarket_id[0m[2m=[0m2285bae6-253b-4085-b0d1-0af34b5530b6 [3mplatform[0m[2m=[0mPolymarket [3mbid[0m[2m=[0m0.44 [3mask[0m[2m=[0m0.45 [3mmid[0m[2m=[0m0.4450 [3mbid_size[0m[2m=[0m50 [3mask_size[0m[2m=[0m21.7
[2m2026-04-12T20:19:14.711911Z[0m [34mDEBUG[0m [2mmercury::engine::detector[0m[2m:[0m No arb pairs registered for market — skipping detection [3mmarket_id[0m[2m=[0m189bf673-b643-45a5-be39-c4a3275d71a0
[2m2026-04-12T20:19:14.712026Z[0m [34mDEBUG[0m [2mmercury::engine::detector[0m[2m:[0m No arb pairs registered for market — skipping detection [3mmarket_id[0m[2m=[0m2285bae6-253b-4085-b0d1-0af34b5530b6
[2m2026-04-12T20:19:14.712033Z[0m [34mDEBUG[0m [2mmercury::engine::market_actor[0m[2m:[0m Tick received — running arb detection [3mmarket_id[0m[2m=[0m189bf673-b643-45a5-be39-c4a3275d71a0 [3mplatform[0m[2m=[0mPolymarket [3mbid[0m[2m=[0m0.42 [3mask[0m[2m=[0m0.43 [3mmid[0m[2m=[0m0.4250 [3mbid_size[0m[2m=[0m48.27 [3mask_size[0m[2m=[0m209.36
[2m2026-04-12T20:19:14.712122Z[0m [34mDEBUG[0m [2mmercury::engine::detector[0m[2m:[0m No arb pairs registered for market — skipping detection [3mmarket_id[0m[2m=[0m189bf673-b643-45a5-be39-c4a3275d71a0
[2m2026-04-12T20:19:14.761374Z[0m [34mDEBUG[0m [2mmercury::engine::market_actor[0m[2m:[0m Tick received — running arb detection [3mmarket_id[0m[2m=[0m631deb8c-fbb4-489e-818e-ae698f57f50b [3mplatform[0m[2m=[0mPolymarket [3mbid[0m[2m=[0m0.51 [3mask[0m[2m=[0m0.52 [3mmid[0m[2m=[0m0.5150 [3mbid_size[0m[2m=[0m405 [3mask_size[0m[2m=[0m78.13
[2m2026-04-12T20:19:14.761557Z[0m [34mDEBUG[0m [2mmercury::engine::detector[0m[2m:[0m No arb pairs registered for market — skipping detection [3mmarket_id[0m[2m=[0m631deb8c-fbb4-489e-818e-ae698f57f50b
[2m2026-04-12T20:19:14.804045Z[0m [34mDEBUG[0m [2mmercury::engine::market_actor[0m[2m:[0m Tick received — running arb detection [3mmarket_id[0m[2m=[0m189bf673-b643-45a5-be39-c4a3275d71a0 [3mplatform[0m[2m=[0mPolymarket [3mbid[0m[2m=[0m0.42 [3mask[0m[2m=[0m0.43 [3mmid[0m[2m=[0m0.4250 [3mbid_size[0m[2m=[0m48.27 [3mask_size[0m[2m=[0m209.36
[2m2026-04-12T20:19:14.804209Z[0m [34mDEBUG[0m [2mmercury::engine::detector[0m[2m:[0m No arb pairs registered for market — skipping detection [3mmarket_id[0m[2m=[0m189bf673-b643-45a5-be39-c4a3275d71a0
[2m2026-04-12T20:19:14.878718Z[0m [34mDEBUG[0m [2mmercury::engine::market_actor[0m[2m:[0m Tick received — running arb detection [3mmarket_id[0m[2m=[0m189bf673-b643-45a5-be39-c4a3275d71a0 [3mplatform[0m[2m=[0mPolymarket [3mbid[0m[2m=[0m0.42 [3mask[0m[2m=[0m0.43 [3mmid[0m[2m=[0m0.4250 [3mbid_size[0m[2m=[0m48.27 [3mask_size[0m[2m=[0m209.36
[2m2026-04-12T20:19:14.878954Z[0m [34mDEBUG[0m [2mmercury::engine::detector[0m[2m:[0m No arb pairs registered for market — skipping detection [3mmarket_id[0m[2m=[0m189bf673-b643-45a5-be39-c4a3275d71a0
[2m2026-04-12T20:19:14.879071Z[0m [34mDEBUG[0m [2mmercury::engine::market_actor[0m[2m:[0m Tick received — running arb detection [3mmarket_id[0m[2m=[0m189bf673-b643-45a5-be39-c4a3275d71a0 [3mplatform[0m[2m=[0mPolymarket [3mbid[0m[2m=[0m0.42 [3mask[0m[2m=[0m0.43 [3mmid[0m[2m=[0m0.4250 [3mbid_size[0m[2m=[0m48.27 [3mask_size[0m[2m=[0m209.36
[2m2026-04-12T20:19:14.879184Z[0m [34mDEBUG[0m [2mmercury::engine::detector[0m[2m:[0m No arb pairs registered for market — skipping detection [3mmarket_id[0m[2m=[0m189bf673-b643-45a5-be39-c4a3275d71a0
[2m2026-04-12T20:19:14.879252Z[0m [34mDEBUG[0m [2mmercury::engine::market_actor[0m[2m:[0m Tick received — running arb detection [3mmarket_id[0m[2m=[0m189bf673-b643-45a5-be39-c4a3275d71a0 [3mplatform[0m[2m=[0mPolymarket [3mbid[0m[2m=[0m0.42 [3mask[0m[2m=[0m0.43 [3mmid[0m[2m=[0m0.4250 [3mbid_size[0m[2m=[0m48.27 [3mask_size[0m[2m=[0m209.36
[2m2026-04-12T20:19:14.879399Z[0m [34mDEBUG[0m [2mmercury::engine::detector[0m[2m:[0m No arb pairs registered for market — skipping detection [3mmarket_id[0m[2m=[0m189bf673-b643-45a5-be39-c4a3275d71a0
[2m2026-04-12T20:19:14.879477Z[0m [34mDEBUG[0m [2mmercury::engine::market_actor[0m[2m:[0m Tick received — running arb detection [3mmarket_id[0m[2m=[0m189bf673-b643-45a5-be39-c4a3275d71a0 [3mplatform[0m[2m=[0mPolymarket [3mbid[0m[2m=[0m0.42 [3mask[0m[2m=[0m0.43 [3mmid[0m[2m=[0m0.4250 [3mbid_size[0m[2m=[0m48.27 [3mask_size[0m[2m=[0m209.36
[2m2026-04-12T20:19:14.879603Z[0m [34mDEBUG[0m [2mmercury::engine::detector[0m[2m:[0m No arb pairs registered for market — skipping detection [3mmarket_id[0m[2m=[0m189bf673-b643-45a5-be39-c4a3275d71a0
[2m2026-04-12T20:19:14.879672Z[0m [34mDEBUG[0m [2mmercury::engine::market_actor[0m[2m:[0m Tick received — running arb detection [3mmarket_id[0m[2m=[0m189bf673-b643-45a5-be39-c4a3275d71a0 [3mplatform[0m[2m=[0mPolymarket [3mbid[0m[2m=[0m0.42 [3mask[0m[2m=[0m0.43 [3mmid[0m[2m=[0m0.4250 [3mbid_size[0m[2m=[0m48.27 [3mask_size[0m[2m=[0m209.36
[2m2026-04-12T20:19:14.879824Z[0m [34mDEBUG[0m [2mmercury::engine::detector[0m[2m:[0m No arb pairs registered for market — skipping detection [3mmarket_id[0m[2m=[0m189bf673-b643-45a5-be39-c4a3275d71a0
[2m2026-04-12T20:19:14.957250Z[0m [34mDEBUG[0m [2mmercury::engine::market_actor[0m[2m:[0m Tick received — running arb detection [3mmarket_id[0m[2m=[0mbc548cd4-ced9-48e8-b131-410c92fb3a0e [3mplatform[0m[2m=[0mPolymarket [3mbid[0m[2m=[0m0.36 [3mask[0m[2m=[0m0.4 [3mmid[0m[2m=[0m0.38 [3mbid_size[0m[2m=[0m42.32 [3mask_size[0m[2m=[0m6.72
[2m2026-04-12T20:19:14.957415Z[0m [34mDEBUG[0m [2mmercury::engine::detector[0m[2m:[0m No arb pairs registered for market — skipping detection [3mmarket_id[0m[2m=[0mbc548cd4-ced9-48e8-b131-410c92fb3a0e
[2m2026-04-12T20:19:14.963851Z[0m [34mDEBUG[0m [2mmercury::engine::market_actor[0m[2m:[0m Tick received — running arb detection [3mmarket_id[0m[2m=[0m2285bae6-253b-4085-b0d1-0af34b5530b6 [3mplatform[0m[2m=[0mPolymarket [3mbid[0m[2m=[0m0.44 [3mask[0m[2m=[0m0.45 [3mmid[0m[2m=[0m0.4450 [3mbid_size[0m[2m=[0m50 [3mask_size[0m[2m=[0m21.7
[2m2026-04-12T20:19:14.963908Z[0m [34mDEBUG[0m [2mmercury::engine::market_actor[0m[2m:[0m Tick received — running arb detection [3mmarket_id[0m[2m=[0mbc548cd4-ced9-48e8-b131-410c92fb3a0e [3mplatform[0m[2m=[0mPolymarket [3mbid[0m[2m=[0m0.36 [3mask[0m[2m=[0m0.4 [3mmid[0m[2m=[0m0.38 [3mbid_size[0m[2m=[0m35.6 [3mask_size[0m[2m=[0m6.72
[2m2026-04-12T20:19:14.964030Z[0m [34mDEBUG[0m [2mmercury::engine::detector[0m[2m:[0m No arb pairs registered for market — skipping detection [3mmarket_id[0m[2m=[0m2285bae6-253b-4085-b0d1-0af34b5530b6
[2m2026-04-12T20:19:14.964068Z[0m [34mDEBUG[0m [2mmercury::engine::market_actor[0m[2m:[0m Tick received — running arb detection [3mmarket_id[0m[2m=[0m39a28b31-a7f7-4e16-b2f1-1e1948be289c [3mplatform[0m[2m=[0mPolymarket [3mbid[0m[2m=[0m0.41 [3mask[0m[2m=[0m0.42 [3mmid[0m[2m=[0m0.4150 [3mbid_size[0m[2m=[0m15.24 [3mask_size[0m[2m=[0m163
[2m2026-04-12T20:19:14.964170Z[0m [34mDEBUG[0m [2mmercury::engine::detector[0m[2m:[0m No arb pairs registered for market — skipping detection [3mmarket_id[0m[2m=[0mbc548cd4-ced9-48e8-b131-410c92fb3a0e
[2m2026-04-12T20:19:14.964362Z[0m [34mDEBUG[0m [2mmercury::engine::detector[0m[2m:[0m No arb pairs registered for market — skipping detection [3mmarket_id[0m[2m=[0m39a28b31-a7f7-4e16-b2f1-1e1948be289c
[2m2026-04-12T20:19:14.968040Z[0m [34mDEBUG[0m [2mmercury::engine::market_actor[0m[2m:[0m Tick received — running arb detection [3mmarket_id[0m[2m=[0mbc548cd4-ced9-48e8-b131-410c92fb3a0e [3mplatform[0m[2m=[0mPolymarket [3mbid[0m[2m=[0m0.36 [3mask[0m[2m=[0m0.4 [3mmid[0m[2m=[0m0.38 [3mbid_size[0m[2m=[0m35.6 [3mask_size[0m[2m=[0m6.72
[2m2026-04-12T20:19:14.968107Z[0m [34mDEBUG[0m [2mmercury::engine::market_actor[0m[2m:[0m Tick received — running arb detection [3mmarket_id[0m[2m=[0m39a28b31-a7f7-4e16-b2f1-1e1948be289c [3mplatform[0m[2m=[0mPolymarket [3mbid[0m[2m=[0m0.41 [3mask[0m[2m=[0m0.42 [3mmid[0m[2m=[0m0.4150 [3mbid_size[0m[2m=[0m15.24 [3mask_size[0m[2m=[0m163
[2m2026-04-12T20:19:14.968303Z[0m [34mDEBUG[0m [2mmercury::engine::detector[0m[2m:[0m No arb pairs registered for market — skipping detection [3mmarket_id[0m[2m=[0mbc548cd4-ced9-48e8-b131-410c92fb3a0e
[2m2026-04-12T20:19:14.968375Z[0m [34mDEBUG[0m [2mmercury::engine::market_actor[0m[2m:[0m Tick received — running arb detection [3mmarket_id[0m[2m=[0m189bf673-b643-45a5-be39-c4a3275d71a0 [3mplatform[0m[2m=[0mPolymarket [3mbid[0m[2m=[0m0.42 [3mask[0m[2m=[0m0.43 [3mmid[0m[2m=[0m0.4250 [3mbid_size[0m[2m=[0m48.27 [3mask_size[0m[2m=[0m209.36
[2m2026-04-12T20:19:14.968423Z[0m [34mDEBUG[0m [2mmercury::engine::market_actor[0m[2m:[0m Tick received — running arb detection [3mmarket_id[0m[2m=[0mbc548cd4-ced9-48e8-b131-410c92fb3a0e [3mplatform[0m[2m=[0mPolymarket [3mbid[0m[2m=[0m0.36 [3mask[0m[2m=[0m0.4 [3mmid[0m[2m=[0m0.38 [3mbid_size[0m[2m=[0m35.6 [3mask_size[0m[2m=[0m6.72
[2m2026-04-12T20:19:14.968458Z[0m [34mDEBUG[0m [2mmercury::engine::detector[0m[2m:[0m No arb pairs registered for market — skipping detection [3mmarket_id[0m[2m=[0m39a28b31-a7f7-4e16-b2f1-1e1948be289c
[2m2026-04-12T20:19:14.968494Z[0m [34mDEBUG[0m [2mmercury::engine::market_actor[0m[2m:[0m Tick received — running arb detection [3mmarket_id[0m[2m=[0m2285bae6-253b-4085-b0d1-0af34b5530b6 [3mplatform[0m[2m=[0mPolymarket [3mbid[0m[2m=[0m0.44 [3mask[0m[2m=[0m0.45 [3mmid[0m[2m=[0m0.4450 [3mbid_size[0m[2m=[0m50 [3mask_size[0m[2m=[0m21.7
[2m2026-04-12T20:19:14.968543Z[0m [34mDEBUG[0m [2mmercury::engine::detector[0m[2m:[0m No arb pairs registered for market — skipping detection [3mmarket_id[0m[2m=[0mbc548cd4-ced9-48e8-b131-410c92fb3a0e
[2m2026-04-12T20:19:14.968686Z[0m [34mDEBUG[0m [2mmercury::engine::detector[0m[2m:[0m No arb pairs registered for market — skipping detection [3mmarket_id[0m[2m=[0m189bf673-b643-45a5-be39-c4a3275d71a0
[2m2026-04-12T20:19:14.968823Z[0m [34mDEBUG[0m [2mmercury::engine::detector[0m[2m:[0m No arb pairs registered for market — skipping detection [3mmarket_id[0m[2m=[0m2285bae6-253b-4085-b0d1-0af34b5530b6
[2m2026-04-12T20:19:14.969498Z[0m [34mDEBUG[0m [2mmercury::engine::market_actor[0m[2m:[0m Tick received — running arb detection [3mmarket_id[0m[2m=[0m189bf673-b643-45a5-be39-c4a3275d71a0 [3mplatform[0m[2m=[0mPolymarket [3mbid[0m[2m=[0m0.42 [3mask[0m[2m=[0m0.43 [3mmid[0m[2m=[0m0.4250 [3mbid_size[0m[2m=[0m48.27 [3mask_size[0m[2m=[0m209.36
[2m2026-04-12T20:19:14.969532Z[0m [34mDEBUG[0m [2mmercury::engine::market_actor[0m[2m:[0m Tick received — running arb detection [3mmarket_id[0m[2m=[0mbc548cd4-ced9-48e8-b131-410c92fb3a0e [3mplatform[0m[2m=[0mPolymarket [3mbid[0m[2m=[0m0.36 [3mask[0m[2m=[0m0.4 [3mmid[0m[2m=[0m0.38 [3mbid_size[0m[2m=[0m35.6 [3mask_size[0m[2m=[0m6.72
[2m2026-04-12T20:19:14.969615Z[0m [34mDEBUG[0m [2mmercury::engine::detector[0m[2m:[0m No arb pairs registered for market — skipping detection [3mmarket_id[0m[2m=[0m189bf673-b643-45a5-be39-c4a3275d71a0
[2m2026-04-12T20:19:14.969958Z[0m [34mDEBUG[0m [2mmercury::engine::detector[0m[2m:[0m No arb pairs registered for market — skipping detection [3mmarket_id[0m[2m=[0mbc548cd4-ced9-48e8-b131-410c92fb3a0e
[2m2026-04-12T20:19:14.970123Z[0m [34mDEBUG[0m [2mmercury::engine::market_actor[0m[2m:[0m Tick received — running arb detection [3mmarket_id[0m[2m=[0mbc548cd4-ced9-48e8-b131-410c92fb3a0e [3mplatform[0m[2m=[0mPolymarket [3mbid[0m[2m=[0m0.36 [3mask[0m[2m=[0m0.4 [3mmid[0m[2m=[0m0.38 [3mbid_size[0m[2m=[0m35.6 [3mask_size[0m[2m=[0m6.72
[2m2026-04-12T20:19:14.970212Z[0m [34mDEBUG[0m [2mmercury::engine::detector[0m[2m:[0m No arb pairs registered for market — skipping detection [3mmarket_id[0m[2m=[0mbc548cd4-ced9-48e8-b131-410c92fb3a0e
[2m2026-04-12T20:19:15.019141Z[0m [34mDEBUG[0m [2mmercury::engine::market_actor[0m[2m:[0m Tick received — running arb detection [3mmarket_id[0m[2m=[0mbc548cd4-ced9-48e8-b131-410c92fb3a0e [3mplatform[0m[2m=[0mPolymarket [3mbid[0m[2m=[0m0.36 [3mask[0m[2m=[0m0.4 [3mmid[0m[2m=[0m0.38 [3mbid_size[0m[2m=[0m35.6 [3mask_size[0m[2m=[0m6.72
[2m2026-04-12T20:19:15.019223Z[0m [34mDEBUG[0m [2mmercury::feeds::polymarket[0m[2m:[0m Unknown Polymarket event type [3mevent_type[0m[2m=[0mbest_bid_ask
[2m2026-04-12T20:19:15.019424Z[0m [34mDEBUG[0m [2mmercury::engine::detector[0m[2m:[0m No arb pairs registered for market — skipping detection [3mmarket_id[0m[2m=[0mbc548cd4-ced9-48e8-b131-410c92fb3a0e
[2m2026-04-12T20:19:15.019504Z[0m [34mDEBUG[0m [2mmercury::engine::market_actor[0m[2m:[0m Tick received — running arb detection [3mmarket_id[0m[2m=[0mbc548cd4-ced9-48e8-b131-410c92fb3a0e [3mplatform[0m[2m=[0mPolymarket [3mbid[0m[2m=[0m0.36 [3mask[0m[2m=[0m0.4 [3mmid[0m[2m=[0m0.38 [3mbid_size[0m[2m=[0m35.6 [3mask_size[0m[2m=[0m6.72
[2m2026-04-12T20:19:15.019630Z[0m [34mDEBUG[0m [2mmercury::engine::detector[0m[2m:[0m No arb pairs registered for market — skipping detection [3mmarket_id[0m[2m=[0mbc548cd4-ced9-48e8-b131-410c92fb3a0e
[2m2026-04-12T20:19:15.019664Z[0m [34mDEBUG[0m [2mmercury::engine::market_actor[0m[2m:[0m Tick received — running arb detection [3mmarket_id[0m[2m=[0m189bf673-b643-45a5-be39-c4a3275d71a0 [3mplatform[0m[2m=[0mPolymarket [3mbid[0m[2m=[0m0.42 [3mask[0m[2m=[0m0.43 [3mmid[0m[2m=[0m0.4250 [3mbid_size[0m[2m=[0m48.27 [3mask_size[0m[2m=[0m204.36
[2m2026-04-12T20:19:15.019847Z[0m [34mDEBUG[0m [2mmercury::engine::detector[0m[2m:[0m No arb pairs registered for market — skipping detection [3mmarket_id[0m[2m=[0m189bf673-b643-45a5-be39-c4a3275d71a0
[2m2026-04-12T20:19:15.020228Z[0m [34mDEBUG[0m [2mmercury::engine::market_actor[0m[2m:[0m Tick received — running arb detection [3mmarket_id[0m[2m=[0m189bf673-b643-45a5-be39-c4a3275d71a0 [3mplatform[0m[2m=[0mPolymarket [3mbid[0m[2m=[0m0.42 [3mask[0m[2m=[0m0.43 [3mmid[0m[2m=[0m0.4250 [3mbid_size[0m[2m=[0m48.27 [3mask_size[0m[2m=[0m204.36
[2m2026-04-12T20:19:15.020347Z[0m [34mDEBUG[0m [2mmercury::engine::detector[0m[2m:[0m No arb pairs registered for market — skipping detection [3mmarket_id[0m[2m=[0m189bf673-b643-45a5-be39-c4a3275d71a0
[2m2026-04-12T20:19:15.046661Z[0m [34mDEBUG[0m [2mmercury::engine::market_actor[0m[2m:[0m Tick received — running arb detection [3mmarket_id[0m[2m=[0m39a28b31-a7f7-4e16-b2f1-1e1948be289c [3mplatform[0m[2m=[0mPolymarket [3mbid[0m[2m=[0m0.41 [3mask[0m[2m=[0m0.42 [3mmid[0m[2m=[0m0.4150 [3mbid_size[0m[2m=[0m15.24 [3mask_size[0m[2m=[0m163
[2m2026-04-12T20:19:15.046676Z[0m [34mDEBUG[0m [2mmercury::engine::market_actor[0m[2m:[0m Tick received — running arb detection [3mmarket_id[0m[2m=[0m2285bae6-253b-4085-b0d1-0af34b5530b6 [3mplatform[0m[2m=[0mPolymarket [3mbid[0m[2m=[0m0.44 [3mask[0m[2m=[0m0.45 [3mmid[0m[2m=[0m0.4450 [3mbid_size[0m[2m=[0m50 [3mask_size[0m[2m=[0m21.7
[2m2026-04-12T20:19:15.046735Z[0m [34mDEBUG[0m [2mmercury::engine::market_actor[0m[2m:[0m Tick received — running arb detection [3mmarket_id[0m[2m=[0m189bf673-b643-45a5-be39-c4a3275d71a0 [3mplatform[0m[2m=[0mPolymarket [3mbid[0m[2m=[0m0.42 [3mask[0m[2m=[0m0.43 [3mmid[0m[2m=[0m0.4250 [3mbid_size[0m[2m=[0m48.27 [3mask_size[0m[2m=[0m204.36
[2m2026-04-12T20:19:15.046958Z[0m [34mDEBUG[0m [2mmercury::engine::detector[0m[2m:[0m No arb pairs registered for market — skipping detection [3mmarket_id[0m[2m=[0m39a28b31-a7f7-4e16-b2f1-1e1948be289c
[2m2026-04-12T20:19:15.047126Z[0m [34mDEBUG[0m [2mmercury::engine::detector[0m[2m:[0m No arb pairs registered for market — skipping detection [3mmarket_id[0m[2m=[0m189bf673-b643-45a5-be39-c4a3275d71a0
[2m2026-04-12T20:19:15.047127Z[0m [34mDEBUG[0m [2mmercury::engine::market_actor[0m[2m:[0m Tick received — running arb detection [3mmarket_id[0m[2m=[0mbc548cd4-ced9-48e8-b131-410c92fb3a0e [3mplatform[0m[2m=[0mPolymarket [3mbid[0m[2m=[0m0.36 [3mask[0m[2m=[0m0.4 [3mmid[0m[2m=[0m0.38 [3mbid_size[0m[2m=[0m35.6 [3mask_size[0m[2m=[0m6.72
[2m2026-04-12T20:19:15.047270Z[0m [34mDEBUG[0m [2mmercury::engine::market_actor[0m[2m:[0m Tick received — running arb detection [3mmarket_id[0m[2m=[0m189bf673-b643-45a5-be39-c4a3275d71a0 [3mplatform[0m[2m=[0mPolymarket [3mbid[0m[2m=[0m0.42 [3mask[0m[2m=[0m0.43 [3mmid[0m[2m=[0m0.4250 [3mbid_size[0m[2m=[0m48.27 [3mask_size[0m[2m=[0m204.36
[2m2026-04-12T20:19:15.047312Z[0m [34mDEBUG[0m [2mmercury::engine::detector[0m[2m:[0m No arb pairs registered for market — skipping detection [3mmarket_id[0m[2m=[0m2285bae6-253b-4085-b0d1-0af34b5530b6
[2m2026-04-12T20:19:15.047306Z[0m [34mDEBUG[0m [2mmercury::engine::market_actor[0m[2m:[0m Tick received — running arb detection [3mmarket_id[0m[2m=[0m39a28b31-a7f7-4e16-b2f1-1e1948be289c [3mplatform[0m[2m=[0mPolymarket [3mbid[0m[2m=[0m0.41 [3mask[0m[2m=[0m0.42 [3mmid[0m[2m=[0m0.4150 [3mbid_size[0m[2m=[0m15.24 [3mask_size[0m[2m=[0m163
[2m2026-04-12T20:19:15.047449Z[0m [34mDEBUG[0m [2mmercury::engine::market_actor[0m[2m:[0m Tick received — running arb detection [3mmarket_id[0m[2m=[0m2285bae6-253b-4085-b0d1-0af34b5530b6 [3mplatform[0m[2m=[0mPolymarket [3mbid[0m[2m=[0m0.44 [3mask[0m[2m=[0m0.45 [3mmid[0m[2m=[0m0.4450 [3mbid_size[0m[2m=[0m50 [3mask_size[0m[2m=[0m21.7
[2m2026-04-12T20:19:15.047459Z[0m [34mDEBUG[0m [2mmercury::engine::detector[0m[2m:[0m No arb pairs registered for market — skipping detection [3mmarket_id[0m[2m=[0mbc548cd4-ced9-48e8-b131-410c92fb3a0e
[2m2026-04-12T20:19:15.047623Z[0m [34mDEBUG[0m [2mmercury::engine::market_actor[0m[2m:[0m Tick received — running arb detection [3mmarket_id[0m[2m=[0mbc548cd4-ced9-48e8-b131-410c92fb3a0e [3mplatform[0m[2m=[0mPolymarket [3mbid[0m[2m=[0m0.36 [3mask[0m[2m=[0m0.4 [3mmid[0m[2m=[0m0.38 [3mbid_size[0m[2m=[0m35.6 [3mask_size[0m[2m=[0m6.72
[2m2026-04-12T20:19:15.047704Z[0m [34mDEBUG[0m [2mmercury::engine::detector[0m[2m:[0m No arb pairs registered for market — skipping detection [3mmarket_id[0m[2m=[0m39a28b31-a7f7-4e16-b2f1-1e1948be289c
[2m2026-04-12T20:19:15.047734Z[0m [34mDEBUG[0m [2mmercury::engine::detector[0m[2m:[0m No arb pairs registered for market — skipping detection [3mmarket_id[0m[2m=[0m189bf673-b643-45a5-be39-c4a3275d71a0
[2m2026-04-12T20:19:15.047967Z[0m [34mDEBUG[0m [2mmercury::engine::detector[0m[2m:[0m No arb pairs registered for market — skipping detection [3mmarket_id[0m[2m=[0m2285bae6-253b-4085-b0d1-0af34b5530b6
[2m2026-04-12T20:19:15.048156Z[0m [34mDEBUG[0m [2mmercury::engine::detector[0m[2m:[0m No arb pairs registered for market — skipping detection [3mmarket_id[0m[2m=[0mbc548cd4-ced9-48e8-b131-410c92fb3a0e
[2m2026-04-12T20:19:15.056664Z[0m [34mDEBUG[0m [2mmercury::engine::market_actor[0m[2m:[0m Tick received — running arb detection [3mmarket_id[0m[2m=[0mbc548cd4-ced9-48e8-b131-410c92fb3a0e [3mplatform[0m[2m=[0mPolymarket [3mbid[0m[2m=[0m0.36 [3mask[0m[2m=[0m0.4 [3mmid[0m[2m=[0m0.38 [3mbid_size[0m[2m=[0m35.6 [3mask_size[0m[2m=[0m6.72
[2m2026-04-12T20:19:15.056761Z[0m [34mDEBUG[0m [2mmercury::engine::detector[0m[2m:[0m No arb pairs registered for market — skipping detection [3mmarket_id[0m[2m=[0mbc548cd4-ced9-48e8-b131-410c92fb3a0e
[2m2026-04-12T20:19:15.176187Z[0m [34mDEBUG[0m [2mmercury::engine::market_actor[0m[2m:[0m Tick received — running arb detection [3mmarket_id[0m[2m=[0mbc548cd4-ced9-48e8-b131-410c92fb3a0e [3mplatform[0m[2m=[0mPolymarket [3mbid[0m[2m=[0m0.36 [3mask[0m[2m=[0m0.4 [3mmid[0m[2m=[0m0.38 [3mbid_size[0m[2m=[0m35.6 [3mask_size[0m[2m=[0m6.72
[2m2026-04-12T20:19:15.176316Z[0m [34mDEBUG[0m [2mmercury::engine::detector[0m[2m:[0m No arb pairs registered for market — skipping detection [3mmarket_id[0m[2m=[0mbc548cd4-ced9-48e8-b131-410c92fb3a0e
[2m2026-04-12T20:19:15.223423Z[0m [34mDEBUG[0m [2mmercury::engine::market_actor[0m[2m:[0m Tick received — running arb detection [3mmarket_id[0m[2m=[0m189bf673-b643-45a5-be39-c4a3275d71a0 [3mplatform[0m[2m=[0mPolymarket [3mbid[0m[2m=[0m0.42 [3mask[0m[2m=[0m0.43 [3mmid[0m[2m=[0m0.4250 [3mbid_size[0m[2m=[0m48.27 [3mask_size[0m[2m=[0m204.36
[2m2026-04-12T20:19:15.223640Z[0m [34mDEBUG[0m [2mmercury::engine::detector[0m[2m:[0m No arb pairs registered for market — skipping detection [3mmarket_id[0m[2m=[0m189bf673-b643-45a5-be39-c4a3275d71a0
[2m2026-04-12T20:19:15.223702Z[0m [34mDEBUG[0m [2mmercury::engine::market_actor[0m[2m:[0m Tick received — running arb detection [3mmarket_id[0m[2m=[0m189bf673-b643-45a5-be39-c4a3275d71a0 [3mplatform[0m[2m=[0mPolymarket [3mbid[0m[2m=[0m0.42 [3mask[0m[2m=[0m0.43 [3mmid[0m[2m=[0m0.4250 [3mbid_size[0m[2m=[0m48.27 [3mask_size[0m[2m=[0m204.36
[2m2026-04-12T20:19:15.223815Z[0m [34mDEBUG[0m [2mmercury::engine::detector[0m[2m:[0m No arb pairs registered for market — skipping detection [3mmarket_id[0m[2m=[0m189bf673-b643-45a5-be39-c4a3275d71a0
[2m2026-04-12T20:19:15.224780Z[0m [34mDEBUG[0m [2mmercury::engine::market_actor[0m[2m:[0m Tick received — running arb detection [3mmarket_id[0m[2m=[0m189bf673-b643-45a5-be39-c4a3275d71a0 [3mplatform[0m[2m=[0mPolymarket [3mbid[0m[2m=[0m0.42 [3mask[0m[2m=[0m0.43 [3mmid[0m[2m=[0m0.4250 [3mbid_size[0m[2m=[0m48.27 [3mask_size[0m[2m=[0m204.36
[2m2026-04-12T20:19:15.224947Z[0m [34mDEBUG[0m [2mmercury::engine::detector[0m[2m:[0m No arb pairs registered for market — skipping detection [3mmarket_id[0m[2m=[0m189bf673-b643-45a5-be39-c4a3275d71a0
[2m2026-04-12T20:19:15.259885Z[0m [32m INFO[0m [2mmercury[0m[2m:[0m Shutdown signal received
[2m2026-04-12T20:19:15.260397Z[0m [32m INFO[0m [2mmercury::feeds::base[0m[2m:[0m Feed handler cancelled via token [3mplatform[0m[2m=[0mKalshi
[2m2026-04-12T20:19:15.260399Z[0m [32m INFO[0m [2mmercury::feeds::base[0m[2m:[0m Feed handler cancelled via token [3mplatform[0m[2m=[0mPolymarket
