   Compiling mercury v0.1.0 (/Users/isaacvalerianomuniz/MERCURY)
warning: unused import: `Timelike`
  --> src/feeds/discovery.rs:39:29
   |
39 | use chrono::{DateTime, Utc, Timelike};
   |                             ^^^^^^^^
   |
   = note: `#[warn(unused_imports)]` (part of `#[warn(unused)]`) on by default

warning: `mercury` (lib) generated 1 warning (run `cargo fix --lib -p mercury` to apply 1 suggestion)
    Finished `dev` profile [unoptimized + debuginfo] target(s) in 7.41s
     Running `target/debug/mercury --dry-run -c config/dry_run.yaml`
[2m2026-04-12T20:33:34.448342Z[0m [32m INFO[0m [2mmercury[0m[2m:[0m MERCURY v0.1.0 starting...
[2m2026-04-12T20:33:34.448489Z[0m [32m INFO[0m [2mmercury[0m[2m:[0m Configuration loaded
[2m2026-04-12T20:33:34.448797Z[0m [32m INFO[0m [2mmercury[0m[2m:[0m Secure environment injected from .env
[2m2026-04-12T20:33:34.448847Z[0m [32m INFO[0m [2mmercury[0m[2m:[0m Executing Ahead-of-Time (AOT) pre-flight checks...
[2m2026-04-12T20:33:35.253763Z[0m [32m INFO[0m [2mmercury[0m[2m:[0m All AOT pre-flight checks passed successfully.
[2m2026-04-12T20:33:35.253984Z[0m [32m INFO[0m [2mmercury[0m[2m:[0m All pre-flight checks passed.
[2m2026-04-12T20:33:35.260398Z[0m [32m INFO[0m [2mmercury::db::sqlite[0m[2m:[0m Database schema version validated: 2
[2m2026-04-12T20:33:35.260803Z[0m [32m INFO[0m [2mmercury[0m[2m:[0m Database initialized via SQLx
[2m2026-04-12T20:33:35.269838Z[0m [32m INFO[0m [2mmercury[0m[2m:[0m Telegram alerts enabled (MERCURY_NOTIFICATION bot)
[2m2026-04-12T20:33:35.269898Z[0m [32m INFO[0m [2mmercury::telegram::alerts[0m[2m:[0m Telegram alert service started
[2m2026-04-12T20:33:35.270008Z[0m [32m INFO[0m [2mmercury[0m[2m:[0m Telegram daily reports & command polling enabled (MERCURY_DAILYBOT)
[2m2026-04-12T20:33:35.270012Z[0m [32m INFO[0m [2mmercury::telegram::reports[0m[2m:[0m Telegram report & command service started
[2m2026-04-12T20:33:35.270691Z[0m [32m INFO[0m [2mmercury[0m[2m:[0m Recovered circuit breaker state from 0 recent trades
[2m2026-04-12T20:33:35.271168Z[0m [32m INFO[0m [2mmercury::risk::bankroll[0m[2m:[0m Bankroll state restored from DB [3mcumulative_profit[0m[2m=[0m0
[2m2026-04-12T20:33:35.272523Z[0m [32m INFO[0m [2mmercury::crypto::eip712[0m[2m:[0m Polymarket signer initialized [3maddress[0m[2m=[0m0x450760C560721D88205bAcc242523f18838A7dfe [3mchain_id[0m[2m=[0m137
[2m2026-04-12T20:33:35.272693Z[0m [32m INFO[0m [2mmercury[0m[2m:[0m Polymarket client initialized [3maddress[0m[2m=[0m0x450760C560721D88205bAcc242523f18838A7dfe
[2m2026-04-12T20:33:35.275137Z[0m [32m INFO[0m [2mmercury::crypto::jwt[0m[2m:[0m Kalshi auth initialized [3mapi_key_id[0m[2m=[0m88a3b3aa-8fb9-4ecd-ab56-1c642d32ed51
[2m2026-04-12T20:33:35.275232Z[0m [32m INFO[0m [2mmercury[0m[2m:[0m Kalshi client initialized
[2m2026-04-12T20:33:35.275338Z[0m [32m INFO[0m [2mmercury[0m[2m:[0m Polymarket execution: ENABLED
[2m2026-04-12T20:33:35.275399Z[0m [32m INFO[0m [2mmercury[0m[2m:[0m Kalshi execution: ENABLED
[2m2026-04-12T20:33:35.275615Z[0m [32m INFO[0m [2mmercury::execution::executor[0m[2m:[0m Execution engine started
[2m2026-04-12T20:33:35.275632Z[0m [32m INFO[0m [2mmercury::inventory::positions[0m[2m:[0m Position tracker started
[2m2026-04-12T20:33:35.275681Z[0m [32m INFO[0m [2mmercury::inventory::reconciler[0m[2m:[0m Reconciler started [3minterval_secs[0m[2m=[0m60
[2m2026-04-12T20:33:35.275691Z[0m [32m INFO[0m [2mmercury::inventory::settlement[0m[2m:[0m Settlement monitor started
[2m2026-04-12T20:33:35.275793Z[0m [32m INFO[0m [2mmercury::monitoring::gas_oracle[0m[2m:[0m Gas oracle started (first fetch is immediate) [3minterval_secs[0m[2m=[0m15 [3mrpc_url[0m[2m=[0mhttps://rpc.ankr.com/polygon
[2m2026-04-12T20:33:35.275803Z[0m [32m INFO[0m [2mmercury::monitoring::health[0m[2m:[0m Health + Prometheus metrics server listening [3maddr[0m[2m=[0m"127.0.0.1:9091"
[2m2026-04-12T20:33:35.275737Z[0m [32m INFO[0m [2mmercury::inventory::unwind_watchdog[0m[2m:[0m Unwind watchdog started
[2m2026-04-12T20:33:35.275813Z[0m [32m INFO[0m [2mmercury::monitoring::backup[0m[2m:[0m DB backup task started [3minterval_secs[0m[2m=[0m21600 [3mdir[0m[2m=[0mbackups
[2m2026-04-12T20:33:35.277646Z[0m [32m INFO[0m [2mmercury::crypto::jwt[0m[2m:[0m Kalshi auth initialized [3mapi_key_id[0m[2m=[0m88a3b3aa-8fb9-4ecd-ab56-1c642d32ed51
[2m2026-04-12T20:33:35.277849Z[0m [32m INFO[0m [2mmercury::feeds::discovery[0m[2m:[0m Market discovery started [3minterval_secs[0m[2m=[0m30
[2m2026-04-12T20:33:35.278341Z[0m [32m INFO[0m [2mmercury[0m[2m:[0m Config hot-reload watcher active on config/dry_run.yaml
[2m2026-04-12T20:33:35.282836Z[0m [32m INFO[0m [2mmercury::feeds::base[0m[2m:[0m Connecting feed handler [3mplatform[0m[2m=[0mPolymarket
[2m2026-04-12T20:33:35.282966Z[0m [32m INFO[0m [2mmercury::feeds::polymarket[0m[2m:[0m Connecting to Polymarket WebSocket [3murl[0m[2m=[0m"wss://ws-subscriptions-clob.polymarket.com/ws/market"
[2m2026-04-12T20:33:35.284602Z[0m [32m INFO[0m [2mmercury::crypto::jwt[0m[2m:[0m Kalshi auth initialized [3mapi_key_id[0m[2m=[0m88a3b3aa-8fb9-4ecd-ab56-1c642d32ed51
[2m2026-04-12T20:33:35.284828Z[0m [32m INFO[0m [2mmercury::monitoring::backup[0m[2m:[0m Database backup completed [3mpath[0m[2m=[0m/Users/isaacvalerianomuniz/MERCURY/backups/mercury_backup_20260412_203335.db
[2m2026-04-12T20:33:35.285213Z[0m [32m INFO[0m [2mmercury::monitoring::backup[0m[2m:[0m Pruned old backup [3mpath[0m[2m=[0m"backups/mercury_backup_20260412_200743.db"
[2m2026-04-12T20:33:35.285776Z[0m [32m INFO[0m [2mmercury[0m[2m:[0m All subsystems initialized. MERCURY engine running. Press Ctrl+C to shutdown.
[2m2026-04-12T20:33:35.285777Z[0m [32m INFO[0m [2mmercury::feeds::base[0m[2m:[0m Connecting feed handler [3mplatform[0m[2m=[0mKalshi
[2m2026-04-12T20:33:35.285868Z[0m [32m INFO[0m [2mmercury::feeds::kalshi[0m[2m:[0m Connecting to Kalshi WebSocket: wss://api.elections.kalshi.com/trade-api/ws/v2
[2m2026-04-12T20:33:35.286090Z[0m [32m INFO[0m [2mmercury[0m[2m:[0m Daily report scheduled [3mdelay_secs[0m[2m=[0m1584 [3mhour_utc[0m[2m=[0m21
[2m2026-04-12T20:33:35.287296Z[0m [32m INFO[0m [2mmercury[0m[2m:[0m Seeded market registry from DB [3mcount[0m[2m=[0m26
[2m2026-04-12T20:33:35.287446Z[0m [32m INFO[0m [2mmercury[0m[2m:[0m Evicted stale/expired markets from registry [3mcount[0m[2m=[0m4
[2m2026-04-12T20:33:35.287995Z[0m [32m INFO[0m [2mmercury[0m[2m:[0m === MERCURY STATUS === [3mregistered_markets[0m[2m=[0m22 [3marb_pairs[0m[2m=[0m6 [3mactive_actors[0m[2m=[0m0 [3mopen_positions[0m[2m=[0m0 [3min_flight_trades[0m[2m=[0m0 [3mbankroll[0m[2m=[0m10000.00 [3mdaily_pnl[0m[2m=[0m0 [3mopps_detected[0m[2m=[0m0 [3mopps_passed[0m[2m=[0m0 [3mgate1_below_spread[0m[2m=[0m0 [3mgate2_low_liquidity[0m[2m=[0m0 [3mgate3_stale_data[0m[2m=[0m0 [3mgate4_low_confidence[0m[2m=[0m0 [3mgate5_capacity[0m[2m=[0m0
[2m2026-04-12T20:33:35.288101Z[0m [33m WARN[0m [2mmercury[0m[2m:[0m No active MarketActors — feeds have not sent any ticks yet. Check WebSocket connections. [3mregistered_markets[0m[2m=[0m22
[2m2026-04-12T20:33:35.288193Z[0m [32m INFO[0m [2mmercury[0m[2m:[0m Feed connected — Arbs involving platform restored [3mplatform[0m[2m=[0mPolymarket
[2m2026-04-12T20:33:35.288277Z[0m [32m INFO[0m [2mmercury[0m[2m:[0m Feed connected — Arbs involving platform restored [3mplatform[0m[2m=[0mKalshi
[2m2026-04-12T20:33:35.862046Z[0m [32m INFO[0m [2mmercury::monitoring::gas_oracle[0m[2m:[0m Polygon gas price updated [3mgwei[0m[2m=[0m189 [3mprev_gwei[0m[2m=[0m50
[2m2026-04-12T20:33:35.974372Z[0m [32m INFO[0m [2mmercury::feeds::polymarket[0m[2m:[0m Subscribed to Polymarket markets [3mcount[0m[2m=[0m26
[2m2026-04-12T20:33:36.069551Z[0m [32m INFO[0m [2mmercury::feeds::discovery[0m[2m:[0m 15m crypto round matched [3masset[0m[2m=[0mbtc [3mround_start[0m[2m=[0m1776025800 [3mpoly[0m[2m=[0mtrue [3mkalshi[0m[2m=[0mtrue
[2m2026-04-12T20:33:36.122515Z[0m [32m INFO[0m [2mmercury::feeds::kalshi[0m[2m:[0m Subscribed to Kalshi markets [3mcount[0m[2m=[0m10
[2m2026-04-12T20:33:36.124921Z[0m [32m INFO[0m [2mmercury[0m[2m:[0m First tick for market — spawning MarketActor [3mmarket_id[0m[2m=[0m9046452d-bcb3-4bb8-8925-8924b7439992 [3mplatform[0m[2m=[0mPolymarket [3mactive_actors[0m[2m=[0m1
[2m2026-04-12T20:33:36.125085Z[0m [34mDEBUG[0m [2mmercury::engine::market_actor[0m[2m:[0m MarketActor started [3mmarket_id[0m[2m=[0m9046452d-bcb3-4bb8-8925-8924b7439992
[2m2026-04-12T20:33:36.125088Z[0m [32m INFO[0m [2mmercury[0m[2m:[0m First tick for market — spawning MarketActor [3mmarket_id[0m[2m=[0m74068dd9-5c08-4ce0-b787-83fe96a4593a [3mplatform[0m[2m=[0mPolymarket [3mactive_actors[0m[2m=[0m2
[2m2026-04-12T20:33:36.125200Z[0m [34mDEBUG[0m [2mmercury::engine::market_actor[0m[2m:[0m Tick received — running arb detection [3mmarket_id[0m[2m=[0m9046452d-bcb3-4bb8-8925-8924b7439992 [3mplatform[0m[2m=[0mPolymarket [3mbid[0m[2m=[0m0.56 [3mask[0m[2m=[0m0.57 [3mmid[0m[2m=[0m0.5650 [3mbid_size[0m[2m=[0m153.1 [3mask_size[0m[2m=[0m9.83
[2m2026-04-12T20:33:36.125274Z[0m [34mDEBUG[0m [2mmercury::engine::market_actor[0m[2m:[0m MarketActor started [3mmarket_id[0m[2m=[0m74068dd9-5c08-4ce0-b787-83fe96a4593a
[2m2026-04-12T20:33:36.125314Z[0m [32m INFO[0m [2mmercury[0m[2m:[0m First tick for market — spawning MarketActor [3mmarket_id[0m[2m=[0ma5a7da9a-b993-4c2a-80bc-cbc1d3c50971 [3mplatform[0m[2m=[0mPolymarket [3mactive_actors[0m[2m=[0m3
[2m2026-04-12T20:33:36.125377Z[0m [34mDEBUG[0m [2mmercury::engine::market_actor[0m[2m:[0m Tick received — running arb detection [3mmarket_id[0m[2m=[0m74068dd9-5c08-4ce0-b787-83fe96a4593a [3mplatform[0m[2m=[0mPolymarket [3mbid[0m[2m=[0m0.49 [3mask[0m[2m=[0m0.5 [3mmid[0m[2m=[0m0.4950 [3mbid_size[0m[2m=[0m55 [3mask_size[0m[2m=[0m57.01
[2m2026-04-12T20:33:36.125417Z[0m [34mDEBUG[0m [2mmercury::engine::market_actor[0m[2m:[0m MarketActor started [3mmarket_id[0m[2m=[0ma5a7da9a-b993-4c2a-80bc-cbc1d3c50971
[2m2026-04-12T20:33:36.125450Z[0m [32m INFO[0m [2mmercury[0m[2m:[0m First tick for market — spawning MarketActor [3mmarket_id[0m[2m=[0m79e1f598-7189-438f-a66e-b184b04be477 [3mplatform[0m[2m=[0mPolymarket [3mactive_actors[0m[2m=[0m4
[2m2026-04-12T20:33:36.125506Z[0m [34mDEBUG[0m [2mmercury::engine::market_actor[0m[2m:[0m Tick received — running arb detection [3mmarket_id[0m[2m=[0ma5a7da9a-b993-4c2a-80bc-cbc1d3c50971 [3mplatform[0m[2m=[0mPolymarket [3mbid[0m[2m=[0m0.49 [3mask[0m[2m=[0m0.5 [3mmid[0m[2m=[0m0.4950 [3mbid_size[0m[2m=[0m310.66 [3mask_size[0m[2m=[0m4411.05
[2m2026-04-12T20:33:36.125571Z[0m [32m INFO[0m [2mmercury[0m[2m:[0m First tick for market — spawning MarketActor [3mmarket_id[0m[2m=[0m631deb8c-fbb4-489e-818e-ae698f57f50b [3mplatform[0m[2m=[0mPolymarket [3mactive_actors[0m[2m=[0m5
[2m2026-04-12T20:33:36.125586Z[0m [34mDEBUG[0m [2mmercury::engine::market_actor[0m[2m:[0m MarketActor started [3mmarket_id[0m[2m=[0m79e1f598-7189-438f-a66e-b184b04be477
[2m2026-04-12T20:33:36.125668Z[0m [34mDEBUG[0m [2mmercury::engine::market_actor[0m[2m:[0m MarketActor started [3mmarket_id[0m[2m=[0m631deb8c-fbb4-489e-818e-ae698f57f50b
[2m2026-04-12T20:33:36.125678Z[0m [34mDEBUG[0m [2mmercury::engine::market_actor[0m[2m:[0m Tick received — running arb detection [3mmarket_id[0m[2m=[0m79e1f598-7189-438f-a66e-b184b04be477 [3mplatform[0m[2m=[0mPolymarket [3mbid[0m[2m=[0m0.46 [3mask[0m[2m=[0m0.48 [3mmid[0m[2m=[0m0.47 [3mbid_size[0m[2m=[0m55.04 [3mask_size[0m[2m=[0m7.2
[2m2026-04-12T20:33:36.125691Z[0m [32m INFO[0m [2mmercury[0m[2m:[0m First tick for market — spawning MarketActor [3mmarket_id[0m[2m=[0m2b958b37-9921-40b8-b22d-64a67138ae70 [3mplatform[0m[2m=[0mPolymarket [3mactive_actors[0m[2m=[0m6
[2m2026-04-12T20:33:36.125752Z[0m [34mDEBUG[0m [2mmercury::engine::market_actor[0m[2m:[0m Tick received — running arb detection [3mmarket_id[0m[2m=[0m631deb8c-fbb4-489e-818e-ae698f57f50b [3mplatform[0m[2m=[0mPolymarket [3mbid[0m[2m=[0m0.68 [3mask[0m[2m=[0m0.69 [3mmid[0m[2m=[0m0.6850 [3mbid_size[0m[2m=[0m96.46 [3mask_size[0m[2m=[0m58
[2m2026-04-12T20:33:36.125954Z[0m [34mDEBUG[0m [2mmercury::engine::market_actor[0m[2m:[0m MarketActor started [3mmarket_id[0m[2m=[0m2b958b37-9921-40b8-b22d-64a67138ae70
[2m2026-04-12T20:33:36.125987Z[0m [34mDEBUG[0m [2mmercury::engine::market_actor[0m[2m:[0m Tick received — running arb detection [3mmarket_id[0m[2m=[0m79e1f598-7189-438f-a66e-b184b04be477 [3mplatform[0m[2m=[0mPolymarket [3mbid[0m[2m=[0m0.46 [3mask[0m[2m=[0m0.48 [3mmid[0m[2m=[0m0.47 [3mbid_size[0m[2m=[0m55.04 [3mask_size[0m[2m=[0m7.2
[2m2026-04-12T20:33:36.126028Z[0m [34mDEBUG[0m [2mmercury::engine::market_actor[0m[2m:[0m Tick received — running arb detection [3mmarket_id[0m[2m=[0m631deb8c-fbb4-489e-818e-ae698f57f50b [3mplatform[0m[2m=[0mPolymarket [3mbid[0m[2m=[0m0.68 [3mask[0m[2m=[0m0.69 [3mmid[0m[2m=[0m0.6850 [3mbid_size[0m[2m=[0m96.46 [3mask_size[0m[2m=[0m58
[2m2026-04-12T20:33:36.126041Z[0m [34mDEBUG[0m [2mmercury::engine::market_actor[0m[2m:[0m Tick received — running arb detection [3mmarket_id[0m[2m=[0m2b958b37-9921-40b8-b22d-64a67138ae70 [3mplatform[0m[2m=[0mPolymarket [3mbid[0m[2m=[0m0.64 [3mask[0m[2m=[0m0.66 [3mmid[0m[2m=[0m0.65 [3mbid_size[0m[2m=[0m3.69 [3mask_size[0m[2m=[0m110.8
[2m2026-04-12T20:33:36.126130Z[0m [34mDEBUG[0m [2mmercury::engine::market_actor[0m[2m:[0m Tick received — running arb detection [3mmarket_id[0m[2m=[0m79e1f598-7189-438f-a66e-b184b04be477 [3mplatform[0m[2m=[0mPolymarket [3mbid[0m[2m=[0m0.46 [3mask[0m[2m=[0m0.48 [3mmid[0m[2m=[0m0.47 [3mbid_size[0m[2m=[0m55.04 [3mask_size[0m[2m=[0m7.2
[2m2026-04-12T20:33:36.126200Z[0m [34mDEBUG[0m [2mmercury::engine::market_actor[0m[2m:[0m Tick received — running arb detection [3mmarket_id[0m[2m=[0m2b958b37-9921-40b8-b22d-64a67138ae70 [3mplatform[0m[2m=[0mPolymarket [3mbid[0m[2m=[0m0.64 [3mask[0m[2m=[0m0.66 [3mmid[0m[2m=[0m0.65 [3mbid_size[0m[2m=[0m3.69 [3mask_size[0m[2m=[0m110.8
[2m2026-04-12T20:33:36.126268Z[0m [34mDEBUG[0m [2mmercury::engine::market_actor[0m[2m:[0m Tick received — running arb detection [3mmarket_id[0m[2m=[0m9046452d-bcb3-4bb8-8925-8924b7439992 [3mplatform[0m[2m=[0mPolymarket [3mbid[0m[2m=[0m0.56 [3mask[0m[2m=[0m0.57 [3mmid[0m[2m=[0m0.5650 [3mbid_size[0m[2m=[0m153.1 [3mask_size[0m[2m=[0m9.83
[2m2026-04-12T20:33:36.126331Z[0m [34mDEBUG[0m [2mmercury::engine::market_actor[0m[2m:[0m Tick received — running arb detection [3mmarket_id[0m[2m=[0m2b958b37-9921-40b8-b22d-64a67138ae70 [3mplatform[0m[2m=[0mPolymarket [3mbid[0m[2m=[0m0.64 [3mask[0m[2m=[0m0.66 [3mmid[0m[2m=[0m0.65 [3mbid_size[0m[2m=[0m3.69 [3mask_size[0m[2m=[0m110.8
[2m2026-04-12T20:33:36.126342Z[0m [34mDEBUG[0m [2mmercury::engine::market_actor[0m[2m:[0m Tick received — running arb detection [3mmarket_id[0m[2m=[0m79e1f598-7189-438f-a66e-b184b04be477 [3mplatform[0m[2m=[0mPolymarket [3mbid[0m[2m=[0m0.46 [3mask[0m[2m=[0m0.48 [3mmid[0m[2m=[0m0.47 [3mbid_size[0m[2m=[0m55.04 [3mask_size[0m[2m=[0m7.2
[2m2026-04-12T20:33:36.222846Z[0m [34mDEBUG[0m [2mmercury::engine::market_actor[0m[2m:[0m Tick received — running arb detection [3mmarket_id[0m[2m=[0m631deb8c-fbb4-489e-818e-ae698f57f50b [3mplatform[0m[2m=[0mPolymarket [3mbid[0m[2m=[0m0.68 [3mask[0m[2m=[0m0.69 [3mmid[0m[2m=[0m0.6850 [3mbid_size[0m[2m=[0m96.46 [3mask_size[0m[2m=[0m58
[2m2026-04-12T20:33:36.223137Z[0m [34mDEBUG[0m [2mmercury::engine::market_actor[0m[2m:[0m Tick received — running arb detection [3mmarket_id[0m[2m=[0m631deb8c-fbb4-489e-818e-ae698f57f50b [3mplatform[0m[2m=[0mPolymarket [3mbid[0m[2m=[0m0.68 [3mask[0m[2m=[0m0.69 [3mmid[0m[2m=[0m0.6850 [3mbid_size[0m[2m=[0m96.46 [3mask_size[0m[2m=[0m58
[2m2026-04-12T20:33:36.223367Z[0m [34mDEBUG[0m [2mmercury::engine::market_actor[0m[2m:[0m Tick received — running arb detection [3mmarket_id[0m[2m=[0m631deb8c-fbb4-489e-818e-ae698f57f50b [3mplatform[0m[2m=[0mPolymarket [3mbid[0m[2m=[0m0.68 [3mask[0m[2m=[0m0.69 [3mmid[0m[2m=[0m0.6850 [3mbid_size[0m[2m=[0m96.46 [3mask_size[0m[2m=[0m58
[2m2026-04-12T20:33:36.223571Z[0m [34mDEBUG[0m [2mmercury::engine::market_actor[0m[2m:[0m Tick received — running arb detection [3mmarket_id[0m[2m=[0m631deb8c-fbb4-489e-818e-ae698f57f50b [3mplatform[0m[2m=[0mPolymarket [3mbid[0m[2m=[0m0.68 [3mask[0m[2m=[0m0.69 [3mmid[0m[2m=[0m0.6850 [3mbid_size[0m[2m=[0m96.46 [3mask_size[0m[2m=[0m58
[2m2026-04-12T20:33:36.223769Z[0m [34mDEBUG[0m [2mmercury::engine::market_actor[0m[2m:[0m Tick received — running arb detection [3mmarket_id[0m[2m=[0m631deb8c-fbb4-489e-818e-ae698f57f50b [3mplatform[0m[2m=[0mPolymarket [3mbid[0m[2m=[0m0.68 [3mask[0m[2m=[0m0.69 [3mmid[0m[2m=[0m0.6850 [3mbid_size[0m[2m=[0m96.46 [3mask_size[0m[2m=[0m58
[2m2026-04-12T20:33:36.223964Z[0m [34mDEBUG[0m [2mmercury::engine::market_actor[0m[2m:[0m Tick received — running arb detection [3mmarket_id[0m[2m=[0m631deb8c-fbb4-489e-818e-ae698f57f50b [3mplatform[0m[2m=[0mPolymarket [3mbid[0m[2m=[0m0.68 [3mask[0m[2m=[0m0.69 [3mmid[0m[2m=[0m0.6850 [3mbid_size[0m[2m=[0m96.46 [3mask_size[0m[2m=[0m58
[2m2026-04-12T20:33:36.224161Z[0m [34mDEBUG[0m [2mmercury::engine::market_actor[0m[2m:[0m Tick received — running arb detection [3mmarket_id[0m[2m=[0m631deb8c-fbb4-489e-818e-ae698f57f50b [3mplatform[0m[2m=[0mPolymarket [3mbid[0m[2m=[0m0.68 [3mask[0m[2m=[0m0.69 [3mmid[0m[2m=[0m0.6850 [3mbid_size[0m[2m=[0m96.46 [3mask_size[0m[2m=[0m58
[2m2026-04-12T20:33:36.224359Z[0m [34mDEBUG[0m [2mmercury::engine::market_actor[0m[2m:[0m Tick received — running arb detection [3mmarket_id[0m[2m=[0m631deb8c-fbb4-489e-818e-ae698f57f50b [3mplatform[0m[2m=[0mPolymarket [3mbid[0m[2m=[0m0.68 [3mask[0m[2m=[0m0.69 [3mmid[0m[2m=[0m0.6850 [3mbid_size[0m[2m=[0m96.46 [3mask_size[0m[2m=[0m58
[2m2026-04-12T20:33:36.224496Z[0m [34mDEBUG[0m [2mmercury::engine::market_actor[0m[2m:[0m Tick received — running arb detection [3mmarket_id[0m[2m=[0m9046452d-bcb3-4bb8-8925-8924b7439992 [3mplatform[0m[2m=[0mKalshi [3mbid[0m[2m=[0m0.5200 [3mask[0m[2m=[0m0.5500 [3mmid[0m[2m=[0m0.5350 [3mbid_size[0m[2m=[0m25.00 [3mask_size[0m[2m=[0m23.76
[2m2026-04-12T20:33:36.224554Z[0m [34mDEBUG[0m [2mmercury::engine::market_actor[0m[2m:[0m Tick received — running arb detection [3mmarket_id[0m[2m=[0m631deb8c-fbb4-489e-818e-ae698f57f50b [3mplatform[0m[2m=[0mPolymarket [3mbid[0m[2m=[0m0.68 [3mask[0m[2m=[0m0.69 [3mmid[0m[2m=[0m0.6850 [3mbid_size[0m[2m=[0m96.46 [3mask_size[0m[2m=[0m58
[2m2026-04-12T20:33:36.224608Z[0m [33m WARN[0m [2mmercury::feeds::kalshi[0m[2m:[0m Kalshi sequence gap for KXBTC15M-26APR121645-45: expected 4, got 11. Book may be out of sync.
[2m2026-04-12T20:33:36.224721Z[0m [34mDEBUG[0m [2mmercury::engine::spread[0m[2m:[0m Evaluated spread direction 2 [3mmarket_id[0m[2m=[0m9046452d-bcb3-4bb8-8925-8924b7439992 [3mdirection[0m[2m=[0m"NO-A/YES-B" [3mraw_spread[0m[2m=[0m0.0100 [3mbid_a[0m[2m=[0m0.56 [3mask_b[0m[2m=[0m0.5500
[2m2026-04-12T20:33:36.224973Z[0m [34mDEBUG[0m [2mmercury::engine::market_actor[0m[2m:[0m Tick received — running arb detection [3mmarket_id[0m[2m=[0m631deb8c-fbb4-489e-818e-ae698f57f50b [3mplatform[0m[2m=[0mKalshi [3mbid[0m[2m=[0m0.6500 [3mask[0m[2m=[0m0.6700 [3mmid[0m[2m=[0m0.6600 [3mbid_size[0m[2m=[0m95.94 [3mask_size[0m[2m=[0m178.00
[2m2026-04-12T20:33:36.225182Z[0m [34mDEBUG[0m [2mmercury::engine::spread[0m[2m:[0m Evaluated spread direction 2 [3mmarket_id[0m[2m=[0m631deb8c-fbb4-489e-818e-ae698f57f50b [3mdirection[0m[2m=[0m"NO-A/YES-B" [3mraw_spread[0m[2m=[0m0.0100 [3mbid_a[0m[2m=[0m0.68 [3mask_b[0m[2m=[0m0.6700
[2m2026-04-12T20:33:36.225339Z[0m [34mDEBUG[0m [2mmercury::engine::market_actor[0m[2m:[0m Tick received — running arb detection [3mmarket_id[0m[2m=[0m631deb8c-fbb4-489e-818e-ae698f57f50b [3mplatform[0m[2m=[0mPolymarket [3mbid[0m[2m=[0m0.68 [3mask[0m[2m=[0m0.69 [3mmid[0m[2m=[0m0.6850 [3mbid_size[0m[2m=[0m96.46 [3mask_size[0m[2m=[0m58
[2m2026-04-12T20:33:36.225470Z[0m [34mDEBUG[0m [2mmercury::engine::spread[0m[2m:[0m Evaluated spread direction 2 [3mmarket_id[0m[2m=[0m631deb8c-fbb4-489e-818e-ae698f57f50b [3mdirection[0m[2m=[0m"NO-A/YES-B" [3mraw_spread[0m[2m=[0m0.0100 [3mbid_a[0m[2m=[0m0.68 [3mask_b[0m[2m=[0m0.6700
[2m2026-04-12T20:33:36.225613Z[0m [34mDEBUG[0m [2mmercury::engine::market_actor[0m[2m:[0m Tick received — running arb detection [3mmarket_id[0m[2m=[0m631deb8c-fbb4-489e-818e-ae698f57f50b [3mplatform[0m[2m=[0mPolymarket [3mbid[0m[2m=[0m0.68 [3mask[0m[2m=[0m0.69 [3mmid[0m[2m=[0m0.6850 [3mbid_size[0m[2m=[0m96.46 [3mask_size[0m[2m=[0m58
[2m2026-04-12T20:33:36.225744Z[0m [34mDEBUG[0m [2mmercury::engine::spread[0m[2m:[0m Evaluated spread direction 2 [3mmarket_id[0m[2m=[0m631deb8c-fbb4-489e-818e-ae698f57f50b [3mdirection[0m[2m=[0m"NO-A/YES-B" [3mraw_spread[0m[2m=[0m0.0100 [3mbid_a[0m[2m=[0m0.68 [3mask_b[0m[2m=[0m0.6700
[2m2026-04-12T20:33:36.225884Z[0m [34mDEBUG[0m [2mmercury::engine::market_actor[0m[2m:[0m Tick received — running arb detection [3mmarket_id[0m[2m=[0m631deb8c-fbb4-489e-818e-ae698f57f50b [3mplatform[0m[2m=[0mPolymarket [3mbid[0m[2m=[0m0.68 [3mask[0m[2m=[0m0.69 [3mmid[0m[2m=[0m0.6850 [3mbid_size[0m[2m=[0m96.46 [3mask_size[0m[2m=[0m58
[2m2026-04-12T20:33:36.226013Z[0m [34mDEBUG[0m [2mmercury::engine::spread[0m[2m:[0m Evaluated spread direction 2 [3mmarket_id[0m[2m=[0m631deb8c-fbb4-489e-818e-ae698f57f50b [3mdirection[0m[2m=[0m"NO-A/YES-B" [3mraw_spread[0m[2m=[0m0.0100 [3mbid_a[0m[2m=[0m0.68 [3mask_b[0m[2m=[0m0.6700
[2m2026-04-12T20:33:36.226114Z[0m [32m INFO[0m [2mmercury::inventory::reconciler[0m[2m:[0m Reconciliation complete [3mopen_positions[0m[2m=[0m0 [3mtotal_position_value[0m[2m=[0m0
[2m2026-04-12T20:33:36.226148Z[0m [34mDEBUG[0m [2mmercury::engine::market_actor[0m[2m:[0m Tick received — running arb detection [3mmarket_id[0m[2m=[0m631deb8c-fbb4-489e-818e-ae698f57f50b [3mplatform[0m[2m=[0mPolymarket [3mbid[0m[2m=[0m0.68 [3mask[0m[2m=[0m0.69 [3mmid[0m[2m=[0m0.6850 [3mbid_size[0m[2m=[0m96.46 [3mask_size[0m[2m=[0m58
[2m2026-04-12T20:33:36.226270Z[0m [34mDEBUG[0m [2mmercury::engine::spread[0m[2m:[0m Evaluated spread direction 2 [3mmarket_id[0m[2m=[0m631deb8c-fbb4-489e-818e-ae698f57f50b [3mdirection[0m[2m=[0m"NO-A/YES-B" [3mraw_spread[0m[2m=[0m0.0100 [3mbid_a[0m[2m=[0m0.68 [3mask_b[0m[2m=[0m0.6700
[2m2026-04-12T20:33:36.226409Z[0m [34mDEBUG[0m [2mmercury::engine::market_actor[0m[2m:[0m Tick received — running arb detection [3mmarket_id[0m[2m=[0m631deb8c-fbb4-489e-818e-ae698f57f50b [3mplatform[0m[2m=[0mPolymarket [3mbid[0m[2m=[0m0.68 [3mask[0m[2m=[0m0.69 [3mmid[0m[2m=[0m0.6850 [3mbid_size[0m[2m=[0m96.46 [3mask_size[0m[2m=[0m58
[2m2026-04-12T20:33:36.226539Z[0m [34mDEBUG[0m [2mmercury::engine::spread[0m[2m:[0m Evaluated spread direction 2 [3mmarket_id[0m[2m=[0m631deb8c-fbb4-489e-818e-ae698f57f50b [3mdirection[0m[2m=[0m"NO-A/YES-B" [3mraw_spread[0m[2m=[0m0.0100 [3mbid_a[0m[2m=[0m0.68 [3mask_b[0m[2m=[0m0.6700
[2m2026-04-12T20:33:36.226671Z[0m [34mDEBUG[0m [2mmercury::engine::market_actor[0m[2m:[0m Tick received — running arb detection [3mmarket_id[0m[2m=[0m631deb8c-fbb4-489e-818e-ae698f57f50b [3mplatform[0m[2m=[0mKalshi [3mbid[0m[2m=[0m0.6500 [3mask[0m[2m=[0m0.6700 [3mmid[0m[2m=[0m0.6600 [3mbid_size[0m[2m=[0m95.94 [3mask_size[0m[2m=[0m175.00
[2m2026-04-12T20:33:36.226816Z[0m [34mDEBUG[0m [2mmercury::engine::spread[0m[2m:[0m Evaluated spread direction 2 [3mmarket_id[0m[2m=[0m631deb8c-fbb4-489e-818e-ae698f57f50b [3mdirection[0m[2m=[0m"NO-A/YES-B" [3mraw_spread[0m[2m=[0m0.0100 [3mbid_a[0m[2m=[0m0.68 [3mask_b[0m[2m=[0m0.6700
[2m2026-04-12T20:33:36.226949Z[0m [34mDEBUG[0m [2mmercury::engine::market_actor[0m[2m:[0m Tick received — running arb detection [3mmarket_id[0m[2m=[0m631deb8c-fbb4-489e-818e-ae698f57f50b [3mplatform[0m[2m=[0mKalshi [3mbid[0m[2m=[0m0.6500 [3mask[0m[2m=[0m0.6600 [3mmid[0m[2m=[0m0.6550 [3mbid_size[0m[2m=[0m95.94 [3mask_size[0m[2m=[0m3.00
[2m2026-04-12T20:33:36.227081Z[0m [34mDEBUG[0m [2mmercury::engine::spread[0m[2m:[0m Evaluated spread direction 2 [3mmarket_id[0m[2m=[0m631deb8c-fbb4-489e-818e-ae698f57f50b [3mdirection[0m[2m=[0m"NO-A/YES-B" [3mraw_spread[0m[2m=[0m0.0200 [3mbid_a[0m[2m=[0m0.68 [3mask_b[0m[2m=[0m0.6600
[2m2026-04-12T20:33:36.228519Z[0m [34mDEBUG[0m [2mmercury::feeds::discovery[0m[2m:[0m No Kalshi 15m market found for this round [3masset[0m[2m=[0m"btc" [3mround_start_ts[0m[2m=[0m1776026700 [3mtarget_close[0m[2m=[0m1776027600
[2m2026-04-12T20:33:36.228685Z[0m [32m INFO[0m [2mmercury::feeds::discovery[0m[2m:[0m 15m crypto round matched [3masset[0m[2m=[0mbtc [3mround_start[0m[2m=[0m1776026700 [3mpoly[0m[2m=[0mtrue [3mkalshi[0m[2m=[0mfalse
[2m2026-04-12T20:33:36.228775Z[0m [34mDEBUG[0m [2mmercury::engine::market_actor[0m[2m:[0m Tick received — running arb detection [3mmarket_id[0m[2m=[0m631deb8c-fbb4-489e-818e-ae698f57f50b [3mplatform[0m[2m=[0mPolymarket [3mbid[0m[2m=[0m0.68 [3mask[0m[2m=[0m0.69 [3mmid[0m[2m=[0m0.6850 [3mbid_size[0m[2m=[0m96.46 [3mask_size[0m[2m=[0m58
[2m2026-04-12T20:33:36.228931Z[0m [34mDEBUG[0m [2mmercury::engine::spread[0m[2m:[0m Evaluated spread direction 2 [3mmarket_id[0m[2m=[0m631deb8c-fbb4-489e-818e-ae698f57f50b [3mdirection[0m[2m=[0m"NO-A/YES-B" [3mraw_spread[0m[2m=[0m0.0200 [3mbid_a[0m[2m=[0m0.68 [3mask_b[0m[2m=[0m0.6600
[2m2026-04-12T20:33:36.229079Z[0m [34mDEBUG[0m [2mmercury::engine::market_actor[0m[2m:[0m Tick received — running arb detection [3mmarket_id[0m[2m=[0m631deb8c-fbb4-489e-818e-ae698f57f50b [3mplatform[0m[2m=[0mPolymarket [3mbid[0m[2m=[0m0.68 [3mask[0m[2m=[0m0.69 [3mmid[0m[2m=[0m0.6850 [3mbid_size[0m[2m=[0m96.46 [3mask_size[0m[2m=[0m58
[2m2026-04-12T20:33:36.229211Z[0m [34mDEBUG[0m [2mmercury::engine::spread[0m[2m:[0m Evaluated spread direction 2 [3mmarket_id[0m[2m=[0m631deb8c-fbb4-489e-818e-ae698f57f50b [3mdirection[0m[2m=[0m"NO-A/YES-B" [3mraw_spread[0m[2m=[0m0.0200 [3mbid_a[0m[2m=[0m0.68 [3mask_b[0m[2m=[0m0.6600
[2m2026-04-12T20:33:36.229350Z[0m [34mDEBUG[0m [2mmercury::engine::market_actor[0m[2m:[0m Tick received — running arb detection [3mmarket_id[0m[2m=[0m631deb8c-fbb4-489e-818e-ae698f57f50b [3mplatform[0m[2m=[0mPolymarket [3mbid[0m[2m=[0m0.68 [3mask[0m[2m=[0m0.69 [3mmid[0m[2m=[0m0.6850 [3mbid_size[0m[2m=[0m96.46 [3mask_size[0m[2m=[0m58
[2m2026-04-12T20:33:36.229479Z[0m [34mDEBUG[0m [2mmercury::engine::spread[0m[2m:[0m Evaluated spread direction 2 [3mmarket_id[0m[2m=[0m631deb8c-fbb4-489e-818e-ae698f57f50b [3mdirection[0m[2m=[0m"NO-A/YES-B" [3mraw_spread[0m[2m=[0m0.0200 [3mbid_a[0m[2m=[0m0.68 [3mask_b[0m[2m=[0m0.6600
[2m2026-04-12T20:33:36.229618Z[0m [34mDEBUG[0m [2mmercury::engine::market_actor[0m[2m:[0m Tick received — running arb detection [3mmarket_id[0m[2m=[0m631deb8c-fbb4-489e-818e-ae698f57f50b [3mplatform[0m[2m=[0mPolymarket [3mbid[0m[2m=[0m0.68 [3mask[0m[2m=[0m0.69 [3mmid[0m[2m=[0m0.6850 [3mbid_size[0m[2m=[0m96.46 [3mask_size[0m[2m=[0m58
[2m2026-04-12T20:33:36.229767Z[0m [34mDEBUG[0m [2mmercury::engine::spread[0m[2m:[0m Evaluated spread direction 2 [3mmarket_id[0m[2m=[0m631deb8c-fbb4-489e-818e-ae698f57f50b [3mdirection[0m[2m=[0m"NO-A/YES-B" [3mraw_spread[0m[2m=[0m0.0200 [3mbid_a[0m[2m=[0m0.68 [3mask_b[0m[2m=[0m0.6600
[2m2026-04-12T20:33:36.229906Z[0m [34mDEBUG[0m [2mmercury::engine::market_actor[0m[2m:[0m Tick received — running arb detection [3mmarket_id[0m[2m=[0m631deb8c-fbb4-489e-818e-ae698f57f50b [3mplatform[0m[2m=[0mPolymarket [3mbid[0m[2m=[0m0.68 [3mask[0m[2m=[0m0.69 [3mmid[0m[2m=[0m0.6850 [3mbid_size[0m[2m=[0m96.46 [3mask_size[0m[2m=[0m58
[2m2026-04-12T20:33:36.229965Z[0m [34mDEBUG[0m [2mmercury::feeds::polymarket[0m[2m:[0m Unknown Polymarket event type [3mevent_type[0m[2m=[0mbest_bid_ask
[2m2026-04-12T20:33:36.230034Z[0m [34mDEBUG[0m [2mmercury::engine::spread[0m[2m:[0m Evaluated spread direction 2 [3mmarket_id[0m[2m=[0m631deb8c-fbb4-489e-818e-ae698f57f50b [3mdirection[0m[2m=[0m"NO-A/YES-B" [3mraw_spread[0m[2m=[0m0.0200 [3mbid_a[0m[2m=[0m0.68 [3mask_b[0m[2m=[0m0.6600
[2m2026-04-12T20:33:36.230172Z[0m [34mDEBUG[0m [2mmercury::engine::market_actor[0m[2m:[0m Tick received — running arb detection [3mmarket_id[0m[2m=[0m631deb8c-fbb4-489e-818e-ae698f57f50b [3mplatform[0m[2m=[0mPolymarket [3mbid[0m[2m=[0m0.68 [3mask[0m[2m=[0m0.69 [3mmid[0m[2m=[0m0.6850 [3mbid_size[0m[2m=[0m96.46 [3mask_size[0m[2m=[0m58
[2m2026-04-12T20:33:36.230246Z[0m [34mDEBUG[0m [2mmercury::engine::market_actor[0m[2m:[0m Tick received — running arb detection [3mmarket_id[0m[2m=[0m79e1f598-7189-438f-a66e-b184b04be477 [3mplatform[0m[2m=[0mPolymarket [3mbid[0m[2m=[0m0.47 [3mask[0m[2m=[0m0.48 [3mmid[0m[2m=[0m0.4750 [3mbid_size[0m[2m=[0m10.8 [3mask_size[0m[2m=[0m7.2
[2m2026-04-12T20:33:36.230302Z[0m [34mDEBUG[0m [2mmercury::engine::spread[0m[2m:[0m Evaluated spread direction 2 [3mmarket_id[0m[2m=[0m631deb8c-fbb4-489e-818e-ae698f57f50b [3mdirection[0m[2m=[0m"NO-A/YES-B" [3mraw_spread[0m[2m=[0m0.0200 [3mbid_a[0m[2m=[0m0.68 [3mask_b[0m[2m=[0m0.6600
[2m2026-04-12T20:33:36.230439Z[0m [34mDEBUG[0m [2mmercury::engine::market_actor[0m[2m:[0m Tick received — running arb detection [3mmarket_id[0m[2m=[0m631deb8c-fbb4-489e-818e-ae698f57f50b [3mplatform[0m[2m=[0mPolymarket [3mbid[0m[2m=[0m0.68 [3mask[0m[2m=[0m0.69 [3mmid[0m[2m=[0m0.6850 [3mbid_size[0m[2m=[0m96.46 [3mask_size[0m[2m=[0m58
[2m2026-04-12T20:33:36.230565Z[0m [34mDEBUG[0m [2mmercury::engine::spread[0m[2m:[0m Evaluated spread direction 2 [3mmarket_id[0m[2m=[0m631deb8c-fbb4-489e-818e-ae698f57f50b [3mdirection[0m[2m=[0m"NO-A/YES-B" [3mraw_spread[0m[2m=[0m0.0200 [3mbid_a[0m[2m=[0m0.68 [3mask_b[0m[2m=[0m0.6600
[2m2026-04-12T20:33:36.230702Z[0m [34mDEBUG[0m [2mmercury::engine::market_actor[0m[2m:[0m Tick received — running arb detection [3mmarket_id[0m[2m=[0m631deb8c-fbb4-489e-818e-ae698f57f50b [3mplatform[0m[2m=[0mPolymarket [3mbid[0m[2m=[0m0.68 [3mask[0m[2m=[0m0.69 [3mmid[0m[2m=[0m0.6850 [3mbid_size[0m[2m=[0m96.46 [3mask_size[0m[2m=[0m58
[2m2026-04-12T20:33:36.230830Z[0m [34mDEBUG[0m [2mmercury::engine::spread[0m[2m:[0m Evaluated spread direction 2 [3mmarket_id[0m[2m=[0m631deb8c-fbb4-489e-818e-ae698f57f50b [3mdirection[0m[2m=[0m"NO-A/YES-B" [3mraw_spread[0m[2m=[0m0.0200 [3mbid_a[0m[2m=[0m0.68 [3mask_b[0m[2m=[0m0.6600
[2m2026-04-12T20:33:36.230939Z[0m [34mDEBUG[0m [2mmercury::engine::market_actor[0m[2m:[0m Tick received — running arb detection [3mmarket_id[0m[2m=[0m2b958b37-9921-40b8-b22d-64a67138ae70 [3mplatform[0m[2m=[0mPolymarket [3mbid[0m[2m=[0m0.64 [3mask[0m[2m=[0m0.66 [3mmid[0m[2m=[0m0.65 [3mbid_size[0m[2m=[0m3.69 [3mask_size[0m[2m=[0m110.8
[2m2026-04-12T20:33:36.230968Z[0m [34mDEBUG[0m [2mmercury::engine::market_actor[0m[2m:[0m Tick received — running arb detection [3mmarket_id[0m[2m=[0m631deb8c-fbb4-489e-818e-ae698f57f50b [3mplatform[0m[2m=[0mPolymarket [3mbid[0m[2m=[0m0.68 [3mask[0m[2m=[0m0.69 [3mmid[0m[2m=[0m0.6850 [3mbid_size[0m[2m=[0m96.46 [3mask_size[0m[2m=[0m53
[2m2026-04-12T20:33:36.231147Z[0m [34mDEBUG[0m [2mmercury::engine::market_actor[0m[2m:[0m Tick received — running arb detection [3mmarket_id[0m[2m=[0m2b958b37-9921-40b8-b22d-64a67138ae70 [3mplatform[0m[2m=[0mPolymarket [3mbid[0m[2m=[0m0.64 [3mask[0m[2m=[0m0.66 [3mmid[0m[2m=[0m0.65 [3mbid_size[0m[2m=[0m3.69 [3mask_size[0m[2m=[0m110.8
[2m2026-04-12T20:33:36.231202Z[0m [34mDEBUG[0m [2mmercury::engine::spread[0m[2m:[0m Evaluated spread direction 2 [3mmarket_id[0m[2m=[0m631deb8c-fbb4-489e-818e-ae698f57f50b [3mdirection[0m[2m=[0m"NO-A/YES-B" [3mraw_spread[0m[2m=[0m0.0200 [3mbid_a[0m[2m=[0m0.68 [3mask_b[0m[2m=[0m0.6600
[2m2026-04-12T20:33:36.231332Z[0m [34mDEBUG[0m [2mmercury::engine::market_actor[0m[2m:[0m Tick received — running arb detection [3mmarket_id[0m[2m=[0m631deb8c-fbb4-489e-818e-ae698f57f50b [3mplatform[0m[2m=[0mPolymarket [3mbid[0m[2m=[0m0.68 [3mask[0m[2m=[0m0.69 [3mmid[0m[2m=[0m0.6850 [3mbid_size[0m[2m=[0m96.46 [3mask_size[0m[2m=[0m53
[2m2026-04-12T20:33:36.231445Z[0m [34mDEBUG[0m [2mmercury::engine::spread[0m[2m:[0m Evaluated spread direction 2 [3mmarket_id[0m[2m=[0m631deb8c-fbb4-489e-818e-ae698f57f50b [3mdirection[0m[2m=[0m"NO-A/YES-B" [3mraw_spread[0m[2m=[0m0.0200 [3mbid_a[0m[2m=[0m0.68 [3mask_b[0m[2m=[0m0.6600
[2m2026-04-12T20:33:36.231566Z[0m [34mDEBUG[0m [2mmercury::engine::market_actor[0m[2m:[0m Tick received — running arb detection [3mmarket_id[0m[2m=[0m631deb8c-fbb4-489e-818e-ae698f57f50b [3mplatform[0m[2m=[0mPolymarket [3mbid[0m[2m=[0m0.68 [3mask[0m[2m=[0m0.69 [3mmid[0m[2m=[0m0.6850 [3mbid_size[0m[2m=[0m96.46 [3mask_size[0m[2m=[0m53
[2m2026-04-12T20:33:36.231681Z[0m [34mDEBUG[0m [2mmercury::engine::spread[0m[2m:[0m Evaluated spread direction 2 [3mmarket_id[0m[2m=[0m631deb8c-fbb4-489e-818e-ae698f57f50b [3mdirection[0m[2m=[0m"NO-A/YES-B" [3mraw_spread[0m[2m=[0m0.0200 [3mbid_a[0m[2m=[0m0.68 [3mask_b[0m[2m=[0m0.6600
[2m2026-04-12T20:33:36.231801Z[0m [34mDEBUG[0m [2mmercury::engine::market_actor[0m[2m:[0m Tick received — running arb detection [3mmarket_id[0m[2m=[0m631deb8c-fbb4-489e-818e-ae698f57f50b [3mplatform[0m[2m=[0mPolymarket [3mbid[0m[2m=[0m0.68 [3mask[0m[2m=[0m0.69 [3mmid[0m[2m=[0m0.6850 [3mbid_size[0m[2m=[0m96.46 [3mask_size[0m[2m=[0m53
[2m2026-04-12T20:33:36.231932Z[0m [34mDEBUG[0m [2mmercury::engine::spread[0m[2m:[0m Evaluated spread direction 2 [3mmarket_id[0m[2m=[0m631deb8c-fbb4-489e-818e-ae698f57f50b [3mdirection[0m[2m=[0m"NO-A/YES-B" [3mraw_spread[0m[2m=[0m0.0200 [3mbid_a[0m[2m=[0m0.68 [3mask_b[0m[2m=[0m0.6600
[2m2026-04-12T20:33:36.232046Z[0m [34mDEBUG[0m [2mmercury::engine::market_actor[0m[2m:[0m Tick received — running arb detection [3mmarket_id[0m[2m=[0m631deb8c-fbb4-489e-818e-ae698f57f50b [3mplatform[0m[2m=[0mPolymarket [3mbid[0m[2m=[0m0.68 [3mask[0m[2m=[0m0.69 [3mmid[0m[2m=[0m0.6850 [3mbid_size[0m[2m=[0m96.46 [3mask_size[0m[2m=[0m53
[2m2026-04-12T20:33:36.232153Z[0m [34mDEBUG[0m [2mmercury::engine::spread[0m[2m:[0m Evaluated spread direction 2 [3mmarket_id[0m[2m=[0m631deb8c-fbb4-489e-818e-ae698f57f50b [3mdirection[0m[2m=[0m"NO-A/YES-B" [3mraw_spread[0m[2m=[0m0.0200 [3mbid_a[0m[2m=[0m0.68 [3mask_b[0m[2m=[0m0.6600
[2m2026-04-12T20:33:36.232267Z[0m [34mDEBUG[0m [2mmercury::engine::market_actor[0m[2m:[0m Tick received — running arb detection [3mmarket_id[0m[2m=[0m631deb8c-fbb4-489e-818e-ae698f57f50b [3mplatform[0m[2m=[0mPolymarket [3mbid[0m[2m=[0m0.68 [3mask[0m[2m=[0m0.69 [3mmid[0m[2m=[0m0.6850 [3mbid_size[0m[2m=[0m96.46 [3mask_size[0m[2m=[0m53
[2m2026-04-12T20:33:36.232393Z[0m [34mDEBUG[0m [2mmercury::engine::spread[0m[2m:[0m Evaluated spread direction 2 [3mmarket_id[0m[2m=[0m631deb8c-fbb4-489e-818e-ae698f57f50b [3mdirection[0m[2m=[0m"NO-A/YES-B" [3mraw_spread[0m[2m=[0m0.0200 [3mbid_a[0m[2m=[0m0.68 [3mask_b[0m[2m=[0m0.6600
[2m2026-04-12T20:33:36.232517Z[0m [34mDEBUG[0m [2mmercury::engine::market_actor[0m[2m:[0m Tick received — running arb detection [3mmarket_id[0m[2m=[0m631deb8c-fbb4-489e-818e-ae698f57f50b [3mplatform[0m[2m=[0mPolymarket [3mbid[0m[2m=[0m0.68 [3mask[0m[2m=[0m0.69 [3mmid[0m[2m=[0m0.6850 [3mbid_size[0m[2m=[0m96.46 [3mask_size[0m[2m=[0m53
[2m2026-04-12T20:33:36.232626Z[0m [34mDEBUG[0m [2mmercury::engine::spread[0m[2m:[0m Evaluated spread direction 2 [3mmarket_id[0m[2m=[0m631deb8c-fbb4-489e-818e-ae698f57f50b [3mdirection[0m[2m=[0m"NO-A/YES-B" [3mraw_spread[0m[2m=[0m0.0200 [3mbid_a[0m[2m=[0m0.68 [3mask_b[0m[2m=[0m0.6600
[2m2026-04-12T20:33:36.232740Z[0m [34mDEBUG[0m [2mmercury::engine::market_actor[0m[2m:[0m Tick received — running arb detection [3mmarket_id[0m[2m=[0m631deb8c-fbb4-489e-818e-ae698f57f50b [3mplatform[0m[2m=[0mPolymarket [3mbid[0m[2m=[0m0.68 [3mask[0m[2m=[0m0.69 [3mmid[0m[2m=[0m0.6850 [3mbid_size[0m[2m=[0m96.46 [3mask_size[0m[2m=[0m53
[2m2026-04-12T20:33:36.232846Z[0m [34mDEBUG[0m [2mmercury::engine::spread[0m[2m:[0m Evaluated spread direction 2 [3mmarket_id[0m[2m=[0m631deb8c-fbb4-489e-818e-ae698f57f50b [3mdirection[0m[2m=[0m"NO-A/YES-B" [3mraw_spread[0m[2m=[0m0.0200 [3mbid_a[0m[2m=[0m0.68 [3mask_b[0m[2m=[0m0.6600
[2m2026-04-12T20:33:36.232958Z[0m [34mDEBUG[0m [2mmercury::engine::market_actor[0m[2m:[0m Tick received — running arb detection [3mmarket_id[0m[2m=[0m631deb8c-fbb4-489e-818e-ae698f57f50b [3mplatform[0m[2m=[0mKalshi [3mbid[0m[2m=[0m0.6500 [3mask[0m[2m=[0m0.6600 [3mmid[0m[2m=[0m0.6550 [3mbid_size[0m[2m=[0m95.94 [3mask_size[0m[2m=[0m3.00
[2m2026-04-12T20:33:36.233067Z[0m [34mDEBUG[0m [2mmercury::engine::spread[0m[2m:[0m Evaluated spread direction 2 [3mmarket_id[0m[2m=[0m631deb8c-fbb4-489e-818e-ae698f57f50b [3mdirection[0m[2m=[0m"NO-A/YES-B" [3mraw_spread[0m[2m=[0m0.0200 [3mbid_a[0m[2m=[0m0.68 [3mask_b[0m[2m=[0m0.6600
[2m2026-04-12T20:33:36.233177Z[0m [34mDEBUG[0m [2mmercury::engine::market_actor[0m[2m:[0m Tick received — running arb detection [3mmarket_id[0m[2m=[0m631deb8c-fbb4-489e-818e-ae698f57f50b [3mplatform[0m[2m=[0mKalshi [3mbid[0m[2m=[0m0.6500 [3mask[0m[2m=[0m0.6600 [3mmid[0m[2m=[0m0.6550 [3mbid_size[0m[2m=[0m95.94 [3mask_size[0m[2m=[0m3.00
[2m2026-04-12T20:33:36.233285Z[0m [34mDEBUG[0m [2mmercury::engine::spread[0m[2m:[0m Evaluated spread direction 2 [3mmarket_id[0m[2m=[0m631deb8c-fbb4-489e-818e-ae698f57f50b [3mdirection[0m[2m=[0m"NO-A/YES-B" [3mraw_spread[0m[2m=[0m0.0200 [3mbid_a[0m[2m=[0m0.68 [3mask_b[0m[2m=[0m0.6600
[2m2026-04-12T20:33:36.233400Z[0m [34mDEBUG[0m [2mmercury::engine::market_actor[0m[2m:[0m Tick received — running arb detection [3mmarket_id[0m[2m=[0m631deb8c-fbb4-489e-818e-ae698f57f50b [3mplatform[0m[2m=[0mPolymarket [3mbid[0m[2m=[0m0.68 [3mask[0m[2m=[0m0.69 [3mmid[0m[2m=[0m0.6850 [3mbid_size[0m[2m=[0m96.46 [3mask_size[0m[2m=[0m53
[2m2026-04-12T20:33:36.233507Z[0m [34mDEBUG[0m [2mmercury::engine::spread[0m[2m:[0m Evaluated spread direction 2 [3mmarket_id[0m[2m=[0m631deb8c-fbb4-489e-818e-ae698f57f50b [3mdirection[0m[2m=[0m"NO-A/YES-B" [3mraw_spread[0m[2m=[0m0.0200 [3mbid_a[0m[2m=[0m0.68 [3mask_b[0m[2m=[0m0.6600
[2m2026-04-12T20:33:36.233622Z[0m [34mDEBUG[0m [2mmercury::engine::market_actor[0m[2m:[0m Tick received — running arb detection [3mmarket_id[0m[2m=[0m631deb8c-fbb4-489e-818e-ae698f57f50b [3mplatform[0m[2m=[0mPolymarket [3mbid[0m[2m=[0m0.68 [3mask[0m[2m=[0m0.69 [3mmid[0m[2m=[0m0.6850 [3mbid_size[0m[2m=[0m96.46 [3mask_size[0m[2m=[0m53
[2m2026-04-12T20:33:36.233740Z[0m [34mDEBUG[0m [2mmercury::engine::spread[0m[2m:[0m Evaluated spread direction 2 [3mmarket_id[0m[2m=[0m631deb8c-fbb4-489e-818e-ae698f57f50b [3mdirection[0m[2m=[0m"NO-A/YES-B" [3mraw_spread[0m[2m=[0m0.0200 [3mbid_a[0m[2m=[0m0.68 [3mask_b[0m[2m=[0m0.6600
[2m2026-04-12T20:33:36.233854Z[0m [34mDEBUG[0m [2mmercury::engine::market_actor[0m[2m:[0m Tick received — running arb detection [3mmarket_id[0m[2m=[0m631deb8c-fbb4-489e-818e-ae698f57f50b [3mplatform[0m[2m=[0mPolymarket [3mbid[0m[2m=[0m0.68 [3mask[0m[2m=[0m0.69 [3mmid[0m[2m=[0m0.6850 [3mbid_size[0m[2m=[0m96.46 [3mask_size[0m[2m=[0m53
[2m2026-04-12T20:33:36.233961Z[0m [34mDEBUG[0m [2mmercury::engine::spread[0m[2m:[0m Evaluated spread direction 2 [3mmarket_id[0m[2m=[0m631deb8c-fbb4-489e-818e-ae698f57f50b [3mdirection[0m[2m=[0m"NO-A/YES-B" [3mraw_spread[0m[2m=[0m0.0200 [3mbid_a[0m[2m=[0m0.68 [3mask_b[0m[2m=[0m0.6600
[2m2026-04-12T20:33:36.324186Z[0m [33m WARN[0m [2mmercury::feeds::kalshi[0m[2m:[0m Kalshi sequence gap for KXETH15M-26APR121645-45: expected 7, got 15. Book may be out of sync.
[2m2026-04-12T20:33:36.324530Z[0m [33m WARN[0m [2mmercury::feeds::kalshi[0m[2m:[0m Kalshi sequence gap for KXBTC15M-26APR121645-45: expected 15, got 17. Book may be out of sync.
[2m2026-04-12T20:33:36.324552Z[0m [34mDEBUG[0m [2mmercury::engine::market_actor[0m[2m:[0m Tick received — running arb detection [3mmarket_id[0m[2m=[0m631deb8c-fbb4-489e-818e-ae698f57f50b [3mplatform[0m[2m=[0mPolymarket [3mbid[0m[2m=[0m0.68 [3mask[0m[2m=[0m0.69 [3mmid[0m[2m=[0m0.6850 [3mbid_size[0m[2m=[0m96.46 [3mask_size[0m[2m=[0m53
[2m2026-04-12T20:33:36.324569Z[0m [34mDEBUG[0m [2mmercury::engine::market_actor[0m[2m:[0m Tick received — running arb detection [3mmarket_id[0m[2m=[0m9046452d-bcb3-4bb8-8925-8924b7439992 [3mplatform[0m[2m=[0mKalshi [3mbid[0m[2m=[0m0.5200 [3mask[0m[2m=[0m0.5500 [3mmid[0m[2m=[0m0.5350 [3mbid_size[0m[2m=[0m25.00 [3mask_size[0m[2m=[0m23.76
[2m2026-04-12T20:33:36.324770Z[0m [34mDEBUG[0m [2mmercury::engine::spread[0m[2m:[0m Evaluated spread direction 2 [3mmarket_id[0m[2m=[0m631deb8c-fbb4-489e-818e-ae698f57f50b [3mdirection[0m[2m=[0m"NO-A/YES-B" [3mraw_spread[0m[2m=[0m0.0200 [3mbid_a[0m[2m=[0m0.68 [3mask_b[0m[2m=[0m0.6600
[2m2026-04-12T20:33:36.324761Z[0m [34mDEBUG[0m [2mmercury::engine::market_actor[0m[2m:[0m Tick received — running arb detection [3mmarket_id[0m[2m=[0m79e1f598-7189-438f-a66e-b184b04be477 [3mplatform[0m[2m=[0mPolymarket [3mbid[0m[2m=[0m0.47 [3mask[0m[2m=[0m0.48 [3mmid[0m[2m=[0m0.4750 [3mbid_size[0m[2m=[0m15.8 [3mask_size[0m[2m=[0m7.2
[2m2026-04-12T20:33:36.324983Z[0m [34mDEBUG[0m [2mmercury::engine::market_actor[0m[2m:[0m Tick received — running arb detection [3mmarket_id[0m[2m=[0m631deb8c-fbb4-489e-818e-ae698f57f50b [3mplatform[0m[2m=[0mPolymarket [3mbid[0m[2m=[0m0.68 [3mask[0m[2m=[0m0.69 [3mmid[0m[2m=[0m0.6850 [3mbid_size[0m[2m=[0m96.46 [3mask_size[0m[2m=[0m53
[2m2026-04-12T20:33:36.325024Z[0m [34mDEBUG[0m [2mmercury::engine::spread[0m[2m:[0m Evaluated spread direction 2 [3mmarket_id[0m[2m=[0m9046452d-bcb3-4bb8-8925-8924b7439992 [3mdirection[0m[2m=[0m"NO-A/YES-B" [3mraw_spread[0m[2m=[0m0.0100 [3mbid_a[0m[2m=[0m0.56 [3mask_b[0m[2m=[0m0.5500
[2m2026-04-12T20:33:36.325232Z[0m [34mDEBUG[0m [2mmercury::engine::market_actor[0m[2m:[0m Tick received — running arb detection [3mmarket_id[0m[2m=[0m9046452d-bcb3-4bb8-8925-8924b7439992 [3mplatform[0m[2m=[0mKalshi [3mbid[0m[2m=[0m0.5200 [3mask[0m[2m=[0m0.5500 [3mmid[0m[2m=[0m0.5350 [3mbid_size[0m[2m=[0m25.00 [3mask_size[0m[2m=[0m23.76
[2m2026-04-12T20:33:36.325280Z[0m [34mDEBUG[0m [2mmercury::engine::spread[0m[2m:[0m Evaluated spread direction 2 [3mmarket_id[0m[2m=[0m631deb8c-fbb4-489e-818e-ae698f57f50b [3mdirection[0m[2m=[0m"NO-A/YES-B" [3mraw_spread[0m[2m=[0m0.0200 [3mbid_a[0m[2m=[0m0.68 [3mask_b[0m[2m=[0m0.6600
[2m2026-04-12T20:33:36.325349Z[0m [34mDEBUG[0m [2mmercury::engine::market_actor[0m[2m:[0m Tick received — running arb detection [3mmarket_id[0m[2m=[0m2b958b37-9921-40b8-b22d-64a67138ae70 [3mplatform[0m[2m=[0mPolymarket [3mbid[0m[2m=[0m0.64 [3mask[0m[2m=[0m0.66 [3mmid[0m[2m=[0m0.65 [3mbid_size[0m[2m=[0m3.69 [3mask_size[0m[2m=[0m110.8
[2m2026-04-12T20:33:36.325510Z[0m [34mDEBUG[0m [2mmercury::engine::market_actor[0m[2m:[0m Tick received — running arb detection [3mmarket_id[0m[2m=[0m631deb8c-fbb4-489e-818e-ae698f57f50b [3mplatform[0m[2m=[0mKalshi [3mbid[0m[2m=[0m0.6500 [3mask[0m[2m=[0m0.6600 [3mmid[0m[2m=[0m0.6550 [3mbid_size[0m[2m=[0m95.94 [3mask_size[0m[2m=[0m3.00
[2m2026-04-12T20:33:36.325556Z[0m [33m WARN[0m [2mmercury::feeds::kalshi[0m[2m:[0m Kalshi sequence gap for KXETH15M-26APR121645-45: expected 17, got 19. Book may be out of sync.
[2m2026-04-12T20:33:36.325546Z[0m [34mDEBUG[0m [2mmercury::engine::spread[0m[2m:[0m Evaluated spread direction 2 [3mmarket_id[0m[2m=[0m9046452d-bcb3-4bb8-8925-8924b7439992 [3mdirection[0m[2m=[0m"NO-A/YES-B" [3mraw_spread[0m[2m=[0m0.0100 [3mbid_a[0m[2m=[0m0.56 [3mask_b[0m[2m=[0m0.5500
[2m2026-04-12T20:33:36.325821Z[0m [34mDEBUG[0m [2mmercury::engine::market_actor[0m[2m:[0m Tick received — running arb detection [3mmarket_id[0m[2m=[0m9046452d-bcb3-4bb8-8925-8924b7439992 [3mplatform[0m[2m=[0mKalshi [3mbid[0m[2m=[0m0.5200 [3mask[0m[2m=[0m0.5500 [3mmid[0m[2m=[0m0.5350 [3mbid_size[0m[2m=[0m25.00 [3mask_size[0m[2m=[0m23.76
[2m2026-04-12T20:33:36.325858Z[0m [33m WARN[0m [2mmercury::feeds::kalshi[0m[2m:[0m Kalshi sequence gap for KXBTC15M-26APR121645-45: expected 19, got 21. Book may be out of sync.
[2m2026-04-12T20:33:36.325834Z[0m [34mDEBUG[0m [2mmercury::engine::spread[0m[2m:[0m Evaluated spread direction 2 [3mmarket_id[0m[2m=[0m631deb8c-fbb4-489e-818e-ae698f57f50b [3mdirection[0m[2m=[0m"NO-A/YES-B" [3mraw_spread[0m[2m=[0m0.0200 [3mbid_a[0m[2m=[0m0.68 [3mask_b[0m[2m=[0m0.6600
[2m2026-04-12T20:33:36.325979Z[0m [34mDEBUG[0m [2mmercury::engine::market_actor[0m[2m:[0m Tick received — running arb detection [3mmarket_id[0m[2m=[0m2b958b37-9921-40b8-b22d-64a67138ae70 [3mplatform[0m[2m=[0mPolymarket [3mbid[0m[2m=[0m0.64 [3mask[0m[2m=[0m0.66 [3mmid[0m[2m=[0m0.65 [3mbid_size[0m[2m=[0m3.69 [3mask_size[0m[2m=[0m110.8
[2m2026-04-12T20:33:36.326172Z[0m [34mDEBUG[0m [2mmercury::engine::spread[0m[2m:[0m Evaluated spread direction 2 [3mmarket_id[0m[2m=[0m9046452d-bcb3-4bb8-8925-8924b7439992 [3mdirection[0m[2m=[0m"NO-A/YES-B" [3mraw_spread[0m[2m=[0m0.0100 [3mbid_a[0m[2m=[0m0.56 [3mask_b[0m[2m=[0m0.5500
[2m2026-04-12T20:33:36.326173Z[0m [34mDEBUG[0m [2mmercury::engine::market_actor[0m[2m:[0m Tick received — running arb detection [3mmarket_id[0m[2m=[0m631deb8c-fbb4-489e-818e-ae698f57f50b [3mplatform[0m[2m=[0mPolymarket [3mbid[0m[2m=[0m0.68 [3mask[0m[2m=[0m0.69 [3mmid[0m[2m=[0m0.6850 [3mbid_size[0m[2m=[0m96.46 [3mask_size[0m[2m=[0m53
[2m2026-04-12T20:33:36.326379Z[0m [34mDEBUG[0m [2mmercury::engine::market_actor[0m[2m:[0m Tick received — running arb detection [3mmarket_id[0m[2m=[0m9046452d-bcb3-4bb8-8925-8924b7439992 [3mplatform[0m[2m=[0mKalshi [3mbid[0m[2m=[0m0.5200 [3mask[0m[2m=[0m0.5500 [3mmid[0m[2m=[0m0.5350 [3mbid_size[0m[2m=[0m25.00 [3mask_size[0m[2m=[0m33.76
[2m2026-04-12T20:33:36.326393Z[0m [34mDEBUG[0m [2mmercury::engine::spread[0m[2m:[0m Evaluated spread direction 2 [3mmarket_id[0m[2m=[0m631deb8c-fbb4-489e-818e-ae698f57f50b [3mdirection[0m[2m=[0m"NO-A/YES-B" [3mraw_spread[0m[2m=[0m0.0200 [3mbid_a[0m[2m=[0m0.68 [3mask_b[0m[2m=[0m0.6600
[2m2026-04-12T20:33:36.326569Z[0m [34mDEBUG[0m [2mmercury::engine::market_actor[0m[2m:[0m Tick received — running arb detection [3mmarket_id[0m[2m=[0m631deb8c-fbb4-489e-818e-ae698f57f50b [3mplatform[0m[2m=[0mPolymarket [3mbid[0m[2m=[0m0.68 [3mask[0m[2m=[0m0.69 [3mmid[0m[2m=[0m0.6850 [3mbid_size[0m[2m=[0m96.46 [3mask_size[0m[2m=[0m53
[2m2026-04-12T20:33:36.326585Z[0m [34mDEBUG[0m [2mmercury::engine::spread[0m[2m:[0m Evaluated spread direction 2 [3mmarket_id[0m[2m=[0m9046452d-bcb3-4bb8-8925-8924b7439992 [3mdirection[0m[2m=[0m"NO-A/YES-B" [3mraw_spread[0m[2m=[0m0.0100 [3mbid_a[0m[2m=[0m0.56 [3mask_b[0m[2m=[0m0.5500
[2m2026-04-12T20:33:36.326595Z[0m [34mDEBUG[0m [2mmercury::engine::market_actor[0m[2m:[0m Tick received — running arb detection [3mmarket_id[0m[2m=[0m2b958b37-9921-40b8-b22d-64a67138ae70 [3mplatform[0m[2m=[0mPolymarket [3mbid[0m[2m=[0m0.64 [3mask[0m[2m=[0m0.66 [3mmid[0m[2m=[0m0.65 [3mbid_size[0m[2m=[0m3.69 [3mask_size[0m[2m=[0m110.8
[2m2026-04-12T20:33:36.326798Z[0m [34mDEBUG[0m [2mmercury::engine::spread[0m[2m:[0m Evaluated spread direction 2 [3mmarket_id[0m[2m=[0m631deb8c-fbb4-489e-818e-ae698f57f50b [3mdirection[0m[2m=[0m"NO-A/YES-B" [3mraw_spread[0m[2m=[0m0.0200 [3mbid_a[0m[2m=[0m0.68 [3mask_b[0m[2m=[0m0.6600
[2m2026-04-12T20:33:36.326955Z[0m [34mDEBUG[0m [2mmercury::engine::market_actor[0m[2m:[0m Tick received — running arb detection [3mmarket_id[0m[2m=[0m631deb8c-fbb4-489e-818e-ae698f57f50b [3mplatform[0m[2m=[0mKalshi [3mbid[0m[2m=[0m0.6500 [3mask[0m[2m=[0m0.6600 [3mmid[0m[2m=[0m0.6550 [3mbid_size[0m[2m=[0m95.94 [3mask_size[0m[2m=[0m3.00
[2m2026-04-12T20:33:36.326997Z[0m [34mDEBUG[0m [2mmercury::engine::market_actor[0m[2m:[0m Tick received — running arb detection [3mmarket_id[0m[2m=[0m2b958b37-9921-40b8-b22d-64a67138ae70 [3mplatform[0m[2m=[0mPolymarket [3mbid[0m[2m=[0m0.64 [3mask[0m[2m=[0m0.66 [3mmid[0m[2m=[0m0.65 [3mbid_size[0m[2m=[0m3.69 [3mask_size[0m[2m=[0m110.8
[2m2026-04-12T20:33:36.327092Z[0m [34mDEBUG[0m [2mmercury::engine::spread[0m[2m:[0m Evaluated spread direction 2 [3mmarket_id[0m[2m=[0m631deb8c-fbb4-489e-818e-ae698f57f50b [3mdirection[0m[2m=[0m"NO-A/YES-B" [3mraw_spread[0m[2m=[0m0.0200 [3mbid_a[0m[2m=[0m0.68 [3mask_b[0m[2m=[0m0.6600
[2m2026-04-12T20:33:36.327232Z[0m [34mDEBUG[0m [2mmercury::engine::market_actor[0m[2m:[0m Tick received — running arb detection [3mmarket_id[0m[2m=[0m631deb8c-fbb4-489e-818e-ae698f57f50b [3mplatform[0m[2m=[0mKalshi [3mbid[0m[2m=[0m0.6500 [3mask[0m[2m=[0m0.6600 [3mmid[0m[2m=[0m0.6550 [3mbid_size[0m[2m=[0m95.94 [3mask_size[0m[2m=[0m3.00
[2m2026-04-12T20:33:36.327370Z[0m [34mDEBUG[0m [2mmercury::engine::spread[0m[2m:[0m Evaluated spread direction 2 [3mmarket_id[0m[2m=[0m631deb8c-fbb4-489e-818e-ae698f57f50b [3mdirection[0m[2m=[0m"NO-A/YES-B" [3mraw_spread[0m[2m=[0m0.0200 [3mbid_a[0m[2m=[0m0.68 [3mask_b[0m[2m=[0m0.6600
[2m2026-04-12T20:33:36.327505Z[0m [34mDEBUG[0m [2mmercury::engine::market_actor[0m[2m:[0m Tick received — running arb detection [3mmarket_id[0m[2m=[0m631deb8c-fbb4-489e-818e-ae698f57f50b [3mplatform[0m[2m=[0mKalshi [3mbid[0m[2m=[0m0.6500 [3mask[0m[2m=[0m0.6600 [3mmid[0m[2m=[0m0.6550 [3mbid_size[0m[2m=[0m95.94 [3mask_size[0m[2m=[0m3.00
[2m2026-04-12T20:33:36.327637Z[0m [34mDEBUG[0m [2mmercury::engine::spread[0m[2m:[0m Evaluated spread direction 2 [3mmarket_id[0m[2m=[0m631deb8c-fbb4-489e-818e-ae698f57f50b [3mdirection[0m[2m=[0m"NO-A/YES-B" [3mraw_spread[0m[2m=[0m0.0200 [3mbid_a[0m[2m=[0m0.68 [3mask_b[0m[2m=[0m0.6600
[2m2026-04-12T20:33:36.327775Z[0m [34mDEBUG[0m [2mmercury::engine::market_actor[0m[2m:[0m Tick received — running arb detection [3mmarket_id[0m[2m=[0m631deb8c-fbb4-489e-818e-ae698f57f50b [3mplatform[0m[2m=[0mKalshi [3mbid[0m[2m=[0m0.6500 [3mask[0m[2m=[0m0.6600 [3mmid[0m[2m=[0m0.6550 [3mbid_size[0m[2m=[0m95.94 [3mask_size[0m[2m=[0m3.00
[2m2026-04-12T20:33:36.327929Z[0m [34mDEBUG[0m [2mmercury::engine::spread[0m[2m:[0m Evaluated spread direction 2 [3mmarket_id[0m[2m=[0m631deb8c-fbb4-489e-818e-ae698f57f50b [3mdirection[0m[2m=[0m"NO-A/YES-B" [3mraw_spread[0m[2m=[0m0.0200 [3mbid_a[0m[2m=[0m0.68 [3mask_b[0m[2m=[0m0.6600
[2m2026-04-12T20:33:36.328063Z[0m [34mDEBUG[0m [2mmercury::engine::market_actor[0m[2m:[0m Tick received — running arb detection [3mmarket_id[0m[2m=[0m631deb8c-fbb4-489e-818e-ae698f57f50b [3mplatform[0m[2m=[0mKalshi [3mbid[0m[2m=[0m0.6500 [3mask[0m[2m=[0m0.6600 [3mmid[0m[2m=[0m0.6550 [3mbid_size[0m[2m=[0m142.94 [3mask_size[0m[2m=[0m3.00
[2m2026-04-12T20:33:36.328197Z[0m [34mDEBUG[0m [2mmercury::engine::spread[0m[2m:[0m Evaluated spread direction 2 [3mmarket_id[0m[2m=[0m631deb8c-fbb4-489e-818e-ae698f57f50b [3mdirection[0m[2m=[0m"NO-A/YES-B" [3mraw_spread[0m[2m=[0m0.0200 [3mbid_a[0m[2m=[0m0.68 [3mask_b[0m[2m=[0m0.6600
[2m2026-04-12T20:33:36.328330Z[0m [34mDEBUG[0m [2mmercury::engine::market_actor[0m[2m:[0m Tick received — running arb detection [3mmarket_id[0m[2m=[0m631deb8c-fbb4-489e-818e-ae698f57f50b [3mplatform[0m[2m=[0mKalshi [3mbid[0m[2m=[0m0.6500 [3mask[0m[2m=[0m0.6600 [3mmid[0m[2m=[0m0.6550 [3mbid_size[0m[2m=[0m142.94 [3mask_size[0m[2m=[0m3.00
[2m2026-04-12T20:33:36.328467Z[0m [34mDEBUG[0m [2mmercury::engine::spread[0m[2m:[0m Evaluated spread direction 2 [3mmarket_id[0m[2m=[0m631deb8c-fbb4-489e-818e-ae698f57f50b [3mdirection[0m[2m=[0m"NO-A/YES-B" [3mraw_spread[0m[2m=[0m0.0200 [3mbid_a[0m[2m=[0m0.68 [3mask_b[0m[2m=[0m0.6600
[2m2026-04-12T20:33:36.328600Z[0m [34mDEBUG[0m [2mmercury::engine::market_actor[0m[2m:[0m Tick received — running arb detection [3mmarket_id[0m[2m=[0m631deb8c-fbb4-489e-818e-ae698f57f50b [3mplatform[0m[2m=[0mKalshi [3mbid[0m[2m=[0m0.6500 [3mask[0m[2m=[0m0.6600 [3mmid[0m[2m=[0m0.6550 [3mbid_size[0m[2m=[0m142.94 [3mask_size[0m[2m=[0m3.00
[2m2026-04-12T20:33:36.328734Z[0m [34mDEBUG[0m [2mmercury::engine::spread[0m[2m:[0m Evaluated spread direction 2 [3mmarket_id[0m[2m=[0m631deb8c-fbb4-489e-818e-ae698f57f50b [3mdirection[0m[2m=[0m"NO-A/YES-B" [3mraw_spread[0m[2m=[0m0.0200 [3mbid_a[0m[2m=[0m0.68 [3mask_b[0m[2m=[0m0.6600
[2m2026-04-12T20:33:36.328857Z[0m [34mDEBUG[0m [2mmercury::engine::market_actor[0m[2m:[0m Tick received — running arb detection [3mmarket_id[0m[2m=[0m2b958b37-9921-40b8-b22d-64a67138ae70 [3mplatform[0m[2m=[0mPolymarket [3mbid[0m[2m=[0m0.64 [3mask[0m[2m=[0m0.66 [3mmid[0m[2m=[0m0.65 [3mbid_size[0m[2m=[0m3.69 [3mask_size[0m[2m=[0m110.8
[2m2026-04-12T20:33:36.328868Z[0m [34mDEBUG[0m [2mmercury::engine::market_actor[0m[2m:[0m Tick received — running arb detection [3mmarket_id[0m[2m=[0m631deb8c-fbb4-489e-818e-ae698f57f50b [3mplatform[0m[2m=[0mKalshi [3mbid[0m[2m=[0m0.6500 [3mask[0m[2m=[0m0.6600 [3mmid[0m[2m=[0m0.6550 [3mbid_size[0m[2m=[0m142.94 [3mask_size[0m[2m=[0m3.00
[2m2026-04-12T20:33:36.329024Z[0m [34mDEBUG[0m [2mmercury::engine::spread[0m[2m:[0m Evaluated spread direction 2 [3mmarket_id[0m[2m=[0m631deb8c-fbb4-489e-818e-ae698f57f50b [3mdirection[0m[2m=[0m"NO-A/YES-B" [3mraw_spread[0m[2m=[0m0.0200 [3mbid_a[0m[2m=[0m0.68 [3mask_b[0m[2m=[0m0.6600
[2m2026-04-12T20:33:36.329025Z[0m [34mDEBUG[0m [2mmercury::engine::market_actor[0m[2m:[0m Tick received — running arb detection [3mmarket_id[0m[2m=[0m2b958b37-9921-40b8-b22d-64a67138ae70 [3mplatform[0m[2m=[0mPolymarket [3mbid[0m[2m=[0m0.64 [3mask[0m[2m=[0m0.66 [3mmid[0m[2m=[0m0.65 [3mbid_size[0m[2m=[0m3.69 [3mask_size[0m[2m=[0m110.8
[2m2026-04-12T20:33:36.329167Z[0m [34mDEBUG[0m [2mmercury::engine::market_actor[0m[2m:[0m Tick received — running arb detection [3mmarket_id[0m[2m=[0m631deb8c-fbb4-489e-818e-ae698f57f50b [3mplatform[0m[2m=[0mKalshi [3mbid[0m[2m=[0m0.6500 [3mask[0m[2m=[0m0.6600 [3mmid[0m[2m=[0m0.6550 [3mbid_size[0m[2m=[0m142.94 [3mask_size[0m[2m=[0m3.00
[2m2026-04-12T20:33:36.329317Z[0m [34mDEBUG[0m [2mmercury::engine::spread[0m[2m:[0m Evaluated spread direction 2 [3mmarket_id[0m[2m=[0m631deb8c-fbb4-489e-818e-ae698f57f50b [3mdirection[0m[2m=[0m"NO-A/YES-B" [3mraw_spread[0m[2m=[0m0.0200 [3mbid_a[0m[2m=[0m0.68 [3mask_b[0m[2m=[0m0.6600
[2m2026-04-12T20:33:36.376436Z[0m [34mDEBUG[0m [2mmercury::engine::market_actor[0m[2m:[0m Tick received — running arb detection [3mmarket_id[0m[2m=[0m631deb8c-fbb4-489e-818e-ae698f57f50b [3mplatform[0m[2m=[0mKalshi [3mbid[0m[2m=[0m0.6500 [3mask[0m[2m=[0m0.6600 [3mmid[0m[2m=[0m0.6550 [3mbid_size[0m[2m=[0m142.94 [3mask_size[0m[2m=[0m3.00
[2m2026-04-12T20:33:36.376773Z[0m [34mDEBUG[0m [2mmercury::engine::spread[0m[2m:[0m Evaluated spread direction 2 [3mmarket_id[0m[2m=[0m631deb8c-fbb4-489e-818e-ae698f57f50b [3mdirection[0m[2m=[0m"NO-A/YES-B" [3mraw_spread[0m[2m=[0m0.0200 [3mbid_a[0m[2m=[0m0.68 [3mask_b[0m[2m=[0m0.6600
[2m2026-04-12T20:33:36.376976Z[0m [34mDEBUG[0m [2mmercury::engine::market_actor[0m[2m:[0m Tick received — running arb detection [3mmarket_id[0m[2m=[0m631deb8c-fbb4-489e-818e-ae698f57f50b [3mplatform[0m[2m=[0mPolymarket [3mbid[0m[2m=[0m0.68 [3mask[0m[2m=[0m0.69 [3mmid[0m[2m=[0m0.6850 [3mbid_size[0m[2m=[0m96.46 [3mask_size[0m[2m=[0m53
[2m2026-04-12T20:33:36.377148Z[0m [34mDEBUG[0m [2mmercury::engine::spread[0m[2m:[0m Evaluated spread direction 2 [3mmarket_id[0m[2m=[0m631deb8c-fbb4-489e-818e-ae698f57f50b [3mdirection[0m[2m=[0m"NO-A/YES-B" [3mraw_spread[0m[2m=[0m0.0200 [3mbid_a[0m[2m=[0m0.68 [3mask_b[0m[2m=[0m0.6600
[2m2026-04-12T20:33:36.377326Z[0m [34mDEBUG[0m [2mmercury::engine::market_actor[0m[2m:[0m Tick received — running arb detection [3mmarket_id[0m[2m=[0m631deb8c-fbb4-489e-818e-ae698f57f50b [3mplatform[0m[2m=[0mKalshi [3mbid[0m[2m=[0m0.6500 [3mask[0m[2m=[0m0.6600 [3mmid[0m[2m=[0m0.6550 [3mbid_size[0m[2m=[0m142.94 [3mask_size[0m[2m=[0m3.00
[2m2026-04-12T20:33:36.377507Z[0m [34mDEBUG[0m [2mmercury::engine::spread[0m[2m:[0m Evaluated spread direction 2 [3mmarket_id[0m[2m=[0m631deb8c-fbb4-489e-818e-ae698f57f50b [3mdirection[0m[2m=[0m"NO-A/YES-B" [3mraw_spread[0m[2m=[0m0.0200 [3mbid_a[0m[2m=[0m0.68 [3mask_b[0m[2m=[0m0.6600
[2m2026-04-12T20:33:36.377692Z[0m [34mDEBUG[0m [2mmercury::engine::market_actor[0m[2m:[0m Tick received — running arb detection [3mmarket_id[0m[2m=[0m631deb8c-fbb4-489e-818e-ae698f57f50b [3mplatform[0m[2m=[0mKalshi [3mbid[0m[2m=[0m0.6500 [3mask[0m[2m=[0m0.6600 [3mmid[0m[2m=[0m0.6550 [3mbid_size[0m[2m=[0m142.94 [3mask_size[0m[2m=[0m3.00
[2m2026-04-12T20:33:36.377868Z[0m [34mDEBUG[0m [2mmercury::engine::spread[0m[2m:[0m Evaluated spread direction 2 [3mmarket_id[0m[2m=[0m631deb8c-fbb4-489e-818e-ae698f57f50b [3mdirection[0m[2m=[0m"NO-A/YES-B" [3mraw_spread[0m[2m=[0m0.0200 [3mbid_a[0m[2m=[0m0.68 [3mask_b[0m[2m=[0m0.6600
[2m2026-04-12T20:33:36.378045Z[0m [34mDEBUG[0m [2mmercury::engine::market_actor[0m[2m:[0m Tick received — running arb detection [3mmarket_id[0m[2m=[0m631deb8c-fbb4-489e-818e-ae698f57f50b [3mplatform[0m[2m=[0mKalshi [3mbid[0m[2m=[0m0.6500 [3mask[0m[2m=[0m0.6600 [3mmid[0m[2m=[0m0.6550 [3mbid_size[0m[2m=[0m142.94 [3mask_size[0m[2m=[0m3.00
[2m2026-04-12T20:33:36.378222Z[0m [34mDEBUG[0m [2mmercury::engine::spread[0m[2m:[0m Evaluated spread direction 2 [3mmarket_id[0m[2m=[0m631deb8c-fbb4-489e-818e-ae698f57f50b [3mdirection[0m[2m=[0m"NO-A/YES-B" [3mraw_spread[0m[2m=[0m0.0200 [3mbid_a[0m[2m=[0m0.68 [3mask_b[0m[2m=[0m0.6600
[2m2026-04-12T20:33:36.378400Z[0m [34mDEBUG[0m [2mmercury::engine::market_actor[0m[2m:[0m Tick received — running arb detection [3mmarket_id[0m[2m=[0m631deb8c-fbb4-489e-818e-ae698f57f50b [3mplatform[0m[2m=[0mKalshi [3mbid[0m[2m=[0m0.6500 [3mask[0m[2m=[0m0.6600 [3mmid[0m[2m=[0m0.6550 [3mbid_size[0m[2m=[0m142.94 [3mask_size[0m[2m=[0m3.00
[2m2026-04-12T20:33:36.378603Z[0m [34mDEBUG[0m [2mmercury::engine::spread[0m[2m:[0m Evaluated spread direction 2 [3mmarket_id[0m[2m=[0m631deb8c-fbb4-489e-818e-ae698f57f50b [3mdirection[0m[2m=[0m"NO-A/YES-B" [3mraw_spread[0m[2m=[0m0.0200 [3mbid_a[0m[2m=[0m0.68 [3mask_b[0m[2m=[0m0.6600
[2m2026-04-12T20:33:36.383003Z[0m [34mDEBUG[0m [2mmercury::engine::market_actor[0m[2m:[0m Tick received — running arb detection [3mmarket_id[0m[2m=[0m2b958b37-9921-40b8-b22d-64a67138ae70 [3mplatform[0m[2m=[0mPolymarket [3mbid[0m[2m=[0m0.64 [3mask[0m[2m=[0m0.66 [3mmid[0m[2m=[0m0.65 [3mbid_size[0m[2m=[0m3.69 [3mask_size[0m[2m=[0m110.8
[2m2026-04-12T20:33:36.383204Z[0m [34mDEBUG[0m [2mmercury::engine::market_actor[0m[2m:[0m Tick received — running arb detection [3mmarket_id[0m[2m=[0m9046452d-bcb3-4bb8-8925-8924b7439992 [3mplatform[0m[2m=[0mPolymarket [3mbid[0m[2m=[0m0.56 [3mask[0m[2m=[0m0.57 [3mmid[0m[2m=[0m0.5650 [3mbid_size[0m[2m=[0m166.6 [3mask_size[0m[2m=[0m9.83
[2m2026-04-12T20:33:36.383320Z[0m [34mDEBUG[0m [2mmercury::engine::market_actor[0m[2m:[0m Tick received — running arb detection [3mmarket_id[0m[2m=[0m2b958b37-9921-40b8-b22d-64a67138ae70 [3mplatform[0m[2m=[0mPolymarket [3mbid[0m[2m=[0m0.64 [3mask[0m[2m=[0m0.66 [3mmid[0m[2m=[0m0.65 [3mbid_size[0m[2m=[0m3.69 [3mask_size[0m[2m=[0m110.8
[2m2026-04-12T20:33:36.383419Z[0m [34mDEBUG[0m [2mmercury::engine::spread[0m[2m:[0m Evaluated spread direction 2 [3mmarket_id[0m[2m=[0m9046452d-bcb3-4bb8-8925-8924b7439992 [3mdirection[0m[2m=[0m"NO-A/YES-B" [3mraw_spread[0m[2m=[0m0.0100 [3mbid_a[0m[2m=[0m0.56 [3mask_b[0m[2m=[0m0.5500
[2m2026-04-12T20:33:36.423461Z[0m [33m WARN[0m [2mmercury::feeds::kalshi[0m[2m:[0m Kalshi sequence gap for KXETH15M-26APR121645-45: expected 21, got 37. Book may be out of sync.
[2m2026-04-12T20:33:36.423523Z[0m [34mDEBUG[0m [2mmercury::engine::market_actor[0m[2m:[0m Tick received — running arb detection [3mmarket_id[0m[2m=[0m9046452d-bcb3-4bb8-8925-8924b7439992 [3mplatform[0m[2m=[0mPolymarket [3mbid[0m[2m=[0m0.56 [3mask[0m[2m=[0m0.57 [3mmid[0m[2m=[0m0.5650 [3mbid_size[0m[2m=[0m166.6 [3mask_size[0m[2m=[0m9.83
[2m2026-04-12T20:33:36.423431Z[0m [34mDEBUG[0m [2mmercury::engine::market_actor[0m[2m:[0m Tick received — running arb detection [3mmarket_id[0m[2m=[0m631deb8c-fbb4-489e-818e-ae698f57f50b [3mplatform[0m[2m=[0mKalshi [3mbid[0m[2m=[0m0.6500 [3mask[0m[2m=[0m0.6600 [3mmid[0m[2m=[0m0.6550 [3mbid_size[0m[2m=[0m142.94 [3mask_size[0m[2m=[0m3.00
[2m2026-04-12T20:33:36.423811Z[0m [34mDEBUG[0m [2mmercury::engine::spread[0m[2m:[0m Evaluated spread direction 2 [3mmarket_id[0m[2m=[0m9046452d-bcb3-4bb8-8925-8924b7439992 [3mdirection[0m[2m=[0m"NO-A/YES-B" [3mraw_spread[0m[2m=[0m0.0100 [3mbid_a[0m[2m=[0m0.56 [3mask_b[0m[2m=[0m0.5500
[2m2026-04-12T20:33:36.424008Z[0m [34mDEBUG[0m [2mmercury::engine::market_actor[0m[2m:[0m Tick received — running arb detection [3mmarket_id[0m[2m=[0m9046452d-bcb3-4bb8-8925-8924b7439992 [3mplatform[0m[2m=[0mPolymarket [3mbid[0m[2m=[0m0.56 [3mask[0m[2m=[0m0.57 [3mmid[0m[2m=[0m0.5650 [3mbid_size[0m[2m=[0m166.6 [3mask_size[0m[2m=[0m9.83
[2m2026-04-12T20:33:36.424014Z[0m [34mDEBUG[0m [2mmercury::engine::spread[0m[2m:[0m Evaluated spread direction 2 [3mmarket_id[0m[2m=[0m631deb8c-fbb4-489e-818e-ae698f57f50b [3mdirection[0m[2m=[0m"NO-A/YES-B" [3mraw_spread[0m[2m=[0m0.0200 [3mbid_a[0m[2m=[0m0.68 [3mask_b[0m[2m=[0m0.6600
[2m2026-04-12T20:33:36.424326Z[0m [34mDEBUG[0m [2mmercury::engine::market_actor[0m[2m:[0m Tick received — running arb detection [3mmarket_id[0m[2m=[0m631deb8c-fbb4-489e-818e-ae698f57f50b [3mplatform[0m[2m=[0mKalshi [3mbid[0m[2m=[0m0.6500 [3mask[0m[2m=[0m0.6600 [3mmid[0m[2m=[0m0.6550 [3mbid_size[0m[2m=[0m142.94 [3mask_size[0m[2m=[0m3.00
[2m2026-04-12T20:33:36.424373Z[0m [34mDEBUG[0m [2mmercury::engine::spread[0m[2m:[0m Evaluated spread direction 2 [3mmarket_id[0m[2m=[0m9046452d-bcb3-4bb8-8925-8924b7439992 [3mdirection[0m[2m=[0m"NO-A/YES-B" [3mraw_spread[0m[2m=[0m0.0100 [3mbid_a[0m[2m=[0m0.56 [3mask_b[0m[2m=[0m0.5500
[2m2026-04-12T20:33:36.424604Z[0m [34mDEBUG[0m [2mmercury::engine::market_actor[0m[2m:[0m Tick received — running arb detection [3mmarket_id[0m[2m=[0m9046452d-bcb3-4bb8-8925-8924b7439992 [3mplatform[0m[2m=[0mPolymarket [3mbid[0m[2m=[0m0.56 [3mask[0m[2m=[0m0.57 [3mmid[0m[2m=[0m0.5650 [3mbid_size[0m[2m=[0m171.6 [3mask_size[0m[2m=[0m9.83
[2m2026-04-12T20:33:36.424626Z[0m [34mDEBUG[0m [2mmercury::engine::spread[0m[2m:[0m Evaluated spread direction 2 [3mmarket_id[0m[2m=[0m631deb8c-fbb4-489e-818e-ae698f57f50b [3mdirection[0m[2m=[0m"NO-A/YES-B" [3mraw_spread[0m[2m=[0m0.0200 [3mbid_a[0m[2m=[0m0.68 [3mask_b[0m[2m=[0m0.6600
[2m2026-04-12T20:33:36.424836Z[0m [34mDEBUG[0m [2mmercury::engine::market_actor[0m[2m:[0m Tick received — running arb detection [3mmarket_id[0m[2m=[0m631deb8c-fbb4-489e-818e-ae698f57f50b [3mplatform[0m[2m=[0mKalshi [3mbid[0m[2m=[0m0.6500 [3mask[0m[2m=[0m0.6600 [3mmid[0m[2m=[0m0.6550 [3mbid_size[0m[2m=[0m142.94 [3mask_size[0m[2m=[0m3.00
[2m2026-04-12T20:33:36.424885Z[0m [34mDEBUG[0m [2mmercury::engine::spread[0m[2m:[0m Evaluated spread direction 2 [3mmarket_id[0m[2m=[0m9046452d-bcb3-4bb8-8925-8924b7439992 [3mdirection[0m[2m=[0m"NO-A/YES-B" [3mraw_spread[0m[2m=[0m0.0100 [3mbid_a[0m[2m=[0m0.56 [3mask_b[0m[2m=[0m0.5500
[2m2026-04-12T20:33:36.425099Z[0m [34mDEBUG[0m [2mmercury::engine::spread[0m[2m:[0m Evaluated spread direction 2 [3mmarket_id[0m[2m=[0m631deb8c-fbb4-489e-818e-ae698f57f50b [3mdirection[0m[2m=[0m"NO-A/YES-B" [3mraw_spread[0m[2m=[0m0.0200 [3mbid_a[0m[2m=[0m0.68 [3mask_b[0m[2m=[0m0.6600
[2m2026-04-12T20:33:36.425094Z[0m [34mDEBUG[0m [2mmercury::engine::market_actor[0m[2m:[0m Tick received — running arb detection [3mmarket_id[0m[2m=[0m9046452d-bcb3-4bb8-8925-8924b7439992 [3mplatform[0m[2m=[0mKalshi [3mbid[0m[2m=[0m0.5200 [3mask[0m[2m=[0m0.5500 [3mmid[0m[2m=[0m0.5350 [3mbid_size[0m[2m=[0m25.00 [3mask_size[0m[2m=[0m33.76
[2m2026-04-12T20:33:36.425310Z[0m [34mDEBUG[0m [2mmercury::engine::spread[0m[2m:[0m Evaluated spread direction 2 [3mmarket_id[0m[2m=[0m9046452d-bcb3-4bb8-8925-8924b7439992 [3mdirection[0m[2m=[0m"NO-A/YES-B" [3mraw_spread[0m[2m=[0m0.0100 [3mbid_a[0m[2m=[0m0.56 [3mask_b[0m[2m=[0m0.5500
[2m2026-04-12T20:33:36.425491Z[0m [34mDEBUG[0m [2mmercury::engine::market_actor[0m[2m:[0m Tick received — running arb detection [3mmarket_id[0m[2m=[0m9046452d-bcb3-4bb8-8925-8924b7439992 [3mplatform[0m[2m=[0mKalshi [3mbid[0m[2m=[0m0.5200 [3mask[0m[2m=[0m0.5500 [3mmid[0m[2m=[0m0.5350 [3mbid_size[0m[2m=[0m25.00 [3mask_size[0m[2m=[0m33.76
[2m2026-04-12T20:33:36.425666Z[0m [34mDEBUG[0m [2mmercury::engine::spread[0m[2m:[0m Evaluated spread direction 2 [3mmarket_id[0m[2m=[0m9046452d-bcb3-4bb8-8925-8924b7439992 [3mdirection[0m[2m=[0m"NO-A/YES-B" [3mraw_spread[0m[2m=[0m0.0100 [3mbid_a[0m[2m=[0m0.56 [3mask_b[0m[2m=[0m0.5500
[2m2026-04-12T20:33:36.425851Z[0m [34mDEBUG[0m [2mmercury::engine::market_actor[0m[2m:[0m Tick received — running arb detection [3mmarket_id[0m[2m=[0m9046452d-bcb3-4bb8-8925-8924b7439992 [3mplatform[0m[2m=[0mPolymarket [3mbid[0m[2m=[0m0.56 [3mask[0m[2m=[0m0.57 [3mmid[0m[2m=[0m0.5650 [3mbid_size[0m[2m=[0m171.6 [3mask_size[0m[2m=[0m9.83
[2m2026-04-12T20:33:36.426023Z[0m [34mDEBUG[0m [2mmercury::engine::spread[0m[2m:[0m Evaluated spread direction 2 [3mmarket_id[0m[2m=[0m9046452d-bcb3-4bb8-8925-8924b7439992 [3mdirection[0m[2m=[0m"NO-A/YES-B" [3mraw_spread[0m[2m=[0m0.0100 [3mbid_a[0m[2m=[0m0.56 [3mask_b[0m[2m=[0m0.5500
[2m2026-04-12T20:33:36.426219Z[0m [34mDEBUG[0m [2mmercury::engine::market_actor[0m[2m:[0m Tick received — running arb detection [3mmarket_id[0m[2m=[0m9046452d-bcb3-4bb8-8925-8924b7439992 [3mplatform[0m[2m=[0mKalshi [3mbid[0m[2m=[0m0.5200 [3mask[0m[2m=[0m0.5500 [3mmid[0m[2m=[0m0.5350 [3mbid_size[0m[2m=[0m25.00 [3mask_size[0m[2m=[0m33.76
[2m2026-04-12T20:33:36.426396Z[0m [34mDEBUG[0m [2mmercury::engine::spread[0m[2m:[0m Evaluated spread direction 2 [3mmarket_id[0m[2m=[0m9046452d-bcb3-4bb8-8925-8924b7439992 [3mdirection[0m[2m=[0m"NO-A/YES-B" [3mraw_spread[0m[2m=[0m0.0100 [3mbid_a[0m[2m=[0m0.56 [3mask_b[0m[2m=[0m0.5500
[2m2026-04-12T20:33:36.426528Z[0m [34mDEBUG[0m [2mmercury::engine::market_actor[0m[2m:[0m Tick received — running arb detection [3mmarket_id[0m[2m=[0m9046452d-bcb3-4bb8-8925-8924b7439992 [3mplatform[0m[2m=[0mKalshi [3mbid[0m[2m=[0m0.5300 [3mask[0m[2m=[0m0.5500 [3mmid[0m[2m=[0m0.5400 [3mbid_size[0m[2m=[0m21.40 [3mask_size[0m[2m=[0m33.76
[2m2026-04-12T20:33:36.426659Z[0m [34mDEBUG[0m [2mmercury::engine::spread[0m[2m:[0m Evaluated spread direction 2 [3mmarket_id[0m[2m=[0m9046452d-bcb3-4bb8-8925-8924b7439992 [3mdirection[0m[2m=[0m"NO-A/YES-B" [3mraw_spread[0m[2m=[0m0.0100 [3mbid_a[0m[2m=[0m0.56 [3mask_b[0m[2m=[0m0.5500
[2m2026-04-12T20:33:36.429888Z[0m [33m WARN[0m [2mmercury::feeds::kalshi[0m[2m:[0m Kalshi sequence gap for KXBTC15M-26APR121645-45: expected 37, got 41. Book may be out of sync.
[2m2026-04-12T20:33:36.430240Z[0m [34mDEBUG[0m [2mmercury::engine::market_actor[0m[2m:[0m Tick received — running arb detection [3mmarket_id[0m[2m=[0m631deb8c-fbb4-489e-818e-ae698f57f50b [3mplatform[0m[2m=[0mKalshi [3mbid[0m[2m=[0m0.6500 [3mask[0m[2m=[0m0.6600 [3mmid[0m[2m=[0m0.6550 [3mbid_size[0m[2m=[0m142.94 [3mask_size[0m[2m=[0m3.00
[2m2026-04-12T20:33:36.430417Z[0m [34mDEBUG[0m [2mmercury::engine::spread[0m[2m:[0m Evaluated spread direction 2 [3mmarket_id[0m[2m=[0m631deb8c-fbb4-489e-818e-ae698f57f50b [3mdirection[0m[2m=[0m"NO-A/YES-B" [3mraw_spread[0m[2m=[0m0.0200 [3mbid_a[0m[2m=[0m0.68 [3mask_b[0m[2m=[0m0.6600
[2m2026-04-12T20:33:36.476649Z[0m [33m WARN[0m [2mmercury::feeds::kalshi[0m[2m:[0m Kalshi sequence gap for KXETH15M-26APR121645-45: expected 41, got 42. Book may be out of sync.
[2m2026-04-12T20:33:36.477188Z[0m [34mDEBUG[0m [2mmercury::engine::market_actor[0m[2m:[0m Tick received — running arb detection [3mmarket_id[0m[2m=[0m9046452d-bcb3-4bb8-8925-8924b7439992 [3mplatform[0m[2m=[0mPolymarket [3mbid[0m[2m=[0m0.56 [3mask[0m[2m=[0m0.57 [3mmid[0m[2m=[0m0.5650 [3mbid_size[0m[2m=[0m171.6 [3mask_size[0m[2m=[0m9.83
[2m2026-04-12T20:33:36.477412Z[0m [34mDEBUG[0m [2mmercury::engine::spread[0m[2m:[0m Evaluated spread direction 2 [3mmarket_id[0m[2m=[0m9046452d-bcb3-4bb8-8925-8924b7439992 [3mdirection[0m[2m=[0m"NO-A/YES-B" [3mraw_spread[0m[2m=[0m0.0100 [3mbid_a[0m[2m=[0m0.56 [3mask_b[0m[2m=[0m0.5500
[2m2026-04-12T20:33:36.477436Z[0m [32m INFO[0m [2mmercury::feeds::discovery[0m[2m:[0m 15m crypto round matched [3masset[0m[2m=[0meth [3mround_start[0m[2m=[0m1776025800 [3mpoly[0m[2m=[0mtrue [3mkalshi[0m[2m=[0mtrue
[2m2026-04-12T20:33:36.477612Z[0m [34mDEBUG[0m [2mmercury::engine::market_actor[0m[2m:[0m Tick received — running arb detection [3mmarket_id[0m[2m=[0m9046452d-bcb3-4bb8-8925-8924b7439992 [3mplatform[0m[2m=[0mKalshi [3mbid[0m[2m=[0m0.5300 [3mask[0m[2m=[0m0.5500 [3mmid[0m[2m=[0m0.5400 [3mbid_size[0m[2m=[0m21.40 [3mask_size[0m[2m=[0m33.76
[2m2026-04-12T20:33:36.477788Z[0m [34mDEBUG[0m [2mmercury::engine::spread[0m[2m:[0m Evaluated spread direction 2 [3mmarket_id[0m[2m=[0m9046452d-bcb3-4bb8-8925-8924b7439992 [3mdirection[0m[2m=[0m"NO-A/YES-B" [3mraw_spread[0m[2m=[0m0.0100 [3mbid_a[0m[2m=[0m0.56 [3mask_b[0m[2m=[0m0.5500
[2m2026-04-12T20:33:36.477972Z[0m [34mDEBUG[0m [2mmercury::engine::market_actor[0m[2m:[0m Tick received — running arb detection [3mmarket_id[0m[2m=[0m9046452d-bcb3-4bb8-8925-8924b7439992 [3mplatform[0m[2m=[0mKalshi [3mbid[0m[2m=[0m0.5300 [3mask[0m[2m=[0m0.5500 [3mmid[0m[2m=[0m0.5400 [3mbid_size[0m[2m=[0m21.40 [3mask_size[0m[2m=[0m33.76
[2m2026-04-12T20:33:36.478150Z[0m [34mDEBUG[0m [2mmercury::engine::spread[0m[2m:[0m Evaluated spread direction 2 [3mmarket_id[0m[2m=[0m9046452d-bcb3-4bb8-8925-8924b7439992 [3mdirection[0m[2m=[0m"NO-A/YES-B" [3mraw_spread[0m[2m=[0m0.0100 [3mbid_a[0m[2m=[0m0.56 [3mask_b[0m[2m=[0m0.5500
[2m2026-04-12T20:33:36.478324Z[0m [34mDEBUG[0m [2mmercury::engine::market_actor[0m[2m:[0m Tick received — running arb detection [3mmarket_id[0m[2m=[0m9046452d-bcb3-4bb8-8925-8924b7439992 [3mplatform[0m[2m=[0mKalshi [3mbid[0m[2m=[0m0.5300 [3mask[0m[2m=[0m0.5500 [3mmid[0m[2m=[0m0.5400 [3mbid_size[0m[2m=[0m21.40 [3mask_size[0m[2m=[0m33.76
[2m2026-04-12T20:33:36.478495Z[0m [34mDEBUG[0m [2mmercury::engine::spread[0m[2m:[0m Evaluated spread direction 2 [3mmarket_id[0m[2m=[0m9046452d-bcb3-4bb8-8925-8924b7439992 [3mdirection[0m[2m=[0m"NO-A/YES-B" [3mraw_spread[0m[2m=[0m0.0100 [3mbid_a[0m[2m=[0m0.56 [3mask_b[0m[2m=[0m0.5500
[2m2026-04-12T20:33:36.478678Z[0m [34mDEBUG[0m [2mmercury::engine::market_actor[0m[2m:[0m Tick received — running arb detection [3mmarket_id[0m[2m=[0m9046452d-bcb3-4bb8-8925-8924b7439992 [3mplatform[0m[2m=[0mPolymarket [3mbid[0m[2m=[0m0.56 [3mask[0m[2m=[0m0.57 [3mmid[0m[2m=[0m0.5650 [3mbid_size[0m[2m=[0m171.6 [3mask_size[0m[2m=[0m9.83
[2m2026-04-12T20:33:36.478846Z[0m [34mDEBUG[0m [2mmercury::engine::spread[0m[2m:[0m Evaluated spread direction 2 [3mmarket_id[0m[2m=[0m9046452d-bcb3-4bb8-8925-8924b7439992 [3mdirection[0m[2m=[0m"NO-A/YES-B" [3mraw_spread[0m[2m=[0m0.0100 [3mbid_a[0m[2m=[0m0.56 [3mask_b[0m[2m=[0m0.5500
[2m2026-04-12T20:33:36.479018Z[0m [34mDEBUG[0m [2mmercury::engine::market_actor[0m[2m:[0m Tick received — running arb detection [3mmarket_id[0m[2m=[0m9046452d-bcb3-4bb8-8925-8924b7439992 [3mplatform[0m[2m=[0mKalshi [3mbid[0m[2m=[0m0.5300 [3mask[0m[2m=[0m0.5500 [3mmid[0m[2m=[0m0.5400 [3mbid_size[0m[2m=[0m21.40 [3mask_size[0m[2m=[0m33.76
[2m2026-04-12T20:33:36.479190Z[0m [34mDEBUG[0m [2mmercury::engine::spread[0m[2m:[0m Evaluated spread direction 2 [3mmarket_id[0m[2m=[0m9046452d-bcb3-4bb8-8925-8924b7439992 [3mdirection[0m[2m=[0m"NO-A/YES-B" [3mraw_spread[0m[2m=[0m0.0100 [3mbid_a[0m[2m=[0m0.56 [3mask_b[0m[2m=[0m0.5500
[2m2026-04-12T20:33:36.479361Z[0m [34mDEBUG[0m [2mmercury::engine::market_actor[0m[2m:[0m Tick received — running arb detection [3mmarket_id[0m[2m=[0m9046452d-bcb3-4bb8-8925-8924b7439992 [3mplatform[0m[2m=[0mKalshi [3mbid[0m[2m=[0m0.5300 [3mask[0m[2m=[0m0.5500 [3mmid[0m[2m=[0m0.5400 [3mbid_size[0m[2m=[0m46.40 [3mask_size[0m[2m=[0m33.76
[2m2026-04-12T20:33:36.479533Z[0m [34mDEBUG[0m [2mmercury::engine::spread[0m[2m:[0m Evaluated spread direction 2 [3mmarket_id[0m[2m=[0m9046452d-bcb3-4bb8-8925-8924b7439992 [3mdirection[0m[2m=[0m"NO-A/YES-B" [3mraw_spread[0m[2m=[0m0.0100 [3mbid_a[0m[2m=[0m0.56 [3mask_b[0m[2m=[0m0.5500
[2m2026-04-12T20:33:36.526844Z[0m [34mDEBUG[0m [2mmercury::engine::market_actor[0m[2m:[0m Tick received — running arb detection [3mmarket_id[0m[2m=[0m9046452d-bcb3-4bb8-8925-8924b7439992 [3mplatform[0m[2m=[0mKalshi [3mbid[0m[2m=[0m0.5300 [3mask[0m[2m=[0m0.5500 [3mmid[0m[2m=[0m0.5400 [3mbid_size[0m[2m=[0m46.40 [3mask_size[0m[2m=[0m23.76
[2m2026-04-12T20:33:36.527231Z[0m [34mDEBUG[0m [2mmercury::engine::spread[0m[2m:[0m Evaluated spread direction 2 [3mmarket_id[0m[2m=[0m9046452d-bcb3-4bb8-8925-8924b7439992 [3mdirection[0m[2m=[0m"NO-A/YES-B" [3mraw_spread[0m[2m=[0m0.0100 [3mbid_a[0m[2m=[0m0.56 [3mask_b[0m[2m=[0m0.5500
[2m2026-04-12T20:33:36.528608Z[0m [33m WARN[0m [2mmercury::feeds::kalshi[0m[2m:[0m Kalshi sequence gap for KXBTC15M-26APR121645-45: expected 42, got 48. Book may be out of sync.
[2m2026-04-12T20:33:36.529201Z[0m [34mDEBUG[0m [2mmercury::engine::market_actor[0m[2m:[0m Tick received — running arb detection [3mmarket_id[0m[2m=[0m631deb8c-fbb4-489e-818e-ae698f57f50b [3mplatform[0m[2m=[0mKalshi [3mbid[0m[2m=[0m0.6500 [3mask[0m[2m=[0m0.6600 [3mmid[0m[2m=[0m0.6550 [3mbid_size[0m[2m=[0m142.94 [3mask_size[0m[2m=[0m3.00
[2m2026-04-12T20:33:36.529544Z[0m [34mDEBUG[0m [2mmercury::engine::spread[0m[2m:[0m Evaluated spread direction 2 [3mmarket_id[0m[2m=[0m631deb8c-fbb4-489e-818e-ae698f57f50b [3mdirection[0m[2m=[0m"NO-A/YES-B" [3mraw_spread[0m[2m=[0m0.0200 [3mbid_a[0m[2m=[0m0.68 [3mask_b[0m[2m=[0m0.6600
[2m2026-04-12T20:33:36.532061Z[0m [34mDEBUG[0m [2mmercury::engine::market_actor[0m[2m:[0m Tick received — running arb detection [3mmarket_id[0m[2m=[0m9046452d-bcb3-4bb8-8925-8924b7439992 [3mplatform[0m[2m=[0mPolymarket [3mbid[0m[2m=[0m0.56 [3mask[0m[2m=[0m0.57 [3mmid[0m[2m=[0m0.5650 [3mbid_size[0m[2m=[0m171.6 [3mask_size[0m[2m=[0m9.83
[2m2026-04-12T20:33:36.532309Z[0m [34mDEBUG[0m [2mmercury::engine::spread[0m[2m:[0m Evaluated spread direction 2 [3mmarket_id[0m[2m=[0m9046452d-bcb3-4bb8-8925-8924b7439992 [3mdirection[0m[2m=[0m"NO-A/YES-B" [3mraw_spread[0m[2m=[0m0.0100 [3mbid_a[0m[2m=[0m0.56 [3mask_b[0m[2m=[0m0.5500
[2m2026-04-12T20:33:36.532506Z[0m [34mDEBUG[0m [2mmercury::engine::market_actor[0m[2m:[0m Tick received — running arb detection [3mmarket_id[0m[2m=[0m9046452d-bcb3-4bb8-8925-8924b7439992 [3mplatform[0m[2m=[0mPolymarket [3mbid[0m[2m=[0m0.56 [3mask[0m[2m=[0m0.57 [3mmid[0m[2m=[0m0.5650 [3mbid_size[0m[2m=[0m171.6 [3mask_size[0m[2m=[0m9.83
[2m2026-04-12T20:33:36.532677Z[0m [34mDEBUG[0m [2mmercury::engine::spread[0m[2m:[0m Evaluated spread direction 2 [3mmarket_id[0m[2m=[0m9046452d-bcb3-4bb8-8925-8924b7439992 [3mdirection[0m[2m=[0m"NO-A/YES-B" [3mraw_spread[0m[2m=[0m0.0100 [3mbid_a[0m[2m=[0m0.56 [3mask_b[0m[2m=[0m0.5500
[2m2026-04-12T20:33:36.532860Z[0m [34mDEBUG[0m [2mmercury::engine::market_actor[0m[2m:[0m Tick received — running arb detection [3mmarket_id[0m[2m=[0m9046452d-bcb3-4bb8-8925-8924b7439992 [3mplatform[0m[2m=[0mPolymarket [3mbid[0m[2m=[0m0.56 [3mask[0m[2m=[0m0.57 [3mmid[0m[2m=[0m0.5650 [3mbid_size[0m[2m=[0m171.6 [3mask_size[0m[2m=[0m9.83
[2m2026-04-12T20:33:36.533034Z[0m [34mDEBUG[0m [2mmercury::engine::spread[0m[2m:[0m Evaluated spread direction 2 [3mmarket_id[0m[2m=[0m9046452d-bcb3-4bb8-8925-8924b7439992 [3mdirection[0m[2m=[0m"NO-A/YES-B" [3mraw_spread[0m[2m=[0m0.0100 [3mbid_a[0m[2m=[0m0.56 [3mask_b[0m[2m=[0m0.5500
[2m2026-04-12T20:33:36.533215Z[0m [34mDEBUG[0m [2mmercury::engine::market_actor[0m[2m:[0m Tick received — running arb detection [3mmarket_id[0m[2m=[0m9046452d-bcb3-4bb8-8925-8924b7439992 [3mplatform[0m[2m=[0mPolymarket [3mbid[0m[2m=[0m0.56 [3mask[0m[2m=[0m0.57 [3mmid[0m[2m=[0m0.5650 [3mbid_size[0m[2m=[0m171.6 [3mask_size[0m[2m=[0m9.83
[2m2026-04-12T20:33:36.533382Z[0m [34mDEBUG[0m [2mmercury::engine::spread[0m[2m:[0m Evaluated spread direction 2 [3mmarket_id[0m[2m=[0m9046452d-bcb3-4bb8-8925-8924b7439992 [3mdirection[0m[2m=[0m"NO-A/YES-B" [3mraw_spread[0m[2m=[0m0.0100 [3mbid_a[0m[2m=[0m0.56 [3mask_b[0m[2m=[0m0.5500
[2m2026-04-12T20:33:36.579058Z[0m [34mDEBUG[0m [2mmercury::engine::market_actor[0m[2m:[0m Tick received — running arb detection [3mmarket_id[0m[2m=[0m631deb8c-fbb4-489e-818e-ae698f57f50b [3mplatform[0m[2m=[0mKalshi [3mbid[0m[2m=[0m0.6500 [3mask[0m[2m=[0m0.6600 [3mmid[0m[2m=[0m0.6550 [3mbid_size[0m[2m=[0m95.94 [3mask_size[0m[2m=[0m3.00
[2m2026-04-12T20:33:36.579241Z[0m [32m INFO[0m [2mmercury::monitoring::gas_oracle[0m[2m:[0m MATIC/USD price updated [3mmatic_usd[0m[2m=[0m0.10 [3mprev[0m[2m=[0m0.50
[2m2026-04-12T20:33:36.579433Z[0m [34mDEBUG[0m [2mmercury::engine::spread[0m[2m:[0m Evaluated spread direction 2 [3mmarket_id[0m[2m=[0m631deb8c-fbb4-489e-818e-ae698f57f50b [3mdirection[0m[2m=[0m"NO-A/YES-B" [3mraw_spread[0m[2m=[0m0.0200 [3mbid_a[0m[2m=[0m0.68 [3mask_b[0m[2m=[0m0.6600
[2m2026-04-12T20:33:36.579637Z[0m [34mDEBUG[0m [2mmercury::engine::market_actor[0m[2m:[0m Tick received — running arb detection [3mmarket_id[0m[2m=[0m631deb8c-fbb4-489e-818e-ae698f57f50b [3mplatform[0m[2m=[0mPolymarket [3mbid[0m[2m=[0m0.68 [3mask[0m[2m=[0m0.69 [3mmid[0m[2m=[0m0.6850 [3mbid_size[0m[2m=[0m96.46 [3mask_size[0m[2m=[0m53
[2m2026-04-12T20:33:36.579658Z[0m [34mDEBUG[0m [2mmercury[0m[2m:[0m Gas parameters updated [3mgwei[0m[2m=[0m189 [3mmatic_usd[0m[2m=[0m0.10
[2m2026-04-12T20:33:36.579816Z[0m [34mDEBUG[0m [2mmercury::engine::spread[0m[2m:[0m Evaluated spread direction 2 [3mmarket_id[0m[2m=[0m631deb8c-fbb4-489e-818e-ae698f57f50b [3mdirection[0m[2m=[0m"NO-A/YES-B" [3mraw_spread[0m[2m=[0m0.0200 [3mbid_a[0m[2m=[0m0.68 [3mask_b[0m[2m=[0m0.6600
[2m2026-04-12T20:33:36.579996Z[0m [34mDEBUG[0m [2mmercury::engine::market_actor[0m[2m:[0m Tick received — running arb detection [3mmarket_id[0m[2m=[0m631deb8c-fbb4-489e-818e-ae698f57f50b [3mplatform[0m[2m=[0mKalshi [3mbid[0m[2m=[0m0.6500 [3mask[0m[2m=[0m0.6600 [3mmid[0m[2m=[0m0.6550 [3mbid_size[0m[2m=[0m95.94 [3mask_size[0m[2m=[0m3.00
[2m2026-04-12T20:33:36.580168Z[0m [34mDEBUG[0m [2mmercury::engine::spread[0m[2m:[0m Evaluated spread direction 2 [3mmarket_id[0m[2m=[0m631deb8c-fbb4-489e-818e-ae698f57f50b [3mdirection[0m[2m=[0m"NO-A/YES-B" [3mraw_spread[0m[2m=[0m0.0200 [3mbid_a[0m[2m=[0m0.68 [3mask_b[0m[2m=[0m0.6600
[2m2026-04-12T20:33:36.580340Z[0m [34mDEBUG[0m [2mmercury::engine::market_actor[0m[2m:[0m Tick received — running arb detection [3mmarket_id[0m[2m=[0m631deb8c-fbb4-489e-818e-ae698f57f50b [3mplatform[0m[2m=[0mKalshi [3mbid[0m[2m=[0m0.6500 [3mask[0m[2m=[0m0.6600 [3mmid[0m[2m=[0m0.6550 [3mbid_size[0m[2m=[0m95.94 [3mask_size[0m[2m=[0m3.00
[2m2026-04-12T20:33:36.580511Z[0m [34mDEBUG[0m [2mmercury::engine::spread[0m[2m:[0m Evaluated spread direction 2 [3mmarket_id[0m[2m=[0m631deb8c-fbb4-489e-818e-ae698f57f50b [3mdirection[0m[2m=[0m"NO-A/YES-B" [3mraw_spread[0m[2m=[0m0.0200 [3mbid_a[0m[2m=[0m0.68 [3mask_b[0m[2m=[0m0.6600
[2m2026-04-12T20:33:36.580691Z[0m [34mDEBUG[0m [2mmercury::engine::market_actor[0m[2m:[0m Tick received — running arb detection [3mmarket_id[0m[2m=[0m631deb8c-fbb4-489e-818e-ae698f57f50b [3mplatform[0m[2m=[0mPolymarket [3mbid[0m[2m=[0m0.68 [3mask[0m[2m=[0m0.69 [3mmid[0m[2m=[0m0.6850 [3mbid_size[0m[2m=[0m96.46 [3mask_size[0m[2m=[0m53
[2m2026-04-12T20:33:36.580861Z[0m [34mDEBUG[0m [2mmercury::engine::spread[0m[2m:[0m Evaluated spread direction 2 [3mmarket_id[0m[2m=[0m631deb8c-fbb4-489e-818e-ae698f57f50b [3mdirection[0m[2m=[0m"NO-A/YES-B" [3mraw_spread[0m[2m=[0m0.0200 [3mbid_a[0m[2m=[0m0.68 [3mask_b[0m[2m=[0m0.6600
[2m2026-04-12T20:33:36.581032Z[0m [34mDEBUG[0m [2mmercury::engine::market_actor[0m[2m:[0m Tick received — running arb detection [3mmarket_id[0m[2m=[0m631deb8c-fbb4-489e-818e-ae698f57f50b [3mplatform[0m[2m=[0mKalshi [3mbid[0m[2m=[0m0.6500 [3mask[0m[2m=[0m0.6600 [3mmid[0m[2m=[0m0.6550 [3mbid_size[0m[2m=[0m95.94 [3mask_size[0m[2m=[0m3.00
[2m2026-04-12T20:33:36.581201Z[0m [34mDEBUG[0m [2mmercury::engine::spread[0m[2m:[0m Evaluated spread direction 2 [3mmarket_id[0m[2m=[0m631deb8c-fbb4-489e-818e-ae698f57f50b [3mdirection[0m[2m=[0m"NO-A/YES-B" [3mraw_spread[0m[2m=[0m0.0200 [3mbid_a[0m[2m=[0m0.68 [3mask_b[0m[2m=[0m0.6600
[2m2026-04-12T20:33:36.581383Z[0m [34mDEBUG[0m [2mmercury::engine::market_actor[0m[2m:[0m Tick received — running arb detection [3mmarket_id[0m[2m=[0m631deb8c-fbb4-489e-818e-ae698f57f50b [3mplatform[0m[2m=[0mPolymarket [3mbid[0m[2m=[0m0.68 [3mask[0m[2m=[0m0.69 [3mmid[0m[2m=[0m0.6850 [3mbid_size[0m[2m=[0m96.46 [3mask_size[0m[2m=[0m53
[2m2026-04-12T20:33:36.581549Z[0m [34mDEBUG[0m [2mmercury::engine::spread[0m[2m:[0m Evaluated spread direction 2 [3mmarket_id[0m[2m=[0m631deb8c-fbb4-489e-818e-ae698f57f50b [3mdirection[0m[2m=[0m"NO-A/YES-B" [3mraw_spread[0m[2m=[0m0.0200 [3mbid_a[0m[2m=[0m0.68 [3mask_b[0m[2m=[0m0.6600
[2m2026-04-12T20:33:36.581726Z[0m [34mDEBUG[0m [2mmercury::engine::market_actor[0m[2m:[0m Tick received — running arb detection [3mmarket_id[0m[2m=[0m631deb8c-fbb4-489e-818e-ae698f57f50b [3mplatform[0m[2m=[0mPolymarket [3mbid[0m[2m=[0m0.68 [3mask[0m[2m=[0m0.69 [3mmid[0m[2m=[0m0.6850 [3mbid_size[0m[2m=[0m96.46 [3mask_size[0m[2m=[0m53
[2m2026-04-12T20:33:36.581892Z[0m [34mDEBUG[0m [2mmercury::engine::spread[0m[2m:[0m Evaluated spread direction 2 [3mmarket_id[0m[2m=[0m631deb8c-fbb4-489e-818e-ae698f57f50b [3mdirection[0m[2m=[0m"NO-A/YES-B" [3mraw_spread[0m[2m=[0m0.0200 [3mbid_a[0m[2m=[0m0.68 [3mask_b[0m[2m=[0m0.6600
[2m2026-04-12T20:33:36.629020Z[0m [34mDEBUG[0m [2mmercury::feeds::polymarket[0m[2m:[0m Unknown Polymarket event type [3mevent_type[0m[2m=[0mnew_market
[2m2026-04-12T20:33:36.629020Z[0m [34mDEBUG[0m [2mmercury::engine::market_actor[0m[2m:[0m Tick received — running arb detection [3mmarket_id[0m[2m=[0m631deb8c-fbb4-489e-818e-ae698f57f50b [3mplatform[0m[2m=[0mPolymarket [3mbid[0m[2m=[0m0.68 [3mask[0m[2m=[0m0.69 [3mmid[0m[2m=[0m0.6850 [3mbid_size[0m[2m=[0m96.46 [3mask_size[0m[2m=[0m53
[2m2026-04-12T20:33:36.629356Z[0m [34mDEBUG[0m [2mmercury::engine::spread[0m[2m:[0m Evaluated spread direction 2 [3mmarket_id[0m[2m=[0m631deb8c-fbb4-489e-818e-ae698f57f50b [3mdirection[0m[2m=[0m"NO-A/YES-B" [3mraw_spread[0m[2m=[0m0.0200 [3mbid_a[0m[2m=[0m0.68 [3mask_b[0m[2m=[0m0.6600
[2m2026-04-12T20:33:36.629562Z[0m [34mDEBUG[0m [2mmercury::engine::market_actor[0m[2m:[0m Tick received — running arb detection [3mmarket_id[0m[2m=[0m631deb8c-fbb4-489e-818e-ae698f57f50b [3mplatform[0m[2m=[0mPolymarket [3mbid[0m[2m=[0m0.68 [3mask[0m[2m=[0m0.69 [3mmid[0m[2m=[0m0.6850 [3mbid_size[0m[2m=[0m96.46 [3mask_size[0m[2m=[0m53
[2m2026-04-12T20:33:36.629734Z[0m [34mDEBUG[0m [2mmercury::engine::spread[0m[2m:[0m Evaluated spread direction 2 [3mmarket_id[0m[2m=[0m631deb8c-fbb4-489e-818e-ae698f57f50b [3mdirection[0m[2m=[0m"NO-A/YES-B" [3mraw_spread[0m[2m=[0m0.0200 [3mbid_a[0m[2m=[0m0.68 [3mask_b[0m[2m=[0m0.6600
[2m2026-04-12T20:33:36.629837Z[0m [34mDEBUG[0m [2mmercury::engine::market_actor[0m[2m:[0m Tick received — running arb detection [3mmarket_id[0m[2m=[0m9046452d-bcb3-4bb8-8925-8924b7439992 [3mplatform[0m[2m=[0mPolymarket [3mbid[0m[2m=[0m0.56 [3mask[0m[2m=[0m0.57 [3mmid[0m[2m=[0m0.5650 [3mbid_size[0m[2m=[0m171.6 [3mask_size[0m[2m=[0m9.83
[2m2026-04-12T20:33:36.630042Z[0m [34mDEBUG[0m [2mmercury::engine::spread[0m[2m:[0m Evaluated spread direction 2 [3mmarket_id[0m[2m=[0m9046452d-bcb3-4bb8-8925-8924b7439992 [3mdirection[0m[2m=[0m"NO-A/YES-B" [3mraw_spread[0m[2m=[0m0.0100 [3mbid_a[0m[2m=[0m0.56 [3mask_b[0m[2m=[0m0.5500
[2m2026-04-12T20:33:36.630242Z[0m [34mDEBUG[0m [2mmercury::engine::market_actor[0m[2m:[0m Tick received — running arb detection [3mmarket_id[0m[2m=[0m9046452d-bcb3-4bb8-8925-8924b7439992 [3mplatform[0m[2m=[0mPolymarket [3mbid[0m[2m=[0m0.56 [3mask[0m[2m=[0m0.57 [3mmid[0m[2m=[0m0.5650 [3mbid_size[0m[2m=[0m171.6 [3mask_size[0m[2m=[0m9.83
[2m2026-04-12T20:33:36.630413Z[0m [34mDEBUG[0m [2mmercury::engine::spread[0m[2m:[0m Evaluated spread direction 2 [3mmarket_id[0m[2m=[0m9046452d-bcb3-4bb8-8925-8924b7439992 [3mdirection[0m[2m=[0m"NO-A/YES-B" [3mraw_spread[0m[2m=[0m0.0100 [3mbid_a[0m[2m=[0m0.56 [3mask_b[0m[2m=[0m0.5500
[2m2026-04-12T20:33:36.633579Z[0m [34mDEBUG[0m [2mmercury::engine::market_actor[0m[2m:[0m Tick received — running arb detection [3mmarket_id[0m[2m=[0m631deb8c-fbb4-489e-818e-ae698f57f50b [3mplatform[0m[2m=[0mKalshi [3mbid[0m[2m=[0m0.6500 [3mask[0m[2m=[0m0.6600 [3mmid[0m[2m=[0m0.6550 [3mbid_size[0m[2m=[0m95.94 [3mask_size[0m[2m=[0m3.00
[2m2026-04-12T20:33:36.633814Z[0m [34mDEBUG[0m [2mmercury::engine::spread[0m[2m:[0m Evaluated spread direction 2 [3mmarket_id[0m[2m=[0m631deb8c-fbb4-489e-818e-ae698f57f50b [3mdirection[0m[2m=[0m"NO-A/YES-B" [3mraw_spread[0m[2m=[0m0.0200 [3mbid_a[0m[2m=[0m0.68 [3mask_b[0m[2m=[0m0.6600
[2m2026-04-12T20:33:36.659286Z[0m [34mDEBUG[0m [2mmercury::engine::market_actor[0m[2m:[0m Tick received — running arb detection [3mmarket_id[0m[2m=[0m631deb8c-fbb4-489e-818e-ae698f57f50b [3mplatform[0m[2m=[0mPolymarket [3mbid[0m[2m=[0m0.68 [3mask[0m[2m=[0m0.69 [3mmid[0m[2m=[0m0.6850 [3mbid_size[0m[2m=[0m96.46 [3mask_size[0m[2m=[0m53
[2m2026-04-12T20:33:36.659544Z[0m [34mDEBUG[0m [2mmercury::engine::spread[0m[2m:[0m Evaluated spread direction 2 [3mmarket_id[0m[2m=[0m631deb8c-fbb4-489e-818e-ae698f57f50b [3mdirection[0m[2m=[0m"NO-A/YES-B" [3mraw_spread[0m[2m=[0m0.0200 [3mbid_a[0m[2m=[0m0.68 [3mask_b[0m[2m=[0m0.6600
[2m2026-04-12T20:33:36.660341Z[0m [34mDEBUG[0m [2mmercury::engine::market_actor[0m[2m:[0m Tick received — running arb detection [3mmarket_id[0m[2m=[0m631deb8c-fbb4-489e-818e-ae698f57f50b [3mplatform[0m[2m=[0mPolymarket [3mbid[0m[2m=[0m0.68 [3mask[0m[2m=[0m0.69 [3mmid[0m[2m=[0m0.6850 [3mbid_size[0m[2m=[0m96.46 [3mask_size[0m[2m=[0m53
[2m2026-04-12T20:33:36.660542Z[0m [34mDEBUG[0m [2mmercury::engine::spread[0m[2m:[0m Evaluated spread direction 2 [3mmarket_id[0m[2m=[0m631deb8c-fbb4-489e-818e-ae698f57f50b [3mdirection[0m[2m=[0m"NO-A/YES-B" [3mraw_spread[0m[2m=[0m0.0200 [3mbid_a[0m[2m=[0m0.68 [3mask_b[0m[2m=[0m0.6600
[2m2026-04-12T20:33:36.667917Z[0m [34mDEBUG[0m [2mmercury::engine::market_actor[0m[2m:[0m Tick received — running arb detection [3mmarket_id[0m[2m=[0m631deb8c-fbb4-489e-818e-ae698f57f50b [3mplatform[0m[2m=[0mKalshi [3mbid[0m[2m=[0m0.6500 [3mask[0m[2m=[0m0.6700 [3mmid[0m[2m=[0m0.6600 [3mbid_size[0m[2m=[0m95.94 [3mask_size[0m[2m=[0m175.00
[2m2026-04-12T20:33:36.668176Z[0m [34mDEBUG[0m [2mmercury::engine::spread[0m[2m:[0m Evaluated spread direction 2 [3mmarket_id[0m[2m=[0m631deb8c-fbb4-489e-818e-ae698f57f50b [3mdirection[0m[2m=[0m"NO-A/YES-B" [3mraw_spread[0m[2m=[0m0.0100 [3mbid_a[0m[2m=[0m0.68 [3mask_b[0m[2m=[0m0.6700
[2m2026-04-12T20:33:36.668379Z[0m [34mDEBUG[0m [2mmercury::engine::market_actor[0m[2m:[0m Tick received — running arb detection [3mmarket_id[0m[2m=[0m631deb8c-fbb4-489e-818e-ae698f57f50b [3mplatform[0m[2m=[0mPolymarket [3mbid[0m[2m=[0m0.68 [3mask[0m[2m=[0m0.69 [3mmid[0m[2m=[0m0.6850 [3mbid_size[0m[2m=[0m96.46 [3mask_size[0m[2m=[0m53
[2m2026-04-12T20:33:36.668551Z[0m [34mDEBUG[0m [2mmercury::engine::spread[0m[2m:[0m Evaluated spread direction 2 [3mmarket_id[0m[2m=[0m631deb8c-fbb4-489e-818e-ae698f57f50b [3mdirection[0m[2m=[0m"NO-A/YES-B" [3mraw_spread[0m[2m=[0m0.0100 [3mbid_a[0m[2m=[0m0.68 [3mask_b[0m[2m=[0m0.6700
[2m2026-04-12T20:33:36.668732Z[0m [34mDEBUG[0m [2mmercury::engine::market_actor[0m[2m:[0m Tick received — running arb detection [3mmarket_id[0m[2m=[0m631deb8c-fbb4-489e-818e-ae698f57f50b [3mplatform[0m[2m=[0mKalshi [3mbid[0m[2m=[0m0.6500 [3mask[0m[2m=[0m0.6700 [3mmid[0m[2m=[0m0.6600 [3mbid_size[0m[2m=[0m95.94 [3mask_size[0m[2m=[0m178.00
[2m2026-04-12T20:33:36.668908Z[0m [34mDEBUG[0m [2mmercury::engine::spread[0m[2m:[0m Evaluated spread direction 2 [3mmarket_id[0m[2m=[0m631deb8c-fbb4-489e-818e-ae698f57f50b [3mdirection[0m[2m=[0m"NO-A/YES-B" [3mraw_spread[0m[2m=[0m0.0100 [3mbid_a[0m[2m=[0m0.68 [3mask_b[0m[2m=[0m0.6700
[2m2026-04-12T20:33:36.669102Z[0m [34mDEBUG[0m [2mmercury::engine::market_actor[0m[2m:[0m Tick received — running arb detection [3mmarket_id[0m[2m=[0m631deb8c-fbb4-489e-818e-ae698f57f50b [3mplatform[0m[2m=[0mPolymarket [3mbid[0m[2m=[0m0.68 [3mask[0m[2m=[0m0.69 [3mmid[0m[2m=[0m0.6850 [3mbid_size[0m[2m=[0m96.46 [3mask_size[0m[2m=[0m53
[2m2026-04-12T20:33:36.669278Z[0m [34mDEBUG[0m [2mmercury::engine::spread[0m[2m:[0m Evaluated spread direction 2 [3mmarket_id[0m[2m=[0m631deb8c-fbb4-489e-818e-ae698f57f50b [3mdirection[0m[2m=[0m"NO-A/YES-B" [3mraw_spread[0m[2m=[0m0.0100 [3mbid_a[0m[2m=[0m0.68 [3mask_b[0m[2m=[0m0.6700
[2m2026-04-12T20:33:36.674504Z[0m [34mDEBUG[0m [2mmercury::engine::market_actor[0m[2m:[0m Tick received — running arb detection [3mmarket_id[0m[2m=[0m631deb8c-fbb4-489e-818e-ae698f57f50b [3mplatform[0m[2m=[0mKalshi [3mbid[0m[2m=[0m0.6500 [3mask[0m[2m=[0m0.6700 [3mmid[0m[2m=[0m0.6600 [3mbid_size[0m[2m=[0m95.94 [3mask_size[0m[2m=[0m178.00
[2m2026-04-12T20:33:36.674672Z[0m [34mDEBUG[0m [2mmercury::engine::spread[0m[2m:[0m Evaluated spread direction 2 [3mmarket_id[0m[2m=[0m631deb8c-fbb4-489e-818e-ae698f57f50b [3mdirection[0m[2m=[0m"NO-A/YES-B" [3mraw_spread[0m[2m=[0m0.0100 [3mbid_a[0m[2m=[0m0.68 [3mask_b[0m[2m=[0m0.6700
[2m2026-04-12T20:33:36.680819Z[0m [34mDEBUG[0m [2mmercury::engine::market_actor[0m[2m:[0m Tick received — running arb detection [3mmarket_id[0m[2m=[0m9046452d-bcb3-4bb8-8925-8924b7439992 [3mplatform[0m[2m=[0mPolymarket [3mbid[0m[2m=[0m0.56 [3mask[0m[2m=[0m0.57 [3mmid[0m[2m=[0m0.5650 [3mbid_size[0m[2m=[0m171.6 [3mask_size[0m[2m=[0m9.83
[2m2026-04-12T20:33:36.681175Z[0m [34mDEBUG[0m [2mmercury::engine::spread[0m[2m:[0m Evaluated spread direction 2 [3mmarket_id[0m[2m=[0m9046452d-bcb3-4bb8-8925-8924b7439992 [3mdirection[0m[2m=[0m"NO-A/YES-B" [3mraw_spread[0m[2m=[0m0.0100 [3mbid_a[0m[2m=[0m0.56 [3mask_b[0m[2m=[0m0.5500
[2m2026-04-12T20:33:36.681496Z[0m [34mDEBUG[0m [2mmercury::engine::market_actor[0m[2m:[0m Tick received — running arb detection [3mmarket_id[0m[2m=[0m9046452d-bcb3-4bb8-8925-8924b7439992 [3mplatform[0m[2m=[0mPolymarket [3mbid[0m[2m=[0m0.56 [3mask[0m[2m=[0m0.57 [3mmid[0m[2m=[0m0.5650 [3mbid_size[0m[2m=[0m171.6 [3mask_size[0m[2m=[0m9.83
[2m2026-04-12T20:33:36.681772Z[0m [34mDEBUG[0m [2mmercury::engine::spread[0m[2m:[0m Evaluated spread direction 2 [3mmarket_id[0m[2m=[0m9046452d-bcb3-4bb8-8925-8924b7439992 [3mdirection[0m[2m=[0m"NO-A/YES-B" [3mraw_spread[0m[2m=[0m0.0100 [3mbid_a[0m[2m=[0m0.56 [3mask_b[0m[2m=[0m0.5500
[2m2026-04-12T20:33:36.691940Z[0m [34mDEBUG[0m [2mmercury::engine::market_actor[0m[2m:[0m Tick received — running arb detection [3mmarket_id[0m[2m=[0m631deb8c-fbb4-489e-818e-ae698f57f50b [3mplatform[0m[2m=[0mKalshi [3mbid[0m[2m=[0m0.6500 [3mask[0m[2m=[0m0.6700 [3mmid[0m[2m=[0m0.6600 [3mbid_size[0m[2m=[0m95.94 [3mask_size[0m[2m=[0m178.00
[2m2026-04-12T20:33:36.692212Z[0m [34mDEBUG[0m [2mmercury::engine::spread[0m[2m:[0m Evaluated spread direction 2 [3mmarket_id[0m[2m=[0m631deb8c-fbb4-489e-818e-ae698f57f50b [3mdirection[0m[2m=[0m"NO-A/YES-B" [3mraw_spread[0m[2m=[0m0.0100 [3mbid_a[0m[2m=[0m0.68 [3mask_b[0m[2m=[0m0.6700
[2m2026-04-12T20:33:36.729786Z[0m [34mDEBUG[0m [2mmercury::engine::market_actor[0m[2m:[0m Tick received — running arb detection [3mmarket_id[0m[2m=[0m631deb8c-fbb4-489e-818e-ae698f57f50b [3mplatform[0m[2m=[0mKalshi [3mbid[0m[2m=[0m0.6500 [3mask[0m[2m=[0m0.6700 [3mmid[0m[2m=[0m0.6600 [3mbid_size[0m[2m=[0m95.94 [3mask_size[0m[2m=[0m18.00
[2m2026-04-12T20:33:36.730004Z[0m [34mDEBUG[0m [2mmercury::engine::spread[0m[2m:[0m Evaluated spread direction 2 [3mmarket_id[0m[2m=[0m631deb8c-fbb4-489e-818e-ae698f57f50b [3mdirection[0m[2m=[0m"NO-A/YES-B" [3mraw_spread[0m[2m=[0m0.0100 [3mbid_a[0m[2m=[0m0.68 [3mask_b[0m[2m=[0m0.6700
[2m2026-04-12T20:33:36.730154Z[0m [34mDEBUG[0m [2mmercury::engine::market_actor[0m[2m:[0m Tick received — running arb detection [3mmarket_id[0m[2m=[0m631deb8c-fbb4-489e-818e-ae698f57f50b [3mplatform[0m[2m=[0mKalshi [3mbid[0m[2m=[0m0.6500 [3mask[0m[2m=[0m0.6700 [3mmid[0m[2m=[0m0.6600 [3mbid_size[0m[2m=[0m95.94 [3mask_size[0m[2m=[0m18.00
[2m2026-04-12T20:33:36.730290Z[0m [34mDEBUG[0m [2mmercury::engine::spread[0m[2m:[0m Evaluated spread direction 2 [3mmarket_id[0m[2m=[0m631deb8c-fbb4-489e-818e-ae698f57f50b [3mdirection[0m[2m=[0m"NO-A/YES-B" [3mraw_spread[0m[2m=[0m0.0100 [3mbid_a[0m[2m=[0m0.68 [3mask_b[0m[2m=[0m0.6700
[2m2026-04-12T20:33:36.739895Z[0m [34mDEBUG[0m [2mmercury::engine::market_actor[0m[2m:[0m Tick received — running arb detection [3mmarket_id[0m[2m=[0m631deb8c-fbb4-489e-818e-ae698f57f50b [3mplatform[0m[2m=[0mPolymarket [3mbid[0m[2m=[0m0.68 [3mask[0m[2m=[0m0.69 [3mmid[0m[2m=[0m0.6850 [3mbid_size[0m[2m=[0m96.46 [3mask_size[0m[2m=[0m53
[2m2026-04-12T20:33:36.740160Z[0m [34mDEBUG[0m [2mmercury::engine::spread[0m[2m:[0m Evaluated spread direction 2 [3mmarket_id[0m[2m=[0m631deb8c-fbb4-489e-818e-ae698f57f50b [3mdirection[0m[2m=[0m"NO-A/YES-B" [3mraw_spread[0m[2m=[0m0.0100 [3mbid_a[0m[2m=[0m0.68 [3mask_b[0m[2m=[0m0.6700
[2m2026-04-12T20:33:36.740359Z[0m [34mDEBUG[0m [2mmercury::engine::market_actor[0m[2m:[0m Tick received — running arb detection [3mmarket_id[0m[2m=[0m631deb8c-fbb4-489e-818e-ae698f57f50b [3mplatform[0m[2m=[0mPolymarket [3mbid[0m[2m=[0m0.68 [3mask[0m[2m=[0m0.69 [3mmid[0m[2m=[0m0.6850 [3mbid_size[0m[2m=[0m96.46 [3mask_size[0m[2m=[0m53
[2m2026-04-12T20:33:36.740529Z[0m [34mDEBUG[0m [2mmercury::engine::spread[0m[2m:[0m Evaluated spread direction 2 [3mmarket_id[0m[2m=[0m631deb8c-fbb4-489e-818e-ae698f57f50b [3mdirection[0m[2m=[0m"NO-A/YES-B" [3mraw_spread[0m[2m=[0m0.0100 [3mbid_a[0m[2m=[0m0.68 [3mask_b[0m[2m=[0m0.6700
[2m2026-04-12T20:33:36.740709Z[0m [34mDEBUG[0m [2mmercury::engine::market_actor[0m[2m:[0m Tick received — running arb detection [3mmarket_id[0m[2m=[0m631deb8c-fbb4-489e-818e-ae698f57f50b [3mplatform[0m[2m=[0mPolymarket [3mbid[0m[2m=[0m0.68 [3mask[0m[2m=[0m0.69 [3mmid[0m[2m=[0m0.6850 [3mbid_size[0m[2m=[0m96.46 [3mask_size[0m[2m=[0m53
[2m2026-04-12T20:33:36.740883Z[0m [34mDEBUG[0m [2mmercury::engine::spread[0m[2m:[0m Evaluated spread direction 2 [3mmarket_id[0m[2m=[0m631deb8c-fbb4-489e-818e-ae698f57f50b [3mdirection[0m[2m=[0m"NO-A/YES-B" [3mraw_spread[0m[2m=[0m0.0100 [3mbid_a[0m[2m=[0m0.68 [3mask_b[0m[2m=[0m0.6700
[2m2026-04-12T20:33:36.741062Z[0m [34mDEBUG[0m [2mmercury::engine::market_actor[0m[2m:[0m Tick received — running arb detection [3mmarket_id[0m[2m=[0m631deb8c-fbb4-489e-818e-ae698f57f50b [3mplatform[0m[2m=[0mPolymarket [3mbid[0m[2m=[0m0.68 [3mask[0m[2m=[0m0.69 [3mmid[0m[2m=[0m0.6850 [3mbid_size[0m[2m=[0m96.46 [3mask_size[0m[2m=[0m53
[2m2026-04-12T20:33:36.741228Z[0m [34mDEBUG[0m [2mmercury::engine::spread[0m[2m:[0m Evaluated spread direction 2 [3mmarket_id[0m[2m=[0m631deb8c-fbb4-489e-818e-ae698f57f50b [3mdirection[0m[2m=[0m"NO-A/YES-B" [3mraw_spread[0m[2m=[0m0.0100 [3mbid_a[0m[2m=[0m0.68 [3mask_b[0m[2m=[0m0.6700
[2m2026-04-12T20:33:36.783696Z[0m [34mDEBUG[0m [2mmercury::engine::market_actor[0m[2m:[0m Tick received — running arb detection [3mmarket_id[0m[2m=[0m631deb8c-fbb4-489e-818e-ae698f57f50b [3mplatform[0m[2m=[0mKalshi [3mbid[0m[2m=[0m0.6500 [3mask[0m[2m=[0m0.6700 [3mmid[0m[2m=[0m0.6600 [3mbid_size[0m[2m=[0m95.94 [3mask_size[0m[2m=[0m18.00
[2m2026-04-12T20:33:36.783959Z[0m [34mDEBUG[0m [2mmercury::engine::spread[0m[2m:[0m Evaluated spread direction 2 [3mmarket_id[0m[2m=[0m631deb8c-fbb4-489e-818e-ae698f57f50b [3mdirection[0m[2m=[0m"NO-A/YES-B" [3mraw_spread[0m[2m=[0m0.0100 [3mbid_a[0m[2m=[0m0.68 [3mask_b[0m[2m=[0m0.6700
[2m2026-04-12T20:33:36.784684Z[0m [34mDEBUG[0m [2mmercury::engine::market_actor[0m[2m:[0m Tick received — running arb detection [3mmarket_id[0m[2m=[0m631deb8c-fbb4-489e-818e-ae698f57f50b [3mplatform[0m[2m=[0mKalshi [3mbid[0m[2m=[0m0.6500 [3mask[0m[2m=[0m0.6700 [3mmid[0m[2m=[0m0.6600 [3mbid_size[0m[2m=[0m95.94 [3mask_size[0m[2m=[0m18.00
[2m2026-04-12T20:33:36.784893Z[0m [34mDEBUG[0m [2mmercury::engine::spread[0m[2m:[0m Evaluated spread direction 2 [3mmarket_id[0m[2m=[0m631deb8c-fbb4-489e-818e-ae698f57f50b [3mdirection[0m[2m=[0m"NO-A/YES-B" [3mraw_spread[0m[2m=[0m0.0100 [3mbid_a[0m[2m=[0m0.68 [3mask_b[0m[2m=[0m0.6700
[2m2026-04-12T20:33:36.785080Z[0m [34mDEBUG[0m [2mmercury::engine::market_actor[0m[2m:[0m Tick received — running arb detection [3mmarket_id[0m[2m=[0m631deb8c-fbb4-489e-818e-ae698f57f50b [3mplatform[0m[2m=[0mKalshi [3mbid[0m[2m=[0m0.6500 [3mask[0m[2m=[0m0.6700 [3mmid[0m[2m=[0m0.6600 [3mbid_size[0m[2m=[0m95.94 [3mask_size[0m[2m=[0m18.00
[2m2026-04-12T20:33:36.785270Z[0m [34mDEBUG[0m [2mmercury::engine::spread[0m[2m:[0m Evaluated spread direction 2 [3mmarket_id[0m[2m=[0m631deb8c-fbb4-489e-818e-ae698f57f50b [3mdirection[0m[2m=[0m"NO-A/YES-B" [3mraw_spread[0m[2m=[0m0.0100 [3mbid_a[0m[2m=[0m0.68 [3mask_b[0m[2m=[0m0.6700
[2m2026-04-12T20:33:36.785455Z[0m [34mDEBUG[0m [2mmercury::engine::market_actor[0m[2m:[0m Tick received — running arb detection [3mmarket_id[0m[2m=[0m631deb8c-fbb4-489e-818e-ae698f57f50b [3mplatform[0m[2m=[0mKalshi [3mbid[0m[2m=[0m0.6500 [3mask[0m[2m=[0m0.6700 [3mmid[0m[2m=[0m0.6600 [3mbid_size[0m[2m=[0m95.94 [3mask_size[0m[2m=[0m18.00
[2m2026-04-12T20:33:36.785590Z[0m [34mDEBUG[0m [2mmercury::engine::spread[0m[2m:[0m Evaluated spread direction 2 [3mmarket_id[0m[2m=[0m631deb8c-fbb4-489e-818e-ae698f57f50b [3mdirection[0m[2m=[0m"NO-A/YES-B" [3mraw_spread[0m[2m=[0m0.0100 [3mbid_a[0m[2m=[0m0.68 [3mask_b[0m[2m=[0m0.6700
[2m2026-04-12T20:33:36.785725Z[0m [34mDEBUG[0m [2mmercury::engine::market_actor[0m[2m:[0m Tick received — running arb detection [3mmarket_id[0m[2m=[0m631deb8c-fbb4-489e-818e-ae698f57f50b [3mplatform[0m[2m=[0mKalshi [3mbid[0m[2m=[0m0.6500 [3mask[0m[2m=[0m0.6700 [3mmid[0m[2m=[0m0.6600 [3mbid_size[0m[2m=[0m95.94 [3mask_size[0m[2m=[0m18.00
[2m2026-04-12T20:33:36.785859Z[0m [34mDEBUG[0m [2mmercury::engine::spread[0m[2m:[0m Evaluated spread direction 2 [3mmarket_id[0m[2m=[0m631deb8c-fbb4-489e-818e-ae698f57f50b [3mdirection[0m[2m=[0m"NO-A/YES-B" [3mraw_spread[0m[2m=[0m0.0100 [3mbid_a[0m[2m=[0m0.68 [3mask_b[0m[2m=[0m0.6700
[2m2026-04-12T20:33:36.785995Z[0m [34mDEBUG[0m [2mmercury::engine::market_actor[0m[2m:[0m Tick received — running arb detection [3mmarket_id[0m[2m=[0m631deb8c-fbb4-489e-818e-ae698f57f50b [3mplatform[0m[2m=[0mKalshi [3mbid[0m[2m=[0m0.6500 [3mask[0m[2m=[0m0.6700 [3mmid[0m[2m=[0m0.6600 [3mbid_size[0m[2m=[0m95.94 [3mask_size[0m[2m=[0m178.00
[2m2026-04-12T20:33:36.786129Z[0m [34mDEBUG[0m [2mmercury::engine::spread[0m[2m:[0m Evaluated spread direction 2 [3mmarket_id[0m[2m=[0m631deb8c-fbb4-489e-818e-ae698f57f50b [3mdirection[0m[2m=[0m"NO-A/YES-B" [3mraw_spread[0m[2m=[0m0.0100 [3mbid_a[0m[2m=[0m0.68 [3mask_b[0m[2m=[0m0.6700
[2m2026-04-12T20:33:36.786266Z[0m [34mDEBUG[0m [2mmercury::engine::market_actor[0m[2m:[0m Tick received — running arb detection [3mmarket_id[0m[2m=[0m631deb8c-fbb4-489e-818e-ae698f57f50b [3mplatform[0m[2m=[0mKalshi [3mbid[0m[2m=[0m0.6500 [3mask[0m[2m=[0m0.6700 [3mmid[0m[2m=[0m0.6600 [3mbid_size[0m[2m=[0m95.94 [3mask_size[0m[2m=[0m178.00
[2m2026-04-12T20:33:36.786404Z[0m [34mDEBUG[0m [2mmercury::engine::spread[0m[2m:[0m Evaluated spread direction 2 [3mmarket_id[0m[2m=[0m631deb8c-fbb4-489e-818e-ae698f57f50b [3mdirection[0m[2m=[0m"NO-A/YES-B" [3mraw_spread[0m[2m=[0m0.0100 [3mbid_a[0m[2m=[0m0.68 [3mask_b[0m[2m=[0m0.6700
[2m2026-04-12T20:33:36.786542Z[0m [34mDEBUG[0m [2mmercury::engine::market_actor[0m[2m:[0m Tick received — running arb detection [3mmarket_id[0m[2m=[0m631deb8c-fbb4-489e-818e-ae698f57f50b [3mplatform[0m[2m=[0mKalshi [3mbid[0m[2m=[0m0.6500 [3mask[0m[2m=[0m0.6700 [3mmid[0m[2m=[0m0.6600 [3mbid_size[0m[2m=[0m95.94 [3mask_size[0m[2m=[0m178.00
[2m2026-04-12T20:33:36.786676Z[0m [34mDEBUG[0m [2mmercury::engine::spread[0m[2m:[0m Evaluated spread direction 2 [3mmarket_id[0m[2m=[0m631deb8c-fbb4-489e-818e-ae698f57f50b [3mdirection[0m[2m=[0m"NO-A/YES-B" [3mraw_spread[0m[2m=[0m0.0100 [3mbid_a[0m[2m=[0m0.68 [3mask_b[0m[2m=[0m0.6700
[2m2026-04-12T20:33:36.786812Z[0m [34mDEBUG[0m [2mmercury::engine::market_actor[0m[2m:[0m Tick received — running arb detection [3mmarket_id[0m[2m=[0m631deb8c-fbb4-489e-818e-ae698f57f50b [3mplatform[0m[2m=[0mKalshi [3mbid[0m[2m=[0m0.6500 [3mask[0m[2m=[0m0.6700 [3mmid[0m[2m=[0m0.6600 [3mbid_size[0m[2m=[0m95.94 [3mask_size[0m[2m=[0m178.00
[2m2026-04-12T20:33:36.786945Z[0m [34mDEBUG[0m [2mmercury::engine::spread[0m[2m:[0m Evaluated spread direction 2 [3mmarket_id[0m[2m=[0m631deb8c-fbb4-489e-818e-ae698f57f50b [3mdirection[0m[2m=[0m"NO-A/YES-B" [3mraw_spread[0m[2m=[0m0.0100 [3mbid_a[0m[2m=[0m0.68 [3mask_b[0m[2m=[0m0.6700
[2m2026-04-12T20:33:36.788943Z[0m [34mDEBUG[0m [2mmercury::engine::market_actor[0m[2m:[0m Tick received — running arb detection [3mmarket_id[0m[2m=[0m631deb8c-fbb4-489e-818e-ae698f57f50b [3mplatform[0m[2m=[0mPolymarket [3mbid[0m[2m=[0m0.68 [3mask[0m[2m=[0m0.69 [3mmid[0m[2m=[0m0.6850 [3mbid_size[0m[2m=[0m96.46 [3mask_size[0m[2m=[0m53
[2m2026-04-12T20:33:36.789133Z[0m [34mDEBUG[0m [2mmercury::engine::spread[0m[2m:[0m Evaluated spread direction 2 [3mmarket_id[0m[2m=[0m631deb8c-fbb4-489e-818e-ae698f57f50b [3mdirection[0m[2m=[0m"NO-A/YES-B" [3mraw_spread[0m[2m=[0m0.0100 [3mbid_a[0m[2m=[0m0.68 [3mask_b[0m[2m=[0m0.6700
[2m2026-04-12T20:33:36.789327Z[0m [34mDEBUG[0m [2mmercury::engine::market_actor[0m[2m:[0m Tick received — running arb detection [3mmarket_id[0m[2m=[0m631deb8c-fbb4-489e-818e-ae698f57f50b [3mplatform[0m[2m=[0mPolymarket [3mbid[0m[2m=[0m0.68 [3mask[0m[2m=[0m0.69 [3mmid[0m[2m=[0m0.6850 [3mbid_size[0m[2m=[0m96.46 [3mask_size[0m[2m=[0m53
[2m2026-04-12T20:33:36.789498Z[0m [34mDEBUG[0m [2mmercury::engine::spread[0m[2m:[0m Evaluated spread direction 2 [3mmarket_id[0m[2m=[0m631deb8c-fbb4-489e-818e-ae698f57f50b [3mdirection[0m[2m=[0m"NO-A/YES-B" [3mraw_spread[0m[2m=[0m0.0100 [3mbid_a[0m[2m=[0m0.68 [3mask_b[0m[2m=[0m0.6700
[2m2026-04-12T20:33:36.832831Z[0m [34mDEBUG[0m [2mmercury::engine::market_actor[0m[2m:[0m Tick received — running arb detection [3mmarket_id[0m[2m=[0m631deb8c-fbb4-489e-818e-ae698f57f50b [3mplatform[0m[2m=[0mKalshi [3mbid[0m[2m=[0m0.6500 [3mask[0m[2m=[0m0.6700 [3mmid[0m[2m=[0m0.6600 [3mbid_size[0m[2m=[0m95.94 [3mask_size[0m[2m=[0m178.00
[2m2026-04-12T20:33:36.833193Z[0m [34mDEBUG[0m [2mmercury::engine::spread[0m[2m:[0m Evaluated spread direction 2 [3mmarket_id[0m[2m=[0m631deb8c-fbb4-489e-818e-ae698f57f50b [3mdirection[0m[2m=[0m"NO-A/YES-B" [3mraw_spread[0m[2m=[0m0.0100 [3mbid_a[0m[2m=[0m0.68 [3mask_b[0m[2m=[0m0.6700
[2m2026-04-12T20:33:36.833435Z[0m [34mDEBUG[0m [2mmercury::engine::market_actor[0m[2m:[0m Tick received — running arb detection [3mmarket_id[0m[2m=[0m631deb8c-fbb4-489e-818e-ae698f57f50b [3mplatform[0m[2m=[0mPolymarket [3mbid[0m[2m=[0m0.68 [3mask[0m[2m=[0m0.69 [3mmid[0m[2m=[0m0.6850 [3mbid_size[0m[2m=[0m96.46 [3mask_size[0m[2m=[0m53
[2m2026-04-12T20:33:36.833728Z[0m [34mDEBUG[0m [2mmercury::engine::spread[0m[2m:[0m Evaluated spread direction 2 [3mmarket_id[0m[2m=[0m631deb8c-fbb4-489e-818e-ae698f57f50b [3mdirection[0m[2m=[0m"NO-A/YES-B" [3mraw_spread[0m[2m=[0m0.0100 [3mbid_a[0m[2m=[0m0.68 [3mask_b[0m[2m=[0m0.6700
[2m2026-04-12T20:33:36.833938Z[0m [34mDEBUG[0m [2mmercury::engine::market_actor[0m[2m:[0m Tick received — running arb detection [3mmarket_id[0m[2m=[0m631deb8c-fbb4-489e-818e-ae698f57f50b [3mplatform[0m[2m=[0mPolymarket [3mbid[0m[2m=[0m0.68 [3mask[0m[2m=[0m0.69 [3mmid[0m[2m=[0m0.6850 [3mbid_size[0m[2m=[0m96.46 [3mask_size[0m[2m=[0m53
[2m2026-04-12T20:33:36.834108Z[0m [34mDEBUG[0m [2mmercury::engine::spread[0m[2m:[0m Evaluated spread direction 2 [3mmarket_id[0m[2m=[0m631deb8c-fbb4-489e-818e-ae698f57f50b [3mdirection[0m[2m=[0m"NO-A/YES-B" [3mraw_spread[0m[2m=[0m0.0100 [3mbid_a[0m[2m=[0m0.68 [3mask_b[0m[2m=[0m0.6700
[2m2026-04-12T20:33:36.834293Z[0m [34mDEBUG[0m [2mmercury::engine::market_actor[0m[2m:[0m Tick received — running arb detection [3mmarket_id[0m[2m=[0m631deb8c-fbb4-489e-818e-ae698f57f50b [3mplatform[0m[2m=[0mPolymarket [3mbid[0m[2m=[0m0.68 [3mask[0m[2m=[0m0.69 [3mmid[0m[2m=[0m0.6850 [3mbid_size[0m[2m=[0m96.46 [3mask_size[0m[2m=[0m53
[2m2026-04-12T20:33:36.834466Z[0m [34mDEBUG[0m [2mmercury::engine::spread[0m[2m:[0m Evaluated spread direction 2 [3mmarket_id[0m[2m=[0m631deb8c-fbb4-489e-818e-ae698f57f50b [3mdirection[0m[2m=[0m"NO-A/YES-B" [3mraw_spread[0m[2m=[0m0.0100 [3mbid_a[0m[2m=[0m0.68 [3mask_b[0m[2m=[0m0.6700
[2m2026-04-12T20:33:36.834647Z[0m [34mDEBUG[0m [2mmercury::engine::market_actor[0m[2m:[0m Tick received — running arb detection [3mmarket_id[0m[2m=[0m631deb8c-fbb4-489e-818e-ae698f57f50b [3mplatform[0m[2m=[0mPolymarket [3mbid[0m[2m=[0m0.68 [3mask[0m[2m=[0m0.69 [3mmid[0m[2m=[0m0.6850 [3mbid_size[0m[2m=[0m96.46 [3mask_size[0m[2m=[0m53
[2m2026-04-12T20:33:36.834814Z[0m [34mDEBUG[0m [2mmercury::engine::spread[0m[2m:[0m Evaluated spread direction 2 [3mmarket_id[0m[2m=[0m631deb8c-fbb4-489e-818e-ae698f57f50b [3mdirection[0m[2m=[0m"NO-A/YES-B" [3mraw_spread[0m[2m=[0m0.0100 [3mbid_a[0m[2m=[0m0.68 [3mask_b[0m[2m=[0m0.6700
[2m2026-04-12T20:33:36.837668Z[0m [34mDEBUG[0m [2mmercury::engine::market_actor[0m[2m:[0m Tick received — running arb detection [3mmarket_id[0m[2m=[0m631deb8c-fbb4-489e-818e-ae698f57f50b [3mplatform[0m[2m=[0mKalshi [3mbid[0m[2m=[0m0.6500 [3mask[0m[2m=[0m0.6700 [3mmid[0m[2m=[0m0.6600 [3mbid_size[0m[2m=[0m95.94 [3mask_size[0m[2m=[0m178.00
[2m2026-04-12T20:33:36.837936Z[0m [34mDEBUG[0m [2mmercury::engine::spread[0m[2m:[0m Evaluated spread direction 2 [3mmarket_id[0m[2m=[0m631deb8c-fbb4-489e-818e-ae698f57f50b [3mdirection[0m[2m=[0m"NO-A/YES-B" [3mraw_spread[0m[2m=[0m0.0100 [3mbid_a[0m[2m=[0m0.68 [3mask_b[0m[2m=[0m0.6700
[2m2026-04-12T20:33:36.839387Z[0m [34mDEBUG[0m [2mmercury::engine::market_actor[0m[2m:[0m Tick received — running arb detection [3mmarket_id[0m[2m=[0m631deb8c-fbb4-489e-818e-ae698f57f50b [3mplatform[0m[2m=[0mKalshi [3mbid[0m[2m=[0m0.6500 [3mask[0m[2m=[0m0.6700 [3mmid[0m[2m=[0m0.6600 [3mbid_size[0m[2m=[0m95.94 [3mask_size[0m[2m=[0m178.00
[2m2026-04-12T20:33:36.839546Z[0m [34mDEBUG[0m [2mmercury::engine::spread[0m[2m:[0m Evaluated spread direction 2 [3mmarket_id[0m[2m=[0m631deb8c-fbb4-489e-818e-ae698f57f50b [3mdirection[0m[2m=[0m"NO-A/YES-B" [3mraw_spread[0m[2m=[0m0.0100 [3mbid_a[0m[2m=[0m0.68 [3mask_b[0m[2m=[0m0.6700
[2m2026-04-12T20:33:36.839689Z[0m [34mDEBUG[0m [2mmercury::engine::market_actor[0m[2m:[0m Tick received — running arb detection [3mmarket_id[0m[2m=[0m631deb8c-fbb4-489e-818e-ae698f57f50b [3mplatform[0m[2m=[0mKalshi [3mbid[0m[2m=[0m0.6500 [3mask[0m[2m=[0m0.6700 [3mmid[0m[2m=[0m0.6600 [3mbid_size[0m[2m=[0m95.94 [3mask_size[0m[2m=[0m178.00
[2m2026-04-12T20:33:36.839830Z[0m [34mDEBUG[0m [2mmercury::engine::spread[0m[2m:[0m Evaluated spread direction 2 [3mmarket_id[0m[2m=[0m631deb8c-fbb4-489e-818e-ae698f57f50b [3mdirection[0m[2m=[0m"NO-A/YES-B" [3mraw_spread[0m[2m=[0m0.0100 [3mbid_a[0m[2m=[0m0.68 [3mask_b[0m[2m=[0m0.6700
[2m2026-04-12T20:33:36.885976Z[0m [34mDEBUG[0m [2mmercury::feeds::polymarket[0m[2m:[0m Unknown Polymarket event type [3mevent_type[0m[2m=[0mnew_market
[2m2026-04-12T20:33:36.886011Z[0m [34mDEBUG[0m [2mmercury::engine::market_actor[0m[2m:[0m Tick received — running arb detection [3mmarket_id[0m[2m=[0m631deb8c-fbb4-489e-818e-ae698f57f50b [3mplatform[0m[2m=[0mKalshi [3mbid[0m[2m=[0m0.6500 [3mask[0m[2m=[0m0.6700 [3mmid[0m[2m=[0m0.6600 [3mbid_size[0m[2m=[0m142.94 [3mask_size[0m[2m=[0m178.00
[2m2026-04-12T20:33:36.886180Z[0m [34mDEBUG[0m [2mmercury::engine::spread[0m[2m:[0m Evaluated spread direction 2 [3mmarket_id[0m[2m=[0m631deb8c-fbb4-489e-818e-ae698f57f50b [3mdirection[0m[2m=[0m"NO-A/YES-B" [3mraw_spread[0m[2m=[0m0.0100 [3mbid_a[0m[2m=[0m0.68 [3mask_b[0m[2m=[0m0.6700
[2m2026-04-12T20:33:36.886340Z[0m [34mDEBUG[0m [2mmercury::engine::market_actor[0m[2m:[0m Tick received — running arb detection [3mmarket_id[0m[2m=[0m631deb8c-fbb4-489e-818e-ae698f57f50b [3mplatform[0m[2m=[0mPolymarket [3mbid[0m[2m=[0m0.68 [3mask[0m[2m=[0m0.69 [3mmid[0m[2m=[0m0.6850 [3mbid_size[0m[2m=[0m96.46 [3mask_size[0m[2m=[0m53
[2m2026-04-12T20:33:36.886357Z[0m [34mDEBUG[0m [2mmercury::feeds::polymarket[0m[2m:[0m Unknown Polymarket event type [3mevent_type[0m[2m=[0mbest_bid_ask
[2m2026-04-12T20:33:36.886480Z[0m [34mDEBUG[0m [2mmercury::engine::spread[0m[2m:[0m Evaluated spread direction 2 [3mmarket_id[0m[2m=[0m631deb8c-fbb4-489e-818e-ae698f57f50b [3mdirection[0m[2m=[0m"NO-A/YES-B" [3mraw_spread[0m[2m=[0m0.0100 [3mbid_a[0m[2m=[0m0.68 [3mask_b[0m[2m=[0m0.6700
[2m2026-04-12T20:33:36.886618Z[0m [34mDEBUG[0m [2mmercury::engine::market_actor[0m[2m:[0m Tick received — running arb detection [3mmarket_id[0m[2m=[0m631deb8c-fbb4-489e-818e-ae698f57f50b [3mplatform[0m[2m=[0mKalshi [3mbid[0m[2m=[0m0.6500 [3mask[0m[2m=[0m0.6700 [3mmid[0m[2m=[0m0.6600 [3mbid_size[0m[2m=[0m142.94 [3mask_size[0m[2m=[0m178.00
[2m2026-04-12T20:33:36.886755Z[0m [34mDEBUG[0m [2mmercury::engine::spread[0m[2m:[0m Evaluated spread direction 2 [3mmarket_id[0m[2m=[0m631deb8c-fbb4-489e-818e-ae698f57f50b [3mdirection[0m[2m=[0m"NO-A/YES-B" [3mraw_spread[0m[2m=[0m0.0100 [3mbid_a[0m[2m=[0m0.68 [3mask_b[0m[2m=[0m0.6700
[2m2026-04-12T20:33:36.886904Z[0m [34mDEBUG[0m [2mmercury::engine::market_actor[0m[2m:[0m Tick received — running arb detection [3mmarket_id[0m[2m=[0m631deb8c-fbb4-489e-818e-ae698f57f50b [3mplatform[0m[2m=[0mPolymarket [3mbid[0m[2m=[0m0.68 [3mask[0m[2m=[0m0.69 [3mmid[0m[2m=[0m0.6850 [3mbid_size[0m[2m=[0m96.46 [3mask_size[0m[2m=[0m53
[2m2026-04-12T20:33:36.887033Z[0m [34mDEBUG[0m [2mmercury::engine::spread[0m[2m:[0m Evaluated spread direction 2 [3mmarket_id[0m[2m=[0m631deb8c-fbb4-489e-818e-ae698f57f50b [3mdirection[0m[2m=[0m"NO-A/YES-B" [3mraw_spread[0m[2m=[0m0.0100 [3mbid_a[0m[2m=[0m0.68 [3mask_b[0m[2m=[0m0.6700
[2m2026-04-12T20:33:36.887177Z[0m [34mDEBUG[0m [2mmercury::engine::market_actor[0m[2m:[0m Tick received — running arb detection [3mmarket_id[0m[2m=[0m631deb8c-fbb4-489e-818e-ae698f57f50b [3mplatform[0m[2m=[0mPolymarket [3mbid[0m[2m=[0m0.68 [3mask[0m[2m=[0m0.69 [3mmid[0m[2m=[0m0.6850 [3mbid_size[0m[2m=[0m96.46 [3mask_size[0m[2m=[0m47.85
[2m2026-04-12T20:33:36.887310Z[0m [34mDEBUG[0m [2mmercury::engine::spread[0m[2m:[0m Evaluated spread direction 2 [3mmarket_id[0m[2m=[0m631deb8c-fbb4-489e-818e-ae698f57f50b [3mdirection[0m[2m=[0m"NO-A/YES-B" [3mraw_spread[0m[2m=[0m0.0100 [3mbid_a[0m[2m=[0m0.68 [3mask_b[0m[2m=[0m0.6700
[2m2026-04-12T20:33:36.887464Z[0m [34mDEBUG[0m [2mmercury::engine::market_actor[0m[2m:[0m Tick received — running arb detection [3mmarket_id[0m[2m=[0m631deb8c-fbb4-489e-818e-ae698f57f50b [3mplatform[0m[2m=[0mPolymarket [3mbid[0m[2m=[0m0.68 [3mask[0m[2m=[0m0.69 [3mmid[0m[2m=[0m0.6850 [3mbid_size[0m[2m=[0m96.46 [3mask_size[0m[2m=[0m47.85
[2m2026-04-12T20:33:36.887579Z[0m [34mDEBUG[0m [2mmercury::engine::spread[0m[2m:[0m Evaluated spread direction 2 [3mmarket_id[0m[2m=[0m631deb8c-fbb4-489e-818e-ae698f57f50b [3mdirection[0m[2m=[0m"NO-A/YES-B" [3mraw_spread[0m[2m=[0m0.0100 [3mbid_a[0m[2m=[0m0.68 [3mask_b[0m[2m=[0m0.6700
[2m2026-04-12T20:33:36.934845Z[0m [34mDEBUG[0m [2mmercury::engine::market_actor[0m[2m:[0m Tick received — running arb detection [3mmarket_id[0m[2m=[0m631deb8c-fbb4-489e-818e-ae698f57f50b [3mplatform[0m[2m=[0mKalshi [3mbid[0m[2m=[0m0.6500 [3mask[0m[2m=[0m0.6700 [3mmid[0m[2m=[0m0.6600 [3mbid_size[0m[2m=[0m142.94 [3mask_size[0m[2m=[0m178.00
[2m2026-04-12T20:33:36.935116Z[0m [34mDEBUG[0m [2mmercury::engine::spread[0m[2m:[0m Evaluated spread direction 2 [3mmarket_id[0m[2m=[0m631deb8c-fbb4-489e-818e-ae698f57f50b [3mdirection[0m[2m=[0m"NO-A/YES-B" [3mraw_spread[0m[2m=[0m0.0100 [3mbid_a[0m[2m=[0m0.68 [3mask_b[0m[2m=[0m0.6700
[2m2026-04-12T20:33:36.935310Z[0m [34mDEBUG[0m [2mmercury::engine::market_actor[0m[2m:[0m Tick received — running arb detection [3mmarket_id[0m[2m=[0m631deb8c-fbb4-489e-818e-ae698f57f50b [3mplatform[0m[2m=[0mKalshi [3mbid[0m[2m=[0m0.6500 [3mask[0m[2m=[0m0.6700 [3mmid[0m[2m=[0m0.6600 [3mbid_size[0m[2m=[0m142.94 [3mask_size[0m[2m=[0m178.00
[2m2026-04-12T20:33:36.935490Z[0m [34mDEBUG[0m [2mmercury::engine::spread[0m[2m:[0m Evaluated spread direction 2 [3mmarket_id[0m[2m=[0m631deb8c-fbb4-489e-818e-ae698f57f50b [3mdirection[0m[2m=[0m"NO-A/YES-B" [3mraw_spread[0m[2m=[0m0.0100 [3mbid_a[0m[2m=[0m0.68 [3mask_b[0m[2m=[0m0.6700
[2m2026-04-12T20:33:36.935669Z[0m [34mDEBUG[0m [2mmercury::engine::market_actor[0m[2m:[0m Tick received — running arb detection [3mmarket_id[0m[2m=[0m631deb8c-fbb4-489e-818e-ae698f57f50b [3mplatform[0m[2m=[0mKalshi [3mbid[0m[2m=[0m0.6500 [3mask[0m[2m=[0m0.6700 [3mmid[0m[2m=[0m0.6600 [3mbid_size[0m[2m=[0m142.94 [3mask_size[0m[2m=[0m178.00
[2m2026-04-12T20:33:36.935804Z[0m [34mDEBUG[0m [2mmercury::engine::spread[0m[2m:[0m Evaluated spread direction 2 [3mmarket_id[0m[2m=[0m631deb8c-fbb4-489e-818e-ae698f57f50b [3mdirection[0m[2m=[0m"NO-A/YES-B" [3mraw_spread[0m[2m=[0m0.0100 [3mbid_a[0m[2m=[0m0.68 [3mask_b[0m[2m=[0m0.6700
[2m2026-04-12T20:33:36.935938Z[0m [34mDEBUG[0m [2mmercury::engine::market_actor[0m[2m:[0m Tick received — running arb detection [3mmarket_id[0m[2m=[0m631deb8c-fbb4-489e-818e-ae698f57f50b [3mplatform[0m[2m=[0mKalshi [3mbid[0m[2m=[0m0.6500 [3mask[0m[2m=[0m0.6700 [3mmid[0m[2m=[0m0.6600 [3mbid_size[0m[2m=[0m142.94 [3mask_size[0m[2m=[0m178.00
[2m2026-04-12T20:33:36.936074Z[0m [34mDEBUG[0m [2mmercury::engine::spread[0m[2m:[0m Evaluated spread direction 2 [3mmarket_id[0m[2m=[0m631deb8c-fbb4-489e-818e-ae698f57f50b [3mdirection[0m[2m=[0m"NO-A/YES-B" [3mraw_spread[0m[2m=[0m0.0100 [3mbid_a[0m[2m=[0m0.68 [3mask_b[0m[2m=[0m0.6700
[2m2026-04-12T20:33:36.936210Z[0m [34mDEBUG[0m [2mmercury::engine::market_actor[0m[2m:[0m Tick received — running arb detection [3mmarket_id[0m[2m=[0m631deb8c-fbb4-489e-818e-ae698f57f50b [3mplatform[0m[2m=[0mKalshi [3mbid[0m[2m=[0m0.6500 [3mask[0m[2m=[0m0.6700 [3mmid[0m[2m=[0m0.6600 [3mbid_size[0m[2m=[0m142.94 [3mask_size[0m[2m=[0m178.00
[2m2026-04-12T20:33:36.936345Z[0m [34mDEBUG[0m [2mmercury::engine::spread[0m[2m:[0m Evaluated spread direction 2 [3mmarket_id[0m[2m=[0m631deb8c-fbb4-489e-818e-ae698f57f50b [3mdirection[0m[2m=[0m"NO-A/YES-B" [3mraw_spread[0m[2m=[0m0.0100 [3mbid_a[0m[2m=[0m0.68 [3mask_b[0m[2m=[0m0.6700
[2m2026-04-12T20:33:36.936492Z[0m [34mDEBUG[0m [2mmercury::engine::market_actor[0m[2m:[0m Tick received — running arb detection [3mmarket_id[0m[2m=[0m631deb8c-fbb4-489e-818e-ae698f57f50b [3mplatform[0m[2m=[0mPolymarket [3mbid[0m[2m=[0m0.68 [3mask[0m[2m=[0m0.69 [3mmid[0m[2m=[0m0.6850 [3mbid_size[0m[2m=[0m96.46 [3mask_size[0m[2m=[0m47.85
[2m2026-04-12T20:33:36.936624Z[0m [34mDEBUG[0m [2mmercury::engine::spread[0m[2m:[0m Evaluated spread direction 2 [3mmarket_id[0m[2m=[0m631deb8c-fbb4-489e-818e-ae698f57f50b [3mdirection[0m[2m=[0m"NO-A/YES-B" [3mraw_spread[0m[2m=[0m0.0100 [3mbid_a[0m[2m=[0m0.68 [3mask_b[0m[2m=[0m0.6700
[2m2026-04-12T20:33:36.936766Z[0m [34mDEBUG[0m [2mmercury::engine::market_actor[0m[2m:[0m Tick received — running arb detection [3mmarket_id[0m[2m=[0m631deb8c-fbb4-489e-818e-ae698f57f50b [3mplatform[0m[2m=[0mPolymarket [3mbid[0m[2m=[0m0.68 [3mask[0m[2m=[0m0.69 [3mmid[0m[2m=[0m0.6850 [3mbid_size[0m[2m=[0m96.46 [3mask_size[0m[2m=[0m47.85
[2m2026-04-12T20:33:36.936897Z[0m [34mDEBUG[0m [2mmercury::engine::spread[0m[2m:[0m Evaluated spread direction 2 [3mmarket_id[0m[2m=[0m631deb8c-fbb4-489e-818e-ae698f57f50b [3mdirection[0m[2m=[0m"NO-A/YES-B" [3mraw_spread[0m[2m=[0m0.0100 [3mbid_a[0m[2m=[0m0.68 [3mask_b[0m[2m=[0m0.6700
[2m2026-04-12T20:33:36.937035Z[0m [34mDEBUG[0m [2mmercury::engine::market_actor[0m[2m:[0m Tick received — running arb detection [3mmarket_id[0m[2m=[0m631deb8c-fbb4-489e-818e-ae698f57f50b [3mplatform[0m[2m=[0mPolymarket [3mbid[0m[2m=[0m0.68 [3mask[0m[2m=[0m0.69 [3mmid[0m[2m=[0m0.6850 [3mbid_size[0m[2m=[0m96.46 [3mask_size[0m[2m=[0m47.85
[2m2026-04-12T20:33:36.937166Z[0m [34mDEBUG[0m [2mmercury::engine::spread[0m[2m:[0m Evaluated spread direction 2 [3mmarket_id[0m[2m=[0m631deb8c-fbb4-489e-818e-ae698f57f50b [3mdirection[0m[2m=[0m"NO-A/YES-B" [3mraw_spread[0m[2m=[0m0.0100 [3mbid_a[0m[2m=[0m0.68 [3mask_b[0m[2m=[0m0.6700
[2m2026-04-12T20:33:36.937299Z[0m [34mDEBUG[0m [2mmercury::engine::market_actor[0m[2m:[0m Tick received — running arb detection [3mmarket_id[0m[2m=[0m631deb8c-fbb4-489e-818e-ae698f57f50b [3mplatform[0m[2m=[0mKalshi [3mbid[0m[2m=[0m0.6500 [3mask[0m[2m=[0m0.6700 [3mmid[0m[2m=[0m0.6600 [3mbid_size[0m[2m=[0m142.94 [3mask_size[0m[2m=[0m178.00
[2m2026-04-12T20:33:36.937432Z[0m [34mDEBUG[0m [2mmercury::engine::spread[0m[2m:[0m Evaluated spread direction 2 [3mmarket_id[0m[2m=[0m631deb8c-fbb4-489e-818e-ae698f57f50b [3mdirection[0m[2m=[0m"NO-A/YES-B" [3mraw_spread[0m[2m=[0m0.0100 [3mbid_a[0m[2m=[0m0.68 [3mask_b[0m[2m=[0m0.6700
[2m2026-04-12T20:33:36.938825Z[0m [34mDEBUG[0m [2mmercury::feeds::discovery[0m[2m:[0m No Kalshi 15m market found for this round [3masset[0m[2m=[0m"eth" [3mround_start_ts[0m[2m=[0m1776026700 [3mtarget_close[0m[2m=[0m1776027600
[2m2026-04-12T20:33:36.938985Z[0m [32m INFO[0m [2mmercury::feeds::discovery[0m[2m:[0m 15m crypto round matched [3masset[0m[2m=[0meth [3mround_start[0m[2m=[0m1776026700 [3mpoly[0m[2m=[0mtrue [3mkalshi[0m[2m=[0mfalse
[2m2026-04-12T20:33:36.988668Z[0m [34mDEBUG[0m [2mmercury::engine::market_actor[0m[2m:[0m Tick received — running arb detection [3mmarket_id[0m[2m=[0m631deb8c-fbb4-489e-818e-ae698f57f50b [3mplatform[0m[2m=[0mKalshi [3mbid[0m[2m=[0m0.6500 [3mask[0m[2m=[0m0.6700 [3mmid[0m[2m=[0m0.6600 [3mbid_size[0m[2m=[0m142.94 [3mask_size[0m[2m=[0m178.00
[2m2026-04-12T20:33:36.988734Z[0m [34mDEBUG[0m [2mmercury::engine::market_actor[0m[2m:[0m Tick received — running arb detection [3mmarket_id[0m[2m=[0m9046452d-bcb3-4bb8-8925-8924b7439992 [3mplatform[0m[2m=[0mPolymarket [3mbid[0m[2m=[0m0.56 [3mask[0m[2m=[0m0.57 [3mmid[0m[2m=[0m0.5650 [3mbid_size[0m[2m=[0m171.6 [3mask_size[0m[2m=[0m9.83
[2m2026-04-12T20:33:36.988774Z[0m [34mDEBUG[0m [2mmercury::engine::market_actor[0m[2m:[0m Tick received — running arb detection [3mmarket_id[0m[2m=[0m2b958b37-9921-40b8-b22d-64a67138ae70 [3mplatform[0m[2m=[0mPolymarket [3mbid[0m[2m=[0m0.64 [3mask[0m[2m=[0m0.66 [3mmid[0m[2m=[0m0.65 [3mbid_size[0m[2m=[0m3.69 [3mask_size[0m[2m=[0m110.8
[2m2026-04-12T20:33:36.988937Z[0m [34mDEBUG[0m [2mmercury::engine::spread[0m[2m:[0m Evaluated spread direction 2 [3mmarket_id[0m[2m=[0m631deb8c-fbb4-489e-818e-ae698f57f50b [3mdirection[0m[2m=[0m"NO-A/YES-B" [3mraw_spread[0m[2m=[0m0.0100 [3mbid_a[0m[2m=[0m0.68 [3mask_b[0m[2m=[0m0.6700
[2m2026-04-12T20:33:36.988930Z[0m [34mDEBUG[0m [2mmercury::engine::market_actor[0m[2m:[0m Tick received — running arb detection [3mmarket_id[0m[2m=[0m79e1f598-7189-438f-a66e-b184b04be477 [3mplatform[0m[2m=[0mPolymarket [3mbid[0m[2m=[0m0.47 [3mask[0m[2m=[0m0.48 [3mmid[0m[2m=[0m0.4750 [3mbid_size[0m[2m=[0m15.8 [3mask_size[0m[2m=[0m7.2
[2m2026-04-12T20:33:36.989151Z[0m [34mDEBUG[0m [2mmercury::engine::market_actor[0m[2m:[0m Tick received — running arb detection [3mmarket_id[0m[2m=[0m631deb8c-fbb4-489e-818e-ae698f57f50b [3mplatform[0m[2m=[0mKalshi [3mbid[0m[2m=[0m0.6500 [3mask[0m[2m=[0m0.6700 [3mmid[0m[2m=[0m0.6600 [3mbid_size[0m[2m=[0m142.94 [3mask_size[0m[2m=[0m178.00
[2m2026-04-12T20:33:36.989260Z[0m [34mDEBUG[0m [2mmercury::engine::market_actor[0m[2m:[0m Tick received — running arb detection [3mmarket_id[0m[2m=[0m2b958b37-9921-40b8-b22d-64a67138ae70 [3mplatform[0m[2m=[0mPolymarket [3mbid[0m[2m=[0m0.64 [3mask[0m[2m=[0m0.66 [3mmid[0m[2m=[0m0.65 [3mbid_size[0m[2m=[0m3.69 [3mask_size[0m[2m=[0m110.8
[2m2026-04-12T20:33:36.989274Z[0m [34mDEBUG[0m [2mmercury::engine::spread[0m[2m:[0m Evaluated spread direction 2 [3mmarket_id[0m[2m=[0m9046452d-bcb3-4bb8-8925-8924b7439992 [3mdirection[0m[2m=[0m"NO-A/YES-B" [3mraw_spread[0m[2m=[0m0.0100 [3mbid_a[0m[2m=[0m0.56 [3mask_b[0m[2m=[0m0.5500
[2m2026-04-12T20:33:36.989396Z[0m [34mDEBUG[0m [2mmercury::engine::market_actor[0m[2m:[0m Tick received — running arb detection [3mmarket_id[0m[2m=[0m79e1f598-7189-438f-a66e-b184b04be477 [3mplatform[0m[2m=[0mPolymarket [3mbid[0m[2m=[0m0.47 [3mask[0m[2m=[0m0.48 [3mmid[0m[2m=[0m0.4750 [3mbid_size[0m[2m=[0m15.8 [3mask_size[0m[2m=[0m7.2
[2m2026-04-12T20:33:36.989546Z[0m [34mDEBUG[0m [2mmercury::engine::market_actor[0m[2m:[0m Tick received — running arb detection [3mmarket_id[0m[2m=[0m9046452d-bcb3-4bb8-8925-8924b7439992 [3mplatform[0m[2m=[0mPolymarket [3mbid[0m[2m=[0m0.56 [3mask[0m[2m=[0m0.57 [3mmid[0m[2m=[0m0.5650 [3mbid_size[0m[2m=[0m171.6 [3mask_size[0m[2m=[0m9.83
[2m2026-04-12T20:33:36.989562Z[0m [34mDEBUG[0m [2mmercury::engine::spread[0m[2m:[0m Evaluated spread direction 2 [3mmarket_id[0m[2m=[0m631deb8c-fbb4-489e-818e-ae698f57f50b [3mdirection[0m[2m=[0m"NO-A/YES-B" [3mraw_spread[0m[2m=[0m0.0100 [3mbid_a[0m[2m=[0m0.68 [3mask_b[0m[2m=[0m0.6700
[2m2026-04-12T20:33:36.989810Z[0m [34mDEBUG[0m [2mmercury::engine::market_actor[0m[2m:[0m Tick received — running arb detection [3mmarket_id[0m[2m=[0m631deb8c-fbb4-489e-818e-ae698f57f50b [3mplatform[0m[2m=[0mKalshi [3mbid[0m[2m=[0m0.6500 [3mask[0m[2m=[0m0.6700 [3mmid[0m[2m=[0m0.6600 [3mbid_size[0m[2m=[0m142.94 [3mask_size[0m[2m=[0m178.00
[2m2026-04-12T20:33:36.989855Z[0m [34mDEBUG[0m [2mmercury::engine::spread[0m[2m:[0m Evaluated spread direction 2 [3mmarket_id[0m[2m=[0m9046452d-bcb3-4bb8-8925-8924b7439992 [3mdirection[0m[2m=[0m"NO-A/YES-B" [3mraw_spread[0m[2m=[0m0.0100 [3mbid_a[0m[2m=[0m0.56 [3mask_b[0m[2m=[0m0.5500
[2m2026-04-12T20:33:36.990091Z[0m [34mDEBUG[0m [2mmercury::engine::spread[0m[2m:[0m Evaluated spread direction 2 [3mmarket_id[0m[2m=[0m631deb8c-fbb4-489e-818e-ae698f57f50b [3mdirection[0m[2m=[0m"NO-A/YES-B" [3mraw_spread[0m[2m=[0m0.0100 [3mbid_a[0m[2m=[0m0.68 [3mask_b[0m[2m=[0m0.6700
[2m2026-04-12T20:33:36.990293Z[0m [34mDEBUG[0m [2mmercury::engine::market_actor[0m[2m:[0m Tick received — running arb detection [3mmarket_id[0m[2m=[0m631deb8c-fbb4-489e-818e-ae698f57f50b [3mplatform[0m[2m=[0mKalshi [3mbid[0m[2m=[0m0.6500 [3mask[0m[2m=[0m0.6700 [3mmid[0m[2m=[0m0.6600 [3mbid_size[0m[2m=[0m142.94 [3mask_size[0m[2m=[0m178.00
[2m2026-04-12T20:33:36.990473Z[0m [34mDEBUG[0m [2mmercury::engine::spread[0m[2m:[0m Evaluated spread direction 2 [3mmarket_id[0m[2m=[0m631deb8c-fbb4-489e-818e-ae698f57f50b [3mdirection[0m[2m=[0m"NO-A/YES-B" [3mraw_spread[0m[2m=[0m0.0100 [3mbid_a[0m[2m=[0m0.68 [3mask_b[0m[2m=[0m0.6700
[2m2026-04-12T20:33:36.990651Z[0m [34mDEBUG[0m [2mmercury::engine::market_actor[0m[2m:[0m Tick received — running arb detection [3mmarket_id[0m[2m=[0m631deb8c-fbb4-489e-818e-ae698f57f50b [3mplatform[0m[2m=[0mKalshi [3mbid[0m[2m=[0m0.6500 [3mask[0m[2m=[0m0.6700 [3mmid[0m[2m=[0m0.6600 [3mbid_size[0m[2m=[0m142.94 [3mask_size[0m[2m=[0m178.00
[2m2026-04-12T20:33:36.990830Z[0m [34mDEBUG[0m [2mmercury::engine::spread[0m[2m:[0m Evaluated spread direction 2 [3mmarket_id[0m[2m=[0m631deb8c-fbb4-489e-818e-ae698f57f50b [3mdirection[0m[2m=[0m"NO-A/YES-B" [3mraw_spread[0m[2m=[0m0.0100 [3mbid_a[0m[2m=[0m0.68 [3mask_b[0m[2m=[0m0.6700
[2m2026-04-12T20:33:36.991015Z[0m [34mDEBUG[0m [2mmercury::engine::market_actor[0m[2m:[0m Tick received — running arb detection [3mmarket_id[0m[2m=[0m631deb8c-fbb4-489e-818e-ae698f57f50b [3mplatform[0m[2m=[0mPolymarket [3mbid[0m[2m=[0m0.68 [3mask[0m[2m=[0m0.69 [3mmid[0m[2m=[0m0.6850 [3mbid_size[0m[2m=[0m96.46 [3mask_size[0m[2m=[0m47.85
[2m2026-04-12T20:33:36.991183Z[0m [34mDEBUG[0m [2mmercury::engine::spread[0m[2m:[0m Evaluated spread direction 2 [3mmarket_id[0m[2m=[0m631deb8c-fbb4-489e-818e-ae698f57f50b [3mdirection[0m[2m=[0m"NO-A/YES-B" [3mraw_spread[0m[2m=[0m0.0100 [3mbid_a[0m[2m=[0m0.68 [3mask_b[0m[2m=[0m0.6700
[2m2026-04-12T20:33:36.991316Z[0m [34mDEBUG[0m [2mmercury::engine::market_actor[0m[2m:[0m Tick received — running arb detection [3mmarket_id[0m[2m=[0m631deb8c-fbb4-489e-818e-ae698f57f50b [3mplatform[0m[2m=[0mKalshi [3mbid[0m[2m=[0m0.6500 [3mask[0m[2m=[0m0.6700 [3mmid[0m[2m=[0m0.6600 [3mbid_size[0m[2m=[0m142.94 [3mask_size[0m[2m=[0m178.00
[2m2026-04-12T20:33:36.991450Z[0m [34mDEBUG[0m [2mmercury::engine::spread[0m[2m:[0m Evaluated spread direction 2 [3mmarket_id[0m[2m=[0m631deb8c-fbb4-489e-818e-ae698f57f50b [3mdirection[0m[2m=[0m"NO-A/YES-B" [3mraw_spread[0m[2m=[0m0.0100 [3mbid_a[0m[2m=[0m0.68 [3mask_b[0m[2m=[0m0.6700
[2m2026-04-12T20:33:36.993278Z[0m [34mDEBUG[0m [2mmercury::engine::market_actor[0m[2m:[0m Tick received — running arb detection [3mmarket_id[0m[2m=[0m631deb8c-fbb4-489e-818e-ae698f57f50b [3mplatform[0m[2m=[0mPolymarket [3mbid[0m[2m=[0m0.68 [3mask[0m[2m=[0m0.69 [3mmid[0m[2m=[0m0.6850 [3mbid_size[0m[2m=[0m96.46 [3mask_size[0m[2m=[0m47.85
[2m2026-04-12T20:33:36.993432Z[0m [34mDEBUG[0m [2mmercury::engine::spread[0m[2m:[0m Evaluated spread direction 2 [3mmarket_id[0m[2m=[0m631deb8c-fbb4-489e-818e-ae698f57f50b [3mdirection[0m[2m=[0m"NO-A/YES-B" [3mraw_spread[0m[2m=[0m0.0100 [3mbid_a[0m[2m=[0m0.68 [3mask_b[0m[2m=[0m0.6700
[2m2026-04-12T20:33:36.995719Z[0m [34mDEBUG[0m [2mmercury::engine::market_actor[0m[2m:[0m Tick received — running arb detection [3mmarket_id[0m[2m=[0m631deb8c-fbb4-489e-818e-ae698f57f50b [3mplatform[0m[2m=[0mPolymarket [3mbid[0m[2m=[0m0.68 [3mask[0m[2m=[0m0.69 [3mmid[0m[2m=[0m0.6850 [3mbid_size[0m[2m=[0m96.46 [3mask_size[0m[2m=[0m47.85
[2m2026-04-12T20:33:36.995878Z[0m [34mDEBUG[0m [2mmercury::engine::spread[0m[2m:[0m Evaluated spread direction 2 [3mmarket_id[0m[2m=[0m631deb8c-fbb4-489e-818e-ae698f57f50b [3mdirection[0m[2m=[0m"NO-A/YES-B" [3mraw_spread[0m[2m=[0m0.0100 [3mbid_a[0m[2m=[0m0.68 [3mask_b[0m[2m=[0m0.6700
[2m2026-04-12T20:33:36.996054Z[0m [34mDEBUG[0m [2mmercury::engine::market_actor[0m[2m:[0m Tick received — running arb detection [3mmarket_id[0m[2m=[0m631deb8c-fbb4-489e-818e-ae698f57f50b [3mplatform[0m[2m=[0mPolymarket [3mbid[0m[2m=[0m0.68 [3mask[0m[2m=[0m0.69 [3mmid[0m[2m=[0m0.6850 [3mbid_size[0m[2m=[0m96.46 [3mask_size[0m[2m=[0m47.85
[2m2026-04-12T20:33:36.996189Z[0m [34mDEBUG[0m [2mmercury::engine::spread[0m[2m:[0m Evaluated spread direction 2 [3mmarket_id[0m[2m=[0m631deb8c-fbb4-489e-818e-ae698f57f50b [3mdirection[0m[2m=[0m"NO-A/YES-B" [3mraw_spread[0m[2m=[0m0.0100 [3mbid_a[0m[2m=[0m0.68 [3mask_b[0m[2m=[0m0.6700
[2m2026-04-12T20:33:36.996332Z[0m [34mDEBUG[0m [2mmercury::engine::market_actor[0m[2m:[0m Tick received — running arb detection [3mmarket_id[0m[2m=[0m631deb8c-fbb4-489e-818e-ae698f57f50b [3mplatform[0m[2m=[0mPolymarket [3mbid[0m[2m=[0m0.68 [3mask[0m[2m=[0m0.69 [3mmid[0m[2m=[0m0.6850 [3mbid_size[0m[2m=[0m96.46 [3mask_size[0m[2m=[0m47.85
[2m2026-04-12T20:33:36.996464Z[0m [34mDEBUG[0m [2mmercury::engine::spread[0m[2m:[0m Evaluated spread direction 2 [3mmarket_id[0m[2m=[0m631deb8c-fbb4-489e-818e-ae698f57f50b [3mdirection[0m[2m=[0m"NO-A/YES-B" [3mraw_spread[0m[2m=[0m0.0100 [3mbid_a[0m[2m=[0m0.68 [3mask_b[0m[2m=[0m0.6700
[2m2026-04-12T20:33:37.037506Z[0m [34mDEBUG[0m [2mmercury::engine::market_actor[0m[2m:[0m Tick received — running arb detection [3mmarket_id[0m[2m=[0m631deb8c-fbb4-489e-818e-ae698f57f50b [3mplatform[0m[2m=[0mPolymarket [3mbid[0m[2m=[0m0.68 [3mask[0m[2m=[0m0.69 [3mmid[0m[2m=[0m0.6850 [3mbid_size[0m[2m=[0m96.46 [3mask_size[0m[2m=[0m47.85
[2m2026-04-12T20:33:37.037768Z[0m [34mDEBUG[0m [2mmercury::engine::spread[0m[2m:[0m Evaluated spread direction 2 [3mmarket_id[0m[2m=[0m631deb8c-fbb4-489e-818e-ae698f57f50b [3mdirection[0m[2m=[0m"NO-A/YES-B" [3mraw_spread[0m[2m=[0m0.0100 [3mbid_a[0m[2m=[0m0.68 [3mask_b[0m[2m=[0m0.6700
[2m2026-04-12T20:33:37.037960Z[0m [34mDEBUG[0m [2mmercury::engine::market_actor[0m[2m:[0m Tick received — running arb detection [3mmarket_id[0m[2m=[0m631deb8c-fbb4-489e-818e-ae698f57f50b [3mplatform[0m[2m=[0mKalshi [3mbid[0m[2m=[0m0.6500 [3mask[0m[2m=[0m0.6700 [3mmid[0m[2m=[0m0.6600 [3mbid_size[0m[2m=[0m142.94 [3mask_size[0m[2m=[0m178.00
[2m2026-04-12T20:33:37.038136Z[0m [34mDEBUG[0m [2mmercury::engine::spread[0m[2m:[0m Evaluated spread direction 2 [3mmarket_id[0m[2m=[0m631deb8c-fbb4-489e-818e-ae698f57f50b [3mdirection[0m[2m=[0m"NO-A/YES-B" [3mraw_spread[0m[2m=[0m0.0100 [3mbid_a[0m[2m=[0m0.68 [3mask_b[0m[2m=[0m0.6700
[2m2026-04-12T20:33:37.038310Z[0m [34mDEBUG[0m [2mmercury::engine::market_actor[0m[2m:[0m Tick received — running arb detection [3mmarket_id[0m[2m=[0m631deb8c-fbb4-489e-818e-ae698f57f50b [3mplatform[0m[2m=[0mKalshi [3mbid[0m[2m=[0m0.6500 [3mask[0m[2m=[0m0.6700 [3mmid[0m[2m=[0m0.6600 [3mbid_size[0m[2m=[0m142.94 [3mask_size[0m[2m=[0m178.00
[2m2026-04-12T20:33:37.038484Z[0m [34mDEBUG[0m [2mmercury::engine::spread[0m[2m:[0m Evaluated spread direction 2 [3mmarket_id[0m[2m=[0m631deb8c-fbb4-489e-818e-ae698f57f50b [3mdirection[0m[2m=[0m"NO-A/YES-B" [3mraw_spread[0m[2m=[0m0.0100 [3mbid_a[0m[2m=[0m0.68 [3mask_b[0m[2m=[0m0.6700
[2m2026-04-12T20:33:37.038666Z[0m [34mDEBUG[0m [2mmercury::engine::market_actor[0m[2m:[0m Tick received — running arb detection [3mmarket_id[0m[2m=[0m631deb8c-fbb4-489e-818e-ae698f57f50b [3mplatform[0m[2m=[0mPolymarket [3mbid[0m[2m=[0m0.68 [3mask[0m[2m=[0m0.69 [3mmid[0m[2m=[0m0.6850 [3mbid_size[0m[2m=[0m96.46 [3mask_size[0m[2m=[0m47.85
[2m2026-04-12T20:33:37.038850Z[0m [34mDEBUG[0m [2mmercury::engine::spread[0m[2m:[0m Evaluated spread direction 2 [3mmarket_id[0m[2m=[0m631deb8c-fbb4-489e-818e-ae698f57f50b [3mdirection[0m[2m=[0m"NO-A/YES-B" [3mraw_spread[0m[2m=[0m0.0100 [3mbid_a[0m[2m=[0m0.68 [3mask_b[0m[2m=[0m0.6700
[2m2026-04-12T20:33:37.046660Z[0m [34mDEBUG[0m [2mmercury::engine::market_actor[0m[2m:[0m Tick received — running arb detection [3mmarket_id[0m[2m=[0m79e1f598-7189-438f-a66e-b184b04be477 [3mplatform[0m[2m=[0mPolymarket [3mbid[0m[2m=[0m0.47 [3mask[0m[2m=[0m0.48 [3mmid[0m[2m=[0m0.4750 [3mbid_size[0m[2m=[0m15.8 [3mask_size[0m[2m=[0m7.2
[2m2026-04-12T20:33:37.046696Z[0m [34mDEBUG[0m [2mmercury::engine::market_actor[0m[2m:[0m Tick received — running arb detection [3mmarket_id[0m[2m=[0m2b958b37-9921-40b8-b22d-64a67138ae70 [3mplatform[0m[2m=[0mPolymarket [3mbid[0m[2m=[0m0.64 [3mask[0m[2m=[0m0.66 [3mmid[0m[2m=[0m0.65 [3mbid_size[0m[2m=[0m3.69 [3mask_size[0m[2m=[0m110.8
[2m2026-04-12T20:33:37.046972Z[0m [34mDEBUG[0m [2mmercury::engine::market_actor[0m[2m:[0m Tick received — running arb detection [3mmarket_id[0m[2m=[0m2b958b37-9921-40b8-b22d-64a67138ae70 [3mplatform[0m[2m=[0mPolymarket [3mbid[0m[2m=[0m0.64 [3mask[0m[2m=[0m0.66 [3mmid[0m[2m=[0m0.65 [3mbid_size[0m[2m=[0m3.69 [3mask_size[0m[2m=[0m110.8
[2m2026-04-12T20:33:37.046977Z[0m [34mDEBUG[0m [2mmercury::engine::market_actor[0m[2m:[0m Tick received — running arb detection [3mmarket_id[0m[2m=[0m9046452d-bcb3-4bb8-8925-8924b7439992 [3mplatform[0m[2m=[0mPolymarket [3mbid[0m[2m=[0m0.56 [3mask[0m[2m=[0m0.57 [3mmid[0m[2m=[0m0.5650 [3mbid_size[0m[2m=[0m171.6 [3mask_size[0m[2m=[0m9.83
[2m2026-04-12T20:33:37.047164Z[0m [34mDEBUG[0m [2mmercury::engine::market_actor[0m[2m:[0m Tick received — running arb detection [3mmarket_id[0m[2m=[0m631deb8c-fbb4-489e-818e-ae698f57f50b [3mplatform[0m[2m=[0mPolymarket [3mbid[0m[2m=[0m0.68 [3mask[0m[2m=[0m0.69 [3mmid[0m[2m=[0m0.6850 [3mbid_size[0m[2m=[0m96.46 [3mask_size[0m[2m=[0m47.85
[2m2026-04-12T20:33:37.047254Z[0m [34mDEBUG[0m [2mmercury::engine::spread[0m[2m:[0m Evaluated spread direction 2 [3mmarket_id[0m[2m=[0m9046452d-bcb3-4bb8-8925-8924b7439992 [3mdirection[0m[2m=[0m"NO-A/YES-B" [3mraw_spread[0m[2m=[0m0.0100 [3mbid_a[0m[2m=[0m0.56 [3mask_b[0m[2m=[0m0.5500
[2m2026-04-12T20:33:37.047462Z[0m [34mDEBUG[0m [2mmercury::engine::market_actor[0m[2m:[0m Tick received — running arb detection [3mmarket_id[0m[2m=[0m9046452d-bcb3-4bb8-8925-8924b7439992 [3mplatform[0m[2m=[0mPolymarket [3mbid[0m[2m=[0m0.56 [3mask[0m[2m=[0m0.57 [3mmid[0m[2m=[0m0.5650 [3mbid_size[0m[2m=[0m171.6 [3mask_size[0m[2m=[0m9.83
[2m2026-04-12T20:33:37.047483Z[0m [34mDEBUG[0m [2mmercury::engine::spread[0m[2m:[0m Evaluated spread direction 2 [3mmarket_id[0m[2m=[0m631deb8c-fbb4-489e-818e-ae698f57f50b [3mdirection[0m[2m=[0m"NO-A/YES-B" [3mraw_spread[0m[2m=[0m0.0100 [3mbid_a[0m[2m=[0m0.68 [3mask_b[0m[2m=[0m0.6700
[2m2026-04-12T20:33:37.047509Z[0m [34mDEBUG[0m [2mmercury::engine::market_actor[0m[2m:[0m Tick received — running arb detection [3mmarket_id[0m[2m=[0m79e1f598-7189-438f-a66e-b184b04be477 [3mplatform[0m[2m=[0mPolymarket [3mbid[0m[2m=[0m0.47 [3mask[0m[2m=[0m0.48 [3mmid[0m[2m=[0m0.4750 [3mbid_size[0m[2m=[0m15.8 [3mask_size[0m[2m=[0m7.2
[2m2026-04-12T20:33:37.047736Z[0m [34mDEBUG[0m [2mmercury::engine::spread[0m[2m:[0m Evaluated spread direction 2 [3mmarket_id[0m[2m=[0m9046452d-bcb3-4bb8-8925-8924b7439992 [3mdirection[0m[2m=[0m"NO-A/YES-B" [3mraw_spread[0m[2m=[0m0.0100 [3mbid_a[0m[2m=[0m0.56 [3mask_b[0m[2m=[0m0.5500
[2m2026-04-12T20:33:37.047742Z[0m [34mDEBUG[0m [2mmercury::engine::market_actor[0m[2m:[0m Tick received — running arb detection [3mmarket_id[0m[2m=[0m631deb8c-fbb4-489e-818e-ae698f57f50b [3mplatform[0m[2m=[0mPolymarket [3mbid[0m[2m=[0m0.68 [3mask[0m[2m=[0m0.69 [3mmid[0m[2m=[0m0.6850 [3mbid_size[0m[2m=[0m96.46 [3mask_size[0m[2m=[0m47.85
[2m2026-04-12T20:33:37.047986Z[0m [34mDEBUG[0m [2mmercury::engine::spread[0m[2m:[0m Evaluated spread direction 2 [3mmarket_id[0m[2m=[0m631deb8c-fbb4-489e-818e-ae698f57f50b [3mdirection[0m[2m=[0m"NO-A/YES-B" [3mraw_spread[0m[2m=[0m0.0100 [3mbid_a[0m[2m=[0m0.68 [3mask_b[0m[2m=[0m0.6700
[2m2026-04-12T20:33:37.090815Z[0m [34mDEBUG[0m [2mmercury::engine::market_actor[0m[2m:[0m Tick received — running arb detection [3mmarket_id[0m[2m=[0m631deb8c-fbb4-489e-818e-ae698f57f50b [3mplatform[0m[2m=[0mKalshi [3mbid[0m[2m=[0m0.6500 [3mask[0m[2m=[0m0.6700 [3mmid[0m[2m=[0m0.6600 [3mbid_size[0m[2m=[0m142.94 [3mask_size[0m[2m=[0m178.00
[2m2026-04-12T20:33:37.091090Z[0m [34mDEBUG[0m [2mmercury::engine::spread[0m[2m:[0m Evaluated spread direction 2 [3mmarket_id[0m[2m=[0m631deb8c-fbb4-489e-818e-ae698f57f50b [3mdirection[0m[2m=[0m"NO-A/YES-B" [3mraw_spread[0m[2m=[0m0.0100 [3mbid_a[0m[2m=[0m0.68 [3mask_b[0m[2m=[0m0.6700
[2m2026-04-12T20:33:37.091292Z[0m [34mDEBUG[0m [2mmercury::engine::market_actor[0m[2m:[0m Tick received — running arb detection [3mmarket_id[0m[2m=[0m631deb8c-fbb4-489e-818e-ae698f57f50b [3mplatform[0m[2m=[0mKalshi [3mbid[0m[2m=[0m0.6500 [3mask[0m[2m=[0m0.6700 [3mmid[0m[2m=[0m0.6600 [3mbid_size[0m[2m=[0m142.94 [3mask_size[0m[2m=[0m178.00
[2m2026-04-12T20:33:37.091470Z[0m [34mDEBUG[0m [2mmercury::engine::spread[0m[2m:[0m Evaluated spread direction 2 [3mmarket_id[0m[2m=[0m631deb8c-fbb4-489e-818e-ae698f57f50b [3mdirection[0m[2m=[0m"NO-A/YES-B" [3mraw_spread[0m[2m=[0m0.0100 [3mbid_a[0m[2m=[0m0.68 [3mask_b[0m[2m=[0m0.6700
[2m2026-04-12T20:33:37.091643Z[0m [34mDEBUG[0m [2mmercury::engine::market_actor[0m[2m:[0m Tick received — running arb detection [3mmarket_id[0m[2m=[0m631deb8c-fbb4-489e-818e-ae698f57f50b [3mplatform[0m[2m=[0mKalshi [3mbid[0m[2m=[0m0.6500 [3mask[0m[2m=[0m0.6700 [3mmid[0m[2m=[0m0.6600 [3mbid_size[0m[2m=[0m142.94 [3mask_size[0m[2m=[0m178.00
[2m2026-04-12T20:33:37.091818Z[0m [34mDEBUG[0m [2mmercury::engine::spread[0m[2m:[0m Evaluated spread direction 2 [3mmarket_id[0m[2m=[0m631deb8c-fbb4-489e-818e-ae698f57f50b [3mdirection[0m[2m=[0m"NO-A/YES-B" [3mraw_spread[0m[2m=[0m0.0100 [3mbid_a[0m[2m=[0m0.68 [3mask_b[0m[2m=[0m0.6700
[2m2026-04-12T20:33:37.091991Z[0m [34mDEBUG[0m [2mmercury::engine::market_actor[0m[2m:[0m Tick received — running arb detection [3mmarket_id[0m[2m=[0m631deb8c-fbb4-489e-818e-ae698f57f50b [3mplatform[0m[2m=[0mKalshi [3mbid[0m[2m=[0m0.6500 [3mask[0m[2m=[0m0.6700 [3mmid[0m[2m=[0m0.6600 [3mbid_size[0m[2m=[0m142.94 [3mask_size[0m[2m=[0m178.00
[2m2026-04-12T20:33:37.092165Z[0m [34mDEBUG[0m [2mmercury::engine::spread[0m[2m:[0m Evaluated spread direction 2 [3mmarket_id[0m[2m=[0m631deb8c-fbb4-489e-818e-ae698f57f50b [3mdirection[0m[2m=[0m"NO-A/YES-B" [3mraw_spread[0m[2m=[0m0.0100 [3mbid_a[0m[2m=[0m0.68 [3mask_b[0m[2m=[0m0.6700
[2m2026-04-12T20:33:37.092363Z[0m [34mDEBUG[0m [2mmercury::engine::market_actor[0m[2m:[0m Tick received — running arb detection [3mmarket_id[0m[2m=[0m631deb8c-fbb4-489e-818e-ae698f57f50b [3mplatform[0m[2m=[0mKalshi [3mbid[0m[2m=[0m0.6500 [3mask[0m[2m=[0m0.6700 [3mmid[0m[2m=[0m0.6600 [3mbid_size[0m[2m=[0m95.94 [3mask_size[0m[2m=[0m178.00
[2m2026-04-12T20:33:37.092496Z[0m [34mDEBUG[0m [2mmercury::engine::spread[0m[2m:[0m Evaluated spread direction 2 [3mmarket_id[0m[2m=[0m631deb8c-fbb4-489e-818e-ae698f57f50b [3mdirection[0m[2m=[0m"NO-A/YES-B" [3mraw_spread[0m[2m=[0m0.0100 [3mbid_a[0m[2m=[0m0.68 [3mask_b[0m[2m=[0m0.6700
[2m2026-04-12T20:33:37.139909Z[0m [34mDEBUG[0m [2mmercury::engine::market_actor[0m[2m:[0m Tick received — running arb detection [3mmarket_id[0m[2m=[0m631deb8c-fbb4-489e-818e-ae698f57f50b [3mplatform[0m[2m=[0mPolymarket [3mbid[0m[2m=[0m0.68 [3mask[0m[2m=[0m0.69 [3mmid[0m[2m=[0m0.6850 [3mbid_size[0m[2m=[0m96.46 [3mask_size[0m[2m=[0m47.85
[2m2026-04-12T20:33:37.140085Z[0m [34mDEBUG[0m [2mmercury::feeds::polymarket[0m[2m:[0m Unknown Polymarket event type [3mevent_type[0m[2m=[0mnew_market
[2m2026-04-12T20:33:37.140201Z[0m [32m INFO[0m [2mmercury::feeds::discovery[0m[2m:[0m 15m crypto round matched [3masset[0m[2m=[0msol [3mround_start[0m[2m=[0m1776025800 [3mpoly[0m[2m=[0mtrue [3mkalshi[0m[2m=[0mtrue
[2m2026-04-12T20:33:37.140206Z[0m [34mDEBUG[0m [2mmercury::engine::spread[0m[2m:[0m Evaluated spread direction 2 [3mmarket_id[0m[2m=[0m631deb8c-fbb4-489e-818e-ae698f57f50b [3mdirection[0m[2m=[0m"NO-A/YES-B" [3mraw_spread[0m[2m=[0m0.0100 [3mbid_a[0m[2m=[0m0.68 [3mask_b[0m[2m=[0m0.6700
[2m2026-04-12T20:33:37.140465Z[0m [34mDEBUG[0m [2mmercury::engine::market_actor[0m[2m:[0m Tick received — running arb detection [3mmarket_id[0m[2m=[0m631deb8c-fbb4-489e-818e-ae698f57f50b [3mplatform[0m[2m=[0mPolymarket [3mbid[0m[2m=[0m0.68 [3mask[0m[2m=[0m0.69 [3mmid[0m[2m=[0m0.6850 [3mbid_size[0m[2m=[0m96.46 [3mask_size[0m[2m=[0m47.85
[2m2026-04-12T20:33:37.140653Z[0m [34mDEBUG[0m [2mmercury::engine::spread[0m[2m:[0m Evaluated spread direction 2 [3mmarket_id[0m[2m=[0m631deb8c-fbb4-489e-818e-ae698f57f50b [3mdirection[0m[2m=[0m"NO-A/YES-B" [3mraw_spread[0m[2m=[0m0.0100 [3mbid_a[0m[2m=[0m0.68 [3mask_b[0m[2m=[0m0.6700
[2m2026-04-12T20:33:37.140836Z[0m [34mDEBUG[0m [2mmercury::engine::market_actor[0m[2m:[0m Tick received — running arb detection [3mmarket_id[0m[2m=[0m631deb8c-fbb4-489e-818e-ae698f57f50b [3mplatform[0m[2m=[0mKalshi [3mbid[0m[2m=[0m0.6500 [3mask[0m[2m=[0m0.6700 [3mmid[0m[2m=[0m0.6600 [3mbid_size[0m[2m=[0m95.94 [3mask_size[0m[2m=[0m178.00
[2m2026-04-12T20:33:37.141014Z[0m [34mDEBUG[0m [2mmercury::engine::spread[0m[2m:[0m Evaluated spread direction 2 [3mmarket_id[0m[2m=[0m631deb8c-fbb4-489e-818e-ae698f57f50b [3mdirection[0m[2m=[0m"NO-A/YES-B" [3mraw_spread[0m[2m=[0m0.0100 [3mbid_a[0m[2m=[0m0.68 [3mask_b[0m[2m=[0m0.6700
[2m2026-04-12T20:33:37.141038Z[0m [34mDEBUG[0m [2mmercury::engine::market_actor[0m[2m:[0m Tick received — running arb detection [3mmarket_id[0m[2m=[0m2b958b37-9921-40b8-b22d-64a67138ae70 [3mplatform[0m[2m=[0mPolymarket [3mbid[0m[2m=[0m0.64 [3mask[0m[2m=[0m0.66 [3mmid[0m[2m=[0m0.65 [3mbid_size[0m[2m=[0m3.69 [3mask_size[0m[2m=[0m110.8
[2m2026-04-12T20:33:37.141191Z[0m [34mDEBUG[0m [2mmercury::engine::market_actor[0m[2m:[0m Tick received — running arb detection [3mmarket_id[0m[2m=[0m631deb8c-fbb4-489e-818e-ae698f57f50b [3mplatform[0m[2m=[0mKalshi [3mbid[0m[2m=[0m0.6500 [3mask[0m[2m=[0m0.6700 [3mmid[0m[2m=[0m0.6600 [3mbid_size[0m[2m=[0m95.94 [3mask_size[0m[2m=[0m178.00
[2m2026-04-12T20:33:37.141245Z[0m [34mDEBUG[0m [2mmercury::engine::market_actor[0m[2m:[0m Tick received — running arb detection [3mmarket_id[0m[2m=[0m2b958b37-9921-40b8-b22d-64a67138ae70 [3mplatform[0m[2m=[0mPolymarket [3mbid[0m[2m=[0m0.64 [3mask[0m[2m=[0m0.66 [3mmid[0m[2m=[0m0.65 [3mbid_size[0m[2m=[0m3.69 [3mask_size[0m[2m=[0m110.8
[2m2026-04-12T20:33:37.141367Z[0m [34mDEBUG[0m [2mmercury::engine::spread[0m[2m:[0m Evaluated spread direction 2 [3mmarket_id[0m[2m=[0m631deb8c-fbb4-489e-818e-ae698f57f50b [3mdirection[0m[2m=[0m"NO-A/YES-B" [3mraw_spread[0m[2m=[0m0.0100 [3mbid_a[0m[2m=[0m0.68 [3mask_b[0m[2m=[0m0.6700
[2m2026-04-12T20:33:37.141519Z[0m [34mDEBUG[0m [2mmercury::engine::market_actor[0m[2m:[0m Tick received — running arb detection [3mmarket_id[0m[2m=[0m9046452d-bcb3-4bb8-8925-8924b7439992 [3mplatform[0m[2m=[0mPolymarket [3mbid[0m[2m=[0m0.56 [3mask[0m[2m=[0m0.57 [3mmid[0m[2m=[0m0.5650 [3mbid_size[0m[2m=[0m171.6 [3mask_size[0m[2m=[0m9.83
[2m2026-04-12T20:33:37.141581Z[0m [34mDEBUG[0m [2mmercury::engine::market_actor[0m[2m:[0m Tick received — running arb detection [3mmarket_id[0m[2m=[0m631deb8c-fbb4-489e-818e-ae698f57f50b [3mplatform[0m[2m=[0mKalshi [3mbid[0m[2m=[0m0.6500 [3mask[0m[2m=[0m0.6700 [3mmid[0m[2m=[0m0.6600 [3mbid_size[0m[2m=[0m95.94 [3mask_size[0m[2m=[0m178.00
[2m2026-04-12T20:33:37.141741Z[0m [34mDEBUG[0m [2mmercury::engine::spread[0m[2m:[0m Evaluated spread direction 2 [3mmarket_id[0m[2m=[0m9046452d-bcb3-4bb8-8925-8924b7439992 [3mdirection[0m[2m=[0m"NO-A/YES-B" [3mraw_spread[0m[2m=[0m0.0100 [3mbid_a[0m[2m=[0m0.56 [3mask_b[0m[2m=[0m0.5500
[2m2026-04-12T20:33:37.141941Z[0m [34mDEBUG[0m [2mmercury::engine::market_actor[0m[2m:[0m Tick received — running arb detection [3mmarket_id[0m[2m=[0m9046452d-bcb3-4bb8-8925-8924b7439992 [3mplatform[0m[2m=[0mPolymarket [3mbid[0m[2m=[0m0.56 [3mask[0m[2m=[0m0.57 [3mmid[0m[2m=[0m0.5650 [3mbid_size[0m[2m=[0m171.6 [3mask_size[0m[2m=[0m9.83
[2m2026-04-12T20:33:37.141961Z[0m [34mDEBUG[0m [2mmercury::engine::spread[0m[2m:[0m Evaluated spread direction 2 [3mmarket_id[0m[2m=[0m631deb8c-fbb4-489e-818e-ae698f57f50b [3mdirection[0m[2m=[0m"NO-A/YES-B" [3mraw_spread[0m[2m=[0m0.0100 [3mbid_a[0m[2m=[0m0.68 [3mask_b[0m[2m=[0m0.6700
[2m2026-04-12T20:33:37.142120Z[0m [34mDEBUG[0m [2mmercury::engine::market_actor[0m[2m:[0m Tick received — running arb detection [3mmarket_id[0m[2m=[0m631deb8c-fbb4-489e-818e-ae698f57f50b [3mplatform[0m[2m=[0mKalshi [3mbid[0m[2m=[0m0.6500 [3mask[0m[2m=[0m0.6700 [3mmid[0m[2m=[0m0.6600 [3mbid_size[0m[2m=[0m95.94 [3mask_size[0m[2m=[0m178.00
[2m2026-04-12T20:33:37.142141Z[0m [34mDEBUG[0m [2mmercury::engine::spread[0m[2m:[0m Evaluated spread direction 2 [3mmarket_id[0m[2m=[0m9046452d-bcb3-4bb8-8925-8924b7439992 [3mdirection[0m[2m=[0m"NO-A/YES-B" [3mraw_spread[0m[2m=[0m0.0100 [3mbid_a[0m[2m=[0m0.56 [3mask_b[0m[2m=[0m0.5500
[2m2026-04-12T20:33:37.142300Z[0m [34mDEBUG[0m [2mmercury::engine::market_actor[0m[2m:[0m Tick received — running arb detection [3mmarket_id[0m[2m=[0m9046452d-bcb3-4bb8-8925-8924b7439992 [3mplatform[0m[2m=[0mPolymarket [3mbid[0m[2m=[0m0.56 [3mask[0m[2m=[0m0.57 [3mmid[0m[2m=[0m0.5650 [3mbid_size[0m[2m=[0m171.6 [3mask_size[0m[2m=[0m9.83
[2m2026-04-12T20:33:37.142326Z[0m [34mDEBUG[0m [2mmercury::engine::spread[0m[2m:[0m Evaluated spread direction 2 [3mmarket_id[0m[2m=[0m631deb8c-fbb4-489e-818e-ae698f57f50b [3mdirection[0m[2m=[0m"NO-A/YES-B" [3mraw_spread[0m[2m=[0m0.0100 [3mbid_a[0m[2m=[0m0.68 [3mask_b[0m[2m=[0m0.6700
[2m2026-04-12T20:33:37.142462Z[0m [34mDEBUG[0m [2mmercury::engine::market_actor[0m[2m:[0m Tick received — running arb detection [3mmarket_id[0m[2m=[0m631deb8c-fbb4-489e-818e-ae698f57f50b [3mplatform[0m[2m=[0mKalshi [3mbid[0m[2m=[0m0.6500 [3mask[0m[2m=[0m0.6700 [3mmid[0m[2m=[0m0.6600 [3mbid_size[0m[2m=[0m95.94 [3mask_size[0m[2m=[0m178.00
[2m2026-04-12T20:33:37.142494Z[0m [34mDEBUG[0m [2mmercury::engine::spread[0m[2m:[0m Evaluated spread direction 2 [3mmarket_id[0m[2m=[0m9046452d-bcb3-4bb8-8925-8924b7439992 [3mdirection[0m[2m=[0m"NO-A/YES-B" [3mraw_spread[0m[2m=[0m0.0100 [3mbid_a[0m[2m=[0m0.56 [3mask_b[0m[2m=[0m0.5500
[2m2026-04-12T20:33:37.142662Z[0m [34mDEBUG[0m [2mmercury::engine::market_actor[0m[2m:[0m Tick received — running arb detection [3mmarket_id[0m[2m=[0m9046452d-bcb3-4bb8-8925-8924b7439992 [3mplatform[0m[2m=[0mPolymarket [3mbid[0m[2m=[0m0.56 [3mask[0m[2m=[0m0.57 [3mmid[0m[2m=[0m0.5650 [3mbid_size[0m[2m=[0m171.6 [3mask_size[0m[2m=[0m9.83
[2m2026-04-12T20:33:37.142672Z[0m [34mDEBUG[0m [2mmercury::engine::spread[0m[2m:[0m Evaluated spread direction 2 [3mmarket_id[0m[2m=[0m631deb8c-fbb4-489e-818e-ae698f57f50b [3mdirection[0m[2m=[0m"NO-A/YES-B" [3mraw_spread[0m[2m=[0m0.0100 [3mbid_a[0m[2m=[0m0.68 [3mask_b[0m[2m=[0m0.6700
[2m2026-04-12T20:33:37.142902Z[0m [34mDEBUG[0m [2mmercury::engine::market_actor[0m[2m:[0m Tick received — running arb detection [3mmarket_id[0m[2m=[0m631deb8c-fbb4-489e-818e-ae698f57f50b [3mplatform[0m[2m=[0mPolymarket [3mbid[0m[2m=[0m0.68 [3mask[0m[2m=[0m0.69 [3mmid[0m[2m=[0m0.6850 [3mbid_size[0m[2m=[0m87.7 [3mask_size[0m[2m=[0m47.85
[2m2026-04-12T20:33:37.142941Z[0m [34mDEBUG[0m [2mmercury::engine::spread[0m[2m:[0m Evaluated spread direction 2 [3mmarket_id[0m[2m=[0m9046452d-bcb3-4bb8-8925-8924b7439992 [3mdirection[0m[2m=[0m"NO-A/YES-B" [3mraw_spread[0m[2m=[0m0.0100 [3mbid_a[0m[2m=[0m0.56 [3mask_b[0m[2m=[0m0.5500
[2m2026-04-12T20:33:37.143171Z[0m [34mDEBUG[0m [2mmercury::engine::spread[0m[2m:[0m Evaluated spread direction 2 [3mmarket_id[0m[2m=[0m631deb8c-fbb4-489e-818e-ae698f57f50b [3mdirection[0m[2m=[0m"NO-A/YES-B" [3mraw_spread[0m[2m=[0m0.0100 [3mbid_a[0m[2m=[0m0.68 [3mask_b[0m[2m=[0m0.6700
[2m2026-04-12T20:33:37.143166Z[0m [34mDEBUG[0m [2mmercury::engine::market_actor[0m[2m:[0m Tick received — running arb detection [3mmarket_id[0m[2m=[0m9046452d-bcb3-4bb8-8925-8924b7439992 [3mplatform[0m[2m=[0mPolymarket [3mbid[0m[2m=[0m0.56 [3mask[0m[2m=[0m0.57 [3mmid[0m[2m=[0m0.5650 [3mbid_size[0m[2m=[0m171.6 [3mask_size[0m[2m=[0m9.83
[2m2026-04-12T20:33:37.143388Z[0m [34mDEBUG[0m [2mmercury::engine::spread[0m[2m:[0m Evaluated spread direction 2 [3mmarket_id[0m[2m=[0m9046452d-bcb3-4bb8-8925-8924b7439992 [3mdirection[0m[2m=[0m"NO-A/YES-B" [3mraw_spread[0m[2m=[0m0.0100 [3mbid_a[0m[2m=[0m0.56 [3mask_b[0m[2m=[0m0.5500
[2m2026-04-12T20:33:37.143541Z[0m [34mDEBUG[0m [2mmercury::engine::market_actor[0m[2m:[0m Tick received — running arb detection [3mmarket_id[0m[2m=[0m9046452d-bcb3-4bb8-8925-8924b7439992 [3mplatform[0m[2m=[0mPolymarket [3mbid[0m[2m=[0m0.56 [3mask[0m[2m=[0m0.57 [3mmid[0m[2m=[0m0.5650 [3mbid_size[0m[2m=[0m171.6 [3mask_size[0m[2m=[0m9.83
[2m2026-04-12T20:33:37.143673Z[0m [34mDEBUG[0m [2mmercury::engine::spread[0m[2m:[0m Evaluated spread direction 2 [3mmarket_id[0m[2m=[0m9046452d-bcb3-4bb8-8925-8924b7439992 [3mdirection[0m[2m=[0m"NO-A/YES-B" [3mraw_spread[0m[2m=[0m0.0100 [3mbid_a[0m[2m=[0m0.56 [3mask_b[0m[2m=[0m0.5500
[2m2026-04-12T20:33:37.143813Z[0m [34mDEBUG[0m [2mmercury::engine::market_actor[0m[2m:[0m Tick received — running arb detection [3mmarket_id[0m[2m=[0m9046452d-bcb3-4bb8-8925-8924b7439992 [3mplatform[0m[2m=[0mPolymarket [3mbid[0m[2m=[0m0.56 [3mask[0m[2m=[0m0.57 [3mmid[0m[2m=[0m0.5650 [3mbid_size[0m[2m=[0m171.6 [3mask_size[0m[2m=[0m9.83
[2m2026-04-12T20:33:37.143942Z[0m [34mDEBUG[0m [2mmercury::engine::spread[0m[2m:[0m Evaluated spread direction 2 [3mmarket_id[0m[2m=[0m9046452d-bcb3-4bb8-8925-8924b7439992 [3mdirection[0m[2m=[0m"NO-A/YES-B" [3mraw_spread[0m[2m=[0m0.0100 [3mbid_a[0m[2m=[0m0.56 [3mask_b[0m[2m=[0m0.5500
[2m2026-04-12T20:33:37.148494Z[0m [34mDEBUG[0m [2mmercury::engine::market_actor[0m[2m:[0m Tick received — running arb detection [3mmarket_id[0m[2m=[0m631deb8c-fbb4-489e-818e-ae698f57f50b [3mplatform[0m[2m=[0mKalshi [3mbid[0m[2m=[0m0.6500 [3mask[0m[2m=[0m0.6700 [3mmid[0m[2m=[0m0.6600 [3mbid_size[0m[2m=[0m95.94 [3mask_size[0m[2m=[0m178.00
[2m2026-04-12T20:33:37.148688Z[0m [34mDEBUG[0m [2mmercury::engine::spread[0m[2m:[0m Evaluated spread direction 2 [3mmarket_id[0m[2m=[0m631deb8c-fbb4-489e-818e-ae698f57f50b [3mdirection[0m[2m=[0m"NO-A/YES-B" [3mraw_spread[0m[2m=[0m0.0100 [3mbid_a[0m[2m=[0m0.68 [3mask_b[0m[2m=[0m0.6700
[2m2026-04-12T20:33:37.152334Z[0m [34mDEBUG[0m [2mmercury::engine::market_actor[0m[2m:[0m Tick received — running arb detection [3mmarket_id[0m[2m=[0m631deb8c-fbb4-489e-818e-ae698f57f50b [3mplatform[0m[2m=[0mKalshi [3mbid[0m[2m=[0m0.6500 [3mask[0m[2m=[0m0.6700 [3mmid[0m[2m=[0m0.6600 [3mbid_size[0m[2m=[0m95.94 [3mask_size[0m[2m=[0m178.00
[2m2026-04-12T20:33:37.152543Z[0m [34mDEBUG[0m [2mmercury::engine::spread[0m[2m:[0m Evaluated spread direction 2 [3mmarket_id[0m[2m=[0m631deb8c-fbb4-489e-818e-ae698f57f50b [3mdirection[0m[2m=[0m"NO-A/YES-B" [3mraw_spread[0m[2m=[0m0.0100 [3mbid_a[0m[2m=[0m0.68 [3mask_b[0m[2m=[0m0.6700
[2m2026-04-12T20:33:37.152597Z[0m [34mDEBUG[0m [2mmercury::engine::market_actor[0m[2m:[0m Tick received — running arb detection [3mmarket_id[0m[2m=[0m79e1f598-7189-438f-a66e-b184b04be477 [3mplatform[0m[2m=[0mPolymarket [3mbid[0m[2m=[0m0.47 [3mask[0m[2m=[0m0.48 [3mmid[0m[2m=[0m0.4750 [3mbid_size[0m[2m=[0m15.8 [3mask_size[0m[2m=[0m7.2
[2m2026-04-12T20:33:37.152746Z[0m [34mDEBUG[0m [2mmercury::engine::market_actor[0m[2m:[0m Tick received — running arb detection [3mmarket_id[0m[2m=[0m631deb8c-fbb4-489e-818e-ae698f57f50b [3mplatform[0m[2m=[0mPolymarket [3mbid[0m[2m=[0m0.68 [3mask[0m[2m=[0m0.69 [3mmid[0m[2m=[0m0.6850 [3mbid_size[0m[2m=[0m92.7 [3mask_size[0m[2m=[0m47.85
[2m2026-04-12T20:33:37.152811Z[0m [34mDEBUG[0m [2mmercury::engine::market_actor[0m[2m:[0m Tick received — running arb detection [3mmarket_id[0m[2m=[0m79e1f598-7189-438f-a66e-b184b04be477 [3mplatform[0m[2m=[0mPolymarket [3mbid[0m[2m=[0m0.47 [3mask[0m[2m=[0m0.48 [3mmid[0m[2m=[0m0.4750 [3mbid_size[0m[2m=[0m15.8 [3mask_size[0m[2m=[0m7.2
[2m2026-04-12T20:33:37.152929Z[0m [34mDEBUG[0m [2mmercury::engine::spread[0m[2m:[0m Evaluated spread direction 2 [3mmarket_id[0m[2m=[0m631deb8c-fbb4-489e-818e-ae698f57f50b [3mdirection[0m[2m=[0m"NO-A/YES-B" [3mraw_spread[0m[2m=[0m0.0100 [3mbid_a[0m[2m=[0m0.68 [3mask_b[0m[2m=[0m0.6700
[2m2026-04-12T20:33:37.153120Z[0m [34mDEBUG[0m [2mmercury::engine::market_actor[0m[2m:[0m Tick received — running arb detection [3mmarket_id[0m[2m=[0m631deb8c-fbb4-489e-818e-ae698f57f50b [3mplatform[0m[2m=[0mPolymarket [3mbid[0m[2m=[0m0.68 [3mask[0m[2m=[0m0.69 [3mmid[0m[2m=[0m0.6850 [3mbid_size[0m[2m=[0m92.7 [3mask_size[0m[2m=[0m47.85
[2m2026-04-12T20:33:37.153293Z[0m [34mDEBUG[0m [2mmercury::engine::spread[0m[2m:[0m Evaluated spread direction 2 [3mmarket_id[0m[2m=[0m631deb8c-fbb4-489e-818e-ae698f57f50b [3mdirection[0m[2m=[0m"NO-A/YES-B" [3mraw_spread[0m[2m=[0m0.0100 [3mbid_a[0m[2m=[0m0.68 [3mask_b[0m[2m=[0m0.6700
[2m2026-04-12T20:33:37.165875Z[0m [34mDEBUG[0m [2mmercury::engine::market_actor[0m[2m:[0m Tick received — running arb detection [3mmarket_id[0m[2m=[0m631deb8c-fbb4-489e-818e-ae698f57f50b [3mplatform[0m[2m=[0mKalshi [3mbid[0m[2m=[0m0.6500 [3mask[0m[2m=[0m0.6700 [3mmid[0m[2m=[0m0.6600 [3mbid_size[0m[2m=[0m95.94 [3mask_size[0m[2m=[0m178.00
[2m2026-04-12T20:33:37.166090Z[0m [34mDEBUG[0m [2mmercury::engine::spread[0m[2m:[0m Evaluated spread direction 2 [3mmarket_id[0m[2m=[0m631deb8c-fbb4-489e-818e-ae698f57f50b [3mdirection[0m[2m=[0m"NO-A/YES-B" [3mraw_spread[0m[2m=[0m0.0100 [3mbid_a[0m[2m=[0m0.68 [3mask_b[0m[2m=[0m0.6700
[2m2026-04-12T20:33:37.195797Z[0m [34mDEBUG[0m [2mmercury::engine::market_actor[0m[2m:[0m Tick received — running arb detection [3mmarket_id[0m[2m=[0m631deb8c-fbb4-489e-818e-ae698f57f50b [3mplatform[0m[2m=[0mPolymarket [3mbid[0m[2m=[0m0.68 [3mask[0m[2m=[0m0.69 [3mmid[0m[2m=[0m0.6850 [3mbid_size[0m[2m=[0m92.7 [3mask_size[0m[2m=[0m47.85
[2m2026-04-12T20:33:37.195992Z[0m [34mDEBUG[0m [2mmercury::engine::market_actor[0m[2m:[0m Tick received — running arb detection [3mmarket_id[0m[2m=[0m79e1f598-7189-438f-a66e-b184b04be477 [3mplatform[0m[2m=[0mPolymarket [3mbid[0m[2m=[0m0.47 [3mask[0m[2m=[0m0.48 [3mmid[0m[2m=[0m0.4750 [3mbid_size[0m[2m=[0m15.8 [3mask_size[0m[2m=[0m7.2
[2m2026-04-12T20:33:37.196008Z[0m [34mDEBUG[0m [2mmercury::engine::spread[0m[2m:[0m Evaluated spread direction 2 [3mmarket_id[0m[2m=[0m631deb8c-fbb4-489e-818e-ae698f57f50b [3mdirection[0m[2m=[0m"NO-A/YES-B" [3mraw_spread[0m[2m=[0m0.0100 [3mbid_a[0m[2m=[0m0.68 [3mask_b[0m[2m=[0m0.6700
[2m2026-04-12T20:33:37.196209Z[0m [34mDEBUG[0m [2mmercury::engine::market_actor[0m[2m:[0m Tick received — running arb detection [3mmarket_id[0m[2m=[0m631deb8c-fbb4-489e-818e-ae698f57f50b [3mplatform[0m[2m=[0mPolymarket [3mbid[0m[2m=[0m0.68 [3mask[0m[2m=[0m0.69 [3mmid[0m[2m=[0m0.6850 [3mbid_size[0m[2m=[0m192.7 [3mask_size[0m[2m=[0m47.85
[2m2026-04-12T20:33:37.196233Z[0m [34mDEBUG[0m [2mmercury::engine::market_actor[0m[2m:[0m Tick received — running arb detection [3mmarket_id[0m[2m=[0m79e1f598-7189-438f-a66e-b184b04be477 [3mplatform[0m[2m=[0mPolymarket [3mbid[0m[2m=[0m0.47 [3mask[0m[2m=[0m0.48 [3mmid[0m[2m=[0m0.4750 [3mbid_size[0m[2m=[0m15.8 [3mask_size[0m[2m=[0m7.2
[2m2026-04-12T20:33:37.196346Z[0m [34mDEBUG[0m [2mmercury::engine::spread[0m[2m:[0m Evaluated spread direction 2 [3mmarket_id[0m[2m=[0m631deb8c-fbb4-489e-818e-ae698f57f50b [3mdirection[0m[2m=[0m"NO-A/YES-B" [3mraw_spread[0m[2m=[0m0.0100 [3mbid_a[0m[2m=[0m0.68 [3mask_b[0m[2m=[0m0.6700
[2m2026-04-12T20:33:37.196498Z[0m [34mDEBUG[0m [2mmercury::engine::market_actor[0m[2m:[0m Tick received — running arb detection [3mmarket_id[0m[2m=[0m631deb8c-fbb4-489e-818e-ae698f57f50b [3mplatform[0m[2m=[0mPolymarket [3mbid[0m[2m=[0m0.68 [3mask[0m[2m=[0m0.69 [3mmid[0m[2m=[0m0.6850 [3mbid_size[0m[2m=[0m192.7 [3mask_size[0m[2m=[0m47.85
[2m2026-04-12T20:33:37.196630Z[0m [34mDEBUG[0m [2mmercury::engine::spread[0m[2m:[0m Evaluated spread direction 2 [3mmarket_id[0m[2m=[0m631deb8c-fbb4-489e-818e-ae698f57f50b [3mdirection[0m[2m=[0m"NO-A/YES-B" [3mraw_spread[0m[2m=[0m0.0100 [3mbid_a[0m[2m=[0m0.68 [3mask_b[0m[2m=[0m0.6700
[2m2026-04-12T20:33:37.196769Z[0m [34mDEBUG[0m [2mmercury::engine::market_actor[0m[2m:[0m Tick received — running arb detection [3mmarket_id[0m[2m=[0m631deb8c-fbb4-489e-818e-ae698f57f50b [3mplatform[0m[2m=[0mPolymarket [3mbid[0m[2m=[0m0.68 [3mask[0m[2m=[0m0.69 [3mmid[0m[2m=[0m0.6850 [3mbid_size[0m[2m=[0m192.7 [3mask_size[0m[2m=[0m52.85
[2m2026-04-12T20:33:37.196900Z[0m [34mDEBUG[0m [2mmercury::engine::spread[0m[2m:[0m Evaluated spread direction 2 [3mmarket_id[0m[2m=[0m631deb8c-fbb4-489e-818e-ae698f57f50b [3mdirection[0m[2m=[0m"NO-A/YES-B" [3mraw_spread[0m[2m=[0m0.0100 [3mbid_a[0m[2m=[0m0.68 [3mask_b[0m[2m=[0m0.6700
[2m2026-04-12T20:33:37.204656Z[0m [34mDEBUG[0m [2mmercury::engine::market_actor[0m[2m:[0m Tick received — running arb detection [3mmarket_id[0m[2m=[0m631deb8c-fbb4-489e-818e-ae698f57f50b [3mplatform[0m[2m=[0mPolymarket [3mbid[0m[2m=[0m0.68 [3mask[0m[2m=[0m0.69 [3mmid[0m[2m=[0m0.6850 [3mbid_size[0m[2m=[0m192.7 [3mask_size[0m[2m=[0m47.85
[2m2026-04-12T20:33:37.204867Z[0m [34mDEBUG[0m [2mmercury::engine::spread[0m[2m:[0m Evaluated spread direction 2 [3mmarket_id[0m[2m=[0m631deb8c-fbb4-489e-818e-ae698f57f50b [3mdirection[0m[2m=[0m"NO-A/YES-B" [3mraw_spread[0m[2m=[0m0.0100 [3mbid_a[0m[2m=[0m0.68 [3mask_b[0m[2m=[0m0.6700
[2m2026-04-12T20:33:37.214732Z[0m [34mDEBUG[0m [2mmercury::engine::market_actor[0m[2m:[0m Tick received — running arb detection [3mmarket_id[0m[2m=[0m79e1f598-7189-438f-a66e-b184b04be477 [3mplatform[0m[2m=[0mPolymarket [3mbid[0m[2m=[0m0.47 [3mask[0m[2m=[0m0.48 [3mmid[0m[2m=[0m0.4750 [3mbid_size[0m[2m=[0m15.8 [3mask_size[0m[2m=[0m7.2
[2m2026-04-12T20:33:37.216274Z[0m [34mDEBUG[0m [2mmercury::engine::market_actor[0m[2m:[0m Tick received — running arb detection [3mmarket_id[0m[2m=[0m79e1f598-7189-438f-a66e-b184b04be477 [3mplatform[0m[2m=[0mPolymarket [3mbid[0m[2m=[0m0.47 [3mask[0m[2m=[0m0.48 [3mmid[0m[2m=[0m0.4750 [3mbid_size[0m[2m=[0m15.8 [3mask_size[0m[2m=[0m7.2
[2m2026-04-12T20:33:37.253612Z[0m [34mDEBUG[0m [2mmercury::engine::market_actor[0m[2m:[0m Tick received — running arb detection [3mmarket_id[0m[2m=[0ma5a7da9a-b993-4c2a-80bc-cbc1d3c50971 [3mplatform[0m[2m=[0mPolymarket [3mbid[0m[2m=[0m0.49 [3mask[0m[2m=[0m0.5 [3mmid[0m[2m=[0m0.4950 [3mbid_size[0m[2m=[0m310.66 [3mask_size[0m[2m=[0m4411.05
[2m2026-04-12T20:33:37.295914Z[0m [34mDEBUG[0m [2mmercury::engine::market_actor[0m[2m:[0m Tick received — running arb detection [3mmarket_id[0m[2m=[0m631deb8c-fbb4-489e-818e-ae698f57f50b [3mplatform[0m[2m=[0mKalshi [3mbid[0m[2m=[0m0.6500 [3mask[0m[2m=[0m0.6700 [3mmid[0m[2m=[0m0.6600 [3mbid_size[0m[2m=[0m95.94 [3mask_size[0m[2m=[0m178.00
[2m2026-04-12T20:33:37.296001Z[0m [34mDEBUG[0m [2mmercury::engine::market_actor[0m[2m:[0m Tick received — running arb detection [3mmarket_id[0m[2m=[0m79e1f598-7189-438f-a66e-b184b04be477 [3mplatform[0m[2m=[0mPolymarket [3mbid[0m[2m=[0m0.47 [3mask[0m[2m=[0m0.48 [3mmid[0m[2m=[0m0.4750 [3mbid_size[0m[2m=[0m15.8 [3mask_size[0m[2m=[0m7.2
[2m2026-04-12T20:33:37.296317Z[0m [34mDEBUG[0m [2mmercury::engine::spread[0m[2m:[0m Evaluated spread direction 2 [3mmarket_id[0m[2m=[0m631deb8c-fbb4-489e-818e-ae698f57f50b [3mdirection[0m[2m=[0m"NO-A/YES-B" [3mraw_spread[0m[2m=[0m0.0100 [3mbid_a[0m[2m=[0m0.68 [3mask_b[0m[2m=[0m0.6700
[2m2026-04-12T20:33:37.296513Z[0m [34mDEBUG[0m [2mmercury::engine::market_actor[0m[2m:[0m Tick received — running arb detection [3mmarket_id[0m[2m=[0m631deb8c-fbb4-489e-818e-ae698f57f50b [3mplatform[0m[2m=[0mKalshi [3mbid[0m[2m=[0m0.6500 [3mask[0m[2m=[0m0.6700 [3mmid[0m[2m=[0m0.6600 [3mbid_size[0m[2m=[0m95.94 [3mask_size[0m[2m=[0m178.00
[2m2026-04-12T20:33:37.296585Z[0m [34mDEBUG[0m [2mmercury::engine::market_actor[0m[2m:[0m Tick received — running arb detection [3mmarket_id[0m[2m=[0m79e1f598-7189-438f-a66e-b184b04be477 [3mplatform[0m[2m=[0mPolymarket [3mbid[0m[2m=[0m0.47 [3mask[0m[2m=[0m0.48 [3mmid[0m[2m=[0m0.4750 [3mbid_size[0m[2m=[0m15.8 [3mask_size[0m[2m=[0m7.2
[2m2026-04-12T20:33:37.296691Z[0m [34mDEBUG[0m [2mmercury::engine::spread[0m[2m:[0m Evaluated spread direction 2 [3mmarket_id[0m[2m=[0m631deb8c-fbb4-489e-818e-ae698f57f50b [3mdirection[0m[2m=[0m"NO-A/YES-B" [3mraw_spread[0m[2m=[0m0.0100 [3mbid_a[0m[2m=[0m0.68 [3mask_b[0m[2m=[0m0.6700
[2m2026-04-12T20:33:37.296876Z[0m [34mDEBUG[0m [2mmercury::engine::market_actor[0m[2m:[0m Tick received — running arb detection [3mmarket_id[0m[2m=[0m631deb8c-fbb4-489e-818e-ae698f57f50b [3mplatform[0m[2m=[0mKalshi [3mbid[0m[2m=[0m0.6500 [3mask[0m[2m=[0m0.6700 [3mmid[0m[2m=[0m0.6600 [3mbid_size[0m[2m=[0m95.94 [3mask_size[0m[2m=[0m178.00
[2m2026-04-12T20:33:37.297053Z[0m [34mDEBUG[0m [2mmercury::engine::spread[0m[2m:[0m Evaluated spread direction 2 [3mmarket_id[0m[2m=[0m631deb8c-fbb4-489e-818e-ae698f57f50b [3mdirection[0m[2m=[0m"NO-A/YES-B" [3mraw_spread[0m[2m=[0m0.0100 [3mbid_a[0m[2m=[0m0.68 [3mask_b[0m[2m=[0m0.6700
[2m2026-04-12T20:33:37.297228Z[0m [34mDEBUG[0m [2mmercury::engine::market_actor[0m[2m:[0m Tick received — running arb detection [3mmarket_id[0m[2m=[0m631deb8c-fbb4-489e-818e-ae698f57f50b [3mplatform[0m[2m=[0mKalshi [3mbid[0m[2m=[0m0.6500 [3mask[0m[2m=[0m0.6700 [3mmid[0m[2m=[0m0.6600 [3mbid_size[0m[2m=[0m95.94 [3mask_size[0m[2m=[0m178.00
[2m2026-04-12T20:33:37.297404Z[0m [34mDEBUG[0m [2mmercury::engine::spread[0m[2m:[0m Evaluated spread direction 2 [3mmarket_id[0m[2m=[0m631deb8c-fbb4-489e-818e-ae698f57f50b [3mdirection[0m[2m=[0m"NO-A/YES-B" [3mraw_spread[0m[2m=[0m0.0100 [3mbid_a[0m[2m=[0m0.68 [3mask_b[0m[2m=[0m0.6700
[2m2026-04-12T20:33:37.297579Z[0m [34mDEBUG[0m [2mmercury::engine::market_actor[0m[2m:[0m Tick received — running arb detection [3mmarket_id[0m[2m=[0m631deb8c-fbb4-489e-818e-ae698f57f50b [3mplatform[0m[2m=[0mKalshi [3mbid[0m[2m=[0m0.6500 [3mask[0m[2m=[0m0.6700 [3mmid[0m[2m=[0m0.6600 [3mbid_size[0m[2m=[0m95.94 [3mask_size[0m[2m=[0m178.00
[2m2026-04-12T20:33:37.297760Z[0m [34mDEBUG[0m [2mmercury::engine::spread[0m[2m:[0m Evaluated spread direction 2 [3mmarket_id[0m[2m=[0m631deb8c-fbb4-489e-818e-ae698f57f50b [3mdirection[0m[2m=[0m"NO-A/YES-B" [3mraw_spread[0m[2m=[0m0.0100 [3mbid_a[0m[2m=[0m0.68 [3mask_b[0m[2m=[0m0.6700
[2m2026-04-12T20:33:37.297934Z[0m [34mDEBUG[0m [2mmercury::engine::market_actor[0m[2m:[0m Tick received — running arb detection [3mmarket_id[0m[2m=[0m631deb8c-fbb4-489e-818e-ae698f57f50b [3mplatform[0m[2m=[0mKalshi [3mbid[0m[2m=[0m0.6500 [3mask[0m[2m=[0m0.6700 [3mmid[0m[2m=[0m0.6600 [3mbid_size[0m[2m=[0m95.94 [3mask_size[0m[2m=[0m178.00
[2m2026-04-12T20:33:37.298110Z[0m [34mDEBUG[0m [2mmercury::engine::spread[0m[2m:[0m Evaluated spread direction 2 [3mmarket_id[0m[2m=[0m631deb8c-fbb4-489e-818e-ae698f57f50b [3mdirection[0m[2m=[0m"NO-A/YES-B" [3mraw_spread[0m[2m=[0m0.0100 [3mbid_a[0m[2m=[0m0.68 [3mask_b[0m[2m=[0m0.6700
[2m2026-04-12T20:33:37.298282Z[0m [34mDEBUG[0m [2mmercury::engine::market_actor[0m[2m:[0m Tick received — running arb detection [3mmarket_id[0m[2m=[0m631deb8c-fbb4-489e-818e-ae698f57f50b [3mplatform[0m[2m=[0mKalshi [3mbid[0m[2m=[0m0.6500 [3mask[0m[2m=[0m0.6700 [3mmid[0m[2m=[0m0.6600 [3mbid_size[0m[2m=[0m95.94 [3mask_size[0m[2m=[0m178.00
[2m2026-04-12T20:33:37.298458Z[0m [34mDEBUG[0m [2mmercury::engine::spread[0m[2m:[0m Evaluated spread direction 2 [3mmarket_id[0m[2m=[0m631deb8c-fbb4-489e-818e-ae698f57f50b [3mdirection[0m[2m=[0m"NO-A/YES-B" [3mraw_spread[0m[2m=[0m0.0100 [3mbid_a[0m[2m=[0m0.68 [3mask_b[0m[2m=[0m0.6700
[2m2026-04-12T20:33:37.298632Z[0m [34mDEBUG[0m [2mmercury::engine::market_actor[0m[2m:[0m Tick received — running arb detection [3mmarket_id[0m[2m=[0m631deb8c-fbb4-489e-818e-ae698f57f50b [3mplatform[0m[2m=[0mKalshi [3mbid[0m[2m=[0m0.6500 [3mask[0m[2m=[0m0.6700 [3mmid[0m[2m=[0m0.6600 [3mbid_size[0m[2m=[0m95.94 [3mask_size[0m[2m=[0m178.00
[2m2026-04-12T20:33:37.298806Z[0m [34mDEBUG[0m [2mmercury::engine::spread[0m[2m:[0m Evaluated spread direction 2 [3mmarket_id[0m[2m=[0m631deb8c-fbb4-489e-818e-ae698f57f50b [3mdirection[0m[2m=[0m"NO-A/YES-B" [3mraw_spread[0m[2m=[0m0.0100 [3mbid_a[0m[2m=[0m0.68 [3mask_b[0m[2m=[0m0.6700
[2m2026-04-12T20:33:37.298978Z[0m [34mDEBUG[0m [2mmercury::engine::market_actor[0m[2m:[0m Tick received — running arb detection [3mmarket_id[0m[2m=[0m631deb8c-fbb4-489e-818e-ae698f57f50b [3mplatform[0m[2m=[0mKalshi [3mbid[0m[2m=[0m0.6500 [3mask[0m[2m=[0m0.6700 [3mmid[0m[2m=[0m0.6600 [3mbid_size[0m[2m=[0m95.94 [3mask_size[0m[2m=[0m178.00
[2m2026-04-12T20:33:37.299151Z[0m [34mDEBUG[0m [2mmercury::engine::spread[0m[2m:[0m Evaluated spread direction 2 [3mmarket_id[0m[2m=[0m631deb8c-fbb4-489e-818e-ae698f57f50b [3mdirection[0m[2m=[0m"NO-A/YES-B" [3mraw_spread[0m[2m=[0m0.0100 [3mbid_a[0m[2m=[0m0.68 [3mask_b[0m[2m=[0m0.6700
[2m2026-04-12T20:33:37.299339Z[0m [34mDEBUG[0m [2mmercury::engine::market_actor[0m[2m:[0m Tick received — running arb detection [3mmarket_id[0m[2m=[0m631deb8c-fbb4-489e-818e-ae698f57f50b [3mplatform[0m[2m=[0mKalshi [3mbid[0m[2m=[0m0.6500 [3mask[0m[2m=[0m0.6700 [3mmid[0m[2m=[0m0.6600 [3mbid_size[0m[2m=[0m95.94 [3mask_size[0m[2m=[0m178.00
[2m2026-04-12T20:33:37.299473Z[0m [34mDEBUG[0m [2mmercury::engine::spread[0m[2m:[0m Evaluated spread direction 2 [3mmarket_id[0m[2m=[0m631deb8c-fbb4-489e-818e-ae698f57f50b [3mdirection[0m[2m=[0m"NO-A/YES-B" [3mraw_spread[0m[2m=[0m0.0100 [3mbid_a[0m[2m=[0m0.68 [3mask_b[0m[2m=[0m0.6700
[2m2026-04-12T20:33:37.305659Z[0m [34mDEBUG[0m [2mmercury::engine::market_actor[0m[2m:[0m Tick received — running arb detection [3mmarket_id[0m[2m=[0m631deb8c-fbb4-489e-818e-ae698f57f50b [3mplatform[0m[2m=[0mKalshi [3mbid[0m[2m=[0m0.6500 [3mask[0m[2m=[0m0.6700 [3mmid[0m[2m=[0m0.6600 [3mbid_size[0m[2m=[0m95.94 [3mask_size[0m[2m=[0m178.00
[2m2026-04-12T20:33:37.305933Z[0m [34mDEBUG[0m [2mmercury::engine::spread[0m[2m:[0m Evaluated spread direction 2 [3mmarket_id[0m[2m=[0m631deb8c-fbb4-489e-818e-ae698f57f50b [3mdirection[0m[2m=[0m"NO-A/YES-B" [3mraw_spread[0m[2m=[0m0.0100 [3mbid_a[0m[2m=[0m0.68 [3mask_b[0m[2m=[0m0.6700
[2m2026-04-12T20:33:37.306141Z[0m [34mDEBUG[0m [2mmercury::engine::market_actor[0m[2m:[0m Tick received — running arb detection [3mmarket_id[0m[2m=[0m631deb8c-fbb4-489e-818e-ae698f57f50b [3mplatform[0m[2m=[0mKalshi [3mbid[0m[2m=[0m0.6500 [3mask[0m[2m=[0m0.6700 [3mmid[0m[2m=[0m0.6600 [3mbid_size[0m[2m=[0m95.94 [3mask_size[0m[2m=[0m178.00
[2m2026-04-12T20:33:37.306280Z[0m [34mDEBUG[0m [2mmercury::engine::spread[0m[2m:[0m Evaluated spread direction 2 [3mmarket_id[0m[2m=[0m631deb8c-fbb4-489e-818e-ae698f57f50b [3mdirection[0m[2m=[0m"NO-A/YES-B" [3mraw_spread[0m[2m=[0m0.0100 [3mbid_a[0m[2m=[0m0.68 [3mask_b[0m[2m=[0m0.6700
[2m2026-04-12T20:33:37.345224Z[0m [34mDEBUG[0m [2mmercury::engine::market_actor[0m[2m:[0m Tick received — running arb detection [3mmarket_id[0m[2m=[0m631deb8c-fbb4-489e-818e-ae698f57f50b [3mplatform[0m[2m=[0mKalshi [3mbid[0m[2m=[0m0.6500 [3mask[0m[2m=[0m0.6700 [3mmid[0m[2m=[0m0.6600 [3mbid_size[0m[2m=[0m95.94 [3mask_size[0m[2m=[0m178.00
[2m2026-04-12T20:33:37.345476Z[0m [34mDEBUG[0m [2mmercury::feeds::discovery[0m[2m:[0m No Kalshi 15m market found for this round [3masset[0m[2m=[0m"sol" [3mround_start_ts[0m[2m=[0m1776026700 [3mtarget_close[0m[2m=[0m1776027600
[2m2026-04-12T20:33:37.345577Z[0m [34mDEBUG[0m [2mmercury::engine::spread[0m[2m:[0m Evaluated spread direction 2 [3mmarket_id[0m[2m=[0m631deb8c-fbb4-489e-818e-ae698f57f50b [3mdirection[0m[2m=[0m"NO-A/YES-B" [3mraw_spread[0m[2m=[0m0.0100 [3mbid_a[0m[2m=[0m0.68 [3mask_b[0m[2m=[0m0.6700
[2m2026-04-12T20:33:37.345679Z[0m [32m INFO[0m [2mmercury::feeds::discovery[0m[2m:[0m 15m crypto round matched [3masset[0m[2m=[0msol [3mround_start[0m[2m=[0m1776026700 [3mpoly[0m[2m=[0mtrue [3mkalshi[0m[2m=[0mfalse
[2m2026-04-12T20:33:37.345771Z[0m [34mDEBUG[0m [2mmercury::engine::market_actor[0m[2m:[0m Tick received — running arb detection [3mmarket_id[0m[2m=[0m631deb8c-fbb4-489e-818e-ae698f57f50b [3mplatform[0m[2m=[0mKalshi [3mbid[0m[2m=[0m0.6500 [3mask[0m[2m=[0m0.6700 [3mmid[0m[2m=[0m0.6600 [3mbid_size[0m[2m=[0m95.94 [3mask_size[0m[2m=[0m178.00
[2m2026-04-12T20:33:37.345952Z[0m [34mDEBUG[0m [2mmercury::engine::spread[0m[2m:[0m Evaluated spread direction 2 [3mmarket_id[0m[2m=[0m631deb8c-fbb4-489e-818e-ae698f57f50b [3mdirection[0m[2m=[0m"NO-A/YES-B" [3mraw_spread[0m[2m=[0m0.0100 [3mbid_a[0m[2m=[0m0.68 [3mask_b[0m[2m=[0m0.6700
[2m2026-04-12T20:33:37.346134Z[0m [34mDEBUG[0m [2mmercury::engine::market_actor[0m[2m:[0m Tick received — running arb detection [3mmarket_id[0m[2m=[0m631deb8c-fbb4-489e-818e-ae698f57f50b [3mplatform[0m[2m=[0mKalshi [3mbid[0m[2m=[0m0.6500 [3mask[0m[2m=[0m0.6700 [3mmid[0m[2m=[0m0.6600 [3mbid_size[0m[2m=[0m95.94 [3mask_size[0m[2m=[0m178.00
[2m2026-04-12T20:33:37.346308Z[0m [34mDEBUG[0m [2mmercury::engine::spread[0m[2m:[0m Evaluated spread direction 2 [3mmarket_id[0m[2m=[0m631deb8c-fbb4-489e-818e-ae698f57f50b [3mdirection[0m[2m=[0m"NO-A/YES-B" [3mraw_spread[0m[2m=[0m0.0100 [3mbid_a[0m[2m=[0m0.68 [3mask_b[0m[2m=[0m0.6700
[2m2026-04-12T20:33:37.348172Z[0m [34mDEBUG[0m [2mmercury::engine::market_actor[0m[2m:[0m Tick received — running arb detection [3mmarket_id[0m[2m=[0m631deb8c-fbb4-489e-818e-ae698f57f50b [3mplatform[0m[2m=[0mKalshi [3mbid[0m[2m=[0m0.6500 [3mask[0m[2m=[0m0.6700 [3mmid[0m[2m=[0m0.6600 [3mbid_size[0m[2m=[0m95.94 [3mask_size[0m[2m=[0m178.00
[2m2026-04-12T20:33:37.348332Z[0m [34mDEBUG[0m [2mmercury::engine::spread[0m[2m:[0m Evaluated spread direction 2 [3mmarket_id[0m[2m=[0m631deb8c-fbb4-489e-818e-ae698f57f50b [3mdirection[0m[2m=[0m"NO-A/YES-B" [3mraw_spread[0m[2m=[0m0.0100 [3mbid_a[0m[2m=[0m0.68 [3mask_b[0m[2m=[0m0.6700
[2m2026-04-12T20:33:37.350253Z[0m [34mDEBUG[0m [2mmercury::engine::market_actor[0m[2m:[0m Tick received — running arb detection [3mmarket_id[0m[2m=[0m631deb8c-fbb4-489e-818e-ae698f57f50b [3mplatform[0m[2m=[0mPolymarket [3mbid[0m[2m=[0m0.68 [3mask[0m[2m=[0m0.69 [3mmid[0m[2m=[0m0.6850 [3mbid_size[0m[2m=[0m192.7 [3mask_size[0m[2m=[0m47.85
[2m2026-04-12T20:33:37.350429Z[0m [34mDEBUG[0m [2mmercury::engine::spread[0m[2m:[0m Evaluated spread direction 2 [3mmarket_id[0m[2m=[0m631deb8c-fbb4-489e-818e-ae698f57f50b [3mdirection[0m[2m=[0m"NO-A/YES-B" [3mraw_spread[0m[2m=[0m0.0100 [3mbid_a[0m[2m=[0m0.68 [3mask_b[0m[2m=[0m0.6700
[2m2026-04-12T20:33:37.357898Z[0m [34mDEBUG[0m [2mmercury::engine::market_actor[0m[2m:[0m Tick received — running arb detection [3mmarket_id[0m[2m=[0m631deb8c-fbb4-489e-818e-ae698f57f50b [3mplatform[0m[2m=[0mPolymarket [3mbid[0m[2m=[0m0.68 [3mask[0m[2m=[0m0.69 [3mmid[0m[2m=[0m0.6850 [3mbid_size[0m[2m=[0m192.7 [3mask_size[0m[2m=[0m47.85
[2m2026-04-12T20:33:37.358172Z[0m [34mDEBUG[0m [2mmercury::engine::spread[0m[2m:[0m Evaluated spread direction 2 [3mmarket_id[0m[2m=[0m631deb8c-fbb4-489e-818e-ae698f57f50b [3mdirection[0m[2m=[0m"NO-A/YES-B" [3mraw_spread[0m[2m=[0m0.0100 [3mbid_a[0m[2m=[0m0.68 [3mask_b[0m[2m=[0m0.6700
[2m2026-04-12T20:33:37.398599Z[0m [33m WARN[0m [2mmercury::feeds::kalshi[0m[2m:[0m Kalshi sequence gap for KXETH15M-26APR121645-45: expected 48, got 120. Book may be out of sync.
[2m2026-04-12T20:33:37.398652Z[0m [34mDEBUG[0m [2mmercury::engine::market_actor[0m[2m:[0m Tick received — running arb detection [3mmarket_id[0m[2m=[0m631deb8c-fbb4-489e-818e-ae698f57f50b [3mplatform[0m[2m=[0mKalshi [3mbid[0m[2m=[0m0.6500 [3mask[0m[2m=[0m0.6700 [3mmid[0m[2m=[0m0.6600 [3mbid_size[0m[2m=[0m95.94 [3mask_size[0m[2m=[0m178.00
[2m2026-04-12T20:33:37.398810Z[0m [33m WARN[0m [2mmercury::feeds::kalshi[0m[2m:[0m Kalshi sequence gap for KXBTC15M-26APR121645-45: expected 120, got 121. Book may be out of sync.
[2m2026-04-12T20:33:37.398828Z[0m [34mDEBUG[0m [2mmercury::engine::spread[0m[2m:[0m Evaluated spread direction 2 [3mmarket_id[0m[2m=[0m631deb8c-fbb4-489e-818e-ae698f57f50b [3mdirection[0m[2m=[0m"NO-A/YES-B" [3mraw_spread[0m[2m=[0m0.0100 [3mbid_a[0m[2m=[0m0.68 [3mask_b[0m[2m=[0m0.6700
[2m2026-04-12T20:33:37.398859Z[0m [34mDEBUG[0m [2mmercury::engine::market_actor[0m[2m:[0m Tick received — running arb detection [3mmarket_id[0m[2m=[0m9046452d-bcb3-4bb8-8925-8924b7439992 [3mplatform[0m[2m=[0mKalshi [3mbid[0m[2m=[0m0.5300 [3mask[0m[2m=[0m0.5500 [3mmid[0m[2m=[0m0.5400 [3mbid_size[0m[2m=[0m46.40 [3mask_size[0m[2m=[0m23.76
[2m2026-04-12T20:33:37.398977Z[0m [34mDEBUG[0m [2mmercury::engine::market_actor[0m[2m:[0m Tick received — running arb detection [3mmarket_id[0m[2m=[0m631deb8c-fbb4-489e-818e-ae698f57f50b [3mplatform[0m[2m=[0mPolymarket [3mbid[0m[2m=[0m0.68 [3mask[0m[2m=[0m0.69 [3mmid[0m[2m=[0m0.6850 [3mbid_size[0m[2m=[0m192.7 [3mask_size[0m[2m=[0m47.85
[2m2026-04-12T20:33:37.399021Z[0m [34mDEBUG[0m [2mmercury::engine::spread[0m[2m:[0m Evaluated spread direction 2 [3mmarket_id[0m[2m=[0m9046452d-bcb3-4bb8-8925-8924b7439992 [3mdirection[0m[2m=[0m"NO-A/YES-B" [3mraw_spread[0m[2m=[0m0.0100 [3mbid_a[0m[2m=[0m0.56 [3mask_b[0m[2m=[0m0.5500
[2m2026-04-12T20:33:37.399177Z[0m [34mDEBUG[0m [2mmercury::engine::spread[0m[2m:[0m Evaluated spread direction 2 [3mmarket_id[0m[2m=[0m631deb8c-fbb4-489e-818e-ae698f57f50b [3mdirection[0m[2m=[0m"NO-A/YES-B" [3mraw_spread[0m[2m=[0m0.0100 [3mbid_a[0m[2m=[0m0.68 [3mask_b[0m[2m=[0m0.6700
[2m2026-04-12T20:33:37.399312Z[0m [34mDEBUG[0m [2mmercury::engine::market_actor[0m[2m:[0m Tick received — running arb detection [3mmarket_id[0m[2m=[0m631deb8c-fbb4-489e-818e-ae698f57f50b [3mplatform[0m[2m=[0mKalshi [3mbid[0m[2m=[0m0.6500 [3mask[0m[2m=[0m0.6700 [3mmid[0m[2m=[0m0.6600 [3mbid_size[0m[2m=[0m95.94 [3mask_size[0m[2m=[0m178.00
[2m2026-04-12T20:33:37.399450Z[0m [34mDEBUG[0m [2mmercury::engine::spread[0m[2m:[0m Evaluated spread direction 2 [3mmarket_id[0m[2m=[0m631deb8c-fbb4-489e-818e-ae698f57f50b [3mdirection[0m[2m=[0m"NO-A/YES-B" [3mraw_spread[0m[2m=[0m0.0100 [3mbid_a[0m[2m=[0m0.68 [3mask_b[0m[2m=[0m0.6700
[2m2026-04-12T20:33:37.399589Z[0m [34mDEBUG[0m [2mmercury::engine::market_actor[0m[2m:[0m Tick received — running arb detection [3mmarket_id[0m[2m=[0m631deb8c-fbb4-489e-818e-ae698f57f50b [3mplatform[0m[2m=[0mPolymarket [3mbid[0m[2m=[0m0.68 [3mask[0m[2m=[0m0.69 [3mmid[0m[2m=[0m0.6850 [3mbid_size[0m[2m=[0m192.7 [3mask_size[0m[2m=[0m47.85
[2m2026-04-12T20:33:37.399719Z[0m [34mDEBUG[0m [2mmercury::engine::spread[0m[2m:[0m Evaluated spread direction 2 [3mmarket_id[0m[2m=[0m631deb8c-fbb4-489e-818e-ae698f57f50b [3mdirection[0m[2m=[0m"NO-A/YES-B" [3mraw_spread[0m[2m=[0m0.0100 [3mbid_a[0m[2m=[0m0.68 [3mask_b[0m[2m=[0m0.6700
[2m2026-04-12T20:33:37.399858Z[0m [34mDEBUG[0m [2mmercury::engine::market_actor[0m[2m:[0m Tick received — running arb detection [3mmarket_id[0m[2m=[0m631deb8c-fbb4-489e-818e-ae698f57f50b [3mplatform[0m[2m=[0mPolymarket [3mbid[0m[2m=[0m0.68 [3mask[0m[2m=[0m0.69 [3mmid[0m[2m=[0m0.6850 [3mbid_size[0m[2m=[0m192.7 [3mask_size[0m[2m=[0m47.85
[2m2026-04-12T20:33:37.399990Z[0m [34mDEBUG[0m [2mmercury::engine::spread[0m[2m:[0m Evaluated spread direction 2 [3mmarket_id[0m[2m=[0m631deb8c-fbb4-489e-818e-ae698f57f50b [3mdirection[0m[2m=[0m"NO-A/YES-B" [3mraw_spread[0m[2m=[0m0.0100 [3mbid_a[0m[2m=[0m0.68 [3mask_b[0m[2m=[0m0.6700
[2m2026-04-12T20:33:37.400123Z[0m [34mDEBUG[0m [2mmercury::engine::market_actor[0m[2m:[0m Tick received — running arb detection [3mmarket_id[0m[2m=[0m631deb8c-fbb4-489e-818e-ae698f57f50b [3mplatform[0m[2m=[0mKalshi [3mbid[0m[2m=[0m0.6500 [3mask[0m[2m=[0m0.6700 [3mmid[0m[2m=[0m0.6600 [3mbid_size[0m[2m=[0m95.94 [3mask_size[0m[2m=[0m178.00
[2m2026-04-12T20:33:37.400259Z[0m [34mDEBUG[0m [2mmercury::engine::spread[0m[2m:[0m Evaluated spread direction 2 [3mmarket_id[0m[2m=[0m631deb8c-fbb4-489e-818e-ae698f57f50b [3mdirection[0m[2m=[0m"NO-A/YES-B" [3mraw_spread[0m[2m=[0m0.0100 [3mbid_a[0m[2m=[0m0.68 [3mask_b[0m[2m=[0m0.6700
[2m2026-04-12T20:33:37.400396Z[0m [34mDEBUG[0m [2mmercury::engine::market_actor[0m[2m:[0m Tick received — running arb detection [3mmarket_id[0m[2m=[0m631deb8c-fbb4-489e-818e-ae698f57f50b [3mplatform[0m[2m=[0mKalshi [3mbid[0m[2m=[0m0.6500 [3mask[0m[2m=[0m0.6700 [3mmid[0m[2m=[0m0.6600 [3mbid_size[0m[2m=[0m95.94 [3mask_size[0m[2m=[0m178.00
[2m2026-04-12T20:33:37.400530Z[0m [34mDEBUG[0m [2mmercury::engine::spread[0m[2m:[0m Evaluated spread direction 2 [3mmarket_id[0m[2m=[0m631deb8c-fbb4-489e-818e-ae698f57f50b [3mdirection[0m[2m=[0m"NO-A/YES-B" [3mraw_spread[0m[2m=[0m0.0100 [3mbid_a[0m[2m=[0m0.68 [3mask_b[0m[2m=[0m0.6700
[2m2026-04-12T20:33:37.401805Z[0m [34mDEBUG[0m [2mmercury::engine::market_actor[0m[2m:[0m Tick received — running arb detection [3mmarket_id[0m[2m=[0m631deb8c-fbb4-489e-818e-ae698f57f50b [3mplatform[0m[2m=[0mPolymarket [3mbid[0m[2m=[0m0.68 [3mask[0m[2m=[0m0.69 [3mmid[0m[2m=[0m0.6850 [3mbid_size[0m[2m=[0m192.7 [3mask_size[0m[2m=[0m47.85
[2m2026-04-12T20:33:37.401987Z[0m [34mDEBUG[0m [2mmercury::engine::spread[0m[2m:[0m Evaluated spread direction 2 [3mmarket_id[0m[2m=[0m631deb8c-fbb4-489e-818e-ae698f57f50b [3mdirection[0m[2m=[0m"NO-A/YES-B" [3mraw_spread[0m[2m=[0m0.0100 [3mbid_a[0m[2m=[0m0.68 [3mask_b[0m[2m=[0m0.6700
[2m2026-04-12T20:33:37.447417Z[0m [34mDEBUG[0m [2mmercury::engine::market_actor[0m[2m:[0m Tick received — running arb detection [3mmarket_id[0m[2m=[0m631deb8c-fbb4-489e-818e-ae698f57f50b [3mplatform[0m[2m=[0mKalshi [3mbid[0m[2m=[0m0.6500 [3mask[0m[2m=[0m0.6700 [3mmid[0m[2m=[0m0.6600 [3mbid_size[0m[2m=[0m95.94 [3mask_size[0m[2m=[0m178.00
[2m2026-04-12T20:33:37.447732Z[0m [34mDEBUG[0m [2mmercury::engine::spread[0m[2m:[0m Evaluated spread direction 2 [3mmarket_id[0m[2m=[0m631deb8c-fbb4-489e-818e-ae698f57f50b [3mdirection[0m[2m=[0m"NO-A/YES-B" [3mraw_spread[0m[2m=[0m0.0100 [3mbid_a[0m[2m=[0m0.68 [3mask_b[0m[2m=[0m0.6700
[2m2026-04-12T20:33:37.447930Z[0m [34mDEBUG[0m [2mmercury::engine::market_actor[0m[2m:[0m Tick received — running arb detection [3mmarket_id[0m[2m=[0m631deb8c-fbb4-489e-818e-ae698f57f50b [3mplatform[0m[2m=[0mKalshi [3mbid[0m[2m=[0m0.6500 [3mask[0m[2m=[0m0.6700 [3mmid[0m[2m=[0m0.6600 [3mbid_size[0m[2m=[0m95.94 [3mask_size[0m[2m=[0m178.00
[2m2026-04-12T20:33:37.448109Z[0m [34mDEBUG[0m [2mmercury::engine::spread[0m[2m:[0m Evaluated spread direction 2 [3mmarket_id[0m[2m=[0m631deb8c-fbb4-489e-818e-ae698f57f50b [3mdirection[0m[2m=[0m"NO-A/YES-B" [3mraw_spread[0m[2m=[0m0.0100 [3mbid_a[0m[2m=[0m0.68 [3mask_b[0m[2m=[0m0.6700
[2m2026-04-12T20:33:37.448292Z[0m [34mDEBUG[0m [2mmercury::engine::market_actor[0m[2m:[0m Tick received — running arb detection [3mmarket_id[0m[2m=[0m631deb8c-fbb4-489e-818e-ae698f57f50b [3mplatform[0m[2m=[0mKalshi [3mbid[0m[2m=[0m0.6500 [3mask[0m[2m=[0m0.6700 [3mmid[0m[2m=[0m0.6600 [3mbid_size[0m[2m=[0m95.94 [3mask_size[0m[2m=[0m178.00
[2m2026-04-12T20:33:37.448469Z[0m [34mDEBUG[0m [2mmercury::engine::spread[0m[2m:[0m Evaluated spread direction 2 [3mmarket_id[0m[2m=[0m631deb8c-fbb4-489e-818e-ae698f57f50b [3mdirection[0m[2m=[0m"NO-A/YES-B" [3mraw_spread[0m[2m=[0m0.0100 [3mbid_a[0m[2m=[0m0.68 [3mask_b[0m[2m=[0m0.6700
[2m2026-04-12T20:33:37.448656Z[0m [34mDEBUG[0m [2mmercury::engine::market_actor[0m[2m:[0m Tick received — running arb detection [3mmarket_id[0m[2m=[0m631deb8c-fbb4-489e-818e-ae698f57f50b [3mplatform[0m[2m=[0mPolymarket [3mbid[0m[2m=[0m0.68 [3mask[0m[2m=[0m0.69 [3mmid[0m[2m=[0m0.6850 [3mbid_size[0m[2m=[0m192.7 [3mask_size[0m[2m=[0m47.85
[2m2026-04-12T20:33:37.448830Z[0m [34mDEBUG[0m [2mmercury::engine::spread[0m[2m:[0m Evaluated spread direction 2 [3mmarket_id[0m[2m=[0m631deb8c-fbb4-489e-818e-ae698f57f50b [3mdirection[0m[2m=[0m"NO-A/YES-B" [3mraw_spread[0m[2m=[0m0.0100 [3mbid_a[0m[2m=[0m0.68 [3mask_b[0m[2m=[0m0.6700
[2m2026-04-12T20:33:37.449015Z[0m [34mDEBUG[0m [2mmercury::engine::market_actor[0m[2m:[0m Tick received — running arb detection [3mmarket_id[0m[2m=[0m631deb8c-fbb4-489e-818e-ae698f57f50b [3mplatform[0m[2m=[0mPolymarket [3mbid[0m[2m=[0m0.68 [3mask[0m[2m=[0m0.69 [3mmid[0m[2m=[0m0.6850 [3mbid_size[0m[2m=[0m192.7 [3mask_size[0m[2m=[0m47.85
[2m2026-04-12T20:33:37.449188Z[0m [34mDEBUG[0m [2mmercury::engine::spread[0m[2m:[0m Evaluated spread direction 2 [3mmarket_id[0m[2m=[0m631deb8c-fbb4-489e-818e-ae698f57f50b [3mdirection[0m[2m=[0m"NO-A/YES-B" [3mraw_spread[0m[2m=[0m0.0100 [3mbid_a[0m[2m=[0m0.68 [3mask_b[0m[2m=[0m0.6700
[2m2026-04-12T20:33:37.449371Z[0m [34mDEBUG[0m [2mmercury::engine::market_actor[0m[2m:[0m Tick received — running arb detection [3mmarket_id[0m[2m=[0m631deb8c-fbb4-489e-818e-ae698f57f50b [3mplatform[0m[2m=[0mPolymarket [3mbid[0m[2m=[0m0.68 [3mask[0m[2m=[0m0.69 [3mmid[0m[2m=[0m0.6850 [3mbid_size[0m[2m=[0m192.7 [3mask_size[0m[2m=[0m47.85
[2m2026-04-12T20:33:37.449545Z[0m [34mDEBUG[0m [2mmercury::engine::spread[0m[2m:[0m Evaluated spread direction 2 [3mmarket_id[0m[2m=[0m631deb8c-fbb4-489e-818e-ae698f57f50b [3mdirection[0m[2m=[0m"NO-A/YES-B" [3mraw_spread[0m[2m=[0m0.0100 [3mbid_a[0m[2m=[0m0.68 [3mask_b[0m[2m=[0m0.6700
[2m2026-04-12T20:33:37.452576Z[0m [34mDEBUG[0m [2mmercury::engine::market_actor[0m[2m:[0m Tick received — running arb detection [3mmarket_id[0m[2m=[0m631deb8c-fbb4-489e-818e-ae698f57f50b [3mplatform[0m[2m=[0mKalshi [3mbid[0m[2m=[0m0.6500 [3mask[0m[2m=[0m0.6700 [3mmid[0m[2m=[0m0.6600 [3mbid_size[0m[2m=[0m95.94 [3mask_size[0m[2m=[0m178.00
[2m2026-04-12T20:33:37.452751Z[0m [34mDEBUG[0m [2mmercury::engine::spread[0m[2m:[0m Evaluated spread direction 2 [3mmarket_id[0m[2m=[0m631deb8c-fbb4-489e-818e-ae698f57f50b [3mdirection[0m[2m=[0m"NO-A/YES-B" [3mraw_spread[0m[2m=[0m0.0100 [3mbid_a[0m[2m=[0m0.68 [3mask_b[0m[2m=[0m0.6700
[2m2026-04-12T20:33:37.500847Z[0m [34mDEBUG[0m [2mmercury::engine::market_actor[0m[2m:[0m Tick received — running arb detection [3mmarket_id[0m[2m=[0m631deb8c-fbb4-489e-818e-ae698f57f50b [3mplatform[0m[2m=[0mKalshi [3mbid[0m[2m=[0m0.6500 [3mask[0m[2m=[0m0.6700 [3mmid[0m[2m=[0m0.6600 [3mbid_size[0m[2m=[0m95.94 [3mask_size[0m[2m=[0m178.00
[2m2026-04-12T20:33:37.501117Z[0m [34mDEBUG[0m [2mmercury::engine::spread[0m[2m:[0m Evaluated spread direction 2 [3mmarket_id[0m[2m=[0m631deb8c-fbb4-489e-818e-ae698f57f50b [3mdirection[0m[2m=[0m"NO-A/YES-B" [3mraw_spread[0m[2m=[0m0.0100 [3mbid_a[0m[2m=[0m0.68 [3mask_b[0m[2m=[0m0.6700
[2m2026-04-12T20:33:37.501317Z[0m [34mDEBUG[0m [2mmercury::engine::market_actor[0m[2m:[0m Tick received — running arb detection [3mmarket_id[0m[2m=[0m631deb8c-fbb4-489e-818e-ae698f57f50b [3mplatform[0m[2m=[0mKalshi [3mbid[0m[2m=[0m0.6500 [3mask[0m[2m=[0m0.6700 [3mmid[0m[2m=[0m0.6600 [3mbid_size[0m[2m=[0m95.94 [3mask_size[0m[2m=[0m178.00
[2m2026-04-12T20:33:37.501507Z[0m [34mDEBUG[0m [2mmercury::engine::spread[0m[2m:[0m Evaluated spread direction 2 [3mmarket_id[0m[2m=[0m631deb8c-fbb4-489e-818e-ae698f57f50b [3mdirection[0m[2m=[0m"NO-A/YES-B" [3mraw_spread[0m[2m=[0m0.0100 [3mbid_a[0m[2m=[0m0.68 [3mask_b[0m[2m=[0m0.6700
[2m2026-04-12T20:33:37.501552Z[0m [33m WARN[0m [2mmercury::feeds::kalshi[0m[2m:[0m Kalshi sequence gap for KXETH15M-26APR121645-45: expected 121, got 130. Book may be out of sync.
[2m2026-04-12T20:33:37.501634Z[0m [34mDEBUG[0m [2mmercury::engine::market_actor[0m[2m:[0m Tick received — running arb detection [3mmarket_id[0m[2m=[0ma5a7da9a-b993-4c2a-80bc-cbc1d3c50971 [3mplatform[0m[2m=[0mPolymarket [3mbid[0m[2m=[0m0.49 [3mask[0m[2m=[0m0.5 [3mmid[0m[2m=[0m0.4950 [3mbid_size[0m[2m=[0m310.66 [3mask_size[0m[2m=[0m4411.05
[2m2026-04-12T20:33:37.501674Z[0m [34mDEBUG[0m [2mmercury::engine::market_actor[0m[2m:[0m Tick received — running arb detection [3mmarket_id[0m[2m=[0m2b958b37-9921-40b8-b22d-64a67138ae70 [3mplatform[0m[2m=[0mPolymarket [3mbid[0m[2m=[0m0.64 [3mask[0m[2m=[0m0.66 [3mmid[0m[2m=[0m0.65 [3mbid_size[0m[2m=[0m3.69 [3mask_size[0m[2m=[0m110.8
[2m2026-04-12T20:33:37.501684Z[0m [34mDEBUG[0m [2mmercury::engine::market_actor[0m[2m:[0m Tick received — running arb detection [3mmarket_id[0m[2m=[0m631deb8c-fbb4-489e-818e-ae698f57f50b [3mplatform[0m[2m=[0mKalshi [3mbid[0m[2m=[0m0.6500 [3mask[0m[2m=[0m0.6700 [3mmid[0m[2m=[0m0.6600 [3mbid_size[0m[2m=[0m95.94 [3mask_size[0m[2m=[0m178.00
[2m2026-04-12T20:33:37.501855Z[0m [34mDEBUG[0m [2mmercury::engine::market_actor[0m[2m:[0m Tick received — running arb detection [3mmarket_id[0m[2m=[0m9046452d-bcb3-4bb8-8925-8924b7439992 [3mplatform[0m[2m=[0mKalshi [3mbid[0m[2m=[0m0.5300 [3mask[0m[2m=[0m0.5500 [3mmid[0m[2m=[0m0.5400 [3mbid_size[0m[2m=[0m25.00 [3mask_size[0m[2m=[0m23.76
[2m2026-04-12T20:33:37.501947Z[0m [34mDEBUG[0m [2mmercury::engine::spread[0m[2m:[0m Evaluated spread direction 2 [3mmarket_id[0m[2m=[0m631deb8c-fbb4-489e-818e-ae698f57f50b [3mdirection[0m[2m=[0m"NO-A/YES-B" [3mraw_spread[0m[2m=[0m0.0100 [3mbid_a[0m[2m=[0m0.68 [3mask_b[0m[2m=[0m0.6700
[2m2026-04-12T20:33:37.502066Z[0m [33m WARN[0m [2mmercury::feeds::kalshi[0m[2m:[0m Kalshi sequence gap for KXBTC15M-26APR121645-45: expected 130, got 134. Book may be out of sync.
[2m2026-04-12T20:33:37.502143Z[0m [34mDEBUG[0m [2mmercury::engine::spread[0m[2m:[0m Evaluated spread direction 2 [3mmarket_id[0m[2m=[0m9046452d-bcb3-4bb8-8925-8924b7439992 [3mdirection[0m[2m=[0m"NO-A/YES-B" [3mraw_spread[0m[2m=[0m0.0100 [3mbid_a[0m[2m=[0m0.56 [3mask_b[0m[2m=[0m0.5500
[2m2026-04-12T20:33:37.502336Z[0m [34mDEBUG[0m [2mmercury::engine::market_actor[0m[2m:[0m Tick received — running arb detection [3mmarket_id[0m[2m=[0m9046452d-bcb3-4bb8-8925-8924b7439992 [3mplatform[0m[2m=[0mKalshi [3mbid[0m[2m=[0m0.5300 [3mask[0m[2m=[0m0.5500 [3mmid[0m[2m=[0m0.5400 [3mbid_size[0m[2m=[0m25.00 [3mask_size[0m[2m=[0m23.76
[2m2026-04-12T20:33:37.502385Z[0m [33m WARN[0m [2mmercury::feeds::kalshi[0m[2m:[0m Kalshi sequence gap for KXETH15M-26APR121645-45: expected 134, got 136. Book may be out of sync.
[2m2026-04-12T20:33:37.502380Z[0m [34mDEBUG[0m [2mmercury::engine::market_actor[0m[2m:[0m Tick received — running arb detection [3mmarket_id[0m[2m=[0m631deb8c-fbb4-489e-818e-ae698f57f50b [3mplatform[0m[2m=[0mKalshi [3mbid[0m[2m=[0m0.6500 [3mask[0m[2m=[0m0.6700 [3mmid[0m[2m=[0m0.6600 [3mbid_size[0m[2m=[0m95.94 [3mask_size[0m[2m=[0m178.00
[2m2026-04-12T20:33:37.502550Z[0m [34mDEBUG[0m [2mmercury::engine::spread[0m[2m:[0m Evaluated spread direction 2 [3mmarket_id[0m[2m=[0m9046452d-bcb3-4bb8-8925-8924b7439992 [3mdirection[0m[2m=[0m"NO-A/YES-B" [3mraw_spread[0m[2m=[0m0.0100 [3mbid_a[0m[2m=[0m0.56 [3mask_b[0m[2m=[0m0.5500
[2m2026-04-12T20:33:37.502766Z[0m [34mDEBUG[0m [2mmercury::engine::market_actor[0m[2m:[0m Tick received — running arb detection [3mmarket_id[0m[2m=[0m9046452d-bcb3-4bb8-8925-8924b7439992 [3mplatform[0m[2m=[0mKalshi [3mbid[0m[2m=[0m0.5300 [3mask[0m[2m=[0m0.5500 [3mmid[0m[2m=[0m0.5400 [3mbid_size[0m[2m=[0m25.00 [3mask_size[0m[2m=[0m23.76
[2m2026-04-12T20:33:37.502801Z[0m [34mDEBUG[0m [2mmercury::engine::spread[0m[2m:[0m Evaluated spread direction 2 [3mmarket_id[0m[2m=[0m631deb8c-fbb4-489e-818e-ae698f57f50b [3mdirection[0m[2m=[0m"NO-A/YES-B" [3mraw_spread[0m[2m=[0m0.0100 [3mbid_a[0m[2m=[0m0.68 [3mask_b[0m[2m=[0m0.6700
[2m2026-04-12T20:33:37.502995Z[0m [34mDEBUG[0m [2mmercury::engine::market_actor[0m[2m:[0m Tick received — running arb detection [3mmarket_id[0m[2m=[0m631deb8c-fbb4-489e-818e-ae698f57f50b [3mplatform[0m[2m=[0mKalshi [3mbid[0m[2m=[0m0.6500 [3mask[0m[2m=[0m0.6700 [3mmid[0m[2m=[0m0.6600 [3mbid_size[0m[2m=[0m95.94 [3mask_size[0m[2m=[0m178.00
[2m2026-04-12T20:33:37.503025Z[0m [34mDEBUG[0m [2mmercury::engine::spread[0m[2m:[0m Evaluated spread direction 2 [3mmarket_id[0m[2m=[0m9046452d-bcb3-4bb8-8925-8924b7439992 [3mdirection[0m[2m=[0m"NO-A/YES-B" [3mraw_spread[0m[2m=[0m0.0100 [3mbid_a[0m[2m=[0m0.56 [3mask_b[0m[2m=[0m0.5500
[2m2026-04-12T20:33:37.503202Z[0m [34mDEBUG[0m [2mmercury::engine::market_actor[0m[2m:[0m Tick received — running arb detection [3mmarket_id[0m[2m=[0m9046452d-bcb3-4bb8-8925-8924b7439992 [3mplatform[0m[2m=[0mKalshi [3mbid[0m[2m=[0m0.5300 [3mask[0m[2m=[0m0.5500 [3mmid[0m[2m=[0m0.5400 [3mbid_size[0m[2m=[0m25.00 [3mask_size[0m[2m=[0m23.76
[2m2026-04-12T20:33:37.503226Z[0m [34mDEBUG[0m [2mmercury::engine::spread[0m[2m:[0m Evaluated spread direction 2 [3mmarket_id[0m[2m=[0m631deb8c-fbb4-489e-818e-ae698f57f50b [3mdirection[0m[2m=[0m"NO-A/YES-B" [3mraw_spread[0m[2m=[0m0.0100 [3mbid_a[0m[2m=[0m0.68 [3mask_b[0m[2m=[0m0.6700
[2m2026-04-12T20:33:37.503450Z[0m [34mDEBUG[0m [2mmercury::engine::spread[0m[2m:[0m Evaluated spread direction 2 [3mmarket_id[0m[2m=[0m9046452d-bcb3-4bb8-8925-8924b7439992 [3mdirection[0m[2m=[0m"NO-A/YES-B" [3mraw_spread[0m[2m=[0m0.0100 [3mbid_a[0m[2m=[0m0.56 [3mask_b[0m[2m=[0m0.5500
[2m2026-04-12T20:33:37.503641Z[0m [34mDEBUG[0m [2mmercury::engine::market_actor[0m[2m:[0m Tick received — running arb detection [3mmarket_id[0m[2m=[0m9046452d-bcb3-4bb8-8925-8924b7439992 [3mplatform[0m[2m=[0mKalshi [3mbid[0m[2m=[0m0.5300 [3mask[0m[2m=[0m0.5500 [3mmid[0m[2m=[0m0.5400 [3mbid_size[0m[2m=[0m25.00 [3mask_size[0m[2m=[0m23.76
[2m2026-04-12T20:33:37.503772Z[0m [34mDEBUG[0m [2mmercury::engine::spread[0m[2m:[0m Evaluated spread direction 2 [3mmarket_id[0m[2m=[0m9046452d-bcb3-4bb8-8925-8924b7439992 [3mdirection[0m[2m=[0m"NO-A/YES-B" [3mraw_spread[0m[2m=[0m0.0100 [3mbid_a[0m[2m=[0m0.56 [3mask_b[0m[2m=[0m0.5500
[2m2026-04-12T20:33:37.503904Z[0m [34mDEBUG[0m [2mmercury::engine::market_actor[0m[2m:[0m Tick received — running arb detection [3mmarket_id[0m[2m=[0m9046452d-bcb3-4bb8-8925-8924b7439992 [3mplatform[0m[2m=[0mKalshi [3mbid[0m[2m=[0m0.5300 [3mask[0m[2m=[0m0.5500 [3mmid[0m[2m=[0m0.5400 [3mbid_size[0m[2m=[0m25.00 [3mask_size[0m[2m=[0m23.76
[2m2026-04-12T20:33:37.504034Z[0m [34mDEBUG[0m [2mmercury::engine::spread[0m[2m:[0m Evaluated spread direction 2 [3mmarket_id[0m[2m=[0m9046452d-bcb3-4bb8-8925-8924b7439992 [3mdirection[0m[2m=[0m"NO-A/YES-B" [3mraw_spread[0m[2m=[0m0.0100 [3mbid_a[0m[2m=[0m0.56 [3mask_b[0m[2m=[0m0.5500
[2m2026-04-12T20:33:37.504164Z[0m [34mDEBUG[0m [2mmercury::engine::market_actor[0m[2m:[0m Tick received — running arb detection [3mmarket_id[0m[2m=[0m9046452d-bcb3-4bb8-8925-8924b7439992 [3mplatform[0m[2m=[0mKalshi [3mbid[0m[2m=[0m0.5300 [3mask[0m[2m=[0m0.5500 [3mmid[0m[2m=[0m0.5400 [3mbid_size[0m[2m=[0m55.00 [3mask_size[0m[2m=[0m23.76
[2m2026-04-12T20:33:37.504296Z[0m [34mDEBUG[0m [2mmercury::engine::spread[0m[2m:[0m Evaluated spread direction 2 [3mmarket_id[0m[2m=[0m9046452d-bcb3-4bb8-8925-8924b7439992 [3mdirection[0m[2m=[0m"NO-A/YES-B" [3mraw_spread[0m[2m=[0m0.0100 [3mbid_a[0m[2m=[0m0.56 [3mask_b[0m[2m=[0m0.5500
[2m2026-04-12T20:33:37.504316Z[0m [34mDEBUG[0m [2mmercury::engine::market_actor[0m[2m:[0m Tick received — running arb detection [3mmarket_id[0m[2m=[0m2b958b37-9921-40b8-b22d-64a67138ae70 [3mplatform[0m[2m=[0mPolymarket [3mbid[0m[2m=[0m0.64 [3mask[0m[2m=[0m0.66 [3mmid[0m[2m=[0m0.65 [3mbid_size[0m[2m=[0m3.69 [3mask_size[0m[2m=[0m110.8
[2m2026-04-12T20:33:37.549246Z[0m [33m WARN[0m [2mmercury::feeds::kalshi[0m[2m:[0m Kalshi sequence gap for KXBTC15M-26APR121645-45: expected 136, got 139. Book may be out of sync.
[2m2026-04-12T20:33:37.549904Z[0m [34mDEBUG[0m [2mmercury::engine::market_actor[0m[2m:[0m Tick received — running arb detection [3mmarket_id[0m[2m=[0m631deb8c-fbb4-489e-818e-ae698f57f50b [3mplatform[0m[2m=[0mKalshi [3mbid[0m[2m=[0m0.6500 [3mask[0m[2m=[0m0.6700 [3mmid[0m[2m=[0m0.6600 [3mbid_size[0m[2m=[0m95.94 [3mask_size[0m[2m=[0m178.00
[2m2026-04-12T20:33:37.550027Z[0m [34mDEBUG[0m [2mmercury::engine::market_actor[0m[2m:[0m Tick received — running arb detection [3mmarket_id[0m[2m=[0m9046452d-bcb3-4bb8-8925-8924b7439992 [3mplatform[0m[2m=[0mPolymarket [3mbid[0m[2m=[0m0.56 [3mask[0m[2m=[0m0.57 [3mmid[0m[2m=[0m0.5650 [3mbid_size[0m[2m=[0m171.6 [3mask_size[0m[2m=[0m9.83
[2m2026-04-12T20:33:37.550191Z[0m [34mDEBUG[0m [2mmercury::engine::spread[0m[2m:[0m Evaluated spread direction 2 [3mmarket_id[0m[2m=[0m631deb8c-fbb4-489e-818e-ae698f57f50b [3mdirection[0m[2m=[0m"NO-A/YES-B" [3mraw_spread[0m[2m=[0m0.0100 [3mbid_a[0m[2m=[0m0.68 [3mask_b[0m[2m=[0m0.6700
[2m2026-04-12T20:33:37.550385Z[0m [34mDEBUG[0m [2mmercury::engine::market_actor[0m[2m:[0m Tick received — running arb detection [3mmarket_id[0m[2m=[0m631deb8c-fbb4-489e-818e-ae698f57f50b [3mplatform[0m[2m=[0mKalshi [3mbid[0m[2m=[0m0.6500 [3mask[0m[2m=[0m0.6700 [3mmid[0m[2m=[0m0.6600 [3mbid_size[0m[2m=[0m95.94 [3mask_size[0m[2m=[0m178.00
[2m2026-04-12T20:33:37.550437Z[0m [34mDEBUG[0m [2mmercury::engine::spread[0m[2m:[0m Evaluated spread direction 2 [3mmarket_id[0m[2m=[0m9046452d-bcb3-4bb8-8925-8924b7439992 [3mdirection[0m[2m=[0m"NO-A/YES-B" [3mraw_spread[0m[2m=[0m0.0100 [3mbid_a[0m[2m=[0m0.56 [3mask_b[0m[2m=[0m0.5500
[2m2026-04-12T20:33:37.550463Z[0m [32m INFO[0m [2mmercury::feeds::discovery[0m[2m:[0m 15m crypto round matched [3masset[0m[2m=[0mxrp [3mround_start[0m[2m=[0m1776025800 [3mpoly[0m[2m=[0mtrue [3mkalshi[0m[2m=[0mtrue
[2m2026-04-12T20:33:37.550671Z[0m [34mDEBUG[0m [2mmercury::engine::market_actor[0m[2m:[0m Tick received — running arb detection [3mmarket_id[0m[2m=[0m9046452d-bcb3-4bb8-8925-8924b7439992 [3mplatform[0m[2m=[0mPolymarket [3mbid[0m[2m=[0m0.56 [3mask[0m[2m=[0m0.57 [3mmid[0m[2m=[0m0.5650 [3mbid_size[0m[2m=[0m171.6 [3mask_size[0m[2m=[0m9.83
[2m2026-04-12T20:33:37.550705Z[0m [34mDEBUG[0m [2mmercury::engine::spread[0m[2m:[0m Evaluated spread direction 2 [3mmarket_id[0m[2m=[0m631deb8c-fbb4-489e-818e-ae698f57f50b [3mdirection[0m[2m=[0m"NO-A/YES-B" [3mraw_spread[0m[2m=[0m0.0100 [3mbid_a[0m[2m=[0m0.68 [3mask_b[0m[2m=[0m0.6700
[2m2026-04-12T20:33:37.550906Z[0m [34mDEBUG[0m [2mmercury::engine::market_actor[0m[2m:[0m Tick received — running arb detection [3mmarket_id[0m[2m=[0m631deb8c-fbb4-489e-818e-ae698f57f50b [3mplatform[0m[2m=[0mKalshi [3mbid[0m[2m=[0m0.6500 [3mask[0m[2m=[0m0.6700 [3mmid[0m[2m=[0m0.6600 [3mbid_size[0m[2m=[0m142.94 [3mask_size[0m[2m=[0m178.00
[2m2026-04-12T20:33:37.550922Z[0m [34mDEBUG[0m [2mmercury::engine::spread[0m[2m:[0m Evaluated spread direction 2 [3mmarket_id[0m[2m=[0m9046452d-bcb3-4bb8-8925-8924b7439992 [3mdirection[0m[2m=[0m"NO-A/YES-B" [3mraw_spread[0m[2m=[0m0.0100 [3mbid_a[0m[2m=[0m0.56 [3mask_b[0m[2m=[0m0.5500
[2m2026-04-12T20:33:37.551181Z[0m [34mDEBUG[0m [2mmercury::engine::spread[0m[2m:[0m Evaluated spread direction 2 [3mmarket_id[0m[2m=[0m631deb8c-fbb4-489e-818e-ae698f57f50b [3mdirection[0m[2m=[0m"NO-A/YES-B" [3mraw_spread[0m[2m=[0m0.0100 [3mbid_a[0m[2m=[0m0.68 [3mask_b[0m[2m=[0m0.6700
[2m2026-04-12T20:33:37.551362Z[0m [34mDEBUG[0m [2mmercury::engine::market_actor[0m[2m:[0m Tick received — running arb detection [3mmarket_id[0m[2m=[0m631deb8c-fbb4-489e-818e-ae698f57f50b [3mplatform[0m[2m=[0mKalshi [3mbid[0m[2m=[0m0.6500 [3mask[0m[2m=[0m0.6700 [3mmid[0m[2m=[0m0.6600 [3mbid_size[0m[2m=[0m142.94 [3mask_size[0m[2m=[0m178.00
[2m2026-04-12T20:33:37.551539Z[0m [34mDEBUG[0m [2mmercury::engine::spread[0m[2m:[0m Evaluated spread direction 2 [3mmarket_id[0m[2m=[0m631deb8c-fbb4-489e-818e-ae698f57f50b [3mdirection[0m[2m=[0m"NO-A/YES-B" [3mraw_spread[0m[2m=[0m0.0100 [3mbid_a[0m[2m=[0m0.68 [3mask_b[0m[2m=[0m0.6700
[2m2026-04-12T20:33:37.551709Z[0m [34mDEBUG[0m [2mmercury::engine::market_actor[0m[2m:[0m Tick received — running arb detection [3mmarket_id[0m[2m=[0m631deb8c-fbb4-489e-818e-ae698f57f50b [3mplatform[0m[2m=[0mKalshi [3mbid[0m[2m=[0m0.6500 [3mask[0m[2m=[0m0.6700 [3mmid[0m[2m=[0m0.6600 [3mbid_size[0m[2m=[0m142.94 [3mask_size[0m[2m=[0m178.00
[2m2026-04-12T20:33:37.551885Z[0m [34mDEBUG[0m [2mmercury::engine::spread[0m[2m:[0m Evaluated spread direction 2 [3mmarket_id[0m[2m=[0m631deb8c-fbb4-489e-818e-ae698f57f50b [3mdirection[0m[2m=[0m"NO-A/YES-B" [3mraw_spread[0m[2m=[0m0.0100 [3mbid_a[0m[2m=[0m0.68 [3mask_b[0m[2m=[0m0.6700
[2m2026-04-12T20:33:37.603048Z[0m [34mDEBUG[0m [2mmercury::engine::market_actor[0m[2m:[0m Tick received — running arb detection [3mmarket_id[0m[2m=[0m631deb8c-fbb4-489e-818e-ae698f57f50b [3mplatform[0m[2m=[0mKalshi [3mbid[0m[2m=[0m0.6500 [3mask[0m[2m=[0m0.6700 [3mmid[0m[2m=[0m0.6600 [3mbid_size[0m[2m=[0m142.94 [3mask_size[0m[2m=[0m178.00
[2m2026-04-12T20:33:37.603106Z[0m [34mDEBUG[0m [2mmercury::engine::market_actor[0m[2m:[0m Tick received — running arb detection [3mmarket_id[0m[2m=[0m9046452d-bcb3-4bb8-8925-8924b7439992 [3mplatform[0m[2m=[0mPolymarket [3mbid[0m[2m=[0m0.56 [3mask[0m[2m=[0m0.57 [3mmid[0m[2m=[0m0.5650 [3mbid_size[0m[2m=[0m171.6 [3mask_size[0m[2m=[0m9.83
[2m2026-04-12T20:33:37.603271Z[0m [34mDEBUG[0m [2mmercury::engine::spread[0m[2m:[0m Evaluated spread direction 2 [3mmarket_id[0m[2m=[0m631deb8c-fbb4-489e-818e-ae698f57f50b [3mdirection[0m[2m=[0m"NO-A/YES-B" [3mraw_spread[0m[2m=[0m0.0100 [3mbid_a[0m[2m=[0m0.68 [3mask_b[0m[2m=[0m0.6700
[2m2026-04-12T20:33:37.603424Z[0m [34mDEBUG[0m [2mmercury::engine::market_actor[0m[2m:[0m Tick received — running arb detection [3mmarket_id[0m[2m=[0m631deb8c-fbb4-489e-818e-ae698f57f50b [3mplatform[0m[2m=[0mKalshi [3mbid[0m[2m=[0m0.6500 [3mask[0m[2m=[0m0.6700 [3mmid[0m[2m=[0m0.6600 [3mbid_size[0m[2m=[0m142.94 [3mask_size[0m[2m=[0m178.00
[2m2026-04-12T20:33:37.603473Z[0m [34mDEBUG[0m [2mmercury::engine::spread[0m[2m:[0m Evaluated spread direction 2 [3mmarket_id[0m[2m=[0m9046452d-bcb3-4bb8-8925-8924b7439992 [3mdirection[0m[2m=[0m"NO-A/YES-B" [3mraw_spread[0m[2m=[0m0.0100 [3mbid_a[0m[2m=[0m0.56 [3mask_b[0m[2m=[0m0.5500
[2m2026-04-12T20:33:37.603647Z[0m [34mDEBUG[0m [2mmercury::engine::market_actor[0m[2m:[0m Tick received — running arb detection [3mmarket_id[0m[2m=[0m9046452d-bcb3-4bb8-8925-8924b7439992 [3mplatform[0m[2m=[0mPolymarket [3mbid[0m[2m=[0m0.56 [3mask[0m[2m=[0m0.57 [3mmid[0m[2m=[0m0.5650 [3mbid_size[0m[2m=[0m171.6 [3mask_size[0m[2m=[0m9.83
[2m2026-04-12T20:33:37.603667Z[0m [34mDEBUG[0m [2mmercury::engine::spread[0m[2m:[0m Evaluated spread direction 2 [3mmarket_id[0m[2m=[0m631deb8c-fbb4-489e-818e-ae698f57f50b [3mdirection[0m[2m=[0m"NO-A/YES-B" [3mraw_spread[0m[2m=[0m0.0100 [3mbid_a[0m[2m=[0m0.68 [3mask_b[0m[2m=[0m0.6700
[2m2026-04-12T20:33:37.603825Z[0m [34mDEBUG[0m [2mmercury::engine::market_actor[0m[2m:[0m Tick received — running arb detection [3mmarket_id[0m[2m=[0m631deb8c-fbb4-489e-818e-ae698f57f50b [3mplatform[0m[2m=[0mKalshi [3mbid[0m[2m=[0m0.6500 [3mask[0m[2m=[0m0.6700 [3mmid[0m[2m=[0m0.6600 [3mbid_size[0m[2m=[0m142.94 [3mask_size[0m[2m=[0m178.00
[2m2026-04-12T20:33:37.603844Z[0m [34mDEBUG[0m [2mmercury::engine::spread[0m[2m:[0m Evaluated spread direction 2 [3mmarket_id[0m[2m=[0m9046452d-bcb3-4bb8-8925-8924b7439992 [3mdirection[0m[2m=[0m"NO-A/YES-B" [3mraw_spread[0m[2m=[0m0.0100 [3mbid_a[0m[2m=[0m0.56 [3mask_b[0m[2m=[0m0.5500
[2m2026-04-12T20:33:37.604013Z[0m [34mDEBUG[0m [2mmercury::engine::market_actor[0m[2m:[0m Tick received — running arb detection [3mmarket_id[0m[2m=[0m9046452d-bcb3-4bb8-8925-8924b7439992 [3mplatform[0m[2m=[0mPolymarket [3mbid[0m[2m=[0m0.56 [3mask[0m[2m=[0m0.57 [3mmid[0m[2m=[0m0.5650 [3mbid_size[0m[2m=[0m171.6 [3mask_size[0m[2m=[0m9.83
[2m2026-04-12T20:33:37.604025Z[0m [34mDEBUG[0m [2mmercury::engine::spread[0m[2m:[0m Evaluated spread direction 2 [3mmarket_id[0m[2m=[0m631deb8c-fbb4-489e-818e-ae698f57f50b [3mdirection[0m[2m=[0m"NO-A/YES-B" [3mraw_spread[0m[2m=[0m0.0100 [3mbid_a[0m[2m=[0m0.68 [3mask_b[0m[2m=[0m0.6700
[2m2026-04-12T20:33:37.604193Z[0m [34mDEBUG[0m [2mmercury::engine::market_actor[0m[2m:[0m Tick received — running arb detection [3mmarket_id[0m[2m=[0m631deb8c-fbb4-489e-818e-ae698f57f50b [3mplatform[0m[2m=[0mKalshi [3mbid[0m[2m=[0m0.6500 [3mask[0m[2m=[0m0.6700 [3mmid[0m[2m=[0m0.6600 [3mbid_size[0m[2m=[0m142.94 [3mask_size[0m[2m=[0m178.00
[2m2026-04-12T20:33:37.604219Z[0m [34mDEBUG[0m [2mmercury::engine::spread[0m[2m:[0m Evaluated spread direction 2 [3mmarket_id[0m[2m=[0m9046452d-bcb3-4bb8-8925-8924b7439992 [3mdirection[0m[2m=[0m"NO-A/YES-B" [3mraw_spread[0m[2m=[0m0.0100 [3mbid_a[0m[2m=[0m0.56 [3mask_b[0m[2m=[0m0.5500
[2m2026-04-12T20:33:37.604362Z[0m [34mDEBUG[0m [2mmercury::engine::market_actor[0m[2m:[0m Tick received — running arb detection [3mmarket_id[0m[2m=[0m9046452d-bcb3-4bb8-8925-8924b7439992 [3mplatform[0m[2m=[0mPolymarket [3mbid[0m[2m=[0m0.56 [3mask[0m[2m=[0m0.57 [3mmid[0m[2m=[0m0.5650 [3mbid_size[0m[2m=[0m171.6 [3mask_size[0m[2m=[0m9.83
[2m2026-04-12T20:33:37.604373Z[0m [34mDEBUG[0m [2mmercury::engine::spread[0m[2m:[0m Evaluated spread direction 2 [3mmarket_id[0m[2m=[0m631deb8c-fbb4-489e-818e-ae698f57f50b [3mdirection[0m[2m=[0m"NO-A/YES-B" [3mraw_spread[0m[2m=[0m0.0100 [3mbid_a[0m[2m=[0m0.68 [3mask_b[0m[2m=[0m0.6700
[2m2026-04-12T20:33:37.604565Z[0m [34mDEBUG[0m [2mmercury::engine::spread[0m[2m:[0m Evaluated spread direction 2 [3mmarket_id[0m[2m=[0m9046452d-bcb3-4bb8-8925-8924b7439992 [3mdirection[0m[2m=[0m"NO-A/YES-B" [3mraw_spread[0m[2m=[0m0.0100 [3mbid_a[0m[2m=[0m0.56 [3mask_b[0m[2m=[0m0.5500
[2m2026-04-12T20:33:37.604563Z[0m [34mDEBUG[0m [2mmercury::engine::market_actor[0m[2m:[0m Tick received — running arb detection [3mmarket_id[0m[2m=[0m631deb8c-fbb4-489e-818e-ae698f57f50b [3mplatform[0m[2m=[0mKalshi [3mbid[0m[2m=[0m0.6500 [3mask[0m[2m=[0m0.6700 [3mmid[0m[2m=[0m0.6600 [3mbid_size[0m[2m=[0m142.94 [3mask_size[0m[2m=[0m178.00
[2m2026-04-12T20:33:37.604727Z[0m [34mDEBUG[0m [2mmercury::engine::spread[0m[2m:[0m Evaluated spread direction 2 [3mmarket_id[0m[2m=[0m631deb8c-fbb4-489e-818e-ae698f57f50b [3mdirection[0m[2m=[0m"NO-A/YES-B" [3mraw_spread[0m[2m=[0m0.0100 [3mbid_a[0m[2m=[0m0.68 [3mask_b[0m[2m=[0m0.6700
[2m2026-04-12T20:33:37.606784Z[0m [34mDEBUG[0m [2mmercury::engine::market_actor[0m[2m:[0m Tick received — running arb detection [3mmarket_id[0m[2m=[0m631deb8c-fbb4-489e-818e-ae698f57f50b [3mplatform[0m[2m=[0mKalshi [3mbid[0m[2m=[0m0.6500 [3mask[0m[2m=[0m0.6700 [3mmid[0m[2m=[0m0.6600 [3mbid_size[0m[2m=[0m142.94 [3mask_size[0m[2m=[0m178.00
[2m2026-04-12T20:33:37.606943Z[0m [34mDEBUG[0m [2mmercury::engine::spread[0m[2m:[0m Evaluated spread direction 2 [3mmarket_id[0m[2m=[0m631deb8c-fbb4-489e-818e-ae698f57f50b [3mdirection[0m[2m=[0m"NO-A/YES-B" [3mraw_spread[0m[2m=[0m0.0100 [3mbid_a[0m[2m=[0m0.68 [3mask_b[0m[2m=[0m0.6700
[2m2026-04-12T20:33:37.607086Z[0m [34mDEBUG[0m [2mmercury::engine::market_actor[0m[2m:[0m Tick received — running arb detection [3mmarket_id[0m[2m=[0m631deb8c-fbb4-489e-818e-ae698f57f50b [3mplatform[0m[2m=[0mKalshi [3mbid[0m[2m=[0m0.6500 [3mask[0m[2m=[0m0.6700 [3mmid[0m[2m=[0m0.6600 [3mbid_size[0m[2m=[0m142.94 [3mask_size[0m[2m=[0m178.00
[2m2026-04-12T20:33:37.607222Z[0m [34mDEBUG[0m [2mmercury::engine::spread[0m[2m:[0m Evaluated spread direction 2 [3mmarket_id[0m[2m=[0m631deb8c-fbb4-489e-818e-ae698f57f50b [3mdirection[0m[2m=[0m"NO-A/YES-B" [3mraw_spread[0m[2m=[0m0.0100 [3mbid_a[0m[2m=[0m0.68 [3mask_b[0m[2m=[0m0.6700
[2m2026-04-12T20:33:37.607355Z[0m [34mDEBUG[0m [2mmercury::engine::market_actor[0m[2m:[0m Tick received — running arb detection [3mmarket_id[0m[2m=[0m631deb8c-fbb4-489e-818e-ae698f57f50b [3mplatform[0m[2m=[0mKalshi [3mbid[0m[2m=[0m0.6500 [3mask[0m[2m=[0m0.6700 [3mmid[0m[2m=[0m0.6600 [3mbid_size[0m[2m=[0m142.94 [3mask_size[0m[2m=[0m178.00
[2m2026-04-12T20:33:37.607489Z[0m [34mDEBUG[0m [2mmercury::engine::spread[0m[2m:[0m Evaluated spread direction 2 [3mmarket_id[0m[2m=[0m631deb8c-fbb4-489e-818e-ae698f57f50b [3mdirection[0m[2m=[0m"NO-A/YES-B" [3mraw_spread[0m[2m=[0m0.0100 [3mbid_a[0m[2m=[0m0.68 [3mask_b[0m[2m=[0m0.6700
[2m2026-04-12T20:33:37.651970Z[0m [34mDEBUG[0m [2mmercury::engine::market_actor[0m[2m:[0m Tick received — running arb detection [3mmarket_id[0m[2m=[0m9046452d-bcb3-4bb8-8925-8924b7439992 [3mplatform[0m[2m=[0mPolymarket [3mbid[0m[2m=[0m0.56 [3mask[0m[2m=[0m0.57 [3mmid[0m[2m=[0m0.5650 [3mbid_size[0m[2m=[0m171.6 [3mask_size[0m[2m=[0m9.83
[2m2026-04-12T20:33:37.652179Z[0m [34mDEBUG[0m [2mmercury::engine::spread[0m[2m:[0m Evaluated spread direction 2 [3mmarket_id[0m[2m=[0m9046452d-bcb3-4bb8-8925-8924b7439992 [3mdirection[0m[2m=[0m"NO-A/YES-B" [3mraw_spread[0m[2m=[0m0.0100 [3mbid_a[0m[2m=[0m0.56 [3mask_b[0m[2m=[0m0.5500
[2m2026-04-12T20:33:37.653412Z[0m [34mDEBUG[0m [2mmercury::engine::market_actor[0m[2m:[0m Tick received — running arb detection [3mmarket_id[0m[2m=[0m9046452d-bcb3-4bb8-8925-8924b7439992 [3mplatform[0m[2m=[0mPolymarket [3mbid[0m[2m=[0m0.56 [3mask[0m[2m=[0m0.57 [3mmid[0m[2m=[0m0.5650 [3mbid_size[0m[2m=[0m171.6 [3mask_size[0m[2m=[0m9.83
[2m2026-04-12T20:33:37.653551Z[0m [34mDEBUG[0m [2mmercury::engine::spread[0m[2m:[0m Evaluated spread direction 2 [3mmarket_id[0m[2m=[0m9046452d-bcb3-4bb8-8925-8924b7439992 [3mdirection[0m[2m=[0m"NO-A/YES-B" [3mraw_spread[0m[2m=[0m0.0100 [3mbid_a[0m[2m=[0m0.56 [3mask_b[0m[2m=[0m0.5500
[2m2026-04-12T20:33:37.739954Z[0m [34mDEBUG[0m [2mmercury::engine::market_actor[0m[2m:[0m Tick received — running arb detection [3mmarket_id[0m[2m=[0m631deb8c-fbb4-489e-818e-ae698f57f50b [3mplatform[0m[2m=[0mKalshi [3mbid[0m[2m=[0m0.6500 [3mask[0m[2m=[0m0.6700 [3mmid[0m[2m=[0m0.6600 [3mbid_size[0m[2m=[0m142.94 [3mask_size[0m[2m=[0m176.00
[2m2026-04-12T20:33:37.740286Z[0m [34mDEBUG[0m [2mmercury::engine::spread[0m[2m:[0m Evaluated spread direction 2 [3mmarket_id[0m[2m=[0m631deb8c-fbb4-489e-818e-ae698f57f50b [3mdirection[0m[2m=[0m"NO-A/YES-B" [3mraw_spread[0m[2m=[0m0.0100 [3mbid_a[0m[2m=[0m0.68 [3mask_b[0m[2m=[0m0.6700
[2m2026-04-12T20:33:37.740486Z[0m [34mDEBUG[0m [2mmercury::engine::market_actor[0m[2m:[0m Tick received — running arb detection [3mmarket_id[0m[2m=[0m631deb8c-fbb4-489e-818e-ae698f57f50b [3mplatform[0m[2m=[0mKalshi [3mbid[0m[2m=[0m0.6500 [3mask[0m[2m=[0m0.6700 [3mmid[0m[2m=[0m0.6600 [3mbid_size[0m[2m=[0m142.94 [3mask_size[0m[2m=[0m176.00
[2m2026-04-12T20:33:37.740677Z[0m [34mDEBUG[0m [2mmercury::engine::spread[0m[2m:[0m Evaluated spread direction 2 [3mmarket_id[0m[2m=[0m631deb8c-fbb4-489e-818e-ae698f57f50b [3mdirection[0m[2m=[0m"NO-A/YES-B" [3mraw_spread[0m[2m=[0m0.0100 [3mbid_a[0m[2m=[0m0.68 [3mask_b[0m[2m=[0m0.6700
[2m2026-04-12T20:33:37.740861Z[0m [34mDEBUG[0m [2mmercury::engine::market_actor[0m[2m:[0m Tick received — running arb detection [3mmarket_id[0m[2m=[0m631deb8c-fbb4-489e-818e-ae698f57f50b [3mplatform[0m[2m=[0mKalshi [3mbid[0m[2m=[0m0.6500 [3mask[0m[2m=[0m0.6700 [3mmid[0m[2m=[0m0.6600 [3mbid_size[0m[2m=[0m142.94 [3mask_size[0m[2m=[0m176.00
[2m2026-04-12T20:33:37.741040Z[0m [34mDEBUG[0m [2mmercury::engine::spread[0m[2m:[0m Evaluated spread direction 2 [3mmarket_id[0m[2m=[0m631deb8c-fbb4-489e-818e-ae698f57f50b [3mdirection[0m[2m=[0m"NO-A/YES-B" [3mraw_spread[0m[2m=[0m0.0100 [3mbid_a[0m[2m=[0m0.68 [3mask_b[0m[2m=[0m0.6700
[2m2026-04-12T20:33:37.741217Z[0m [34mDEBUG[0m [2mmercury::engine::market_actor[0m[2m:[0m Tick received — running arb detection [3mmarket_id[0m[2m=[0m631deb8c-fbb4-489e-818e-ae698f57f50b [3mplatform[0m[2m=[0mKalshi [3mbid[0m[2m=[0m0.6500 [3mask[0m[2m=[0m0.6700 [3mmid[0m[2m=[0m0.6600 [3mbid_size[0m[2m=[0m142.94 [3mask_size[0m[2m=[0m176.00
[2m2026-04-12T20:33:37.741394Z[0m [34mDEBUG[0m [2mmercury::engine::spread[0m[2m:[0m Evaluated spread direction 2 [3mmarket_id[0m[2m=[0m631deb8c-fbb4-489e-818e-ae698f57f50b [3mdirection[0m[2m=[0m"NO-A/YES-B" [3mraw_spread[0m[2m=[0m0.0100 [3mbid_a[0m[2m=[0m0.68 [3mask_b[0m[2m=[0m0.6700
[2m2026-04-12T20:33:37.741571Z[0m [34mDEBUG[0m [2mmercury::engine::market_actor[0m[2m:[0m Tick received — running arb detection [3mmarket_id[0m[2m=[0m631deb8c-fbb4-489e-818e-ae698f57f50b [3mplatform[0m[2m=[0mKalshi [3mbid[0m[2m=[0m0.6500 [3mask[0m[2m=[0m0.6700 [3mmid[0m[2m=[0m0.6600 [3mbid_size[0m[2m=[0m142.94 [3mask_size[0m[2m=[0m176.00
[2m2026-04-12T20:33:37.741755Z[0m [34mDEBUG[0m [2mmercury::engine::spread[0m[2m:[0m Evaluated spread direction 2 [3mmarket_id[0m[2m=[0m631deb8c-fbb4-489e-818e-ae698f57f50b [3mdirection[0m[2m=[0m"NO-A/YES-B" [3mraw_spread[0m[2m=[0m0.0100 [3mbid_a[0m[2m=[0m0.68 [3mask_b[0m[2m=[0m0.6700
[2m2026-04-12T20:33:37.741929Z[0m [34mDEBUG[0m [2mmercury::engine::market_actor[0m[2m:[0m Tick received — running arb detection [3mmarket_id[0m[2m=[0m631deb8c-fbb4-489e-818e-ae698f57f50b [3mplatform[0m[2m=[0mKalshi [3mbid[0m[2m=[0m0.6500 [3mask[0m[2m=[0m0.6700 [3mmid[0m[2m=[0m0.6600 [3mbid_size[0m[2m=[0m142.94 [3mask_size[0m[2m=[0m176.00
[2m2026-04-12T20:33:37.742112Z[0m [34mDEBUG[0m [2mmercury::engine::spread[0m[2m:[0m Evaluated spread direction 2 [3mmarket_id[0m[2m=[0m631deb8c-fbb4-489e-818e-ae698f57f50b [3mdirection[0m[2m=[0m"NO-A/YES-B" [3mraw_spread[0m[2m=[0m0.0100 [3mbid_a[0m[2m=[0m0.68 [3mask_b[0m[2m=[0m0.6700
[2m2026-04-12T20:33:37.742284Z[0m [34mDEBUG[0m [2mmercury::engine::market_actor[0m[2m:[0m Tick received — running arb detection [3mmarket_id[0m[2m=[0m631deb8c-fbb4-489e-818e-ae698f57f50b [3mplatform[0m[2m=[0mKalshi [3mbid[0m[2m=[0m0.6500 [3mask[0m[2m=[0m0.6700 [3mmid[0m[2m=[0m0.6600 [3mbid_size[0m[2m=[0m142.94 [3mask_size[0m[2m=[0m176.00
[2m2026-04-12T20:33:37.742462Z[0m [34mDEBUG[0m [2mmercury::engine::spread[0m[2m:[0m Evaluated spread direction 2 [3mmarket_id[0m[2m=[0m631deb8c-fbb4-489e-818e-ae698f57f50b [3mdirection[0m[2m=[0m"NO-A/YES-B" [3mraw_spread[0m[2m=[0m0.0100 [3mbid_a[0m[2m=[0m0.68 [3mask_b[0m[2m=[0m0.6700
[2m2026-04-12T20:33:37.742634Z[0m [34mDEBUG[0m [2mmercury::engine::market_actor[0m[2m:[0m Tick received — running arb detection [3mmarket_id[0m[2m=[0m631deb8c-fbb4-489e-818e-ae698f57f50b [3mplatform[0m[2m=[0mKalshi [3mbid[0m[2m=[0m0.6500 [3mask[0m[2m=[0m0.6700 [3mmid[0m[2m=[0m0.6600 [3mbid_size[0m[2m=[0m142.94 [3mask_size[0m[2m=[0m176.00
[2m2026-04-12T20:33:37.742812Z[0m [34mDEBUG[0m [2mmercury::engine::spread[0m[2m:[0m Evaluated spread direction 2 [3mmarket_id[0m[2m=[0m631deb8c-fbb4-489e-818e-ae698f57f50b [3mdirection[0m[2m=[0m"NO-A/YES-B" [3mraw_spread[0m[2m=[0m0.0100 [3mbid_a[0m[2m=[0m0.68 [3mask_b[0m[2m=[0m0.6700
[2m2026-04-12T20:33:37.742986Z[0m [34mDEBUG[0m [2mmercury::engine::market_actor[0m[2m:[0m Tick received — running arb detection [3mmarket_id[0m[2m=[0m631deb8c-fbb4-489e-818e-ae698f57f50b [3mplatform[0m[2m=[0mKalshi [3mbid[0m[2m=[0m0.6500 [3mask[0m[2m=[0m0.6700 [3mmid[0m[2m=[0m0.6600 [3mbid_size[0m[2m=[0m142.94 [3mask_size[0m[2m=[0m176.00
[2m2026-04-12T20:33:37.743163Z[0m [34mDEBUG[0m [2mmercury::engine::spread[0m[2m:[0m Evaluated spread direction 2 [3mmarket_id[0m[2m=[0m631deb8c-fbb4-489e-818e-ae698f57f50b [3mdirection[0m[2m=[0m"NO-A/YES-B" [3mraw_spread[0m[2m=[0m0.0100 [3mbid_a[0m[2m=[0m0.68 [3mask_b[0m[2m=[0m0.6700
[2m2026-04-12T20:33:37.743363Z[0m [34mDEBUG[0m [2mmercury::engine::market_actor[0m[2m:[0m Tick received — running arb detection [3mmarket_id[0m[2m=[0m631deb8c-fbb4-489e-818e-ae698f57f50b [3mplatform[0m[2m=[0mKalshi [3mbid[0m[2m=[0m0.6500 [3mask[0m[2m=[0m0.6700 [3mmid[0m[2m=[0m0.6600 [3mbid_size[0m[2m=[0m142.94 [3mask_size[0m[2m=[0m176.00
[2m2026-04-12T20:33:37.743499Z[0m [34mDEBUG[0m [2mmercury::engine::spread[0m[2m:[0m Evaluated spread direction 2 [3mmarket_id[0m[2m=[0m631deb8c-fbb4-489e-818e-ae698f57f50b [3mdirection[0m[2m=[0m"NO-A/YES-B" [3mraw_spread[0m[2m=[0m0.0100 [3mbid_a[0m[2m=[0m0.68 [3mask_b[0m[2m=[0m0.6700
[2m2026-04-12T20:33:37.743634Z[0m [34mDEBUG[0m [2mmercury::engine::market_actor[0m[2m:[0m Tick received — running arb detection [3mmarket_id[0m[2m=[0m631deb8c-fbb4-489e-818e-ae698f57f50b [3mplatform[0m[2m=[0mKalshi [3mbid[0m[2m=[0m0.6500 [3mask[0m[2m=[0m0.6700 [3mmid[0m[2m=[0m0.6600 [3mbid_size[0m[2m=[0m95.94 [3mask_size[0m[2m=[0m176.00
[2m2026-04-12T20:33:37.743771Z[0m [34mDEBUG[0m [2mmercury::engine::spread[0m[2m:[0m Evaluated spread direction 2 [3mmarket_id[0m[2m=[0m631deb8c-fbb4-489e-818e-ae698f57f50b [3mdirection[0m[2m=[0m"NO-A/YES-B" [3mraw_spread[0m[2m=[0m0.0100 [3mbid_a[0m[2m=[0m0.68 [3mask_b[0m[2m=[0m0.6700
[2m2026-04-12T20:33:37.743903Z[0m [34mDEBUG[0m [2mmercury::engine::market_actor[0m[2m:[0m Tick received — running arb detection [3mmarket_id[0m[2m=[0m631deb8c-fbb4-489e-818e-ae698f57f50b [3mplatform[0m[2m=[0mKalshi [3mbid[0m[2m=[0m0.6500 [3mask[0m[2m=[0m0.6700 [3mmid[0m[2m=[0m0.6600 [3mbid_size[0m[2m=[0m95.94 [3mask_size[0m[2m=[0m176.00
[2m2026-04-12T20:33:37.744039Z[0m [34mDEBUG[0m [2mmercury::engine::spread[0m[2m:[0m Evaluated spread direction 2 [3mmarket_id[0m[2m=[0m631deb8c-fbb4-489e-818e-ae698f57f50b [3mdirection[0m[2m=[0m"NO-A/YES-B" [3mraw_spread[0m[2m=[0m0.0100 [3mbid_a[0m[2m=[0m0.68 [3mask_b[0m[2m=[0m0.6700
[2m2026-04-12T20:33:37.744172Z[0m [34mDEBUG[0m [2mmercury::engine::market_actor[0m[2m:[0m Tick received — running arb detection [3mmarket_id[0m[2m=[0m631deb8c-fbb4-489e-818e-ae698f57f50b [3mplatform[0m[2m=[0mKalshi [3mbid[0m[2m=[0m0.6500 [3mask[0m[2m=[0m0.6600 [3mmid[0m[2m=[0m0.6550 [3mbid_size[0m[2m=[0m95.94 [3mask_size[0m[2m=[0m2.00
[2m2026-04-12T20:33:37.744306Z[0m [34mDEBUG[0m [2mmercury::engine::spread[0m[2m:[0m Evaluated spread direction 2 [3mmarket_id[0m[2m=[0m631deb8c-fbb4-489e-818e-ae698f57f50b [3mdirection[0m[2m=[0m"NO-A/YES-B" [3mraw_spread[0m[2m=[0m0.0200 [3mbid_a[0m[2m=[0m0.68 [3mask_b[0m[2m=[0m0.6600
[2m2026-04-12T20:33:37.744437Z[0m [34mDEBUG[0m [2mmercury::engine::market_actor[0m[2m:[0m Tick received — running arb detection [3mmarket_id[0m[2m=[0m631deb8c-fbb4-489e-818e-ae698f57f50b [3mplatform[0m[2m=[0mKalshi [3mbid[0m[2m=[0m0.6500 [3mask[0m[2m=[0m0.6600 [3mmid[0m[2m=[0m0.6550 [3mbid_size[0m[2m=[0m95.94 [3mask_size[0m[2m=[0m2.00
[2m2026-04-12T20:33:37.744571Z[0m [34mDEBUG[0m [2mmercury::engine::spread[0m[2m:[0m Evaluated spread direction 2 [3mmarket_id[0m[2m=[0m631deb8c-fbb4-489e-818e-ae698f57f50b [3mdirection[0m[2m=[0m"NO-A/YES-B" [3mraw_spread[0m[2m=[0m0.0200 [3mbid_a[0m[2m=[0m0.68 [3mask_b[0m[2m=[0m0.6600
[2m2026-04-12T20:33:37.744703Z[0m [34mDEBUG[0m [2mmercury::engine::market_actor[0m[2m:[0m Tick received — running arb detection [3mmarket_id[0m[2m=[0m631deb8c-fbb4-489e-818e-ae698f57f50b [3mplatform[0m[2m=[0mKalshi [3mbid[0m[2m=[0m0.6500 [3mask[0m[2m=[0m0.6600 [3mmid[0m[2m=[0m0.6550 [3mbid_size[0m[2m=[0m95.94 [3mask_size[0m[2m=[0m2.00
[2m2026-04-12T20:33:37.744837Z[0m [34mDEBUG[0m [2mmercury::engine::spread[0m[2m:[0m Evaluated spread direction 2 [3mmarket_id[0m[2m=[0m631deb8c-fbb4-489e-818e-ae698f57f50b [3mdirection[0m[2m=[0m"NO-A/YES-B" [3mraw_spread[0m[2m=[0m0.0200 [3mbid_a[0m[2m=[0m0.68 [3mask_b[0m[2m=[0m0.6600
[2m2026-04-12T20:33:37.744969Z[0m [34mDEBUG[0m [2mmercury::engine::market_actor[0m[2m:[0m Tick received — running arb detection [3mmarket_id[0m[2m=[0m631deb8c-fbb4-489e-818e-ae698f57f50b [3mplatform[0m[2m=[0mKalshi [3mbid[0m[2m=[0m0.6500 [3mask[0m[2m=[0m0.6600 [3mmid[0m[2m=[0m0.6550 [3mbid_size[0m[2m=[0m95.94 [3mask_size[0m[2m=[0m2.00
[2m2026-04-12T20:33:37.745102Z[0m [34mDEBUG[0m [2mmercury::engine::spread[0m[2m:[0m Evaluated spread direction 2 [3mmarket_id[0m[2m=[0m631deb8c-fbb4-489e-818e-ae698f57f50b [3mdirection[0m[2m=[0m"NO-A/YES-B" [3mraw_spread[0m[2m=[0m0.0200 [3mbid_a[0m[2m=[0m0.68 [3mask_b[0m[2m=[0m0.6600
[2m2026-04-12T20:33:37.754588Z[0m [34mDEBUG[0m [2mmercury::engine::market_actor[0m[2m:[0m Tick received — running arb detection [3mmarket_id[0m[2m=[0m631deb8c-fbb4-489e-818e-ae698f57f50b [3mplatform[0m[2m=[0mKalshi [3mbid[0m[2m=[0m0.6500 [3mask[0m[2m=[0m0.6600 [3mmid[0m[2m=[0m0.6550 [3mbid_size[0m[2m=[0m95.94 [3mask_size[0m[2m=[0m2.00
[2m2026-04-12T20:33:37.754919Z[0m [34mDEBUG[0m [2mmercury::engine::spread[0m[2m:[0m Evaluated spread direction 2 [3mmarket_id[0m[2m=[0m631deb8c-fbb4-489e-818e-ae698f57f50b [3mdirection[0m[2m=[0m"NO-A/YES-B" [3mraw_spread[0m[2m=[0m0.0200 [3mbid_a[0m[2m=[0m0.68 [3mask_b[0m[2m=[0m0.6600
[2m2026-04-12T20:33:37.755113Z[0m [34mDEBUG[0m [2mmercury::engine::market_actor[0m[2m:[0m Tick received — running arb detection [3mmarket_id[0m[2m=[0m631deb8c-fbb4-489e-818e-ae698f57f50b [3mplatform[0m[2m=[0mKalshi [3mbid[0m[2m=[0m0.6500 [3mask[0m[2m=[0m0.6600 [3mmid[0m[2m=[0m0.6550 [3mbid_size[0m[2m=[0m95.94 [3mask_size[0m[2m=[0m2.00
[2m2026-04-12T20:33:37.755289Z[0m [34mDEBUG[0m [2mmercury::engine::spread[0m[2m:[0m Evaluated spread direction 2 [3mmarket_id[0m[2m=[0m631deb8c-fbb4-489e-818e-ae698f57f50b [3mdirection[0m[2m=[0m"NO-A/YES-B" [3mraw_spread[0m[2m=[0m0.0200 [3mbid_a[0m[2m=[0m0.68 [3mask_b[0m[2m=[0m0.6600
[2m2026-04-12T20:33:37.765160Z[0m [34mDEBUG[0m [2mmercury::engine::market_actor[0m[2m:[0m Tick received — running arb detection [3mmarket_id[0m[2m=[0m631deb8c-fbb4-489e-818e-ae698f57f50b [3mplatform[0m[2m=[0mKalshi [3mbid[0m[2m=[0m0.6500 [3mask[0m[2m=[0m0.6600 [3mmid[0m[2m=[0m0.6550 [3mbid_size[0m[2m=[0m95.94 [3mask_size[0m[2m=[0m2.00
[2m2026-04-12T20:33:37.765428Z[0m [34mDEBUG[0m [2mmercury::engine::spread[0m[2m:[0m Evaluated spread direction 2 [3mmarket_id[0m[2m=[0m631deb8c-fbb4-489e-818e-ae698f57f50b [3mdirection[0m[2m=[0m"NO-A/YES-B" [3mraw_spread[0m[2m=[0m0.0200 [3mbid_a[0m[2m=[0m0.68 [3mask_b[0m[2m=[0m0.6600
[2m2026-04-12T20:33:37.765629Z[0m [34mDEBUG[0m [2mmercury::engine::market_actor[0m[2m:[0m Tick received — running arb detection [3mmarket_id[0m[2m=[0m631deb8c-fbb4-489e-818e-ae698f57f50b [3mplatform[0m[2m=[0mKalshi [3mbid[0m[2m=[0m0.6500 [3mask[0m[2m=[0m0.6600 [3mmid[0m[2m=[0m0.6550 [3mbid_size[0m[2m=[0m95.94 [3mask_size[0m[2m=[0m62.00
[2m2026-04-12T20:33:37.765810Z[0m [34mDEBUG[0m [2mmercury::engine::spread[0m[2m:[0m Evaluated spread direction 2 [3mmarket_id[0m[2m=[0m631deb8c-fbb4-489e-818e-ae698f57f50b [3mdirection[0m[2m=[0m"NO-A/YES-B" [3mraw_spread[0m[2m=[0m0.0200 [3mbid_a[0m[2m=[0m0.68 [3mask_b[0m[2m=[0m0.6600
[2m2026-04-12T20:33:37.807308Z[0m [34mDEBUG[0m [2mmercury::engine::market_actor[0m[2m:[0m Tick received — running arb detection [3mmarket_id[0m[2m=[0m631deb8c-fbb4-489e-818e-ae698f57f50b [3mplatform[0m[2m=[0mKalshi [3mbid[0m[2m=[0m0.6500 [3mask[0m[2m=[0m0.6600 [3mmid[0m[2m=[0m0.6550 [3mbid_size[0m[2m=[0m95.94 [3mask_size[0m[2m=[0m62.00
[2m2026-04-12T20:33:37.807526Z[0m [34mDEBUG[0m [2mmercury::engine::spread[0m[2m:[0m Evaluated spread direction 2 [3mmarket_id[0m[2m=[0m631deb8c-fbb4-489e-818e-ae698f57f50b [3mdirection[0m[2m=[0m"NO-A/YES-B" [3mraw_spread[0m[2m=[0m0.0200 [3mbid_a[0m[2m=[0m0.68 [3mask_b[0m[2m=[0m0.6600
[2m2026-04-12T20:33:37.807678Z[0m [34mDEBUG[0m [2mmercury::engine::market_actor[0m[2m:[0m Tick received — running arb detection [3mmarket_id[0m[2m=[0m631deb8c-fbb4-489e-818e-ae698f57f50b [3mplatform[0m[2m=[0mKalshi [3mbid[0m[2m=[0m0.6500 [3mask[0m[2m=[0m0.6600 [3mmid[0m[2m=[0m0.6550 [3mbid_size[0m[2m=[0m95.94 [3mask_size[0m[2m=[0m2.00
[2m2026-04-12T20:33:37.807676Z[0m [34mDEBUG[0m [2mmercury::engine::market_actor[0m[2m:[0m Tick received — running arb detection [3mmarket_id[0m[2m=[0m9046452d-bcb3-4bb8-8925-8924b7439992 [3mplatform[0m[2m=[0mPolymarket [3mbid[0m[2m=[0m0.56 [3mask[0m[2m=[0m0.57 [3mmid[0m[2m=[0m0.5650 [3mbid_size[0m[2m=[0m171.6 [3mask_size[0m[2m=[0m9.83
[2m2026-04-12T20:33:37.807821Z[0m [34mDEBUG[0m [2mmercury::engine::spread[0m[2m:[0m Evaluated spread direction 2 [3mmarket_id[0m[2m=[0m631deb8c-fbb4-489e-818e-ae698f57f50b [3mdirection[0m[2m=[0m"NO-A/YES-B" [3mraw_spread[0m[2m=[0m0.0200 [3mbid_a[0m[2m=[0m0.68 [3mask_b[0m[2m=[0m0.6600
[2m2026-04-12T20:33:37.807975Z[0m [34mDEBUG[0m [2mmercury::engine::market_actor[0m[2m:[0m Tick received — running arb detection [3mmarket_id[0m[2m=[0m631deb8c-fbb4-489e-818e-ae698f57f50b [3mplatform[0m[2m=[0mPolymarket [3mbid[0m[2m=[0m0.68 [3mask[0m[2m=[0m0.69 [3mmid[0m[2m=[0m0.6850 [3mbid_size[0m[2m=[0m192.7 [3mask_size[0m[2m=[0m47.85
[2m2026-04-12T20:33:37.808006Z[0m [34mDEBUG[0m [2mmercury::engine::spread[0m[2m:[0m Evaluated spread direction 2 [3mmarket_id[0m[2m=[0m9046452d-bcb3-4bb8-8925-8924b7439992 [3mdirection[0m[2m=[0m"NO-A/YES-B" [3mraw_spread[0m[2m=[0m0.0100 [3mbid_a[0m[2m=[0m0.56 [3mask_b[0m[2m=[0m0.5500
[2m2026-04-12T20:33:37.808176Z[0m [34mDEBUG[0m [2mmercury::engine::market_actor[0m[2m:[0m Tick received — running arb detection [3mmarket_id[0m[2m=[0m9046452d-bcb3-4bb8-8925-8924b7439992 [3mplatform[0m[2m=[0mPolymarket [3mbid[0m[2m=[0m0.56 [3mask[0m[2m=[0m0.57 [3mmid[0m[2m=[0m0.5650 [3mbid_size[0m[2m=[0m171.6 [3mask_size[0m[2m=[0m9.83
[2m2026-04-12T20:33:37.808196Z[0m [34mDEBUG[0m [2mmercury::engine::spread[0m[2m:[0m Evaluated spread direction 2 [3mmarket_id[0m[2m=[0m631deb8c-fbb4-489e-818e-ae698f57f50b [3mdirection[0m[2m=[0m"NO-A/YES-B" [3mraw_spread[0m[2m=[0m0.0200 [3mbid_a[0m[2m=[0m0.68 [3mask_b[0m[2m=[0m0.6600
[2m2026-04-12T20:33:37.808355Z[0m [34mDEBUG[0m [2mmercury::engine::market_actor[0m[2m:[0m Tick received — running arb detection [3mmarket_id[0m[2m=[0m631deb8c-fbb4-489e-818e-ae698f57f50b [3mplatform[0m[2m=[0mPolymarket [3mbid[0m[2m=[0m0.68 [3mask[0m[2m=[0m0.69 [3mmid[0m[2m=[0m0.6850 [3mbid_size[0m[2m=[0m192.7 [3mask_size[0m[2m=[0m47.85
[2m2026-04-12T20:33:37.808375Z[0m [34mDEBUG[0m [2mmercury::engine::spread[0m[2m:[0m Evaluated spread direction 2 [3mmarket_id[0m[2m=[0m9046452d-bcb3-4bb8-8925-8924b7439992 [3mdirection[0m[2m=[0m"NO-A/YES-B" [3mraw_spread[0m[2m=[0m0.0100 [3mbid_a[0m[2m=[0m0.56 [3mask_b[0m[2m=[0m0.5500
[2m2026-04-12T20:33:37.808552Z[0m [34mDEBUG[0m [2mmercury::engine::spread[0m[2m:[0m Evaluated spread direction 2 [3mmarket_id[0m[2m=[0m631deb8c-fbb4-489e-818e-ae698f57f50b [3mdirection[0m[2m=[0m"NO-A/YES-B" [3mraw_spread[0m[2m=[0m0.0200 [3mbid_a[0m[2m=[0m0.68 [3mask_b[0m[2m=[0m0.6600
[2m2026-04-12T20:33:37.808690Z[0m [34mDEBUG[0m [2mmercury::engine::market_actor[0m[2m:[0m Tick received — running arb detection [3mmarket_id[0m[2m=[0m631deb8c-fbb4-489e-818e-ae698f57f50b [3mplatform[0m[2m=[0mKalshi [3mbid[0m[2m=[0m0.6500 [3mask[0m[2m=[0m0.6600 [3mmid[0m[2m=[0m0.6550 [3mbid_size[0m[2m=[0m95.94 [3mask_size[0m[2m=[0m2.00
[2m2026-04-12T20:33:37.808826Z[0m [34mDEBUG[0m [2mmercury::engine::spread[0m[2m:[0m Evaluated spread direction 2 [3mmarket_id[0m[2m=[0m631deb8c-fbb4-489e-818e-ae698f57f50b [3mdirection[0m[2m=[0m"NO-A/YES-B" [3mraw_spread[0m[2m=[0m0.0200 [3mbid_a[0m[2m=[0m0.68 [3mask_b[0m[2m=[0m0.6600
[2m2026-04-12T20:33:37.856432Z[0m [34mDEBUG[0m [2mmercury::engine::market_actor[0m[2m:[0m Tick received — running arb detection [3mmarket_id[0m[2m=[0m9046452d-bcb3-4bb8-8925-8924b7439992 [3mplatform[0m[2m=[0mPolymarket [3mbid[0m[2m=[0m0.56 [3mask[0m[2m=[0m0.57 [3mmid[0m[2m=[0m0.5650 [3mbid_size[0m[2m=[0m171.6 [3mask_size[0m[2m=[0m9.83
[2m2026-04-12T20:33:37.856612Z[0m [34mDEBUG[0m [2mmercury::engine::spread[0m[2m:[0m Evaluated spread direction 2 [3mmarket_id[0m[2m=[0m9046452d-bcb3-4bb8-8925-8924b7439992 [3mdirection[0m[2m=[0m"NO-A/YES-B" [3mraw_spread[0m[2m=[0m0.0100 [3mbid_a[0m[2m=[0m0.56 [3mask_b[0m[2m=[0m0.5500
[2m2026-04-12T20:33:37.856747Z[0m [34mDEBUG[0m [2mmercury::engine::market_actor[0m[2m:[0m Tick received — running arb detection [3mmarket_id[0m[2m=[0m9046452d-bcb3-4bb8-8925-8924b7439992 [3mplatform[0m[2m=[0mPolymarket [3mbid[0m[2m=[0m0.56 [3mask[0m[2m=[0m0.57 [3mmid[0m[2m=[0m0.5650 [3mbid_size[0m[2m=[0m171.6 [3mask_size[0m[2m=[0m9.83
[2m2026-04-12T20:33:37.856864Z[0m [34mDEBUG[0m [2mmercury::engine::spread[0m[2m:[0m Evaluated spread direction 2 [3mmarket_id[0m[2m=[0m9046452d-bcb3-4bb8-8925-8924b7439992 [3mdirection[0m[2m=[0m"NO-A/YES-B" [3mraw_spread[0m[2m=[0m0.0100 [3mbid_a[0m[2m=[0m0.56 [3mask_b[0m[2m=[0m0.5500
[2m2026-04-12T20:33:37.911552Z[0m [34mDEBUG[0m [2mmercury::engine::market_actor[0m[2m:[0m Tick received — running arb detection [3mmarket_id[0m[2m=[0m9046452d-bcb3-4bb8-8925-8924b7439992 [3mplatform[0m[2m=[0mPolymarket [3mbid[0m[2m=[0m0.56 [3mask[0m[2m=[0m0.57 [3mmid[0m[2m=[0m0.5650 [3mbid_size[0m[2m=[0m171.6 [3mask_size[0m[2m=[0m9.83
[2m2026-04-12T20:33:37.911695Z[0m [33m WARN[0m [2mmercury::feeds::kalshi[0m[2m:[0m Kalshi sequence gap for KXETH15M-26APR121645-45: expected 139, got 175. Book may be out of sync.
[2m2026-04-12T20:33:37.911729Z[0m [34mDEBUG[0m [2mmercury::engine::market_actor[0m[2m:[0m Tick received — running arb detection [3mmarket_id[0m[2m=[0m631deb8c-fbb4-489e-818e-ae698f57f50b [3mplatform[0m[2m=[0mPolymarket [3mbid[0m[2m=[0m0.68 [3mask[0m[2m=[0m0.69 [3mmid[0m[2m=[0m0.6850 [3mbid_size[0m[2m=[0m192.7 [3mask_size[0m[2m=[0m47.85
[2m2026-04-12T20:33:37.911816Z[0m [34mDEBUG[0m [2mmercury::engine::spread[0m[2m:[0m Evaluated spread direction 2 [3mmarket_id[0m[2m=[0m9046452d-bcb3-4bb8-8925-8924b7439992 [3mdirection[0m[2m=[0m"NO-A/YES-B" [3mraw_spread[0m[2m=[0m0.0100 [3mbid_a[0m[2m=[0m0.56 [3mask_b[0m[2m=[0m0.5500
[2m2026-04-12T20:33:37.912024Z[0m [34mDEBUG[0m [2mmercury::engine::market_actor[0m[2m:[0m Tick received — running arb detection [3mmarket_id[0m[2m=[0m9046452d-bcb3-4bb8-8925-8924b7439992 [3mplatform[0m[2m=[0mPolymarket [3mbid[0m[2m=[0m0.56 [3mask[0m[2m=[0m0.57 [3mmid[0m[2m=[0m0.5650 [3mbid_size[0m[2m=[0m171.6 [3mask_size[0m[2m=[0m9.83
[2m2026-04-12T20:33:37.912043Z[0m [34mDEBUG[0m [2mmercury::engine::spread[0m[2m:[0m Evaluated spread direction 2 [3mmarket_id[0m[2m=[0m631deb8c-fbb4-489e-818e-ae698f57f50b [3mdirection[0m[2m=[0m"NO-A/YES-B" [3mraw_spread[0m[2m=[0m0.0200 [3mbid_a[0m[2m=[0m0.68 [3mask_b[0m[2m=[0m0.6600
[2m2026-04-12T20:33:37.912278Z[0m [34mDEBUG[0m [2mmercury::engine::spread[0m[2m:[0m Evaluated spread direction 2 [3mmarket_id[0m[2m=[0m9046452d-bcb3-4bb8-8925-8924b7439992 [3mdirection[0m[2m=[0m"NO-A/YES-B" [3mraw_spread[0m[2m=[0m0.0100 [3mbid_a[0m[2m=[0m0.56 [3mask_b[0m[2m=[0m0.5500
[2m2026-04-12T20:33:37.912462Z[0m [34mDEBUG[0m [2mmercury::engine::market_actor[0m[2m:[0m Tick received — running arb detection [3mmarket_id[0m[2m=[0m9046452d-bcb3-4bb8-8925-8924b7439992 [3mplatform[0m[2m=[0mKalshi [3mbid[0m[2m=[0m0.5300 [3mask[0m[2m=[0m0.5500 [3mmid[0m[2m=[0m0.5400 [3mbid_size[0m[2m=[0m55.00 [3mask_size[0m[2m=[0m23.76
[2m2026-04-12T20:33:37.912634Z[0m [34mDEBUG[0m [2mmercury::engine::spread[0m[2m:[0m Evaluated spread direction 2 [3mmarket_id[0m[2m=[0m9046452d-bcb3-4bb8-8925-8924b7439992 [3mdirection[0m[2m=[0m"NO-A/YES-B" [3mraw_spread[0m[2m=[0m0.0100 [3mbid_a[0m[2m=[0m0.56 [3mask_b[0m[2m=[0m0.5500
[2m2026-04-12T20:33:37.961398Z[0m [33m WARN[0m [2mmercury::feeds::kalshi[0m[2m:[0m Kalshi sequence gap for KXBTC15M-26APR121645-45: expected 175, got 176. Book may be out of sync.
[2m2026-04-12T20:33:37.961933Z[0m [33m WARN[0m [2mmercury::feeds::kalshi[0m[2m:[0m Kalshi sequence gap for KXETH15M-26APR121645-45: expected 176, got 178. Book may be out of sync.
[2m2026-04-12T20:33:37.961924Z[0m [34mDEBUG[0m [2mmercury::engine::market_actor[0m[2m:[0m Tick received — running arb detection [3mmarket_id[0m[2m=[0m631deb8c-fbb4-489e-818e-ae698f57f50b [3mplatform[0m[2m=[0mKalshi [3mbid[0m[2m=[0m0.6500 [3mask[0m[2m=[0m0.6600 [3mmid[0m[2m=[0m0.6550 [3mbid_size[0m[2m=[0m92.94 [3mask_size[0m[2m=[0m2.00
[2m2026-04-12T20:33:37.962179Z[0m [34mDEBUG[0m [2mmercury::engine::spread[0m[2m:[0m Evaluated spread direction 2 [3mmarket_id[0m[2m=[0m631deb8c-fbb4-489e-818e-ae698f57f50b [3mdirection[0m[2m=[0m"NO-A/YES-B" [3mraw_spread[0m[2m=[0m0.0200 [3mbid_a[0m[2m=[0m0.68 [3mask_b[0m[2m=[0m0.6600
[2m2026-04-12T20:33:37.962272Z[0m [34mDEBUG[0m [2mmercury::engine::market_actor[0m[2m:[0m Tick received — running arb detection [3mmarket_id[0m[2m=[0m9046452d-bcb3-4bb8-8925-8924b7439992 [3mplatform[0m[2m=[0mKalshi [3mbid[0m[2m=[0m0.5300 [3mask[0m[2m=[0m0.5500 [3mmid[0m[2m=[0m0.5400 [3mbid_size[0m[2m=[0m55.00 [3mask_size[0m[2m=[0m23.76
[2m2026-04-12T20:33:37.962373Z[0m [34mDEBUG[0m [2mmercury::engine::market_actor[0m[2m:[0m Tick received — running arb detection [3mmarket_id[0m[2m=[0m631deb8c-fbb4-489e-818e-ae698f57f50b [3mplatform[0m[2m=[0mKalshi [3mbid[0m[2m=[0m0.6500 [3mask[0m[2m=[0m0.6600 [3mmid[0m[2m=[0m0.6550 [3mbid_size[0m[2m=[0m82.46 [3mask_size[0m[2m=[0m2.00
[2m2026-04-12T20:33:37.962478Z[0m [34mDEBUG[0m [2mmercury::engine::spread[0m[2m:[0m Evaluated spread direction 2 [3mmarket_id[0m[2m=[0m9046452d-bcb3-4bb8-8925-8924b7439992 [3mdirection[0m[2m=[0m"NO-A/YES-B" [3mraw_spread[0m[2m=[0m0.0100 [3mbid_a[0m[2m=[0m0.56 [3mask_b[0m[2m=[0m0.5500
[2m2026-04-12T20:33:37.962677Z[0m [34mDEBUG[0m [2mmercury::engine::market_actor[0m[2m:[0m Tick received — running arb detection [3mmarket_id[0m[2m=[0m9046452d-bcb3-4bb8-8925-8924b7439992 [3mplatform[0m[2m=[0mPolymarket [3mbid[0m[2m=[0m0.56 [3mask[0m[2m=[0m0.57 [3mmid[0m[2m=[0m0.5650 [3mbid_size[0m[2m=[0m171.6 [3mask_size[0m[2m=[0m9.83
[2m2026-04-12T20:33:37.962722Z[0m [34mDEBUG[0m [2mmercury::engine::spread[0m[2m:[0m Evaluated spread direction 2 [3mmarket_id[0m[2m=[0m631deb8c-fbb4-489e-818e-ae698f57f50b [3mdirection[0m[2m=[0m"NO-A/YES-B" [3mraw_spread[0m[2m=[0m0.0200 [3mbid_a[0m[2m=[0m0.68 [3mask_b[0m[2m=[0m0.6600
[2m2026-04-12T20:33:37.962943Z[0m [34mDEBUG[0m [2mmercury::engine::spread[0m[2m:[0m Evaluated spread direction 2 [3mmarket_id[0m[2m=[0m9046452d-bcb3-4bb8-8925-8924b7439992 [3mdirection[0m[2m=[0m"NO-A/YES-B" [3mraw_spread[0m[2m=[0m0.0100 [3mbid_a[0m[2m=[0m0.56 [3mask_b[0m[2m=[0m0.5500
[2m2026-04-12T20:33:37.963130Z[0m [34mDEBUG[0m [2mmercury::engine::market_actor[0m[2m:[0m Tick received — running arb detection [3mmarket_id[0m[2m=[0m9046452d-bcb3-4bb8-8925-8924b7439992 [3mplatform[0m[2m=[0mPolymarket [3mbid[0m[2m=[0m0.56 [3mask[0m[2m=[0m0.57 [3mmid[0m[2m=[0m0.5650 [3mbid_size[0m[2m=[0m171.6 [3mask_size[0m[2m=[0m9.83
[2m2026-04-12T20:33:37.963299Z[0m [34mDEBUG[0m [2mmercury::engine::spread[0m[2m:[0m Evaluated spread direction 2 [3mmarket_id[0m[2m=[0m9046452d-bcb3-4bb8-8925-8924b7439992 [3mdirection[0m[2m=[0m"NO-A/YES-B" [3mraw_spread[0m[2m=[0m0.0100 [3mbid_a[0m[2m=[0m0.56 [3mask_b[0m[2m=[0m0.5500
[2m2026-04-12T20:33:37.970881Z[0m [34mDEBUG[0m [2mmercury::engine::market_actor[0m[2m:[0m Tick received — running arb detection [3mmarket_id[0m[2m=[0m2b958b37-9921-40b8-b22d-64a67138ae70 [3mplatform[0m[2m=[0mPolymarket [3mbid[0m[2m=[0m0.64 [3mask[0m[2m=[0m0.66 [3mmid[0m[2m=[0m0.65 [3mbid_size[0m[2m=[0m3.69 [3mask_size[0m[2m=[0m110.8
[2m2026-04-12T20:33:37.970915Z[0m [34mDEBUG[0m [2mmercury::engine::market_actor[0m[2m:[0m Tick received — running arb detection [3mmarket_id[0m[2m=[0m9046452d-bcb3-4bb8-8925-8924b7439992 [3mplatform[0m[2m=[0mPolymarket [3mbid[0m[2m=[0m0.56 [3mask[0m[2m=[0m0.57 [3mmid[0m[2m=[0m0.5650 [3mbid_size[0m[2m=[0m171.6 [3mask_size[0m[2m=[0m9.83
[2m2026-04-12T20:33:37.971157Z[0m [34mDEBUG[0m [2mmercury::engine::spread[0m[2m:[0m Evaluated spread direction 2 [3mmarket_id[0m[2m=[0m9046452d-bcb3-4bb8-8925-8924b7439992 [3mdirection[0m[2m=[0m"NO-A/YES-B" [3mraw_spread[0m[2m=[0m0.0100 [3mbid_a[0m[2m=[0m0.56 [3mask_b[0m[2m=[0m0.5500
[2m2026-04-12T20:33:37.971159Z[0m [34mDEBUG[0m [2mmercury::engine::market_actor[0m[2m:[0m Tick received — running arb detection [3mmarket_id[0m[2m=[0m79e1f598-7189-438f-a66e-b184b04be477 [3mplatform[0m[2m=[0mPolymarket [3mbid[0m[2m=[0m0.47 [3mask[0m[2m=[0m0.48 [3mmid[0m[2m=[0m0.4750 [3mbid_size[0m[2m=[0m15.8 [3mask_size[0m[2m=[0m7.2
[2m2026-04-12T20:33:37.971361Z[0m [34mDEBUG[0m [2mmercury::engine::market_actor[0m[2m:[0m Tick received — running arb detection [3mmarket_id[0m[2m=[0m2b958b37-9921-40b8-b22d-64a67138ae70 [3mplatform[0m[2m=[0mPolymarket [3mbid[0m[2m=[0m0.64 [3mask[0m[2m=[0m0.66 [3mmid[0m[2m=[0m0.65 [3mbid_size[0m[2m=[0m3.69 [3mask_size[0m[2m=[0m110.8
[2m2026-04-12T20:33:37.971373Z[0m [34mDEBUG[0m [2mmercury::engine::market_actor[0m[2m:[0m Tick received — running arb detection [3mmarket_id[0m[2m=[0m9046452d-bcb3-4bb8-8925-8924b7439992 [3mplatform[0m[2m=[0mPolymarket [3mbid[0m[2m=[0m0.56 [3mask[0m[2m=[0m0.57 [3mmid[0m[2m=[0m0.5650 [3mbid_size[0m[2m=[0m171.6 [3mask_size[0m[2m=[0m9.83
[2m2026-04-12T20:33:37.971653Z[0m [34mDEBUG[0m [2mmercury::engine::spread[0m[2m:[0m Evaluated spread direction 2 [3mmarket_id[0m[2m=[0m9046452d-bcb3-4bb8-8925-8924b7439992 [3mdirection[0m[2m=[0m"NO-A/YES-B" [3mraw_spread[0m[2m=[0m0.0100 [3mbid_a[0m[2m=[0m0.56 [3mask_b[0m[2m=[0m0.5500
[2m2026-04-12T20:33:37.972860Z[0m [34mDEBUG[0m [2mmercury::engine::market_actor[0m[2m:[0m Tick received — running arb detection [3mmarket_id[0m[2m=[0m631deb8c-fbb4-489e-818e-ae698f57f50b [3mplatform[0m[2m=[0mPolymarket [3mbid[0m[2m=[0m0.68 [3mask[0m[2m=[0m0.69 [3mmid[0m[2m=[0m0.6850 [3mbid_size[0m[2m=[0m192.7 [3mask_size[0m[2m=[0m47.85
[2m2026-04-12T20:33:37.973082Z[0m [34mDEBUG[0m [2mmercury::engine::spread[0m[2m:[0m Evaluated spread direction 2 [3mmarket_id[0m[2m=[0m631deb8c-fbb4-489e-818e-ae698f57f50b [3mdirection[0m[2m=[0m"NO-A/YES-B" [3mraw_spread[0m[2m=[0m0.0200 [3mbid_a[0m[2m=[0m0.68 [3mask_b[0m[2m=[0m0.6600
[2m2026-04-12T20:33:37.976016Z[0m [34mDEBUG[0m [2mmercury::engine::market_actor[0m[2m:[0m Tick received — running arb detection [3mmarket_id[0m[2m=[0m9046452d-bcb3-4bb8-8925-8924b7439992 [3mplatform[0m[2m=[0mKalshi [3mbid[0m[2m=[0m0.5300 [3mask[0m[2m=[0m0.5500 [3mmid[0m[2m=[0m0.5400 [3mbid_size[0m[2m=[0m55.00 [3mask_size[0m[2m=[0m13.76
[2m2026-04-12T20:33:37.976241Z[0m [34mDEBUG[0m [2mmercury::engine::spread[0m[2m:[0m Evaluated spread direction 2 [3mmarket_id[0m[2m=[0m9046452d-bcb3-4bb8-8925-8924b7439992 [3mdirection[0m[2m=[0m"NO-A/YES-B" [3mraw_spread[0m[2m=[0m0.0100 [3mbid_a[0m[2m=[0m0.56 [3mask_b[0m[2m=[0m0.5500
[2m2026-04-12T20:33:37.976429Z[0m [34mDEBUG[0m [2mmercury::engine::market_actor[0m[2m:[0m Tick received — running arb detection [3mmarket_id[0m[2m=[0m9046452d-bcb3-4bb8-8925-8924b7439992 [3mplatform[0m[2m=[0mKalshi [3mbid[0m[2m=[0m0.5300 [3mask[0m[2m=[0m0.5500 [3mmid[0m[2m=[0m0.5400 [3mbid_size[0m[2m=[0m55.00 [3mask_size[0m[2m=[0m13.76
[2m2026-04-12T20:33:37.976605Z[0m [34mDEBUG[0m [2mmercury::engine::spread[0m[2m:[0m Evaluated spread direction 2 [3mmarket_id[0m[2m=[0m9046452d-bcb3-4bb8-8925-8924b7439992 [3mdirection[0m[2m=[0m"NO-A/YES-B" [3mraw_spread[0m[2m=[0m0.0100 [3mbid_a[0m[2m=[0m0.56 [3mask_b[0m[2m=[0m0.5500
[2m2026-04-12T20:33:37.977080Z[0m [34mDEBUG[0m [2mmercury::engine::market_actor[0m[2m:[0m Tick received — running arb detection [3mmarket_id[0m[2m=[0m9046452d-bcb3-4bb8-8925-8924b7439992 [3mplatform[0m[2m=[0mKalshi [3mbid[0m[2m=[0m0.5300 [3mask[0m[2m=[0m0.5500 [3mmid[0m[2m=[0m0.5400 [3mbid_size[0m[2m=[0m55.00 [3mask_size[0m[2m=[0m13.76
[2m2026-04-12T20:33:37.977281Z[0m [34mDEBUG[0m [2mmercury::engine::spread[0m[2m:[0m Evaluated spread direction 2 [3mmarket_id[0m[2m=[0m9046452d-bcb3-4bb8-8925-8924b7439992 [3mdirection[0m[2m=[0m"NO-A/YES-B" [3mraw_spread[0m[2m=[0m0.0100 [3mbid_a[0m[2m=[0m0.56 [3mask_b[0m[2m=[0m0.5500
[2m2026-04-12T20:33:37.977473Z[0m [34mDEBUG[0m [2mmercury::engine::market_actor[0m[2m:[0m Tick received — running arb detection [3mmarket_id[0m[2m=[0m9046452d-bcb3-4bb8-8925-8924b7439992 [3mplatform[0m[2m=[0mKalshi [3mbid[0m[2m=[0m0.5300 [3mask[0m[2m=[0m0.5500 [3mmid[0m[2m=[0m0.5400 [3mbid_size[0m[2m=[0m55.00 [3mask_size[0m[2m=[0m13.76
[2m2026-04-12T20:33:37.977640Z[0m [34mDEBUG[0m [2mmercury::engine::spread[0m[2m:[0m Evaluated spread direction 2 [3mmarket_id[0m[2m=[0m9046452d-bcb3-4bb8-8925-8924b7439992 [3mdirection[0m[2m=[0m"NO-A/YES-B" [3mraw_spread[0m[2m=[0m0.0100 [3mbid_a[0m[2m=[0m0.56 [3mask_b[0m[2m=[0m0.5500
[2m2026-04-12T20:33:37.981172Z[0m [34mDEBUG[0m [2mmercury::engine::market_actor[0m[2m:[0m Tick received — running arb detection [3mmarket_id[0m[2m=[0m79e1f598-7189-438f-a66e-b184b04be477 [3mplatform[0m[2m=[0mPolymarket [3mbid[0m[2m=[0m0.47 [3mask[0m[2m=[0m0.48 [3mmid[0m[2m=[0m0.4750 [3mbid_size[0m[2m=[0m15.8 [3mask_size[0m[2m=[0m7.2
[2m2026-04-12T20:33:37.983762Z[0m [33m WARN[0m [2mmercury::feeds::kalshi[0m[2m:[0m Kalshi sequence gap for KXBTC15M-26APR121645-45: expected 178, got 183. Book may be out of sync.
[2m2026-04-12T20:33:37.984039Z[0m [34mDEBUG[0m [2mmercury::engine::market_actor[0m[2m:[0m Tick received — running arb detection [3mmarket_id[0m[2m=[0m631deb8c-fbb4-489e-818e-ae698f57f50b [3mplatform[0m[2m=[0mPolymarket [3mbid[0m[2m=[0m0.68 [3mask[0m[2m=[0m0.69 [3mmid[0m[2m=[0m0.6850 [3mbid_size[0m[2m=[0m192.7 [3mask_size[0m[2m=[0m47.85
[2m2026-04-12T20:33:37.984268Z[0m [34mDEBUG[0m [2mmercury::engine::spread[0m[2m:[0m Evaluated spread direction 2 [3mmarket_id[0m[2m=[0m631deb8c-fbb4-489e-818e-ae698f57f50b [3mdirection[0m[2m=[0m"NO-A/YES-B" [3mraw_spread[0m[2m=[0m0.0200 [3mbid_a[0m[2m=[0m0.68 [3mask_b[0m[2m=[0m0.6600
[2m2026-04-12T20:33:37.984460Z[0m [34mDEBUG[0m [2mmercury::engine::market_actor[0m[2m:[0m Tick received — running arb detection [3mmarket_id[0m[2m=[0m631deb8c-fbb4-489e-818e-ae698f57f50b [3mplatform[0m[2m=[0mKalshi [3mbid[0m[2m=[0m0.6500 [3mask[0m[2m=[0m0.6600 [3mmid[0m[2m=[0m0.6550 [3mbid_size[0m[2m=[0m2.46 [3mask_size[0m[2m=[0m2.00
[2m2026-04-12T20:33:37.984638Z[0m [34mDEBUG[0m [2mmercury::engine::spread[0m[2m:[0m Evaluated spread direction 2 [3mmarket_id[0m[2m=[0m631deb8c-fbb4-489e-818e-ae698f57f50b [3mdirection[0m[2m=[0m"NO-A/YES-B" [3mraw_spread[0m[2m=[0m0.0200 [3mbid_a[0m[2m=[0m0.68 [3mask_b[0m[2m=[0m0.6600
[2m2026-04-12T20:33:37.996338Z[0m [34mDEBUG[0m [2mmercury::engine::market_actor[0m[2m:[0m Tick received — running arb detection [3mmarket_id[0m[2m=[0m631deb8c-fbb4-489e-818e-ae698f57f50b [3mplatform[0m[2m=[0mKalshi [3mbid[0m[2m=[0m0.6500 [3mask[0m[2m=[0m0.6600 [3mmid[0m[2m=[0m0.6550 [3mbid_size[0m[2m=[0m2.46 [3mask_size[0m[2m=[0m2.00
[2m2026-04-12T20:33:37.996621Z[0m [34mDEBUG[0m [2mmercury::engine::spread[0m[2m:[0m Evaluated spread direction 2 [3mmarket_id[0m[2m=[0m631deb8c-fbb4-489e-818e-ae698f57f50b [3mdirection[0m[2m=[0m"NO-A/YES-B" [3mraw_spread[0m[2m=[0m0.0200 [3mbid_a[0m[2m=[0m0.68 [3mask_b[0m[2m=[0m0.6600
[2m2026-04-12T20:33:38.013285Z[0m [33m WARN[0m [2mmercury::feeds::kalshi[0m[2m:[0m Kalshi sequence gap for KXETH15M-26APR121645-45: expected 183, got 185. Book may be out of sync.
[2m2026-04-12T20:33:38.013900Z[0m [34mDEBUG[0m [2mmercury::engine::market_actor[0m[2m:[0m Tick received — running arb detection [3mmarket_id[0m[2m=[0m9046452d-bcb3-4bb8-8925-8924b7439992 [3mplatform[0m[2m=[0mKalshi [3mbid[0m[2m=[0m0.5300 [3mask[0m[2m=[0m0.5500 [3mmid[0m[2m=[0m0.5400 [3mbid_size[0m[2m=[0m55.00 [3mask_size[0m[2m=[0m13.76
[2m2026-04-12T20:33:38.014117Z[0m [33m WARN[0m [2mmercury::feeds::kalshi[0m[2m:[0m Kalshi sequence gap for KXBTC15M-26APR121645-45: expected 185, got 190. Book may be out of sync.
[2m2026-04-12T20:33:38.014134Z[0m [34mDEBUG[0m [2mmercury::engine::spread[0m[2m:[0m Evaluated spread direction 2 [3mmarket_id[0m[2m=[0m9046452d-bcb3-4bb8-8925-8924b7439992 [3mdirection[0m[2m=[0m"NO-A/YES-B" [3mraw_spread[0m[2m=[0m0.0100 [3mbid_a[0m[2m=[0m0.56 [3mask_b[0m[2m=[0m0.5500
[2m2026-04-12T20:33:38.014323Z[0m [34mDEBUG[0m [2mmercury::engine::market_actor[0m[2m:[0m Tick received — running arb detection [3mmarket_id[0m[2m=[0m9046452d-bcb3-4bb8-8925-8924b7439992 [3mplatform[0m[2m=[0mKalshi [3mbid[0m[2m=[0m0.5300 [3mask[0m[2m=[0m0.5500 [3mmid[0m[2m=[0m0.5400 [3mbid_size[0m[2m=[0m55.00 [3mask_size[0m[2m=[0m13.76
[2m2026-04-12T20:33:38.014455Z[0m [34mDEBUG[0m [2mmercury::engine::market_actor[0m[2m:[0m Tick received — running arb detection [3mmarket_id[0m[2m=[0m631deb8c-fbb4-489e-818e-ae698f57f50b [3mplatform[0m[2m=[0mKalshi [3mbid[0m[2m=[0m0.6500 [3mask[0m[2m=[0m0.6600 [3mmid[0m[2m=[0m0.6550 [3mbid_size[0m[2m=[0m2.46 [3mask_size[0m[2m=[0m2.00
[2m2026-04-12T20:33:38.014501Z[0m [34mDEBUG[0m [2mmercury::engine::spread[0m[2m:[0m Evaluated spread direction 2 [3mmarket_id[0m[2m=[0m9046452d-bcb3-4bb8-8925-8924b7439992 [3mdirection[0m[2m=[0m"NO-A/YES-B" [3mraw_spread[0m[2m=[0m0.0100 [3mbid_a[0m[2m=[0m0.56 [3mask_b[0m[2m=[0m0.5500
[2m2026-04-12T20:33:38.014738Z[0m [34mDEBUG[0m [2mmercury::engine::spread[0m[2m:[0m Evaluated spread direction 2 [3mmarket_id[0m[2m=[0m631deb8c-fbb4-489e-818e-ae698f57f50b [3mdirection[0m[2m=[0m"NO-A/YES-B" [3mraw_spread[0m[2m=[0m0.0200 [3mbid_a[0m[2m=[0m0.68 [3mask_b[0m[2m=[0m0.6600
[2m2026-04-12T20:33:38.014728Z[0m [34mDEBUG[0m [2mmercury::engine::market_actor[0m[2m:[0m Tick received — running arb detection [3mmarket_id[0m[2m=[0m9046452d-bcb3-4bb8-8925-8924b7439992 [3mplatform[0m[2m=[0mKalshi [3mbid[0m[2m=[0m0.5300 [3mask[0m[2m=[0m0.5500 [3mmid[0m[2m=[0m0.5400 [3mbid_size[0m[2m=[0m55.00 [3mask_size[0m[2m=[0m23.76
[2m2026-04-12T20:33:38.015028Z[0m [34mDEBUG[0m [2mmercury::engine::spread[0m[2m:[0m Evaluated spread direction 2 [3mmarket_id[0m[2m=[0m9046452d-bcb3-4bb8-8925-8924b7439992 [3mdirection[0m[2m=[0m"NO-A/YES-B" [3mraw_spread[0m[2m=[0m0.0100 [3mbid_a[0m[2m=[0m0.56 [3mask_b[0m[2m=[0m0.5500
[2m2026-04-12T20:33:38.015217Z[0m [34mDEBUG[0m [2mmercury::engine::market_actor[0m[2m:[0m Tick received — running arb detection [3mmarket_id[0m[2m=[0m9046452d-bcb3-4bb8-8925-8924b7439992 [3mplatform[0m[2m=[0mKalshi [3mbid[0m[2m=[0m0.5300 [3mask[0m[2m=[0m0.5500 [3mmid[0m[2m=[0m0.5400 [3mbid_size[0m[2m=[0m55.00 [3mask_size[0m[2m=[0m23.76
[2m2026-04-12T20:33:38.015391Z[0m [34mDEBUG[0m [2mmercury::engine::spread[0m[2m:[0m Evaluated spread direction 2 [3mmarket_id[0m[2m=[0m9046452d-bcb3-4bb8-8925-8924b7439992 [3mdirection[0m[2m=[0m"NO-A/YES-B" [3mraw_spread[0m[2m=[0m0.0100 [3mbid_a[0m[2m=[0m0.56 [3mask_b[0m[2m=[0m0.5500
[2m2026-04-12T20:33:38.015565Z[0m [34mDEBUG[0m [2mmercury::engine::market_actor[0m[2m:[0m Tick received — running arb detection [3mmarket_id[0m[2m=[0m9046452d-bcb3-4bb8-8925-8924b7439992 [3mplatform[0m[2m=[0mKalshi [3mbid[0m[2m=[0m0.5300 [3mask[0m[2m=[0m0.5500 [3mmid[0m[2m=[0m0.5400 [3mbid_size[0m[2m=[0m55.00 [3mask_size[0m[2m=[0m23.76
[2m2026-04-12T20:33:38.015737Z[0m [34mDEBUG[0m [2mmercury::engine::spread[0m[2m:[0m Evaluated spread direction 2 [3mmarket_id[0m[2m=[0m9046452d-bcb3-4bb8-8925-8924b7439992 [3mdirection[0m[2m=[0m"NO-A/YES-B" [3mraw_spread[0m[2m=[0m0.0100 [3mbid_a[0m[2m=[0m0.56 [3mask_b[0m[2m=[0m0.5500
[2m2026-04-12T20:33:38.063105Z[0m [34mDEBUG[0m [2mmercury::engine::market_actor[0m[2m:[0m Tick received — running arb detection [3mmarket_id[0m[2m=[0m631deb8c-fbb4-489e-818e-ae698f57f50b [3mplatform[0m[2m=[0mKalshi [3mbid[0m[2m=[0m0.6400 [3mask[0m[2m=[0m0.6600 [3mmid[0m[2m=[0m0.6500 [3mbid_size[0m[2m=[0m1645.12 [3mask_size[0m[2m=[0m2.00
[2m2026-04-12T20:33:38.063171Z[0m [34mDEBUG[0m [2mmercury::engine::market_actor[0m[2m:[0m Tick received — running arb detection [3mmarket_id[0m[2m=[0m9046452d-bcb3-4bb8-8925-8924b7439992 [3mplatform[0m[2m=[0mPolymarket [3mbid[0m[2m=[0m0.56 [3mask[0m[2m=[0m0.57 [3mmid[0m[2m=[0m0.5650 [3mbid_size[0m[2m=[0m171.6 [3mask_size[0m[2m=[0m9.83
[2m2026-04-12T20:33:38.063419Z[0m [34mDEBUG[0m [2mmercury::feeds::discovery[0m[2m:[0m No Kalshi 15m market found for this round [3masset[0m[2m=[0m"xrp" [3mround_start_ts[0m[2m=[0m1776026700 [3mtarget_close[0m[2m=[0m1776027600
[2m2026-04-12T20:33:38.063412Z[0m [34mDEBUG[0m [2mmercury::engine::spread[0m[2m:[0m Evaluated spread direction 2 [3mmarket_id[0m[2m=[0m631deb8c-fbb4-489e-818e-ae698f57f50b [3mdirection[0m[2m=[0m"NO-A/YES-B" [3mraw_spread[0m[2m=[0m0.0200 [3mbid_a[0m[2m=[0m0.68 [3mask_b[0m[2m=[0m0.6600
[2m2026-04-12T20:33:38.063426Z[0m [34mDEBUG[0m [2mmercury::engine::market_actor[0m[2m:[0m Tick received — running arb detection [3mmarket_id[0m[2m=[0m2b958b37-9921-40b8-b22d-64a67138ae70 [3mplatform[0m[2m=[0mPolymarket [3mbid[0m[2m=[0m0.64 [3mask[0m[2m=[0m0.66 [3mmid[0m[2m=[0m0.65 [3mbid_size[0m[2m=[0m3.69 [3mask_size[0m[2m=[0m110.8
[2m2026-04-12T20:33:38.063641Z[0m [32m INFO[0m [2mmercury::feeds::discovery[0m[2m:[0m 15m crypto round matched [3masset[0m[2m=[0mxrp [3mround_start[0m[2m=[0m1776026700 [3mpoly[0m[2m=[0mtrue [3mkalshi[0m[2m=[0mfalse
[2m2026-04-12T20:33:38.063746Z[0m [34mDEBUG[0m [2mmercury::engine::spread[0m[2m:[0m Evaluated spread direction 2 [3mmarket_id[0m[2m=[0m9046452d-bcb3-4bb8-8925-8924b7439992 [3mdirection[0m[2m=[0m"NO-A/YES-B" [3mraw_spread[0m[2m=[0m0.0100 [3mbid_a[0m[2m=[0m0.56 [3mask_b[0m[2m=[0m0.5500
[2m2026-04-12T20:33:38.063878Z[0m [34mDEBUG[0m [2mmercury::engine::market_actor[0m[2m:[0m Tick received — running arb detection [3mmarket_id[0m[2m=[0m79e1f598-7189-438f-a66e-b184b04be477 [3mplatform[0m[2m=[0mPolymarket [3mbid[0m[2m=[0m0.47 [3mask[0m[2m=[0m0.48 [3mmid[0m[2m=[0m0.4750 [3mbid_size[0m[2m=[0m15.8 [3mask_size[0m[2m=[0m7.2
[2m2026-04-12T20:33:38.063976Z[0m [34mDEBUG[0m [2mmercury::engine::market_actor[0m[2m:[0m Tick received — running arb detection [3mmarket_id[0m[2m=[0m9046452d-bcb3-4bb8-8925-8924b7439992 [3mplatform[0m[2m=[0mPolymarket [3mbid[0m[2m=[0m0.56 [3mask[0m[2m=[0m0.57 [3mmid[0m[2m=[0m0.5650 [3mbid_size[0m[2m=[0m171.6 [3mask_size[0m[2m=[0m9.83
[2m2026-04-12T20:33:38.064103Z[0m [34mDEBUG[0m [2mmercury::engine::market_actor[0m[2m:[0m Tick received — running arb detection [3mmarket_id[0m[2m=[0m79e1f598-7189-438f-a66e-b184b04be477 [3mplatform[0m[2m=[0mPolymarket [3mbid[0m[2m=[0m0.47 [3mask[0m[2m=[0m0.48 [3mmid[0m[2m=[0m0.4750 [3mbid_size[0m[2m=[0m15.8 [3mask_size[0m[2m=[0m7.2
[2m2026-04-12T20:33:38.064129Z[0m [34mDEBUG[0m [2mmercury::engine::market_actor[0m[2m:[0m Tick received — running arb detection [3mmarket_id[0m[2m=[0m631deb8c-fbb4-489e-818e-ae698f57f50b [3mplatform[0m[2m=[0mPolymarket [3mbid[0m[2m=[0m0.68 [3mask[0m[2m=[0m0.69 [3mmid[0m[2m=[0m0.6850 [3mbid_size[0m[2m=[0m192.7 [3mask_size[0m[2m=[0m47.85
[2m2026-04-12T20:33:38.064147Z[0m [34mDEBUG[0m [2mmercury::engine::spread[0m[2m:[0m Evaluated spread direction 2 [3mmarket_id[0m[2m=[0m9046452d-bcb3-4bb8-8925-8924b7439992 [3mdirection[0m[2m=[0m"NO-A/YES-B" [3mraw_spread[0m[2m=[0m0.0100 [3mbid_a[0m[2m=[0m0.56 [3mask_b[0m[2m=[0m0.5500
[2m2026-04-12T20:33:38.064455Z[0m [34mDEBUG[0m [2mmercury::engine::market_actor[0m[2m:[0m Tick received — running arb detection [3mmarket_id[0m[2m=[0m2b958b37-9921-40b8-b22d-64a67138ae70 [3mplatform[0m[2m=[0mPolymarket [3mbid[0m[2m=[0m0.64 [3mask[0m[2m=[0m0.66 [3mmid[0m[2m=[0m0.65 [3mbid_size[0m[2m=[0m3.69 [3mask_size[0m[2m=[0m110.8
[2m2026-04-12T20:33:38.064540Z[0m [34mDEBUG[0m [2mmercury::engine::spread[0m[2m:[0m Evaluated spread direction 2 [3mmarket_id[0m[2m=[0m631deb8c-fbb4-489e-818e-ae698f57f50b [3mdirection[0m[2m=[0m"NO-A/YES-B" [3mraw_spread[0m[2m=[0m0.0200 [3mbid_a[0m[2m=[0m0.68 [3mask_b[0m[2m=[0m0.6600
[2m2026-04-12T20:33:38.064458Z[0m [34mDEBUG[0m [2mmercury::engine::market_actor[0m[2m:[0m Tick received — running arb detection [3mmarket_id[0m[2m=[0m9046452d-bcb3-4bb8-8925-8924b7439992 [3mplatform[0m[2m=[0mPolymarket [3mbid[0m[2m=[0m0.56 [3mask[0m[2m=[0m0.57 [3mmid[0m[2m=[0m0.5650 [3mbid_size[0m[2m=[0m171.6 [3mask_size[0m[2m=[0m9.83
[2m2026-04-12T20:33:38.064787Z[0m [34mDEBUG[0m [2mmercury::engine::spread[0m[2m:[0m Evaluated spread direction 2 [3mmarket_id[0m[2m=[0m9046452d-bcb3-4bb8-8925-8924b7439992 [3mdirection[0m[2m=[0m"NO-A/YES-B" [3mraw_spread[0m[2m=[0m0.0100 [3mbid_a[0m[2m=[0m0.56 [3mask_b[0m[2m=[0m0.5500
[2m2026-04-12T20:33:38.064932Z[0m [34mDEBUG[0m [2mmercury::engine::market_actor[0m[2m:[0m Tick received — running arb detection [3mmarket_id[0m[2m=[0m9046452d-bcb3-4bb8-8925-8924b7439992 [3mplatform[0m[2m=[0mPolymarket [3mbid[0m[2m=[0m0.56 [3mask[0m[2m=[0m0.57 [3mmid[0m[2m=[0m0.5650 [3mbid_size[0m[2m=[0m171.6 [3mask_size[0m[2m=[0m9.83
[2m2026-04-12T20:33:38.065062Z[0m [34mDEBUG[0m [2mmercury::engine::spread[0m[2m:[0m Evaluated spread direction 2 [3mmarket_id[0m[2m=[0m9046452d-bcb3-4bb8-8925-8924b7439992 [3mdirection[0m[2m=[0m"NO-A/YES-B" [3mraw_spread[0m[2m=[0m0.0100 [3mbid_a[0m[2m=[0m0.56 [3mask_b[0m[2m=[0m0.5500
[2m2026-04-12T20:33:38.070400Z[0m [34mDEBUG[0m [2mmercury::engine::market_actor[0m[2m:[0m Tick received — running arb detection [3mmarket_id[0m[2m=[0m631deb8c-fbb4-489e-818e-ae698f57f50b [3mplatform[0m[2m=[0mKalshi [3mbid[0m[2m=[0m0.6400 [3mask[0m[2m=[0m0.6600 [3mmid[0m[2m=[0m0.6500 [3mbid_size[0m[2m=[0m1645.12 [3mask_size[0m[2m=[0m2.00
[2m2026-04-12T20:33:38.070544Z[0m [34mDEBUG[0m [2mmercury::engine::spread[0m[2m:[0m Evaluated spread direction 2 [3mmarket_id[0m[2m=[0m631deb8c-fbb4-489e-818e-ae698f57f50b [3mdirection[0m[2m=[0m"NO-A/YES-B" [3mraw_spread[0m[2m=[0m0.0200 [3mbid_a[0m[2m=[0m0.68 [3mask_b[0m[2m=[0m0.6600
[2m2026-04-12T20:33:38.070669Z[0m [34mDEBUG[0m [2mmercury::engine::market_actor[0m[2m:[0m Tick received — running arb detection [3mmarket_id[0m[2m=[0m631deb8c-fbb4-489e-818e-ae698f57f50b [3mplatform[0m[2m=[0mKalshi [3mbid[0m[2m=[0m0.6400 [3mask[0m[2m=[0m0.6600 [3mmid[0m[2m=[0m0.6500 [3mbid_size[0m[2m=[0m1645.12 [3mask_size[0m[2m=[0m2.00
[2m2026-04-12T20:33:38.070791Z[0m [34mDEBUG[0m [2mmercury::engine::spread[0m[2m:[0m Evaluated spread direction 2 [3mmarket_id[0m[2m=[0m631deb8c-fbb4-489e-818e-ae698f57f50b [3mdirection[0m[2m=[0m"NO-A/YES-B" [3mraw_spread[0m[2m=[0m0.0200 [3mbid_a[0m[2m=[0m0.68 [3mask_b[0m[2m=[0m0.6600
[2m2026-04-12T20:33:38.071973Z[0m [33m WARN[0m [2mmercury::feeds::kalshi[0m[2m:[0m Kalshi sequence gap for KXETH15M-26APR121645-45: expected 190, got 194. Book may be out of sync.
[2m2026-04-12T20:33:38.072189Z[0m [34mDEBUG[0m [2mmercury::engine::market_actor[0m[2m:[0m Tick received — running arb detection [3mmarket_id[0m[2m=[0m9046452d-bcb3-4bb8-8925-8924b7439992 [3mplatform[0m[2m=[0mKalshi [3mbid[0m[2m=[0m0.5300 [3mask[0m[2m=[0m0.5500 [3mmid[0m[2m=[0m0.5400 [3mbid_size[0m[2m=[0m55.00 [3mask_size[0m[2m=[0m13.76
[2m2026-04-12T20:33:38.072322Z[0m [34mDEBUG[0m [2mmercury::engine::spread[0m[2m:[0m Evaluated spread direction 2 [3mmarket_id[0m[2m=[0m9046452d-bcb3-4bb8-8925-8924b7439992 [3mdirection[0m[2m=[0m"NO-A/YES-B" [3mraw_spread[0m[2m=[0m0.0100 [3mbid_a[0m[2m=[0m0.56 [3mask_b[0m[2m=[0m0.5500
[2m2026-04-12T20:33:38.072470Z[0m [34mDEBUG[0m [2mmercury::engine::market_actor[0m[2m:[0m Tick received — running arb detection [3mmarket_id[0m[2m=[0m9046452d-bcb3-4bb8-8925-8924b7439992 [3mplatform[0m[2m=[0mKalshi [3mbid[0m[2m=[0m0.5300 [3mask[0m[2m=[0m0.5500 [3mmid[0m[2m=[0m0.5400 [3mbid_size[0m[2m=[0m55.00 [3mask_size[0m[2m=[0m13.76
[2m2026-04-12T20:33:38.072593Z[0m [34mDEBUG[0m [2mmercury::engine::spread[0m[2m:[0m Evaluated spread direction 2 [3mmarket_id[0m[2m=[0m9046452d-bcb3-4bb8-8925-8924b7439992 [3mdirection[0m[2m=[0m"NO-A/YES-B" [3mraw_spread[0m[2m=[0m0.0100 [3mbid_a[0m[2m=[0m0.56 [3mask_b[0m[2m=[0m0.5500
[2m2026-04-12T20:33:38.073798Z[0m [33m WARN[0m [2mmercury::feeds::kalshi[0m[2m:[0m Kalshi sequence gap for KXBTC15M-26APR121645-45: expected 194, got 196. Book may be out of sync.
[2m2026-04-12T20:33:38.074076Z[0m [34mDEBUG[0m [2mmercury::engine::market_actor[0m[2m:[0m Tick received — running arb detection [3mmarket_id[0m[2m=[0m631deb8c-fbb4-489e-818e-ae698f57f50b [3mplatform[0m[2m=[0mKalshi [3mbid[0m[2m=[0m0.6400 [3mask[0m[2m=[0m0.6600 [3mmid[0m[2m=[0m0.6500 [3mbid_size[0m[2m=[0m1645.12 [3mask_size[0m[2m=[0m2.00
[2m2026-04-12T20:33:38.074216Z[0m [34mDEBUG[0m [2mmercury::engine::spread[0m[2m:[0m Evaluated spread direction 2 [3mmarket_id[0m[2m=[0m631deb8c-fbb4-489e-818e-ae698f57f50b [3mdirection[0m[2m=[0m"NO-A/YES-B" [3mraw_spread[0m[2m=[0m0.0200 [3mbid_a[0m[2m=[0m0.68 [3mask_b[0m[2m=[0m0.6600
[2m2026-04-12T20:33:38.124902Z[0m [34mDEBUG[0m [2mmercury::engine::market_actor[0m[2m:[0m Tick received — running arb detection [3mmarket_id[0m[2m=[0m631deb8c-fbb4-489e-818e-ae698f57f50b [3mplatform[0m[2m=[0mKalshi [3mbid[0m[2m=[0m0.6400 [3mask[0m[2m=[0m0.6600 [3mmid[0m[2m=[0m0.6500 [3mbid_size[0m[2m=[0m1669.12 [3mask_size[0m[2m=[0m2.00
[2m2026-04-12T20:33:38.125241Z[0m [34mDEBUG[0m [2mmercury::engine::spread[0m[2m:[0m Evaluated spread direction 2 [3mmarket_id[0m[2m=[0m631deb8c-fbb4-489e-818e-ae698f57f50b [3mdirection[0m[2m=[0m"NO-A/YES-B" [3mraw_spread[0m[2m=[0m0.0200 [3mbid_a[0m[2m=[0m0.68 [3mask_b[0m[2m=[0m0.6600
[2m2026-04-12T20:33:38.125440Z[0m [34mDEBUG[0m [2mmercury::engine::market_actor[0m[2m:[0m Tick received — running arb detection [3mmarket_id[0m[2m=[0m631deb8c-fbb4-489e-818e-ae698f57f50b [3mplatform[0m[2m=[0mKalshi [3mbid[0m[2m=[0m0.6400 [3mask[0m[2m=[0m0.6600 [3mmid[0m[2m=[0m0.6500 [3mbid_size[0m[2m=[0m1669.12 [3mask_size[0m[2m=[0m2.00
[2m2026-04-12T20:33:38.125537Z[0m [33m WARN[0m [2mmercury::feeds::kalshi[0m[2m:[0m Kalshi sequence gap for KXETH15M-26APR121645-45: expected 196, got 201. Book may be out of sync.
[2m2026-04-12T20:33:38.125622Z[0m [34mDEBUG[0m [2mmercury::engine::spread[0m[2m:[0m Evaluated spread direction 2 [3mmarket_id[0m[2m=[0m631deb8c-fbb4-489e-818e-ae698f57f50b [3mdirection[0m[2m=[0m"NO-A/YES-B" [3mraw_spread[0m[2m=[0m0.0200 [3mbid_a[0m[2m=[0m0.68 [3mask_b[0m[2m=[0m0.6600
[2m2026-04-12T20:33:38.125804Z[0m [34mDEBUG[0m [2mmercury::engine::market_actor[0m[2m:[0m Tick received — running arb detection [3mmarket_id[0m[2m=[0m631deb8c-fbb4-489e-818e-ae698f57f50b [3mplatform[0m[2m=[0mKalshi [3mbid[0m[2m=[0m0.6400 [3mask[0m[2m=[0m0.6600 [3mmid[0m[2m=[0m0.6500 [3mbid_size[0m[2m=[0m1669.12 [3mask_size[0m[2m=[0m2.00
[2m2026-04-12T20:33:38.125848Z[0m [33m WARN[0m [2mmercury::feeds::kalshi[0m[2m:[0m Kalshi sequence gap for KXBTC15M-26APR121645-45: expected 201, got 203. Book may be out of sync.
[2m2026-04-12T20:33:38.125880Z[0m [34mDEBUG[0m [2mmercury::engine::market_actor[0m[2m:[0m Tick received — running arb detection [3mmarket_id[0m[2m=[0m9046452d-bcb3-4bb8-8925-8924b7439992 [3mplatform[0m[2m=[0mKalshi [3mbid[0m[2m=[0m0.5300 [3mask[0m[2m=[0m0.5500 [3mmid[0m[2m=[0m0.5400 [3mbid_size[0m[2m=[0m55.00 [3mask_size[0m[2m=[0m13.76
[2m2026-04-12T20:33:38.125991Z[0m [34mDEBUG[0m [2mmercury::engine::spread[0m[2m:[0m Evaluated spread direction 2 [3mmarket_id[0m[2m=[0m631deb8c-fbb4-489e-818e-ae698f57f50b [3mdirection[0m[2m=[0m"NO-A/YES-B" [3mraw_spread[0m[2m=[0m0.0200 [3mbid_a[0m[2m=[0m0.68 [3mask_b[0m[2m=[0m0.6600
[2m2026-04-12T20:33:38.126081Z[0m [33m WARN[0m [2mmercury::feeds::kalshi[0m[2m:[0m Kalshi sequence gap for KXETH15M-26APR121645-45: expected 203, got 204. Book may be out of sync.
[2m2026-04-12T20:33:38.126172Z[0m [34mDEBUG[0m [2mmercury::engine::market_actor[0m[2m:[0m Tick received — running arb detection [3mmarket_id[0m[2m=[0m631deb8c-fbb4-489e-818e-ae698f57f50b [3mplatform[0m[2m=[0mKalshi [3mbid[0m[2m=[0m0.6400 [3mask[0m[2m=[0m0.6600 [3mmid[0m[2m=[0m0.6500 [3mbid_size[0m[2m=[0m1669.12 [3mask_size[0m[2m=[0m2.00
[2m2026-04-12T20:33:38.126194Z[0m [34mDEBUG[0m [2mmercury::engine::spread[0m[2m:[0m Evaluated spread direction 2 [3mmarket_id[0m[2m=[0m9046452d-bcb3-4bb8-8925-8924b7439992 [3mdirection[0m[2m=[0m"NO-A/YES-B" [3mraw_spread[0m[2m=[0m0.0100 [3mbid_a[0m[2m=[0m0.56 [3mask_b[0m[2m=[0m0.5500
[2m2026-04-12T20:33:38.126390Z[0m [33m WARN[0m [2mmercury::feeds::kalshi[0m[2m:[0m Kalshi sequence gap for KXBTC15M-26APR121645-45: expected 204, got 206. Book may be out of sync.
[2m2026-04-12T20:33:38.126412Z[0m [34mDEBUG[0m [2mmercury::engine::market_actor[0m[2m:[0m Tick received — running arb detection [3mmarket_id[0m[2m=[0m9046452d-bcb3-4bb8-8925-8924b7439992 [3mplatform[0m[2m=[0mKalshi [3mbid[0m[2m=[0m0.5300 [3mask[0m[2m=[0m0.5500 [3mmid[0m[2m=[0m0.5400 [3mbid_size[0m[2m=[0m55.00 [3mask_size[0m[2m=[0m13.76
[2m2026-04-12T20:33:38.126432Z[0m [34mDEBUG[0m [2mmercury::engine::spread[0m[2m:[0m Evaluated spread direction 2 [3mmarket_id[0m[2m=[0m631deb8c-fbb4-489e-818e-ae698f57f50b [3mdirection[0m[2m=[0m"NO-A/YES-B" [3mraw_spread[0m[2m=[0m0.0200 [3mbid_a[0m[2m=[0m0.68 [3mask_b[0m[2m=[0m0.6600
[2m2026-04-12T20:33:38.126716Z[0m [34mDEBUG[0m [2mmercury::engine::market_actor[0m[2m:[0m Tick received — running arb detection [3mmarket_id[0m[2m=[0m631deb8c-fbb4-489e-818e-ae698f57f50b [3mplatform[0m[2m=[0mKalshi [3mbid[0m[2m=[0m0.6500 [3mask[0m[2m=[0m0.6600 [3mmid[0m[2m=[0m0.6550 [3mbid_size[0m[2m=[0m3.00 [3mask_size[0m[2m=[0m2.00
[2m2026-04-12T20:33:38.126758Z[0m [34mDEBUG[0m [2mmercury::engine::spread[0m[2m:[0m Evaluated spread direction 2 [3mmarket_id[0m[2m=[0m9046452d-bcb3-4bb8-8925-8924b7439992 [3mdirection[0m[2m=[0m"NO-A/YES-B" [3mraw_spread[0m[2m=[0m0.0100 [3mbid_a[0m[2m=[0m0.56 [3mask_b[0m[2m=[0m0.5500
[2m2026-04-12T20:33:38.126964Z[0m [34mDEBUG[0m [2mmercury::engine::market_actor[0m[2m:[0m Tick received — running arb detection [3mmarket_id[0m[2m=[0m9046452d-bcb3-4bb8-8925-8924b7439992 [3mplatform[0m[2m=[0mKalshi [3mbid[0m[2m=[0m0.5300 [3mask[0m[2m=[0m0.5500 [3mmid[0m[2m=[0m0.5400 [3mbid_size[0m[2m=[0m55.00 [3mask_size[0m[2m=[0m13.76
[2m2026-04-12T20:33:38.126982Z[0m [34mDEBUG[0m [2mmercury::engine::spread[0m[2m:[0m Evaluated spread direction 2 [3mmarket_id[0m[2m=[0m631deb8c-fbb4-489e-818e-ae698f57f50b [3mdirection[0m[2m=[0m"NO-A/YES-B" [3mraw_spread[0m[2m=[0m0.0200 [3mbid_a[0m[2m=[0m0.68 [3mask_b[0m[2m=[0m0.6600
[2m2026-04-12T20:33:38.127203Z[0m [34mDEBUG[0m [2mmercury::engine::market_actor[0m[2m:[0m Tick received — running arb detection [3mmarket_id[0m[2m=[0m631deb8c-fbb4-489e-818e-ae698f57f50b [3mplatform[0m[2m=[0mKalshi [3mbid[0m[2m=[0m0.6500 [3mask[0m[2m=[0m0.6600 [3mmid[0m[2m=[0m0.6550 [3mbid_size[0m[2m=[0m3.00 [3mask_size[0m[2m=[0m2.00
[2m2026-04-12T20:33:38.127216Z[0m [34mDEBUG[0m [2mmercury::engine::spread[0m[2m:[0m Evaluated spread direction 2 [3mmarket_id[0m[2m=[0m9046452d-bcb3-4bb8-8925-8924b7439992 [3mdirection[0m[2m=[0m"NO-A/YES-B" [3mraw_spread[0m[2m=[0m0.0100 [3mbid_a[0m[2m=[0m0.56 [3mask_b[0m[2m=[0m0.5500
[2m2026-04-12T20:33:38.127442Z[0m [34mDEBUG[0m [2mmercury::engine::market_actor[0m[2m:[0m Tick received — running arb detection [3mmarket_id[0m[2m=[0m9046452d-bcb3-4bb8-8925-8924b7439992 [3mplatform[0m[2m=[0mKalshi [3mbid[0m[2m=[0m0.5300 [3mask[0m[2m=[0m0.5500 [3mmid[0m[2m=[0m0.5400 [3mbid_size[0m[2m=[0m55.00 [3mask_size[0m[2m=[0m13.76
[2m2026-04-12T20:33:38.127470Z[0m [34mDEBUG[0m [2mmercury::engine::spread[0m[2m:[0m Evaluated spread direction 2 [3mmarket_id[0m[2m=[0m631deb8c-fbb4-489e-818e-ae698f57f50b [3mdirection[0m[2m=[0m"NO-A/YES-B" [3mraw_spread[0m[2m=[0m0.0200 [3mbid_a[0m[2m=[0m0.68 [3mask_b[0m[2m=[0m0.6600
[2m2026-04-12T20:33:38.127662Z[0m [34mDEBUG[0m [2mmercury::engine::spread[0m[2m:[0m Evaluated spread direction 2 [3mmarket_id[0m[2m=[0m9046452d-bcb3-4bb8-8925-8924b7439992 [3mdirection[0m[2m=[0m"NO-A/YES-B" [3mraw_spread[0m[2m=[0m0.0100 [3mbid_a[0m[2m=[0m0.56 [3mask_b[0m[2m=[0m0.5500
[2m2026-04-12T20:33:38.165025Z[0m [33m WARN[0m [2mmercury::feeds::kalshi[0m[2m:[0m Kalshi sequence gap for KXETH15M-26APR121645-45: expected 206, got 207. Book may be out of sync.
[2m2026-04-12T20:33:38.165595Z[0m [33m WARN[0m [2mmercury::feeds::kalshi[0m[2m:[0m Kalshi sequence gap for KXBTC15M-26APR121645-45: expected 207, got 209. Book may be out of sync.
[2m2026-04-12T20:33:38.165651Z[0m [34mDEBUG[0m [2mmercury::engine::market_actor[0m[2m:[0m Tick received — running arb detection [3mmarket_id[0m[2m=[0m9046452d-bcb3-4bb8-8925-8924b7439992 [3mplatform[0m[2m=[0mKalshi [3mbid[0m[2m=[0m0.5300 [3mask[0m[2m=[0m0.5500 [3mmid[0m[2m=[0m0.5400 [3mbid_size[0m[2m=[0m55.00 [3mask_size[0m[2m=[0m13.76
[2m2026-04-12T20:33:38.165940Z[0m [34mDEBUG[0m [2mmercury::engine::spread[0m[2m:[0m Evaluated spread direction 2 [3mmarket_id[0m[2m=[0m9046452d-bcb3-4bb8-8925-8924b7439992 [3mdirection[0m[2m=[0m"NO-A/YES-B" [3mraw_spread[0m[2m=[0m0.0100 [3mbid_a[0m[2m=[0m0.56 [3mask_b[0m[2m=[0m0.5500
[2m2026-04-12T20:33:38.165971Z[0m [33m WARN[0m [2mmercury::feeds::kalshi[0m[2m:[0m Kalshi sequence gap for KXETH15M-26APR121645-45: expected 209, got 211. Book may be out of sync.
[2m2026-04-12T20:33:38.166029Z[0m [34mDEBUG[0m [2mmercury::engine::market_actor[0m[2m:[0m Tick received — running arb detection [3mmarket_id[0m[2m=[0m631deb8c-fbb4-489e-818e-ae698f57f50b [3mplatform[0m[2m=[0mKalshi [3mbid[0m[2m=[0m0.6500 [3mask[0m[2m=[0m0.6600 [3mmid[0m[2m=[0m0.6550 [3mbid_size[0m[2m=[0m3.00 [3mask_size[0m[2m=[0m2.00
[2m2026-04-12T20:33:38.166146Z[0m [34mDEBUG[0m [2mmercury::engine::market_actor[0m[2m:[0m Tick received — running arb detection [3mmarket_id[0m[2m=[0m9046452d-bcb3-4bb8-8925-8924b7439992 [3mplatform[0m[2m=[0mKalshi [3mbid[0m[2m=[0m0.5300 [3mask[0m[2m=[0m0.5500 [3mmid[0m[2m=[0m0.5400 [3mbid_size[0m[2m=[0m55.00 [3mask_size[0m[2m=[0m23.76
[2m2026-04-12T20:33:38.166227Z[0m [34mDEBUG[0m [2mmercury::engine::spread[0m[2m:[0m Evaluated spread direction 2 [3mmarket_id[0m[2m=[0m631deb8c-fbb4-489e-818e-ae698f57f50b [3mdirection[0m[2m=[0m"NO-A/YES-B" [3mraw_spread[0m[2m=[0m0.0200 [3mbid_a[0m[2m=[0m0.68 [3mask_b[0m[2m=[0m0.6600
[2m2026-04-12T20:33:38.166244Z[0m [33m WARN[0m [2mmercury::feeds::kalshi[0m[2m:[0m Kalshi sequence gap for KXBTC15M-26APR121645-45: expected 211, got 213. Book may be out of sync.
[2m2026-04-12T20:33:38.166414Z[0m [34mDEBUG[0m [2mmercury::engine::market_actor[0m[2m:[0m Tick received — running arb detection [3mmarket_id[0m[2m=[0m631deb8c-fbb4-489e-818e-ae698f57f50b [3mplatform[0m[2m=[0mKalshi [3mbid[0m[2m=[0m0.6500 [3mask[0m[2m=[0m0.6600 [3mmid[0m[2m=[0m0.6550 [3mbid_size[0m[2m=[0m3.00 [3mask_size[0m[2m=[0m2.00
[2m2026-04-12T20:33:38.166444Z[0m [34mDEBUG[0m [2mmercury::engine::spread[0m[2m:[0m Evaluated spread direction 2 [3mmarket_id[0m[2m=[0m9046452d-bcb3-4bb8-8925-8924b7439992 [3mdirection[0m[2m=[0m"NO-A/YES-B" [3mraw_spread[0m[2m=[0m0.0100 [3mbid_a[0m[2m=[0m0.56 [3mask_b[0m[2m=[0m0.5500
[2m2026-04-12T20:33:38.166635Z[0m [34mDEBUG[0m [2mmercury::engine::market_actor[0m[2m:[0m Tick received — running arb detection [3mmarket_id[0m[2m=[0m9046452d-bcb3-4bb8-8925-8924b7439992 [3mplatform[0m[2m=[0mKalshi [3mbid[0m[2m=[0m0.5300 [3mask[0m[2m=[0m0.5500 [3mmid[0m[2m=[0m0.5400 [3mbid_size[0m[2m=[0m55.00 [3mask_size[0m[2m=[0m23.76
[2m2026-04-12T20:33:38.166685Z[0m [34mDEBUG[0m [2mmercury::engine::spread[0m[2m:[0m Evaluated spread direction 2 [3mmarket_id[0m[2m=[0m631deb8c-fbb4-489e-818e-ae698f57f50b [3mdirection[0m[2m=[0m"NO-A/YES-B" [3mraw_spread[0m[2m=[0m0.0200 [3mbid_a[0m[2m=[0m0.68 [3mask_b[0m[2m=[0m0.6600
[2m2026-04-12T20:33:38.166880Z[0m [34mDEBUG[0m [2mmercury::engine::market_actor[0m[2m:[0m Tick received — running arb detection [3mmarket_id[0m[2m=[0m631deb8c-fbb4-489e-818e-ae698f57f50b [3mplatform[0m[2m=[0mKalshi [3mbid[0m[2m=[0m0.6500 [3mask[0m[2m=[0m0.6600 [3mmid[0m[2m=[0m0.6550 [3mbid_size[0m[2m=[0m3.00 [3mask_size[0m[2m=[0m2.00
[2m2026-04-12T20:33:38.166903Z[0m [34mDEBUG[0m [2mmercury::engine::spread[0m[2m:[0m Evaluated spread direction 2 [3mmarket_id[0m[2m=[0m9046452d-bcb3-4bb8-8925-8924b7439992 [3mdirection[0m[2m=[0m"NO-A/YES-B" [3mraw_spread[0m[2m=[0m0.0100 [3mbid_a[0m[2m=[0m0.56 [3mask_b[0m[2m=[0m0.5500
[2m2026-04-12T20:33:38.167098Z[0m [34mDEBUG[0m [2mmercury::engine::market_actor[0m[2m:[0m Tick received — running arb detection [3mmarket_id[0m[2m=[0m9046452d-bcb3-4bb8-8925-8924b7439992 [3mplatform[0m[2m=[0mKalshi [3mbid[0m[2m=[0m0.5300 [3mask[0m[2m=[0m0.5500 [3mmid[0m[2m=[0m0.5400 [3mbid_size[0m[2m=[0m55.00 [3mask_size[0m[2m=[0m23.76
[2m2026-04-12T20:33:38.167135Z[0m [34mDEBUG[0m [2mmercury::engine::spread[0m[2m:[0m Evaluated spread direction 2 [3mmarket_id[0m[2m=[0m631deb8c-fbb4-489e-818e-ae698f57f50b [3mdirection[0m[2m=[0m"NO-A/YES-B" [3mraw_spread[0m[2m=[0m0.0200 [3mbid_a[0m[2m=[0m0.68 [3mask_b[0m[2m=[0m0.6600
[2m2026-04-12T20:33:38.167308Z[0m [34mDEBUG[0m [2mmercury::engine::market_actor[0m[2m:[0m Tick received — running arb detection [3mmarket_id[0m[2m=[0m631deb8c-fbb4-489e-818e-ae698f57f50b [3mplatform[0m[2m=[0mKalshi [3mbid[0m[2m=[0m0.6500 [3mask[0m[2m=[0m0.6600 [3mmid[0m[2m=[0m0.6550 [3mbid_size[0m[2m=[0m3.00 [3mask_size[0m[2m=[0m2.00
[2m2026-04-12T20:33:38.167336Z[0m [34mDEBUG[0m [2mmercury::engine::spread[0m[2m:[0m Evaluated spread direction 2 [3mmarket_id[0m[2m=[0m9046452d-bcb3-4bb8-8925-8924b7439992 [3mdirection[0m[2m=[0m"NO-A/YES-B" [3mraw_spread[0m[2m=[0m0.0100 [3mbid_a[0m[2m=[0m0.56 [3mask_b[0m[2m=[0m0.5500
[2m2026-04-12T20:33:38.167589Z[0m [34mDEBUG[0m [2mmercury::engine::spread[0m[2m:[0m Evaluated spread direction 2 [3mmarket_id[0m[2m=[0m631deb8c-fbb4-489e-818e-ae698f57f50b [3mdirection[0m[2m=[0m"NO-A/YES-B" [3mraw_spread[0m[2m=[0m0.0200 [3mbid_a[0m[2m=[0m0.68 [3mask_b[0m[2m=[0m0.6600
[2m2026-04-12T20:33:38.167796Z[0m [34mDEBUG[0m [2mmercury::engine::market_actor[0m[2m:[0m Tick received — running arb detection [3mmarket_id[0m[2m=[0m631deb8c-fbb4-489e-818e-ae698f57f50b [3mplatform[0m[2m=[0mKalshi [3mbid[0m[2m=[0m0.6500 [3mask[0m[2m=[0m0.6600 [3mmid[0m[2m=[0m0.6550 [3mbid_size[0m[2m=[0m3.00 [3mask_size[0m[2m=[0m2.00
[2m2026-04-12T20:33:38.167976Z[0m [34mDEBUG[0m [2mmercury::engine::spread[0m[2m:[0m Evaluated spread direction 2 [3mmarket_id[0m[2m=[0m631deb8c-fbb4-489e-818e-ae698f57f50b [3mdirection[0m[2m=[0m"NO-A/YES-B" [3mraw_spread[0m[2m=[0m0.0200 [3mbid_a[0m[2m=[0m0.68 [3mask_b[0m[2m=[0m0.6600
[2m2026-04-12T20:33:38.168148Z[0m [34mDEBUG[0m [2mmercury::engine::market_actor[0m[2m:[0m Tick received — running arb detection [3mmarket_id[0m[2m=[0m631deb8c-fbb4-489e-818e-ae698f57f50b [3mplatform[0m[2m=[0mKalshi [3mbid[0m[2m=[0m0.6500 [3mask[0m[2m=[0m0.6600 [3mmid[0m[2m=[0m0.6550 [3mbid_size[0m[2m=[0m3.00 [3mask_size[0m[2m=[0m2.00
[2m2026-04-12T20:33:38.168325Z[0m [34mDEBUG[0m [2mmercury::engine::spread[0m[2m:[0m Evaluated spread direction 2 [3mmarket_id[0m[2m=[0m631deb8c-fbb4-489e-818e-ae698f57f50b [3mdirection[0m[2m=[0m"NO-A/YES-B" [3mraw_spread[0m[2m=[0m0.0200 [3mbid_a[0m[2m=[0m0.68 [3mask_b[0m[2m=[0m0.6600
[2m2026-04-12T20:33:38.168495Z[0m [34mDEBUG[0m [2mmercury::engine::market_actor[0m[2m:[0m Tick received — running arb detection [3mmarket_id[0m[2m=[0m631deb8c-fbb4-489e-818e-ae698f57f50b [3mplatform[0m[2m=[0mKalshi [3mbid[0m[2m=[0m0.6500 [3mask[0m[2m=[0m0.6600 [3mmid[0m[2m=[0m0.6550 [3mbid_size[0m[2m=[0m3.00 [3mask_size[0m[2m=[0m2.00
[2m2026-04-12T20:33:38.168667Z[0m [34mDEBUG[0m [2mmercury::engine::spread[0m[2m:[0m Evaluated spread direction 2 [3mmarket_id[0m[2m=[0m631deb8c-fbb4-489e-818e-ae698f57f50b [3mdirection[0m[2m=[0m"NO-A/YES-B" [3mraw_spread[0m[2m=[0m0.0200 [3mbid_a[0m[2m=[0m0.68 [3mask_b[0m[2m=[0m0.6600
[2m2026-04-12T20:33:38.174778Z[0m [34mDEBUG[0m [2mmercury::engine::market_actor[0m[2m:[0m Tick received — running arb detection [3mmarket_id[0m[2m=[0m631deb8c-fbb4-489e-818e-ae698f57f50b [3mplatform[0m[2m=[0mKalshi [3mbid[0m[2m=[0m0.6500 [3mask[0m[2m=[0m0.6600 [3mmid[0m[2m=[0m0.6550 [3mbid_size[0m[2m=[0m3.00 [3mask_size[0m[2m=[0m2.00
[2m2026-04-12T20:33:38.175053Z[0m [34mDEBUG[0m [2mmercury::engine::spread[0m[2m:[0m Evaluated spread direction 2 [3mmarket_id[0m[2m=[0m631deb8c-fbb4-489e-818e-ae698f57f50b [3mdirection[0m[2m=[0m"NO-A/YES-B" [3mraw_spread[0m[2m=[0m0.0200 [3mbid_a[0m[2m=[0m0.68 [3mask_b[0m[2m=[0m0.6600
[2m2026-04-12T20:33:38.227512Z[0m [33m WARN[0m [2mmercury::feeds::kalshi[0m[2m:[0m Kalshi sequence gap for KXETH15M-26APR121645-45: expected 213, got 219. Book may be out of sync.
[2m2026-04-12T20:33:38.227708Z[0m [34mDEBUG[0m [2mmercury::engine::market_actor[0m[2m:[0m Tick received — running arb detection [3mmarket_id[0m[2m=[0m2b958b37-9921-40b8-b22d-64a67138ae70 [3mplatform[0m[2m=[0mPolymarket [3mbid[0m[2m=[0m0.64 [3mask[0m[2m=[0m0.66 [3mmid[0m[2m=[0m0.65 [3mbid_size[0m[2m=[0m3.69 [3mask_size[0m[2m=[0m110.8
[2m2026-04-12T20:33:38.227867Z[0m [34mDEBUG[0m [2mmercury::engine::market_actor[0m[2m:[0m Tick received — running arb detection [3mmarket_id[0m[2m=[0m9046452d-bcb3-4bb8-8925-8924b7439992 [3mplatform[0m[2m=[0mKalshi [3mbid[0m[2m=[0m0.5300 [3mask[0m[2m=[0m0.5500 [3mmid[0m[2m=[0m0.5400 [3mbid_size[0m[2m=[0m55.00 [3mask_size[0m[2m=[0m23.76
[2m2026-04-12T20:33:38.227924Z[0m [33m WARN[0m [2mmercury::feeds::kalshi[0m[2m:[0m Kalshi sequence gap for KXBTC15M-26APR121645-45: expected 219, got 221. Book may be out of sync.
[2m2026-04-12T20:33:38.227972Z[0m [34mDEBUG[0m [2mmercury::engine::market_actor[0m[2m:[0m Tick received — running arb detection [3mmarket_id[0m[2m=[0m2b958b37-9921-40b8-b22d-64a67138ae70 [3mplatform[0m[2m=[0mPolymarket [3mbid[0m[2m=[0m0.64 [3mask[0m[2m=[0m0.66 [3mmid[0m[2m=[0m0.65 [3mbid_size[0m[2m=[0m3.69 [3mask_size[0m[2m=[0m110.8
[2m2026-04-12T20:33:38.228136Z[0m [34mDEBUG[0m [2mmercury::engine::spread[0m[2m:[0m Evaluated spread direction 2 [3mmarket_id[0m[2m=[0m9046452d-bcb3-4bb8-8925-8924b7439992 [3mdirection[0m[2m=[0m"NO-A/YES-B" [3mraw_spread[0m[2m=[0m0.0100 [3mbid_a[0m[2m=[0m0.56 [3mask_b[0m[2m=[0m0.5500
[2m2026-04-12T20:33:38.228227Z[0m [34mDEBUG[0m [2mmercury::engine::market_actor[0m[2m:[0m Tick received — running arb detection [3mmarket_id[0m[2m=[0m631deb8c-fbb4-489e-818e-ae698f57f50b [3mplatform[0m[2m=[0mKalshi [3mbid[0m[2m=[0m0.6500 [3mask[0m[2m=[0m0.6600 [3mmid[0m[2m=[0m0.6550 [3mbid_size[0m[2m=[0m3.00 [3mask_size[0m[2m=[0m2.00
[2m2026-04-12T20:33:38.228360Z[0m [34mDEBUG[0m [2mmercury::engine::market_actor[0m[2m:[0m Tick received — running arb detection [3mmarket_id[0m[2m=[0m9046452d-bcb3-4bb8-8925-8924b7439992 [3mplatform[0m[2m=[0mKalshi [3mbid[0m[2m=[0m0.5300 [3mask[0m[2m=[0m0.5500 [3mmid[0m[2m=[0m0.5400 [3mbid_size[0m[2m=[0m55.00 [3mask_size[0m[2m=[0m23.76
[2m2026-04-12T20:33:38.228425Z[0m [34mDEBUG[0m [2mmercury::engine::spread[0m[2m:[0m Evaluated spread direction 2 [3mmarket_id[0m[2m=[0m631deb8c-fbb4-489e-818e-ae698f57f50b [3mdirection[0m[2m=[0m"NO-A/YES-B" [3mraw_spread[0m[2m=[0m0.0200 [3mbid_a[0m[2m=[0m0.68 [3mask_b[0m[2m=[0m0.6600
[2m2026-04-12T20:33:38.228640Z[0m [34mDEBUG[0m [2mmercury::engine::spread[0m[2m:[0m Evaluated spread direction 2 [3mmarket_id[0m[2m=[0m9046452d-bcb3-4bb8-8925-8924b7439992 [3mdirection[0m[2m=[0m"NO-A/YES-B" [3mraw_spread[0m[2m=[0m0.0100 [3mbid_a[0m[2m=[0m0.56 [3mask_b[0m[2m=[0m0.5500
[2m2026-04-12T20:33:38.229521Z[0m [34mDEBUG[0m [2mmercury::engine::market_actor[0m[2m:[0m Tick received — running arb detection [3mmarket_id[0m[2m=[0m631deb8c-fbb4-489e-818e-ae698f57f50b [3mplatform[0m[2m=[0mPolymarket [3mbid[0m[2m=[0m0.68 [3mask[0m[2m=[0m0.69 [3mmid[0m[2m=[0m0.6850 [3mbid_size[0m[2m=[0m192.7 [3mask_size[0m[2m=[0m47.85
[2m2026-04-12T20:33:38.229583Z[0m [34mDEBUG[0m [2mmercury::engine::market_actor[0m[2m:[0m Tick received — running arb detection [3mmarket_id[0m[2m=[0m9046452d-bcb3-4bb8-8925-8924b7439992 [3mplatform[0m[2m=[0mPolymarket [3mbid[0m[2m=[0m0.56 [3mask[0m[2m=[0m0.57 [3mmid[0m[2m=[0m0.5650 [3mbid_size[0m[2m=[0m171.6 [3mask_size[0m[2m=[0m9.83
[2m2026-04-12T20:33:38.229732Z[0m [34mDEBUG[0m [2mmercury::engine::spread[0m[2m:[0m Evaluated spread direction 2 [3mmarket_id[0m[2m=[0m631deb8c-fbb4-489e-818e-ae698f57f50b [3mdirection[0m[2m=[0m"NO-A/YES-B" [3mraw_spread[0m[2m=[0m0.0200 [3mbid_a[0m[2m=[0m0.68 [3mask_b[0m[2m=[0m0.6600
[2m2026-04-12T20:33:38.229924Z[0m [34mDEBUG[0m [2mmercury::engine::market_actor[0m[2m:[0m Tick received — running arb detection [3mmarket_id[0m[2m=[0m631deb8c-fbb4-489e-818e-ae698f57f50b [3mplatform[0m[2m=[0mKalshi [3mbid[0m[2m=[0m0.6500 [3mask[0m[2m=[0m0.6600 [3mmid[0m[2m=[0m0.6550 [3mbid_size[0m[2m=[0m3.00 [3mask_size[0m[2m=[0m2.00
[2m2026-04-12T20:33:38.229956Z[0m [34mDEBUG[0m [2mmercury::engine::spread[0m[2m:[0m Evaluated spread direction 2 [3mmarket_id[0m[2m=[0m9046452d-bcb3-4bb8-8925-8924b7439992 [3mdirection[0m[2m=[0m"NO-A/YES-B" [3mraw_spread[0m[2m=[0m0.0100 [3mbid_a[0m[2m=[0m0.56 [3mask_b[0m[2m=[0m0.5500
[2m2026-04-12T20:33:38.230185Z[0m [34mDEBUG[0m [2mmercury::engine::spread[0m[2m:[0m Evaluated spread direction 2 [3mmarket_id[0m[2m=[0m631deb8c-fbb4-489e-818e-ae698f57f50b [3mdirection[0m[2m=[0m"NO-A/YES-B" [3mraw_spread[0m[2m=[0m0.0200 [3mbid_a[0m[2m=[0m0.68 [3mask_b[0m[2m=[0m0.6600
[2m2026-04-12T20:33:38.230179Z[0m [34mDEBUG[0m [2mmercury::engine::market_actor[0m[2m:[0m Tick received — running arb detection [3mmarket_id[0m[2m=[0m9046452d-bcb3-4bb8-8925-8924b7439992 [3mplatform[0m[2m=[0mPolymarket [3mbid[0m[2m=[0m0.56 [3mask[0m[2m=[0m0.57 [3mmid[0m[2m=[0m0.5650 [3mbid_size[0m[2m=[0m171.6 [3mask_size[0m[2m=[0m9.83
[2m2026-04-12T20:33:38.230452Z[0m [34mDEBUG[0m [2mmercury::engine::spread[0m[2m:[0m Evaluated spread direction 2 [3mmarket_id[0m[2m=[0m9046452d-bcb3-4bb8-8925-8924b7439992 [3mdirection[0m[2m=[0m"NO-A/YES-B" [3mraw_spread[0m[2m=[0m0.0100 [3mbid_a[0m[2m=[0m0.56 [3mask_b[0m[2m=[0m0.5500
[2m2026-04-12T20:33:38.230607Z[0m [34mDEBUG[0m [2mmercury::engine::market_actor[0m[2m:[0m Tick received — running arb detection [3mmarket_id[0m[2m=[0m9046452d-bcb3-4bb8-8925-8924b7439992 [3mplatform[0m[2m=[0mPolymarket [3mbid[0m[2m=[0m0.56 [3mask[0m[2m=[0m0.57 [3mmid[0m[2m=[0m0.5650 [3mbid_size[0m[2m=[0m171.6 [3mask_size[0m[2m=[0m9.83
[2m2026-04-12T20:33:38.230745Z[0m [34mDEBUG[0m [2mmercury::engine::spread[0m[2m:[0m Evaluated spread direction 2 [3mmarket_id[0m[2m=[0m9046452d-bcb3-4bb8-8925-8924b7439992 [3mdirection[0m[2m=[0m"NO-A/YES-B" [3mraw_spread[0m[2m=[0m0.0100 [3mbid_a[0m[2m=[0m0.56 [3mask_b[0m[2m=[0m0.5500
[2m2026-04-12T20:33:38.266564Z[0m [34mDEBUG[0m [2mmercury::engine::market_actor[0m[2m:[0m Tick received — running arb detection [3mmarket_id[0m[2m=[0m631deb8c-fbb4-489e-818e-ae698f57f50b [3mplatform[0m[2m=[0mKalshi [3mbid[0m[2m=[0m0.6500 [3mask[0m[2m=[0m0.6600 [3mmid[0m[2m=[0m0.6550 [3mbid_size[0m[2m=[0m3.00 [3mask_size[0m[2m=[0m2.00
[2m2026-04-12T20:33:38.266950Z[0m [34mDEBUG[0m [2mmercury::engine::spread[0m[2m:[0m Evaluated spread direction 2 [3mmarket_id[0m[2m=[0m631deb8c-fbb4-489e-818e-ae698f57f50b [3mdirection[0m[2m=[0m"NO-A/YES-B" [3mraw_spread[0m[2m=[0m0.0200 [3mbid_a[0m[2m=[0m0.68 [3mask_b[0m[2m=[0m0.6600
[2m2026-04-12T20:33:38.268071Z[0m [34mDEBUG[0m [2mmercury::engine::market_actor[0m[2m:[0m Tick received — running arb detection [3mmarket_id[0m[2m=[0m631deb8c-fbb4-489e-818e-ae698f57f50b [3mplatform[0m[2m=[0mKalshi [3mbid[0m[2m=[0m0.6500 [3mask[0m[2m=[0m0.6600 [3mmid[0m[2m=[0m0.6550 [3mbid_size[0m[2m=[0m3.00 [3mask_size[0m[2m=[0m2.00
[2m2026-04-12T20:33:38.268282Z[0m [34mDEBUG[0m [2mmercury::engine::spread[0m[2m:[0m Evaluated spread direction 2 [3mmarket_id[0m[2m=[0m631deb8c-fbb4-489e-818e-ae698f57f50b [3mdirection[0m[2m=[0m"NO-A/YES-B" [3mraw_spread[0m[2m=[0m0.0200 [3mbid_a[0m[2m=[0m0.68 [3mask_b[0m[2m=[0m0.6600
[2m2026-04-12T20:33:38.268410Z[0m [33m WARN[0m [2mmercury::feeds::kalshi[0m[2m:[0m Kalshi sequence gap for KXETH15M-26APR121645-45: expected 221, got 230. Book may be out of sync.
[2m2026-04-12T20:33:38.268467Z[0m [34mDEBUG[0m [2mmercury::engine::market_actor[0m[2m:[0m Tick received — running arb detection [3mmarket_id[0m[2m=[0m631deb8c-fbb4-489e-818e-ae698f57f50b [3mplatform[0m[2m=[0mKalshi [3mbid[0m[2m=[0m0.6500 [3mask[0m[2m=[0m0.6600 [3mmid[0m[2m=[0m0.6550 [3mbid_size[0m[2m=[0m3.00 [3mask_size[0m[2m=[0m2.00
[2m2026-04-12T20:33:38.268634Z[0m [34mDEBUG[0m [2mmercury::engine::spread[0m[2m:[0m Evaluated spread direction 2 [3mmarket_id[0m[2m=[0m631deb8c-fbb4-489e-818e-ae698f57f50b [3mdirection[0m[2m=[0m"NO-A/YES-B" [3mraw_spread[0m[2m=[0m0.0200 [3mbid_a[0m[2m=[0m0.68 [3mask_b[0m[2m=[0m0.6600
[2m2026-04-12T20:33:38.268764Z[0m [34mDEBUG[0m [2mmercury::engine::market_actor[0m[2m:[0m Tick received — running arb detection [3mmarket_id[0m[2m=[0m9046452d-bcb3-4bb8-8925-8924b7439992 [3mplatform[0m[2m=[0mKalshi [3mbid[0m[2m=[0m0.5300 [3mask[0m[2m=[0m0.5500 [3mmid[0m[2m=[0m0.5400 [3mbid_size[0m[2m=[0m55.00 [3mask_size[0m[2m=[0m10.00
[2m2026-04-12T20:33:38.268807Z[0m [34mDEBUG[0m [2mmercury::engine::market_actor[0m[2m:[0m Tick received — running arb detection [3mmarket_id[0m[2m=[0m631deb8c-fbb4-489e-818e-ae698f57f50b [3mplatform[0m[2m=[0mKalshi [3mbid[0m[2m=[0m0.6500 [3mask[0m[2m=[0m0.6600 [3mmid[0m[2m=[0m0.6550 [3mbid_size[0m[2m=[0m3.00 [3mask_size[0m[2m=[0m2.00
[2m2026-04-12T20:33:38.268973Z[0m [34mDEBUG[0m [2mmercury::engine::spread[0m[2m:[0m Evaluated spread direction 2 [3mmarket_id[0m[2m=[0m9046452d-bcb3-4bb8-8925-8924b7439992 [3mdirection[0m[2m=[0m"NO-A/YES-B" [3mraw_spread[0m[2m=[0m0.0100 [3mbid_a[0m[2m=[0m0.56 [3mask_b[0m[2m=[0m0.5500
[2m2026-04-12T20:33:38.269032Z[0m [33m WARN[0m [2mmercury::feeds::kalshi[0m[2m:[0m Kalshi sequence gap for KXBTC15M-26APR121645-45: expected 230, got 235. Book may be out of sync.
[2m2026-04-12T20:33:38.269163Z[0m [34mDEBUG[0m [2mmercury::engine::market_actor[0m[2m:[0m Tick received — running arb detection [3mmarket_id[0m[2m=[0m9046452d-bcb3-4bb8-8925-8924b7439992 [3mplatform[0m[2m=[0mKalshi [3mbid[0m[2m=[0m0.5300 [3mask[0m[2m=[0m0.5500 [3mmid[0m[2m=[0m0.5400 [3mbid_size[0m[2m=[0m55.00 [3mask_size[0m[2m=[0m7.95
[2m2026-04-12T20:33:38.269243Z[0m [33m WARN[0m [2mmercury::feeds::kalshi[0m[2m:[0m Kalshi sequence gap for KXETH15M-26APR121645-45: expected 235, got 236. Book may be out of sync.
[2m2026-04-12T20:33:38.269223Z[0m [34mDEBUG[0m [2mmercury::engine::spread[0m[2m:[0m Evaluated spread direction 2 [3mmarket_id[0m[2m=[0m631deb8c-fbb4-489e-818e-ae698f57f50b [3mdirection[0m[2m=[0m"NO-A/YES-B" [3mraw_spread[0m[2m=[0m0.0200 [3mbid_a[0m[2m=[0m0.68 [3mask_b[0m[2m=[0m0.6600
[2m2026-04-12T20:33:38.269480Z[0m [34mDEBUG[0m [2mmercury::engine::market_actor[0m[2m:[0m Tick received — running arb detection [3mmarket_id[0m[2m=[0m631deb8c-fbb4-489e-818e-ae698f57f50b [3mplatform[0m[2m=[0mKalshi [3mbid[0m[2m=[0m0.6500 [3mask[0m[2m=[0m0.6700 [3mmid[0m[2m=[0m0.6600 [3mbid_size[0m[2m=[0m3.00 [3mask_size[0m[2m=[0m225.00
[2m2026-04-12T20:33:38.269494Z[0m [34mDEBUG[0m [2mmercury::engine::spread[0m[2m:[0m Evaluated spread direction 2 [3mmarket_id[0m[2m=[0m9046452d-bcb3-4bb8-8925-8924b7439992 [3mdirection[0m[2m=[0m"NO-A/YES-B" [3mraw_spread[0m[2m=[0m0.0100 [3mbid_a[0m[2m=[0m0.56 [3mask_b[0m[2m=[0m0.5500
[2m2026-04-12T20:33:38.269677Z[0m [33m WARN[0m [2mmercury::feeds::kalshi[0m[2m:[0m Kalshi sequence gap for KXBTC15M-26APR121645-45: expected 236, got 240. Book may be out of sync.
[2m2026-04-12T20:33:38.269733Z[0m [34mDEBUG[0m [2mmercury::engine::market_actor[0m[2m:[0m Tick received — running arb detection [3mmarket_id[0m[2m=[0m9046452d-bcb3-4bb8-8925-8924b7439992 [3mplatform[0m[2m=[0mKalshi [3mbid[0m[2m=[0m0.5300 [3mask[0m[2m=[0m0.5500 [3mmid[0m[2m=[0m0.5400 [3mbid_size[0m[2m=[0m55.00 [3mask_size[0m[2m=[0m7.95
[2m2026-04-12T20:33:38.269755Z[0m [34mDEBUG[0m [2mmercury::engine::spread[0m[2m:[0m Evaluated spread direction 2 [3mmarket_id[0m[2m=[0m631deb8c-fbb4-489e-818e-ae698f57f50b [3mdirection[0m[2m=[0m"NO-A/YES-B" [3mraw_spread[0m[2m=[0m0.0100 [3mbid_a[0m[2m=[0m0.68 [3mask_b[0m[2m=[0m0.6700
[2m2026-04-12T20:33:38.269894Z[0m [33m WARN[0m [2mmercury::feeds::kalshi[0m[2m:[0m Kalshi sequence gap for KXETH15M-26APR121645-45: expected 240, got 241. Book may be out of sync.
[2m2026-04-12T20:33:38.270026Z[0m [34mDEBUG[0m [2mmercury::engine::market_actor[0m[2m:[0m Tick received — running arb detection [3mmarket_id[0m[2m=[0m631deb8c-fbb4-489e-818e-ae698f57f50b [3mplatform[0m[2m=[0mKalshi [3mbid[0m[2m=[0m0.6500 [3mask[0m[2m=[0m0.6700 [3mmid[0m[2m=[0m0.6600 [3mbid_size[0m[2m=[0m3.00 [3mask_size[0m[2m=[0m223.00
[2m2026-04-12T20:33:38.270046Z[0m [34mDEBUG[0m [2mmercury::engine::spread[0m[2m:[0m Evaluated spread direction 2 [3mmarket_id[0m[2m=[0m9046452d-bcb3-4bb8-8925-8924b7439992 [3mdirection[0m[2m=[0m"NO-A/YES-B" [3mraw_spread[0m[2m=[0m0.0100 [3mbid_a[0m[2m=[0m0.56 [3mask_b[0m[2m=[0m0.5500
[2m2026-04-12T20:33:38.270168Z[0m [33m WARN[0m [2mmercury::feeds::kalshi[0m[2m:[0m Kalshi sequence gap for KXBTC15M-26APR121645-45: expected 241, got 243. Book may be out of sync.
[2m2026-04-12T20:33:38.270313Z[0m [34mDEBUG[0m [2mmercury::engine::market_actor[0m[2m:[0m Tick received — running arb detection [3mmarket_id[0m[2m=[0m9046452d-bcb3-4bb8-8925-8924b7439992 [3mplatform[0m[2m=[0mKalshi [3mbid[0m[2m=[0m0.5300 [3mask[0m[2m=[0m0.5500 [3mmid[0m[2m=[0m0.5400 [3mbid_size[0m[2m=[0m55.00 [3mask_size[0m[2m=[0m7.95
[2m2026-04-12T20:33:38.270324Z[0m [34mDEBUG[0m [2mmercury::engine::spread[0m[2m:[0m Evaluated spread direction 2 [3mmarket_id[0m[2m=[0m631deb8c-fbb4-489e-818e-ae698f57f50b [3mdirection[0m[2m=[0m"NO-A/YES-B" [3mraw_spread[0m[2m=[0m0.0100 [3mbid_a[0m[2m=[0m0.68 [3mask_b[0m[2m=[0m0.6700
[2m2026-04-12T20:33:38.270342Z[0m [33m WARN[0m [2mmercury::feeds::kalshi[0m[2m:[0m Kalshi sequence gap for KXETH15M-26APR121645-45: expected 243, got 244. Book may be out of sync.
[2m2026-04-12T20:33:38.270603Z[0m [34mDEBUG[0m [2mmercury::engine::market_actor[0m[2m:[0m Tick received — running arb detection [3mmarket_id[0m[2m=[0m631deb8c-fbb4-489e-818e-ae698f57f50b [3mplatform[0m[2m=[0mKalshi [3mbid[0m[2m=[0m0.6500 [3mask[0m[2m=[0m0.6700 [3mmid[0m[2m=[0m0.6600 [3mbid_size[0m[2m=[0m3.00 [3mask_size[0m[2m=[0m221.25
[2m2026-04-12T20:33:38.270616Z[0m [34mDEBUG[0m [2mmercury::engine::spread[0m[2m:[0m Evaluated spread direction 2 [3mmarket_id[0m[2m=[0m9046452d-bcb3-4bb8-8925-8924b7439992 [3mdirection[0m[2m=[0m"NO-A/YES-B" [3mraw_spread[0m[2m=[0m0.0100 [3mbid_a[0m[2m=[0m0.56 [3mask_b[0m[2m=[0m0.5500
[2m2026-04-12T20:33:38.270863Z[0m [34mDEBUG[0m [2mmercury::engine::market_actor[0m[2m:[0m Tick received — running arb detection [3mmarket_id[0m[2m=[0m9046452d-bcb3-4bb8-8925-8924b7439992 [3mplatform[0m[2m=[0mKalshi [3mbid[0m[2m=[0m0.5300 [3mask[0m[2m=[0m0.5500 [3mmid[0m[2m=[0m0.5400 [3mbid_size[0m[2m=[0m55.00 [3mask_size[0m[2m=[0m7.95
[2m2026-04-12T20:33:38.270899Z[0m [34mDEBUG[0m [2mmercury::engine::spread[0m[2m:[0m Evaluated spread direction 2 [3mmarket_id[0m[2m=[0m631deb8c-fbb4-489e-818e-ae698f57f50b [3mdirection[0m[2m=[0m"NO-A/YES-B" [3mraw_spread[0m[2m=[0m0.0100 [3mbid_a[0m[2m=[0m0.68 [3mask_b[0m[2m=[0m0.6700
[2m2026-04-12T20:33:38.270972Z[0m [33m WARN[0m [2mmercury::feeds::kalshi[0m[2m:[0m Kalshi sequence gap for KXBTC15M-26APR121645-45: expected 244, got 248. Book may be out of sync.
[2m2026-04-12T20:33:38.271114Z[0m [34mDEBUG[0m [2mmercury::engine::market_actor[0m[2m:[0m Tick received — running arb detection [3mmarket_id[0m[2m=[0m631deb8c-fbb4-489e-818e-ae698f57f50b [3mplatform[0m[2m=[0mKalshi [3mbid[0m[2m=[0m0.6500 [3mask[0m[2m=[0m0.6700 [3mmid[0m[2m=[0m0.6600 [3mbid_size[0m[2m=[0m3.00 [3mask_size[0m[2m=[0m221.25
[2m2026-04-12T20:33:38.271125Z[0m [34mDEBUG[0m [2mmercury::engine::spread[0m[2m:[0m Evaluated spread direction 2 [3mmarket_id[0m[2m=[0m9046452d-bcb3-4bb8-8925-8924b7439992 [3mdirection[0m[2m=[0m"NO-A/YES-B" [3mraw_spread[0m[2m=[0m0.0100 [3mbid_a[0m[2m=[0m0.56 [3mask_b[0m[2m=[0m0.5500
[2m2026-04-12T20:33:38.271368Z[0m [34mDEBUG[0m [2mmercury::engine::market_actor[0m[2m:[0m Tick received — running arb detection [3mmarket_id[0m[2m=[0m9046452d-bcb3-4bb8-8925-8924b7439992 [3mplatform[0m[2m=[0mKalshi [3mbid[0m[2m=[0m0.5300 [3mask[0m[2m=[0m0.5500 [3mmid[0m[2m=[0m0.5400 [3mbid_size[0m[2m=[0m55.00 [3mask_size[0m[2m=[0m7.95
[2m2026-04-12T20:33:38.271378Z[0m [34mDEBUG[0m [2mmercury::engine::spread[0m[2m:[0m Evaluated spread direction 2 [3mmarket_id[0m[2m=[0m631deb8c-fbb4-489e-818e-ae698f57f50b [3mdirection[0m[2m=[0m"NO-A/YES-B" [3mraw_spread[0m[2m=[0m0.0100 [3mbid_a[0m[2m=[0m0.68 [3mask_b[0m[2m=[0m0.6700
[2m2026-04-12T20:33:38.271446Z[0m [33m WARN[0m [2mmercury::feeds::kalshi[0m[2m:[0m Kalshi sequence gap for KXETH15M-26APR121645-45: expected 248, got 252. Book may be out of sync.
[2m2026-04-12T20:33:38.271553Z[0m [34mDEBUG[0m [2mmercury::engine::market_actor[0m[2m:[0m Tick received — running arb detection [3mmarket_id[0m[2m=[0m631deb8c-fbb4-489e-818e-ae698f57f50b [3mplatform[0m[2m=[0mKalshi [3mbid[0m[2m=[0m0.6500 [3mask[0m[2m=[0m0.6700 [3mmid[0m[2m=[0m0.6600 [3mbid_size[0m[2m=[0m3.00 [3mask_size[0m[2m=[0m221.25
[2m2026-04-12T20:33:38.271576Z[0m [34mDEBUG[0m [2mmercury::engine::spread[0m[2m:[0m Evaluated spread direction 2 [3mmarket_id[0m[2m=[0m9046452d-bcb3-4bb8-8925-8924b7439992 [3mdirection[0m[2m=[0m"NO-A/YES-B" [3mraw_spread[0m[2m=[0m0.0100 [3mbid_a[0m[2m=[0m0.56 [3mask_b[0m[2m=[0m0.5500
[2m2026-04-12T20:33:38.271580Z[0m [33m WARN[0m [2mmercury::feeds::kalshi[0m[2m:[0m Kalshi sequence gap for KXBTC15M-26APR121645-45: expected 252, got 253. Book may be out of sync.
[2m2026-04-12T20:33:38.271752Z[0m [34mDEBUG[0m [2mmercury::engine::spread[0m[2m:[0m Evaluated spread direction 2 [3mmarket_id[0m[2m=[0m631deb8c-fbb4-489e-818e-ae698f57f50b [3mdirection[0m[2m=[0m"NO-A/YES-B" [3mraw_spread[0m[2m=[0m0.0100 [3mbid_a[0m[2m=[0m0.68 [3mask_b[0m[2m=[0m0.6700
[2m2026-04-12T20:33:38.271746Z[0m [34mDEBUG[0m [2mmercury::engine::market_actor[0m[2m:[0m Tick received — running arb detection [3mmarket_id[0m[2m=[0m9046452d-bcb3-4bb8-8925-8924b7439992 [3mplatform[0m[2m=[0mKalshi [3mbid[0m[2m=[0m0.5300 [3mask[0m[2m=[0m0.5500 [3mmid[0m[2m=[0m0.5400 [3mbid_size[0m[2m=[0m55.00 [3mask_size[0m[2m=[0m7.95
[2m2026-04-12T20:33:38.271901Z[0m [34mDEBUG[0m [2mmercury::engine::market_actor[0m[2m:[0m Tick received — running arb detection [3mmarket_id[0m[2m=[0m631deb8c-fbb4-489e-818e-ae698f57f50b [3mplatform[0m[2m=[0mKalshi [3mbid[0m[2m=[0m0.6500 [3mask[0m[2m=[0m0.6700 [3mmid[0m[2m=[0m0.6600 [3mbid_size[0m[2m=[0m3.00 [3mask_size[0m[2m=[0m221.25
[2m2026-04-12T20:33:38.271924Z[0m [34mDEBUG[0m [2mmercury::engine::spread[0m[2m:[0m Evaluated spread direction 2 [3mmarket_id[0m[2m=[0m9046452d-bcb3-4bb8-8925-8924b7439992 [3mdirection[0m[2m=[0m"NO-A/YES-B" [3mraw_spread[0m[2m=[0m0.0100 [3mbid_a[0m[2m=[0m0.56 [3mask_b[0m[2m=[0m0.5500
[2m2026-04-12T20:33:38.271975Z[0m [33m WARN[0m [2mmercury::feeds::kalshi[0m[2m:[0m Kalshi sequence gap for KXETH15M-26APR121645-45: expected 253, got 256. Book may be out of sync.
[2m2026-04-12T20:33:38.272062Z[0m [34mDEBUG[0m [2mmercury::engine::market_actor[0m[2m:[0m Tick received — running arb detection [3mmarket_id[0m[2m=[0m9046452d-bcb3-4bb8-8925-8924b7439992 [3mplatform[0m[2m=[0mKalshi [3mbid[0m[2m=[0m0.5300 [3mask[0m[2m=[0m0.5500 [3mmid[0m[2m=[0m0.5400 [3mbid_size[0m[2m=[0m55.00 [3mask_size[0m[2m=[0m7.95
[2m2026-04-12T20:33:38.272078Z[0m [34mDEBUG[0m [2mmercury::engine::spread[0m[2m:[0m Evaluated spread direction 2 [3mmarket_id[0m[2m=[0m631deb8c-fbb4-489e-818e-ae698f57f50b [3mdirection[0m[2m=[0m"NO-A/YES-B" [3mraw_spread[0m[2m=[0m0.0100 [3mbid_a[0m[2m=[0m0.68 [3mask_b[0m[2m=[0m0.6700
[2m2026-04-12T20:33:38.272246Z[0m [34mDEBUG[0m [2mmercury::engine::market_actor[0m[2m:[0m Tick received — running arb detection [3mmarket_id[0m[2m=[0m631deb8c-fbb4-489e-818e-ae698f57f50b [3mplatform[0m[2m=[0mKalshi [3mbid[0m[2m=[0m0.6500 [3mask[0m[2m=[0m0.6700 [3mmid[0m[2m=[0m0.6600 [3mbid_size[0m[2m=[0m3.00 [3mask_size[0m[2m=[0m220.00
[2m2026-04-12T20:33:38.272279Z[0m [34mDEBUG[0m [2mmercury::engine::spread[0m[2m:[0m Evaluated spread direction 2 [3mmarket_id[0m[2m=[0m9046452d-bcb3-4bb8-8925-8924b7439992 [3mdirection[0m[2m=[0m"NO-A/YES-B" [3mraw_spread[0m[2m=[0m0.0100 [3mbid_a[0m[2m=[0m0.56 [3mask_b[0m[2m=[0m0.5500
[2m2026-04-12T20:33:38.272419Z[0m [34mDEBUG[0m [2mmercury::engine::market_actor[0m[2m:[0m Tick received — running arb detection [3mmarket_id[0m[2m=[0m9046452d-bcb3-4bb8-8925-8924b7439992 [3mplatform[0m[2m=[0mKalshi [3mbid[0m[2m=[0m0.5300 [3mask[0m[2m=[0m0.5500 [3mmid[0m[2m=[0m0.5400 [3mbid_size[0m[2m=[0m155.00 [3mask_size[0m[2m=[0m7.95
[2m2026-04-12T20:33:38.272427Z[0m [34mDEBUG[0m [2mmercury::engine::spread[0m[2m:[0m Evaluated spread direction 2 [3mmarket_id[0m[2m=[0m631deb8c-fbb4-489e-818e-ae698f57f50b [3mdirection[0m[2m=[0m"NO-A/YES-B" [3mraw_spread[0m[2m=[0m0.0100 [3mbid_a[0m[2m=[0m0.68 [3mask_b[0m[2m=[0m0.6700
[2m2026-04-12T20:33:38.272586Z[0m [34mDEBUG[0m [2mmercury::engine::market_actor[0m[2m:[0m Tick received — running arb detection [3mmarket_id[0m[2m=[0m631deb8c-fbb4-489e-818e-ae698f57f50b [3mplatform[0m[2m=[0mKalshi [3mbid[0m[2m=[0m0.6500 [3mask[0m[2m=[0m0.6700 [3mmid[0m[2m=[0m0.6600 [3mbid_size[0m[2m=[0m3.00 [3mask_size[0m[2m=[0m60.00
[2m2026-04-12T20:33:38.272598Z[0m [34mDEBUG[0m [2mmercury::engine::spread[0m[2m:[0m Evaluated spread direction 2 [3mmarket_id[0m[2m=[0m9046452d-bcb3-4bb8-8925-8924b7439992 [3mdirection[0m[2m=[0m"NO-A/YES-B" [3mraw_spread[0m[2m=[0m0.0100 [3mbid_a[0m[2m=[0m0.56 [3mask_b[0m[2m=[0m0.5500
[2m2026-04-12T20:33:38.272805Z[0m [34mDEBUG[0m [2mmercury::engine::market_actor[0m[2m:[0m Tick received — running arb detection [3mmarket_id[0m[2m=[0m9046452d-bcb3-4bb8-8925-8924b7439992 [3mplatform[0m[2m=[0mKalshi [3mbid[0m[2m=[0m0.5300 [3mask[0m[2m=[0m0.5700 [3mmid[0m[2m=[0m0.5500 [3mbid_size[0m[2m=[0m155.00 [3mask_size[0m[2m=[0m2.00
[2m2026-04-12T20:33:38.272815Z[0m [34mDEBUG[0m [2mmercury::engine::spread[0m[2m:[0m Evaluated spread direction 2 [3mmarket_id[0m[2m=[0m631deb8c-fbb4-489e-818e-ae698f57f50b [3mdirection[0m[2m=[0m"NO-A/YES-B" [3mraw_spread[0m[2m=[0m0.0100 [3mbid_a[0m[2m=[0m0.68 [3mask_b[0m[2m=[0m0.6700
[2m2026-04-12T20:33:38.272968Z[0m [34mDEBUG[0m [2mmercury::engine::market_actor[0m[2m:[0m Tick received — running arb detection [3mmarket_id[0m[2m=[0m631deb8c-fbb4-489e-818e-ae698f57f50b [3mplatform[0m[2m=[0mKalshi [3mbid[0m[2m=[0m0.6500 [3mask[0m[2m=[0m0.6700 [3mmid[0m[2m=[0m0.6600 [3mbid_size[0m[2m=[0m3.00 [3mask_size[0m[2m=[0m60.00
[2m2026-04-12T20:33:38.273006Z[0m [34mDEBUG[0m [2mmercury::engine::spread[0m[2m:[0m Evaluated spread direction 2 [3mmarket_id[0m[2m=[0m9046452d-bcb3-4bb8-8925-8924b7439992 [3mdirection[0m[2m=[0m"NO-A/YES-B" [3mraw_spread[0m[2m=[0m-0.0100 [3mbid_a[0m[2m=[0m0.56 [3mask_b[0m[2m=[0m0.5700
[2m2026-04-12T20:33:38.273127Z[0m [34mDEBUG[0m [2mmercury::engine::market_actor[0m[2m:[0m Tick received — running arb detection [3mmarket_id[0m[2m=[0m9046452d-bcb3-4bb8-8925-8924b7439992 [3mplatform[0m[2m=[0mKalshi [3mbid[0m[2m=[0m0.5500 [3mask[0m[2m=[0m0.5700 [3mmid[0m[2m=[0m0.5600 [3mbid_size[0m[2m=[0m8.30 [3mask_size[0m[2m=[0m2.00
[2m2026-04-12T20:33:38.273143Z[0m [34mDEBUG[0m [2mmercury::engine::spread[0m[2m:[0m Evaluated spread direction 2 [3mmarket_id[0m[2m=[0m631deb8c-fbb4-489e-818e-ae698f57f50b [3mdirection[0m[2m=[0m"NO-A/YES-B" [3mraw_spread[0m[2m=[0m0.0100 [3mbid_a[0m[2m=[0m0.68 [3mask_b[0m[2m=[0m0.6700
[2m2026-04-12T20:33:38.273309Z[0m [34mDEBUG[0m [2mmercury::engine::market_actor[0m[2m:[0m Tick received — running arb detection [3mmarket_id[0m[2m=[0m631deb8c-fbb4-489e-818e-ae698f57f50b [3mplatform[0m[2m=[0mKalshi [3mbid[0m[2m=[0m0.6500 [3mask[0m[2m=[0m0.6700 [3mmid[0m[2m=[0m0.6600 [3mbid_size[0m[2m=[0m3.00 [3mask_size[0m[2m=[0m60.00
[2m2026-04-12T20:33:38.273338Z[0m [34mDEBUG[0m [2mmercury::engine::spread[0m[2m:[0m Evaluated spread direction 2 [3mmarket_id[0m[2m=[0m9046452d-bcb3-4bb8-8925-8924b7439992 [3mdirection[0m[2m=[0m"NO-A/YES-B" [3mraw_spread[0m[2m=[0m-0.0100 [3mbid_a[0m[2m=[0m0.56 [3mask_b[0m[2m=[0m0.5700
[2m2026-04-12T20:33:38.273463Z[0m [34mDEBUG[0m [2mmercury::engine::market_actor[0m[2m:[0m Tick received — running arb detection [3mmarket_id[0m[2m=[0m9046452d-bcb3-4bb8-8925-8924b7439992 [3mplatform[0m[2m=[0mKalshi [3mbid[0m[2m=[0m0.5500 [3mask[0m[2m=[0m0.5700 [3mmid[0m[2m=[0m0.5600 [3mbid_size[0m[2m=[0m8.30 [3mask_size[0m[2m=[0m2.00
[2m2026-04-12T20:33:38.273473Z[0m [34mDEBUG[0m [2mmercury::engine::spread[0m[2m:[0m Evaluated spread direction 2 [3mmarket_id[0m[2m=[0m631deb8c-fbb4-489e-818e-ae698f57f50b [3mdirection[0m[2m=[0m"NO-A/YES-B" [3mraw_spread[0m[2m=[0m0.0100 [3mbid_a[0m[2m=[0m0.68 [3mask_b[0m[2m=[0m0.6700
[2m2026-04-12T20:33:38.273631Z[0m [34mDEBUG[0m [2mmercury::engine::market_actor[0m[2m:[0m Tick received — running arb detection [3mmarket_id[0m[2m=[0m631deb8c-fbb4-489e-818e-ae698f57f50b [3mplatform[0m[2m=[0mKalshi [3mbid[0m[2m=[0m0.6500 [3mask[0m[2m=[0m0.6700 [3mmid[0m[2m=[0m0.6600 [3mbid_size[0m[2m=[0m3.00 [3mask_size[0m[2m=[0m60.00
[2m2026-04-12T20:33:38.273638Z[0m [34mDEBUG[0m [2mmercury::engine::spread[0m[2m:[0m Evaluated spread direction 2 [3mmarket_id[0m[2m=[0m9046452d-bcb3-4bb8-8925-8924b7439992 [3mdirection[0m[2m=[0m"NO-A/YES-B" [3mraw_spread[0m[2m=[0m-0.0100 [3mbid_a[0m[2m=[0m0.56 [3mask_b[0m[2m=[0m0.5700
[2m2026-04-12T20:33:38.273786Z[0m [34mDEBUG[0m [2mmercury::engine::market_actor[0m[2m:[0m Tick received — running arb detection [3mmarket_id[0m[2m=[0m9046452d-bcb3-4bb8-8925-8924b7439992 [3mplatform[0m[2m=[0mKalshi [3mbid[0m[2m=[0m0.5500 [3mask[0m[2m=[0m0.5700 [3mmid[0m[2m=[0m0.5600 [3mbid_size[0m[2m=[0m8.30 [3mask_size[0m[2m=[0m2.00
[2m2026-04-12T20:33:38.273807Z[0m [34mDEBUG[0m [2mmercury::engine::spread[0m[2m:[0m Evaluated spread direction 2 [3mmarket_id[0m[2m=[0m631deb8c-fbb4-489e-818e-ae698f57f50b [3mdirection[0m[2m=[0m"NO-A/YES-B" [3mraw_spread[0m[2m=[0m0.0100 [3mbid_a[0m[2m=[0m0.68 [3mask_b[0m[2m=[0m0.6700
[2m2026-04-12T20:33:38.273970Z[0m [34mDEBUG[0m [2mmercury::engine::spread[0m[2m:[0m Evaluated spread direction 2 [3mmarket_id[0m[2m=[0m9046452d-bcb3-4bb8-8925-8924b7439992 [3mdirection[0m[2m=[0m"NO-A/YES-B" [3mraw_spread[0m[2m=[0m-0.0100 [3mbid_a[0m[2m=[0m0.56 [3mask_b[0m[2m=[0m0.5700
[2m2026-04-12T20:33:38.273967Z[0m [34mDEBUG[0m [2mmercury::engine::market_actor[0m[2m:[0m Tick received — running arb detection [3mmarket_id[0m[2m=[0m631deb8c-fbb4-489e-818e-ae698f57f50b [3mplatform[0m[2m=[0mKalshi [3mbid[0m[2m=[0m0.6500 [3mask[0m[2m=[0m0.6700 [3mmid[0m[2m=[0m0.6600 [3mbid_size[0m[2m=[0m3.00 [3mask_size[0m[2m=[0m60.00
[2m2026-04-12T20:33:38.274095Z[0m [34mDEBUG[0m [2mmercury::engine::market_actor[0m[2m:[0m Tick received — running arb detection [3mmarket_id[0m[2m=[0m9046452d-bcb3-4bb8-8925-8924b7439992 [3mplatform[0m[2m=[0mKalshi [3mbid[0m[2m=[0m0.5400 [3mask[0m[2m=[0m0.5700 [3mmid[0m[2m=[0m0.5550 [3mbid_size[0m[2m=[0m24.49 [3mask_size[0m[2m=[0m2.00
[2m2026-04-12T20:33:38.274140Z[0m [34mDEBUG[0m [2mmercury::engine::spread[0m[2m:[0m Evaluated spread direction 2 [3mmarket_id[0m[2m=[0m631deb8c-fbb4-489e-818e-ae698f57f50b [3mdirection[0m[2m=[0m"NO-A/YES-B" [3mraw_spread[0m[2m=[0m0.0100 [3mbid_a[0m[2m=[0m0.68 [3mask_b[0m[2m=[0m0.6700
[2m2026-04-12T20:33:38.274284Z[0m [34mDEBUG[0m [2mmercury::engine::spread[0m[2m:[0m Evaluated spread direction 2 [3mmarket_id[0m[2m=[0m9046452d-bcb3-4bb8-8925-8924b7439992 [3mdirection[0m[2m=[0m"NO-A/YES-B" [3mraw_spread[0m[2m=[0m-0.0100 [3mbid_a[0m[2m=[0m0.56 [3mask_b[0m[2m=[0m0.5700
[2m2026-04-12T20:33:38.274279Z[0m [34mDEBUG[0m [2mmercury::engine::market_actor[0m[2m:[0m Tick received — running arb detection [3mmarket_id[0m[2m=[0m631deb8c-fbb4-489e-818e-ae698f57f50b [3mplatform[0m[2m=[0mKalshi [3mbid[0m[2m=[0m0.6500 [3mask[0m[2m=[0m0.6700 [3mmid[0m[2m=[0m0.6600 [3mbid_size[0m[2m=[0m3.00 [3mask_size[0m[2m=[0m60.00
[2m2026-04-12T20:33:38.274407Z[0m [34mDEBUG[0m [2mmercury::engine::market_actor[0m[2m:[0m Tick received — running arb detection [3mmarket_id[0m[2m=[0m9046452d-bcb3-4bb8-8925-8924b7439992 [3mplatform[0m[2m=[0mKalshi [3mbid[0m[2m=[0m0.5400 [3mask[0m[2m=[0m0.5700 [3mmid[0m[2m=[0m0.5550 [3mbid_size[0m[2m=[0m24.49 [3mask_size[0m[2m=[0m2.00
[2m2026-04-12T20:33:38.274473Z[0m [34mDEBUG[0m [2mmercury::engine::spread[0m[2m:[0m Evaluated spread direction 2 [3mmarket_id[0m[2m=[0m631deb8c-fbb4-489e-818e-ae698f57f50b [3mdirection[0m[2m=[0m"NO-A/YES-B" [3mraw_spread[0m[2m=[0m0.0100 [3mbid_a[0m[2m=[0m0.68 [3mask_b[0m[2m=[0m0.6700
[2m2026-04-12T20:33:38.274620Z[0m [34mDEBUG[0m [2mmercury::engine::spread[0m[2m:[0m Evaluated spread direction 2 [3mmarket_id[0m[2m=[0m9046452d-bcb3-4bb8-8925-8924b7439992 [3mdirection[0m[2m=[0m"NO-A/YES-B" [3mraw_spread[0m[2m=[0m-0.0100 [3mbid_a[0m[2m=[0m0.56 [3mask_b[0m[2m=[0m0.5700
[2m2026-04-12T20:33:38.274747Z[0m [34mDEBUG[0m [2mmercury::engine::market_actor[0m[2m:[0m Tick received — running arb detection [3mmarket_id[0m[2m=[0m9046452d-bcb3-4bb8-8925-8924b7439992 [3mplatform[0m[2m=[0mKalshi [3mbid[0m[2m=[0m0.5400 [3mask[0m[2m=[0m0.5700 [3mmid[0m[2m=[0m0.5550 [3mbid_size[0m[2m=[0m24.49 [3mask_size[0m[2m=[0m2.00
[2m2026-04-12T20:33:38.274882Z[0m [34mDEBUG[0m [2mmercury::engine::spread[0m[2m:[0m Evaluated spread direction 2 [3mmarket_id[0m[2m=[0m9046452d-bcb3-4bb8-8925-8924b7439992 [3mdirection[0m[2m=[0m"NO-A/YES-B" [3mraw_spread[0m[2m=[0m-0.0100 [3mbid_a[0m[2m=[0m0.56 [3mask_b[0m[2m=[0m0.5700
[2m2026-04-12T20:33:38.275007Z[0m [34mDEBUG[0m [2mmercury::engine::market_actor[0m[2m:[0m Tick received — running arb detection [3mmarket_id[0m[2m=[0m9046452d-bcb3-4bb8-8925-8924b7439992 [3mplatform[0m[2m=[0mKalshi [3mbid[0m[2m=[0m0.5400 [3mask[0m[2m=[0m0.5700 [3mmid[0m[2m=[0m0.5550 [3mbid_size[0m[2m=[0m24.49 [3mask_size[0m[2m=[0m2.00
[2m2026-04-12T20:33:38.275121Z[0m [34mDEBUG[0m [2mmercury::engine::spread[0m[2m:[0m Evaluated spread direction 2 [3mmarket_id[0m[2m=[0m9046452d-bcb3-4bb8-8925-8924b7439992 [3mdirection[0m[2m=[0m"NO-A/YES-B" [3mraw_spread[0m[2m=[0m-0.0100 [3mbid_a[0m[2m=[0m0.56 [3mask_b[0m[2m=[0m0.5700
[2m2026-04-12T20:33:38.275224Z[0m [34mDEBUG[0m [2mmercury::engine::market_actor[0m[2m:[0m Tick received — running arb detection [3mmarket_id[0m[2m=[0m9046452d-bcb3-4bb8-8925-8924b7439992 [3mplatform[0m[2m=[0mKalshi [3mbid[0m[2m=[0m0.5400 [3mask[0m[2m=[0m0.5700 [3mmid[0m[2m=[0m0.5550 [3mbid_size[0m[2m=[0m24.49 [3mask_size[0m[2m=[0m2.00
[2m2026-04-12T20:33:38.275338Z[0m [34mDEBUG[0m [2mmercury::engine::spread[0m[2m:[0m Evaluated spread direction 2 [3mmarket_id[0m[2m=[0m9046452d-bcb3-4bb8-8925-8924b7439992 [3mdirection[0m[2m=[0m"NO-A/YES-B" [3mraw_spread[0m[2m=[0m-0.0100 [3mbid_a[0m[2m=[0m0.56 [3mask_b[0m[2m=[0m0.5700
[2m2026-04-12T20:33:38.279346Z[0m [33m WARN[0m [2mmercury::feeds::kalshi[0m[2m:[0m Kalshi sequence gap for KXBTC15M-26APR121645-45: expected 256, got 258. Book may be out of sync.
[2m2026-04-12T20:33:38.279618Z[0m [34mDEBUG[0m [2mmercury::engine::market_actor[0m[2m:[0m Tick received — running arb detection [3mmarket_id[0m[2m=[0m631deb8c-fbb4-489e-818e-ae698f57f50b [3mplatform[0m[2m=[0mKalshi [3mbid[0m[2m=[0m0.6500 [3mask[0m[2m=[0m0.6700 [3mmid[0m[2m=[0m0.6600 [3mbid_size[0m[2m=[0m3.00 [3mask_size[0m[2m=[0m60.00
[2m2026-04-12T20:33:38.279801Z[0m [34mDEBUG[0m [2mmercury::engine::spread[0m[2m:[0m Evaluated spread direction 2 [3mmarket_id[0m[2m=[0m631deb8c-fbb4-489e-818e-ae698f57f50b [3mdirection[0m[2m=[0m"NO-A/YES-B" [3mraw_spread[0m[2m=[0m0.0100 [3mbid_a[0m[2m=[0m0.68 [3mask_b[0m[2m=[0m0.6700
[2m2026-04-12T20:33:38.330384Z[0m [34mDEBUG[0m [2mmercury::engine::market_actor[0m[2m:[0m Tick received — running arb detection [3mmarket_id[0m[2m=[0m631deb8c-fbb4-489e-818e-ae698f57f50b [3mplatform[0m[2m=[0mKalshi [3mbid[0m[2m=[0m0.6500 [3mask[0m[2m=[0m0.6700 [3mmid[0m[2m=[0m0.6600 [3mbid_size[0m[2m=[0m3.00 [3mask_size[0m[2m=[0m60.00
[2m2026-04-12T20:33:38.330659Z[0m [34mDEBUG[0m [2mmercury::engine::spread[0m[2m:[0m Evaluated spread direction 2 [3mmarket_id[0m[2m=[0m631deb8c-fbb4-489e-818e-ae698f57f50b [3mdirection[0m[2m=[0m"NO-A/YES-B" [3mraw_spread[0m[2m=[0m0.0100 [3mbid_a[0m[2m=[0m0.68 [3mask_b[0m[2m=[0m0.6700
[2m2026-04-12T20:33:38.330858Z[0m [34mDEBUG[0m [2mmercury::engine::market_actor[0m[2m:[0m Tick received — running arb detection [3mmarket_id[0m[2m=[0m631deb8c-fbb4-489e-818e-ae698f57f50b [3mplatform[0m[2m=[0mKalshi [3mbid[0m[2m=[0m0.6500 [3mask[0m[2m=[0m0.6700 [3mmid[0m[2m=[0m0.6600 [3mbid_size[0m[2m=[0m3.00 [3mask_size[0m[2m=[0m60.00
[2m2026-04-12T20:33:38.331039Z[0m [34mDEBUG[0m [2mmercury::engine::spread[0m[2m:[0m Evaluated spread direction 2 [3mmarket_id[0m[2m=[0m631deb8c-fbb4-489e-818e-ae698f57f50b [3mdirection[0m[2m=[0m"NO-A/YES-B" [3mraw_spread[0m[2m=[0m0.0100 [3mbid_a[0m[2m=[0m0.68 [3mask_b[0m[2m=[0m0.6700
[2m2026-04-12T20:33:38.331437Z[0m [33m WARN[0m [2mmercury::feeds::kalshi[0m[2m:[0m Kalshi sequence gap for KXETH15M-26APR121645-45: expected 258, got 262. Book may be out of sync.
[2m2026-04-12T20:33:38.331533Z[0m [34mDEBUG[0m [2mmercury::engine::market_actor[0m[2m:[0m Tick received — running arb detection [3mmarket_id[0m[2m=[0m631deb8c-fbb4-489e-818e-ae698f57f50b [3mplatform[0m[2m=[0mKalshi [3mbid[0m[2m=[0m0.6500 [3mask[0m[2m=[0m0.6700 [3mmid[0m[2m=[0m0.6600 [3mbid_size[0m[2m=[0m3.00 [3mask_size[0m[2m=[0m60.00
[2m2026-04-12T20:33:38.331753Z[0m [33m WARN[0m [2mmercury::feeds::kalshi[0m[2m:[0m Kalshi sequence gap for KXBTC15M-26APR121645-45: expected 262, got 264. Book may be out of sync.
[2m2026-04-12T20:33:38.331743Z[0m [34mDEBUG[0m [2mmercury::engine::spread[0m[2m:[0m Evaluated spread direction 2 [3mmarket_id[0m[2m=[0m631deb8c-fbb4-489e-818e-ae698f57f50b [3mdirection[0m[2m=[0m"NO-A/YES-B" [3mraw_spread[0m[2m=[0m0.0100 [3mbid_a[0m[2m=[0m0.68 [3mask_b[0m[2m=[0m0.6700
[2m2026-04-12T20:33:38.331794Z[0m [34mDEBUG[0m [2mmercury::engine::market_actor[0m[2m:[0m Tick received — running arb detection [3mmarket_id[0m[2m=[0m9046452d-bcb3-4bb8-8925-8924b7439992 [3mplatform[0m[2m=[0mKalshi [3mbid[0m[2m=[0m0.5400 [3mask[0m[2m=[0m0.5700 [3mmid[0m[2m=[0m0.5550 [3mbid_size[0m[2m=[0m24.49 [3mask_size[0m[2m=[0m2.00
[2m2026-04-12T20:33:38.331969Z[0m [34mDEBUG[0m [2mmercury::engine::spread[0m[2m:[0m Evaluated spread direction 2 [3mmarket_id[0m[2m=[0m9046452d-bcb3-4bb8-8925-8924b7439992 [3mdirection[0m[2m=[0m"NO-A/YES-B" [3mraw_spread[0m[2m=[0m-0.0100 [3mbid_a[0m[2m=[0m0.56 [3mask_b[0m[2m=[0m0.5700
[2m2026-04-12T20:33:38.332059Z[0m [34mDEBUG[0m [2mmercury::engine::market_actor[0m[2m:[0m Tick received — running arb detection [3mmarket_id[0m[2m=[0m631deb8c-fbb4-489e-818e-ae698f57f50b [3mplatform[0m[2m=[0mKalshi [3mbid[0m[2m=[0m0.6500 [3mask[0m[2m=[0m0.6700 [3mmid[0m[2m=[0m0.6600 [3mbid_size[0m[2m=[0m3.00 [3mask_size[0m[2m=[0m60.00
[2m2026-04-12T20:33:38.332097Z[0m [34mDEBUG[0m [2mmercury::engine::market_actor[0m[2m:[0m Tick received — running arb detection [3mmarket_id[0m[2m=[0m9046452d-bcb3-4bb8-8925-8924b7439992 [3mplatform[0m[2m=[0mKalshi [3mbid[0m[2m=[0m0.5400 [3mask[0m[2m=[0m0.5700 [3mmid[0m[2m=[0m0.5550 [3mbid_size[0m[2m=[0m24.49 [3mask_size[0m[2m=[0m2.00
[2m2026-04-12T20:33:38.332218Z[0m [34mDEBUG[0m [2mmercury::engine::spread[0m[2m:[0m Evaluated spread direction 2 [3mmarket_id[0m[2m=[0m631deb8c-fbb4-489e-818e-ae698f57f50b [3mdirection[0m[2m=[0m"NO-A/YES-B" [3mraw_spread[0m[2m=[0m0.0100 [3mbid_a[0m[2m=[0m0.68 [3mask_b[0m[2m=[0m0.6700
[2m2026-04-12T20:33:38.332357Z[0m [34mDEBUG[0m [2mmercury::engine::market_actor[0m[2m:[0m Tick received — running arb detection [3mmarket_id[0m[2m=[0m631deb8c-fbb4-489e-818e-ae698f57f50b [3mplatform[0m[2m=[0mKalshi [3mbid[0m[2m=[0m0.6500 [3mask[0m[2m=[0m0.6700 [3mmid[0m[2m=[0m0.6600 [3mbid_size[0m[2m=[0m50.00 [3mask_size[0m[2m=[0m60.00
[2m2026-04-12T20:33:38.332377Z[0m [34mDEBUG[0m [2mmercury::engine::spread[0m[2m:[0m Evaluated spread direction 2 [3mmarket_id[0m[2m=[0m9046452d-bcb3-4bb8-8925-8924b7439992 [3mdirection[0m[2m=[0m"NO-A/YES-B" [3mraw_spread[0m[2m=[0m-0.0100 [3mbid_a[0m[2m=[0m0.56 [3mask_b[0m[2m=[0m0.5700
[2m2026-04-12T20:33:38.332534Z[0m [34mDEBUG[0m [2mmercury::engine::spread[0m[2m:[0m Evaluated spread direction 2 [3mmarket_id[0m[2m=[0m631deb8c-fbb4-489e-818e-ae698f57f50b [3mdirection[0m[2m=[0m"NO-A/YES-B" [3mraw_spread[0m[2m=[0m0.0100 [3mbid_a[0m[2m=[0m0.68 [3mask_b[0m[2m=[0m0.6700
[2m2026-04-12T20:33:38.332697Z[0m [34mDEBUG[0m [2mmercury::engine::market_actor[0m[2m:[0m Tick received — running arb detection [3mmarket_id[0m[2m=[0m631deb8c-fbb4-489e-818e-ae698f57f50b [3mplatform[0m[2m=[0mKalshi [3mbid[0m[2m=[0m0.6500 [3mask[0m[2m=[0m0.6700 [3mmid[0m[2m=[0m0.6600 [3mbid_size[0m[2m=[0m50.00 [3mask_size[0m[2m=[0m60.00
[2m2026-04-12T20:33:38.332840Z[0m [34mDEBUG[0m [2mmercury::engine::spread[0m[2m:[0m Evaluated spread direction 2 [3mmarket_id[0m[2m=[0m631deb8c-fbb4-489e-818e-ae698f57f50b [3mdirection[0m[2m=[0m"NO-A/YES-B" [3mraw_spread[0m[2m=[0m0.0100 [3mbid_a[0m[2m=[0m0.68 [3mask_b[0m[2m=[0m0.6700
[2m2026-04-12T20:33:38.336566Z[0m [34mDEBUG[0m [2mmercury::engine::market_actor[0m[2m:[0m Tick received — running arb detection [3mmarket_id[0m[2m=[0m631deb8c-fbb4-489e-818e-ae698f57f50b [3mplatform[0m[2m=[0mKalshi [3mbid[0m[2m=[0m0.6500 [3mask[0m[2m=[0m0.6700 [3mmid[0m[2m=[0m0.6600 [3mbid_size[0m[2m=[0m50.00 [3mask_size[0m[2m=[0m60.00
[2m2026-04-12T20:33:38.336788Z[0m [34mDEBUG[0m [2mmercury::engine::spread[0m[2m:[0m Evaluated spread direction 2 [3mmarket_id[0m[2m=[0m631deb8c-fbb4-489e-818e-ae698f57f50b [3mdirection[0m[2m=[0m"NO-A/YES-B" [3mraw_spread[0m[2m=[0m0.0100 [3mbid_a[0m[2m=[0m0.68 [3mask_b[0m[2m=[0m0.6700
[2m2026-04-12T20:33:38.336935Z[0m [34mDEBUG[0m [2mmercury::engine::market_actor[0m[2m:[0m Tick received — running arb detection [3mmarket_id[0m[2m=[0m631deb8c-fbb4-489e-818e-ae698f57f50b [3mplatform[0m[2m=[0mKalshi [3mbid[0m[2m=[0m0.6500 [3mask[0m[2m=[0m0.6700 [3mmid[0m[2m=[0m0.6600 [3mbid_size[0m[2m=[0m50.00 [3mask_size[0m[2m=[0m220.00
[2m2026-04-12T20:33:38.337072Z[0m [34mDEBUG[0m [2mmercury::engine::spread[0m[2m:[0m Evaluated spread direction 2 [3mmarket_id[0m[2m=[0m631deb8c-fbb4-489e-818e-ae698f57f50b [3mdirection[0m[2m=[0m"NO-A/YES-B" [3mraw_spread[0m[2m=[0m0.0100 [3mbid_a[0m[2m=[0m0.68 [3mask_b[0m[2m=[0m0.6700
[2m2026-04-12T20:33:38.342608Z[0m [33m WARN[0m [2mmercury::feeds::kalshi[0m[2m:[0m Kalshi sequence gap for KXETH15M-26APR121645-45: expected 264, got 269. Book may be out of sync.
[2m2026-04-12T20:33:38.342895Z[0m [34mDEBUG[0m [2mmercury::engine::market_actor[0m[2m:[0m Tick received — running arb detection [3mmarket_id[0m[2m=[0m9046452d-bcb3-4bb8-8925-8924b7439992 [3mplatform[0m[2m=[0mKalshi [3mbid[0m[2m=[0m0.5400 [3mask[0m[2m=[0m0.5700 [3mmid[0m[2m=[0m0.5550 [3mbid_size[0m[2m=[0m24.49 [3mask_size[0m[2m=[0m2.00
[2m2026-04-12T20:33:38.343062Z[0m [34mDEBUG[0m [2mmercury::engine::spread[0m[2m:[0m Evaluated spread direction 2 [3mmarket_id[0m[2m=[0m9046452d-bcb3-4bb8-8925-8924b7439992 [3mdirection[0m[2m=[0m"NO-A/YES-B" [3mraw_spread[0m[2m=[0m-0.0100 [3mbid_a[0m[2m=[0m0.56 [3mask_b[0m[2m=[0m0.5700
[2m2026-04-12T20:33:38.343188Z[0m [34mDEBUG[0m [2mmercury::engine::market_actor[0m[2m:[0m Tick received — running arb detection [3mmarket_id[0m[2m=[0m9046452d-bcb3-4bb8-8925-8924b7439992 [3mplatform[0m[2m=[0mKalshi [3mbid[0m[2m=[0m0.5400 [3mask[0m[2m=[0m0.5700 [3mmid[0m[2m=[0m0.5550 [3mbid_size[0m[2m=[0m24.49 [3mask_size[0m[2m=[0m2.00
[2m2026-04-12T20:33:38.343320Z[0m [34mDEBUG[0m [2mmercury::engine::spread[0m[2m:[0m Evaluated spread direction 2 [3mmarket_id[0m[2m=[0m9046452d-bcb3-4bb8-8925-8924b7439992 [3mdirection[0m[2m=[0m"NO-A/YES-B" [3mraw_spread[0m[2m=[0m-0.0100 [3mbid_a[0m[2m=[0m0.56 [3mask_b[0m[2m=[0m0.5700
[2m2026-04-12T20:33:38.343445Z[0m [34mDEBUG[0m [2mmercury::engine::market_actor[0m[2m:[0m Tick received — running arb detection [3mmarket_id[0m[2m=[0m9046452d-bcb3-4bb8-8925-8924b7439992 [3mplatform[0m[2m=[0mKalshi [3mbid[0m[2m=[0m0.5400 [3mask[0m[2m=[0m0.5700 [3mmid[0m[2m=[0m0.5550 [3mbid_size[0m[2m=[0m24.49 [3mask_size[0m[2m=[0m2.00
[2m2026-04-12T20:33:38.343575Z[0m [34mDEBUG[0m [2mmercury::engine::spread[0m[2m:[0m Evaluated spread direction 2 [3mmarket_id[0m[2m=[0m9046452d-bcb3-4bb8-8925-8924b7439992 [3mdirection[0m[2m=[0m"NO-A/YES-B" [3mraw_spread[0m[2m=[0m-0.0100 [3mbid_a[0m[2m=[0m0.56 [3mask_b[0m[2m=[0m0.5700
[2m2026-04-12T20:33:38.343695Z[0m [34mDEBUG[0m [2mmercury::engine::market_actor[0m[2m:[0m Tick received — running arb detection [3mmarket_id[0m[2m=[0m9046452d-bcb3-4bb8-8925-8924b7439992 [3mplatform[0m[2m=[0mKalshi [3mbid[0m[2m=[0m0.5400 [3mask[0m[2m=[0m0.5700 [3mmid[0m[2m=[0m0.5550 [3mbid_size[0m[2m=[0m24.49 [3mask_size[0m[2m=[0m2.00
[2m2026-04-12T20:33:38.343832Z[0m [34mDEBUG[0m [2mmercury::engine::spread[0m[2m:[0m Evaluated spread direction 2 [3mmarket_id[0m[2m=[0m9046452d-bcb3-4bb8-8925-8924b7439992 [3mdirection[0m[2m=[0m"NO-A/YES-B" [3mraw_spread[0m[2m=[0m-0.0100 [3mbid_a[0m[2m=[0m0.56 [3mask_b[0m[2m=[0m0.5700
[2m2026-04-12T20:33:38.343972Z[0m [34mDEBUG[0m [2mmercury::engine::market_actor[0m[2m:[0m Tick received — running arb detection [3mmarket_id[0m[2m=[0m9046452d-bcb3-4bb8-8925-8924b7439992 [3mplatform[0m[2m=[0mKalshi [3mbid[0m[2m=[0m0.5400 [3mask[0m[2m=[0m0.5700 [3mmid[0m[2m=[0m0.5550 [3mbid_size[0m[2m=[0m24.49 [3mask_size[0m[2m=[0m2.00
[2m2026-04-12T20:33:38.344121Z[0m [34mDEBUG[0m [2mmercury::engine::spread[0m[2m:[0m Evaluated spread direction 2 [3mmarket_id[0m[2m=[0m9046452d-bcb3-4bb8-8925-8924b7439992 [3mdirection[0m[2m=[0m"NO-A/YES-B" [3mraw_spread[0m[2m=[0m-0.0100 [3mbid_a[0m[2m=[0m0.56 [3mask_b[0m[2m=[0m0.5700
[2m2026-04-12T20:33:38.344239Z[0m [34mDEBUG[0m [2mmercury::engine::market_actor[0m[2m:[0m Tick received — running arb detection [3mmarket_id[0m[2m=[0m9046452d-bcb3-4bb8-8925-8924b7439992 [3mplatform[0m[2m=[0mKalshi [3mbid[0m[2m=[0m0.5400 [3mask[0m[2m=[0m0.5700 [3mmid[0m[2m=[0m0.5550 [3mbid_size[0m[2m=[0m24.49 [3mask_size[0m[2m=[0m2.00
[2m2026-04-12T20:33:38.344368Z[0m [34mDEBUG[0m [2mmercury::engine::spread[0m[2m:[0m Evaluated spread direction 2 [3mmarket_id[0m[2m=[0m9046452d-bcb3-4bb8-8925-8924b7439992 [3mdirection[0m[2m=[0m"NO-A/YES-B" [3mraw_spread[0m[2m=[0m-0.0100 [3mbid_a[0m[2m=[0m0.56 [3mask_b[0m[2m=[0m0.5700
[2m2026-04-12T20:33:38.353189Z[0m [33m WARN[0m [2mmercury::feeds::kalshi[0m[2m:[0m Kalshi sequence gap for KXBTC15M-26APR121645-45: expected 269, got 275. Book may be out of sync.
[2m2026-04-12T20:33:38.353469Z[0m [34mDEBUG[0m [2mmercury::engine::market_actor[0m[2m:[0m Tick received — running arb detection [3mmarket_id[0m[2m=[0m631deb8c-fbb4-489e-818e-ae698f57f50b [3mplatform[0m[2m=[0mKalshi [3mbid[0m[2m=[0m0.6500 [3mask[0m[2m=[0m0.6700 [3mmid[0m[2m=[0m0.6600 [3mbid_size[0m[2m=[0m50.00 [3mask_size[0m[2m=[0m220.00
[2m2026-04-12T20:33:38.353628Z[0m [34mDEBUG[0m [2mmercury::engine::spread[0m[2m:[0m Evaluated spread direction 2 [3mmarket_id[0m[2m=[0m631deb8c-fbb4-489e-818e-ae698f57f50b [3mdirection[0m[2m=[0m"NO-A/YES-B" [3mraw_spread[0m[2m=[0m0.0100 [3mbid_a[0m[2m=[0m0.68 [3mask_b[0m[2m=[0m0.6700
[2m2026-04-12T20:33:38.357370Z[0m [34mDEBUG[0m [2mmercury::engine::market_actor[0m[2m:[0m Tick received — running arb detection [3mmarket_id[0m[2m=[0m631deb8c-fbb4-489e-818e-ae698f57f50b [3mplatform[0m[2m=[0mPolymarket [3mbid[0m[2m=[0m0.68 [3mask[0m[2m=[0m0.69 [3mmid[0m[2m=[0m0.6850 [3mbid_size[0m[2m=[0m192.7 [3mask_size[0m[2m=[0m47.85
[2m2026-04-12T20:33:38.357511Z[0m [34mDEBUG[0m [2mmercury::engine::market_actor[0m[2m:[0m Tick received — running arb detection [3mmarket_id[0m[2m=[0m2b958b37-9921-40b8-b22d-64a67138ae70 [3mplatform[0m[2m=[0mPolymarket [3mbid[0m[2m=[0m0.64 [3mask[0m[2m=[0m0.66 [3mmid[0m[2m=[0m0.65 [3mbid_size[0m[2m=[0m3.69 [3mask_size[0m[2m=[0m105
[2m2026-04-12T20:33:38.357568Z[0m [34mDEBUG[0m [2mmercury::engine::spread[0m[2m:[0m Evaluated spread direction 2 [3mmarket_id[0m[2m=[0m631deb8c-fbb4-489e-818e-ae698f57f50b [3mdirection[0m[2m=[0m"NO-A/YES-B" [3mraw_spread[0m[2m=[0m0.0100 [3mbid_a[0m[2m=[0m0.68 [3mask_b[0m[2m=[0m0.6700
[2m2026-04-12T20:33:38.357724Z[0m [34mDEBUG[0m [2mmercury::engine::market_actor[0m[2m:[0m Tick received — running arb detection [3mmarket_id[0m[2m=[0m631deb8c-fbb4-489e-818e-ae698f57f50b [3mplatform[0m[2m=[0mPolymarket [3mbid[0m[2m=[0m0.68 [3mask[0m[2m=[0m0.69 [3mmid[0m[2m=[0m0.6850 [3mbid_size[0m[2m=[0m192.7 [3mask_size[0m[2m=[0m47.85
[2m2026-04-12T20:33:38.357771Z[0m [34mDEBUG[0m [2mmercury::engine::market_actor[0m[2m:[0m Tick received — running arb detection [3mmarket_id[0m[2m=[0m2b958b37-9921-40b8-b22d-64a67138ae70 [3mplatform[0m[2m=[0mPolymarket [3mbid[0m[2m=[0m0.64 [3mask[0m[2m=[0m0.66 [3mmid[0m[2m=[0m0.65 [3mbid_size[0m[2m=[0m3.69 [3mask_size[0m[2m=[0m105
[2m2026-04-12T20:33:38.357794Z[0m [34mDEBUG[0m [2mmercury::engine::market_actor[0m[2m:[0m Tick received — running arb detection [3mmarket_id[0m[2m=[0m9046452d-bcb3-4bb8-8925-8924b7439992 [3mplatform[0m[2m=[0mPolymarket [3mbid[0m[2m=[0m0.56 [3mask[0m[2m=[0m0.57 [3mmid[0m[2m=[0m0.5650 [3mbid_size[0m[2m=[0m171.6 [3mask_size[0m[2m=[0m9.83
[2m2026-04-12T20:33:38.357900Z[0m [34mDEBUG[0m [2mmercury::engine::spread[0m[2m:[0m Evaluated spread direction 2 [3mmarket_id[0m[2m=[0m631deb8c-fbb4-489e-818e-ae698f57f50b [3mdirection[0m[2m=[0m"NO-A/YES-B" [3mraw_spread[0m[2m=[0m0.0100 [3mbid_a[0m[2m=[0m0.68 [3mask_b[0m[2m=[0m0.6700
[2m2026-04-12T20:33:38.358083Z[0m [34mDEBUG[0m [2mmercury::engine::spread[0m[2m:[0m Evaluated spread direction 2 [3mmarket_id[0m[2m=[0m9046452d-bcb3-4bb8-8925-8924b7439992 [3mdirection[0m[2m=[0m"NO-A/YES-B" [3mraw_spread[0m[2m=[0m-0.0100 [3mbid_a[0m[2m=[0m0.56 [3mask_b[0m[2m=[0m0.5700
[2m2026-04-12T20:33:38.358083Z[0m [34mDEBUG[0m [2mmercury::engine::market_actor[0m[2m:[0m Tick received — running arb detection [3mmarket_id[0m[2m=[0m2b958b37-9921-40b8-b22d-64a67138ae70 [3mplatform[0m[2m=[0mPolymarket [3mbid[0m[2m=[0m0.64 [3mask[0m[2m=[0m0.66 [3mmid[0m[2m=[0m0.65 [3mbid_size[0m[2m=[0m3.69 [3mask_size[0m[2m=[0m105
[2m2026-04-12T20:33:38.358250Z[0m [34mDEBUG[0m [2mmercury::engine::market_actor[0m[2m:[0m Tick received — running arb detection [3mmarket_id[0m[2m=[0m9046452d-bcb3-4bb8-8925-8924b7439992 [3mplatform[0m[2m=[0mPolymarket [3mbid[0m[2m=[0m0.56 [3mask[0m[2m=[0m0.57 [3mmid[0m[2m=[0m0.5650 [3mbid_size[0m[2m=[0m171.6 [3mask_size[0m[2m=[0m9.83
[2m2026-04-12T20:33:38.358392Z[0m [34mDEBUG[0m [2mmercury::engine::spread[0m[2m:[0m Evaluated spread direction 2 [3mmarket_id[0m[2m=[0m9046452d-bcb3-4bb8-8925-8924b7439992 [3mdirection[0m[2m=[0m"NO-A/YES-B" [3mraw_spread[0m[2m=[0m-0.0100 [3mbid_a[0m[2m=[0m0.56 [3mask_b[0m[2m=[0m0.5700
[2m2026-04-12T20:33:38.358521Z[0m [34mDEBUG[0m [2mmercury::engine::market_actor[0m[2m:[0m Tick received — running arb detection [3mmarket_id[0m[2m=[0m9046452d-bcb3-4bb8-8925-8924b7439992 [3mplatform[0m[2m=[0mPolymarket [3mbid[0m[2m=[0m0.56 [3mask[0m[2m=[0m0.57 [3mmid[0m[2m=[0m0.5650 [3mbid_size[0m[2m=[0m229.6 [3mask_size[0m[2m=[0m9.83
[2m2026-04-12T20:33:38.358652Z[0m [34mDEBUG[0m [2mmercury::engine::spread[0m[2m:[0m Evaluated spread direction 2 [3mmarket_id[0m[2m=[0m9046452d-bcb3-4bb8-8925-8924b7439992 [3mdirection[0m[2m=[0m"NO-A/YES-B" [3mraw_spread[0m[2m=[0m-0.0100 [3mbid_a[0m[2m=[0m0.56 [3mask_b[0m[2m=[0m0.5700
[2m2026-04-12T20:33:38.358779Z[0m [34mDEBUG[0m [2mmercury::engine::market_actor[0m[2m:[0m Tick received — running arb detection [3mmarket_id[0m[2m=[0m9046452d-bcb3-4bb8-8925-8924b7439992 [3mplatform[0m[2m=[0mPolymarket [3mbid[0m[2m=[0m0.56 [3mask[0m[2m=[0m0.57 [3mmid[0m[2m=[0m0.5650 [3mbid_size[0m[2m=[0m229.6 [3mask_size[0m[2m=[0m9.83
[2m2026-04-12T20:33:38.358916Z[0m [34mDEBUG[0m [2mmercury::engine::spread[0m[2m:[0m Evaluated spread direction 2 [3mmarket_id[0m[2m=[0m9046452d-bcb3-4bb8-8925-8924b7439992 [3mdirection[0m[2m=[0m"NO-A/YES-B" [3mraw_spread[0m[2m=[0m-0.0100 [3mbid_a[0m[2m=[0m0.56 [3mask_b[0m[2m=[0m0.5700
[2m2026-04-12T20:33:38.359045Z[0m [34mDEBUG[0m [2mmercury::engine::market_actor[0m[2m:[0m Tick received — running arb detection [3mmarket_id[0m[2m=[0m9046452d-bcb3-4bb8-8925-8924b7439992 [3mplatform[0m[2m=[0mPolymarket [3mbid[0m[2m=[0m0.56 [3mask[0m[2m=[0m0.57 [3mmid[0m[2m=[0m0.5650 [3mbid_size[0m[2m=[0m229.6 [3mask_size[0m[2m=[0m9.83
[2m2026-04-12T20:33:38.359254Z[0m [34mDEBUG[0m [2mmercury::engine::spread[0m[2m:[0m Evaluated spread direction 2 [3mmarket_id[0m[2m=[0m9046452d-bcb3-4bb8-8925-8924b7439992 [3mdirection[0m[2m=[0m"NO-A/YES-B" [3mraw_spread[0m[2m=[0m-0.0100 [3mbid_a[0m[2m=[0m0.56 [3mask_b[0m[2m=[0m0.5700
[2m2026-04-12T20:33:38.359364Z[0m [34mDEBUG[0m [2mmercury::engine::market_actor[0m[2m:[0m Tick received — running arb detection [3mmarket_id[0m[2m=[0m9046452d-bcb3-4bb8-8925-8924b7439992 [3mplatform[0m[2m=[0mPolymarket [3mbid[0m[2m=[0m0.56 [3mask[0m[2m=[0m0.57 [3mmid[0m[2m=[0m0.5650 [3mbid_size[0m[2m=[0m229.6 [3mask_size[0m[2m=[0m9.83
[2m2026-04-12T20:33:38.359476Z[0m [34mDEBUG[0m [2mmercury::engine::spread[0m[2m:[0m Evaluated spread direction 2 [3mmarket_id[0m[2m=[0m9046452d-bcb3-4bb8-8925-8924b7439992 [3mdirection[0m[2m=[0m"NO-A/YES-B" [3mraw_spread[0m[2m=[0m-0.0100 [3mbid_a[0m[2m=[0m0.56 [3mask_b[0m[2m=[0m0.5700
[2m2026-04-12T20:33:38.359585Z[0m [34mDEBUG[0m [2mmercury::engine::market_actor[0m[2m:[0m Tick received — running arb detection [3mmarket_id[0m[2m=[0m9046452d-bcb3-4bb8-8925-8924b7439992 [3mplatform[0m[2m=[0mPolymarket [3mbid[0m[2m=[0m0.56 [3mask[0m[2m=[0m0.57 [3mmid[0m[2m=[0m0.5650 [3mbid_size[0m[2m=[0m229.6 [3mask_size[0m[2m=[0m9.83
[2m2026-04-12T20:33:38.359697Z[0m [34mDEBUG[0m [2mmercury::engine::spread[0m[2m:[0m Evaluated spread direction 2 [3mmarket_id[0m[2m=[0m9046452d-bcb3-4bb8-8925-8924b7439992 [3mdirection[0m[2m=[0m"NO-A/YES-B" [3mraw_spread[0m[2m=[0m-0.0100 [3mbid_a[0m[2m=[0m0.56 [3mask_b[0m[2m=[0m0.5700
[2m2026-04-12T20:33:38.359806Z[0m [34mDEBUG[0m [2mmercury::engine::market_actor[0m[2m:[0m Tick received — running arb detection [3mmarket_id[0m[2m=[0m9046452d-bcb3-4bb8-8925-8924b7439992 [3mplatform[0m[2m=[0mPolymarket [3mbid[0m[2m=[0m0.56 [3mask[0m[2m=[0m0.57 [3mmid[0m[2m=[0m0.5650 [3mbid_size[0m[2m=[0m229.6 [3mask_size[0m[2m=[0m9.83
[2m2026-04-12T20:33:38.359919Z[0m [34mDEBUG[0m [2mmercury::engine::spread[0m[2m:[0m Evaluated spread direction 2 [3mmarket_id[0m[2m=[0m9046452d-bcb3-4bb8-8925-8924b7439992 [3mdirection[0m[2m=[0m"NO-A/YES-B" [3mraw_spread[0m[2m=[0m-0.0100 [3mbid_a[0m[2m=[0m0.56 [3mask_b[0m[2m=[0m0.5700
[2m2026-04-12T20:33:38.360028Z[0m [34mDEBUG[0m [2mmercury::engine::market_actor[0m[2m:[0m Tick received — running arb detection [3mmarket_id[0m[2m=[0m9046452d-bcb3-4bb8-8925-8924b7439992 [3mplatform[0m[2m=[0mPolymarket [3mbid[0m[2m=[0m0.56 [3mask[0m[2m=[0m0.57 [3mmid[0m[2m=[0m0.5650 [3mbid_size[0m[2m=[0m229.6 [3mask_size[0m[2m=[0m9.83
[2m2026-04-12T20:33:38.360140Z[0m [34mDEBUG[0m [2mmercury::engine::spread[0m[2m:[0m Evaluated spread direction 2 [3mmarket_id[0m[2m=[0m9046452d-bcb3-4bb8-8925-8924b7439992 [3mdirection[0m[2m=[0m"NO-A/YES-B" [3mraw_spread[0m[2m=[0m-0.0100 [3mbid_a[0m[2m=[0m0.56 [3mask_b[0m[2m=[0m0.5700
[2m2026-04-12T20:33:38.360248Z[0m [34mDEBUG[0m [2mmercury::engine::market_actor[0m[2m:[0m Tick received — running arb detection [3mmarket_id[0m[2m=[0m9046452d-bcb3-4bb8-8925-8924b7439992 [3mplatform[0m[2m=[0mPolymarket [3mbid[0m[2m=[0m0.56 [3mask[0m[2m=[0m0.57 [3mmid[0m[2m=[0m0.5650 [3mbid_size[0m[2m=[0m229.6 [3mask_size[0m[2m=[0m9.83
[2m2026-04-12T20:33:38.360359Z[0m [34mDEBUG[0m [2mmercury::engine::spread[0m[2m:[0m Evaluated spread direction 2 [3mmarket_id[0m[2m=[0m9046452d-bcb3-4bb8-8925-8924b7439992 [3mdirection[0m[2m=[0m"NO-A/YES-B" [3mraw_spread[0m[2m=[0m-0.0100 [3mbid_a[0m[2m=[0m0.56 [3mask_b[0m[2m=[0m0.5700
[2m2026-04-12T20:33:38.360470Z[0m [34mDEBUG[0m [2mmercury::engine::market_actor[0m[2m:[0m Tick received — running arb detection [3mmarket_id[0m[2m=[0m9046452d-bcb3-4bb8-8925-8924b7439992 [3mplatform[0m[2m=[0mPolymarket [3mbid[0m[2m=[0m0.56 [3mask[0m[2m=[0m0.57 [3mmid[0m[2m=[0m0.5650 [3mbid_size[0m[2m=[0m229.6 [3mask_size[0m[2m=[0m9.83
[2m2026-04-12T20:33:38.360582Z[0m [34mDEBUG[0m [2mmercury::engine::spread[0m[2m:[0m Evaluated spread direction 2 [3mmarket_id[0m[2m=[0m9046452d-bcb3-4bb8-8925-8924b7439992 [3mdirection[0m[2m=[0m"NO-A/YES-B" [3mraw_spread[0m[2m=[0m-0.0100 [3mbid_a[0m[2m=[0m0.56 [3mask_b[0m[2m=[0m0.5700
[2m2026-04-12T20:33:38.360690Z[0m [34mDEBUG[0m [2mmercury::engine::market_actor[0m[2m:[0m Tick received — running arb detection [3mmarket_id[0m[2m=[0m9046452d-bcb3-4bb8-8925-8924b7439992 [3mplatform[0m[2m=[0mPolymarket [3mbid[0m[2m=[0m0.56 [3mask[0m[2m=[0m0.57 [3mmid[0m[2m=[0m0.5650 [3mbid_size[0m[2m=[0m224.6 [3mask_size[0m[2m=[0m9.83
[2m2026-04-12T20:33:38.360802Z[0m [34mDEBUG[0m [2mmercury::engine::spread[0m[2m:[0m Evaluated spread direction 2 [3mmarket_id[0m[2m=[0m9046452d-bcb3-4bb8-8925-8924b7439992 [3mdirection[0m[2m=[0m"NO-A/YES-B" [3mraw_spread[0m[2m=[0m-0.0100 [3mbid_a[0m[2m=[0m0.56 [3mask_b[0m[2m=[0m0.5700
[2m2026-04-12T20:33:38.360910Z[0m [34mDEBUG[0m [2mmercury::engine::market_actor[0m[2m:[0m Tick received — running arb detection [3mmarket_id[0m[2m=[0m9046452d-bcb3-4bb8-8925-8924b7439992 [3mplatform[0m[2m=[0mPolymarket [3mbid[0m[2m=[0m0.56 [3mask[0m[2m=[0m0.57 [3mmid[0m[2m=[0m0.5650 [3mbid_size[0m[2m=[0m224.6 [3mask_size[0m[2m=[0m9.83
[2m2026-04-12T20:33:38.361022Z[0m [34mDEBUG[0m [2mmercury::engine::spread[0m[2m:[0m Evaluated spread direction 2 [3mmarket_id[0m[2m=[0m9046452d-bcb3-4bb8-8925-8924b7439992 [3mdirection[0m[2m=[0m"NO-A/YES-B" [3mraw_spread[0m[2m=[0m-0.0100 [3mbid_a[0m[2m=[0m0.56 [3mask_b[0m[2m=[0m0.5700
[2m2026-04-12T20:33:38.361131Z[0m [34mDEBUG[0m [2mmercury::engine::market_actor[0m[2m:[0m Tick received — running arb detection [3mmarket_id[0m[2m=[0m9046452d-bcb3-4bb8-8925-8924b7439992 [3mplatform[0m[2m=[0mPolymarket [3mbid[0m[2m=[0m0.56 [3mask[0m[2m=[0m0.57 [3mmid[0m[2m=[0m0.5650 [3mbid_size[0m[2m=[0m224.6 [3mask_size[0m[2m=[0m9.83
[2m2026-04-12T20:33:38.361242Z[0m [34mDEBUG[0m [2mmercury::engine::spread[0m[2m:[0m Evaluated spread direction 2 [3mmarket_id[0m[2m=[0m9046452d-bcb3-4bb8-8925-8924b7439992 [3mdirection[0m[2m=[0m"NO-A/YES-B" [3mraw_spread[0m[2m=[0m-0.0100 [3mbid_a[0m[2m=[0m0.56 [3mask_b[0m[2m=[0m0.5700
[2m2026-04-12T20:33:38.361351Z[0m [34mDEBUG[0m [2mmercury::engine::market_actor[0m[2m:[0m Tick received — running arb detection [3mmarket_id[0m[2m=[0m9046452d-bcb3-4bb8-8925-8924b7439992 [3mplatform[0m[2m=[0mPolymarket [3mbid[0m[2m=[0m0.56 [3mask[0m[2m=[0m0.57 [3mmid[0m[2m=[0m0.5650 [3mbid_size[0m[2m=[0m224.6 [3mask_size[0m[2m=[0m9.83
[2m2026-04-12T20:33:38.361462Z[0m [34mDEBUG[0m [2mmercury::engine::spread[0m[2m:[0m Evaluated spread direction 2 [3mmarket_id[0m[2m=[0m9046452d-bcb3-4bb8-8925-8924b7439992 [3mdirection[0m[2m=[0m"NO-A/YES-B" [3mraw_spread[0m[2m=[0m-0.0100 [3mbid_a[0m[2m=[0m0.56 [3mask_b[0m[2m=[0m0.5700
[2m2026-04-12T20:33:38.361571Z[0m [34mDEBUG[0m [2mmercury::engine::market_actor[0m[2m:[0m Tick received — running arb detection [3mmarket_id[0m[2m=[0m9046452d-bcb3-4bb8-8925-8924b7439992 [3mplatform[0m[2m=[0mPolymarket [3mbid[0m[2m=[0m0.56 [3mask[0m[2m=[0m0.57 [3mmid[0m[2m=[0m0.5650 [3mbid_size[0m[2m=[0m224.6 [3mask_size[0m[2m=[0m9.83
[2m2026-04-12T20:33:38.361683Z[0m [34mDEBUG[0m [2mmercury::engine::spread[0m[2m:[0m Evaluated spread direction 2 [3mmarket_id[0m[2m=[0m9046452d-bcb3-4bb8-8925-8924b7439992 [3mdirection[0m[2m=[0m"NO-A/YES-B" [3mraw_spread[0m[2m=[0m-0.0100 [3mbid_a[0m[2m=[0m0.56 [3mask_b[0m[2m=[0m0.5700
[2m2026-04-12T20:33:38.361793Z[0m [34mDEBUG[0m [2mmercury::engine::market_actor[0m[2m:[0m Tick received — running arb detection [3mmarket_id[0m[2m=[0m9046452d-bcb3-4bb8-8925-8924b7439992 [3mplatform[0m[2m=[0mPolymarket [3mbid[0m[2m=[0m0.56 [3mask[0m[2m=[0m0.57 [3mmid[0m[2m=[0m0.5650 [3mbid_size[0m[2m=[0m224.6 [3mask_size[0m[2m=[0m9.83
[2m2026-04-12T20:33:38.361905Z[0m [34mDEBUG[0m [2mmercury::engine::spread[0m[2m:[0m Evaluated spread direction 2 [3mmarket_id[0m[2m=[0m9046452d-bcb3-4bb8-8925-8924b7439992 [3mdirection[0m[2m=[0m"NO-A/YES-B" [3mraw_spread[0m[2m=[0m-0.0100 [3mbid_a[0m[2m=[0m0.56 [3mask_b[0m[2m=[0m0.5700
[2m2026-04-12T20:33:38.362014Z[0m [34mDEBUG[0m [2mmercury::engine::market_actor[0m[2m:[0m Tick received — running arb detection [3mmarket_id[0m[2m=[0m9046452d-bcb3-4bb8-8925-8924b7439992 [3mplatform[0m[2m=[0mPolymarket [3mbid[0m[2m=[0m0.56 [3mask[0m[2m=[0m0.57 [3mmid[0m[2m=[0m0.5650 [3mbid_size[0m[2m=[0m224.6 [3mask_size[0m[2m=[0m9.83
[2m2026-04-12T20:33:38.362126Z[0m [34mDEBUG[0m [2mmercury::engine::spread[0m[2m:[0m Evaluated spread direction 2 [3mmarket_id[0m[2m=[0m9046452d-bcb3-4bb8-8925-8924b7439992 [3mdirection[0m[2m=[0m"NO-A/YES-B" [3mraw_spread[0m[2m=[0m-0.0100 [3mbid_a[0m[2m=[0m0.56 [3mask_b[0m[2m=[0m0.5700
[2m2026-04-12T20:33:38.362235Z[0m [34mDEBUG[0m [2mmercury::engine::market_actor[0m[2m:[0m Tick received — running arb detection [3mmarket_id[0m[2m=[0m9046452d-bcb3-4bb8-8925-8924b7439992 [3mplatform[0m[2m=[0mPolymarket [3mbid[0m[2m=[0m0.56 [3mask[0m[2m=[0m0.57 [3mmid[0m[2m=[0m0.5650 [3mbid_size[0m[2m=[0m166.6 [3mask_size[0m[2m=[0m9.83
[2m2026-04-12T20:33:38.362347Z[0m [34mDEBUG[0m [2mmercury::engine::spread[0m[2m:[0m Evaluated spread direction 2 [3mmarket_id[0m[2m=[0m9046452d-bcb3-4bb8-8925-8924b7439992 [3mdirection[0m[2m=[0m"NO-A/YES-B" [3mraw_spread[0m[2m=[0m-0.0100 [3mbid_a[0m[2m=[0m0.56 [3mask_b[0m[2m=[0m0.5700
[2m2026-04-12T20:33:38.362456Z[0m [34mDEBUG[0m [2mmercury::engine::market_actor[0m[2m:[0m Tick received — running arb detection [3mmarket_id[0m[2m=[0m9046452d-bcb3-4bb8-8925-8924b7439992 [3mplatform[0m[2m=[0mPolymarket [3mbid[0m[2m=[0m0.56 [3mask[0m[2m=[0m0.57 [3mmid[0m[2m=[0m0.5650 [3mbid_size[0m[2m=[0m166.6 [3mask_size[0m[2m=[0m9.83
[2m2026-04-12T20:33:38.362568Z[0m [34mDEBUG[0m [2mmercury::engine::spread[0m[2m:[0m Evaluated spread direction 2 [3mmarket_id[0m[2m=[0m9046452d-bcb3-4bb8-8925-8924b7439992 [3mdirection[0m[2m=[0m"NO-A/YES-B" [3mraw_spread[0m[2m=[0m-0.0100 [3mbid_a[0m[2m=[0m0.56 [3mask_b[0m[2m=[0m0.5700
[2m2026-04-12T20:33:38.362677Z[0m [34mDEBUG[0m [2mmercury::engine::market_actor[0m[2m:[0m Tick received — running arb detection [3mmarket_id[0m[2m=[0m9046452d-bcb3-4bb8-8925-8924b7439992 [3mplatform[0m[2m=[0mPolymarket [3mbid[0m[2m=[0m0.56 [3mask[0m[2m=[0m0.57 [3mmid[0m[2m=[0m0.5650 [3mbid_size[0m[2m=[0m166.6 [3mask_size[0m[2m=[0m9.83
[2m2026-04-12T20:33:38.362789Z[0m [34mDEBUG[0m [2mmercury::engine::spread[0m[2m:[0m Evaluated spread direction 2 [3mmarket_id[0m[2m=[0m9046452d-bcb3-4bb8-8925-8924b7439992 [3mdirection[0m[2m=[0m"NO-A/YES-B" [3mraw_spread[0m[2m=[0m-0.0100 [3mbid_a[0m[2m=[0m0.56 [3mask_b[0m[2m=[0m0.5700
[2m2026-04-12T20:33:38.362898Z[0m [34mDEBUG[0m [2mmercury::engine::market_actor[0m[2m:[0m Tick received — running arb detection [3mmarket_id[0m[2m=[0m9046452d-bcb3-4bb8-8925-8924b7439992 [3mplatform[0m[2m=[0mPolymarket [3mbid[0m[2m=[0m0.56 [3mask[0m[2m=[0m0.57 [3mmid[0m[2m=[0m0.5650 [3mbid_size[0m[2m=[0m166.6 [3mask_size[0m[2m=[0m9.83
[2m2026-04-12T20:33:38.363010Z[0m [34mDEBUG[0m [2mmercury::engine::spread[0m[2m:[0m Evaluated spread direction 2 [3mmarket_id[0m[2m=[0m9046452d-bcb3-4bb8-8925-8924b7439992 [3mdirection[0m[2m=[0m"NO-A/YES-B" [3mraw_spread[0m[2m=[0m-0.0100 [3mbid_a[0m[2m=[0m0.56 [3mask_b[0m[2m=[0m0.5700
[2m2026-04-12T20:33:38.369356Z[0m [34mDEBUG[0m [2mmercury::engine::market_actor[0m[2m:[0m Tick received — running arb detection [3mmarket_id[0m[2m=[0m631deb8c-fbb4-489e-818e-ae698f57f50b [3mplatform[0m[2m=[0mKalshi [3mbid[0m[2m=[0m0.6500 [3mask[0m[2m=[0m0.6700 [3mmid[0m[2m=[0m0.6600 [3mbid_size[0m[2m=[0m50.00 [3mask_size[0m[2m=[0m220.00
[2m2026-04-12T20:33:38.369573Z[0m [34mDEBUG[0m [2mmercury::engine::spread[0m[2m:[0m Evaluated spread direction 2 [3mmarket_id[0m[2m=[0m631deb8c-fbb4-489e-818e-ae698f57f50b [3mdirection[0m[2m=[0m"NO-A/YES-B" [3mraw_spread[0m[2m=[0m0.0100 [3mbid_a[0m[2m=[0m0.68 [3mask_b[0m[2m=[0m0.6700
[2m2026-04-12T20:33:38.369762Z[0m [34mDEBUG[0m [2mmercury::engine::market_actor[0m[2m:[0m Tick received — running arb detection [3mmarket_id[0m[2m=[0m631deb8c-fbb4-489e-818e-ae698f57f50b [3mplatform[0m[2m=[0mKalshi [3mbid[0m[2m=[0m0.6500 [3mask[0m[2m=[0m0.6700 [3mmid[0m[2m=[0m0.6600 [3mbid_size[0m[2m=[0m50.00 [3mask_size[0m[2m=[0m220.00
[2m2026-04-12T20:33:38.369941Z[0m [34mDEBUG[0m [2mmercury::engine::spread[0m[2m:[0m Evaluated spread direction 2 [3mmarket_id[0m[2m=[0m631deb8c-fbb4-489e-818e-ae698f57f50b [3mdirection[0m[2m=[0m"NO-A/YES-B" [3mraw_spread[0m[2m=[0m0.0100 [3mbid_a[0m[2m=[0m0.68 [3mask_b[0m[2m=[0m0.6700
[2m2026-04-12T20:33:38.370116Z[0m [34mDEBUG[0m [2mmercury::engine::market_actor[0m[2m:[0m Tick received — running arb detection [3mmarket_id[0m[2m=[0m631deb8c-fbb4-489e-818e-ae698f57f50b [3mplatform[0m[2m=[0mKalshi [3mbid[0m[2m=[0m0.6500 [3mask[0m[2m=[0m0.6700 [3mmid[0m[2m=[0m0.6600 [3mbid_size[0m[2m=[0m62.94 [3mask_size[0m[2m=[0m220.00
[2m2026-04-12T20:33:38.370292Z[0m [34mDEBUG[0m [2mmercury::engine::spread[0m[2m:[0m Evaluated spread direction 2 [3mmarket_id[0m[2m=[0m631deb8c-fbb4-489e-818e-ae698f57f50b [3mdirection[0m[2m=[0m"NO-A/YES-B" [3mraw_spread[0m[2m=[0m0.0100 [3mbid_a[0m[2m=[0m0.68 [3mask_b[0m[2m=[0m0.6700
[2m2026-04-12T20:33:38.371574Z[0m [34mDEBUG[0m [2mmercury::engine::market_actor[0m[2m:[0m Tick received — running arb detection [3mmarket_id[0m[2m=[0m631deb8c-fbb4-489e-818e-ae698f57f50b [3mplatform[0m[2m=[0mKalshi [3mbid[0m[2m=[0m0.6500 [3mask[0m[2m=[0m0.6700 [3mmid[0m[2m=[0m0.6600 [3mbid_size[0m[2m=[0m59.94 [3mask_size[0m[2m=[0m220.00
[2m2026-04-12T20:33:38.371745Z[0m [34mDEBUG[0m [2mmercury::engine::spread[0m[2m:[0m Evaluated spread direction 2 [3mmarket_id[0m[2m=[0m631deb8c-fbb4-489e-818e-ae698f57f50b [3mdirection[0m[2m=[0m"NO-A/YES-B" [3mraw_spread[0m[2m=[0m0.0100 [3mbid_a[0m[2m=[0m0.68 [3mask_b[0m[2m=[0m0.6700
[2m2026-04-12T20:33:38.371896Z[0m [34mDEBUG[0m [2mmercury::engine::market_actor[0m[2m:[0m Tick received — running arb detection [3mmarket_id[0m[2m=[0m631deb8c-fbb4-489e-818e-ae698f57f50b [3mplatform[0m[2m=[0mKalshi [3mbid[0m[2m=[0m0.6500 [3mask[0m[2m=[0m0.6700 [3mmid[0m[2m=[0m0.6600 [3mbid_size[0m[2m=[0m49.28 [3mask_size[0m[2m=[0m220.00
[2m2026-04-12T20:33:38.372043Z[0m [34mDEBUG[0m [2mmercury::engine::spread[0m[2m:[0m Evaluated spread direction 2 [3mmarket_id[0m[2m=[0m631deb8c-fbb4-489e-818e-ae698f57f50b [3mdirection[0m[2m=[0m"NO-A/YES-B" [3mraw_spread[0m[2m=[0m0.0100 [3mbid_a[0m[2m=[0m0.68 [3mask_b[0m[2m=[0m0.6700
[2m2026-04-12T20:33:38.372185Z[0m [34mDEBUG[0m [2mmercury::engine::market_actor[0m[2m:[0m Tick received — running arb detection [3mmarket_id[0m[2m=[0m631deb8c-fbb4-489e-818e-ae698f57f50b [3mplatform[0m[2m=[0mKalshi [3mbid[0m[2m=[0m0.6500 [3mask[0m[2m=[0m0.6700 [3mmid[0m[2m=[0m0.6600 [3mbid_size[0m[2m=[0m49.28 [3mask_size[0m[2m=[0m220.00
[2m2026-04-12T20:33:38.372327Z[0m [34mDEBUG[0m [2mmercury::engine::spread[0m[2m:[0m Evaluated spread direction 2 [3mmarket_id[0m[2m=[0m631deb8c-fbb4-489e-818e-ae698f57f50b [3mdirection[0m[2m=[0m"NO-A/YES-B" [3mraw_spread[0m[2m=[0m0.0100 [3mbid_a[0m[2m=[0m0.68 [3mask_b[0m[2m=[0m0.6700
[2m2026-04-12T20:33:38.372467Z[0m [34mDEBUG[0m [2mmercury::engine::market_actor[0m[2m:[0m Tick received — running arb detection [3mmarket_id[0m[2m=[0m631deb8c-fbb4-489e-818e-ae698f57f50b [3mplatform[0m[2m=[0mKalshi [3mbid[0m[2m=[0m0.6500 [3mask[0m[2m=[0m0.6700 [3mmid[0m[2m=[0m0.6600 [3mbid_size[0m[2m=[0m49.28 [3mask_size[0m[2m=[0m220.00
[2m2026-04-12T20:33:38.372605Z[0m [34mDEBUG[0m [2mmercury::engine::spread[0m[2m:[0m Evaluated spread direction 2 [3mmarket_id[0m[2m=[0m631deb8c-fbb4-489e-818e-ae698f57f50b [3mdirection[0m[2m=[0m"NO-A/YES-B" [3mraw_spread[0m[2m=[0m0.0100 [3mbid_a[0m[2m=[0m0.68 [3mask_b[0m[2m=[0m0.6700
[2m2026-04-12T20:33:38.372740Z[0m [34mDEBUG[0m [2mmercury::engine::market_actor[0m[2m:[0m Tick received — running arb detection [3mmarket_id[0m[2m=[0m631deb8c-fbb4-489e-818e-ae698f57f50b [3mplatform[0m[2m=[0mKalshi [3mbid[0m[2m=[0m0.6500 [3mask[0m[2m=[0m0.6700 [3mmid[0m[2m=[0m0.6600 [3mbid_size[0m[2m=[0m49.28 [3mask_size[0m[2m=[0m220.00
[2m2026-04-12T20:33:38.372878Z[0m [34mDEBUG[0m [2mmercury::engine::spread[0m[2m:[0m Evaluated spread direction 2 [3mmarket_id[0m[2m=[0m631deb8c-fbb4-489e-818e-ae698f57f50b [3mdirection[0m[2m=[0m"NO-A/YES-B" [3mraw_spread[0m[2m=[0m0.0100 [3mbid_a[0m[2m=[0m0.68 [3mask_b[0m[2m=[0m0.6700
[2m2026-04-12T20:33:38.378640Z[0m [33m WARN[0m [2mmercury::feeds::kalshi[0m[2m:[0m Kalshi sequence gap for KXETH15M-26APR121645-45: expected 275, got 284. Book may be out of sync.
[2m2026-04-12T20:33:38.378895Z[0m [34mDEBUG[0m [2mmercury::engine::market_actor[0m[2m:[0m Tick received — running arb detection [3mmarket_id[0m[2m=[0m9046452d-bcb3-4bb8-8925-8924b7439992 [3mplatform[0m[2m=[0mKalshi [3mbid[0m[2m=[0m0.5400 [3mask[0m[2m=[0m0.5700 [3mmid[0m[2m=[0m0.5550 [3mbid_size[0m[2m=[0m24.49 [3mask_size[0m[2m=[0m2.00
[2m2026-04-12T20:33:38.379049Z[0m [34mDEBUG[0m [2mmercury::engine::spread[0m[2m:[0m Evaluated spread direction 2 [3mmarket_id[0m[2m=[0m9046452d-bcb3-4bb8-8925-8924b7439992 [3mdirection[0m[2m=[0m"NO-A/YES-B" [3mraw_spread[0m[2m=[0m-0.0100 [3mbid_a[0m[2m=[0m0.56 [3mask_b[0m[2m=[0m0.5700
[2m2026-04-12T20:33:38.379164Z[0m [34mDEBUG[0m [2mmercury::engine::market_actor[0m[2m:[0m Tick received — running arb detection [3mmarket_id[0m[2m=[0m9046452d-bcb3-4bb8-8925-8924b7439992 [3mplatform[0m[2m=[0mKalshi [3mbid[0m[2m=[0m0.5400 [3mask[0m[2m=[0m0.5700 [3mmid[0m[2m=[0m0.5550 [3mbid_size[0m[2m=[0m24.49 [3mask_size[0m[2m=[0m2.00
[2m2026-04-12T20:33:38.379274Z[0m [34mDEBUG[0m [2mmercury::engine::spread[0m[2m:[0m Evaluated spread direction 2 [3mmarket_id[0m[2m=[0m9046452d-bcb3-4bb8-8925-8924b7439992 [3mdirection[0m[2m=[0m"NO-A/YES-B" [3mraw_spread[0m[2m=[0m-0.0100 [3mbid_a[0m[2m=[0m0.56 [3mask_b[0m[2m=[0m0.5700
[2m2026-04-12T20:33:38.379372Z[0m [34mDEBUG[0m [2mmercury::engine::market_actor[0m[2m:[0m Tick received — running arb detection [3mmarket_id[0m[2m=[0m9046452d-bcb3-4bb8-8925-8924b7439992 [3mplatform[0m[2m=[0mKalshi [3mbid[0m[2m=[0m0.5400 [3mask[0m[2m=[0m0.5700 [3mmid[0m[2m=[0m0.5550 [3mbid_size[0m[2m=[0m24.49 [3mask_size[0m[2m=[0m12.00
[2m2026-04-12T20:33:38.379479Z[0m [34mDEBUG[0m [2mmercury::engine::spread[0m[2m:[0m Evaluated spread direction 2 [3mmarket_id[0m[2m=[0m9046452d-bcb3-4bb8-8925-8924b7439992 [3mdirection[0m[2m=[0m"NO-A/YES-B" [3mraw_spread[0m[2m=[0m-0.0100 [3mbid_a[0m[2m=[0m0.56 [3mask_b[0m[2m=[0m0.5700
[2m2026-04-12T20:33:38.379680Z[0m [33m WARN[0m [2mmercury::feeds::kalshi[0m[2m:[0m Kalshi sequence gap for KXBTC15M-26APR121645-45: expected 284, got 287. Book may be out of sync.
[2m2026-04-12T20:33:38.379846Z[0m [34mDEBUG[0m [2mmercury::engine::market_actor[0m[2m:[0m Tick received — running arb detection [3mmarket_id[0m[2m=[0m631deb8c-fbb4-489e-818e-ae698f57f50b [3mplatform[0m[2m=[0mKalshi [3mbid[0m[2m=[0m0.6500 [3mask[0m[2m=[0m0.6700 [3mmid[0m[2m=[0m0.6600 [3mbid_size[0m[2m=[0m49.28 [3mask_size[0m[2m=[0m221.25
[2m2026-04-12T20:33:38.379976Z[0m [34mDEBUG[0m [2mmercury::engine::spread[0m[2m:[0m Evaluated spread direction 2 [3mmarket_id[0m[2m=[0m631deb8c-fbb4-489e-818e-ae698f57f50b [3mdirection[0m[2m=[0m"NO-A/YES-B" [3mraw_spread[0m[2m=[0m0.0100 [3mbid_a[0m[2m=[0m0.68 [3mask_b[0m[2m=[0m0.6700
[2m2026-04-12T20:33:38.424323Z[0m [34mDEBUG[0m [2mmercury::engine::market_actor[0m[2m:[0m Tick received — running arb detection [3mmarket_id[0m[2m=[0m9046452d-bcb3-4bb8-8925-8924b7439992 [3mplatform[0m[2m=[0mPolymarket [3mbid[0m[2m=[0m0.56 [3mask[0m[2m=[0m0.57 [3mmid[0m[2m=[0m0.5650 [3mbid_size[0m[2m=[0m166.6 [3mask_size[0m[2m=[0m9.83
[2m2026-04-12T20:33:38.424338Z[0m [34mDEBUG[0m [2mmercury::engine::market_actor[0m[2m:[0m Tick received — running arb detection [3mmarket_id[0m[2m=[0m631deb8c-fbb4-489e-818e-ae698f57f50b [3mplatform[0m[2m=[0mKalshi [3mbid[0m[2m=[0m0.6500 [3mask[0m[2m=[0m0.6700 [3mmid[0m[2m=[0m0.6600 [3mbid_size[0m[2m=[0m49.28 [3mask_size[0m[2m=[0m221.25
[2m2026-04-12T20:33:38.424601Z[0m [34mDEBUG[0m [2mmercury::engine::spread[0m[2m:[0m Evaluated spread direction 2 [3mmarket_id[0m[2m=[0m9046452d-bcb3-4bb8-8925-8924b7439992 [3mdirection[0m[2m=[0m"NO-A/YES-B" [3mraw_spread[0m[2m=[0m-0.0100 [3mbid_a[0m[2m=[0m0.56 [3mask_b[0m[2m=[0m0.5700
[2m2026-04-12T20:33:38.424781Z[0m [34mDEBUG[0m [2mmercury::engine::market_actor[0m[2m:[0m Tick received — running arb detection [3mmarket_id[0m[2m=[0m9046452d-bcb3-4bb8-8925-8924b7439992 [3mplatform[0m[2m=[0mPolymarket [3mbid[0m[2m=[0m0.56 [3mask[0m[2m=[0m0.57 [3mmid[0m[2m=[0m0.5650 [3mbid_size[0m[2m=[0m166.6 [3mask_size[0m[2m=[0m9.83
[2m2026-04-12T20:33:38.424841Z[0m [34mDEBUG[0m [2mmercury::engine::spread[0m[2m:[0m Evaluated spread direction 2 [3mmarket_id[0m[2m=[0m631deb8c-fbb4-489e-818e-ae698f57f50b [3mdirection[0m[2m=[0m"NO-A/YES-B" [3mraw_spread[0m[2m=[0m0.0100 [3mbid_a[0m[2m=[0m0.68 [3mask_b[0m[2m=[0m0.6700
[2m2026-04-12T20:33:38.425060Z[0m [34mDEBUG[0m [2mmercury::engine::spread[0m[2m:[0m Evaluated spread direction 2 [3mmarket_id[0m[2m=[0m9046452d-bcb3-4bb8-8925-8924b7439992 [3mdirection[0m[2m=[0m"NO-A/YES-B" [3mraw_spread[0m[2m=[0m-0.0100 [3mbid_a[0m[2m=[0m0.56 [3mask_b[0m[2m=[0m0.5700
[2m2026-04-12T20:33:38.425053Z[0m [34mDEBUG[0m [2mmercury::engine::market_actor[0m[2m:[0m Tick received — running arb detection [3mmarket_id[0m[2m=[0m631deb8c-fbb4-489e-818e-ae698f57f50b [3mplatform[0m[2m=[0mKalshi [3mbid[0m[2m=[0m0.6500 [3mask[0m[2m=[0m0.6700 [3mmid[0m[2m=[0m0.6600 [3mbid_size[0m[2m=[0m49.28 [3mask_size[0m[2m=[0m221.25
[2m2026-04-12T20:33:38.425317Z[0m [34mDEBUG[0m [2mmercury::engine::spread[0m[2m:[0m Evaluated spread direction 2 [3mmarket_id[0m[2m=[0m631deb8c-fbb4-489e-818e-ae698f57f50b [3mdirection[0m[2m=[0m"NO-A/YES-B" [3mraw_spread[0m[2m=[0m0.0100 [3mbid_a[0m[2m=[0m0.68 [3mask_b[0m[2m=[0m0.6700
[2m2026-04-12T20:33:38.425510Z[0m [34mDEBUG[0m [2mmercury::engine::market_actor[0m[2m:[0m Tick received — running arb detection [3mmarket_id[0m[2m=[0m631deb8c-fbb4-489e-818e-ae698f57f50b [3mplatform[0m[2m=[0mKalshi [3mbid[0m[2m=[0m0.6500 [3mask[0m[2m=[0m0.6700 [3mmid[0m[2m=[0m0.6600 [3mbid_size[0m[2m=[0m49.28 [3mask_size[0m[2m=[0m221.25
[2m2026-04-12T20:33:38.425692Z[0m [34mDEBUG[0m [2mmercury::engine::spread[0m[2m:[0m Evaluated spread direction 2 [3mmarket_id[0m[2m=[0m631deb8c-fbb4-489e-818e-ae698f57f50b [3mdirection[0m[2m=[0m"NO-A/YES-B" [3mraw_spread[0m[2m=[0m0.0100 [3mbid_a[0m[2m=[0m0.68 [3mask_b[0m[2m=[0m0.6700
[2m2026-04-12T20:33:38.425845Z[0m [34mDEBUG[0m [2mmercury::engine::market_actor[0m[2m:[0m Tick received — running arb detection [3mmarket_id[0m[2m=[0m631deb8c-fbb4-489e-818e-ae698f57f50b [3mplatform[0m[2m=[0mKalshi [3mbid[0m[2m=[0m0.6500 [3mask[0m[2m=[0m0.6700 [3mmid[0m[2m=[0m0.6600 [3mbid_size[0m[2m=[0m49.28 [3mask_size[0m[2m=[0m221.25
[2m2026-04-12T20:33:38.425986Z[0m [34mDEBUG[0m [2mmercury::engine::spread[0m[2m:[0m Evaluated spread direction 2 [3mmarket_id[0m[2m=[0m631deb8c-fbb4-489e-818e-ae698f57f50b [3mdirection[0m[2m=[0m"NO-A/YES-B" [3mraw_spread[0m[2m=[0m0.0100 [3mbid_a[0m[2m=[0m0.68 [3mask_b[0m[2m=[0m0.6700
[2m2026-04-12T20:33:38.426120Z[0m [34mDEBUG[0m [2mmercury::engine::market_actor[0m[2m:[0m Tick received — running arb detection [3mmarket_id[0m[2m=[0m631deb8c-fbb4-489e-818e-ae698f57f50b [3mplatform[0m[2m=[0mKalshi [3mbid[0m[2m=[0m0.6500 [3mask[0m[2m=[0m0.6700 [3mmid[0m[2m=[0m0.6600 [3mbid_size[0m[2m=[0m49.28 [3mask_size[0m[2m=[0m221.25
[2m2026-04-12T20:33:38.426259Z[0m [34mDEBUG[0m [2mmercury::engine::spread[0m[2m:[0m Evaluated spread direction 2 [3mmarket_id[0m[2m=[0m631deb8c-fbb4-489e-818e-ae698f57f50b [3mdirection[0m[2m=[0m"NO-A/YES-B" [3mraw_spread[0m[2m=[0m0.0100 [3mbid_a[0m[2m=[0m0.68 [3mask_b[0m[2m=[0m0.6700
[2m2026-04-12T20:33:38.426386Z[0m [34mDEBUG[0m [2mmercury::engine::market_actor[0m[2m:[0m Tick received — running arb detection [3mmarket_id[0m[2m=[0m631deb8c-fbb4-489e-818e-ae698f57f50b [3mplatform[0m[2m=[0mKalshi [3mbid[0m[2m=[0m0.6500 [3mask[0m[2m=[0m0.6700 [3mmid[0m[2m=[0m0.6600 [3mbid_size[0m[2m=[0m49.28 [3mask_size[0m[2m=[0m221.25
[2m2026-04-12T20:33:38.426530Z[0m [34mDEBUG[0m [2mmercury::engine::spread[0m[2m:[0m Evaluated spread direction 2 [3mmarket_id[0m[2m=[0m631deb8c-fbb4-489e-818e-ae698f57f50b [3mdirection[0m[2m=[0m"NO-A/YES-B" [3mraw_spread[0m[2m=[0m0.0100 [3mbid_a[0m[2m=[0m0.68 [3mask_b[0m[2m=[0m0.6700
[2m2026-04-12T20:33:38.426664Z[0m [34mDEBUG[0m [2mmercury::engine::market_actor[0m[2m:[0m Tick received — running arb detection [3mmarket_id[0m[2m=[0m631deb8c-fbb4-489e-818e-ae698f57f50b [3mplatform[0m[2m=[0mKalshi [3mbid[0m[2m=[0m0.6500 [3mask[0m[2m=[0m0.6700 [3mmid[0m[2m=[0m0.6600 [3mbid_size[0m[2m=[0m49.28 [3mask_size[0m[2m=[0m221.25
[2m2026-04-12T20:33:38.426802Z[0m [34mDEBUG[0m [2mmercury::engine::spread[0m[2m:[0m Evaluated spread direction 2 [3mmarket_id[0m[2m=[0m631deb8c-fbb4-489e-818e-ae698f57f50b [3mdirection[0m[2m=[0m"NO-A/YES-B" [3mraw_spread[0m[2m=[0m0.0100 [3mbid_a[0m[2m=[0m0.68 [3mask_b[0m[2m=[0m0.6700
[2m2026-04-12T20:33:38.426937Z[0m [34mDEBUG[0m [2mmercury::engine::market_actor[0m[2m:[0m Tick received — running arb detection [3mmarket_id[0m[2m=[0m631deb8c-fbb4-489e-818e-ae698f57f50b [3mplatform[0m[2m=[0mKalshi [3mbid[0m[2m=[0m0.6500 [3mask[0m[2m=[0m0.6700 [3mmid[0m[2m=[0m0.6600 [3mbid_size[0m[2m=[0m49.28 [3mask_size[0m[2m=[0m221.25
[2m2026-04-12T20:33:38.427073Z[0m [34mDEBUG[0m [2mmercury::engine::spread[0m[2m:[0m Evaluated spread direction 2 [3mmarket_id[0m[2m=[0m631deb8c-fbb4-489e-818e-ae698f57f50b [3mdirection[0m[2m=[0m"NO-A/YES-B" [3mraw_spread[0m[2m=[0m0.0100 [3mbid_a[0m[2m=[0m0.68 [3mask_b[0m[2m=[0m0.6700
[2m2026-04-12T20:33:38.427207Z[0m [34mDEBUG[0m [2mmercury::engine::market_actor[0m[2m:[0m Tick received — running arb detection [3mmarket_id[0m[2m=[0m631deb8c-fbb4-489e-818e-ae698f57f50b [3mplatform[0m[2m=[0mKalshi [3mbid[0m[2m=[0m0.6500 [3mask[0m[2m=[0m0.6700 [3mmid[0m[2m=[0m0.6600 [3mbid_size[0m[2m=[0m49.28 [3mask_size[0m[2m=[0m221.25
[2m2026-04-12T20:33:38.427345Z[0m [34mDEBUG[0m [2mmercury::engine::spread[0m[2m:[0m Evaluated spread direction 2 [3mmarket_id[0m[2m=[0m631deb8c-fbb4-489e-818e-ae698f57f50b [3mdirection[0m[2m=[0m"NO-A/YES-B" [3mraw_spread[0m[2m=[0m0.0100 [3mbid_a[0m[2m=[0m0.68 [3mask_b[0m[2m=[0m0.6700
[2m2026-04-12T20:33:38.428595Z[0m [34mDEBUG[0m [2mmercury::engine::market_actor[0m[2m:[0m Tick received — running arb detection [3mmarket_id[0m[2m=[0m631deb8c-fbb4-489e-818e-ae698f57f50b [3mplatform[0m[2m=[0mKalshi [3mbid[0m[2m=[0m0.6500 [3mask[0m[2m=[0m0.6700 [3mmid[0m[2m=[0m0.6600 [3mbid_size[0m[2m=[0m129.28 [3mask_size[0m[2m=[0m221.25
[2m2026-04-12T20:33:38.428758Z[0m [34mDEBUG[0m [2mmercury::engine::spread[0m[2m:[0m Evaluated spread direction 2 [3mmarket_id[0m[2m=[0m631deb8c-fbb4-489e-818e-ae698f57f50b [3mdirection[0m[2m=[0m"NO-A/YES-B" [3mraw_spread[0m[2m=[0m0.0100 [3mbid_a[0m[2m=[0m0.68 [3mask_b[0m[2m=[0m0.6700
[2m2026-04-12T20:33:38.430635Z[0m [34mDEBUG[0m [2mmercury::engine::market_actor[0m[2m:[0m Tick received — running arb detection [3mmarket_id[0m[2m=[0m631deb8c-fbb4-489e-818e-ae698f57f50b [3mplatform[0m[2m=[0mKalshi [3mbid[0m[2m=[0m0.6500 [3mask[0m[2m=[0m0.6700 [3mmid[0m[2m=[0m0.6600 [3mbid_size[0m[2m=[0m129.28 [3mask_size[0m[2m=[0m221.25
[2m2026-04-12T20:33:38.430782Z[0m [34mDEBUG[0m [2mmercury::engine::spread[0m[2m:[0m Evaluated spread direction 2 [3mmarket_id[0m[2m=[0m631deb8c-fbb4-489e-818e-ae698f57f50b [3mdirection[0m[2m=[0m"NO-A/YES-B" [3mraw_spread[0m[2m=[0m0.0100 [3mbid_a[0m[2m=[0m0.68 [3mask_b[0m[2m=[0m0.6700
[2m2026-04-12T20:33:38.470532Z[0m [33m WARN[0m [2mmercury::feeds::kalshi[0m[2m:[0m Kalshi sequence gap for KXETH15M-26APR121645-45: expected 287, got 301. Book may be out of sync.
[2m2026-04-12T20:33:38.470582Z[0m [34mDEBUG[0m [2mmercury::engine::market_actor[0m[2m:[0m Tick received — running arb detection [3mmarket_id[0m[2m=[0m631deb8c-fbb4-489e-818e-ae698f57f50b [3mplatform[0m[2m=[0mKalshi [3mbid[0m[2m=[0m0.6500 [3mask[0m[2m=[0m0.6700 [3mmid[0m[2m=[0m0.6600 [3mbid_size[0m[2m=[0m92.94 [3mask_size[0m[2m=[0m221.25
[2m2026-04-12T20:33:38.470698Z[0m [34mDEBUG[0m [2mmercury::engine::spread[0m[2m:[0m Evaluated spread direction 2 [3mmarket_id[0m[2m=[0m631deb8c-fbb4-489e-818e-ae698f57f50b [3mdirection[0m[2m=[0m"NO-A/YES-B" [3mraw_spread[0m[2m=[0m0.0100 [3mbid_a[0m[2m=[0m0.68 [3mask_b[0m[2m=[0m0.6700
[2m2026-04-12T20:33:38.470742Z[0m [34mDEBUG[0m [2mmercury::engine::market_actor[0m[2m:[0m Tick received — running arb detection [3mmarket_id[0m[2m=[0m9046452d-bcb3-4bb8-8925-8924b7439992 [3mplatform[0m[2m=[0mKalshi [3mbid[0m[2m=[0m0.5400 [3mask[0m[2m=[0m0.5700 [3mmid[0m[2m=[0m0.5550 [3mbid_size[0m[2m=[0m24.49 [3mask_size[0m[2m=[0m2.00
[2m2026-04-12T20:33:38.470787Z[0m [34mDEBUG[0m [2mmercury::engine::market_actor[0m[2m:[0m Tick received — running arb detection [3mmarket_id[0m[2m=[0m2b958b37-9921-40b8-b22d-64a67138ae70 [3mplatform[0m[2m=[0mPolymarket [3mbid[0m[2m=[0m0.64 [3mask[0m[2m=[0m0.66 [3mmid[0m[2m=[0m0.65 [3mbid_size[0m[2m=[0m3.69 [3mask_size[0m[2m=[0m105
[2m2026-04-12T20:33:38.470797Z[0m [34mDEBUG[0m [2mmercury::engine::market_actor[0m[2m:[0m Tick received — running arb detection [3mmarket_id[0m[2m=[0m631deb8c-fbb4-489e-818e-ae698f57f50b [3mplatform[0m[2m=[0mKalshi [3mbid[0m[2m=[0m0.6500 [3mask[0m[2m=[0m0.6700 [3mmid[0m[2m=[0m0.6600 [3mbid_size[0m[2m=[0m92.94 [3mask_size[0m[2m=[0m221.25
[2m2026-04-12T20:33:38.470843Z[0m [34mDEBUG[0m [2mmercury::engine::spread[0m[2m:[0m Evaluated spread direction 2 [3mmarket_id[0m[2m=[0m9046452d-bcb3-4bb8-8925-8924b7439992 [3mdirection[0m[2m=[0m"NO-A/YES-B" [3mraw_spread[0m[2m=[0m-0.0100 [3mbid_a[0m[2m=[0m0.56 [3mask_b[0m[2m=[0m0.5700
[2m2026-04-12T20:33:38.470923Z[0m [34mDEBUG[0m [2mmercury::engine::market_actor[0m[2m:[0m Tick received — running arb detection [3mmarket_id[0m[2m=[0m9046452d-bcb3-4bb8-8925-8924b7439992 [3mplatform[0m[2m=[0mKalshi [3mbid[0m[2m=[0m0.5400 [3mask[0m[2m=[0m0.5700 [3mmid[0m[2m=[0m0.5550 [3mbid_size[0m[2m=[0m24.49 [3mask_size[0m[2m=[0m2.00
[2m2026-04-12T20:33:38.470971Z[0m [34mDEBUG[0m [2mmercury::engine::spread[0m[2m:[0m Evaluated spread direction 2 [3mmarket_id[0m[2m=[0m631deb8c-fbb4-489e-818e-ae698f57f50b [3mdirection[0m[2m=[0m"NO-A/YES-B" [3mraw_spread[0m[2m=[0m0.0100 [3mbid_a[0m[2m=[0m0.68 [3mask_b[0m[2m=[0m0.6700
[2m2026-04-12T20:33:38.471022Z[0m [34mDEBUG[0m [2mmercury::feeds::polymarket[0m[2m:[0m Unknown Polymarket event type [3mevent_type[0m[2m=[0mbest_bid_ask
[2m2026-04-12T20:33:38.471057Z[0m [33m WARN[0m [2mmercury::feeds::kalshi[0m[2m:[0m Kalshi sequence gap for KXBTC15M-26APR121645-45: expected 301, got 305. Book may be out of sync.
[2m2026-04-12T20:33:38.471101Z[0m [34mDEBUG[0m [2mmercury::engine::spread[0m[2m:[0m Evaluated spread direction 2 [3mmarket_id[0m[2m=[0m9046452d-bcb3-4bb8-8925-8924b7439992 [3mdirection[0m[2m=[0m"NO-A/YES-B" [3mraw_spread[0m[2m=[0m-0.0100 [3mbid_a[0m[2m=[0m0.56 [3mask_b[0m[2m=[0m0.5700
[2m2026-04-12T20:33:38.471181Z[0m [34mDEBUG[0m [2mmercury::engine::market_actor[0m[2m:[0m Tick received — running arb detection [3mmarket_id[0m[2m=[0m9046452d-bcb3-4bb8-8925-8924b7439992 [3mplatform[0m[2m=[0mKalshi [3mbid[0m[2m=[0m0.5400 [3mask[0m[2m=[0m0.5700 [3mmid[0m[2m=[0m0.5550 [3mbid_size[0m[2m=[0m24.49 [3mask_size[0m[2m=[0m2.00
[2m2026-04-12T20:33:38.471223Z[0m [34mDEBUG[0m [2mmercury::engine::market_actor[0m[2m:[0m Tick received — running arb detection [3mmarket_id[0m[2m=[0m631deb8c-fbb4-489e-818e-ae698f57f50b [3mplatform[0m[2m=[0mKalshi [3mbid[0m[2m=[0m0.6500 [3mask[0m[2m=[0m0.6700 [3mmid[0m[2m=[0m0.6600 [3mbid_size[0m[2m=[0m92.94 [3mask_size[0m[2m=[0m221.25
[2m2026-04-12T20:33:38.471267Z[0m [34mDEBUG[0m [2mmercury::engine::spread[0m[2m:[0m Evaluated spread direction 2 [3mmarket_id[0m[2m=[0m9046452d-bcb3-4bb8-8925-8924b7439992 [3mdirection[0m[2m=[0m"NO-A/YES-B" [3mraw_spread[0m[2m=[0m-0.0100 [3mbid_a[0m[2m=[0m0.56 [3mask_b[0m[2m=[0m0.5700
[2m2026-04-12T20:33:38.471304Z[0m [33m WARN[0m [2mmercury::feeds::kalshi[0m[2m:[0m Kalshi sequence gap for KXETH15M-26APR121645-45: expected 305, got 309. Book may be out of sync.
[2m2026-04-12T20:33:38.471343Z[0m [34mDEBUG[0m [2mmercury::engine::market_actor[0m[2m:[0m Tick received — running arb detection [3mmarket_id[0m[2m=[0m9046452d-bcb3-4bb8-8925-8924b7439992 [3mplatform[0m[2m=[0mKalshi [3mbid[0m[2m=[0m0.5400 [3mask[0m[2m=[0m0.5700 [3mmid[0m[2m=[0m0.5550 [3mbid_size[0m[2m=[0m34.49 [3mask_size[0m[2m=[0m2.00
[2m2026-04-12T20:33:38.471353Z[0m [34mDEBUG[0m [2mmercury::engine::spread[0m[2m:[0m Evaluated spread direction 2 [3mmarket_id[0m[2m=[0m631deb8c-fbb4-489e-818e-ae698f57f50b [3mdirection[0m[2m=[0m"NO-A/YES-B" [3mraw_spread[0m[2m=[0m0.0100 [3mbid_a[0m[2m=[0m0.68 [3mask_b[0m[2m=[0m0.6700
[2m2026-04-12T20:33:38.471453Z[0m [34mDEBUG[0m [2mmercury::engine::market_actor[0m[2m:[0m Tick received — running arb detection [3mmarket_id[0m[2m=[0m631deb8c-fbb4-489e-818e-ae698f57f50b [3mplatform[0m[2m=[0mKalshi [3mbid[0m[2m=[0m0.6500 [3mask[0m[2m=[0m0.6700 [3mmid[0m[2m=[0m0.6600 [3mbid_size[0m[2m=[0m92.94 [3mask_size[0m[2m=[0m221.25
[2m2026-04-12T20:33:38.471466Z[0m [34mDEBUG[0m [2mmercury::engine::spread[0m[2m:[0m Evaluated spread direction 2 [3mmarket_id[0m[2m=[0m9046452d-bcb3-4bb8-8925-8924b7439992 [3mdirection[0m[2m=[0m"NO-A/YES-B" [3mraw_spread[0m[2m=[0m-0.0100 [3mbid_a[0m[2m=[0m0.56 [3mask_b[0m[2m=[0m0.5700
[2m2026-04-12T20:33:38.471559Z[0m [34mDEBUG[0m [2mmercury::engine::market_actor[0m[2m:[0m Tick received — running arb detection [3mmarket_id[0m[2m=[0m9046452d-bcb3-4bb8-8925-8924b7439992 [3mplatform[0m[2m=[0mPolymarket [3mbid[0m[2m=[0m0.56 [3mask[0m[2m=[0m0.58 [3mmid[0m[2m=[0m0.57 [3mbid_size[0m[2m=[0m166.6 [3mask_size[0m[2m=[0m10.11
[2m2026-04-12T20:33:38.471563Z[0m [34mDEBUG[0m [2mmercury::engine::spread[0m[2m:[0m Evaluated spread direction 2 [3mmarket_id[0m[2m=[0m631deb8c-fbb4-489e-818e-ae698f57f50b [3mdirection[0m[2m=[0m"NO-A/YES-B" [3mraw_spread[0m[2m=[0m0.0100 [3mbid_a[0m[2m=[0m0.68 [3mask_b[0m[2m=[0m0.6700
[2m2026-04-12T20:33:38.471733Z[0m [34mDEBUG[0m [2mmercury::engine::market_actor[0m[2m:[0m Tick received — running arb detection [3mmarket_id[0m[2m=[0m631deb8c-fbb4-489e-818e-ae698f57f50b [3mplatform[0m[2m=[0mKalshi [3mbid[0m[2m=[0m0.6500 [3mask[0m[2m=[0m0.6700 [3mmid[0m[2m=[0m0.6600 [3mbid_size[0m[2m=[0m92.94 [3mask_size[0m[2m=[0m221.25
[2m2026-04-12T20:33:38.471772Z[0m [34mDEBUG[0m [2mmercury::engine::spread[0m[2m:[0m Evaluated spread direction 2 [3mmarket_id[0m[2m=[0m9046452d-bcb3-4bb8-8925-8924b7439992 [3mdirection[0m[2m=[0m"NO-A/YES-B" [3mraw_spread[0m[2m=[0m-0.0100 [3mbid_a[0m[2m=[0m0.56 [3mask_b[0m[2m=[0m0.5700
[2m2026-04-12T20:33:38.471870Z[0m [34mDEBUG[0m [2mmercury::engine::market_actor[0m[2m:[0m Tick received — running arb detection [3mmarket_id[0m[2m=[0m9046452d-bcb3-4bb8-8925-8924b7439992 [3mplatform[0m[2m=[0mKalshi [3mbid[0m[2m=[0m0.5500 [3mask[0m[2m=[0m0.5700 [3mmid[0m[2m=[0m0.5600 [3mbid_size[0m[2m=[0m8.37 [3mask_size[0m[2m=[0m2.00
[2m2026-04-12T20:33:38.471891Z[0m [34mDEBUG[0m [2mmercury::engine::spread[0m[2m:[0m Evaluated spread direction 2 [3mmarket_id[0m[2m=[0m631deb8c-fbb4-489e-818e-ae698f57f50b [3mdirection[0m[2m=[0m"NO-A/YES-B" [3mraw_spread[0m[2m=[0m0.0100 [3mbid_a[0m[2m=[0m0.68 [3mask_b[0m[2m=[0m0.6700
[2m2026-04-12T20:33:38.471982Z[0m [34mDEBUG[0m [2mmercury::engine::market_actor[0m[2m:[0m Tick received — running arb detection [3mmarket_id[0m[2m=[0m631deb8c-fbb4-489e-818e-ae698f57f50b [3mplatform[0m[2m=[0mKalshi [3mbid[0m[2m=[0m0.6500 [3mask[0m[2m=[0m0.6700 [3mmid[0m[2m=[0m0.6600 [3mbid_size[0m[2m=[0m92.94 [3mask_size[0m[2m=[0m221.25
[2m2026-04-12T20:33:38.471997Z[0m [34mDEBUG[0m [2mmercury::engine::spread[0m[2m:[0m Evaluated spread direction 2 [3mmarket_id[0m[2m=[0m9046452d-bcb3-4bb8-8925-8924b7439992 [3mdirection[0m[2m=[0m"NO-A/YES-B" [3mraw_spread[0m[2m=[0m-0.0100 [3mbid_a[0m[2m=[0m0.56 [3mask_b[0m[2m=[0m0.5700
[2m2026-04-12T20:33:38.472089Z[0m [34mDEBUG[0m [2mmercury::engine::market_actor[0m[2m:[0m Tick received — running arb detection [3mmarket_id[0m[2m=[0m9046452d-bcb3-4bb8-8925-8924b7439992 [3mplatform[0m[2m=[0mKalshi [3mbid[0m[2m=[0m0.5500 [3mask[0m[2m=[0m0.5700 [3mmid[0m[2m=[0m0.5600 [3mbid_size[0m[2m=[0m8.37 [3mask_size[0m[2m=[0m2.00
[2m2026-04-12T20:33:38.472110Z[0m [34mDEBUG[0m [2mmercury::engine::spread[0m[2m:[0m Evaluated spread direction 2 [3mmarket_id[0m[2m=[0m631deb8c-fbb4-489e-818e-ae698f57f50b [3mdirection[0m[2m=[0m"NO-A/YES-B" [3mraw_spread[0m[2m=[0m0.0100 [3mbid_a[0m[2m=[0m0.68 [3mask_b[0m[2m=[0m0.6700
[2m2026-04-12T20:33:38.472218Z[0m [34mDEBUG[0m [2mmercury::engine::spread[0m[2m:[0m Evaluated spread direction 2 [3mmarket_id[0m[2m=[0m9046452d-bcb3-4bb8-8925-8924b7439992 [3mdirection[0m[2m=[0m"NO-A/YES-B" [3mraw_spread[0m[2m=[0m-0.0100 [3mbid_a[0m[2m=[0m0.56 [3mask_b[0m[2m=[0m0.5700
[2m2026-04-12T20:33:38.472301Z[0m [34mDEBUG[0m [2mmercury::engine::market_actor[0m[2m:[0m Tick received — running arb detection [3mmarket_id[0m[2m=[0m9046452d-bcb3-4bb8-8925-8924b7439992 [3mplatform[0m[2m=[0mPolymarket [3mbid[0m[2m=[0m0.56 [3mask[0m[2m=[0m0.58 [3mmid[0m[2m=[0m0.57 [3mbid_size[0m[2m=[0m166.6 [3mask_size[0m[2m=[0m10.11
[2m2026-04-12T20:33:38.472384Z[0m [34mDEBUG[0m [2mmercury::engine::spread[0m[2m:[0m Evaluated spread direction 2 [3mmarket_id[0m[2m=[0m9046452d-bcb3-4bb8-8925-8924b7439992 [3mdirection[0m[2m=[0m"NO-A/YES-B" [3mraw_spread[0m[2m=[0m-0.0100 [3mbid_a[0m[2m=[0m0.56 [3mask_b[0m[2m=[0m0.5700
[2m2026-04-12T20:33:38.476132Z[0m [34mDEBUG[0m [2mmercury::engine::market_actor[0m[2m:[0m Tick received — running arb detection [3mmarket_id[0m[2m=[0m9046452d-bcb3-4bb8-8925-8924b7439992 [3mplatform[0m[2m=[0mPolymarket [3mbid[0m[2m=[0m0.56 [3mask[0m[2m=[0m0.58 [3mmid[0m[2m=[0m0.57 [3mbid_size[0m[2m=[0m166.6 [3mask_size[0m[2m=[0m10.11
[2m2026-04-12T20:33:38.476230Z[0m [34mDEBUG[0m [2mmercury::engine::spread[0m[2m:[0m Evaluated spread direction 2 [3mmarket_id[0m[2m=[0m9046452d-bcb3-4bb8-8925-8924b7439992 [3mdirection[0m[2m=[0m"NO-A/YES-B" [3mraw_spread[0m[2m=[0m-0.0100 [3mbid_a[0m[2m=[0m0.56 [3mask_b[0m[2m=[0m0.5700
[2m2026-04-12T20:33:38.500958Z[0m [32m INFO[0m [2mmercury::feeds::discovery[0m[2m:[0m Polymarket general markets fetched [3mcount[0m[2m=[0m63
[2m2026-04-12T20:33:38.525801Z[0m [34mDEBUG[0m [2mmercury::feeds::polymarket[0m[2m:[0m Unknown Polymarket event type [3mevent_type[0m[2m=[0mbest_bid_ask
[2m2026-04-12T20:33:38.525947Z[0m [34mDEBUG[0m [2mmercury::engine::market_actor[0m[2m:[0m Tick received — running arb detection [3mmarket_id[0m[2m=[0m9046452d-bcb3-4bb8-8925-8924b7439992 [3mplatform[0m[2m=[0mPolymarket [3mbid[0m[2m=[0m0.56 [3mask[0m[2m=[0m0.58 [3mmid[0m[2m=[0m0.57 [3mbid_size[0m[2m=[0m166.6 [3mask_size[0m[2m=[0m10.11
[2m2026-04-12T20:33:38.526170Z[0m [34mDEBUG[0m [2mmercury::engine::spread[0m[2m:[0m Evaluated spread direction 2 [3mmarket_id[0m[2m=[0m9046452d-bcb3-4bb8-8925-8924b7439992 [3mdirection[0m[2m=[0m"NO-A/YES-B" [3mraw_spread[0m[2m=[0m-0.0100 [3mbid_a[0m[2m=[0m0.56 [3mask_b[0m[2m=[0m0.5700
[2m2026-04-12T20:33:38.526346Z[0m [34mDEBUG[0m [2mmercury::engine::market_actor[0m[2m:[0m Tick received — running arb detection [3mmarket_id[0m[2m=[0m9046452d-bcb3-4bb8-8925-8924b7439992 [3mplatform[0m[2m=[0mPolymarket [3mbid[0m[2m=[0m0.57 [3mask[0m[2m=[0m0.58 [3mmid[0m[2m=[0m0.5750 [3mbid_size[0m[2m=[0m12.6 [3mask_size[0m[2m=[0m10.11
[2m2026-04-12T20:33:38.526454Z[0m [33m WARN[0m [2mmercury::feeds::kalshi[0m[2m:[0m Kalshi sequence gap for KXBTC15M-26APR121645-45: expected 309, got 311. Book may be out of sync.
[2m2026-04-12T20:33:38.526522Z[0m [34mDEBUG[0m [2mmercury::engine::spread[0m[2m:[0m Evaluated spread direction 2 [3mmarket_id[0m[2m=[0m9046452d-bcb3-4bb8-8925-8924b7439992 [3mdirection[0m[2m=[0m"NO-A/YES-B" [3mraw_spread[0m[2m=[0m0.0000 [3mbid_a[0m[2m=[0m0.57 [3mask_b[0m[2m=[0m0.5700
[2m2026-04-12T20:33:38.526670Z[0m [34mDEBUG[0m [2mmercury::engine::market_actor[0m[2m:[0m Tick received — running arb detection [3mmarket_id[0m[2m=[0m631deb8c-fbb4-489e-818e-ae698f57f50b [3mplatform[0m[2m=[0mKalshi [3mbid[0m[2m=[0m0.6500 [3mask[0m[2m=[0m0.6700 [3mmid[0m[2m=[0m0.6600 [3mbid_size[0m[2m=[0m92.94 [3mask_size[0m[2m=[0m221.25
[2m2026-04-12T20:33:38.526691Z[0m [34mDEBUG[0m [2mmercury::engine::market_actor[0m[2m:[0m Tick received — running arb detection [3mmarket_id[0m[2m=[0m9046452d-bcb3-4bb8-8925-8924b7439992 [3mplatform[0m[2m=[0mPolymarket [3mbid[0m[2m=[0m0.57 [3mask[0m[2m=[0m0.58 [3mmid[0m[2m=[0m0.5750 [3mbid_size[0m[2m=[0m12.6 [3mask_size[0m[2m=[0m10.11
[2m2026-04-12T20:33:38.526896Z[0m [34mDEBUG[0m [2mmercury::engine::spread[0m[2m:[0m Evaluated spread direction 2 [3mmarket_id[0m[2m=[0m631deb8c-fbb4-489e-818e-ae698f57f50b [3mdirection[0m[2m=[0m"NO-A/YES-B" [3mraw_spread[0m[2m=[0m0.0100 [3mbid_a[0m[2m=[0m0.68 [3mask_b[0m[2m=[0m0.6700
[2m2026-04-12T20:33:38.527044Z[0m [34mDEBUG[0m [2mmercury::engine::market_actor[0m[2m:[0m Tick received — running arb detection [3mmarket_id[0m[2m=[0m631deb8c-fbb4-489e-818e-ae698f57f50b [3mplatform[0m[2m=[0mKalshi [3mbid[0m[2m=[0m0.6500 [3mask[0m[2m=[0m0.6700 [3mmid[0m[2m=[0m0.6600 [3mbid_size[0m[2m=[0m92.94 [3mask_size[0m[2m=[0m223.25
[2m2026-04-12T20:33:38.527069Z[0m [34mDEBUG[0m [2mmercury::engine::spread[0m[2m:[0m Evaluated spread direction 2 [3mmarket_id[0m[2m=[0m9046452d-bcb3-4bb8-8925-8924b7439992 [3mdirection[0m[2m=[0m"NO-A/YES-B" [3mraw_spread[0m[2m=[0m0.0000 [3mbid_a[0m[2m=[0m0.57 [3mask_b[0m[2m=[0m0.5700
[2m2026-04-12T20:33:38.527221Z[0m [34mDEBUG[0m [2mmercury::engine::market_actor[0m[2m:[0m Tick received — running arb detection [3mmarket_id[0m[2m=[0m9046452d-bcb3-4bb8-8925-8924b7439992 [3mplatform[0m[2m=[0mPolymarket [3mbid[0m[2m=[0m0.57 [3mask[0m[2m=[0m0.58 [3mmid[0m[2m=[0m0.5750 [3mbid_size[0m[2m=[0m19.8 [3mask_size[0m[2m=[0m10.11
[2m2026-04-12T20:33:38.527225Z[0m [34mDEBUG[0m [2mmercury::engine::spread[0m[2m:[0m Evaluated spread direction 2 [3mmarket_id[0m[2m=[0m631deb8c-fbb4-489e-818e-ae698f57f50b [3mdirection[0m[2m=[0m"NO-A/YES-B" [3mraw_spread[0m[2m=[0m0.0100 [3mbid_a[0m[2m=[0m0.68 [3mask_b[0m[2m=[0m0.6700
[2m2026-04-12T20:33:38.527441Z[0m [34mDEBUG[0m [2mmercury::engine::spread[0m[2m:[0m Evaluated spread direction 2 [3mmarket_id[0m[2m=[0m9046452d-bcb3-4bb8-8925-8924b7439992 [3mdirection[0m[2m=[0m"NO-A/YES-B" [3mraw_spread[0m[2m=[0m0.0000 [3mbid_a[0m[2m=[0m0.57 [3mask_b[0m[2m=[0m0.5700
[2m2026-04-12T20:33:38.527439Z[0m [34mDEBUG[0m [2mmercury::engine::market_actor[0m[2m:[0m Tick received — running arb detection [3mmarket_id[0m[2m=[0m631deb8c-fbb4-489e-818e-ae698f57f50b [3mplatform[0m[2m=[0mPolymarket [3mbid[0m[2m=[0m0.68 [3mask[0m[2m=[0m0.69 [3mmid[0m[2m=[0m0.6850 [3mbid_size[0m[2m=[0m192.7 [3mask_size[0m[2m=[0m47.85
[2m2026-04-12T20:33:38.527583Z[0m [34mDEBUG[0m [2mmercury::engine::market_actor[0m[2m:[0m Tick received — running arb detection [3mmarket_id[0m[2m=[0m9046452d-bcb3-4bb8-8925-8924b7439992 [3mplatform[0m[2m=[0mPolymarket [3mbid[0m[2m=[0m0.57 [3mask[0m[2m=[0m0.58 [3mmid[0m[2m=[0m0.5750 [3mbid_size[0m[2m=[0m37.8 [3mask_size[0m[2m=[0m10.11
[2m2026-04-12T20:33:38.527630Z[0m [34mDEBUG[0m [2mmercury::engine::spread[0m[2m:[0m Evaluated spread direction 2 [3mmarket_id[0m[2m=[0m631deb8c-fbb4-489e-818e-ae698f57f50b [3mdirection[0m[2m=[0m"NO-A/YES-B" [3mraw_spread[0m[2m=[0m0.0100 [3mbid_a[0m[2m=[0m0.68 [3mask_b[0m[2m=[0m0.6700
[2m2026-04-12T20:33:38.527787Z[0m [34mDEBUG[0m [2mmercury::engine::market_actor[0m[2m:[0m Tick received — running arb detection [3mmarket_id[0m[2m=[0m631deb8c-fbb4-489e-818e-ae698f57f50b [3mplatform[0m[2m=[0mKalshi [3mbid[0m[2m=[0m0.6500 [3mask[0m[2m=[0m0.6700 [3mmid[0m[2m=[0m0.6600 [3mbid_size[0m[2m=[0m92.94 [3mask_size[0m[2m=[0m234.25
[2m2026-04-12T20:33:38.527803Z[0m [34mDEBUG[0m [2mmercury::engine::spread[0m[2m:[0m Evaluated spread direction 2 [3mmarket_id[0m[2m=[0m9046452d-bcb3-4bb8-8925-8924b7439992 [3mdirection[0m[2m=[0m"NO-A/YES-B" [3mraw_spread[0m[2m=[0m0.0000 [3mbid_a[0m[2m=[0m0.57 [3mask_b[0m[2m=[0m0.5700
[2m2026-04-12T20:33:38.527992Z[0m [34mDEBUG[0m [2mmercury::engine::market_actor[0m[2m:[0m Tick received — running arb detection [3mmarket_id[0m[2m=[0m9046452d-bcb3-4bb8-8925-8924b7439992 [3mplatform[0m[2m=[0mPolymarket [3mbid[0m[2m=[0m0.57 [3mask[0m[2m=[0m0.58 [3mmid[0m[2m=[0m0.5750 [3mbid_size[0m[2m=[0m37.8 [3mask_size[0m[2m=[0m10.11
[2m2026-04-12T20:33:38.528052Z[0m [34mDEBUG[0m [2mmercury::engine::spread[0m[2m:[0m Evaluated spread direction 2 [3mmarket_id[0m[2m=[0m631deb8c-fbb4-489e-818e-ae698f57f50b [3mdirection[0m[2m=[0m"NO-A/YES-B" [3mraw_spread[0m[2m=[0m0.0100 [3mbid_a[0m[2m=[0m0.68 [3mask_b[0m[2m=[0m0.6700
[2m2026-04-12T20:33:38.528231Z[0m [34mDEBUG[0m [2mmercury::engine::spread[0m[2m:[0m Evaluated spread direction 2 [3mmarket_id[0m[2m=[0m9046452d-bcb3-4bb8-8925-8924b7439992 [3mdirection[0m[2m=[0m"NO-A/YES-B" [3mraw_spread[0m[2m=[0m0.0000 [3mbid_a[0m[2m=[0m0.57 [3mask_b[0m[2m=[0m0.5700
[2m2026-04-12T20:33:38.528224Z[0m [34mDEBUG[0m [2mmercury::engine::market_actor[0m[2m:[0m Tick received — running arb detection [3mmarket_id[0m[2m=[0m631deb8c-fbb4-489e-818e-ae698f57f50b [3mplatform[0m[2m=[0mKalshi [3mbid[0m[2m=[0m0.6500 [3mask[0m[2m=[0m0.6700 [3mmid[0m[2m=[0m0.6600 [3mbid_size[0m[2m=[0m92.94 [3mask_size[0m[2m=[0m234.25
[2m2026-04-12T20:33:38.528370Z[0m [34mDEBUG[0m [2mmercury::engine::market_actor[0m[2m:[0m Tick received — running arb detection [3mmarket_id[0m[2m=[0m9046452d-bcb3-4bb8-8925-8924b7439992 [3mplatform[0m[2m=[0mPolymarket [3mbid[0m[2m=[0m0.57 [3mask[0m[2m=[0m0.58 [3mmid[0m[2m=[0m0.5750 [3mbid_size[0m[2m=[0m137.8 [3mask_size[0m[2m=[0m10.11
[2m2026-04-12T20:33:38.528419Z[0m [34mDEBUG[0m [2mmercury::engine::spread[0m[2m:[0m Evaluated spread direction 2 [3mmarket_id[0m[2m=[0m631deb8c-fbb4-489e-818e-ae698f57f50b [3mdirection[0m[2m=[0m"NO-A/YES-B" [3mraw_spread[0m[2m=[0m0.0100 [3mbid_a[0m[2m=[0m0.68 [3mask_b[0m[2m=[0m0.6700
[2m2026-04-12T20:33:38.528576Z[0m [34mDEBUG[0m [2mmercury::engine::spread[0m[2m:[0m Evaluated spread direction 2 [3mmarket_id[0m[2m=[0m9046452d-bcb3-4bb8-8925-8924b7439992 [3mdirection[0m[2m=[0m"NO-A/YES-B" [3mraw_spread[0m[2m=[0m0.0000 [3mbid_a[0m[2m=[0m0.57 [3mask_b[0m[2m=[0m0.5700
[2m2026-04-12T20:33:38.528569Z[0m [34mDEBUG[0m [2mmercury::engine::market_actor[0m[2m:[0m Tick received — running arb detection [3mmarket_id[0m[2m=[0m631deb8c-fbb4-489e-818e-ae698f57f50b [3mplatform[0m[2m=[0mKalshi [3mbid[0m[2m=[0m0.6500 [3mask[0m[2m=[0m0.6700 [3mmid[0m[2m=[0m0.6600 [3mbid_size[0m[2m=[0m92.94 [3mask_size[0m[2m=[0m234.25
[2m2026-04-12T20:33:38.528709Z[0m [34mDEBUG[0m [2mmercury::engine::market_actor[0m[2m:[0m Tick received — running arb detection [3mmarket_id[0m[2m=[0m9046452d-bcb3-4bb8-8925-8924b7439992 [3mplatform[0m[2m=[0mPolymarket [3mbid[0m[2m=[0m0.57 [3mask[0m[2m=[0m0.58 [3mmid[0m[2m=[0m0.5750 [3mbid_size[0m[2m=[0m137.8 [3mask_size[0m[2m=[0m10.11
[2m2026-04-12T20:33:38.528804Z[0m [34mDEBUG[0m [2mmercury::engine::spread[0m[2m:[0m Evaluated spread direction 2 [3mmarket_id[0m[2m=[0m631deb8c-fbb4-489e-818e-ae698f57f50b [3mdirection[0m[2m=[0m"NO-A/YES-B" [3mraw_spread[0m[2m=[0m0.0100 [3mbid_a[0m[2m=[0m0.68 [3mask_b[0m[2m=[0m0.6700
[2m2026-04-12T20:33:38.528952Z[0m [34mDEBUG[0m [2mmercury::engine::market_actor[0m[2m:[0m Tick received — running arb detection [3mmarket_id[0m[2m=[0m631deb8c-fbb4-489e-818e-ae698f57f50b [3mplatform[0m[2m=[0mKalshi [3mbid[0m[2m=[0m0.6500 [3mask[0m[2m=[0m0.6700 [3mmid[0m[2m=[0m0.6600 [3mbid_size[0m[2m=[0m92.94 [3mask_size[0m[2m=[0m234.25
[2m2026-04-12T20:33:38.528963Z[0m [34mDEBUG[0m [2mmercury::engine::spread[0m[2m:[0m Evaluated spread direction 2 [3mmarket_id[0m[2m=[0m9046452d-bcb3-4bb8-8925-8924b7439992 [3mdirection[0m[2m=[0m"NO-A/YES-B" [3mraw_spread[0m[2m=[0m0.0000 [3mbid_a[0m[2m=[0m0.57 [3mask_b[0m[2m=[0m0.5700
[2m2026-04-12T20:33:38.529120Z[0m [34mDEBUG[0m [2mmercury::engine::market_actor[0m[2m:[0m Tick received — running arb detection [3mmarket_id[0m[2m=[0m9046452d-bcb3-4bb8-8925-8924b7439992 [3mplatform[0m[2m=[0mPolymarket [3mbid[0m[2m=[0m0.57 [3mask[0m[2m=[0m0.58 [3mmid[0m[2m=[0m0.5750 [3mbid_size[0m[2m=[0m142.8 [3mask_size[0m[2m=[0m10.11
[2m2026-04-12T20:33:38.529139Z[0m [34mDEBUG[0m [2mmercury::engine::spread[0m[2m:[0m Evaluated spread direction 2 [3mmarket_id[0m[2m=[0m631deb8c-fbb4-489e-818e-ae698f57f50b [3mdirection[0m[2m=[0m"NO-A/YES-B" [3mraw_spread[0m[2m=[0m0.0100 [3mbid_a[0m[2m=[0m0.68 [3mask_b[0m[2m=[0m0.6700
[2m2026-04-12T20:33:38.529309Z[0m [34mDEBUG[0m [2mmercury::engine::market_actor[0m[2m:[0m Tick received — running arb detection [3mmarket_id[0m[2m=[0m631deb8c-fbb4-489e-818e-ae698f57f50b [3mplatform[0m[2m=[0mPolymarket [3mbid[0m[2m=[0m0.68 [3mask[0m[2m=[0m0.69 [3mmid[0m[2m=[0m0.6850 [3mbid_size[0m[2m=[0m192.7 [3mask_size[0m[2m=[0m35.85
[2m2026-04-12T20:33:38.529316Z[0m [34mDEBUG[0m [2mmercury::engine::spread[0m[2m:[0m Evaluated spread direction 2 [3mmarket_id[0m[2m=[0m9046452d-bcb3-4bb8-8925-8924b7439992 [3mdirection[0m[2m=[0m"NO-A/YES-B" [3mraw_spread[0m[2m=[0m0.0000 [3mbid_a[0m[2m=[0m0.57 [3mask_b[0m[2m=[0m0.5700
[2m2026-04-12T20:33:38.529469Z[0m [34mDEBUG[0m [2mmercury::engine::market_actor[0m[2m:[0m Tick received — running arb detection [3mmarket_id[0m[2m=[0m9046452d-bcb3-4bb8-8925-8924b7439992 [3mplatform[0m[2m=[0mPolymarket [3mbid[0m[2m=[0m0.57 [3mask[0m[2m=[0m0.58 [3mmid[0m[2m=[0m0.5750 [3mbid_size[0m[2m=[0m147.8 [3mask_size[0m[2m=[0m10.11
[2m2026-04-12T20:33:38.529475Z[0m [34mDEBUG[0m [2mmercury::engine::spread[0m[2m:[0m Evaluated spread direction 2 [3mmarket_id[0m[2m=[0m631deb8c-fbb4-489e-818e-ae698f57f50b [3mdirection[0m[2m=[0m"NO-A/YES-B" [3mraw_spread[0m[2m=[0m0.0100 [3mbid_a[0m[2m=[0m0.68 [3mask_b[0m[2m=[0m0.6700
[2m2026-04-12T20:33:38.529717Z[0m [34mDEBUG[0m [2mmercury::engine::spread[0m[2m:[0m Evaluated spread direction 2 [3mmarket_id[0m[2m=[0m9046452d-bcb3-4bb8-8925-8924b7439992 [3mdirection[0m[2m=[0m"NO-A/YES-B" [3mraw_spread[0m[2m=[0m0.0000 [3mbid_a[0m[2m=[0m0.57 [3mask_b[0m[2m=[0m0.5700
[2m2026-04-12T20:33:38.576004Z[0m [34mDEBUG[0m [2mmercury::engine::market_actor[0m[2m:[0m Tick received — running arb detection [3mmarket_id[0m[2m=[0m9046452d-bcb3-4bb8-8925-8924b7439992 [3mplatform[0m[2m=[0mPolymarket [3mbid[0m[2m=[0m0.57 [3mask[0m[2m=[0m0.58 [3mmid[0m[2m=[0m0.5750 [3mbid_size[0m[2m=[0m147.8 [3mask_size[0m[2m=[0m10.11
[2m2026-04-12T20:33:38.576341Z[0m [34mDEBUG[0m [2mmercury::engine::spread[0m[2m:[0m Evaluated spread direction 2 [3mmarket_id[0m[2m=[0m9046452d-bcb3-4bb8-8925-8924b7439992 [3mdirection[0m[2m=[0m"NO-A/YES-B" [3mraw_spread[0m[2m=[0m0.0000 [3mbid_a[0m[2m=[0m0.57 [3mask_b[0m[2m=[0m0.5700
[2m2026-04-12T20:33:38.576524Z[0m [34mDEBUG[0m [2mmercury::engine::market_actor[0m[2m:[0m Tick received — running arb detection [3mmarket_id[0m[2m=[0m9046452d-bcb3-4bb8-8925-8924b7439992 [3mplatform[0m[2m=[0mPolymarket [3mbid[0m[2m=[0m0.57 [3mask[0m[2m=[0m0.58 [3mmid[0m[2m=[0m0.5750 [3mbid_size[0m[2m=[0m152.8 [3mask_size[0m[2m=[0m10.11
[2m2026-04-12T20:33:38.576707Z[0m [34mDEBUG[0m [2mmercury::engine::spread[0m[2m:[0m Evaluated spread direction 2 [3mmarket_id[0m[2m=[0m9046452d-bcb3-4bb8-8925-8924b7439992 [3mdirection[0m[2m=[0m"NO-A/YES-B" [3mraw_spread[0m[2m=[0m0.0000 [3mbid_a[0m[2m=[0m0.57 [3mask_b[0m[2m=[0m0.5700
[2m2026-04-12T20:33:38.577047Z[0m [34mDEBUG[0m [2mmercury::engine::market_actor[0m[2m:[0m Tick received — running arb detection [3mmarket_id[0m[2m=[0m631deb8c-fbb4-489e-818e-ae698f57f50b [3mplatform[0m[2m=[0mKalshi [3mbid[0m[2m=[0m0.6500 [3mask[0m[2m=[0m0.6700 [3mmid[0m[2m=[0m0.6600 [3mbid_size[0m[2m=[0m92.94 [3mask_size[0m[2m=[0m234.25
[2m2026-04-12T20:33:38.577253Z[0m [34mDEBUG[0m [2mmercury::engine::spread[0m[2m:[0m Evaluated spread direction 2 [3mmarket_id[0m[2m=[0m631deb8c-fbb4-489e-818e-ae698f57f50b [3mdirection[0m[2m=[0m"NO-A/YES-B" [3mraw_spread[0m[2m=[0m0.0100 [3mbid_a[0m[2m=[0m0.68 [3mask_b[0m[2m=[0m0.6700
[2m2026-04-12T20:33:38.638104Z[0m [34mDEBUG[0m [2mmercury::engine::market_actor[0m[2m:[0m Tick received — running arb detection [3mmarket_id[0m[2m=[0m631deb8c-fbb4-489e-818e-ae698f57f50b [3mplatform[0m[2m=[0mPolymarket [3mbid[0m[2m=[0m0.68 [3mask[0m[2m=[0m0.69 [3mmid[0m[2m=[0m0.6850 [3mbid_size[0m[2m=[0m192.7 [3mask_size[0m[2m=[0m35.85
[2m2026-04-12T20:33:38.638316Z[0m [34mDEBUG[0m [2mmercury::engine::spread[0m[2m:[0m Evaluated spread direction 2 [3mmarket_id[0m[2m=[0m631deb8c-fbb4-489e-818e-ae698f57f50b [3mdirection[0m[2m=[0m"NO-A/YES-B" [3mraw_spread[0m[2m=[0m0.0100 [3mbid_a[0m[2m=[0m0.68 [3mask_b[0m[2m=[0m0.6700
[2m2026-04-12T20:33:38.638465Z[0m [34mDEBUG[0m [2mmercury::engine::market_actor[0m[2m:[0m Tick received — running arb detection [3mmarket_id[0m[2m=[0m631deb8c-fbb4-489e-818e-ae698f57f50b [3mplatform[0m[2m=[0mKalshi [3mbid[0m[2m=[0m0.6500 [3mask[0m[2m=[0m0.6700 [3mmid[0m[2m=[0m0.6600 [3mbid_size[0m[2m=[0m92.94 [3mask_size[0m[2m=[0m237.25
[2m2026-04-12T20:33:38.638693Z[0m [34mDEBUG[0m [2mmercury::engine::spread[0m[2m:[0m Evaluated spread direction 2 [3mmarket_id[0m[2m=[0m631deb8c-fbb4-489e-818e-ae698f57f50b [3mdirection[0m[2m=[0m"NO-A/YES-B" [3mraw_spread[0m[2m=[0m0.0100 [3mbid_a[0m[2m=[0m0.68 [3mask_b[0m[2m=[0m0.6700
[2m2026-04-12T20:33:38.638848Z[0m [34mDEBUG[0m [2mmercury::engine::market_actor[0m[2m:[0m Tick received — running arb detection [3mmarket_id[0m[2m=[0m631deb8c-fbb4-489e-818e-ae698f57f50b [3mplatform[0m[2m=[0mKalshi [3mbid[0m[2m=[0m0.6500 [3mask[0m[2m=[0m0.6700 [3mmid[0m[2m=[0m0.6600 [3mbid_size[0m[2m=[0m95.94 [3mask_size[0m[2m=[0m237.25
[2m2026-04-12T20:33:38.638992Z[0m [34mDEBUG[0m [2mmercury::engine::spread[0m[2m:[0m Evaluated spread direction 2 [3mmarket_id[0m[2m=[0m631deb8c-fbb4-489e-818e-ae698f57f50b [3mdirection[0m[2m=[0m"NO-A/YES-B" [3mraw_spread[0m[2m=[0m0.0100 [3mbid_a[0m[2m=[0m0.68 [3mask_b[0m[2m=[0m0.6700
[2m2026-04-12T20:33:38.639137Z[0m [34mDEBUG[0m [2mmercury::engine::market_actor[0m[2m:[0m Tick received — running arb detection [3mmarket_id[0m[2m=[0m631deb8c-fbb4-489e-818e-ae698f57f50b [3mplatform[0m[2m=[0mPolymarket [3mbid[0m[2m=[0m0.68 [3mask[0m[2m=[0m0.69 [3mmid[0m[2m=[0m0.6850 [3mbid_size[0m[2m=[0m192.7 [3mask_size[0m[2m=[0m35.85
[2m2026-04-12T20:33:38.639274Z[0m [34mDEBUG[0m [2mmercury::engine::spread[0m[2m:[0m Evaluated spread direction 2 [3mmarket_id[0m[2m=[0m631deb8c-fbb4-489e-818e-ae698f57f50b [3mdirection[0m[2m=[0m"NO-A/YES-B" [3mraw_spread[0m[2m=[0m0.0100 [3mbid_a[0m[2m=[0m0.68 [3mask_b[0m[2m=[0m0.6700
[2m2026-04-12T20:33:38.641040Z[0m [34mDEBUG[0m [2mmercury::engine::market_actor[0m[2m:[0m Tick received — running arb detection [3mmarket_id[0m[2m=[0m9046452d-bcb3-4bb8-8925-8924b7439992 [3mplatform[0m[2m=[0mPolymarket [3mbid[0m[2m=[0m0.57 [3mask[0m[2m=[0m0.58 [3mmid[0m[2m=[0m0.5750 [3mbid_size[0m[2m=[0m158.1 [3mask_size[0m[2m=[0m10.11
[2m2026-04-12T20:33:38.641138Z[0m [33m WARN[0m [2mmercury::feeds::kalshi[0m[2m:[0m Kalshi sequence gap for KXETH15M-26APR121645-45: expected 311, got 320. Book may be out of sync.
[2m2026-04-12T20:33:38.641193Z[0m [34mDEBUG[0m [2mmercury::engine::spread[0m[2m:[0m Evaluated spread direction 2 [3mmarket_id[0m[2m=[0m9046452d-bcb3-4bb8-8925-8924b7439992 [3mdirection[0m[2m=[0m"NO-A/YES-B" [3mraw_spread[0m[2m=[0m0.0000 [3mbid_a[0m[2m=[0m0.57 [3mask_b[0m[2m=[0m0.5700
[2m2026-04-12T20:33:38.641305Z[0m [34mDEBUG[0m [2mmercury::engine::market_actor[0m[2m:[0m Tick received — running arb detection [3mmarket_id[0m[2m=[0m9046452d-bcb3-4bb8-8925-8924b7439992 [3mplatform[0m[2m=[0mKalshi [3mbid[0m[2m=[0m0.5500 [3mask[0m[2m=[0m0.5700 [3mmid[0m[2m=[0m0.5600 [3mbid_size[0m[2m=[0m8.37 [3mask_size[0m[2m=[0m12.00
[2m2026-04-12T20:33:38.641422Z[0m [34mDEBUG[0m [2mmercury::engine::spread[0m[2m:[0m Evaluated spread direction 2 [3mmarket_id[0m[2m=[0m9046452d-bcb3-4bb8-8925-8924b7439992 [3mdirection[0m[2m=[0m"NO-A/YES-B" [3mraw_spread[0m[2m=[0m0.0000 [3mbid_a[0m[2m=[0m0.57 [3mask_b[0m[2m=[0m0.5700
[2m2026-04-12T20:33:38.654797Z[0m [34mDEBUG[0m [2mmercury::engine::market_actor[0m[2m:[0m Tick received — running arb detection [3mmarket_id[0m[2m=[0m9046452d-bcb3-4bb8-8925-8924b7439992 [3mplatform[0m[2m=[0mKalshi [3mbid[0m[2m=[0m0.5500 [3mask[0m[2m=[0m0.5700 [3mmid[0m[2m=[0m0.5600 [3mbid_size[0m[2m=[0m9.37 [3mask_size[0m[2m=[0m12.00
[2m2026-04-12T20:33:38.655052Z[0m [34mDEBUG[0m [2mmercury::engine::spread[0m[2m:[0m Evaluated spread direction 2 [3mmarket_id[0m[2m=[0m9046452d-bcb3-4bb8-8925-8924b7439992 [3mdirection[0m[2m=[0m"NO-A/YES-B" [3mraw_spread[0m[2m=[0m0.0000 [3mbid_a[0m[2m=[0m0.57 [3mask_b[0m[2m=[0m0.5700
[2m2026-04-12T20:33:38.679778Z[0m [34mDEBUG[0m [2mmercury::engine::market_actor[0m[2m:[0m Tick received — running arb detection [3mmarket_id[0m[2m=[0m9046452d-bcb3-4bb8-8925-8924b7439992 [3mplatform[0m[2m=[0mKalshi [3mbid[0m[2m=[0m0.5500 [3mask[0m[2m=[0m0.5700 [3mmid[0m[2m=[0m0.5600 [3mbid_size[0m[2m=[0m9.37 [3mask_size[0m[2m=[0m12.00
[2m2026-04-12T20:33:38.680069Z[0m [34mDEBUG[0m [2mmercury::engine::spread[0m[2m:[0m Evaluated spread direction 2 [3mmarket_id[0m[2m=[0m9046452d-bcb3-4bb8-8925-8924b7439992 [3mdirection[0m[2m=[0m"NO-A/YES-B" [3mraw_spread[0m[2m=[0m0.0000 [3mbid_a[0m[2m=[0m0.57 [3mask_b[0m[2m=[0m0.5700
[2m2026-04-12T20:33:38.695209Z[0m [33m WARN[0m [2mmercury::feeds::kalshi[0m[2m:[0m Kalshi sequence gap for KXBTC15M-26APR121645-45: expected 320, got 323. Book may be out of sync.
[2m2026-04-12T20:33:38.695559Z[0m [34mDEBUG[0m [2mmercury::engine::market_actor[0m[2m:[0m Tick received — running arb detection [3mmarket_id[0m[2m=[0m631deb8c-fbb4-489e-818e-ae698f57f50b [3mplatform[0m[2m=[0mKalshi [3mbid[0m[2m=[0m0.6500 [3mask[0m[2m=[0m0.6700 [3mmid[0m[2m=[0m0.6600 [3mbid_size[0m[2m=[0m95.94 [3mask_size[0m[2m=[0m237.25
[2m2026-04-12T20:33:38.695712Z[0m [34mDEBUG[0m [2mmercury::engine::spread[0m[2m:[0m Evaluated spread direction 2 [3mmarket_id[0m[2m=[0m631deb8c-fbb4-489e-818e-ae698f57f50b [3mdirection[0m[2m=[0m"NO-A/YES-B" [3mraw_spread[0m[2m=[0m0.0100 [3mbid_a[0m[2m=[0m0.68 [3mask_b[0m[2m=[0m0.6700
[2m2026-04-12T20:33:38.714396Z[0m [34mDEBUG[0m [2mmercury::engine::market_actor[0m[2m:[0m Tick received — running arb detection [3mmarket_id[0m[2m=[0m9046452d-bcb3-4bb8-8925-8924b7439992 [3mplatform[0m[2m=[0mPolymarket [3mbid[0m[2m=[0m0.57 [3mask[0m[2m=[0m0.58 [3mmid[0m[2m=[0m0.5750 [3mbid_size[0m[2m=[0m158.1 [3mask_size[0m[2m=[0m10.11
[2m2026-04-12T20:33:38.714678Z[0m [34mDEBUG[0m [2mmercury::engine::spread[0m[2m:[0m Evaluated spread direction 2 [3mmarket_id[0m[2m=[0m9046452d-bcb3-4bb8-8925-8924b7439992 [3mdirection[0m[2m=[0m"NO-A/YES-B" [3mraw_spread[0m[2m=[0m0.0000 [3mbid_a[0m[2m=[0m0.57 [3mask_b[0m[2m=[0m0.5700
[2m2026-04-12T20:33:38.739306Z[0m [34mDEBUG[0m [2mmercury::engine::market_actor[0m[2m:[0m Tick received — running arb detection [3mmarket_id[0m[2m=[0m631deb8c-fbb4-489e-818e-ae698f57f50b [3mplatform[0m[2m=[0mKalshi [3mbid[0m[2m=[0m0.6500 [3mask[0m[2m=[0m0.6700 [3mmid[0m[2m=[0m0.6600 [3mbid_size[0m[2m=[0m95.94 [3mask_size[0m[2m=[0m222.67
[2m2026-04-12T20:33:38.739363Z[0m [34mDEBUG[0m [2mmercury::engine::market_actor[0m[2m:[0m Tick received — running arb detection [3mmarket_id[0m[2m=[0m9046452d-bcb3-4bb8-8925-8924b7439992 [3mplatform[0m[2m=[0mPolymarket [3mbid[0m[2m=[0m0.57 [3mask[0m[2m=[0m0.58 [3mmid[0m[2m=[0m0.5750 [3mbid_size[0m[2m=[0m158.1 [3mask_size[0m[2m=[0m10.11
[2m2026-04-12T20:33:38.739528Z[0m [34mDEBUG[0m [2mmercury::engine::spread[0m[2m:[0m Evaluated spread direction 2 [3mmarket_id[0m[2m=[0m631deb8c-fbb4-489e-818e-ae698f57f50b [3mdirection[0m[2m=[0m"NO-A/YES-B" [3mraw_spread[0m[2m=[0m0.0100 [3mbid_a[0m[2m=[0m0.68 [3mask_b[0m[2m=[0m0.6700
[2m2026-04-12T20:33:38.739712Z[0m [34mDEBUG[0m [2mmercury::engine::spread[0m[2m:[0m Evaluated spread direction 2 [3mmarket_id[0m[2m=[0m9046452d-bcb3-4bb8-8925-8924b7439992 [3mdirection[0m[2m=[0m"NO-A/YES-B" [3mraw_spread[0m[2m=[0m0.0000 [3mbid_a[0m[2m=[0m0.57 [3mask_b[0m[2m=[0m0.5700
[2m2026-04-12T20:33:38.769277Z[0m [34mDEBUG[0m [2mmercury::engine::market_actor[0m[2m:[0m Tick received — running arb detection [3mmarket_id[0m[2m=[0m9046452d-bcb3-4bb8-8925-8924b7439992 [3mplatform[0m[2m=[0mPolymarket [3mbid[0m[2m=[0m0.57 [3mask[0m[2m=[0m0.58 [3mmid[0m[2m=[0m0.5750 [3mbid_size[0m[2m=[0m158.1 [3mask_size[0m[2m=[0m10.11
[2m2026-04-12T20:33:38.769486Z[0m [34mDEBUG[0m [2mmercury::engine::spread[0m[2m:[0m Evaluated spread direction 2 [3mmarket_id[0m[2m=[0m9046452d-bcb3-4bb8-8925-8924b7439992 [3mdirection[0m[2m=[0m"NO-A/YES-B" [3mraw_spread[0m[2m=[0m0.0000 [3mbid_a[0m[2m=[0m0.57 [3mask_b[0m[2m=[0m0.5700
[2m2026-04-12T20:33:38.769623Z[0m [34mDEBUG[0m [2mmercury::engine::market_actor[0m[2m:[0m Tick received — running arb detection [3mmarket_id[0m[2m=[0m9046452d-bcb3-4bb8-8925-8924b7439992 [3mplatform[0m[2m=[0mPolymarket [3mbid[0m[2m=[0m0.57 [3mask[0m[2m=[0m0.58 [3mmid[0m[2m=[0m0.5750 [3mbid_size[0m[2m=[0m158.1 [3mask_size[0m[2m=[0m10.11
[2m2026-04-12T20:33:38.769755Z[0m [34mDEBUG[0m [2mmercury::engine::spread[0m[2m:[0m Evaluated spread direction 2 [3mmarket_id[0m[2m=[0m9046452d-bcb3-4bb8-8925-8924b7439992 [3mdirection[0m[2m=[0m"NO-A/YES-B" [3mraw_spread[0m[2m=[0m0.0000 [3mbid_a[0m[2m=[0m0.57 [3mask_b[0m[2m=[0m0.5700
[2m2026-04-12T20:33:38.841009Z[0m [34mDEBUG[0m [2mmercury::engine::market_actor[0m[2m:[0m Tick received — running arb detection [3mmarket_id[0m[2m=[0m9046452d-bcb3-4bb8-8925-8924b7439992 [3mplatform[0m[2m=[0mPolymarket [3mbid[0m[2m=[0m0.57 [3mask[0m[2m=[0m0.58 [3mmid[0m[2m=[0m0.5750 [3mbid_size[0m[2m=[0m158.1 [3mask_size[0m[2m=[0m10.11
[2m2026-04-12T20:33:38.841225Z[0m [34mDEBUG[0m [2mmercury::engine::spread[0m[2m:[0m Evaluated spread direction 2 [3mmarket_id[0m[2m=[0m9046452d-bcb3-4bb8-8925-8924b7439992 [3mdirection[0m[2m=[0m"NO-A/YES-B" [3mraw_spread[0m[2m=[0m0.0000 [3mbid_a[0m[2m=[0m0.57 [3mask_b[0m[2m=[0m0.5700
[2m2026-04-12T20:33:38.841359Z[0m [34mDEBUG[0m [2mmercury::engine::market_actor[0m[2m:[0m Tick received — running arb detection [3mmarket_id[0m[2m=[0m9046452d-bcb3-4bb8-8925-8924b7439992 [3mplatform[0m[2m=[0mPolymarket [3mbid[0m[2m=[0m0.57 [3mask[0m[2m=[0m0.58 [3mmid[0m[2m=[0m0.5750 [3mbid_size[0m[2m=[0m158.1 [3mask_size[0m[2m=[0m10.11
[2m2026-04-12T20:33:38.841490Z[0m [34mDEBUG[0m [2mmercury::engine::spread[0m[2m:[0m Evaluated spread direction 2 [3mmarket_id[0m[2m=[0m9046452d-bcb3-4bb8-8925-8924b7439992 [3mdirection[0m[2m=[0m"NO-A/YES-B" [3mraw_spread[0m[2m=[0m0.0000 [3mbid_a[0m[2m=[0m0.57 [3mask_b[0m[2m=[0m0.5700
[2m2026-04-12T20:33:38.860108Z[0m [33m WARN[0m [2mmercury::feeds::kalshi[0m[2m:[0m Kalshi sequence gap for KXETH15M-26APR121645-45: expected 323, got 325. Book may be out of sync.
[2m2026-04-12T20:33:38.860375Z[0m [34mDEBUG[0m [2mmercury::engine::market_actor[0m[2m:[0m Tick received — running arb detection [3mmarket_id[0m[2m=[0m9046452d-bcb3-4bb8-8925-8924b7439992 [3mplatform[0m[2m=[0mKalshi [3mbid[0m[2m=[0m0.5500 [3mask[0m[2m=[0m0.5700 [3mmid[0m[2m=[0m0.5600 [3mbid_size[0m[2m=[0m9.37 [3mask_size[0m[2m=[0m12.00
[2m2026-04-12T20:33:38.860498Z[0m [34mDEBUG[0m [2mmercury::engine::spread[0m[2m:[0m Evaluated spread direction 2 [3mmarket_id[0m[2m=[0m9046452d-bcb3-4bb8-8925-8924b7439992 [3mdirection[0m[2m=[0m"NO-A/YES-B" [3mraw_spread[0m[2m=[0m0.0000 [3mbid_a[0m[2m=[0m0.57 [3mask_b[0m[2m=[0m0.5700
[2m2026-04-12T20:33:38.860589Z[0m [34mDEBUG[0m [2mmercury::engine::market_actor[0m[2m:[0m Tick received — running arb detection [3mmarket_id[0m[2m=[0m9046452d-bcb3-4bb8-8925-8924b7439992 [3mplatform[0m[2m=[0mKalshi [3mbid[0m[2m=[0m0.5500 [3mask[0m[2m=[0m0.5700 [3mmid[0m[2m=[0m0.5600 [3mbid_size[0m[2m=[0m9.37 [3mask_size[0m[2m=[0m12.00
[2m2026-04-12T20:33:38.860684Z[0m [34mDEBUG[0m [2mmercury::engine::spread[0m[2m:[0m Evaluated spread direction 2 [3mmarket_id[0m[2m=[0m9046452d-bcb3-4bb8-8925-8924b7439992 [3mdirection[0m[2m=[0m"NO-A/YES-B" [3mraw_spread[0m[2m=[0m0.0000 [3mbid_a[0m[2m=[0m0.57 [3mask_b[0m[2m=[0m0.5700
[2m2026-04-12T20:33:38.865496Z[0m [33m WARN[0m [2mmercury::feeds::kalshi[0m[2m:[0m Kalshi sequence gap for KXBTC15M-26APR121645-45: expected 325, got 327. Book may be out of sync.
[2m2026-04-12T20:33:38.865662Z[0m [34mDEBUG[0m [2mmercury::engine::market_actor[0m[2m:[0m Tick received — running arb detection [3mmarket_id[0m[2m=[0m631deb8c-fbb4-489e-818e-ae698f57f50b [3mplatform[0m[2m=[0mKalshi [3mbid[0m[2m=[0m0.6500 [3mask[0m[2m=[0m0.6700 [3mmid[0m[2m=[0m0.6600 [3mbid_size[0m[2m=[0m95.94 [3mask_size[0m[2m=[0m222.67
[2m2026-04-12T20:33:38.865774Z[0m [34mDEBUG[0m [2mmercury::engine::spread[0m[2m:[0m Evaluated spread direction 2 [3mmarket_id[0m[2m=[0m631deb8c-fbb4-489e-818e-ae698f57f50b [3mdirection[0m[2m=[0m"NO-A/YES-B" [3mraw_spread[0m[2m=[0m0.0100 [3mbid_a[0m[2m=[0m0.68 [3mask_b[0m[2m=[0m0.6700
[2m2026-04-12T20:33:38.985482Z[0m [34mDEBUG[0m [2mmercury::engine::market_actor[0m[2m:[0m Tick received — running arb detection [3mmarket_id[0m[2m=[0m631deb8c-fbb4-489e-818e-ae698f57f50b [3mplatform[0m[2m=[0mKalshi [3mbid[0m[2m=[0m0.6500 [3mask[0m[2m=[0m0.6700 [3mmid[0m[2m=[0m0.6600 [3mbid_size[0m[2m=[0m95.94 [3mask_size[0m[2m=[0m218.42
[2m2026-04-12T20:33:38.985705Z[0m [34mDEBUG[0m [2mmercury::engine::spread[0m[2m:[0m Evaluated spread direction 2 [3mmarket_id[0m[2m=[0m631deb8c-fbb4-489e-818e-ae698f57f50b [3mdirection[0m[2m=[0m"NO-A/YES-B" [3mraw_spread[0m[2m=[0m0.0100 [3mbid_a[0m[2m=[0m0.68 [3mask_b[0m[2m=[0m0.6700
[2m2026-04-12T20:33:38.985901Z[0m [34mDEBUG[0m [2mmercury::engine::market_actor[0m[2m:[0m Tick received — running arb detection [3mmarket_id[0m[2m=[0m631deb8c-fbb4-489e-818e-ae698f57f50b [3mplatform[0m[2m=[0mKalshi [3mbid[0m[2m=[0m0.6500 [3mask[0m[2m=[0m0.6600 [3mmid[0m[2m=[0m0.6550 [3mbid_size[0m[2m=[0m95.94 [3mask_size[0m[2m=[0m4.25
[2m2026-04-12T20:33:38.986045Z[0m [34mDEBUG[0m [2mmercury::engine::spread[0m[2m:[0m Evaluated spread direction 2 [3mmarket_id[0m[2m=[0m631deb8c-fbb4-489e-818e-ae698f57f50b [3mdirection[0m[2m=[0m"NO-A/YES-B" [3mraw_spread[0m[2m=[0m0.0200 [3mbid_a[0m[2m=[0m0.68 [3mask_b[0m[2m=[0m0.6600
[2m2026-04-12T20:33:39.004077Z[0m [34mDEBUG[0m [2mmercury::engine::market_actor[0m[2m:[0m Tick received — running arb detection [3mmarket_id[0m[2m=[0m631deb8c-fbb4-489e-818e-ae698f57f50b [3mplatform[0m[2m=[0mPolymarket [3mbid[0m[2m=[0m0.68 [3mask[0m[2m=[0m0.69 [3mmid[0m[2m=[0m0.6850 [3mbid_size[0m[2m=[0m192.7 [3mask_size[0m[2m=[0m40.85
[2m2026-04-12T20:33:39.004267Z[0m [34mDEBUG[0m [2mmercury::engine::spread[0m[2m:[0m Evaluated spread direction 2 [3mmarket_id[0m[2m=[0m631deb8c-fbb4-489e-818e-ae698f57f50b [3mdirection[0m[2m=[0m"NO-A/YES-B" [3mraw_spread[0m[2m=[0m0.0200 [3mbid_a[0m[2m=[0m0.68 [3mask_b[0m[2m=[0m0.6600
[2m2026-04-12T20:33:39.037825Z[0m [34mDEBUG[0m [2mmercury::engine::market_actor[0m[2m:[0m Tick received — running arb detection [3mmarket_id[0m[2m=[0m79e1f598-7189-438f-a66e-b184b04be477 [3mplatform[0m[2m=[0mPolymarket [3mbid[0m[2m=[0m0.47 [3mask[0m[2m=[0m0.48 [3mmid[0m[2m=[0m0.4750 [3mbid_size[0m[2m=[0m15.8 [3mask_size[0m[2m=[0m7.2
[2m2026-04-12T20:33:39.037948Z[0m [34mDEBUG[0m [2mmercury::engine::market_actor[0m[2m:[0m Tick received — running arb detection [3mmarket_id[0m[2m=[0m2b958b37-9921-40b8-b22d-64a67138ae70 [3mplatform[0m[2m=[0mPolymarket [3mbid[0m[2m=[0m0.64 [3mask[0m[2m=[0m0.66 [3mmid[0m[2m=[0m0.65 [3mbid_size[0m[2m=[0m3.69 [3mask_size[0m[2m=[0m105
[2m2026-04-12T20:33:39.038123Z[0m [34mDEBUG[0m [2mmercury::engine::market_actor[0m[2m:[0m Tick received — running arb detection [3mmarket_id[0m[2m=[0m9046452d-bcb3-4bb8-8925-8924b7439992 [3mplatform[0m[2m=[0mPolymarket [3mbid[0m[2m=[0m0.57 [3mask[0m[2m=[0m0.58 [3mmid[0m[2m=[0m0.5750 [3mbid_size[0m[2m=[0m158.1 [3mask_size[0m[2m=[0m10.11
[2m2026-04-12T20:33:39.038267Z[0m [34mDEBUG[0m [2mmercury::engine::spread[0m[2m:[0m Evaluated spread direction 2 [3mmarket_id[0m[2m=[0m9046452d-bcb3-4bb8-8925-8924b7439992 [3mdirection[0m[2m=[0m"NO-A/YES-B" [3mraw_spread[0m[2m=[0m0.0000 [3mbid_a[0m[2m=[0m0.57 [3mask_b[0m[2m=[0m0.5700
[2m2026-04-12T20:33:39.038330Z[0m [34mDEBUG[0m [2mmercury::engine::market_actor[0m[2m:[0m Tick received — running arb detection [3mmarket_id[0m[2m=[0m2b958b37-9921-40b8-b22d-64a67138ae70 [3mplatform[0m[2m=[0mPolymarket [3mbid[0m[2m=[0m0.64 [3mask[0m[2m=[0m0.66 [3mmid[0m[2m=[0m0.65 [3mbid_size[0m[2m=[0m3.69 [3mask_size[0m[2m=[0m105
[2m2026-04-12T20:33:39.038362Z[0m [34mDEBUG[0m [2mmercury::engine::market_actor[0m[2m:[0m Tick received — running arb detection [3mmarket_id[0m[2m=[0m631deb8c-fbb4-489e-818e-ae698f57f50b [3mplatform[0m[2m=[0mPolymarket [3mbid[0m[2m=[0m0.68 [3mask[0m[2m=[0m0.69 [3mmid[0m[2m=[0m0.6850 [3mbid_size[0m[2m=[0m192.7 [3mask_size[0m[2m=[0m40.85
[2m2026-04-12T20:33:39.038508Z[0m [34mDEBUG[0m [2mmercury::engine::spread[0m[2m:[0m Evaluated spread direction 2 [3mmarket_id[0m[2m=[0m631deb8c-fbb4-489e-818e-ae698f57f50b [3mdirection[0m[2m=[0m"NO-A/YES-B" [3mraw_spread[0m[2m=[0m0.0200 [3mbid_a[0m[2m=[0m0.68 [3mask_b[0m[2m=[0m0.6600
[2m2026-04-12T20:33:39.038543Z[0m [34mDEBUG[0m [2mmercury::engine::market_actor[0m[2m:[0m Tick received — running arb detection [3mmarket_id[0m[2m=[0m79e1f598-7189-438f-a66e-b184b04be477 [3mplatform[0m[2m=[0mPolymarket [3mbid[0m[2m=[0m0.47 [3mask[0m[2m=[0m0.48 [3mmid[0m[2m=[0m0.4750 [3mbid_size[0m[2m=[0m15.8 [3mask_size[0m[2m=[0m7.2
[2m2026-04-12T20:33:39.038588Z[0m [34mDEBUG[0m [2mmercury::engine::market_actor[0m[2m:[0m Tick received — running arb detection [3mmarket_id[0m[2m=[0m9046452d-bcb3-4bb8-8925-8924b7439992 [3mplatform[0m[2m=[0mPolymarket [3mbid[0m[2m=[0m0.57 [3mask[0m[2m=[0m0.58 [3mmid[0m[2m=[0m0.5750 [3mbid_size[0m[2m=[0m158.1 [3mask_size[0m[2m=[0m10.11
[2m2026-04-12T20:33:39.038746Z[0m [34mDEBUG[0m [2mmercury::engine::spread[0m[2m:[0m Evaluated spread direction 2 [3mmarket_id[0m[2m=[0m9046452d-bcb3-4bb8-8925-8924b7439992 [3mdirection[0m[2m=[0m"NO-A/YES-B" [3mraw_spread[0m[2m=[0m0.0000 [3mbid_a[0m[2m=[0m0.57 [3mask_b[0m[2m=[0m0.5700
[2m2026-04-12T20:33:39.038869Z[0m [34mDEBUG[0m [2mmercury::engine::market_actor[0m[2m:[0m Tick received — running arb detection [3mmarket_id[0m[2m=[0m9046452d-bcb3-4bb8-8925-8924b7439992 [3mplatform[0m[2m=[0mPolymarket [3mbid[0m[2m=[0m0.57 [3mask[0m[2m=[0m0.58 [3mmid[0m[2m=[0m0.5750 [3mbid_size[0m[2m=[0m158.1 [3mask_size[0m[2m=[0m10.11
[2m2026-04-12T20:33:39.038999Z[0m [34mDEBUG[0m [2mmercury::engine::spread[0m[2m:[0m Evaluated spread direction 2 [3mmarket_id[0m[2m=[0m9046452d-bcb3-4bb8-8925-8924b7439992 [3mdirection[0m[2m=[0m"NO-A/YES-B" [3mraw_spread[0m[2m=[0m0.0000 [3mbid_a[0m[2m=[0m0.57 [3mask_b[0m[2m=[0m0.5700
[2m2026-04-12T20:33:39.085673Z[0m [34mDEBUG[0m [2mmercury::feeds::polymarket[0m[2m:[0m Unknown Polymarket event type [3mevent_type[0m[2m=[0mbest_bid_ask
[2m2026-04-12T20:33:39.086497Z[0m [34mDEBUG[0m [2mmercury::engine::market_actor[0m[2m:[0m Tick received — running arb detection [3mmarket_id[0m[2m=[0m9046452d-bcb3-4bb8-8925-8924b7439992 [3mplatform[0m[2m=[0mPolymarket [3mbid[0m[2m=[0m0.57 [3mask[0m[2m=[0m0.58 [3mmid[0m[2m=[0m0.5750 [3mbid_size[0m[2m=[0m147.1 [3mask_size[0m[2m=[0m10.11
[2m2026-04-12T20:33:39.086728Z[0m [34mDEBUG[0m [2mmercury::engine::spread[0m[2m:[0m Evaluated spread direction 2 [3mmarket_id[0m[2m=[0m9046452d-bcb3-4bb8-8925-8924b7439992 [3mdirection[0m[2m=[0m"NO-A/YES-B" [3mraw_spread[0m[2m=[0m0.0000 [3mbid_a[0m[2m=[0m0.57 [3mask_b[0m[2m=[0m0.5700
[2m2026-04-12T20:33:39.087119Z[0m [34mDEBUG[0m [2mmercury::engine::market_actor[0m[2m:[0m Tick received — running arb detection [3mmarket_id[0m[2m=[0m9046452d-bcb3-4bb8-8925-8924b7439992 [3mplatform[0m[2m=[0mPolymarket [3mbid[0m[2m=[0m0.57 [3mask[0m[2m=[0m0.58 [3mmid[0m[2m=[0m0.5750 [3mbid_size[0m[2m=[0m147.1 [3mask_size[0m[2m=[0m10.11
[2m2026-04-12T20:33:39.087327Z[0m [34mDEBUG[0m [2mmercury::engine::spread[0m[2m:[0m Evaluated spread direction 2 [3mmarket_id[0m[2m=[0m9046452d-bcb3-4bb8-8925-8924b7439992 [3mdirection[0m[2m=[0m"NO-A/YES-B" [3mraw_spread[0m[2m=[0m0.0000 [3mbid_a[0m[2m=[0m0.57 [3mask_b[0m[2m=[0m0.5700
[2m2026-04-12T20:33:39.087318Z[0m [34mDEBUG[0m [2mmercury::engine::market_actor[0m[2m:[0m Tick received — running arb detection [3mmarket_id[0m[2m=[0m631deb8c-fbb4-489e-818e-ae698f57f50b [3mplatform[0m[2m=[0mPolymarket [3mbid[0m[2m=[0m0.68 [3mask[0m[2m=[0m0.69 [3mmid[0m[2m=[0m0.6850 [3mbid_size[0m[2m=[0m192.7 [3mask_size[0m[2m=[0m40.85
[2m2026-04-12T20:33:39.087550Z[0m [34mDEBUG[0m [2mmercury::engine::spread[0m[2m:[0m Evaluated spread direction 2 [3mmarket_id[0m[2m=[0m631deb8c-fbb4-489e-818e-ae698f57f50b [3mdirection[0m[2m=[0m"NO-A/YES-B" [3mraw_spread[0m[2m=[0m0.0200 [3mbid_a[0m[2m=[0m0.68 [3mask_b[0m[2m=[0m0.6600
[2m2026-04-12T20:33:39.087650Z[0m [34mDEBUG[0m [2mmercury::engine::market_actor[0m[2m:[0m Tick received — running arb detection [3mmarket_id[0m[2m=[0m9046452d-bcb3-4bb8-8925-8924b7439992 [3mplatform[0m[2m=[0mPolymarket [3mbid[0m[2m=[0m0.57 [3mask[0m[2m=[0m0.58 [3mmid[0m[2m=[0m0.5750 [3mbid_size[0m[2m=[0m147.1 [3mask_size[0m[2m=[0m10.11
[2m2026-04-12T20:33:39.087758Z[0m [34mDEBUG[0m [2mmercury::engine::market_actor[0m[2m:[0m Tick received — running arb detection [3mmarket_id[0m[2m=[0m631deb8c-fbb4-489e-818e-ae698f57f50b [3mplatform[0m[2m=[0mPolymarket [3mbid[0m[2m=[0m0.68 [3mask[0m[2m=[0m0.69 [3mmid[0m[2m=[0m0.6850 [3mbid_size[0m[2m=[0m192.7 [3mask_size[0m[2m=[0m40.85
[2m2026-04-12T20:33:39.087916Z[0m [34mDEBUG[0m [2mmercury::engine::spread[0m[2m:[0m Evaluated spread direction 2 [3mmarket_id[0m[2m=[0m9046452d-bcb3-4bb8-8925-8924b7439992 [3mdirection[0m[2m=[0m"NO-A/YES-B" [3mraw_spread[0m[2m=[0m0.0000 [3mbid_a[0m[2m=[0m0.57 [3mask_b[0m[2m=[0m0.5700
[2m2026-04-12T20:33:39.087999Z[0m [34mDEBUG[0m [2mmercury::engine::market_actor[0m[2m:[0m Tick received — running arb detection [3mmarket_id[0m[2m=[0m79e1f598-7189-438f-a66e-b184b04be477 [3mplatform[0m[2m=[0mPolymarket [3mbid[0m[2m=[0m0.47 [3mask[0m[2m=[0m0.48 [3mmid[0m[2m=[0m0.4750 [3mbid_size[0m[2m=[0m15.8 [3mask_size[0m[2m=[0m7.2
[2m2026-04-12T20:33:39.088161Z[0m [34mDEBUG[0m [2mmercury::engine::spread[0m[2m:[0m Evaluated spread direction 2 [3mmarket_id[0m[2m=[0m631deb8c-fbb4-489e-818e-ae698f57f50b [3mdirection[0m[2m=[0m"NO-A/YES-B" [3mraw_spread[0m[2m=[0m0.0200 [3mbid_a[0m[2m=[0m0.68 [3mask_b[0m[2m=[0m0.6600
[2m2026-04-12T20:33:39.088158Z[0m [34mDEBUG[0m [2mmercury::engine::market_actor[0m[2m:[0m Tick received — running arb detection [3mmarket_id[0m[2m=[0m9046452d-bcb3-4bb8-8925-8924b7439992 [3mplatform[0m[2m=[0mPolymarket [3mbid[0m[2m=[0m0.57 [3mask[0m[2m=[0m0.58 [3mmid[0m[2m=[0m0.5750 [3mbid_size[0m[2m=[0m147.1 [3mask_size[0m[2m=[0m10.11
[2m2026-04-12T20:33:39.088221Z[0m [34mDEBUG[0m [2mmercury::engine::market_actor[0m[2m:[0m Tick received — running arb detection [3mmarket_id[0m[2m=[0m2b958b37-9921-40b8-b22d-64a67138ae70 [3mplatform[0m[2m=[0mPolymarket [3mbid[0m[2m=[0m0.64 [3mask[0m[2m=[0m0.66 [3mmid[0m[2m=[0m0.65 [3mbid_size[0m[2m=[0m3.69 [3mask_size[0m[2m=[0m105
[2m2026-04-12T20:33:39.088454Z[0m [34mDEBUG[0m [2mmercury::engine::spread[0m[2m:[0m Evaluated spread direction 2 [3mmarket_id[0m[2m=[0m9046452d-bcb3-4bb8-8925-8924b7439992 [3mdirection[0m[2m=[0m"NO-A/YES-B" [3mraw_spread[0m[2m=[0m0.0000 [3mbid_a[0m[2m=[0m0.57 [3mask_b[0m[2m=[0m0.5700
[2m2026-04-12T20:33:39.088521Z[0m [34mDEBUG[0m [2mmercury::engine::market_actor[0m[2m:[0m Tick received — running arb detection [3mmarket_id[0m[2m=[0m79e1f598-7189-438f-a66e-b184b04be477 [3mplatform[0m[2m=[0mPolymarket [3mbid[0m[2m=[0m0.47 [3mask[0m[2m=[0m0.48 [3mmid[0m[2m=[0m0.4750 [3mbid_size[0m[2m=[0m15.8 [3mask_size[0m[2m=[0m7.2
[2m2026-04-12T20:33:39.088680Z[0m [34mDEBUG[0m [2mmercury::engine::market_actor[0m[2m:[0m Tick received — running arb detection [3mmarket_id[0m[2m=[0m631deb8c-fbb4-489e-818e-ae698f57f50b [3mplatform[0m[2m=[0mPolymarket [3mbid[0m[2m=[0m0.68 [3mask[0m[2m=[0m0.69 [3mmid[0m[2m=[0m0.6850 [3mbid_size[0m[2m=[0m192.7 [3mask_size[0m[2m=[0m40.85
[2m2026-04-12T20:33:39.088690Z[0m [34mDEBUG[0m [2mmercury::engine::market_actor[0m[2m:[0m Tick received — running arb detection [3mmarket_id[0m[2m=[0m2b958b37-9921-40b8-b22d-64a67138ae70 [3mplatform[0m[2m=[0mPolymarket [3mbid[0m[2m=[0m0.64 [3mask[0m[2m=[0m0.66 [3mmid[0m[2m=[0m0.65 [3mbid_size[0m[2m=[0m3.69 [3mask_size[0m[2m=[0m105
[2m2026-04-12T20:33:39.088903Z[0m [34mDEBUG[0m [2mmercury::engine::spread[0m[2m:[0m Evaluated spread direction 2 [3mmarket_id[0m[2m=[0m631deb8c-fbb4-489e-818e-ae698f57f50b [3mdirection[0m[2m=[0m"NO-A/YES-B" [3mraw_spread[0m[2m=[0m0.0200 [3mbid_a[0m[2m=[0m0.68 [3mask_b[0m[2m=[0m0.6600
[2m2026-04-12T20:33:39.097956Z[0m [33m WARN[0m [2mmercury::feeds::kalshi[0m[2m:[0m Kalshi sequence gap for KXETH15M-26APR121645-45: expected 327, got 330. Book may be out of sync.
[2m2026-04-12T20:33:39.098326Z[0m [34mDEBUG[0m [2mmercury::engine::market_actor[0m[2m:[0m Tick received — running arb detection [3mmarket_id[0m[2m=[0m9046452d-bcb3-4bb8-8925-8924b7439992 [3mplatform[0m[2m=[0mKalshi [3mbid[0m[2m=[0m0.5500 [3mask[0m[2m=[0m0.5700 [3mmid[0m[2m=[0m0.5600 [3mbid_size[0m[2m=[0m9.37 [3mask_size[0m[2m=[0m12.00
[2m2026-04-12T20:33:39.098403Z[0m [33m WARN[0m [2mmercury::feeds::kalshi[0m[2m:[0m Kalshi sequence gap for KXBTC15M-26APR121645-45: expected 330, got 334. Book may be out of sync.
[2m2026-04-12T20:33:39.098500Z[0m [34mDEBUG[0m [2mmercury::engine::spread[0m[2m:[0m Evaluated spread direction 2 [3mmarket_id[0m[2m=[0m9046452d-bcb3-4bb8-8925-8924b7439992 [3mdirection[0m[2m=[0m"NO-A/YES-B" [3mraw_spread[0m[2m=[0m0.0000 [3mbid_a[0m[2m=[0m0.57 [3mask_b[0m[2m=[0m0.5700
[2m2026-04-12T20:33:39.098568Z[0m [33m WARN[0m [2mmercury::feeds::kalshi[0m[2m:[0m Kalshi sequence gap for KXETH15M-26APR121645-45: expected 334, got 335. Book may be out of sync.
[2m2026-04-12T20:33:39.098630Z[0m [34mDEBUG[0m [2mmercury::engine::market_actor[0m[2m:[0m Tick received — running arb detection [3mmarket_id[0m[2m=[0m9046452d-bcb3-4bb8-8925-8924b7439992 [3mplatform[0m[2m=[0mKalshi [3mbid[0m[2m=[0m0.5500 [3mask[0m[2m=[0m0.5700 [3mmid[0m[2m=[0m0.5600 [3mbid_size[0m[2m=[0m9.37 [3mask_size[0m[2m=[0m12.00
[2m2026-04-12T20:33:39.098633Z[0m [34mDEBUG[0m [2mmercury::engine::market_actor[0m[2m:[0m Tick received — running arb detection [3mmarket_id[0m[2m=[0m631deb8c-fbb4-489e-818e-ae698f57f50b [3mplatform[0m[2m=[0mKalshi [3mbid[0m[2m=[0m0.6500 [3mask[0m[2m=[0m0.6600 [3mmid[0m[2m=[0m0.6550 [3mbid_size[0m[2m=[0m95.94 [3mask_size[0m[2m=[0m4.25
[2m2026-04-12T20:33:39.098772Z[0m [34mDEBUG[0m [2mmercury::engine::spread[0m[2m:[0m Evaluated spread direction 2 [3mmarket_id[0m[2m=[0m9046452d-bcb3-4bb8-8925-8924b7439992 [3mdirection[0m[2m=[0m"NO-A/YES-B" [3mraw_spread[0m[2m=[0m0.0000 [3mbid_a[0m[2m=[0m0.57 [3mask_b[0m[2m=[0m0.5700
[2m2026-04-12T20:33:39.098888Z[0m [34mDEBUG[0m [2mmercury::engine::market_actor[0m[2m:[0m Tick received — running arb detection [3mmarket_id[0m[2m=[0m9046452d-bcb3-4bb8-8925-8924b7439992 [3mplatform[0m[2m=[0mKalshi [3mbid[0m[2m=[0m0.5500 [3mask[0m[2m=[0m0.5700 [3mmid[0m[2m=[0m0.5600 [3mbid_size[0m[2m=[0m9.37 [3mask_size[0m[2m=[0m12.00
[2m2026-04-12T20:33:39.098914Z[0m [33m WARN[0m [2mmercury::feeds::kalshi[0m[2m:[0m Kalshi sequence gap for KXBTC15M-26APR121645-45: expected 335, got 339. Book may be out of sync.
[2m2026-04-12T20:33:39.098923Z[0m [34mDEBUG[0m [2mmercury::engine::spread[0m[2m:[0m Evaluated spread direction 2 [3mmarket_id[0m[2m=[0m631deb8c-fbb4-489e-818e-ae698f57f50b [3mdirection[0m[2m=[0m"NO-A/YES-B" [3mraw_spread[0m[2m=[0m0.0200 [3mbid_a[0m[2m=[0m0.68 [3mask_b[0m[2m=[0m0.6600
[2m2026-04-12T20:33:39.099100Z[0m [34mDEBUG[0m [2mmercury::engine::market_actor[0m[2m:[0m Tick received — running arb detection [3mmarket_id[0m[2m=[0m631deb8c-fbb4-489e-818e-ae698f57f50b [3mplatform[0m[2m=[0mKalshi [3mbid[0m[2m=[0m0.6500 [3mask[0m[2m=[0m0.6600 [3mmid[0m[2m=[0m0.6550 [3mbid_size[0m[2m=[0m95.94 [3mask_size[0m[2m=[0m4.25
[2m2026-04-12T20:33:39.099111Z[0m [34mDEBUG[0m [2mmercury::engine::spread[0m[2m:[0m Evaluated spread direction 2 [3mmarket_id[0m[2m=[0m9046452d-bcb3-4bb8-8925-8924b7439992 [3mdirection[0m[2m=[0m"NO-A/YES-B" [3mraw_spread[0m[2m=[0m0.0000 [3mbid_a[0m[2m=[0m0.57 [3mask_b[0m[2m=[0m0.5700
[2m2026-04-12T20:33:39.099332Z[0m [34mDEBUG[0m [2mmercury::engine::market_actor[0m[2m:[0m Tick received — running arb detection [3mmarket_id[0m[2m=[0m9046452d-bcb3-4bb8-8925-8924b7439992 [3mplatform[0m[2m=[0mKalshi [3mbid[0m[2m=[0m0.5500 [3mask[0m[2m=[0m0.5700 [3mmid[0m[2m=[0m0.5600 [3mbid_size[0m[2m=[0m9.37 [3mask_size[0m[2m=[0m12.00
[2m2026-04-12T20:33:39.099381Z[0m [34mDEBUG[0m [2mmercury::engine::spread[0m[2m:[0m Evaluated spread direction 2 [3mmarket_id[0m[2m=[0m631deb8c-fbb4-489e-818e-ae698f57f50b [3mdirection[0m[2m=[0m"NO-A/YES-B" [3mraw_spread[0m[2m=[0m0.0200 [3mbid_a[0m[2m=[0m0.68 [3mask_b[0m[2m=[0m0.6600
[2m2026-04-12T20:33:39.099564Z[0m [34mDEBUG[0m [2mmercury::engine::spread[0m[2m:[0m Evaluated spread direction 2 [3mmarket_id[0m[2m=[0m9046452d-bcb3-4bb8-8925-8924b7439992 [3mdirection[0m[2m=[0m"NO-A/YES-B" [3mraw_spread[0m[2m=[0m0.0000 [3mbid_a[0m[2m=[0m0.57 [3mask_b[0m[2m=[0m0.5700
[2m2026-04-12T20:33:39.099670Z[0m [34mDEBUG[0m [2mmercury::engine::market_actor[0m[2m:[0m Tick received — running arb detection [3mmarket_id[0m[2m=[0m9046452d-bcb3-4bb8-8925-8924b7439992 [3mplatform[0m[2m=[0mKalshi [3mbid[0m[2m=[0m0.5500 [3mask[0m[2m=[0m0.5700 [3mmid[0m[2m=[0m0.5600 [3mbid_size[0m[2m=[0m9.37 [3mask_size[0m[2m=[0m12.00
[2m2026-04-12T20:33:39.099785Z[0m [34mDEBUG[0m [2mmercury::engine::spread[0m[2m:[0m Evaluated spread direction 2 [3mmarket_id[0m[2m=[0m9046452d-bcb3-4bb8-8925-8924b7439992 [3mdirection[0m[2m=[0m"NO-A/YES-B" [3mraw_spread[0m[2m=[0m0.0000 [3mbid_a[0m[2m=[0m0.57 [3mask_b[0m[2m=[0m0.5700
[2m2026-04-12T20:33:39.099888Z[0m [34mDEBUG[0m [2mmercury::engine::market_actor[0m[2m:[0m Tick received — running arb detection [3mmarket_id[0m[2m=[0m9046452d-bcb3-4bb8-8925-8924b7439992 [3mplatform[0m[2m=[0mKalshi [3mbid[0m[2m=[0m0.5500 [3mask[0m[2m=[0m0.5700 [3mmid[0m[2m=[0m0.5600 [3mbid_size[0m[2m=[0m9.37 [3mask_size[0m[2m=[0m12.00
[2m2026-04-12T20:33:39.100002Z[0m [34mDEBUG[0m [2mmercury::engine::spread[0m[2m:[0m Evaluated spread direction 2 [3mmarket_id[0m[2m=[0m9046452d-bcb3-4bb8-8925-8924b7439992 [3mdirection[0m[2m=[0m"NO-A/YES-B" [3mraw_spread[0m[2m=[0m0.0000 [3mbid_a[0m[2m=[0m0.57 [3mask_b[0m[2m=[0m0.5700
[2m2026-04-12T20:33:39.100103Z[0m [34mDEBUG[0m [2mmercury::engine::market_actor[0m[2m:[0m Tick received — running arb detection [3mmarket_id[0m[2m=[0m9046452d-bcb3-4bb8-8925-8924b7439992 [3mplatform[0m[2m=[0mKalshi [3mbid[0m[2m=[0m0.5500 [3mask[0m[2m=[0m0.5700 [3mmid[0m[2m=[0m0.5600 [3mbid_size[0m[2m=[0m9.37 [3mask_size[0m[2m=[0m12.00
[2m2026-04-12T20:33:39.100217Z[0m [34mDEBUG[0m [2mmercury::engine::spread[0m[2m:[0m Evaluated spread direction 2 [3mmarket_id[0m[2m=[0m9046452d-bcb3-4bb8-8925-8924b7439992 [3mdirection[0m[2m=[0m"NO-A/YES-B" [3mraw_spread[0m[2m=[0m0.0000 [3mbid_a[0m[2m=[0m0.57 [3mask_b[0m[2m=[0m0.5700
[2m2026-04-12T20:33:39.100317Z[0m [34mDEBUG[0m [2mmercury::engine::market_actor[0m[2m:[0m Tick received — running arb detection [3mmarket_id[0m[2m=[0m9046452d-bcb3-4bb8-8925-8924b7439992 [3mplatform[0m[2m=[0mKalshi [3mbid[0m[2m=[0m0.5500 [3mask[0m[2m=[0m0.5700 [3mmid[0m[2m=[0m0.5600 [3mbid_size[0m[2m=[0m9.37 [3mask_size[0m[2m=[0m12.00
[2m2026-04-12T20:33:39.100434Z[0m [34mDEBUG[0m [2mmercury::engine::spread[0m[2m:[0m Evaluated spread direction 2 [3mmarket_id[0m[2m=[0m9046452d-bcb3-4bb8-8925-8924b7439992 [3mdirection[0m[2m=[0m"NO-A/YES-B" [3mraw_spread[0m[2m=[0m0.0000 [3mbid_a[0m[2m=[0m0.57 [3mask_b[0m[2m=[0m0.5700
[2m2026-04-12T20:33:39.139148Z[0m [34mDEBUG[0m [2mmercury::engine::market_actor[0m[2m:[0m Tick received — running arb detection [3mmarket_id[0m[2m=[0m631deb8c-fbb4-489e-818e-ae698f57f50b [3mplatform[0m[2m=[0mKalshi [3mbid[0m[2m=[0m0.6500 [3mask[0m[2m=[0m0.6700 [3mmid[0m[2m=[0m0.6600 [3mbid_size[0m[2m=[0m95.94 [3mask_size[0m[2m=[0m218.42
[2m2026-04-12T20:33:39.139365Z[0m [34mDEBUG[0m [2mmercury::engine::spread[0m[2m:[0m Evaluated spread direction 2 [3mmarket_id[0m[2m=[0m631deb8c-fbb4-489e-818e-ae698f57f50b [3mdirection[0m[2m=[0m"NO-A/YES-B" [3mraw_spread[0m[2m=[0m0.0100 [3mbid_a[0m[2m=[0m0.68 [3mask_b[0m[2m=[0m0.6700
[2m2026-04-12T20:33:39.139528Z[0m [34mDEBUG[0m [2mmercury::engine::market_actor[0m[2m:[0m Tick received — running arb detection [3mmarket_id[0m[2m=[0m631deb8c-fbb4-489e-818e-ae698f57f50b [3mplatform[0m[2m=[0mKalshi [3mbid[0m[2m=[0m0.6500 [3mask[0m[2m=[0m0.6700 [3mmid[0m[2m=[0m0.6600 [3mbid_size[0m[2m=[0m95.94 [3mask_size[0m[2m=[0m222.67
[2m2026-04-12T20:33:39.139651Z[0m [34mDEBUG[0m [2mmercury::engine::spread[0m[2m:[0m Evaluated spread direction 2 [3mmarket_id[0m[2m=[0m631deb8c-fbb4-489e-818e-ae698f57f50b [3mdirection[0m[2m=[0m"NO-A/YES-B" [3mraw_spread[0m[2m=[0m0.0100 [3mbid_a[0m[2m=[0m0.68 [3mask_b[0m[2m=[0m0.6700
[2m2026-04-12T20:33:39.143984Z[0m [34mDEBUG[0m [2mmercury::engine::market_actor[0m[2m:[0m Tick received — running arb detection [3mmarket_id[0m[2m=[0m631deb8c-fbb4-489e-818e-ae698f57f50b [3mplatform[0m[2m=[0mKalshi [3mbid[0m[2m=[0m0.6500 [3mask[0m[2m=[0m0.6700 [3mmid[0m[2m=[0m0.6600 [3mbid_size[0m[2m=[0m95.94 [3mask_size[0m[2m=[0m222.67
[2m2026-04-12T20:33:39.144180Z[0m [34mDEBUG[0m [2mmercury::engine::spread[0m[2m:[0m Evaluated spread direction 2 [3mmarket_id[0m[2m=[0m631deb8c-fbb4-489e-818e-ae698f57f50b [3mdirection[0m[2m=[0m"NO-A/YES-B" [3mraw_spread[0m[2m=[0m0.0100 [3mbid_a[0m[2m=[0m0.68 [3mask_b[0m[2m=[0m0.6700
[2m2026-04-12T20:33:39.197222Z[0m [33m WARN[0m [2mmercury::feeds::kalshi[0m[2m:[0m Kalshi sequence gap for KXETH15M-26APR121645-45: expected 339, got 343. Book may be out of sync.
[2m2026-04-12T20:33:39.197453Z[0m [33m WARN[0m [2mmercury::feeds::kalshi[0m[2m:[0m Kalshi sequence gap for KXBTC15M-26APR121645-45: expected 343, got 344. Book may be out of sync.
[2m2026-04-12T20:33:39.197525Z[0m [34mDEBUG[0m [2mmercury::engine::market_actor[0m[2m:[0m Tick received — running arb detection [3mmarket_id[0m[2m=[0m9046452d-bcb3-4bb8-8925-8924b7439992 [3mplatform[0m[2m=[0mKalshi [3mbid[0m[2m=[0m0.5500 [3mask[0m[2m=[0m0.5700 [3mmid[0m[2m=[0m0.5600 [3mbid_size[0m[2m=[0m9.37 [3mask_size[0m[2m=[0m12.00
[2m2026-04-12T20:33:39.197684Z[0m [34mDEBUG[0m [2mmercury::engine::spread[0m[2m:[0m Evaluated spread direction 2 [3mmarket_id[0m[2m=[0m9046452d-bcb3-4bb8-8925-8924b7439992 [3mdirection[0m[2m=[0m"NO-A/YES-B" [3mraw_spread[0m[2m=[0m0.0000 [3mbid_a[0m[2m=[0m0.57 [3mask_b[0m[2m=[0m0.5700
[2m2026-04-12T20:33:39.197730Z[0m [33m WARN[0m [2mmercury::feeds::kalshi[0m[2m:[0m Kalshi sequence gap for KXETH15M-26APR121645-45: expected 344, got 347. Book may be out of sync.
[2m2026-04-12T20:33:39.197712Z[0m [34mDEBUG[0m [2mmercury::engine::market_actor[0m[2m:[0m Tick received — running arb detection [3mmarket_id[0m[2m=[0m631deb8c-fbb4-489e-818e-ae698f57f50b [3mplatform[0m[2m=[0mKalshi [3mbid[0m[2m=[0m0.6500 [3mask[0m[2m=[0m0.6700 [3mmid[0m[2m=[0m0.6600 [3mbid_size[0m[2m=[0m95.94 [3mask_size[0m[2m=[0m222.67
[2m2026-04-12T20:33:39.197805Z[0m [34mDEBUG[0m [2mmercury::engine::market_actor[0m[2m:[0m Tick received — running arb detection [3mmarket_id[0m[2m=[0m9046452d-bcb3-4bb8-8925-8924b7439992 [3mplatform[0m[2m=[0mPolymarket [3mbid[0m[2m=[0m0.57 [3mask[0m[2m=[0m0.58 [3mmid[0m[2m=[0m0.5750 [3mbid_size[0m[2m=[0m147.1 [3mask_size[0m[2m=[0m10.11
[2m2026-04-12T20:33:39.197912Z[0m [34mDEBUG[0m [2mmercury::engine::spread[0m[2m:[0m Evaluated spread direction 2 [3mmarket_id[0m[2m=[0m631deb8c-fbb4-489e-818e-ae698f57f50b [3mdirection[0m[2m=[0m"NO-A/YES-B" [3mraw_spread[0m[2m=[0m0.0100 [3mbid_a[0m[2m=[0m0.68 [3mask_b[0m[2m=[0m0.6700
[2m2026-04-12T20:33:39.198055Z[0m [34mDEBUG[0m [2mmercury::engine::spread[0m[2m:[0m Evaluated spread direction 2 [3mmarket_id[0m[2m=[0m9046452d-bcb3-4bb8-8925-8924b7439992 [3mdirection[0m[2m=[0m"NO-A/YES-B" [3mraw_spread[0m[2m=[0m0.0000 [3mbid_a[0m[2m=[0m0.57 [3mask_b[0m[2m=[0m0.5700
[2m2026-04-12T20:33:39.198049Z[0m [34mDEBUG[0m [2mmercury::engine::market_actor[0m[2m:[0m Tick received — running arb detection [3mmarket_id[0m[2m=[0m631deb8c-fbb4-489e-818e-ae698f57f50b [3mplatform[0m[2m=[0mKalshi [3mbid[0m[2m=[0m0.6500 [3mask[0m[2m=[0m0.6700 [3mmid[0m[2m=[0m0.6600 [3mbid_size[0m[2m=[0m87.93 [3mask_size[0m[2m=[0m222.67
[2m2026-04-12T20:33:39.198166Z[0m [34mDEBUG[0m [2mmercury::engine::market_actor[0m[2m:[0m Tick received — running arb detection [3mmarket_id[0m[2m=[0m9046452d-bcb3-4bb8-8925-8924b7439992 [3mplatform[0m[2m=[0mKalshi [3mbid[0m[2m=[0m0.5500 [3mask[0m[2m=[0m0.5700 [3mmid[0m[2m=[0m0.5600 [3mbid_size[0m[2m=[0m9.37 [3mask_size[0m[2m=[0m12.00
[2m2026-04-12T20:33:39.198249Z[0m [34mDEBUG[0m [2mmercury::engine::spread[0m[2m:[0m Evaluated spread direction 2 [3mmarket_id[0m[2m=[0m631deb8c-fbb4-489e-818e-ae698f57f50b [3mdirection[0m[2m=[0m"NO-A/YES-B" [3mraw_spread[0m[2m=[0m0.0100 [3mbid_a[0m[2m=[0m0.68 [3mask_b[0m[2m=[0m0.6700
[2m2026-04-12T20:33:39.198382Z[0m [34mDEBUG[0m [2mmercury::engine::market_actor[0m[2m:[0m Tick received — running arb detection [3mmarket_id[0m[2m=[0m631deb8c-fbb4-489e-818e-ae698f57f50b [3mplatform[0m[2m=[0mKalshi [3mbid[0m[2m=[0m0.6500 [3mask[0m[2m=[0m0.6700 [3mmid[0m[2m=[0m0.6600 [3mbid_size[0m[2m=[0m87.93 [3mask_size[0m[2m=[0m222.67
[2m2026-04-12T20:33:39.198398Z[0m [34mDEBUG[0m [2mmercury::engine::spread[0m[2m:[0m Evaluated spread direction 2 [3mmarket_id[0m[2m=[0m9046452d-bcb3-4bb8-8925-8924b7439992 [3mdirection[0m[2m=[0m"NO-A/YES-B" [3mraw_spread[0m[2m=[0m0.0000 [3mbid_a[0m[2m=[0m0.57 [3mask_b[0m[2m=[0m0.5700
[2m2026-04-12T20:33:39.198537Z[0m [34mDEBUG[0m [2mmercury::engine::spread[0m[2m:[0m Evaluated spread direction 2 [3mmarket_id[0m[2m=[0m631deb8c-fbb4-489e-818e-ae698f57f50b [3mdirection[0m[2m=[0m"NO-A/YES-B" [3mraw_spread[0m[2m=[0m0.0100 [3mbid_a[0m[2m=[0m0.68 [3mask_b[0m[2m=[0m0.6700
[2m2026-04-12T20:33:39.243981Z[0m [33m WARN[0m [2mmercury::feeds::kalshi[0m[2m:[0m Kalshi sequence gap for KXBTC15M-26APR121645-45: expected 347, got 348. Book may be out of sync.
[2m2026-04-12T20:33:39.244286Z[0m [34mDEBUG[0m [2mmercury::engine::market_actor[0m[2m:[0m Tick received — running arb detection [3mmarket_id[0m[2m=[0m2b958b37-9921-40b8-b22d-64a67138ae70 [3mplatform[0m[2m=[0mPolymarket [3mbid[0m[2m=[0m0.64 [3mask[0m[2m=[0m0.66 [3mmid[0m[2m=[0m0.65 [3mbid_size[0m[2m=[0m3.69 [3mask_size[0m[2m=[0m105
[2m2026-04-12T20:33:39.244303Z[0m [34mDEBUG[0m [2mmercury::engine::market_actor[0m[2m:[0m Tick received — running arb detection [3mmarket_id[0m[2m=[0m631deb8c-fbb4-489e-818e-ae698f57f50b [3mplatform[0m[2m=[0mKalshi [3mbid[0m[2m=[0m0.6500 [3mask[0m[2m=[0m0.6700 [3mmid[0m[2m=[0m0.6600 [3mbid_size[0m[2m=[0m87.93 [3mask_size[0m[2m=[0m222.67
[2m2026-04-12T20:33:39.244333Z[0m [34mDEBUG[0m [2mmercury::engine::market_actor[0m[2m:[0m Tick received — running arb detection [3mmarket_id[0m[2m=[0m79e1f598-7189-438f-a66e-b184b04be477 [3mplatform[0m[2m=[0mPolymarket [3mbid[0m[2m=[0m0.47 [3mask[0m[2m=[0m0.48 [3mmid[0m[2m=[0m0.4750 [3mbid_size[0m[2m=[0m15.8 [3mask_size[0m[2m=[0m7.2
[2m2026-04-12T20:33:39.244441Z[0m [33m WARN[0m [2mmercury::feeds::kalshi[0m[2m:[0m Kalshi sequence gap for KXETH15M-26APR121645-45: expected 348, got 352. Book may be out of sync.
[2m2026-04-12T20:33:39.244481Z[0m [34mDEBUG[0m [2mmercury::engine::spread[0m[2m:[0m Evaluated spread direction 2 [3mmarket_id[0m[2m=[0m631deb8c-fbb4-489e-818e-ae698f57f50b [3mdirection[0m[2m=[0m"NO-A/YES-B" [3mraw_spread[0m[2m=[0m0.0100 [3mbid_a[0m[2m=[0m0.68 [3mask_b[0m[2m=[0m0.6700
[2m2026-04-12T20:33:39.244629Z[0m [34mDEBUG[0m [2mmercury::engine::market_actor[0m[2m:[0m Tick received — running arb detection [3mmarket_id[0m[2m=[0m631deb8c-fbb4-489e-818e-ae698f57f50b [3mplatform[0m[2m=[0mKalshi [3mbid[0m[2m=[0m0.6500 [3mask[0m[2m=[0m0.6700 [3mmid[0m[2m=[0m0.6600 [3mbid_size[0m[2m=[0m87.93 [3mask_size[0m[2m=[0m222.67
[2m2026-04-12T20:33:39.244642Z[0m [34mDEBUG[0m [2mmercury::engine::market_actor[0m[2m:[0m Tick received — running arb detection [3mmarket_id[0m[2m=[0m9046452d-bcb3-4bb8-8925-8924b7439992 [3mplatform[0m[2m=[0mKalshi [3mbid[0m[2m=[0m0.5500 [3mask[0m[2m=[0m0.5700 [3mmid[0m[2m=[0m0.5600 [3mbid_size[0m[2m=[0m9.37 [3mask_size[0m[2m=[0m12.00
[2m2026-04-12T20:33:39.244675Z[0m [34mDEBUG[0m [2mmercury::engine::market_actor[0m[2m:[0m Tick received — running arb detection [3mmarket_id[0m[2m=[0m79e1f598-7189-438f-a66e-b184b04be477 [3mplatform[0m[2m=[0mPolymarket [3mbid[0m[2m=[0m0.47 [3mask[0m[2m=[0m0.48 [3mmid[0m[2m=[0m0.4750 [3mbid_size[0m[2m=[0m15.8 [3mask_size[0m[2m=[0m7.2
[2m2026-04-12T20:33:39.244774Z[0m [34mDEBUG[0m [2mmercury::engine::spread[0m[2m:[0m Evaluated spread direction 2 [3mmarket_id[0m[2m=[0m631deb8c-fbb4-489e-818e-ae698f57f50b [3mdirection[0m[2m=[0m"NO-A/YES-B" [3mraw_spread[0m[2m=[0m0.0100 [3mbid_a[0m[2m=[0m0.68 [3mask_b[0m[2m=[0m0.6700
[2m2026-04-12T20:33:39.244808Z[0m [33m WARN[0m [2mmercury::feeds::kalshi[0m[2m:[0m Kalshi sequence gap for KXBTC15M-26APR121645-45: expected 352, got 356. Book may be out of sync.
[2m2026-04-12T20:33:39.244914Z[0m [34mDEBUG[0m [2mmercury::engine::market_actor[0m[2m:[0m Tick received — running arb detection [3mmarket_id[0m[2m=[0m631deb8c-fbb4-489e-818e-ae698f57f50b [3mplatform[0m[2m=[0mKalshi [3mbid[0m[2m=[0m0.6500 [3mask[0m[2m=[0m0.6700 [3mmid[0m[2m=[0m0.6600 [3mbid_size[0m[2m=[0m87.93 [3mask_size[0m[2m=[0m222.67
[2m2026-04-12T20:33:39.244948Z[0m [34mDEBUG[0m [2mmercury::engine::spread[0m[2m:[0m Evaluated spread direction 2 [3mmarket_id[0m[2m=[0m9046452d-bcb3-4bb8-8925-8924b7439992 [3mdirection[0m[2m=[0m"NO-A/YES-B" [3mraw_spread[0m[2m=[0m0.0000 [3mbid_a[0m[2m=[0m0.57 [3mask_b[0m[2m=[0m0.5700
[2m2026-04-12T20:33:39.244968Z[0m [33m WARN[0m [2mmercury::feeds::kalshi[0m[2m:[0m Kalshi sequence gap for KXETH15M-26APR121645-45: expected 356, got 357. Book may be out of sync.
[2m2026-04-12T20:33:39.245093Z[0m [34mDEBUG[0m [2mmercury::engine::market_actor[0m[2m:[0m Tick received — running arb detection [3mmarket_id[0m[2m=[0m9046452d-bcb3-4bb8-8925-8924b7439992 [3mplatform[0m[2m=[0mKalshi [3mbid[0m[2m=[0m0.5500 [3mask[0m[2m=[0m0.5700 [3mmid[0m[2m=[0m0.5600 [3mbid_size[0m[2m=[0m9.37 [3mask_size[0m[2m=[0m12.00
[2m2026-04-12T20:33:39.245147Z[0m [34mDEBUG[0m [2mmercury::engine::spread[0m[2m:[0m Evaluated spread direction 2 [3mmarket_id[0m[2m=[0m631deb8c-fbb4-489e-818e-ae698f57f50b [3mdirection[0m[2m=[0m"NO-A/YES-B" [3mraw_spread[0m[2m=[0m0.0100 [3mbid_a[0m[2m=[0m0.68 [3mask_b[0m[2m=[0m0.6700
[2m2026-04-12T20:33:39.245310Z[0m [34mDEBUG[0m [2mmercury::engine::market_actor[0m[2m:[0m Tick received — running arb detection [3mmarket_id[0m[2m=[0m631deb8c-fbb4-489e-818e-ae698f57f50b [3mplatform[0m[2m=[0mKalshi [3mbid[0m[2m=[0m0.6500 [3mask[0m[2m=[0m0.6700 [3mmid[0m[2m=[0m0.6600 [3mbid_size[0m[2m=[0m87.93 [3mask_size[0m[2m=[0m222.67
[2m2026-04-12T20:33:39.245335Z[0m [34mDEBUG[0m [2mmercury::engine::spread[0m[2m:[0m Evaluated spread direction 2 [3mmarket_id[0m[2m=[0m9046452d-bcb3-4bb8-8925-8924b7439992 [3mdirection[0m[2m=[0m"NO-A/YES-B" [3mraw_spread[0m[2m=[0m0.0000 [3mbid_a[0m[2m=[0m0.57 [3mask_b[0m[2m=[0m0.5700
[2m2026-04-12T20:33:39.245472Z[0m [34mDEBUG[0m [2mmercury::engine::market_actor[0m[2m:[0m Tick received — running arb detection [3mmarket_id[0m[2m=[0m9046452d-bcb3-4bb8-8925-8924b7439992 [3mplatform[0m[2m=[0mKalshi [3mbid[0m[2m=[0m0.5500 [3mask[0m[2m=[0m0.5700 [3mmid[0m[2m=[0m0.5600 [3mbid_size[0m[2m=[0m9.37 [3mask_size[0m[2m=[0m12.00
[2m2026-04-12T20:33:39.245490Z[0m [34mDEBUG[0m [2mmercury::engine::spread[0m[2m:[0m Evaluated spread direction 2 [3mmarket_id[0m[2m=[0m631deb8c-fbb4-489e-818e-ae698f57f50b [3mdirection[0m[2m=[0m"NO-A/YES-B" [3mraw_spread[0m[2m=[0m0.0100 [3mbid_a[0m[2m=[0m0.68 [3mask_b[0m[2m=[0m0.6700
[2m2026-04-12T20:33:39.245651Z[0m [34mDEBUG[0m [2mmercury::engine::market_actor[0m[2m:[0m Tick received — running arb detection [3mmarket_id[0m[2m=[0m631deb8c-fbb4-489e-818e-ae698f57f50b [3mplatform[0m[2m=[0mKalshi [3mbid[0m[2m=[0m0.6500 [3mask[0m[2m=[0m0.6700 [3mmid[0m[2m=[0m0.6600 [3mbid_size[0m[2m=[0m87.93 [3mask_size[0m[2m=[0m222.67
[2m2026-04-12T20:33:39.245671Z[0m [34mDEBUG[0m [2mmercury::engine::spread[0m[2m:[0m Evaluated spread direction 2 [3mmarket_id[0m[2m=[0m9046452d-bcb3-4bb8-8925-8924b7439992 [3mdirection[0m[2m=[0m"NO-A/YES-B" [3mraw_spread[0m[2m=[0m0.0000 [3mbid_a[0m[2m=[0m0.57 [3mask_b[0m[2m=[0m0.5700
[2m2026-04-12T20:33:39.245702Z[0m [33m WARN[0m [2mmercury::feeds::kalshi[0m[2m:[0m Kalshi sequence gap for KXBTC15M-26APR121645-45: expected 357, got 366. Book may be out of sync.
[2m2026-04-12T20:33:39.245818Z[0m [34mDEBUG[0m [2mmercury::engine::market_actor[0m[2m:[0m Tick received — running arb detection [3mmarket_id[0m[2m=[0m9046452d-bcb3-4bb8-8925-8924b7439992 [3mplatform[0m[2m=[0mKalshi [3mbid[0m[2m=[0m0.5500 [3mask[0m[2m=[0m0.5700 [3mmid[0m[2m=[0m0.5600 [3mbid_size[0m[2m=[0m9.37 [3mask_size[0m[2m=[0m12.00
[2m2026-04-12T20:33:39.245881Z[0m [33m WARN[0m [2mmercury::feeds::kalshi[0m[2m:[0m Kalshi sequence gap for KXETH15M-26APR121645-45: expected 366, got 367. Book may be out of sync.
[2m2026-04-12T20:33:39.245868Z[0m [34mDEBUG[0m [2mmercury::engine::spread[0m[2m:[0m Evaluated spread direction 2 [3mmarket_id[0m[2m=[0m631deb8c-fbb4-489e-818e-ae698f57f50b [3mdirection[0m[2m=[0m"NO-A/YES-B" [3mraw_spread[0m[2m=[0m0.0100 [3mbid_a[0m[2m=[0m0.68 [3mask_b[0m[2m=[0m0.6700
[2m2026-04-12T20:33:39.246099Z[0m [33m WARN[0m [2mmercury::feeds::kalshi[0m[2m:[0m Kalshi sequence gap for KXBTC15M-26APR121645-45: expected 367, got 369. Book may be out of sync.
[2m2026-04-12T20:33:39.246079Z[0m [34mDEBUG[0m [2mmercury::engine::market_actor[0m[2m:[0m Tick received — running arb detection [3mmarket_id[0m[2m=[0m631deb8c-fbb4-489e-818e-ae698f57f50b [3mplatform[0m[2m=[0mKalshi [3mbid[0m[2m=[0m0.6500 [3mask[0m[2m=[0m0.6700 [3mmid[0m[2m=[0m0.6600 [3mbid_size[0m[2m=[0m87.93 [3mask_size[0m[2m=[0m222.67
[2m2026-04-12T20:33:39.246094Z[0m [34mDEBUG[0m [2mmercury::engine::spread[0m[2m:[0m Evaluated spread direction 2 [3mmarket_id[0m[2m=[0m9046452d-bcb3-4bb8-8925-8924b7439992 [3mdirection[0m[2m=[0m"NO-A/YES-B" [3mraw_spread[0m[2m=[0m0.0000 [3mbid_a[0m[2m=[0m0.57 [3mask_b[0m[2m=[0m0.5700
[2m2026-04-12T20:33:39.246374Z[0m [34mDEBUG[0m [2mmercury::engine::market_actor[0m[2m:[0m Tick received — running arb detection [3mmarket_id[0m[2m=[0m9046452d-bcb3-4bb8-8925-8924b7439992 [3mplatform[0m[2m=[0mKalshi [3mbid[0m[2m=[0m0.5500 [3mask[0m[2m=[0m0.5700 [3mmid[0m[2m=[0m0.5600 [3mbid_size[0m[2m=[0m9.37 [3mask_size[0m[2m=[0m10.00
[2m2026-04-12T20:33:39.246397Z[0m [34mDEBUG[0m [2mmercury::engine::spread[0m[2m:[0m Evaluated spread direction 2 [3mmarket_id[0m[2m=[0m631deb8c-fbb4-489e-818e-ae698f57f50b [3mdirection[0m[2m=[0m"NO-A/YES-B" [3mraw_spread[0m[2m=[0m0.0100 [3mbid_a[0m[2m=[0m0.68 [3mask_b[0m[2m=[0m0.6700
[2m2026-04-12T20:33:39.246567Z[0m [34mDEBUG[0m [2mmercury::engine::market_actor[0m[2m:[0m Tick received — running arb detection [3mmarket_id[0m[2m=[0m631deb8c-fbb4-489e-818e-ae698f57f50b [3mplatform[0m[2m=[0mKalshi [3mbid[0m[2m=[0m0.6500 [3mask[0m[2m=[0m0.6700 [3mmid[0m[2m=[0m0.6600 [3mbid_size[0m[2m=[0m87.93 [3mask_size[0m[2m=[0m222.67
[2m2026-04-12T20:33:39.246598Z[0m [34mDEBUG[0m [2mmercury::engine::spread[0m[2m:[0m Evaluated spread direction 2 [3mmarket_id[0m[2m=[0m9046452d-bcb3-4bb8-8925-8924b7439992 [3mdirection[0m[2m=[0m"NO-A/YES-B" [3mraw_spread[0m[2m=[0m0.0000 [3mbid_a[0m[2m=[0m0.57 [3mask_b[0m[2m=[0m0.5700
[2m2026-04-12T20:33:39.246712Z[0m [34mDEBUG[0m [2mmercury::engine::market_actor[0m[2m:[0m Tick received — running arb detection [3mmarket_id[0m[2m=[0m9046452d-bcb3-4bb8-8925-8924b7439992 [3mplatform[0m[2m=[0mKalshi [3mbid[0m[2m=[0m0.5500 [3mask[0m[2m=[0m0.5700 [3mmid[0m[2m=[0m0.5600 [3mbid_size[0m[2m=[0m9.37 [3mask_size[0m[2m=[0m10.00
[2m2026-04-12T20:33:39.246729Z[0m [34mDEBUG[0m [2mmercury::engine::spread[0m[2m:[0m Evaluated spread direction 2 [3mmarket_id[0m[2m=[0m631deb8c-fbb4-489e-818e-ae698f57f50b [3mdirection[0m[2m=[0m"NO-A/YES-B" [3mraw_spread[0m[2m=[0m0.0100 [3mbid_a[0m[2m=[0m0.68 [3mask_b[0m[2m=[0m0.6700
[2m2026-04-12T20:33:39.246871Z[0m [34mDEBUG[0m [2mmercury::engine::market_actor[0m[2m:[0m Tick received — running arb detection [3mmarket_id[0m[2m=[0m631deb8c-fbb4-489e-818e-ae698f57f50b [3mplatform[0m[2m=[0mKalshi [3mbid[0m[2m=[0m0.6500 [3mask[0m[2m=[0m0.6700 [3mmid[0m[2m=[0m0.6600 [3mbid_size[0m[2m=[0m87.93 [3mask_size[0m[2m=[0m222.67
[2m2026-04-12T20:33:39.246886Z[0m [34mDEBUG[0m [2mmercury::engine::spread[0m[2m:[0m Evaluated spread direction 2 [3mmarket_id[0m[2m=[0m9046452d-bcb3-4bb8-8925-8924b7439992 [3mdirection[0m[2m=[0m"NO-A/YES-B" [3mraw_spread[0m[2m=[0m0.0000 [3mbid_a[0m[2m=[0m0.57 [3mask_b[0m[2m=[0m0.5700
[2m2026-04-12T20:33:39.247014Z[0m [34mDEBUG[0m [2mmercury::engine::market_actor[0m[2m:[0m Tick received — running arb detection [3mmarket_id[0m[2m=[0m9046452d-bcb3-4bb8-8925-8924b7439992 [3mplatform[0m[2m=[0mKalshi [3mbid[0m[2m=[0m0.5500 [3mask[0m[2m=[0m0.5700 [3mmid[0m[2m=[0m0.5600 [3mbid_size[0m[2m=[0m9.37 [3mask_size[0m[2m=[0m10.00
[2m2026-04-12T20:33:39.247045Z[0m [34mDEBUG[0m [2mmercury::engine::spread[0m[2m:[0m Evaluated spread direction 2 [3mmarket_id[0m[2m=[0m631deb8c-fbb4-489e-818e-ae698f57f50b [3mdirection[0m[2m=[0m"NO-A/YES-B" [3mraw_spread[0m[2m=[0m0.0100 [3mbid_a[0m[2m=[0m0.68 [3mask_b[0m[2m=[0m0.6700
[2m2026-04-12T20:33:39.247189Z[0m [34mDEBUG[0m [2mmercury::engine::spread[0m[2m:[0m Evaluated spread direction 2 [3mmarket_id[0m[2m=[0m9046452d-bcb3-4bb8-8925-8924b7439992 [3mdirection[0m[2m=[0m"NO-A/YES-B" [3mraw_spread[0m[2m=[0m0.0000 [3mbid_a[0m[2m=[0m0.57 [3mask_b[0m[2m=[0m0.5700
[2m2026-04-12T20:33:39.247293Z[0m [34mDEBUG[0m [2mmercury::engine::market_actor[0m[2m:[0m Tick received — running arb detection [3mmarket_id[0m[2m=[0m9046452d-bcb3-4bb8-8925-8924b7439992 [3mplatform[0m[2m=[0mKalshi [3mbid[0m[2m=[0m0.5500 [3mask[0m[2m=[0m0.5700 [3mmid[0m[2m=[0m0.5600 [3mbid_size[0m[2m=[0m9.37 [3mask_size[0m[2m=[0m10.00
[2m2026-04-12T20:33:39.247408Z[0m [34mDEBUG[0m [2mmercury::engine::spread[0m[2m:[0m Evaluated spread direction 2 [3mmarket_id[0m[2m=[0m9046452d-bcb3-4bb8-8925-8924b7439992 [3mdirection[0m[2m=[0m"NO-A/YES-B" [3mraw_spread[0m[2m=[0m0.0000 [3mbid_a[0m[2m=[0m0.57 [3mask_b[0m[2m=[0m0.5700
[2m2026-04-12T20:33:39.247507Z[0m [34mDEBUG[0m [2mmercury::engine::market_actor[0m[2m:[0m Tick received — running arb detection [3mmarket_id[0m[2m=[0m9046452d-bcb3-4bb8-8925-8924b7439992 [3mplatform[0m[2m=[0mKalshi [3mbid[0m[2m=[0m0.5500 [3mask[0m[2m=[0m0.5700 [3mmid[0m[2m=[0m0.5600 [3mbid_size[0m[2m=[0m9.37 [3mask_size[0m[2m=[0m10.00
[2m2026-04-12T20:33:39.247620Z[0m [34mDEBUG[0m [2mmercury::engine::spread[0m[2m:[0m Evaluated spread direction 2 [3mmarket_id[0m[2m=[0m9046452d-bcb3-4bb8-8925-8924b7439992 [3mdirection[0m[2m=[0m"NO-A/YES-B" [3mraw_spread[0m[2m=[0m0.0000 [3mbid_a[0m[2m=[0m0.57 [3mask_b[0m[2m=[0m0.5700
[2m2026-04-12T20:33:39.247720Z[0m [34mDEBUG[0m [2mmercury::engine::market_actor[0m[2m:[0m Tick received — running arb detection [3mmarket_id[0m[2m=[0m9046452d-bcb3-4bb8-8925-8924b7439992 [3mplatform[0m[2m=[0mKalshi [3mbid[0m[2m=[0m0.5500 [3mask[0m[2m=[0m0.5700 [3mmid[0m[2m=[0m0.5600 [3mbid_size[0m[2m=[0m9.37 [3mask_size[0m[2m=[0m10.00
[2m2026-04-12T20:33:39.247833Z[0m [34mDEBUG[0m [2mmercury::engine::spread[0m[2m:[0m Evaluated spread direction 2 [3mmarket_id[0m[2m=[0m9046452d-bcb3-4bb8-8925-8924b7439992 [3mdirection[0m[2m=[0m"NO-A/YES-B" [3mraw_spread[0m[2m=[0m0.0000 [3mbid_a[0m[2m=[0m0.57 [3mask_b[0m[2m=[0m0.5700
[2m2026-04-12T20:33:39.247932Z[0m [34mDEBUG[0m [2mmercury::engine::market_actor[0m[2m:[0m Tick received — running arb detection [3mmarket_id[0m[2m=[0m9046452d-bcb3-4bb8-8925-8924b7439992 [3mplatform[0m[2m=[0mKalshi [3mbid[0m[2m=[0m0.5500 [3mask[0m[2m=[0m0.5700 [3mmid[0m[2m=[0m0.5600 [3mbid_size[0m[2m=[0m9.37 [3mask_size[0m[2m=[0m10.00
[2m2026-04-12T20:33:39.248045Z[0m [34mDEBUG[0m [2mmercury::engine::spread[0m[2m:[0m Evaluated spread direction 2 [3mmarket_id[0m[2m=[0m9046452d-bcb3-4bb8-8925-8924b7439992 [3mdirection[0m[2m=[0m"NO-A/YES-B" [3mraw_spread[0m[2m=[0m0.0000 [3mbid_a[0m[2m=[0m0.57 [3mask_b[0m[2m=[0m0.5700
[2m2026-04-12T20:33:39.248143Z[0m [34mDEBUG[0m [2mmercury::engine::market_actor[0m[2m:[0m Tick received — running arb detection [3mmarket_id[0m[2m=[0m9046452d-bcb3-4bb8-8925-8924b7439992 [3mplatform[0m[2m=[0mKalshi [3mbid[0m[2m=[0m0.5500 [3mask[0m[2m=[0m0.5700 [3mmid[0m[2m=[0m0.5600 [3mbid_size[0m[2m=[0m9.37 [3mask_size[0m[2m=[0m10.00
[2m2026-04-12T20:33:39.248257Z[0m [34mDEBUG[0m [2mmercury::engine::spread[0m[2m:[0m Evaluated spread direction 2 [3mmarket_id[0m[2m=[0m9046452d-bcb3-4bb8-8925-8924b7439992 [3mdirection[0m[2m=[0m"NO-A/YES-B" [3mraw_spread[0m[2m=[0m0.0000 [3mbid_a[0m[2m=[0m0.57 [3mask_b[0m[2m=[0m0.5700
[2m2026-04-12T20:33:39.248356Z[0m [34mDEBUG[0m [2mmercury::engine::market_actor[0m[2m:[0m Tick received — running arb detection [3mmarket_id[0m[2m=[0m9046452d-bcb3-4bb8-8925-8924b7439992 [3mplatform[0m[2m=[0mKalshi [3mbid[0m[2m=[0m0.5500 [3mask[0m[2m=[0m0.5700 [3mmid[0m[2m=[0m0.5600 [3mbid_size[0m[2m=[0m9.37 [3mask_size[0m[2m=[0m10.00
[2m2026-04-12T20:33:39.248468Z[0m [34mDEBUG[0m [2mmercury::engine::spread[0m[2m:[0m Evaluated spread direction 2 [3mmarket_id[0m[2m=[0m9046452d-bcb3-4bb8-8925-8924b7439992 [3mdirection[0m[2m=[0m"NO-A/YES-B" [3mraw_spread[0m[2m=[0m0.0000 [3mbid_a[0m[2m=[0m0.57 [3mask_b[0m[2m=[0m0.5700
[2m2026-04-12T20:33:39.248567Z[0m [34mDEBUG[0m [2mmercury::engine::market_actor[0m[2m:[0m Tick received — running arb detection [3mmarket_id[0m[2m=[0m9046452d-bcb3-4bb8-8925-8924b7439992 [3mplatform[0m[2m=[0mKalshi [3mbid[0m[2m=[0m0.5500 [3mask[0m[2m=[0m0.5700 [3mmid[0m[2m=[0m0.5600 [3mbid_size[0m[2m=[0m9.37 [3mask_size[0m[2m=[0m10.00
[2m2026-04-12T20:33:39.248681Z[0m [34mDEBUG[0m [2mmercury::engine::spread[0m[2m:[0m Evaluated spread direction 2 [3mmarket_id[0m[2m=[0m9046452d-bcb3-4bb8-8925-8924b7439992 [3mdirection[0m[2m=[0m"NO-A/YES-B" [3mraw_spread[0m[2m=[0m0.0000 [3mbid_a[0m[2m=[0m0.57 [3mask_b[0m[2m=[0m0.5700
[2m2026-04-12T20:33:39.248780Z[0m [34mDEBUG[0m [2mmercury::engine::market_actor[0m[2m:[0m Tick received — running arb detection [3mmarket_id[0m[2m=[0m9046452d-bcb3-4bb8-8925-8924b7439992 [3mplatform[0m[2m=[0mKalshi [3mbid[0m[2m=[0m0.5500 [3mask[0m[2m=[0m0.5700 [3mmid[0m[2m=[0m0.5600 [3mbid_size[0m[2m=[0m9.37 [3mask_size[0m[2m=[0m10.00
[2m2026-04-12T20:33:39.248893Z[0m [34mDEBUG[0m [2mmercury::engine::spread[0m[2m:[0m Evaluated spread direction 2 [3mmarket_id[0m[2m=[0m9046452d-bcb3-4bb8-8925-8924b7439992 [3mdirection[0m[2m=[0m"NO-A/YES-B" [3mraw_spread[0m[2m=[0m0.0000 [3mbid_a[0m[2m=[0m0.57 [3mask_b[0m[2m=[0m0.5700
[2m2026-04-12T20:33:39.252159Z[0m [34mDEBUG[0m [2mmercury::engine::market_actor[0m[2m:[0m Tick received — running arb detection [3mmarket_id[0m[2m=[0m631deb8c-fbb4-489e-818e-ae698f57f50b [3mplatform[0m[2m=[0mKalshi [3mbid[0m[2m=[0m0.6500 [3mask[0m[2m=[0m0.6700 [3mmid[0m[2m=[0m0.6600 [3mbid_size[0m[2m=[0m87.93 [3mask_size[0m[2m=[0m222.67
[2m2026-04-12T20:33:39.252318Z[0m [34mDEBUG[0m [2mmercury::engine::spread[0m[2m:[0m Evaluated spread direction 2 [3mmarket_id[0m[2m=[0m631deb8c-fbb4-489e-818e-ae698f57f50b [3mdirection[0m[2m=[0m"NO-A/YES-B" [3mraw_spread[0m[2m=[0m0.0100 [3mbid_a[0m[2m=[0m0.68 [3mask_b[0m[2m=[0m0.6700
[2m2026-04-12T20:33:39.252462Z[0m [34mDEBUG[0m [2mmercury::engine::market_actor[0m[2m:[0m Tick received — running arb detection [3mmarket_id[0m[2m=[0m631deb8c-fbb4-489e-818e-ae698f57f50b [3mplatform[0m[2m=[0mKalshi [3mbid[0m[2m=[0m0.6500 [3mask[0m[2m=[0m0.6700 [3mmid[0m[2m=[0m0.6600 [3mbid_size[0m[2m=[0m87.93 [3mask_size[0m[2m=[0m222.67
[2m2026-04-12T20:33:39.252602Z[0m [34mDEBUG[0m [2mmercury::engine::spread[0m[2m:[0m Evaluated spread direction 2 [3mmarket_id[0m[2m=[0m631deb8c-fbb4-489e-818e-ae698f57f50b [3mdirection[0m[2m=[0m"NO-A/YES-B" [3mraw_spread[0m[2m=[0m0.0100 [3mbid_a[0m[2m=[0m0.68 [3mask_b[0m[2m=[0m0.6700
[2m2026-04-12T20:33:39.285301Z[0m [33m WARN[0m [2mmercury::feeds::kalshi[0m[2m:[0m Kalshi sequence gap for KXETH15M-26APR121645-45: expected 369, got 373. Book may be out of sync.
[2m2026-04-12T20:33:39.285533Z[0m [34mDEBUG[0m [2mmercury::engine::market_actor[0m[2m:[0m Tick received — running arb detection [3mmarket_id[0m[2m=[0m79e1f598-7189-438f-a66e-b184b04be477 [3mplatform[0m[2m=[0mPolymarket [3mbid[0m[2m=[0m0.47 [3mask[0m[2m=[0m0.48 [3mmid[0m[2m=[0m0.4750 [3mbid_size[0m[2m=[0m15.8 [3mask_size[0m[2m=[0m7.2
[2m2026-04-12T20:33:39.285616Z[0m [34mDEBUG[0m [2mmercury::engine::market_actor[0m[2m:[0m Tick received — running arb detection [3mmarket_id[0m[2m=[0m9046452d-bcb3-4bb8-8925-8924b7439992 [3mplatform[0m[2m=[0mKalshi [3mbid[0m[2m=[0m0.5500 [3mask[0m[2m=[0m0.5700 [3mmid[0m[2m=[0m0.5600 [3mbid_size[0m[2m=[0m9.37 [3mask_size[0m[2m=[0m10.00
[2m2026-04-12T20:33:39.285772Z[0m [34mDEBUG[0m [2mmercury::engine::market_actor[0m[2m:[0m Tick received — running arb detection [3mmarket_id[0m[2m=[0m79e1f598-7189-438f-a66e-b184b04be477 [3mplatform[0m[2m=[0mPolymarket [3mbid[0m[2m=[0m0.47 [3mask[0m[2m=[0m0.48 [3mmid[0m[2m=[0m0.4750 [3mbid_size[0m[2m=[0m15.8 [3mask_size[0m[2m=[0m7.2
[2m2026-04-12T20:33:39.285812Z[0m [34mDEBUG[0m [2mmercury::engine::spread[0m[2m:[0m Evaluated spread direction 2 [3mmarket_id[0m[2m=[0m9046452d-bcb3-4bb8-8925-8924b7439992 [3mdirection[0m[2m=[0m"NO-A/YES-B" [3mraw_spread[0m[2m=[0m0.0000 [3mbid_a[0m[2m=[0m0.57 [3mask_b[0m[2m=[0m0.5700
[2m2026-04-12T20:33:39.285975Z[0m [34mDEBUG[0m [2mmercury::engine::market_actor[0m[2m:[0m Tick received — running arb detection [3mmarket_id[0m[2m=[0m9046452d-bcb3-4bb8-8925-8924b7439992 [3mplatform[0m[2m=[0mKalshi [3mbid[0m[2m=[0m0.5500 [3mask[0m[2m=[0m0.5700 [3mmid[0m[2m=[0m0.5600 [3mbid_size[0m[2m=[0m9.37 [3mask_size[0m[2m=[0m10.00
[2m2026-04-12T20:33:39.286166Z[0m [34mDEBUG[0m [2mmercury::engine::spread[0m[2m:[0m Evaluated spread direction 2 [3mmarket_id[0m[2m=[0m9046452d-bcb3-4bb8-8925-8924b7439992 [3mdirection[0m[2m=[0m"NO-A/YES-B" [3mraw_spread[0m[2m=[0m0.0000 [3mbid_a[0m[2m=[0m0.57 [3mask_b[0m[2m=[0m0.5700
[2m2026-04-12T20:33:39.286316Z[0m [34mDEBUG[0m [2mmercury::engine::market_actor[0m[2m:[0m Tick received — running arb detection [3mmarket_id[0m[2m=[0m9046452d-bcb3-4bb8-8925-8924b7439992 [3mplatform[0m[2m=[0mKalshi [3mbid[0m[2m=[0m0.5500 [3mask[0m[2m=[0m0.5700 [3mmid[0m[2m=[0m0.5600 [3mbid_size[0m[2m=[0m9.37 [3mask_size[0m[2m=[0m10.00
[2m2026-04-12T20:33:39.286448Z[0m [34mDEBUG[0m [2mmercury::engine::spread[0m[2m:[0m Evaluated spread direction 2 [3mmarket_id[0m[2m=[0m9046452d-bcb3-4bb8-8925-8924b7439992 [3mdirection[0m[2m=[0m"NO-A/YES-B" [3mraw_spread[0m[2m=[0m0.0000 [3mbid_a[0m[2m=[0m0.57 [3mask_b[0m[2m=[0m0.5700
[2m2026-04-12T20:33:39.286566Z[0m [34mDEBUG[0m [2mmercury::engine::market_actor[0m[2m:[0m Tick received — running arb detection [3mmarket_id[0m[2m=[0m9046452d-bcb3-4bb8-8925-8924b7439992 [3mplatform[0m[2m=[0mKalshi [3mbid[0m[2m=[0m0.5500 [3mask[0m[2m=[0m0.5800 [3mmid[0m[2m=[0m0.5650 [3mbid_size[0m[2m=[0m9.37 [3mask_size[0m[2m=[0m30.00
[2m2026-04-12T20:33:39.286696Z[0m [34mDEBUG[0m [2mmercury::engine::spread[0m[2m:[0m Evaluated spread direction 2 [3mmarket_id[0m[2m=[0m9046452d-bcb3-4bb8-8925-8924b7439992 [3mdirection[0m[2m=[0m"NO-A/YES-B" [3mraw_spread[0m[2m=[0m-0.0100 [3mbid_a[0m[2m=[0m0.57 [3mask_b[0m[2m=[0m0.5800
[2m2026-04-12T20:33:39.286814Z[0m [34mDEBUG[0m [2mmercury::engine::market_actor[0m[2m:[0m Tick received — running arb detection [3mmarket_id[0m[2m=[0m9046452d-bcb3-4bb8-8925-8924b7439992 [3mplatform[0m[2m=[0mKalshi [3mbid[0m[2m=[0m0.5500 [3mask[0m[2m=[0m0.5800 [3mmid[0m[2m=[0m0.5650 [3mbid_size[0m[2m=[0m9.37 [3mask_size[0m[2m=[0m30.00
[2m2026-04-12T20:33:39.286943Z[0m [34mDEBUG[0m [2mmercury::engine::spread[0m[2m:[0m Evaluated spread direction 2 [3mmarket_id[0m[2m=[0m9046452d-bcb3-4bb8-8925-8924b7439992 [3mdirection[0m[2m=[0m"NO-A/YES-B" [3mraw_spread[0m[2m=[0m-0.0100 [3mbid_a[0m[2m=[0m0.57 [3mask_b[0m[2m=[0m0.5800
[2m2026-04-12T20:33:39.287060Z[0m [34mDEBUG[0m [2mmercury::engine::market_actor[0m[2m:[0m Tick received — running arb detection [3mmarket_id[0m[2m=[0m9046452d-bcb3-4bb8-8925-8924b7439992 [3mplatform[0m[2m=[0mKalshi [3mbid[0m[2m=[0m0.5500 [3mask[0m[2m=[0m0.5800 [3mmid[0m[2m=[0m0.5650 [3mbid_size[0m[2m=[0m9.37 [3mask_size[0m[2m=[0m30.00
[2m2026-04-12T20:33:39.287191Z[0m [34mDEBUG[0m [2mmercury::engine::spread[0m[2m:[0m Evaluated spread direction 2 [3mmarket_id[0m[2m=[0m9046452d-bcb3-4bb8-8925-8924b7439992 [3mdirection[0m[2m=[0m"NO-A/YES-B" [3mraw_spread[0m[2m=[0m-0.0100 [3mbid_a[0m[2m=[0m0.57 [3mask_b[0m[2m=[0m0.5800
[2m2026-04-12T20:33:39.287303Z[0m [34mDEBUG[0m [2mmercury::engine::market_actor[0m[2m:[0m Tick received — running arb detection [3mmarket_id[0m[2m=[0m9046452d-bcb3-4bb8-8925-8924b7439992 [3mplatform[0m[2m=[0mKalshi [3mbid[0m[2m=[0m0.5500 [3mask[0m[2m=[0m0.5800 [3mmid[0m[2m=[0m0.5650 [3mbid_size[0m[2m=[0m9.37 [3mask_size[0m[2m=[0m30.00
[2m2026-04-12T20:33:39.287434Z[0m [34mDEBUG[0m [2mmercury::engine::spread[0m[2m:[0m Evaluated spread direction 2 [3mmarket_id[0m[2m=[0m9046452d-bcb3-4bb8-8925-8924b7439992 [3mdirection[0m[2m=[0m"NO-A/YES-B" [3mraw_spread[0m[2m=[0m-0.0100 [3mbid_a[0m[2m=[0m0.57 [3mask_b[0m[2m=[0m0.5800
[2m2026-04-12T20:33:39.287553Z[0m [34mDEBUG[0m [2mmercury::engine::market_actor[0m[2m:[0m Tick received — running arb detection [3mmarket_id[0m[2m=[0m9046452d-bcb3-4bb8-8925-8924b7439992 [3mplatform[0m[2m=[0mKalshi [3mbid[0m[2m=[0m0.5500 [3mask[0m[2m=[0m0.5800 [3mmid[0m[2m=[0m0.5650 [3mbid_size[0m[2m=[0m9.37 [3mask_size[0m[2m=[0m40.00
[2m2026-04-12T20:33:39.287686Z[0m [34mDEBUG[0m [2mmercury::engine::spread[0m[2m:[0m Evaluated spread direction 2 [3mmarket_id[0m[2m=[0m9046452d-bcb3-4bb8-8925-8924b7439992 [3mdirection[0m[2m=[0m"NO-A/YES-B" [3mraw_spread[0m[2m=[0m-0.0100 [3mbid_a[0m[2m=[0m0.57 [3mask_b[0m[2m=[0m0.5800
[2m2026-04-12T20:33:39.344024Z[0m [34mDEBUG[0m [2mmercury::engine::market_actor[0m[2m:[0m Tick received — running arb detection [3mmarket_id[0m[2m=[0m9046452d-bcb3-4bb8-8925-8924b7439992 [3mplatform[0m[2m=[0mKalshi [3mbid[0m[2m=[0m0.5500 [3mask[0m[2m=[0m0.5800 [3mmid[0m[2m=[0m0.5650 [3mbid_size[0m[2m=[0m9.37 [3mask_size[0m[2m=[0m61.33
[2m2026-04-12T20:33:39.344242Z[0m [34mDEBUG[0m [2mmercury::engine::spread[0m[2m:[0m Evaluated spread direction 2 [3mmarket_id[0m[2m=[0m9046452d-bcb3-4bb8-8925-8924b7439992 [3mdirection[0m[2m=[0m"NO-A/YES-B" [3mraw_spread[0m[2m=[0m-0.0100 [3mbid_a[0m[2m=[0m0.57 [3mask_b[0m[2m=[0m0.5800
[2m2026-04-12T20:33:39.344374Z[0m [34mDEBUG[0m [2mmercury::engine::market_actor[0m[2m:[0m Tick received — running arb detection [3mmarket_id[0m[2m=[0m9046452d-bcb3-4bb8-8925-8924b7439992 [3mplatform[0m[2m=[0mKalshi [3mbid[0m[2m=[0m0.5500 [3mask[0m[2m=[0m0.5800 [3mmid[0m[2m=[0m0.5650 [3mbid_size[0m[2m=[0m1.00 [3mask_size[0m[2m=[0m61.33
[2m2026-04-12T20:33:39.344512Z[0m [34mDEBUG[0m [2mmercury::engine::spread[0m[2m:[0m Evaluated spread direction 2 [3mmarket_id[0m[2m=[0m9046452d-bcb3-4bb8-8925-8924b7439992 [3mdirection[0m[2m=[0m"NO-A/YES-B" [3mraw_spread[0m[2m=[0m-0.0100 [3mbid_a[0m[2m=[0m0.57 [3mask_b[0m[2m=[0m0.5800
[2m2026-04-12T20:33:39.344634Z[0m [34mDEBUG[0m [2mmercury::engine::market_actor[0m[2m:[0m Tick received — running arb detection [3mmarket_id[0m[2m=[0m9046452d-bcb3-4bb8-8925-8924b7439992 [3mplatform[0m[2m=[0mKalshi [3mbid[0m[2m=[0m0.5500 [3mask[0m[2m=[0m0.5800 [3mmid[0m[2m=[0m0.5650 [3mbid_size[0m[2m=[0m1.00 [3mask_size[0m[2m=[0m61.33
[2m2026-04-12T20:33:39.344767Z[0m [34mDEBUG[0m [2mmercury::engine::spread[0m[2m:[0m Evaluated spread direction 2 [3mmarket_id[0m[2m=[0m9046452d-bcb3-4bb8-8925-8924b7439992 [3mdirection[0m[2m=[0m"NO-A/YES-B" [3mraw_spread[0m[2m=[0m-0.0100 [3mbid_a[0m[2m=[0m0.57 [3mask_b[0m[2m=[0m0.5800
[2m2026-04-12T20:33:39.344888Z[0m [34mDEBUG[0m [2mmercury::engine::market_actor[0m[2m:[0m Tick received — running arb detection [3mmarket_id[0m[2m=[0m9046452d-bcb3-4bb8-8925-8924b7439992 [3mplatform[0m[2m=[0mKalshi [3mbid[0m[2m=[0m0.5500 [3mask[0m[2m=[0m0.5800 [3mmid[0m[2m=[0m0.5650 [3mbid_size[0m[2m=[0m1.00 [3mask_size[0m[2m=[0m61.33
[2m2026-04-12T20:33:39.345025Z[0m [34mDEBUG[0m [2mmercury::engine::spread[0m[2m:[0m Evaluated spread direction 2 [3mmarket_id[0m[2m=[0m9046452d-bcb3-4bb8-8925-8924b7439992 [3mdirection[0m[2m=[0m"NO-A/YES-B" [3mraw_spread[0m[2m=[0m-0.0100 [3mbid_a[0m[2m=[0m0.57 [3mask_b[0m[2m=[0m0.5800
[2m2026-04-12T20:33:39.348656Z[0m [34mDEBUG[0m [2mmercury::engine::market_actor[0m[2m:[0m Tick received — running arb detection [3mmarket_id[0m[2m=[0m631deb8c-fbb4-489e-818e-ae698f57f50b [3mplatform[0m[2m=[0mPolymarket [3mbid[0m[2m=[0m0.68 [3mask[0m[2m=[0m0.69 [3mmid[0m[2m=[0m0.6850 [3mbid_size[0m[2m=[0m192.7 [3mask_size[0m[2m=[0m40.85
[2m2026-04-12T20:33:39.348821Z[0m [34mDEBUG[0m [2mmercury::engine::spread[0m[2m:[0m Evaluated spread direction 2 [3mmarket_id[0m[2m=[0m631deb8c-fbb4-489e-818e-ae698f57f50b [3mdirection[0m[2m=[0m"NO-A/YES-B" [3mraw_spread[0m[2m=[0m0.0100 [3mbid_a[0m[2m=[0m0.68 [3mask_b[0m[2m=[0m0.6700
[2m2026-04-12T20:33:39.349541Z[0m [34mDEBUG[0m [2mmercury::engine::market_actor[0m[2m:[0m Tick received — running arb detection [3mmarket_id[0m[2m=[0m631deb8c-fbb4-489e-818e-ae698f57f50b [3mplatform[0m[2m=[0mPolymarket [3mbid[0m[2m=[0m0.68 [3mask[0m[2m=[0m0.69 [3mmid[0m[2m=[0m0.6850 [3mbid_size[0m[2m=[0m192.7 [3mask_size[0m[2m=[0m40.85
[2m2026-04-12T20:33:39.349685Z[0m [34mDEBUG[0m [2mmercury::engine::spread[0m[2m:[0m Evaluated spread direction 2 [3mmarket_id[0m[2m=[0m631deb8c-fbb4-489e-818e-ae698f57f50b [3mdirection[0m[2m=[0m"NO-A/YES-B" [3mraw_spread[0m[2m=[0m0.0100 [3mbid_a[0m[2m=[0m0.68 [3mask_b[0m[2m=[0m0.6700
[2m2026-04-12T20:33:39.349817Z[0m [34mDEBUG[0m [2mmercury::engine::market_actor[0m[2m:[0m Tick received — running arb detection [3mmarket_id[0m[2m=[0m631deb8c-fbb4-489e-818e-ae698f57f50b [3mplatform[0m[2m=[0mPolymarket [3mbid[0m[2m=[0m0.68 [3mask[0m[2m=[0m0.69 [3mmid[0m[2m=[0m0.6850 [3mbid_size[0m[2m=[0m192.7 [3mask_size[0m[2m=[0m40.85
[2m2026-04-12T20:33:39.349939Z[0m [34mDEBUG[0m [2mmercury::engine::spread[0m[2m:[0m Evaluated spread direction 2 [3mmarket_id[0m[2m=[0m631deb8c-fbb4-489e-818e-ae698f57f50b [3mdirection[0m[2m=[0m"NO-A/YES-B" [3mraw_spread[0m[2m=[0m0.0100 [3mbid_a[0m[2m=[0m0.68 [3mask_b[0m[2m=[0m0.6700
[2m2026-04-12T20:33:39.350065Z[0m [34mDEBUG[0m [2mmercury::engine::market_actor[0m[2m:[0m Tick received — running arb detection [3mmarket_id[0m[2m=[0m631deb8c-fbb4-489e-818e-ae698f57f50b [3mplatform[0m[2m=[0mPolymarket [3mbid[0m[2m=[0m0.68 [3mask[0m[2m=[0m0.69 [3mmid[0m[2m=[0m0.6850 [3mbid_size[0m[2m=[0m192.7 [3mask_size[0m[2m=[0m40.85
[2m2026-04-12T20:33:39.350184Z[0m [34mDEBUG[0m [2mmercury::engine::spread[0m[2m:[0m Evaluated spread direction 2 [3mmarket_id[0m[2m=[0m631deb8c-fbb4-489e-818e-ae698f57f50b [3mdirection[0m[2m=[0m"NO-A/YES-B" [3mraw_spread[0m[2m=[0m0.0100 [3mbid_a[0m[2m=[0m0.68 [3mask_b[0m[2m=[0m0.6700
[2m2026-04-12T20:33:39.392449Z[0m [33m WARN[0m [2mmercury::feeds::kalshi[0m[2m:[0m Kalshi sequence gap for KXBTC15M-26APR121645-45: expected 373, got 385. Book may be out of sync.
[2m2026-04-12T20:33:39.392629Z[0m [34mDEBUG[0m [2mmercury::engine::market_actor[0m[2m:[0m Tick received — running arb detection [3mmarket_id[0m[2m=[0m631deb8c-fbb4-489e-818e-ae698f57f50b [3mplatform[0m[2m=[0mPolymarket [3mbid[0m[2m=[0m0.68 [3mask[0m[2m=[0m0.69 [3mmid[0m[2m=[0m0.6850 [3mbid_size[0m[2m=[0m192.7 [3mask_size[0m[2m=[0m40.85
[2m2026-04-12T20:33:39.392666Z[0m [34mDEBUG[0m [2mmercury::engine::market_actor[0m[2m:[0m Tick received — running arb detection [3mmarket_id[0m[2m=[0m9046452d-bcb3-4bb8-8925-8924b7439992 [3mplatform[0m[2m=[0mPolymarket [3mbid[0m[2m=[0m0.57 [3mask[0m[2m=[0m0.58 [3mmid[0m[2m=[0m0.5750 [3mbid_size[0m[2m=[0m147.1 [3mask_size[0m[2m=[0m10.11
[2m2026-04-12T20:33:39.392741Z[0m [34mDEBUG[0m [2mmercury::engine::spread[0m[2m:[0m Evaluated spread direction 2 [3mmarket_id[0m[2m=[0m631deb8c-fbb4-489e-818e-ae698f57f50b [3mdirection[0m[2m=[0m"NO-A/YES-B" [3mraw_spread[0m[2m=[0m0.0100 [3mbid_a[0m[2m=[0m0.68 [3mask_b[0m[2m=[0m0.6700
[2m2026-04-12T20:33:39.392839Z[0m [34mDEBUG[0m [2mmercury::engine::market_actor[0m[2m:[0m Tick received — running arb detection [3mmarket_id[0m[2m=[0m631deb8c-fbb4-489e-818e-ae698f57f50b [3mplatform[0m[2m=[0mKalshi [3mbid[0m[2m=[0m0.6600 [3mask[0m[2m=[0m0.6700 [3mmid[0m[2m=[0m0.6650 [3mbid_size[0m[2m=[0m2.00 [3mask_size[0m[2m=[0m222.67
[2m2026-04-12T20:33:39.392890Z[0m [34mDEBUG[0m [2mmercury::engine::spread[0m[2m:[0m Evaluated spread direction 2 [3mmarket_id[0m[2m=[0m9046452d-bcb3-4bb8-8925-8924b7439992 [3mdirection[0m[2m=[0m"NO-A/YES-B" [3mraw_spread[0m[2m=[0m-0.0100 [3mbid_a[0m[2m=[0m0.57 [3mask_b[0m[2m=[0m0.5800
[2m2026-04-12T20:33:39.393022Z[0m [34mDEBUG[0m [2mmercury::engine::spread[0m[2m:[0m Evaluated spread direction 2 [3mmarket_id[0m[2m=[0m631deb8c-fbb4-489e-818e-ae698f57f50b [3mdirection[0m[2m=[0m"NO-A/YES-B" [3mraw_spread[0m[2m=[0m0.0100 [3mbid_a[0m[2m=[0m0.68 [3mask_b[0m[2m=[0m0.6700
[2m2026-04-12T20:33:39.393134Z[0m [34mDEBUG[0m [2mmercury::engine::market_actor[0m[2m:[0m Tick received — running arb detection [3mmarket_id[0m[2m=[0m631deb8c-fbb4-489e-818e-ae698f57f50b [3mplatform[0m[2m=[0mPolymarket [3mbid[0m[2m=[0m0.68 [3mask[0m[2m=[0m0.69 [3mmid[0m[2m=[0m0.6850 [3mbid_size[0m[2m=[0m192.7 [3mask_size[0m[2m=[0m40.85
[2m2026-04-12T20:33:39.393224Z[0m [34mDEBUG[0m [2mmercury::engine::spread[0m[2m:[0m Evaluated spread direction 2 [3mmarket_id[0m[2m=[0m631deb8c-fbb4-489e-818e-ae698f57f50b [3mdirection[0m[2m=[0m"NO-A/YES-B" [3mraw_spread[0m[2m=[0m0.0100 [3mbid_a[0m[2m=[0m0.68 [3mask_b[0m[2m=[0m0.6700
[2m2026-04-12T20:33:39.441046Z[0m [32m INFO[0m [2mmercury::feeds::discovery[0m[2m:[0m Kalshi general markets fetched [3mcount[0m[2m=[0m500
[2m2026-04-12T20:33:39.445869Z[0m [34mDEBUG[0m [2mmercury::engine::market_actor[0m[2m:[0m Tick received — running arb detection [3mmarket_id[0m[2m=[0m631deb8c-fbb4-489e-818e-ae698f57f50b [3mplatform[0m[2m=[0mKalshi [3mbid[0m[2m=[0m0.6600 [3mask[0m[2m=[0m0.6700 [3mmid[0m[2m=[0m0.6650 [3mbid_size[0m[2m=[0m2.00 [3mask_size[0m[2m=[0m222.67
[2m2026-04-12T20:33:39.446014Z[0m [34mDEBUG[0m [2mmercury::engine::spread[0m[2m:[0m Evaluated spread direction 2 [3mmarket_id[0m[2m=[0m631deb8c-fbb4-489e-818e-ae698f57f50b [3mdirection[0m[2m=[0m"NO-A/YES-B" [3mraw_spread[0m[2m=[0m0.0100 [3mbid_a[0m[2m=[0m0.68 [3mask_b[0m[2m=[0m0.6700
[2m2026-04-12T20:33:39.461836Z[0m [32m INFO[0m [2mmercury::feeds::discovery[0m[2m:[0m Discovery cycle complete [3mtotal[0m[2m=[0m8 [3mactive[0m[2m=[0m8
[2m2026-04-12T20:33:39.462115Z[0m [32m INFO[0m [2mmercury[0m[2m:[0m Registry updated — new platform added to existing market [3mmarket_id[0m[2m=[0m2b958b37-9921-40b8-b22d-64a67138ae70 [3mtotal_markets[0m[2m=[0m22 [3mtotal_arb_pairs[0m[2m=[0m7
[2m2026-04-12T20:33:39.462196Z[0m [32m INFO[0m [2mmercury[0m[2m:[0m NEW cross-platform market discovered and registered [3mmarket_id[0m[2m=[0m9f4b8460-2722-49b2-a00e-5655a7602caa [3mquestion[0m[2m=[0mSolana Up or Down - April 12, 4:45PM-5:00PM ET [3mplatforms[0m[2m=[0m[Polymarket] [3mstatus[0m[2m=[0mActive [3mconfidence[0m[2m=[0m1.0
[2m2026-04-12T20:33:39.496675Z[0m [34mDEBUG[0m [2mmercury::feeds::polymarket[0m[2m:[0m Unknown Polymarket event type [3mevent_type[0m[2m=[0mbest_bid_ask
[2m2026-04-12T20:33:39.598853Z[0m [33m WARN[0m [2mmercury::feeds::kalshi[0m[2m:[0m Kalshi sequence gap for KXETH15M-26APR121645-45: expected 385, got 402. Book may be out of sync.
[2m2026-04-12T20:33:39.599525Z[0m [33m WARN[0m [2mmercury::feeds::kalshi[0m[2m:[0m Kalshi sequence gap for KXBTC15M-26APR121645-45: expected 402, got 406. Book may be out of sync.
[2m2026-04-12T20:33:39.753958Z[0m [33m WARN[0m [2mmercury::feeds::kalshi[0m[2m:[0m Kalshi sequence gap for KXETH15M-26APR121645-45: expected 406, got 413. Book may be out of sync.
[2m2026-04-12T20:33:39.754570Z[0m [33m WARN[0m [2mmercury::feeds::kalshi[0m[2m:[0m Kalshi sequence gap for KXBTC15M-26APR121645-45: expected 413, got 417. Book may be out of sync.
[2m2026-04-12T20:33:39.754965Z[0m [33m WARN[0m [2mmercury::feeds::kalshi[0m[2m:[0m Kalshi sequence gap for KXETH15M-26APR121645-45: expected 417, got 420. Book may be out of sync.
[2m2026-04-12T20:33:39.876115Z[0m [34mDEBUG[0m [2mmercury::feeds::polymarket[0m[2m:[0m Unknown Polymarket event type [3mevent_type[0m[2m=[0mnew_market
[2m2026-04-12T20:33:39.904562Z[0m [34mDEBUG[0m [2mmercury::feeds::polymarket[0m[2m:[0m Unknown Polymarket event type [3mevent_type[0m[2m=[0mbest_bid_ask
[2m2026-04-12T20:33:39.907711Z[0m [34mDEBUG[0m [2mmercury::feeds::polymarket[0m[2m:[0m Unknown Polymarket event type [3mevent_type[0m[2m=[0mnew_market
[2m2026-04-12T20:33:39.908885Z[0m [33m WARN[0m [2mmercury::feeds::kalshi[0m[2m:[0m Kalshi sequence gap for KXBTC15M-26APR121645-45: expected 420, got 422. Book may be out of sync.
[2m2026-04-12T20:33:39.909122Z[0m [33m WARN[0m [2mmercury::feeds::kalshi[0m[2m:[0m Kalshi sequence gap for KXETH15M-26APR121645-45: expected 422, got 424. Book may be out of sync.
[2m2026-04-12T20:33:39.909491Z[0m [33m WARN[0m [2mmercury::feeds::kalshi[0m[2m:[0m Kalshi sequence gap for KXBTC15M-26APR121645-45: expected 424, got 429. Book may be out of sync.
[2m2026-04-12T20:33:39.909887Z[0m [33m WARN[0m [2mmercury::feeds::kalshi[0m[2m:[0m Kalshi sequence gap for KXETH15M-26APR121645-45: expected 429, got 433. Book may be out of sync.
[2m2026-04-12T20:33:39.947352Z[0m [33m WARN[0m [2mmercury::feeds::kalshi[0m[2m:[0m Kalshi sequence gap for KXBTC15M-26APR121645-45: expected 433, got 435. Book may be out of sync.
[2m2026-04-12T20:33:40.367573Z[0m [34mDEBUG[0m [2mmercury::feeds::polymarket[0m[2m:[0m Unknown Polymarket event type [3mevent_type[0m[2m=[0mbest_bid_ask
[2m2026-04-12T20:33:40.406615Z[0m [33m WARN[0m [2mmercury::feeds::kalshi[0m[2m:[0m Kalshi sequence gap for KXETH15M-26APR121645-45: expected 435, got 485. Book may be out of sync.
[2m2026-04-12T20:33:40.407149Z[0m [33m WARN[0m [2mmercury::feeds::kalshi[0m[2m:[0m Kalshi sequence gap for KXBTC15M-26APR121645-45: expected 485, got 489. Book may be out of sync.
[2m2026-04-12T20:33:40.407354Z[0m [33m WARN[0m [2mmercury::feeds::kalshi[0m[2m:[0m Kalshi sequence gap for KXETH15M-26APR121645-45: expected 489, got 491. Book may be out of sync.
[2m2026-04-12T20:33:40.407484Z[0m [33m WARN[0m [2mmercury::feeds::kalshi[0m[2m:[0m Kalshi sequence gap for KXBTC15M-26APR121645-45: expected 491, got 492. Book may be out of sync.
[2m2026-04-12T20:33:40.407791Z[0m [33m WARN[0m [2mmercury::feeds::kalshi[0m[2m:[0m Kalshi sequence gap for KXETH15M-26APR121645-45: expected 492, got 496. Book may be out of sync.
[2m2026-04-12T20:33:40.407937Z[0m [33m WARN[0m [2mmercury::feeds::kalshi[0m[2m:[0m Kalshi sequence gap for KXBTC15M-26APR121645-45: expected 496, got 497. Book may be out of sync.
[2m2026-04-12T20:33:40.408238Z[0m [33m WARN[0m [2mmercury::feeds::kalshi[0m[2m:[0m Kalshi sequence gap for KXETH15M-26APR121645-45: expected 497, got 500. Book may be out of sync.
[2m2026-04-12T20:33:40.469899Z[0m [33m WARN[0m [2mmercury::feeds::kalshi[0m[2m:[0m Kalshi sequence gap for KXBTC15M-26APR121645-45: expected 500, got 501. Book may be out of sync.
[2m2026-04-12T20:33:40.470480Z[0m [33m WARN[0m [2mmercury::feeds::kalshi[0m[2m:[0m Kalshi sequence gap for KXETH15M-26APR121645-45: expected 501, got 503. Book may be out of sync.
[2m2026-04-12T20:33:40.470757Z[0m [33m WARN[0m [2mmercury::feeds::kalshi[0m[2m:[0m Kalshi sequence gap for KXBTC15M-26APR121645-45: expected 503, got 504. Book may be out of sync.
[2m2026-04-12T20:33:40.533436Z[0m [33m WARN[0m [2mmercury::feeds::kalshi[0m[2m:[0m Kalshi sequence gap for KXETH15M-26APR121645-45: expected 504, got 516. Book may be out of sync.
[2m2026-04-12T20:33:40.546600Z[0m [33m WARN[0m [2mmercury::feeds::kalshi[0m[2m:[0m Kalshi sequence gap for KXBTC15M-26APR121645-45: expected 516, got 518. Book may be out of sync.
[2m2026-04-12T20:33:40.825835Z[0m [34mDEBUG[0m [2mmercury::feeds::polymarket[0m[2m:[0m Unknown Polymarket event type [3mevent_type[0m[2m=[0mbest_bid_ask
[2m2026-04-12T20:33:40.880401Z[0m [34mDEBUG[0m [2mmercury::feeds::polymarket[0m[2m:[0m Unknown Polymarket event type [3mevent_type[0m[2m=[0mbest_bid_ask
