   Compiling mercury v0.1.0 (/Users/isaacvalerianomuniz/MERCURY)
warning: unused import: `Timelike`
  --> src/feeds/discovery.rs:39:29
   |
39 | use chrono::{DateTime, Utc, Timelike};
   |                             ^^^^^^^^
   |
   = note: `#[warn(unused_imports)]` (part of `#[warn(unused)]`) on by default

warning: `mercury` (lib) generated 1 warning (run `cargo fix --lib -p mercury` to apply 1 suggestion)
    Finished `dev` profile [unoptimized + debuginfo] target(s) in 6.50s
     Running `target/debug/mercury --dry-run -c config/dry_run.yaml`
[2m2026-04-12T20:36:24.792882Z[0m [32m INFO[0m [2mmercury[0m[2m:[0m MERCURY v0.1.0 starting...
[2m2026-04-12T20:36:24.793029Z[0m [32m INFO[0m [2mmercury[0m[2m:[0m Configuration loaded
[2m2026-04-12T20:36:24.793350Z[0m [32m INFO[0m [2mmercury[0m[2m:[0m Secure environment injected from .env
[2m2026-04-12T20:36:24.793400Z[0m [32m INFO[0m [2mmercury[0m[2m:[0m Executing Ahead-of-Time (AOT) pre-flight checks...
[2m2026-04-12T20:36:25.429285Z[0m [32m INFO[0m [2mmercury[0m[2m:[0m All AOT pre-flight checks passed successfully.
[2m2026-04-12T20:36:25.429505Z[0m [32m INFO[0m [2mmercury[0m[2m:[0m All pre-flight checks passed.
[2m2026-04-12T20:36:25.435231Z[0m [32m INFO[0m [2mmercury::db::sqlite[0m[2m:[0m Database schema version validated: 2
[2m2026-04-12T20:36:25.435530Z[0m [32m INFO[0m [2mmercury[0m[2m:[0m Database initialized via SQLx
[2m2026-04-12T20:36:25.444472Z[0m [32m INFO[0m [2mmercury[0m[2m:[0m Telegram alerts enabled (MERCURY_NOTIFICATION bot)
[2m2026-04-12T20:36:25.444506Z[0m [32m INFO[0m [2mmercury::telegram::alerts[0m[2m:[0m Telegram alert service started
[2m2026-04-12T20:36:25.444653Z[0m [32m INFO[0m [2mmercury[0m[2m:[0m Telegram daily reports & command polling enabled (MERCURY_DAILYBOT)
[2m2026-04-12T20:36:25.444675Z[0m [32m INFO[0m [2mmercury::telegram::reports[0m[2m:[0m Telegram report & command service started
[2m2026-04-12T20:36:25.445268Z[0m [32m INFO[0m [2mmercury[0m[2m:[0m Recovered circuit breaker state from 0 recent trades
[2m2026-04-12T20:36:25.445737Z[0m [32m INFO[0m [2mmercury::risk::bankroll[0m[2m:[0m Bankroll state restored from DB [3mcumulative_profit[0m[2m=[0m0
[2m2026-04-12T20:36:25.447082Z[0m [32m INFO[0m [2mmercury::crypto::eip712[0m[2m:[0m Polymarket signer initialized [3maddress[0m[2m=[0m0x450760C560721D88205bAcc242523f18838A7dfe [3mchain_id[0m[2m=[0m137
[2m2026-04-12T20:36:25.447250Z[0m [32m INFO[0m [2mmercury[0m[2m:[0m Polymarket client initialized [3maddress[0m[2m=[0m0x450760C560721D88205bAcc242523f18838A7dfe
[2m2026-04-12T20:36:25.449586Z[0m [32m INFO[0m [2mmercury::crypto::jwt[0m[2m:[0m Kalshi auth initialized [3mapi_key_id[0m[2m=[0m88a3b3aa-8fb9-4ecd-ab56-1c642d32ed51
[2m2026-04-12T20:36:25.449658Z[0m [32m INFO[0m [2mmercury[0m[2m:[0m Kalshi client initialized
[2m2026-04-12T20:36:25.449739Z[0m [32m INFO[0m [2mmercury[0m[2m:[0m Polymarket execution: ENABLED
[2m2026-04-12T20:36:25.449795Z[0m [32m INFO[0m [2mmercury[0m[2m:[0m Kalshi execution: ENABLED
[2m2026-04-12T20:36:25.449936Z[0m [32m INFO[0m [2mmercury::execution::executor[0m[2m:[0m Execution engine started
[2m2026-04-12T20:36:25.449992Z[0m [32m INFO[0m [2mmercury::inventory::positions[0m[2m:[0m Position tracker started
[2m2026-04-12T20:36:25.450041Z[0m [32m INFO[0m [2mmercury::inventory::settlement[0m[2m:[0m Settlement monitor started
[2m2026-04-12T20:36:25.450050Z[0m [32m INFO[0m [2mmercury::inventory::reconciler[0m[2m:[0m Reconciler started [3minterval_secs[0m[2m=[0m60
[2m2026-04-12T20:36:25.450085Z[0m [32m INFO[0m [2mmercury::inventory::unwind_watchdog[0m[2m:[0m Unwind watchdog started
[2m2026-04-12T20:36:25.450139Z[0m [32m INFO[0m [2mmercury::monitoring::backup[0m[2m:[0m DB backup task started [3minterval_secs[0m[2m=[0m21600 [3mdir[0m[2m=[0mbackups
[2m2026-04-12T20:36:25.450140Z[0m [32m INFO[0m [2mmercury::monitoring::health[0m[2m:[0m Health + Prometheus metrics server listening [3maddr[0m[2m=[0m"127.0.0.1:9091"
[2m2026-04-12T20:36:25.450147Z[0m [32m INFO[0m [2mmercury::monitoring::gas_oracle[0m[2m:[0m Gas oracle started (first fetch is immediate) [3minterval_secs[0m[2m=[0m15 [3mrpc_url[0m[2m=[0mhttps://rpc.ankr.com/polygon
[2m2026-04-12T20:36:25.452031Z[0m [32m INFO[0m [2mmercury::crypto::jwt[0m[2m:[0m Kalshi auth initialized [3mapi_key_id[0m[2m=[0m88a3b3aa-8fb9-4ecd-ab56-1c642d32ed51
[2m2026-04-12T20:36:25.452241Z[0m [32m INFO[0m [2mmercury::feeds::discovery[0m[2m:[0m Market discovery started [3minterval_secs[0m[2m=[0m30
[2m2026-04-12T20:36:25.452505Z[0m [32m INFO[0m [2mmercury[0m[2m:[0m Config hot-reload watcher active on config/dry_run.yaml
[2m2026-04-12T20:36:25.456773Z[0m [32m INFO[0m [2mmercury::feeds::base[0m[2m:[0m Connecting feed handler [3mplatform[0m[2m=[0mPolymarket
[2m2026-04-12T20:36:25.456887Z[0m [32m INFO[0m [2mmercury::feeds::polymarket[0m[2m:[0m Connecting to Polymarket WebSocket [3murl[0m[2m=[0m"wss://ws-subscriptions-clob.polymarket.com/ws/market"
[2m2026-04-12T20:36:25.458369Z[0m [32m INFO[0m [2mmercury::crypto::jwt[0m[2m:[0m Kalshi auth initialized [3mapi_key_id[0m[2m=[0m88a3b3aa-8fb9-4ecd-ab56-1c642d32ed51
[2m2026-04-12T20:36:25.458629Z[0m [32m INFO[0m [2mmercury::monitoring::backup[0m[2m:[0m Database backup completed [3mpath[0m[2m=[0m/Users/isaacvalerianomuniz/MERCURY/backups/mercury_backup_20260412_203625.db
[2m2026-04-12T20:36:25.459035Z[0m [32m INFO[0m [2mmercury::monitoring::backup[0m[2m:[0m Pruned old backup [3mpath[0m[2m=[0m"backups/mercury_backup_20260412_201442.db"
[2m2026-04-12T20:36:25.459598Z[0m [32m INFO[0m [2mmercury::feeds::base[0m[2m:[0m Connecting feed handler [3mplatform[0m[2m=[0mKalshi
[2m2026-04-12T20:36:25.459599Z[0m [32m INFO[0m [2mmercury[0m[2m:[0m All subsystems initialized. MERCURY engine running. Press Ctrl+C to shutdown.
[2m2026-04-12T20:36:25.459676Z[0m [32m INFO[0m [2mmercury::feeds::kalshi[0m[2m:[0m Connecting to Kalshi WebSocket: wss://api.elections.kalshi.com/trade-api/ws/v2
[2m2026-04-12T20:36:25.459930Z[0m [32m INFO[0m [2mmercury[0m[2m:[0m Daily report scheduled [3mdelay_secs[0m[2m=[0m1414 [3mhour_utc[0m[2m=[0m21
[2m2026-04-12T20:36:25.461221Z[0m [32m INFO[0m [2mmercury[0m[2m:[0m Seeded market registry from DB [3mcount[0m[2m=[0m27
[2m2026-04-12T20:36:25.461368Z[0m [32m INFO[0m [2mmercury[0m[2m:[0m Evicted stale/expired markets from registry [3mcount[0m[2m=[0m4
[2m2026-04-12T20:36:25.461908Z[0m [32m INFO[0m [2mmercury[0m[2m:[0m === MERCURY STATUS === [3mregistered_markets[0m[2m=[0m23 [3marb_pairs[0m[2m=[0m7 [3mactive_actors[0m[2m=[0m0 [3mopen_positions[0m[2m=[0m0 [3min_flight_trades[0m[2m=[0m0 [3mbankroll[0m[2m=[0m10000.00 [3mdaily_pnl[0m[2m=[0m0 [3mopps_detected[0m[2m=[0m0 [3mopps_passed[0m[2m=[0m0 [3mgate1_below_spread[0m[2m=[0m0 [3mgate2_low_liquidity[0m[2m=[0m0 [3mgate3_stale_data[0m[2m=[0m0 [3mgate4_low_confidence[0m[2m=[0m0 [3mgate5_capacity[0m[2m=[0m0
[2m2026-04-12T20:36:25.462008Z[0m [33m WARN[0m [2mmercury[0m[2m:[0m No active MarketActors — feeds have not sent any ticks yet. Check WebSocket connections. [3mregistered_markets[0m[2m=[0m23
[2m2026-04-12T20:36:25.462089Z[0m [32m INFO[0m [2mmercury[0m[2m:[0m Feed connected — Arbs involving platform restored [3mplatform[0m[2m=[0mPolymarket
[2m2026-04-12T20:36:25.462183Z[0m [32m INFO[0m [2mmercury[0m[2m:[0m Feed connected — Arbs involving platform restored [3mplatform[0m[2m=[0mKalshi
[2m2026-04-12T20:36:25.991226Z[0m [32m INFO[0m [2mmercury::feeds::polymarket[0m[2m:[0m Subscribed to Polymarket markets [3mcount[0m[2m=[0m27
[2m2026-04-12T20:36:26.005612Z[0m [32m INFO[0m [2mmercury::monitoring::gas_oracle[0m[2m:[0m Polygon gas price updated [3mgwei[0m[2m=[0m165 [3mprev_gwei[0m[2m=[0m50
[2m2026-04-12T20:36:26.152761Z[0m [32m INFO[0m [2mmercury[0m[2m:[0m First tick for market — spawning MarketActor [3mmarket_id[0m[2m=[0ma5a7da9a-b993-4c2a-80bc-cbc1d3c50971 [3mplatform[0m[2m=[0mPolymarket [3mactive_actors[0m[2m=[0m1
[2m2026-04-12T20:36:26.152985Z[0m [32m INFO[0m [2mmercury[0m[2m:[0m First tick for market — spawning MarketActor [3mmarket_id[0m[2m=[0m9046452d-bcb3-4bb8-8925-8924b7439992 [3mplatform[0m[2m=[0mPolymarket [3mactive_actors[0m[2m=[0m2
[2m2026-04-12T20:36:26.153031Z[0m [34mDEBUG[0m [2mmercury::engine::market_actor[0m[2m:[0m MarketActor started [3mmarket_id[0m[2m=[0ma5a7da9a-b993-4c2a-80bc-cbc1d3c50971
[2m2026-04-12T20:36:26.153138Z[0m [32m INFO[0m [2mmercury[0m[2m:[0m First tick for market — spawning MarketActor [3mmarket_id[0m[2m=[0m74068dd9-5c08-4ce0-b787-83fe96a4593a [3mplatform[0m[2m=[0mPolymarket [3mactive_actors[0m[2m=[0m3
[2m2026-04-12T20:36:26.153155Z[0m [34mDEBUG[0m [2mmercury::engine::market_actor[0m[2m:[0m MarketActor started [3mmarket_id[0m[2m=[0m9046452d-bcb3-4bb8-8925-8924b7439992
[2m2026-04-12T20:36:26.153158Z[0m [34mDEBUG[0m [2mmercury::engine::market_actor[0m[2m:[0m Tick received — running arb detection [3mmarket_id[0m[2m=[0ma5a7da9a-b993-4c2a-80bc-cbc1d3c50971 [3mplatform[0m[2m=[0mPolymarket [3mbid[0m[2m=[0m0.49 [3mask[0m[2m=[0m0.5 [3mmid[0m[2m=[0m0.4950 [3mbid_size[0m[2m=[0m268.56 [3mask_size[0m[2m=[0m4437.85
[2m2026-04-12T20:36:26.153291Z[0m [32m INFO[0m [2mmercury[0m[2m:[0m First tick for market — spawning MarketActor [3mmarket_id[0m[2m=[0m9f4b8460-2722-49b2-a00e-5655a7602caa [3mplatform[0m[2m=[0mPolymarket [3mactive_actors[0m[2m=[0m4
[2m2026-04-12T20:36:26.153275Z[0m [34mDEBUG[0m [2mmercury::engine::market_actor[0m[2m:[0m Tick received — running arb detection [3mmarket_id[0m[2m=[0m9046452d-bcb3-4bb8-8925-8924b7439992 [3mplatform[0m[2m=[0mPolymarket [3mbid[0m[2m=[0m0.89 [3mask[0m[2m=[0m0.9 [3mmid[0m[2m=[0m0.8950 [3mbid_size[0m[2m=[0m220.61 [3mask_size[0m[2m=[0m276.23
[2m2026-04-12T20:36:26.153305Z[0m [34mDEBUG[0m [2mmercury::engine::market_actor[0m[2m:[0m MarketActor started [3mmarket_id[0m[2m=[0m74068dd9-5c08-4ce0-b787-83fe96a4593a
[2m2026-04-12T20:36:26.153443Z[0m [32m INFO[0m [2mmercury[0m[2m:[0m First tick for market — spawning MarketActor [3mmarket_id[0m[2m=[0m631deb8c-fbb4-489e-818e-ae698f57f50b [3mplatform[0m[2m=[0mPolymarket [3mactive_actors[0m[2m=[0m5
[2m2026-04-12T20:36:26.153466Z[0m [34mDEBUG[0m [2mmercury::engine::market_actor[0m[2m:[0m MarketActor started [3mmarket_id[0m[2m=[0m9f4b8460-2722-49b2-a00e-5655a7602caa
[2m2026-04-12T20:36:26.153491Z[0m [34mDEBUG[0m [2mmercury::engine::market_actor[0m[2m:[0m Tick received — running arb detection [3mmarket_id[0m[2m=[0m74068dd9-5c08-4ce0-b787-83fe96a4593a [3mplatform[0m[2m=[0mPolymarket [3mbid[0m[2m=[0m0.48 [3mask[0m[2m=[0m0.5 [3mmid[0m[2m=[0m0.49 [3mbid_size[0m[2m=[0m14.11 [3mask_size[0m[2m=[0m57.01
[2m2026-04-12T20:36:26.153587Z[0m [32m INFO[0m [2mmercury[0m[2m:[0m First tick for market — spawning MarketActor [3mmarket_id[0m[2m=[0m79e1f598-7189-438f-a66e-b184b04be477 [3mplatform[0m[2m=[0mPolymarket [3mactive_actors[0m[2m=[0m6
[2m2026-04-12T20:36:26.153631Z[0m [34mDEBUG[0m [2mmercury::engine::market_actor[0m[2m:[0m MarketActor started [3mmarket_id[0m[2m=[0m631deb8c-fbb4-489e-818e-ae698f57f50b
[2m2026-04-12T20:36:26.153575Z[0m [34mDEBUG[0m [2mmercury::engine::market_actor[0m[2m:[0m Tick received — running arb detection [3mmarket_id[0m[2m=[0m9f4b8460-2722-49b2-a00e-5655a7602caa [3mplatform[0m[2m=[0mPolymarket [3mbid[0m[2m=[0m0.5 [3mask[0m[2m=[0m0.51 [3mmid[0m[2m=[0m0.5050 [3mbid_size[0m[2m=[0m62.75 [3mask_size[0m[2m=[0m35.8
[2m2026-04-12T20:36:26.153726Z[0m [32m INFO[0m [2mmercury[0m[2m:[0m First tick for market — spawning MarketActor [3mmarket_id[0m[2m=[0m2b958b37-9921-40b8-b22d-64a67138ae70 [3mplatform[0m[2m=[0mPolymarket [3mactive_actors[0m[2m=[0m7
[2m2026-04-12T20:36:26.153742Z[0m [34mDEBUG[0m [2mmercury::engine::market_actor[0m[2m:[0m Tick received — running arb detection [3mmarket_id[0m[2m=[0m631deb8c-fbb4-489e-818e-ae698f57f50b [3mplatform[0m[2m=[0mPolymarket [3mbid[0m[2m=[0m0.94 [3mask[0m[2m=[0m0.96 [3mmid[0m[2m=[0m0.95 [3mbid_size[0m[2m=[0m48.3 [3mask_size[0m[2m=[0m192.8
[2m2026-04-12T20:36:26.153745Z[0m [34mDEBUG[0m [2mmercury::engine::market_actor[0m[2m:[0m MarketActor started [3mmarket_id[0m[2m=[0m79e1f598-7189-438f-a66e-b184b04be477
[2m2026-04-12T20:36:26.153893Z[0m [34mDEBUG[0m [2mmercury::engine::market_actor[0m[2m:[0m MarketActor started [3mmarket_id[0m[2m=[0m2b958b37-9921-40b8-b22d-64a67138ae70
[2m2026-04-12T20:36:26.153898Z[0m [34mDEBUG[0m [2mmercury::engine::market_actor[0m[2m:[0m Tick received — running arb detection [3mmarket_id[0m[2m=[0m631deb8c-fbb4-489e-818e-ae698f57f50b [3mplatform[0m[2m=[0mPolymarket [3mbid[0m[2m=[0m0.94 [3mask[0m[2m=[0m0.96 [3mmid[0m[2m=[0m0.95 [3mbid_size[0m[2m=[0m48.3 [3mask_size[0m[2m=[0m192.8
[2m2026-04-12T20:36:26.153902Z[0m [34mDEBUG[0m [2mmercury::engine::market_actor[0m[2m:[0m Tick received — running arb detection [3mmarket_id[0m[2m=[0m79e1f598-7189-438f-a66e-b184b04be477 [3mplatform[0m[2m=[0mPolymarket [3mbid[0m[2m=[0m0.81 [3mask[0m[2m=[0m0.84 [3mmid[0m[2m=[0m0.8250 [3mbid_size[0m[2m=[0m17.94 [3mask_size[0m[2m=[0m48.46
[2m2026-04-12T20:36:26.153960Z[0m [34mDEBUG[0m [2mmercury::engine::market_actor[0m[2m:[0m Tick received — running arb detection [3mmarket_id[0m[2m=[0m9046452d-bcb3-4bb8-8925-8924b7439992 [3mplatform[0m[2m=[0mPolymarket [3mbid[0m[2m=[0m0.89 [3mask[0m[2m=[0m0.9 [3mmid[0m[2m=[0m0.8950 [3mbid_size[0m[2m=[0m220.61 [3mask_size[0m[2m=[0m276.23
[2m2026-04-12T20:36:26.154009Z[0m [34mDEBUG[0m [2mmercury::engine::market_actor[0m[2m:[0m Tick received — running arb detection [3mmarket_id[0m[2m=[0m2b958b37-9921-40b8-b22d-64a67138ae70 [3mplatform[0m[2m=[0mPolymarket [3mbid[0m[2m=[0m0.88 [3mask[0m[2m=[0m0.92 [3mmid[0m[2m=[0m0.90 [3mbid_size[0m[2m=[0m20.3 [3mask_size[0m[2m=[0m5
[2m2026-04-12T20:36:26.154047Z[0m [34mDEBUG[0m [2mmercury::engine::market_actor[0m[2m:[0m Tick received — running arb detection [3mmarket_id[0m[2m=[0m631deb8c-fbb4-489e-818e-ae698f57f50b [3mplatform[0m[2m=[0mPolymarket [3mbid[0m[2m=[0m0.94 [3mask[0m[2m=[0m0.96 [3mmid[0m[2m=[0m0.95 [3mbid_size[0m[2m=[0m48.3 [3mask_size[0m[2m=[0m192.8
[2m2026-04-12T20:36:26.154483Z[0m [34mDEBUG[0m [2mmercury::engine::market_actor[0m[2m:[0m Tick received — running arb detection [3mmarket_id[0m[2m=[0m79e1f598-7189-438f-a66e-b184b04be477 [3mplatform[0m[2m=[0mPolymarket [3mbid[0m[2m=[0m0.81 [3mask[0m[2m=[0m0.84 [3mmid[0m[2m=[0m0.8250 [3mbid_size[0m[2m=[0m17.94 [3mask_size[0m[2m=[0m48.46
[2m2026-04-12T20:36:26.154494Z[0m [34mDEBUG[0m [2mmercury::engine::market_actor[0m[2m:[0m Tick received — running arb detection [3mmarket_id[0m[2m=[0m631deb8c-fbb4-489e-818e-ae698f57f50b [3mplatform[0m[2m=[0mPolymarket [3mbid[0m[2m=[0m0.94 [3mask[0m[2m=[0m0.96 [3mmid[0m[2m=[0m0.95 [3mbid_size[0m[2m=[0m48.3 [3mask_size[0m[2m=[0m192.8
[2m2026-04-12T20:36:26.154667Z[0m [34mDEBUG[0m [2mmercury::engine::market_actor[0m[2m:[0m Tick received — running arb detection [3mmarket_id[0m[2m=[0m2b958b37-9921-40b8-b22d-64a67138ae70 [3mplatform[0m[2m=[0mPolymarket [3mbid[0m[2m=[0m0.88 [3mask[0m[2m=[0m0.92 [3mmid[0m[2m=[0m0.90 [3mbid_size[0m[2m=[0m20.3 [3mask_size[0m[2m=[0m5
[2m2026-04-12T20:36:26.154755Z[0m [34mDEBUG[0m [2mmercury::engine::market_actor[0m[2m:[0m Tick received — running arb detection [3mmarket_id[0m[2m=[0m631deb8c-fbb4-489e-818e-ae698f57f50b [3mplatform[0m[2m=[0mPolymarket [3mbid[0m[2m=[0m0.94 [3mask[0m[2m=[0m0.96 [3mmid[0m[2m=[0m0.95 [3mbid_size[0m[2m=[0m48.3 [3mask_size[0m[2m=[0m192.8
[2m2026-04-12T20:36:26.154810Z[0m [34mDEBUG[0m [2mmercury::engine::market_actor[0m[2m:[0m Tick received — running arb detection [3mmarket_id[0m[2m=[0m2b958b37-9921-40b8-b22d-64a67138ae70 [3mplatform[0m[2m=[0mPolymarket [3mbid[0m[2m=[0m0.88 [3mask[0m[2m=[0m0.92 [3mmid[0m[2m=[0m0.90 [3mbid_size[0m[2m=[0m20.3 [3mask_size[0m[2m=[0m5
[2m2026-04-12T20:36:26.154871Z[0m [34mDEBUG[0m [2mmercury::engine::market_actor[0m[2m:[0m Tick received — running arb detection [3mmarket_id[0m[2m=[0m79e1f598-7189-438f-a66e-b184b04be477 [3mplatform[0m[2m=[0mPolymarket [3mbid[0m[2m=[0m0.81 [3mask[0m[2m=[0m0.84 [3mmid[0m[2m=[0m0.8250 [3mbid_size[0m[2m=[0m17.94 [3mask_size[0m[2m=[0m48.46
[2m2026-04-12T20:36:26.154959Z[0m [34mDEBUG[0m [2mmercury::engine::market_actor[0m[2m:[0m Tick received — running arb detection [3mmarket_id[0m[2m=[0m9046452d-bcb3-4bb8-8925-8924b7439992 [3mplatform[0m[2m=[0mPolymarket [3mbid[0m[2m=[0m0.89 [3mask[0m[2m=[0m0.9 [3mmid[0m[2m=[0m0.8950 [3mbid_size[0m[2m=[0m220.61 [3mask_size[0m[2m=[0m276.23
[2m2026-04-12T20:36:26.155113Z[0m [34mDEBUG[0m [2mmercury::engine::market_actor[0m[2m:[0m Tick received — running arb detection [3mmarket_id[0m[2m=[0m9046452d-bcb3-4bb8-8925-8924b7439992 [3mplatform[0m[2m=[0mPolymarket [3mbid[0m[2m=[0m0.89 [3mask[0m[2m=[0m0.9 [3mmid[0m[2m=[0m0.8950 [3mbid_size[0m[2m=[0m211.4 [3mask_size[0m[2m=[0m276.23
[2m2026-04-12T20:36:26.155246Z[0m [34mDEBUG[0m [2mmercury::engine::market_actor[0m[2m:[0m Tick received — running arb detection [3mmarket_id[0m[2m=[0m9046452d-bcb3-4bb8-8925-8924b7439992 [3mplatform[0m[2m=[0mPolymarket [3mbid[0m[2m=[0m0.89 [3mask[0m[2m=[0m0.9 [3mmid[0m[2m=[0m0.8950 [3mbid_size[0m[2m=[0m211.4 [3mask_size[0m[2m=[0m276.23
[2m2026-04-12T20:36:26.155255Z[0m [34mDEBUG[0m [2mmercury::engine::market_actor[0m[2m:[0m Tick received — running arb detection [3mmarket_id[0m[2m=[0m631deb8c-fbb4-489e-818e-ae698f57f50b [3mplatform[0m[2m=[0mPolymarket [3mbid[0m[2m=[0m0.94 [3mask[0m[2m=[0m0.96 [3mmid[0m[2m=[0m0.95 [3mbid_size[0m[2m=[0m48.3 [3mask_size[0m[2m=[0m192.8
[2m2026-04-12T20:36:26.155396Z[0m [34mDEBUG[0m [2mmercury::engine::market_actor[0m[2m:[0m Tick received — running arb detection [3mmarket_id[0m[2m=[0m631deb8c-fbb4-489e-818e-ae698f57f50b [3mplatform[0m[2m=[0mPolymarket [3mbid[0m[2m=[0m0.94 [3mask[0m[2m=[0m0.96 [3mmid[0m[2m=[0m0.95 [3mbid_size[0m[2m=[0m48.3 [3mask_size[0m[2m=[0m192.8
[2m2026-04-12T20:36:26.155527Z[0m [34mDEBUG[0m [2mmercury::engine::market_actor[0m[2m:[0m Tick received — running arb detection [3mmarket_id[0m[2m=[0m631deb8c-fbb4-489e-818e-ae698f57f50b [3mplatform[0m[2m=[0mPolymarket [3mbid[0m[2m=[0m0.94 [3mask[0m[2m=[0m0.96 [3mmid[0m[2m=[0m0.95 [3mbid_size[0m[2m=[0m48.3 [3mask_size[0m[2m=[0m292.8
[2m2026-04-12T20:36:26.155573Z[0m [34mDEBUG[0m [2mmercury::engine::market_actor[0m[2m:[0m Tick received — running arb detection [3mmarket_id[0m[2m=[0m9046452d-bcb3-4bb8-8925-8924b7439992 [3mplatform[0m[2m=[0mPolymarket [3mbid[0m[2m=[0m0.89 [3mask[0m[2m=[0m0.9 [3mmid[0m[2m=[0m0.8950 [3mbid_size[0m[2m=[0m211.4 [3mask_size[0m[2m=[0m276.23
[2m2026-04-12T20:36:26.155652Z[0m [34mDEBUG[0m [2mmercury::engine::market_actor[0m[2m:[0m Tick received — running arb detection [3mmarket_id[0m[2m=[0m631deb8c-fbb4-489e-818e-ae698f57f50b [3mplatform[0m[2m=[0mPolymarket [3mbid[0m[2m=[0m0.94 [3mask[0m[2m=[0m0.96 [3mmid[0m[2m=[0m0.95 [3mbid_size[0m[2m=[0m48.3 [3mask_size[0m[2m=[0m292.8
[2m2026-04-12T20:36:26.155772Z[0m [34mDEBUG[0m [2mmercury::engine::market_actor[0m[2m:[0m Tick received — running arb detection [3mmarket_id[0m[2m=[0m631deb8c-fbb4-489e-818e-ae698f57f50b [3mplatform[0m[2m=[0mPolymarket [3mbid[0m[2m=[0m0.94 [3mask[0m[2m=[0m0.96 [3mmid[0m[2m=[0m0.95 [3mbid_size[0m[2m=[0m48.3 [3mask_size[0m[2m=[0m292.8
[2m2026-04-12T20:36:26.155852Z[0m [34mDEBUG[0m [2mmercury::engine::market_actor[0m[2m:[0m Tick received — running arb detection [3mmarket_id[0m[2m=[0m9046452d-bcb3-4bb8-8925-8924b7439992 [3mplatform[0m[2m=[0mPolymarket [3mbid[0m[2m=[0m0.89 [3mask[0m[2m=[0m0.9 [3mmid[0m[2m=[0m0.8950 [3mbid_size[0m[2m=[0m220.62 [3mask_size[0m[2m=[0m276.23
[2m2026-04-12T20:36:26.156014Z[0m [34mDEBUG[0m [2mmercury::engine::market_actor[0m[2m:[0m Tick received — running arb detection [3mmarket_id[0m[2m=[0m79e1f598-7189-438f-a66e-b184b04be477 [3mplatform[0m[2m=[0mPolymarket [3mbid[0m[2m=[0m0.81 [3mask[0m[2m=[0m0.84 [3mmid[0m[2m=[0m0.8250 [3mbid_size[0m[2m=[0m17.94 [3mask_size[0m[2m=[0m48.46
[2m2026-04-12T20:36:26.200711Z[0m [32m INFO[0m [2mmercury::inventory::reconciler[0m[2m:[0m Reconciliation complete [3mopen_positions[0m[2m=[0m0 [3mtotal_position_value[0m[2m=[0m0
[2m2026-04-12T20:36:26.308276Z[0m [34mDEBUG[0m [2mmercury::engine::market_actor[0m[2m:[0m Tick received — running arb detection [3mmarket_id[0m[2m=[0m79e1f598-7189-438f-a66e-b184b04be477 [3mplatform[0m[2m=[0mPolymarket [3mbid[0m[2m=[0m0.81 [3mask[0m[2m=[0m0.84 [3mmid[0m[2m=[0m0.8250 [3mbid_size[0m[2m=[0m17.94 [3mask_size[0m[2m=[0m48.46
[2m2026-04-12T20:36:26.308288Z[0m [34mDEBUG[0m [2mmercury::engine::market_actor[0m[2m:[0m Tick received — running arb detection [3mmarket_id[0m[2m=[0m631deb8c-fbb4-489e-818e-ae698f57f50b [3mplatform[0m[2m=[0mPolymarket [3mbid[0m[2m=[0m0.94 [3mask[0m[2m=[0m0.96 [3mmid[0m[2m=[0m0.95 [3mbid_size[0m[2m=[0m48.3 [3mask_size[0m[2m=[0m292.8
[2m2026-04-12T20:36:26.308495Z[0m [32m INFO[0m [2mmercury::feeds::discovery[0m[2m:[0m 15m crypto round matched [3masset[0m[2m=[0mbtc [3mround_start[0m[2m=[0m1776025800 [3mpoly[0m[2m=[0mtrue [3mkalshi[0m[2m=[0mtrue
[2m2026-04-12T20:36:26.308593Z[0m [34mDEBUG[0m [2mmercury::engine::market_actor[0m[2m:[0m Tick received — running arb detection [3mmarket_id[0m[2m=[0m631deb8c-fbb4-489e-818e-ae698f57f50b [3mplatform[0m[2m=[0mPolymarket [3mbid[0m[2m=[0m0.94 [3mask[0m[2m=[0m0.96 [3mmid[0m[2m=[0m0.95 [3mbid_size[0m[2m=[0m48.3 [3mask_size[0m[2m=[0m292.8
[2m2026-04-12T20:36:26.308747Z[0m [34mDEBUG[0m [2mmercury::engine::market_actor[0m[2m:[0m Tick received — running arb detection [3mmarket_id[0m[2m=[0m631deb8c-fbb4-489e-818e-ae698f57f50b [3mplatform[0m[2m=[0mPolymarket [3mbid[0m[2m=[0m0.94 [3mask[0m[2m=[0m0.96 [3mmid[0m[2m=[0m0.95 [3mbid_size[0m[2m=[0m48.3 [3mask_size[0m[2m=[0m292.8
[2m2026-04-12T20:36:26.308835Z[0m [34mDEBUG[0m [2mmercury::engine::market_actor[0m[2m:[0m Tick received — running arb detection [3mmarket_id[0m[2m=[0m9046452d-bcb3-4bb8-8925-8924b7439992 [3mplatform[0m[2m=[0mPolymarket [3mbid[0m[2m=[0m0.89 [3mask[0m[2m=[0m0.9 [3mmid[0m[2m=[0m0.8950 [3mbid_size[0m[2m=[0m220.62 [3mask_size[0m[2m=[0m276.23
[2m2026-04-12T20:36:26.308900Z[0m [34mDEBUG[0m [2mmercury::engine::market_actor[0m[2m:[0m Tick received — running arb detection [3mmarket_id[0m[2m=[0m631deb8c-fbb4-489e-818e-ae698f57f50b [3mplatform[0m[2m=[0mPolymarket [3mbid[0m[2m=[0m0.94 [3mask[0m[2m=[0m0.96 [3mmid[0m[2m=[0m0.95 [3mbid_size[0m[2m=[0m48.3 [3mask_size[0m[2m=[0m292.8
[2m2026-04-12T20:36:26.309006Z[0m [34mDEBUG[0m [2mmercury::engine::market_actor[0m[2m:[0m Tick received — running arb detection [3mmarket_id[0m[2m=[0m9046452d-bcb3-4bb8-8925-8924b7439992 [3mplatform[0m[2m=[0mPolymarket [3mbid[0m[2m=[0m0.89 [3mask[0m[2m=[0m0.9 [3mmid[0m[2m=[0m0.8950 [3mbid_size[0m[2m=[0m229.84 [3mask_size[0m[2m=[0m276.23
[2m2026-04-12T20:36:26.309157Z[0m [34mDEBUG[0m [2mmercury::engine::market_actor[0m[2m:[0m Tick received — running arb detection [3mmarket_id[0m[2m=[0m9046452d-bcb3-4bb8-8925-8924b7439992 [3mplatform[0m[2m=[0mPolymarket [3mbid[0m[2m=[0m0.89 [3mask[0m[2m=[0m0.9 [3mmid[0m[2m=[0m0.8950 [3mbid_size[0m[2m=[0m229.84 [3mask_size[0m[2m=[0m276.23
[2m2026-04-12T20:36:26.309327Z[0m [34mDEBUG[0m [2mmercury::engine::market_actor[0m[2m:[0m Tick received — running arb detection [3mmarket_id[0m[2m=[0m9046452d-bcb3-4bb8-8925-8924b7439992 [3mplatform[0m[2m=[0mPolymarket [3mbid[0m[2m=[0m0.89 [3mask[0m[2m=[0m0.9 [3mmid[0m[2m=[0m0.8950 [3mbid_size[0m[2m=[0m211.4 [3mask_size[0m[2m=[0m276.23
[2m2026-04-12T20:36:26.309410Z[0m [34mDEBUG[0m [2mmercury::engine::market_actor[0m[2m:[0m Tick received — running arb detection [3mmarket_id[0m[2m=[0m631deb8c-fbb4-489e-818e-ae698f57f50b [3mplatform[0m[2m=[0mPolymarket [3mbid[0m[2m=[0m0.94 [3mask[0m[2m=[0m0.96 [3mmid[0m[2m=[0m0.95 [3mbid_size[0m[2m=[0m48.3 [3mask_size[0m[2m=[0m292.8
[2m2026-04-12T20:36:26.356752Z[0m [34mDEBUG[0m [2mmercury::engine::market_actor[0m[2m:[0m Tick received — running arb detection [3mmarket_id[0m[2m=[0m631deb8c-fbb4-489e-818e-ae698f57f50b [3mplatform[0m[2m=[0mPolymarket [3mbid[0m[2m=[0m0.94 [3mask[0m[2m=[0m0.96 [3mmid[0m[2m=[0m0.95 [3mbid_size[0m[2m=[0m48.3 [3mask_size[0m[2m=[0m292.8
[2m2026-04-12T20:36:26.356948Z[0m [34mDEBUG[0m [2mmercury::engine::market_actor[0m[2m:[0m Tick received — running arb detection [3mmarket_id[0m[2m=[0m631deb8c-fbb4-489e-818e-ae698f57f50b [3mplatform[0m[2m=[0mPolymarket [3mbid[0m[2m=[0m0.94 [3mask[0m[2m=[0m0.96 [3mmid[0m[2m=[0m0.95 [3mbid_size[0m[2m=[0m48.3 [3mask_size[0m[2m=[0m292.8
[2m2026-04-12T20:36:26.357076Z[0m [34mDEBUG[0m [2mmercury::engine::market_actor[0m[2m:[0m Tick received — running arb detection [3mmarket_id[0m[2m=[0m631deb8c-fbb4-489e-818e-ae698f57f50b [3mplatform[0m[2m=[0mPolymarket [3mbid[0m[2m=[0m0.94 [3mask[0m[2m=[0m0.96 [3mmid[0m[2m=[0m0.95 [3mbid_size[0m[2m=[0m48.3 [3mask_size[0m[2m=[0m292.8
[2m2026-04-12T20:36:26.357198Z[0m [34mDEBUG[0m [2mmercury::engine::market_actor[0m[2m:[0m Tick received — running arb detection [3mmarket_id[0m[2m=[0m631deb8c-fbb4-489e-818e-ae698f57f50b [3mplatform[0m[2m=[0mPolymarket [3mbid[0m[2m=[0m0.94 [3mask[0m[2m=[0m0.96 [3mmid[0m[2m=[0m0.95 [3mbid_size[0m[2m=[0m48.3 [3mask_size[0m[2m=[0m292.8
[2m2026-04-12T20:36:26.357319Z[0m [34mDEBUG[0m [2mmercury::engine::market_actor[0m[2m:[0m Tick received — running arb detection [3mmarket_id[0m[2m=[0m631deb8c-fbb4-489e-818e-ae698f57f50b [3mplatform[0m[2m=[0mPolymarket [3mbid[0m[2m=[0m0.94 [3mask[0m[2m=[0m0.96 [3mmid[0m[2m=[0m0.95 [3mbid_size[0m[2m=[0m48.3 [3mask_size[0m[2m=[0m287.8
[2m2026-04-12T20:36:26.357441Z[0m [34mDEBUG[0m [2mmercury::engine::market_actor[0m[2m:[0m Tick received — running arb detection [3mmarket_id[0m[2m=[0m631deb8c-fbb4-489e-818e-ae698f57f50b [3mplatform[0m[2m=[0mPolymarket [3mbid[0m[2m=[0m0.94 [3mask[0m[2m=[0m0.96 [3mmid[0m[2m=[0m0.95 [3mbid_size[0m[2m=[0m48.3 [3mask_size[0m[2m=[0m287.8
[2m2026-04-12T20:36:26.357561Z[0m [34mDEBUG[0m [2mmercury::engine::market_actor[0m[2m:[0m Tick received — running arb detection [3mmarket_id[0m[2m=[0m631deb8c-fbb4-489e-818e-ae698f57f50b [3mplatform[0m[2m=[0mPolymarket [3mbid[0m[2m=[0m0.94 [3mask[0m[2m=[0m0.96 [3mmid[0m[2m=[0m0.95 [3mbid_size[0m[2m=[0m48.3 [3mask_size[0m[2m=[0m287.8
[2m2026-04-12T20:36:26.357682Z[0m [34mDEBUG[0m [2mmercury::engine::market_actor[0m[2m:[0m Tick received — running arb detection [3mmarket_id[0m[2m=[0m631deb8c-fbb4-489e-818e-ae698f57f50b [3mplatform[0m[2m=[0mPolymarket [3mbid[0m[2m=[0m0.94 [3mask[0m[2m=[0m0.96 [3mmid[0m[2m=[0m0.95 [3mbid_size[0m[2m=[0m48.3 [3mask_size[0m[2m=[0m287.8
[2m2026-04-12T20:36:26.357803Z[0m [34mDEBUG[0m [2mmercury::engine::market_actor[0m[2m:[0m Tick received — running arb detection [3mmarket_id[0m[2m=[0m631deb8c-fbb4-489e-818e-ae698f57f50b [3mplatform[0m[2m=[0mPolymarket [3mbid[0m[2m=[0m0.94 [3mask[0m[2m=[0m0.96 [3mmid[0m[2m=[0m0.95 [3mbid_size[0m[2m=[0m48.3 [3mask_size[0m[2m=[0m287.8
[2m2026-04-12T20:36:26.357841Z[0m [32m INFO[0m [2mmercury::feeds::kalshi[0m[2m:[0m Subscribed to Kalshi markets [3mcount[0m[2m=[0m11
[2m2026-04-12T20:36:26.357951Z[0m [34mDEBUG[0m [2mmercury::engine::market_actor[0m[2m:[0m Tick received — running arb detection [3mmarket_id[0m[2m=[0m631deb8c-fbb4-489e-818e-ae698f57f50b [3mplatform[0m[2m=[0mPolymarket [3mbid[0m[2m=[0m0.94 [3mask[0m[2m=[0m0.96 [3mmid[0m[2m=[0m0.95 [3mbid_size[0m[2m=[0m48.3 [3mask_size[0m[2m=[0m287.8
[2m2026-04-12T20:36:26.357953Z[0m [34mDEBUG[0m [2mmercury::engine::market_actor[0m[2m:[0m Tick received — running arb detection [3mmarket_id[0m[2m=[0m9046452d-bcb3-4bb8-8925-8924b7439992 [3mplatform[0m[2m=[0mPolymarket [3mbid[0m[2m=[0m0.89 [3mask[0m[2m=[0m0.9 [3mmid[0m[2m=[0m0.8950 [3mbid_size[0m[2m=[0m211.4 [3mask_size[0m[2m=[0m276.23
[2m2026-04-12T20:36:26.358078Z[0m [34mDEBUG[0m [2mmercury::engine::market_actor[0m[2m:[0m Tick received — running arb detection [3mmarket_id[0m[2m=[0m631deb8c-fbb4-489e-818e-ae698f57f50b [3mplatform[0m[2m=[0mPolymarket [3mbid[0m[2m=[0m0.94 [3mask[0m[2m=[0m0.96 [3mmid[0m[2m=[0m0.95 [3mbid_size[0m[2m=[0m48.3 [3mask_size[0m[2m=[0m287.8
[2m2026-04-12T20:36:26.358118Z[0m [34mDEBUG[0m [2mmercury::engine::market_actor[0m[2m:[0m Tick received — running arb detection [3mmarket_id[0m[2m=[0m9046452d-bcb3-4bb8-8925-8924b7439992 [3mplatform[0m[2m=[0mPolymarket [3mbid[0m[2m=[0m0.89 [3mask[0m[2m=[0m0.9 [3mmid[0m[2m=[0m0.8950 [3mbid_size[0m[2m=[0m220.62 [3mask_size[0m[2m=[0m276.23
[2m2026-04-12T20:36:26.358200Z[0m [34mDEBUG[0m [2mmercury::engine::market_actor[0m[2m:[0m Tick received — running arb detection [3mmarket_id[0m[2m=[0m631deb8c-fbb4-489e-818e-ae698f57f50b [3mplatform[0m[2m=[0mPolymarket [3mbid[0m[2m=[0m0.94 [3mask[0m[2m=[0m0.96 [3mmid[0m[2m=[0m0.95 [3mbid_size[0m[2m=[0m48.3 [3mask_size[0m[2m=[0m287.8
[2m2026-04-12T20:36:26.358321Z[0m [34mDEBUG[0m [2mmercury::engine::market_actor[0m[2m:[0m Tick received — running arb detection [3mmarket_id[0m[2m=[0m631deb8c-fbb4-489e-818e-ae698f57f50b [3mplatform[0m[2m=[0mPolymarket [3mbid[0m[2m=[0m0.94 [3mask[0m[2m=[0m0.96 [3mmid[0m[2m=[0m0.95 [3mbid_size[0m[2m=[0m48.3 [3mask_size[0m[2m=[0m287.8
[2m2026-04-12T20:36:26.358441Z[0m [34mDEBUG[0m [2mmercury::engine::market_actor[0m[2m:[0m Tick received — running arb detection [3mmarket_id[0m[2m=[0m631deb8c-fbb4-489e-818e-ae698f57f50b [3mplatform[0m[2m=[0mPolymarket [3mbid[0m[2m=[0m0.94 [3mask[0m[2m=[0m0.96 [3mmid[0m[2m=[0m0.95 [3mbid_size[0m[2m=[0m48.3 [3mask_size[0m[2m=[0m287.8
[2m2026-04-12T20:36:26.358561Z[0m [34mDEBUG[0m [2mmercury::engine::market_actor[0m[2m:[0m Tick received — running arb detection [3mmarket_id[0m[2m=[0m631deb8c-fbb4-489e-818e-ae698f57f50b [3mplatform[0m[2m=[0mPolymarket [3mbid[0m[2m=[0m0.94 [3mask[0m[2m=[0m0.96 [3mmid[0m[2m=[0m0.95 [3mbid_size[0m[2m=[0m48.3 [3mask_size[0m[2m=[0m287.8
[2m2026-04-12T20:36:26.358682Z[0m [34mDEBUG[0m [2mmercury::engine::market_actor[0m[2m:[0m Tick received — running arb detection [3mmarket_id[0m[2m=[0m631deb8c-fbb4-489e-818e-ae698f57f50b [3mplatform[0m[2m=[0mPolymarket [3mbid[0m[2m=[0m0.94 [3mask[0m[2m=[0m0.96 [3mmid[0m[2m=[0m0.95 [3mbid_size[0m[2m=[0m48.3 [3mask_size[0m[2m=[0m287.8
[2m2026-04-12T20:36:26.358803Z[0m [34mDEBUG[0m [2mmercury::engine::market_actor[0m[2m:[0m Tick received — running arb detection [3mmarket_id[0m[2m=[0m631deb8c-fbb4-489e-818e-ae698f57f50b [3mplatform[0m[2m=[0mPolymarket [3mbid[0m[2m=[0m0.94 [3mask[0m[2m=[0m0.96 [3mmid[0m[2m=[0m0.95 [3mbid_size[0m[2m=[0m48.3 [3mask_size[0m[2m=[0m287.8
[2m2026-04-12T20:36:26.358924Z[0m [34mDEBUG[0m [2mmercury::engine::market_actor[0m[2m:[0m Tick received — running arb detection [3mmarket_id[0m[2m=[0m631deb8c-fbb4-489e-818e-ae698f57f50b [3mplatform[0m[2m=[0mPolymarket [3mbid[0m[2m=[0m0.94 [3mask[0m[2m=[0m0.96 [3mmid[0m[2m=[0m0.95 [3mbid_size[0m[2m=[0m48.3 [3mask_size[0m[2m=[0m287.8
[2m2026-04-12T20:36:26.401801Z[0m [34mDEBUG[0m [2mmercury::engine::market_actor[0m[2m:[0m Tick received — running arb detection [3mmarket_id[0m[2m=[0m631deb8c-fbb4-489e-818e-ae698f57f50b [3mplatform[0m[2m=[0mPolymarket [3mbid[0m[2m=[0m0.94 [3mask[0m[2m=[0m0.96 [3mmid[0m[2m=[0m0.95 [3mbid_size[0m[2m=[0m48.3 [3mask_size[0m[2m=[0m287.8
[2m2026-04-12T20:36:26.402217Z[0m [34mDEBUG[0m [2mmercury::engine::market_actor[0m[2m:[0m Tick received — running arb detection [3mmarket_id[0m[2m=[0m631deb8c-fbb4-489e-818e-ae698f57f50b [3mplatform[0m[2m=[0mPolymarket [3mbid[0m[2m=[0m0.94 [3mask[0m[2m=[0m0.96 [3mmid[0m[2m=[0m0.95 [3mbid_size[0m[2m=[0m48.3 [3mask_size[0m[2m=[0m287.8
[2m2026-04-12T20:36:26.403893Z[0m [34mDEBUG[0m [2mmercury::engine::market_actor[0m[2m:[0m Tick received — running arb detection [3mmarket_id[0m[2m=[0m631deb8c-fbb4-489e-818e-ae698f57f50b [3mplatform[0m[2m=[0mPolymarket [3mbid[0m[2m=[0m0.94 [3mask[0m[2m=[0m0.96 [3mmid[0m[2m=[0m0.95 [3mbid_size[0m[2m=[0m48.3 [3mask_size[0m[2m=[0m287.8
[2m2026-04-12T20:36:26.405918Z[0m [34mDEBUG[0m [2mmercury::engine::market_actor[0m[2m:[0m Tick received — running arb detection [3mmarket_id[0m[2m=[0m9046452d-bcb3-4bb8-8925-8924b7439992 [3mplatform[0m[2m=[0mPolymarket [3mbid[0m[2m=[0m0.89 [3mask[0m[2m=[0m0.9 [3mmid[0m[2m=[0m0.8950 [3mbid_size[0m[2m=[0m220.62 [3mask_size[0m[2m=[0m276.23
[2m2026-04-12T20:36:26.406093Z[0m [34mDEBUG[0m [2mmercury::engine::market_actor[0m[2m:[0m Tick received — running arb detection [3mmarket_id[0m[2m=[0m9046452d-bcb3-4bb8-8925-8924b7439992 [3mplatform[0m[2m=[0mPolymarket [3mbid[0m[2m=[0m0.89 [3mask[0m[2m=[0m0.9 [3mmid[0m[2m=[0m0.8950 [3mbid_size[0m[2m=[0m211.4 [3mask_size[0m[2m=[0m276.23
[2m2026-04-12T20:36:26.451731Z[0m [34mDEBUG[0m [2mmercury::engine::market_actor[0m[2m:[0m Tick received — running arb detection [3mmarket_id[0m[2m=[0m9046452d-bcb3-4bb8-8925-8924b7439992 [3mplatform[0m[2m=[0mPolymarket [3mbid[0m[2m=[0m0.89 [3mask[0m[2m=[0m0.9 [3mmid[0m[2m=[0m0.8950 [3mbid_size[0m[2m=[0m220.62 [3mask_size[0m[2m=[0m276.23
[2m2026-04-12T20:36:26.451964Z[0m [34mDEBUG[0m [2mmercury::engine::market_actor[0m[2m:[0m Tick received — running arb detection [3mmarket_id[0m[2m=[0m9046452d-bcb3-4bb8-8925-8924b7439992 [3mplatform[0m[2m=[0mPolymarket [3mbid[0m[2m=[0m0.89 [3mask[0m[2m=[0m0.9 [3mmid[0m[2m=[0m0.8950 [3mbid_size[0m[2m=[0m220.62 [3mask_size[0m[2m=[0m276.23
[2m2026-04-12T20:36:26.451964Z[0m [34mDEBUG[0m [2mmercury::engine::market_actor[0m[2m:[0m Tick received — running arb detection [3mmarket_id[0m[2m=[0m631deb8c-fbb4-489e-818e-ae698f57f50b [3mplatform[0m[2m=[0mPolymarket [3mbid[0m[2m=[0m0.94 [3mask[0m[2m=[0m0.96 [3mmid[0m[2m=[0m0.95 [3mbid_size[0m[2m=[0m48.3 [3mask_size[0m[2m=[0m287.8
[2m2026-04-12T20:36:26.452480Z[0m [34mDEBUG[0m [2mmercury::engine::market_actor[0m[2m:[0m Tick received — running arb detection [3mmarket_id[0m[2m=[0m631deb8c-fbb4-489e-818e-ae698f57f50b [3mplatform[0m[2m=[0mKalshi [3mbid[0m[2m=[0m0.9600 [3mask[0m[2m=[0m0.9630 [3mmid[0m[2m=[0m0.9615 [3mbid_size[0m[2m=[0m88.06 [3mask_size[0m[2m=[0m3.00
[2m2026-04-12T20:36:26.452670Z[0m [34mDEBUG[0m [2mmercury::engine::spread[0m[2m:[0m Evaluated spread direction 2 [3mmarket_id[0m[2m=[0m631deb8c-fbb4-489e-818e-ae698f57f50b [3mdirection[0m[2m=[0m"NO-A/YES-B" [3mraw_spread[0m[2m=[0m0.0000 [3mbid_a[0m[2m=[0m0.9600 [3mask_b[0m[2m=[0m0.96
[2m2026-04-12T20:36:26.452789Z[0m [34mDEBUG[0m [2mmercury::engine::market_actor[0m[2m:[0m Tick received — running arb detection [3mmarket_id[0m[2m=[0m9046452d-bcb3-4bb8-8925-8924b7439992 [3mplatform[0m[2m=[0mKalshi [3mbid[0m[2m=[0m0.9330 [3mask[0m[2m=[0m0.9500 [3mmid[0m[2m=[0m0.9415 [3mbid_size[0m[2m=[0m13.06 [3mask_size[0m[2m=[0m70.14
[2m2026-04-12T20:36:26.452952Z[0m [34mDEBUG[0m [2mmercury::engine::spread[0m[2m:[0m Evaluated spread direction 2 [3mmarket_id[0m[2m=[0m9046452d-bcb3-4bb8-8925-8924b7439992 [3mdirection[0m[2m=[0m"NO-A/YES-B" [3mraw_spread[0m[2m=[0m-0.0600 [3mbid_a[0m[2m=[0m0.89 [3mask_b[0m[2m=[0m0.9500
[2m2026-04-12T20:36:26.453055Z[0m [33m WARN[0m [2mmercury::feeds::kalshi[0m[2m:[0m Kalshi sequence gap for KXETH15M-26APR121645-45: expected 7, got 12. Book may be out of sync.
[2m2026-04-12T20:36:26.453076Z[0m [34mDEBUG[0m [2mmercury::engine::market_actor[0m[2m:[0m Tick received — running arb detection [3mmarket_id[0m[2m=[0m2b958b37-9921-40b8-b22d-64a67138ae70 [3mplatform[0m[2m=[0mKalshi [3mbid[0m[2m=[0m0.8600 [3mask[0m[2m=[0m0.9000 [3mmid[0m[2m=[0m0.8800 [3mbid_size[0m[2m=[0m19.41 [3mask_size[0m[2m=[0m503.51
[2m2026-04-12T20:36:26.453209Z[0m [34mDEBUG[0m [2mmercury::engine::spread[0m[2m:[0m Evaluated spread direction 2 [3mmarket_id[0m[2m=[0m2b958b37-9921-40b8-b22d-64a67138ae70 [3mdirection[0m[2m=[0m"NO-A/YES-B" [3mraw_spread[0m[2m=[0m-0.0600 [3mbid_a[0m[2m=[0m0.8600 [3mask_b[0m[2m=[0m0.92
[2m2026-04-12T20:36:26.453326Z[0m [34mDEBUG[0m [2mmercury::engine::market_actor[0m[2m:[0m Tick received — running arb detection [3mmarket_id[0m[2m=[0m9046452d-bcb3-4bb8-8925-8924b7439992 [3mplatform[0m[2m=[0mKalshi [3mbid[0m[2m=[0m0.9330 [3mask[0m[2m=[0m0.9500 [3mmid[0m[2m=[0m0.9415 [3mbid_size[0m[2m=[0m13.06 [3mask_size[0m[2m=[0m70.14
[2m2026-04-12T20:36:26.453485Z[0m [34mDEBUG[0m [2mmercury::engine::spread[0m[2m:[0m Evaluated spread direction 2 [3mmarket_id[0m[2m=[0m9046452d-bcb3-4bb8-8925-8924b7439992 [3mdirection[0m[2m=[0m"NO-A/YES-B" [3mraw_spread[0m[2m=[0m-0.0600 [3mbid_a[0m[2m=[0m0.89 [3mask_b[0m[2m=[0m0.9500
[2m2026-04-12T20:36:26.453597Z[0m [34mDEBUG[0m [2mmercury::engine::market_actor[0m[2m:[0m Tick received — running arb detection [3mmarket_id[0m[2m=[0m9046452d-bcb3-4bb8-8925-8924b7439992 [3mplatform[0m[2m=[0mKalshi [3mbid[0m[2m=[0m0.9330 [3mask[0m[2m=[0m0.9500 [3mmid[0m[2m=[0m0.9415 [3mbid_size[0m[2m=[0m13.06 [3mask_size[0m[2m=[0m70.14
[2m2026-04-12T20:36:26.453734Z[0m [34mDEBUG[0m [2mmercury::engine::spread[0m[2m:[0m Evaluated spread direction 2 [3mmarket_id[0m[2m=[0m9046452d-bcb3-4bb8-8925-8924b7439992 [3mdirection[0m[2m=[0m"NO-A/YES-B" [3mraw_spread[0m[2m=[0m-0.0600 [3mbid_a[0m[2m=[0m0.89 [3mask_b[0m[2m=[0m0.9500
[2m2026-04-12T20:36:26.453843Z[0m [34mDEBUG[0m [2mmercury::engine::market_actor[0m[2m:[0m Tick received — running arb detection [3mmarket_id[0m[2m=[0m9046452d-bcb3-4bb8-8925-8924b7439992 [3mplatform[0m[2m=[0mKalshi [3mbid[0m[2m=[0m0.9330 [3mask[0m[2m=[0m0.9500 [3mmid[0m[2m=[0m0.9415 [3mbid_size[0m[2m=[0m13.06 [3mask_size[0m[2m=[0m70.14
[2m2026-04-12T20:36:26.453977Z[0m [34mDEBUG[0m [2mmercury::engine::spread[0m[2m:[0m Evaluated spread direction 2 [3mmarket_id[0m[2m=[0m9046452d-bcb3-4bb8-8925-8924b7439992 [3mdirection[0m[2m=[0m"NO-A/YES-B" [3mraw_spread[0m[2m=[0m-0.0600 [3mbid_a[0m[2m=[0m0.89 [3mask_b[0m[2m=[0m0.9500
[2m2026-04-12T20:36:26.464243Z[0m [34mDEBUG[0m [2mmercury::engine::market_actor[0m[2m:[0m Tick received — running arb detection [3mmarket_id[0m[2m=[0m9046452d-bcb3-4bb8-8925-8924b7439992 [3mplatform[0m[2m=[0mPolymarket [3mbid[0m[2m=[0m0.89 [3mask[0m[2m=[0m0.9 [3mmid[0m[2m=[0m0.8950 [3mbid_size[0m[2m=[0m211.4 [3mask_size[0m[2m=[0m276.23
[2m2026-04-12T20:36:26.464287Z[0m [33m WARN[0m [2mmercury::feeds::kalshi[0m[2m:[0m Kalshi sequence gap for KXBTC15M-26APR121645-45: expected 4, got 15. Book may be out of sync.
[2m2026-04-12T20:36:26.464476Z[0m [34mDEBUG[0m [2mmercury::engine::spread[0m[2m:[0m Evaluated spread direction 2 [3mmarket_id[0m[2m=[0m9046452d-bcb3-4bb8-8925-8924b7439992 [3mdirection[0m[2m=[0m"NO-A/YES-B" [3mraw_spread[0m[2m=[0m-0.0600 [3mbid_a[0m[2m=[0m0.89 [3mask_b[0m[2m=[0m0.9500
[2m2026-04-12T20:36:26.464638Z[0m [34mDEBUG[0m [2mmercury::engine::market_actor[0m[2m:[0m Tick received — running arb detection [3mmarket_id[0m[2m=[0m9046452d-bcb3-4bb8-8925-8924b7439992 [3mplatform[0m[2m=[0mPolymarket [3mbid[0m[2m=[0m0.89 [3mask[0m[2m=[0m0.9 [3mmid[0m[2m=[0m0.8950 [3mbid_size[0m[2m=[0m211.4 [3mask_size[0m[2m=[0m276.23
[2m2026-04-12T20:36:26.464658Z[0m [34mDEBUG[0m [2mmercury::engine::market_actor[0m[2m:[0m Tick received — running arb detection [3mmarket_id[0m[2m=[0m631deb8c-fbb4-489e-818e-ae698f57f50b [3mplatform[0m[2m=[0mKalshi [3mbid[0m[2m=[0m0.9600 [3mask[0m[2m=[0m0.9630 [3mmid[0m[2m=[0m0.9615 [3mbid_size[0m[2m=[0m88.06 [3mask_size[0m[2m=[0m3.00
[2m2026-04-12T20:36:26.464799Z[0m [34mDEBUG[0m [2mmercury::engine::spread[0m[2m:[0m Evaluated spread direction 2 [3mmarket_id[0m[2m=[0m9046452d-bcb3-4bb8-8925-8924b7439992 [3mdirection[0m[2m=[0m"NO-A/YES-B" [3mraw_spread[0m[2m=[0m-0.0600 [3mbid_a[0m[2m=[0m0.89 [3mask_b[0m[2m=[0m0.9500
[2m2026-04-12T20:36:26.464952Z[0m [34mDEBUG[0m [2mmercury::engine::spread[0m[2m:[0m Evaluated spread direction 2 [3mmarket_id[0m[2m=[0m631deb8c-fbb4-489e-818e-ae698f57f50b [3mdirection[0m[2m=[0m"NO-A/YES-B" [3mraw_spread[0m[2m=[0m0.0000 [3mbid_a[0m[2m=[0m0.9600 [3mask_b[0m[2m=[0m0.96
[2m2026-04-12T20:36:26.465081Z[0m [34mDEBUG[0m [2mmercury::engine::market_actor[0m[2m:[0m Tick received — running arb detection [3mmarket_id[0m[2m=[0m631deb8c-fbb4-489e-818e-ae698f57f50b [3mplatform[0m[2m=[0mKalshi [3mbid[0m[2m=[0m0.9600 [3mask[0m[2m=[0m0.9630 [3mmid[0m[2m=[0m0.9615 [3mbid_size[0m[2m=[0m88.06 [3mask_size[0m[2m=[0m3.00
[2m2026-04-12T20:36:26.465213Z[0m [34mDEBUG[0m [2mmercury::engine::spread[0m[2m:[0m Evaluated spread direction 2 [3mmarket_id[0m[2m=[0m631deb8c-fbb4-489e-818e-ae698f57f50b [3mdirection[0m[2m=[0m"NO-A/YES-B" [3mraw_spread[0m[2m=[0m0.0000 [3mbid_a[0m[2m=[0m0.9600 [3mask_b[0m[2m=[0m0.96
[2m2026-04-12T20:36:26.465331Z[0m [34mDEBUG[0m [2mmercury::engine::market_actor[0m[2m:[0m Tick received — running arb detection [3mmarket_id[0m[2m=[0m631deb8c-fbb4-489e-818e-ae698f57f50b [3mplatform[0m[2m=[0mKalshi [3mbid[0m[2m=[0m0.9600 [3mask[0m[2m=[0m0.9630 [3mmid[0m[2m=[0m0.9615 [3mbid_size[0m[2m=[0m88.06 [3mask_size[0m[2m=[0m3.00
[2m2026-04-12T20:36:26.465461Z[0m [34mDEBUG[0m [2mmercury::engine::spread[0m[2m:[0m Evaluated spread direction 2 [3mmarket_id[0m[2m=[0m631deb8c-fbb4-489e-818e-ae698f57f50b [3mdirection[0m[2m=[0m"NO-A/YES-B" [3mraw_spread[0m[2m=[0m0.0000 [3mbid_a[0m[2m=[0m0.9600 [3mask_b[0m[2m=[0m0.96
[2m2026-04-12T20:36:26.465578Z[0m [34mDEBUG[0m [2mmercury::engine::market_actor[0m[2m:[0m Tick received — running arb detection [3mmarket_id[0m[2m=[0m631deb8c-fbb4-489e-818e-ae698f57f50b [3mplatform[0m[2m=[0mKalshi [3mbid[0m[2m=[0m0.9600 [3mask[0m[2m=[0m0.9630 [3mmid[0m[2m=[0m0.9615 [3mbid_size[0m[2m=[0m88.06 [3mask_size[0m[2m=[0m3.00
[2m2026-04-12T20:36:26.465708Z[0m [34mDEBUG[0m [2mmercury::engine::spread[0m[2m:[0m Evaluated spread direction 2 [3mmarket_id[0m[2m=[0m631deb8c-fbb4-489e-818e-ae698f57f50b [3mdirection[0m[2m=[0m"NO-A/YES-B" [3mraw_spread[0m[2m=[0m0.0000 [3mbid_a[0m[2m=[0m0.9600 [3mask_b[0m[2m=[0m0.96
[2m2026-04-12T20:36:26.469821Z[0m [33m WARN[0m [2mmercury::feeds::kalshi[0m[2m:[0m Kalshi sequence gap for KXETH15M-26APR121645-45: expected 15, got 19. Book may be out of sync.
[2m2026-04-12T20:36:26.470118Z[0m [33m WARN[0m [2mmercury::feeds::kalshi[0m[2m:[0m Kalshi sequence gap for KXBTC15M-26APR121645-45: expected 19, got 21. Book may be out of sync.
[2m2026-04-12T20:36:26.470169Z[0m [34mDEBUG[0m [2mmercury::engine::market_actor[0m[2m:[0m Tick received — running arb detection [3mmarket_id[0m[2m=[0m9046452d-bcb3-4bb8-8925-8924b7439992 [3mplatform[0m[2m=[0mKalshi [3mbid[0m[2m=[0m0.9330 [3mask[0m[2m=[0m0.9500 [3mmid[0m[2m=[0m0.9415 [3mbid_size[0m[2m=[0m13.06 [3mask_size[0m[2m=[0m70.14
[2m2026-04-12T20:36:26.470404Z[0m [34mDEBUG[0m [2mmercury::engine::spread[0m[2m:[0m Evaluated spread direction 2 [3mmarket_id[0m[2m=[0m9046452d-bcb3-4bb8-8925-8924b7439992 [3mdirection[0m[2m=[0m"NO-A/YES-B" [3mraw_spread[0m[2m=[0m-0.0600 [3mbid_a[0m[2m=[0m0.89 [3mask_b[0m[2m=[0m0.9500
[2m2026-04-12T20:36:26.470438Z[0m [34mDEBUG[0m [2mmercury::engine::market_actor[0m[2m:[0m Tick received — running arb detection [3mmarket_id[0m[2m=[0m631deb8c-fbb4-489e-818e-ae698f57f50b [3mplatform[0m[2m=[0mKalshi [3mbid[0m[2m=[0m0.9600 [3mask[0m[2m=[0m0.9630 [3mmid[0m[2m=[0m0.9615 [3mbid_size[0m[2m=[0m88.06 [3mask_size[0m[2m=[0m3.00
[2m2026-04-12T20:36:26.470571Z[0m [34mDEBUG[0m [2mmercury::engine::market_actor[0m[2m:[0m Tick received — running arb detection [3mmarket_id[0m[2m=[0m9046452d-bcb3-4bb8-8925-8924b7439992 [3mplatform[0m[2m=[0mKalshi [3mbid[0m[2m=[0m0.9330 [3mask[0m[2m=[0m0.9500 [3mmid[0m[2m=[0m0.9415 [3mbid_size[0m[2m=[0m31.66 [3mask_size[0m[2m=[0m70.14
[2m2026-04-12T20:36:26.470620Z[0m [34mDEBUG[0m [2mmercury::engine::spread[0m[2m:[0m Evaluated spread direction 2 [3mmarket_id[0m[2m=[0m631deb8c-fbb4-489e-818e-ae698f57f50b [3mdirection[0m[2m=[0m"NO-A/YES-B" [3mraw_spread[0m[2m=[0m0.0000 [3mbid_a[0m[2m=[0m0.9600 [3mask_b[0m[2m=[0m0.96
[2m2026-04-12T20:36:26.470854Z[0m [34mDEBUG[0m [2mmercury::engine::spread[0m[2m:[0m Evaluated spread direction 2 [3mmarket_id[0m[2m=[0m9046452d-bcb3-4bb8-8925-8924b7439992 [3mdirection[0m[2m=[0m"NO-A/YES-B" [3mraw_spread[0m[2m=[0m-0.0600 [3mbid_a[0m[2m=[0m0.89 [3mask_b[0m[2m=[0m0.9500
[2m2026-04-12T20:36:26.478694Z[0m [34mDEBUG[0m [2mmercury::engine::market_actor[0m[2m:[0m Tick received — running arb detection [3mmarket_id[0m[2m=[0m9046452d-bcb3-4bb8-8925-8924b7439992 [3mplatform[0m[2m=[0mPolymarket [3mbid[0m[2m=[0m0.89 [3mask[0m[2m=[0m0.9 [3mmid[0m[2m=[0m0.8950 [3mbid_size[0m[2m=[0m211.4 [3mask_size[0m[2m=[0m276.23
[2m2026-04-12T20:36:26.478976Z[0m [34mDEBUG[0m [2mmercury::engine::spread[0m[2m:[0m Evaluated spread direction 2 [3mmarket_id[0m[2m=[0m9046452d-bcb3-4bb8-8925-8924b7439992 [3mdirection[0m[2m=[0m"NO-A/YES-B" [3mraw_spread[0m[2m=[0m-0.0600 [3mbid_a[0m[2m=[0m0.89 [3mask_b[0m[2m=[0m0.9500
[2m2026-04-12T20:36:26.479150Z[0m [34mDEBUG[0m [2mmercury::engine::market_actor[0m[2m:[0m Tick received — running arb detection [3mmarket_id[0m[2m=[0m9046452d-bcb3-4bb8-8925-8924b7439992 [3mplatform[0m[2m=[0mPolymarket [3mbid[0m[2m=[0m0.89 [3mask[0m[2m=[0m0.9 [3mmid[0m[2m=[0m0.8950 [3mbid_size[0m[2m=[0m211.4 [3mask_size[0m[2m=[0m276.23
[2m2026-04-12T20:36:26.479353Z[0m [34mDEBUG[0m [2mmercury::engine::spread[0m[2m:[0m Evaluated spread direction 2 [3mmarket_id[0m[2m=[0m9046452d-bcb3-4bb8-8925-8924b7439992 [3mdirection[0m[2m=[0m"NO-A/YES-B" [3mraw_spread[0m[2m=[0m-0.0600 [3mbid_a[0m[2m=[0m0.89 [3mask_b[0m[2m=[0m0.9500
[2m2026-04-12T20:36:26.488596Z[0m [34mDEBUG[0m [2mmercury::engine::market_actor[0m[2m:[0m Tick received — running arb detection [3mmarket_id[0m[2m=[0m631deb8c-fbb4-489e-818e-ae698f57f50b [3mplatform[0m[2m=[0mKalshi [3mbid[0m[2m=[0m0.9600 [3mask[0m[2m=[0m0.9630 [3mmid[0m[2m=[0m0.9615 [3mbid_size[0m[2m=[0m88.06 [3mask_size[0m[2m=[0m3.00
[2m2026-04-12T20:36:26.488806Z[0m [34mDEBUG[0m [2mmercury::engine::spread[0m[2m:[0m Evaluated spread direction 2 [3mmarket_id[0m[2m=[0m631deb8c-fbb4-489e-818e-ae698f57f50b [3mdirection[0m[2m=[0m"NO-A/YES-B" [3mraw_spread[0m[2m=[0m0.0000 [3mbid_a[0m[2m=[0m0.9600 [3mask_b[0m[2m=[0m0.96
[2m2026-04-12T20:36:26.503057Z[0m [34mDEBUG[0m [2mmercury::feeds::discovery[0m[2m:[0m No Kalshi 15m market found for this round [3masset[0m[2m=[0m"btc" [3mround_start_ts[0m[2m=[0m1776026700 [3mtarget_close[0m[2m=[0m1776027600
[2m2026-04-12T20:36:26.503315Z[0m [32m INFO[0m [2mmercury::feeds::discovery[0m[2m:[0m 15m crypto round matched [3masset[0m[2m=[0mbtc [3mround_start[0m[2m=[0m1776026700 [3mpoly[0m[2m=[0mtrue [3mkalshi[0m[2m=[0mfalse
[2m2026-04-12T20:36:26.505283Z[0m [34mDEBUG[0m [2mmercury::engine::market_actor[0m[2m:[0m Tick received — running arb detection [3mmarket_id[0m[2m=[0m631deb8c-fbb4-489e-818e-ae698f57f50b [3mplatform[0m[2m=[0mKalshi [3mbid[0m[2m=[0m0.9600 [3mask[0m[2m=[0m0.9630 [3mmid[0m[2m=[0m0.9615 [3mbid_size[0m[2m=[0m88.06 [3mask_size[0m[2m=[0m3.00
[2m2026-04-12T20:36:26.505553Z[0m [34mDEBUG[0m [2mmercury::engine::spread[0m[2m:[0m Evaluated spread direction 2 [3mmarket_id[0m[2m=[0m631deb8c-fbb4-489e-818e-ae698f57f50b [3mdirection[0m[2m=[0m"NO-A/YES-B" [3mraw_spread[0m[2m=[0m0.0000 [3mbid_a[0m[2m=[0m0.9600 [3mask_b[0m[2m=[0m0.96
[2m2026-04-12T20:36:26.505725Z[0m [34mDEBUG[0m [2mmercury::engine::market_actor[0m[2m:[0m Tick received — running arb detection [3mmarket_id[0m[2m=[0m631deb8c-fbb4-489e-818e-ae698f57f50b [3mplatform[0m[2m=[0mKalshi [3mbid[0m[2m=[0m0.9600 [3mask[0m[2m=[0m0.9630 [3mmid[0m[2m=[0m0.9615 [3mbid_size[0m[2m=[0m88.06 [3mask_size[0m[2m=[0m3.00
[2m2026-04-12T20:36:26.505899Z[0m [34mDEBUG[0m [2mmercury::engine::spread[0m[2m:[0m Evaluated spread direction 2 [3mmarket_id[0m[2m=[0m631deb8c-fbb4-489e-818e-ae698f57f50b [3mdirection[0m[2m=[0m"NO-A/YES-B" [3mraw_spread[0m[2m=[0m0.0000 [3mbid_a[0m[2m=[0m0.9600 [3mask_b[0m[2m=[0m0.96
[2m2026-04-12T20:36:26.506064Z[0m [34mDEBUG[0m [2mmercury::engine::market_actor[0m[2m:[0m Tick received — running arb detection [3mmarket_id[0m[2m=[0m631deb8c-fbb4-489e-818e-ae698f57f50b [3mplatform[0m[2m=[0mKalshi [3mbid[0m[2m=[0m0.9600 [3mask[0m[2m=[0m0.9630 [3mmid[0m[2m=[0m0.9615 [3mbid_size[0m[2m=[0m88.06 [3mask_size[0m[2m=[0m3.00
[2m2026-04-12T20:36:26.506233Z[0m [34mDEBUG[0m [2mmercury::engine::spread[0m[2m:[0m Evaluated spread direction 2 [3mmarket_id[0m[2m=[0m631deb8c-fbb4-489e-818e-ae698f57f50b [3mdirection[0m[2m=[0m"NO-A/YES-B" [3mraw_spread[0m[2m=[0m0.0000 [3mbid_a[0m[2m=[0m0.9600 [3mask_b[0m[2m=[0m0.96
[2m2026-04-12T20:36:26.506722Z[0m [34mDEBUG[0m [2mmercury::engine::market_actor[0m[2m:[0m Tick received — running arb detection [3mmarket_id[0m[2m=[0m631deb8c-fbb4-489e-818e-ae698f57f50b [3mplatform[0m[2m=[0mPolymarket [3mbid[0m[2m=[0m0.94 [3mask[0m[2m=[0m0.96 [3mmid[0m[2m=[0m0.95 [3mbid_size[0m[2m=[0m48.3 [3mask_size[0m[2m=[0m287.8
[2m2026-04-12T20:36:26.506918Z[0m [34mDEBUG[0m [2mmercury::engine::spread[0m[2m:[0m Evaluated spread direction 2 [3mmarket_id[0m[2m=[0m631deb8c-fbb4-489e-818e-ae698f57f50b [3mdirection[0m[2m=[0m"NO-A/YES-B" [3mraw_spread[0m[2m=[0m0.0000 [3mbid_a[0m[2m=[0m0.9600 [3mask_b[0m[2m=[0m0.96
[2m2026-04-12T20:36:26.508965Z[0m [34mDEBUG[0m [2mmercury::engine::market_actor[0m[2m:[0m Tick received — running arb detection [3mmarket_id[0m[2m=[0m9046452d-bcb3-4bb8-8925-8924b7439992 [3mplatform[0m[2m=[0mPolymarket [3mbid[0m[2m=[0m0.89 [3mask[0m[2m=[0m0.9 [3mmid[0m[2m=[0m0.8950 [3mbid_size[0m[2m=[0m211.4 [3mask_size[0m[2m=[0m276.23
[2m2026-04-12T20:36:26.509217Z[0m [34mDEBUG[0m [2mmercury::engine::spread[0m[2m:[0m Evaluated spread direction 2 [3mmarket_id[0m[2m=[0m9046452d-bcb3-4bb8-8925-8924b7439992 [3mdirection[0m[2m=[0m"NO-A/YES-B" [3mraw_spread[0m[2m=[0m-0.0600 [3mbid_a[0m[2m=[0m0.89 [3mask_b[0m[2m=[0m0.9500
[2m2026-04-12T20:36:26.509393Z[0m [34mDEBUG[0m [2mmercury::engine::market_actor[0m[2m:[0m Tick received — running arb detection [3mmarket_id[0m[2m=[0m9046452d-bcb3-4bb8-8925-8924b7439992 [3mplatform[0m[2m=[0mPolymarket [3mbid[0m[2m=[0m0.89 [3mask[0m[2m=[0m0.9 [3mmid[0m[2m=[0m0.8950 [3mbid_size[0m[2m=[0m220.63 [3mask_size[0m[2m=[0m276.23
[2m2026-04-12T20:36:26.509481Z[0m [34mDEBUG[0m [2mmercury::engine::market_actor[0m[2m:[0m Tick received — running arb detection [3mmarket_id[0m[2m=[0m631deb8c-fbb4-489e-818e-ae698f57f50b [3mplatform[0m[2m=[0mKalshi [3mbid[0m[2m=[0m0.9600 [3mask[0m[2m=[0m0.9630 [3mmid[0m[2m=[0m0.9615 [3mbid_size[0m[2m=[0m168.06 [3mask_size[0m[2m=[0m3.00
[2m2026-04-12T20:36:26.509647Z[0m [34mDEBUG[0m [2mmercury::engine::spread[0m[2m:[0m Evaluated spread direction 2 [3mmarket_id[0m[2m=[0m9046452d-bcb3-4bb8-8925-8924b7439992 [3mdirection[0m[2m=[0m"NO-A/YES-B" [3mraw_spread[0m[2m=[0m-0.0600 [3mbid_a[0m[2m=[0m0.89 [3mask_b[0m[2m=[0m0.9500
[2m2026-04-12T20:36:26.509790Z[0m [34mDEBUG[0m [2mmercury::engine::spread[0m[2m:[0m Evaluated spread direction 2 [3mmarket_id[0m[2m=[0m631deb8c-fbb4-489e-818e-ae698f57f50b [3mdirection[0m[2m=[0m"NO-A/YES-B" [3mraw_spread[0m[2m=[0m0.0000 [3mbid_a[0m[2m=[0m0.9600 [3mask_b[0m[2m=[0m0.96
[2m2026-04-12T20:36:26.555087Z[0m [34mDEBUG[0m [2mmercury::engine::market_actor[0m[2m:[0m Tick received — running arb detection [3mmarket_id[0m[2m=[0m631deb8c-fbb4-489e-818e-ae698f57f50b [3mplatform[0m[2m=[0mKalshi [3mbid[0m[2m=[0m0.9600 [3mask[0m[2m=[0m0.9630 [3mmid[0m[2m=[0m0.9615 [3mbid_size[0m[2m=[0m168.06 [3mask_size[0m[2m=[0m3.00
[2m2026-04-12T20:36:26.555414Z[0m [34mDEBUG[0m [2mmercury::engine::spread[0m[2m:[0m Evaluated spread direction 2 [3mmarket_id[0m[2m=[0m631deb8c-fbb4-489e-818e-ae698f57f50b [3mdirection[0m[2m=[0m"NO-A/YES-B" [3mraw_spread[0m[2m=[0m0.0000 [3mbid_a[0m[2m=[0m0.9600 [3mask_b[0m[2m=[0m0.96
[2m2026-04-12T20:36:26.555582Z[0m [34mDEBUG[0m [2mmercury::engine::market_actor[0m[2m:[0m Tick received — running arb detection [3mmarket_id[0m[2m=[0m631deb8c-fbb4-489e-818e-ae698f57f50b [3mplatform[0m[2m=[0mKalshi [3mbid[0m[2m=[0m0.9600 [3mask[0m[2m=[0m0.9630 [3mmid[0m[2m=[0m0.9615 [3mbid_size[0m[2m=[0m168.06 [3mask_size[0m[2m=[0m3.00
[2m2026-04-12T20:36:26.555756Z[0m [34mDEBUG[0m [2mmercury::engine::spread[0m[2m:[0m Evaluated spread direction 2 [3mmarket_id[0m[2m=[0m631deb8c-fbb4-489e-818e-ae698f57f50b [3mdirection[0m[2m=[0m"NO-A/YES-B" [3mraw_spread[0m[2m=[0m0.0000 [3mbid_a[0m[2m=[0m0.9600 [3mask_b[0m[2m=[0m0.96
[2m2026-04-12T20:36:26.555908Z[0m [34mDEBUG[0m [2mmercury::engine::market_actor[0m[2m:[0m Tick received — running arb detection [3mmarket_id[0m[2m=[0m631deb8c-fbb4-489e-818e-ae698f57f50b [3mplatform[0m[2m=[0mKalshi [3mbid[0m[2m=[0m0.9600 [3mask[0m[2m=[0m0.9630 [3mmid[0m[2m=[0m0.9615 [3mbid_size[0m[2m=[0m168.06 [3mask_size[0m[2m=[0m3.00
[2m2026-04-12T20:36:26.556087Z[0m [34mDEBUG[0m [2mmercury::engine::spread[0m[2m:[0m Evaluated spread direction 2 [3mmarket_id[0m[2m=[0m631deb8c-fbb4-489e-818e-ae698f57f50b [3mdirection[0m[2m=[0m"NO-A/YES-B" [3mraw_spread[0m[2m=[0m0.0000 [3mbid_a[0m[2m=[0m0.9600 [3mask_b[0m[2m=[0m0.96
[2m2026-04-12T20:36:26.556244Z[0m [34mDEBUG[0m [2mmercury::engine::market_actor[0m[2m:[0m Tick received — running arb detection [3mmarket_id[0m[2m=[0m631deb8c-fbb4-489e-818e-ae698f57f50b [3mplatform[0m[2m=[0mKalshi [3mbid[0m[2m=[0m0.9600 [3mask[0m[2m=[0m0.9630 [3mmid[0m[2m=[0m0.9615 [3mbid_size[0m[2m=[0m168.06 [3mask_size[0m[2m=[0m3.00
[2m2026-04-12T20:36:26.556415Z[0m [34mDEBUG[0m [2mmercury::engine::spread[0m[2m:[0m Evaluated spread direction 2 [3mmarket_id[0m[2m=[0m631deb8c-fbb4-489e-818e-ae698f57f50b [3mdirection[0m[2m=[0m"NO-A/YES-B" [3mraw_spread[0m[2m=[0m0.0000 [3mbid_a[0m[2m=[0m0.9600 [3mask_b[0m[2m=[0m0.96
[2m2026-04-12T20:36:26.560565Z[0m [34mDEBUG[0m [2mmercury::engine::market_actor[0m[2m:[0m Tick received — running arb detection [3mmarket_id[0m[2m=[0m631deb8c-fbb4-489e-818e-ae698f57f50b [3mplatform[0m[2m=[0mKalshi [3mbid[0m[2m=[0m0.9600 [3mask[0m[2m=[0m0.9630 [3mmid[0m[2m=[0m0.9615 [3mbid_size[0m[2m=[0m168.06 [3mask_size[0m[2m=[0m3.00
[2m2026-04-12T20:36:26.560770Z[0m [34mDEBUG[0m [2mmercury::engine::spread[0m[2m:[0m Evaluated spread direction 2 [3mmarket_id[0m[2m=[0m631deb8c-fbb4-489e-818e-ae698f57f50b [3mdirection[0m[2m=[0m"NO-A/YES-B" [3mraw_spread[0m[2m=[0m0.0000 [3mbid_a[0m[2m=[0m0.9600 [3mask_b[0m[2m=[0m0.96
[2m2026-04-12T20:36:26.565336Z[0m [34mDEBUG[0m [2mmercury::engine::market_actor[0m[2m:[0m Tick received — running arb detection [3mmarket_id[0m[2m=[0m2b958b37-9921-40b8-b22d-64a67138ae70 [3mplatform[0m[2m=[0mPolymarket [3mbid[0m[2m=[0m0.88 [3mask[0m[2m=[0m0.92 [3mmid[0m[2m=[0m0.90 [3mbid_size[0m[2m=[0m20.3 [3mask_size[0m[2m=[0m5
[2m2026-04-12T20:36:26.565649Z[0m [34mDEBUG[0m [2mmercury::engine::spread[0m[2m:[0m Evaluated spread direction 2 [3mmarket_id[0m[2m=[0m2b958b37-9921-40b8-b22d-64a67138ae70 [3mdirection[0m[2m=[0m"NO-A/YES-B" [3mraw_spread[0m[2m=[0m-0.0600 [3mbid_a[0m[2m=[0m0.8600 [3mask_b[0m[2m=[0m0.92
[2m2026-04-12T20:36:26.604711Z[0m [34mDEBUG[0m [2mmercury::engine::market_actor[0m[2m:[0m Tick received — running arb detection [3mmarket_id[0m[2m=[0m631deb8c-fbb4-489e-818e-ae698f57f50b [3mplatform[0m[2m=[0mPolymarket [3mbid[0m[2m=[0m0.94 [3mask[0m[2m=[0m0.96 [3mmid[0m[2m=[0m0.95 [3mbid_size[0m[2m=[0m48.3 [3mask_size[0m[2m=[0m287.8
[2m2026-04-12T20:36:26.604923Z[0m [34mDEBUG[0m [2mmercury::engine::spread[0m[2m:[0m Evaluated spread direction 2 [3mmarket_id[0m[2m=[0m631deb8c-fbb4-489e-818e-ae698f57f50b [3mdirection[0m[2m=[0m"NO-A/YES-B" [3mraw_spread[0m[2m=[0m0.0000 [3mbid_a[0m[2m=[0m0.9600 [3mask_b[0m[2m=[0m0.96
[2m2026-04-12T20:36:26.604945Z[0m [34mDEBUG[0m [2mmercury::engine::market_actor[0m[2m:[0m Tick received — running arb detection [3mmarket_id[0m[2m=[0m9046452d-bcb3-4bb8-8925-8924b7439992 [3mplatform[0m[2m=[0mPolymarket [3mbid[0m[2m=[0m0.89 [3mask[0m[2m=[0m0.9 [3mmid[0m[2m=[0m0.8950 [3mbid_size[0m[2m=[0m220.63 [3mask_size[0m[2m=[0m276.23
[2m2026-04-12T20:36:26.605052Z[0m [34mDEBUG[0m [2mmercury::engine::market_actor[0m[2m:[0m Tick received — running arb detection [3mmarket_id[0m[2m=[0m631deb8c-fbb4-489e-818e-ae698f57f50b [3mplatform[0m[2m=[0mPolymarket [3mbid[0m[2m=[0m0.94 [3mask[0m[2m=[0m0.96 [3mmid[0m[2m=[0m0.95 [3mbid_size[0m[2m=[0m48.3 [3mask_size[0m[2m=[0m292.8
[2m2026-04-12T20:36:26.605125Z[0m [34mDEBUG[0m [2mmercury::engine::spread[0m[2m:[0m Evaluated spread direction 2 [3mmarket_id[0m[2m=[0m9046452d-bcb3-4bb8-8925-8924b7439992 [3mdirection[0m[2m=[0m"NO-A/YES-B" [3mraw_spread[0m[2m=[0m-0.0600 [3mbid_a[0m[2m=[0m0.89 [3mask_b[0m[2m=[0m0.9500
[2m2026-04-12T20:36:26.605259Z[0m [34mDEBUG[0m [2mmercury::engine::market_actor[0m[2m:[0m Tick received — running arb detection [3mmarket_id[0m[2m=[0m9046452d-bcb3-4bb8-8925-8924b7439992 [3mplatform[0m[2m=[0mPolymarket [3mbid[0m[2m=[0m0.89 [3mask[0m[2m=[0m0.9 [3mmid[0m[2m=[0m0.8950 [3mbid_size[0m[2m=[0m211.4 [3mask_size[0m[2m=[0m276.23
[2m2026-04-12T20:36:26.605278Z[0m [34mDEBUG[0m [2mmercury::engine::spread[0m[2m:[0m Evaluated spread direction 2 [3mmarket_id[0m[2m=[0m631deb8c-fbb4-489e-818e-ae698f57f50b [3mdirection[0m[2m=[0m"NO-A/YES-B" [3mraw_spread[0m[2m=[0m0.0000 [3mbid_a[0m[2m=[0m0.9600 [3mask_b[0m[2m=[0m0.96
[2m2026-04-12T20:36:26.605415Z[0m [34mDEBUG[0m [2mmercury::engine::market_actor[0m[2m:[0m Tick received — running arb detection [3mmarket_id[0m[2m=[0m631deb8c-fbb4-489e-818e-ae698f57f50b [3mplatform[0m[2m=[0mPolymarket [3mbid[0m[2m=[0m0.94 [3mask[0m[2m=[0m0.96 [3mmid[0m[2m=[0m0.95 [3mbid_size[0m[2m=[0m48.3 [3mask_size[0m[2m=[0m292.8
[2m2026-04-12T20:36:26.605462Z[0m [34mDEBUG[0m [2mmercury::engine::spread[0m[2m:[0m Evaluated spread direction 2 [3mmarket_id[0m[2m=[0m9046452d-bcb3-4bb8-8925-8924b7439992 [3mdirection[0m[2m=[0m"NO-A/YES-B" [3mraw_spread[0m[2m=[0m-0.0600 [3mbid_a[0m[2m=[0m0.89 [3mask_b[0m[2m=[0m0.9500
[2m2026-04-12T20:36:26.605616Z[0m [34mDEBUG[0m [2mmercury::engine::spread[0m[2m:[0m Evaluated spread direction 2 [3mmarket_id[0m[2m=[0m631deb8c-fbb4-489e-818e-ae698f57f50b [3mdirection[0m[2m=[0m"NO-A/YES-B" [3mraw_spread[0m[2m=[0m0.0000 [3mbid_a[0m[2m=[0m0.9600 [3mask_b[0m[2m=[0m0.96
[2m2026-04-12T20:36:26.605612Z[0m [34mDEBUG[0m [2mmercury::engine::market_actor[0m[2m:[0m Tick received — running arb detection [3mmarket_id[0m[2m=[0m9046452d-bcb3-4bb8-8925-8924b7439992 [3mplatform[0m[2m=[0mPolymarket [3mbid[0m[2m=[0m0.89 [3mask[0m[2m=[0m0.9 [3mmid[0m[2m=[0m0.8950 [3mbid_size[0m[2m=[0m211.4 [3mask_size[0m[2m=[0m276.23
[2m2026-04-12T20:36:26.605752Z[0m [34mDEBUG[0m [2mmercury::engine::market_actor[0m[2m:[0m Tick received — running arb detection [3mmarket_id[0m[2m=[0m631deb8c-fbb4-489e-818e-ae698f57f50b [3mplatform[0m[2m=[0mPolymarket [3mbid[0m[2m=[0m0.94 [3mask[0m[2m=[0m0.96 [3mmid[0m[2m=[0m0.95 [3mbid_size[0m[2m=[0m48.3 [3mask_size[0m[2m=[0m292.8
[2m2026-04-12T20:36:26.605804Z[0m [34mDEBUG[0m [2mmercury::engine::spread[0m[2m:[0m Evaluated spread direction 2 [3mmarket_id[0m[2m=[0m9046452d-bcb3-4bb8-8925-8924b7439992 [3mdirection[0m[2m=[0m"NO-A/YES-B" [3mraw_spread[0m[2m=[0m-0.0600 [3mbid_a[0m[2m=[0m0.89 [3mask_b[0m[2m=[0m0.9500
[2m2026-04-12T20:36:26.605929Z[0m [34mDEBUG[0m [2mmercury::engine::market_actor[0m[2m:[0m Tick received — running arb detection [3mmarket_id[0m[2m=[0m9046452d-bcb3-4bb8-8925-8924b7439992 [3mplatform[0m[2m=[0mPolymarket [3mbid[0m[2m=[0m0.89 [3mask[0m[2m=[0m0.9 [3mmid[0m[2m=[0m0.8950 [3mbid_size[0m[2m=[0m220.63 [3mask_size[0m[2m=[0m276.23
[2m2026-04-12T20:36:26.605945Z[0m [34mDEBUG[0m [2mmercury::engine::spread[0m[2m:[0m Evaluated spread direction 2 [3mmarket_id[0m[2m=[0m631deb8c-fbb4-489e-818e-ae698f57f50b [3mdirection[0m[2m=[0m"NO-A/YES-B" [3mraw_spread[0m[2m=[0m0.0000 [3mbid_a[0m[2m=[0m0.9600 [3mask_b[0m[2m=[0m0.96
[2m2026-04-12T20:36:26.606090Z[0m [34mDEBUG[0m [2mmercury::engine::market_actor[0m[2m:[0m Tick received — running arb detection [3mmarket_id[0m[2m=[0m631deb8c-fbb4-489e-818e-ae698f57f50b [3mplatform[0m[2m=[0mPolymarket [3mbid[0m[2m=[0m0.94 [3mask[0m[2m=[0m0.96 [3mmid[0m[2m=[0m0.95 [3mbid_size[0m[2m=[0m48.3 [3mask_size[0m[2m=[0m292.8
[2m2026-04-12T20:36:26.606129Z[0m [34mDEBUG[0m [2mmercury::engine::spread[0m[2m:[0m Evaluated spread direction 2 [3mmarket_id[0m[2m=[0m9046452d-bcb3-4bb8-8925-8924b7439992 [3mdirection[0m[2m=[0m"NO-A/YES-B" [3mraw_spread[0m[2m=[0m-0.0600 [3mbid_a[0m[2m=[0m0.89 [3mask_b[0m[2m=[0m0.9500
[2m2026-04-12T20:36:26.606290Z[0m [34mDEBUG[0m [2mmercury::engine::spread[0m[2m:[0m Evaluated spread direction 2 [3mmarket_id[0m[2m=[0m631deb8c-fbb4-489e-818e-ae698f57f50b [3mdirection[0m[2m=[0m"NO-A/YES-B" [3mraw_spread[0m[2m=[0m0.0000 [3mbid_a[0m[2m=[0m0.9600 [3mask_b[0m[2m=[0m0.96
[2m2026-04-12T20:36:26.606411Z[0m [34mDEBUG[0m [2mmercury::engine::market_actor[0m[2m:[0m Tick received — running arb detection [3mmarket_id[0m[2m=[0m631deb8c-fbb4-489e-818e-ae698f57f50b [3mplatform[0m[2m=[0mKalshi [3mbid[0m[2m=[0m0.9600 [3mask[0m[2m=[0m0.9630 [3mmid[0m[2m=[0m0.9615 [3mbid_size[0m[2m=[0m168.06 [3mask_size[0m[2m=[0m3.00
[2m2026-04-12T20:36:26.606542Z[0m [34mDEBUG[0m [2mmercury::engine::spread[0m[2m:[0m Evaluated spread direction 2 [3mmarket_id[0m[2m=[0m631deb8c-fbb4-489e-818e-ae698f57f50b [3mdirection[0m[2m=[0m"NO-A/YES-B" [3mraw_spread[0m[2m=[0m0.0000 [3mbid_a[0m[2m=[0m0.9600 [3mask_b[0m[2m=[0m0.96
[2m2026-04-12T20:36:26.606660Z[0m [34mDEBUG[0m [2mmercury::engine::market_actor[0m[2m:[0m Tick received — running arb detection [3mmarket_id[0m[2m=[0m631deb8c-fbb4-489e-818e-ae698f57f50b [3mplatform[0m[2m=[0mKalshi [3mbid[0m[2m=[0m0.9600 [3mask[0m[2m=[0m0.9630 [3mmid[0m[2m=[0m0.9615 [3mbid_size[0m[2m=[0m168.06 [3mask_size[0m[2m=[0m3.00
[2m2026-04-12T20:36:26.606811Z[0m [34mDEBUG[0m [2mmercury::engine::spread[0m[2m:[0m Evaluated spread direction 2 [3mmarket_id[0m[2m=[0m631deb8c-fbb4-489e-818e-ae698f57f50b [3mdirection[0m[2m=[0m"NO-A/YES-B" [3mraw_spread[0m[2m=[0m0.0000 [3mbid_a[0m[2m=[0m0.9600 [3mask_b[0m[2m=[0m0.96
[2m2026-04-12T20:36:26.606929Z[0m [34mDEBUG[0m [2mmercury::engine::market_actor[0m[2m:[0m Tick received — running arb detection [3mmarket_id[0m[2m=[0m631deb8c-fbb4-489e-818e-ae698f57f50b [3mplatform[0m[2m=[0mPolymarket [3mbid[0m[2m=[0m0.94 [3mask[0m[2m=[0m0.96 [3mmid[0m[2m=[0m0.95 [3mbid_size[0m[2m=[0m48.3 [3mask_size[0m[2m=[0m292.8
[2m2026-04-12T20:36:26.607076Z[0m [34mDEBUG[0m [2mmercury::engine::spread[0m[2m:[0m Evaluated spread direction 2 [3mmarket_id[0m[2m=[0m631deb8c-fbb4-489e-818e-ae698f57f50b [3mdirection[0m[2m=[0m"NO-A/YES-B" [3mraw_spread[0m[2m=[0m0.0000 [3mbid_a[0m[2m=[0m0.9600 [3mask_b[0m[2m=[0m0.96
[2m2026-04-12T20:36:26.607182Z[0m [34mDEBUG[0m [2mmercury::engine::market_actor[0m[2m:[0m Tick received — running arb detection [3mmarket_id[0m[2m=[0m631deb8c-fbb4-489e-818e-ae698f57f50b [3mplatform[0m[2m=[0mPolymarket [3mbid[0m[2m=[0m0.94 [3mask[0m[2m=[0m0.96 [3mmid[0m[2m=[0m0.95 [3mbid_size[0m[2m=[0m48.3 [3mask_size[0m[2m=[0m292.8
[2m2026-04-12T20:36:26.607294Z[0m [34mDEBUG[0m [2mmercury::engine::spread[0m[2m:[0m Evaluated spread direction 2 [3mmarket_id[0m[2m=[0m631deb8c-fbb4-489e-818e-ae698f57f50b [3mdirection[0m[2m=[0m"NO-A/YES-B" [3mraw_spread[0m[2m=[0m0.0000 [3mbid_a[0m[2m=[0m0.9600 [3mask_b[0m[2m=[0m0.96
[2m2026-04-12T20:36:26.607399Z[0m [34mDEBUG[0m [2mmercury::engine::market_actor[0m[2m:[0m Tick received — running arb detection [3mmarket_id[0m[2m=[0m631deb8c-fbb4-489e-818e-ae698f57f50b [3mplatform[0m[2m=[0mPolymarket [3mbid[0m[2m=[0m0.94 [3mask[0m[2m=[0m0.96 [3mmid[0m[2m=[0m0.95 [3mbid_size[0m[2m=[0m48.3 [3mask_size[0m[2m=[0m292.8
[2m2026-04-12T20:36:26.607511Z[0m [34mDEBUG[0m [2mmercury::engine::spread[0m[2m:[0m Evaluated spread direction 2 [3mmarket_id[0m[2m=[0m631deb8c-fbb4-489e-818e-ae698f57f50b [3mdirection[0m[2m=[0m"NO-A/YES-B" [3mraw_spread[0m[2m=[0m0.0000 [3mbid_a[0m[2m=[0m0.9600 [3mask_b[0m[2m=[0m0.96
[2m2026-04-12T20:36:26.607616Z[0m [34mDEBUG[0m [2mmercury::engine::market_actor[0m[2m:[0m Tick received — running arb detection [3mmarket_id[0m[2m=[0m631deb8c-fbb4-489e-818e-ae698f57f50b [3mplatform[0m[2m=[0mPolymarket [3mbid[0m[2m=[0m0.94 [3mask[0m[2m=[0m0.96 [3mmid[0m[2m=[0m0.95 [3mbid_size[0m[2m=[0m48.3 [3mask_size[0m[2m=[0m292.8
[2m2026-04-12T20:36:26.607731Z[0m [34mDEBUG[0m [2mmercury::engine::spread[0m[2m:[0m Evaluated spread direction 2 [3mmarket_id[0m[2m=[0m631deb8c-fbb4-489e-818e-ae698f57f50b [3mdirection[0m[2m=[0m"NO-A/YES-B" [3mraw_spread[0m[2m=[0m0.0000 [3mbid_a[0m[2m=[0m0.9600 [3mask_b[0m[2m=[0m0.96
[2m2026-04-12T20:36:26.607836Z[0m [34mDEBUG[0m [2mmercury::engine::market_actor[0m[2m:[0m Tick received — running arb detection [3mmarket_id[0m[2m=[0m631deb8c-fbb4-489e-818e-ae698f57f50b [3mplatform[0m[2m=[0mPolymarket [3mbid[0m[2m=[0m0.94 [3mask[0m[2m=[0m0.96 [3mmid[0m[2m=[0m0.95 [3mbid_size[0m[2m=[0m48.3 [3mask_size[0m[2m=[0m292.8
[2m2026-04-12T20:36:26.607948Z[0m [34mDEBUG[0m [2mmercury::engine::spread[0m[2m:[0m Evaluated spread direction 2 [3mmarket_id[0m[2m=[0m631deb8c-fbb4-489e-818e-ae698f57f50b [3mdirection[0m[2m=[0m"NO-A/YES-B" [3mraw_spread[0m[2m=[0m0.0000 [3mbid_a[0m[2m=[0m0.9600 [3mask_b[0m[2m=[0m0.96
[2m2026-04-12T20:36:26.608065Z[0m [34mDEBUG[0m [2mmercury::engine::market_actor[0m[2m:[0m Tick received — running arb detection [3mmarket_id[0m[2m=[0m631deb8c-fbb4-489e-818e-ae698f57f50b [3mplatform[0m[2m=[0mPolymarket [3mbid[0m[2m=[0m0.94 [3mask[0m[2m=[0m0.96 [3mmid[0m[2m=[0m0.95 [3mbid_size[0m[2m=[0m48.3 [3mask_size[0m[2m=[0m292.8
[2m2026-04-12T20:36:26.608177Z[0m [34mDEBUG[0m [2mmercury::engine::spread[0m[2m:[0m Evaluated spread direction 2 [3mmarket_id[0m[2m=[0m631deb8c-fbb4-489e-818e-ae698f57f50b [3mdirection[0m[2m=[0m"NO-A/YES-B" [3mraw_spread[0m[2m=[0m0.0000 [3mbid_a[0m[2m=[0m0.9600 [3mask_b[0m[2m=[0m0.96
[2m2026-04-12T20:36:26.608281Z[0m [34mDEBUG[0m [2mmercury::engine::market_actor[0m[2m:[0m Tick received — running arb detection [3mmarket_id[0m[2m=[0m631deb8c-fbb4-489e-818e-ae698f57f50b [3mplatform[0m[2m=[0mPolymarket [3mbid[0m[2m=[0m0.94 [3mask[0m[2m=[0m0.96 [3mmid[0m[2m=[0m0.95 [3mbid_size[0m[2m=[0m48.3 [3mask_size[0m[2m=[0m292.8
[2m2026-04-12T20:36:26.608392Z[0m [34mDEBUG[0m [2mmercury::engine::spread[0m[2m:[0m Evaluated spread direction 2 [3mmarket_id[0m[2m=[0m631deb8c-fbb4-489e-818e-ae698f57f50b [3mdirection[0m[2m=[0m"NO-A/YES-B" [3mraw_spread[0m[2m=[0m0.0000 [3mbid_a[0m[2m=[0m0.9600 [3mask_b[0m[2m=[0m0.96
[2m2026-04-12T20:36:26.608496Z[0m [34mDEBUG[0m [2mmercury::engine::market_actor[0m[2m:[0m Tick received — running arb detection [3mmarket_id[0m[2m=[0m631deb8c-fbb4-489e-818e-ae698f57f50b [3mplatform[0m[2m=[0mPolymarket [3mbid[0m[2m=[0m0.94 [3mask[0m[2m=[0m0.96 [3mmid[0m[2m=[0m0.95 [3mbid_size[0m[2m=[0m48.3 [3mask_size[0m[2m=[0m292.8
[2m2026-04-12T20:36:26.608607Z[0m [34mDEBUG[0m [2mmercury::engine::spread[0m[2m:[0m Evaluated spread direction 2 [3mmarket_id[0m[2m=[0m631deb8c-fbb4-489e-818e-ae698f57f50b [3mdirection[0m[2m=[0m"NO-A/YES-B" [3mraw_spread[0m[2m=[0m0.0000 [3mbid_a[0m[2m=[0m0.9600 [3mask_b[0m[2m=[0m0.96
[2m2026-04-12T20:36:26.608710Z[0m [34mDEBUG[0m [2mmercury::engine::market_actor[0m[2m:[0m Tick received — running arb detection [3mmarket_id[0m[2m=[0m631deb8c-fbb4-489e-818e-ae698f57f50b [3mplatform[0m[2m=[0mPolymarket [3mbid[0m[2m=[0m0.94 [3mask[0m[2m=[0m0.96 [3mmid[0m[2m=[0m0.95 [3mbid_size[0m[2m=[0m48.3 [3mask_size[0m[2m=[0m292.8
[2m2026-04-12T20:36:26.608821Z[0m [34mDEBUG[0m [2mmercury::engine::spread[0m[2m:[0m Evaluated spread direction 2 [3mmarket_id[0m[2m=[0m631deb8c-fbb4-489e-818e-ae698f57f50b [3mdirection[0m[2m=[0m"NO-A/YES-B" [3mraw_spread[0m[2m=[0m0.0000 [3mbid_a[0m[2m=[0m0.9600 [3mask_b[0m[2m=[0m0.96
[2m2026-04-12T20:36:26.608924Z[0m [34mDEBUG[0m [2mmercury::engine::market_actor[0m[2m:[0m Tick received — running arb detection [3mmarket_id[0m[2m=[0m631deb8c-fbb4-489e-818e-ae698f57f50b [3mplatform[0m[2m=[0mPolymarket [3mbid[0m[2m=[0m0.94 [3mask[0m[2m=[0m0.96 [3mmid[0m[2m=[0m0.95 [3mbid_size[0m[2m=[0m48.3 [3mask_size[0m[2m=[0m292.8
[2m2026-04-12T20:36:26.609034Z[0m [34mDEBUG[0m [2mmercury::engine::spread[0m[2m:[0m Evaluated spread direction 2 [3mmarket_id[0m[2m=[0m631deb8c-fbb4-489e-818e-ae698f57f50b [3mdirection[0m[2m=[0m"NO-A/YES-B" [3mraw_spread[0m[2m=[0m0.0000 [3mbid_a[0m[2m=[0m0.9600 [3mask_b[0m[2m=[0m0.96
[2m2026-04-12T20:36:26.609138Z[0m [34mDEBUG[0m [2mmercury::engine::market_actor[0m[2m:[0m Tick received — running arb detection [3mmarket_id[0m[2m=[0m631deb8c-fbb4-489e-818e-ae698f57f50b [3mplatform[0m[2m=[0mPolymarket [3mbid[0m[2m=[0m0.94 [3mask[0m[2m=[0m0.96 [3mmid[0m[2m=[0m0.95 [3mbid_size[0m[2m=[0m48.3 [3mask_size[0m[2m=[0m292.8
[2m2026-04-12T20:36:26.609267Z[0m [34mDEBUG[0m [2mmercury::engine::spread[0m[2m:[0m Evaluated spread direction 2 [3mmarket_id[0m[2m=[0m631deb8c-fbb4-489e-818e-ae698f57f50b [3mdirection[0m[2m=[0m"NO-A/YES-B" [3mraw_spread[0m[2m=[0m0.0000 [3mbid_a[0m[2m=[0m0.9600 [3mask_b[0m[2m=[0m0.96
[2m2026-04-12T20:36:26.609369Z[0m [34mDEBUG[0m [2mmercury::engine::market_actor[0m[2m:[0m Tick received — running arb detection [3mmarket_id[0m[2m=[0m631deb8c-fbb4-489e-818e-ae698f57f50b [3mplatform[0m[2m=[0mPolymarket [3mbid[0m[2m=[0m0.94 [3mask[0m[2m=[0m0.96 [3mmid[0m[2m=[0m0.95 [3mbid_size[0m[2m=[0m48.3 [3mask_size[0m[2m=[0m292.8
[2m2026-04-12T20:36:26.609477Z[0m [34mDEBUG[0m [2mmercury::engine::spread[0m[2m:[0m Evaluated spread direction 2 [3mmarket_id[0m[2m=[0m631deb8c-fbb4-489e-818e-ae698f57f50b [3mdirection[0m[2m=[0m"NO-A/YES-B" [3mraw_spread[0m[2m=[0m0.0000 [3mbid_a[0m[2m=[0m0.9600 [3mask_b[0m[2m=[0m0.96
[2m2026-04-12T20:36:26.611402Z[0m [34mDEBUG[0m [2mmercury::engine::market_actor[0m[2m:[0m Tick received — running arb detection [3mmarket_id[0m[2m=[0m631deb8c-fbb4-489e-818e-ae698f57f50b [3mplatform[0m[2m=[0mKalshi [3mbid[0m[2m=[0m0.9600 [3mask[0m[2m=[0m0.9630 [3mmid[0m[2m=[0m0.9615 [3mbid_size[0m[2m=[0m168.06 [3mask_size[0m[2m=[0m3.00
[2m2026-04-12T20:36:26.611566Z[0m [34mDEBUG[0m [2mmercury::engine::spread[0m[2m:[0m Evaluated spread direction 2 [3mmarket_id[0m[2m=[0m631deb8c-fbb4-489e-818e-ae698f57f50b [3mdirection[0m[2m=[0m"NO-A/YES-B" [3mraw_spread[0m[2m=[0m0.0000 [3mbid_a[0m[2m=[0m0.9600 [3mask_b[0m[2m=[0m0.96
[2m2026-04-12T20:36:26.663864Z[0m [34mDEBUG[0m [2mmercury::engine::market_actor[0m[2m:[0m Tick received — running arb detection [3mmarket_id[0m[2m=[0m2b958b37-9921-40b8-b22d-64a67138ae70 [3mplatform[0m[2m=[0mPolymarket [3mbid[0m[2m=[0m0.88 [3mask[0m[2m=[0m0.92 [3mmid[0m[2m=[0m0.90 [3mbid_size[0m[2m=[0m20.3 [3mask_size[0m[2m=[0m5
[2m2026-04-12T20:36:26.663995Z[0m [34mDEBUG[0m [2mmercury::engine::market_actor[0m[2m:[0m Tick received — running arb detection [3mmarket_id[0m[2m=[0m9046452d-bcb3-4bb8-8925-8924b7439992 [3mplatform[0m[2m=[0mPolymarket [3mbid[0m[2m=[0m0.89 [3mask[0m[2m=[0m0.9 [3mmid[0m[2m=[0m0.8950 [3mbid_size[0m[2m=[0m220.63 [3mask_size[0m[2m=[0m276.23
[2m2026-04-12T20:36:26.664069Z[0m [34mDEBUG[0m [2mmercury::engine::spread[0m[2m:[0m Evaluated spread direction 2 [3mmarket_id[0m[2m=[0m2b958b37-9921-40b8-b22d-64a67138ae70 [3mdirection[0m[2m=[0m"NO-A/YES-B" [3mraw_spread[0m[2m=[0m-0.0600 [3mbid_a[0m[2m=[0m0.8600 [3mask_b[0m[2m=[0m0.92
[2m2026-04-12T20:36:26.664131Z[0m [34mDEBUG[0m [2mmercury::engine::market_actor[0m[2m:[0m Tick received — running arb detection [3mmarket_id[0m[2m=[0m631deb8c-fbb4-489e-818e-ae698f57f50b [3mplatform[0m[2m=[0mKalshi [3mbid[0m[2m=[0m0.9600 [3mask[0m[2m=[0m0.9630 [3mmid[0m[2m=[0m0.9615 [3mbid_size[0m[2m=[0m168.06 [3mask_size[0m[2m=[0m3.00
[2m2026-04-12T20:36:26.664259Z[0m [34mDEBUG[0m [2mmercury::engine::spread[0m[2m:[0m Evaluated spread direction 2 [3mmarket_id[0m[2m=[0m9046452d-bcb3-4bb8-8925-8924b7439992 [3mdirection[0m[2m=[0m"NO-A/YES-B" [3mraw_spread[0m[2m=[0m-0.0600 [3mbid_a[0m[2m=[0m0.89 [3mask_b[0m[2m=[0m0.9500
[2m2026-04-12T20:36:26.664401Z[0m [34mDEBUG[0m [2mmercury::engine::spread[0m[2m:[0m Evaluated spread direction 2 [3mmarket_id[0m[2m=[0m631deb8c-fbb4-489e-818e-ae698f57f50b [3mdirection[0m[2m=[0m"NO-A/YES-B" [3mraw_spread[0m[2m=[0m0.0000 [3mbid_a[0m[2m=[0m0.9600 [3mask_b[0m[2m=[0m0.96
[2m2026-04-12T20:36:26.664539Z[0m [34mDEBUG[0m [2mmercury::engine::market_actor[0m[2m:[0m Tick received — running arb detection [3mmarket_id[0m[2m=[0m631deb8c-fbb4-489e-818e-ae698f57f50b [3mplatform[0m[2m=[0mKalshi [3mbid[0m[2m=[0m0.9600 [3mask[0m[2m=[0m0.9630 [3mmid[0m[2m=[0m0.9615 [3mbid_size[0m[2m=[0m168.06 [3mask_size[0m[2m=[0m3.00
[2m2026-04-12T20:36:26.664674Z[0m [34mDEBUG[0m [2mmercury::engine::spread[0m[2m:[0m Evaluated spread direction 2 [3mmarket_id[0m[2m=[0m631deb8c-fbb4-489e-818e-ae698f57f50b [3mdirection[0m[2m=[0m"NO-A/YES-B" [3mraw_spread[0m[2m=[0m0.0000 [3mbid_a[0m[2m=[0m0.9600 [3mask_b[0m[2m=[0m0.96
[2m2026-04-12T20:36:26.664800Z[0m [34mDEBUG[0m [2mmercury::engine::market_actor[0m[2m:[0m Tick received — running arb detection [3mmarket_id[0m[2m=[0m631deb8c-fbb4-489e-818e-ae698f57f50b [3mplatform[0m[2m=[0mKalshi [3mbid[0m[2m=[0m0.9600 [3mask[0m[2m=[0m0.9630 [3mmid[0m[2m=[0m0.9615 [3mbid_size[0m[2m=[0m168.06 [3mask_size[0m[2m=[0m3.00
[2m2026-04-12T20:36:26.664931Z[0m [34mDEBUG[0m [2mmercury::engine::spread[0m[2m:[0m Evaluated spread direction 2 [3mmarket_id[0m[2m=[0m631deb8c-fbb4-489e-818e-ae698f57f50b [3mdirection[0m[2m=[0m"NO-A/YES-B" [3mraw_spread[0m[2m=[0m0.0000 [3mbid_a[0m[2m=[0m0.9600 [3mask_b[0m[2m=[0m0.96
[2m2026-04-12T20:36:26.665052Z[0m [34mDEBUG[0m [2mmercury::engine::market_actor[0m[2m:[0m Tick received — running arb detection [3mmarket_id[0m[2m=[0m631deb8c-fbb4-489e-818e-ae698f57f50b [3mplatform[0m[2m=[0mKalshi [3mbid[0m[2m=[0m0.9600 [3mask[0m[2m=[0m0.9630 [3mmid[0m[2m=[0m0.9615 [3mbid_size[0m[2m=[0m168.06 [3mask_size[0m[2m=[0m3.00
[2m2026-04-12T20:36:26.665183Z[0m [34mDEBUG[0m [2mmercury::engine::spread[0m[2m:[0m Evaluated spread direction 2 [3mmarket_id[0m[2m=[0m631deb8c-fbb4-489e-818e-ae698f57f50b [3mdirection[0m[2m=[0m"NO-A/YES-B" [3mraw_spread[0m[2m=[0m0.0000 [3mbid_a[0m[2m=[0m0.9600 [3mask_b[0m[2m=[0m0.96
[2m2026-04-12T20:36:26.665300Z[0m [34mDEBUG[0m [2mmercury::engine::market_actor[0m[2m:[0m Tick received — running arb detection [3mmarket_id[0m[2m=[0m631deb8c-fbb4-489e-818e-ae698f57f50b [3mplatform[0m[2m=[0mKalshi [3mbid[0m[2m=[0m0.9600 [3mask[0m[2m=[0m0.9630 [3mmid[0m[2m=[0m0.9615 [3mbid_size[0m[2m=[0m168.06 [3mask_size[0m[2m=[0m3.00
[2m2026-04-12T20:36:26.665430Z[0m [34mDEBUG[0m [2mmercury::engine::spread[0m[2m:[0m Evaluated spread direction 2 [3mmarket_id[0m[2m=[0m631deb8c-fbb4-489e-818e-ae698f57f50b [3mdirection[0m[2m=[0m"NO-A/YES-B" [3mraw_spread[0m[2m=[0m0.0000 [3mbid_a[0m[2m=[0m0.9600 [3mask_b[0m[2m=[0m0.96
[2m2026-04-12T20:36:26.665547Z[0m [34mDEBUG[0m [2mmercury::engine::market_actor[0m[2m:[0m Tick received — running arb detection [3mmarket_id[0m[2m=[0m631deb8c-fbb4-489e-818e-ae698f57f50b [3mplatform[0m[2m=[0mKalshi [3mbid[0m[2m=[0m0.9600 [3mask[0m[2m=[0m0.9630 [3mmid[0m[2m=[0m0.9615 [3mbid_size[0m[2m=[0m168.06 [3mask_size[0m[2m=[0m3.00
[2m2026-04-12T20:36:26.665678Z[0m [34mDEBUG[0m [2mmercury::engine::spread[0m[2m:[0m Evaluated spread direction 2 [3mmarket_id[0m[2m=[0m631deb8c-fbb4-489e-818e-ae698f57f50b [3mdirection[0m[2m=[0m"NO-A/YES-B" [3mraw_spread[0m[2m=[0m0.0000 [3mbid_a[0m[2m=[0m0.9600 [3mask_b[0m[2m=[0m0.96
[2m2026-04-12T20:36:26.665794Z[0m [34mDEBUG[0m [2mmercury::engine::market_actor[0m[2m:[0m Tick received — running arb detection [3mmarket_id[0m[2m=[0m631deb8c-fbb4-489e-818e-ae698f57f50b [3mplatform[0m[2m=[0mKalshi [3mbid[0m[2m=[0m0.9600 [3mask[0m[2m=[0m0.9630 [3mmid[0m[2m=[0m0.9615 [3mbid_size[0m[2m=[0m168.06 [3mask_size[0m[2m=[0m3.00
[2m2026-04-12T20:36:26.665924Z[0m [34mDEBUG[0m [2mmercury::engine::spread[0m[2m:[0m Evaluated spread direction 2 [3mmarket_id[0m[2m=[0m631deb8c-fbb4-489e-818e-ae698f57f50b [3mdirection[0m[2m=[0m"NO-A/YES-B" [3mraw_spread[0m[2m=[0m0.0000 [3mbid_a[0m[2m=[0m0.9600 [3mask_b[0m[2m=[0m0.96
[2m2026-04-12T20:36:26.666041Z[0m [34mDEBUG[0m [2mmercury::engine::market_actor[0m[2m:[0m Tick received — running arb detection [3mmarket_id[0m[2m=[0m631deb8c-fbb4-489e-818e-ae698f57f50b [3mplatform[0m[2m=[0mKalshi [3mbid[0m[2m=[0m0.9600 [3mask[0m[2m=[0m0.9630 [3mmid[0m[2m=[0m0.9615 [3mbid_size[0m[2m=[0m168.06 [3mask_size[0m[2m=[0m3.00
[2m2026-04-12T20:36:26.666191Z[0m [34mDEBUG[0m [2mmercury::engine::spread[0m[2m:[0m Evaluated spread direction 2 [3mmarket_id[0m[2m=[0m631deb8c-fbb4-489e-818e-ae698f57f50b [3mdirection[0m[2m=[0m"NO-A/YES-B" [3mraw_spread[0m[2m=[0m0.0000 [3mbid_a[0m[2m=[0m0.9600 [3mask_b[0m[2m=[0m0.96
[2m2026-04-12T20:36:26.666305Z[0m [34mDEBUG[0m [2mmercury::engine::market_actor[0m[2m:[0m Tick received — running arb detection [3mmarket_id[0m[2m=[0m631deb8c-fbb4-489e-818e-ae698f57f50b [3mplatform[0m[2m=[0mKalshi [3mbid[0m[2m=[0m0.9600 [3mask[0m[2m=[0m0.9630 [3mmid[0m[2m=[0m0.9615 [3mbid_size[0m[2m=[0m168.06 [3mask_size[0m[2m=[0m3.00
[2m2026-04-12T20:36:26.666422Z[0m [34mDEBUG[0m [2mmercury::engine::spread[0m[2m:[0m Evaluated spread direction 2 [3mmarket_id[0m[2m=[0m631deb8c-fbb4-489e-818e-ae698f57f50b [3mdirection[0m[2m=[0m"NO-A/YES-B" [3mraw_spread[0m[2m=[0m0.0000 [3mbid_a[0m[2m=[0m0.9600 [3mask_b[0m[2m=[0m0.96
[2m2026-04-12T20:36:26.666526Z[0m [34mDEBUG[0m [2mmercury::engine::market_actor[0m[2m:[0m Tick received — running arb detection [3mmarket_id[0m[2m=[0m631deb8c-fbb4-489e-818e-ae698f57f50b [3mplatform[0m[2m=[0mKalshi [3mbid[0m[2m=[0m0.9600 [3mask[0m[2m=[0m0.9630 [3mmid[0m[2m=[0m0.9615 [3mbid_size[0m[2m=[0m168.06 [3mask_size[0m[2m=[0m3.00
[2m2026-04-12T20:36:26.666643Z[0m [34mDEBUG[0m [2mmercury::engine::spread[0m[2m:[0m Evaluated spread direction 2 [3mmarket_id[0m[2m=[0m631deb8c-fbb4-489e-818e-ae698f57f50b [3mdirection[0m[2m=[0m"NO-A/YES-B" [3mraw_spread[0m[2m=[0m0.0000 [3mbid_a[0m[2m=[0m0.9600 [3mask_b[0m[2m=[0m0.96
[2m2026-04-12T20:36:26.666747Z[0m [34mDEBUG[0m [2mmercury::engine::market_actor[0m[2m:[0m Tick received — running arb detection [3mmarket_id[0m[2m=[0m631deb8c-fbb4-489e-818e-ae698f57f50b [3mplatform[0m[2m=[0mKalshi [3mbid[0m[2m=[0m0.9600 [3mask[0m[2m=[0m0.9630 [3mmid[0m[2m=[0m0.9615 [3mbid_size[0m[2m=[0m168.06 [3mask_size[0m[2m=[0m3.00
[2m2026-04-12T20:36:26.666864Z[0m [34mDEBUG[0m [2mmercury::engine::spread[0m[2m:[0m Evaluated spread direction 2 [3mmarket_id[0m[2m=[0m631deb8c-fbb4-489e-818e-ae698f57f50b [3mdirection[0m[2m=[0m"NO-A/YES-B" [3mraw_spread[0m[2m=[0m0.0000 [3mbid_a[0m[2m=[0m0.9600 [3mask_b[0m[2m=[0m0.96
[2m2026-04-12T20:36:26.666969Z[0m [34mDEBUG[0m [2mmercury::engine::market_actor[0m[2m:[0m Tick received — running arb detection [3mmarket_id[0m[2m=[0m631deb8c-fbb4-489e-818e-ae698f57f50b [3mplatform[0m[2m=[0mKalshi [3mbid[0m[2m=[0m0.9600 [3mask[0m[2m=[0m0.9630 [3mmid[0m[2m=[0m0.9615 [3mbid_size[0m[2m=[0m168.06 [3mask_size[0m[2m=[0m3.00
[2m2026-04-12T20:36:26.667086Z[0m [34mDEBUG[0m [2mmercury::engine::spread[0m[2m:[0m Evaluated spread direction 2 [3mmarket_id[0m[2m=[0m631deb8c-fbb4-489e-818e-ae698f57f50b [3mdirection[0m[2m=[0m"NO-A/YES-B" [3mraw_spread[0m[2m=[0m0.0000 [3mbid_a[0m[2m=[0m0.9600 [3mask_b[0m[2m=[0m0.96
[2m2026-04-12T20:36:26.668334Z[0m [34mDEBUG[0m [2mmercury::engine::market_actor[0m[2m:[0m Tick received — running arb detection [3mmarket_id[0m[2m=[0m9046452d-bcb3-4bb8-8925-8924b7439992 [3mplatform[0m[2m=[0mPolymarket [3mbid[0m[2m=[0m0.89 [3mask[0m[2m=[0m0.9 [3mmid[0m[2m=[0m0.8950 [3mbid_size[0m[2m=[0m229.86 [3mask_size[0m[2m=[0m276.23
[2m2026-04-12T20:36:26.668497Z[0m [34mDEBUG[0m [2mmercury::engine::spread[0m[2m:[0m Evaluated spread direction 2 [3mmarket_id[0m[2m=[0m9046452d-bcb3-4bb8-8925-8924b7439992 [3mdirection[0m[2m=[0m"NO-A/YES-B" [3mraw_spread[0m[2m=[0m-0.0600 [3mbid_a[0m[2m=[0m0.89 [3mask_b[0m[2m=[0m0.9500
[2m2026-04-12T20:36:26.708570Z[0m [34mDEBUG[0m [2mmercury::engine::market_actor[0m[2m:[0m Tick received — running arb detection [3mmarket_id[0m[2m=[0m631deb8c-fbb4-489e-818e-ae698f57f50b [3mplatform[0m[2m=[0mKalshi [3mbid[0m[2m=[0m0.9600 [3mask[0m[2m=[0m0.9630 [3mmid[0m[2m=[0m0.9615 [3mbid_size[0m[2m=[0m168.06 [3mask_size[0m[2m=[0m3.00
[2m2026-04-12T20:36:26.708629Z[0m [34mDEBUG[0m [2mmercury::engine::market_actor[0m[2m:[0m Tick received — running arb detection [3mmarket_id[0m[2m=[0m9046452d-bcb3-4bb8-8925-8924b7439992 [3mplatform[0m[2m=[0mPolymarket [3mbid[0m[2m=[0m0.89 [3mask[0m[2m=[0m0.9 [3mmid[0m[2m=[0m0.8950 [3mbid_size[0m[2m=[0m229.86 [3mask_size[0m[2m=[0m276.23
[2m2026-04-12T20:36:26.708838Z[0m [34mDEBUG[0m [2mmercury::engine::spread[0m[2m:[0m Evaluated spread direction 2 [3mmarket_id[0m[2m=[0m631deb8c-fbb4-489e-818e-ae698f57f50b [3mdirection[0m[2m=[0m"NO-A/YES-B" [3mraw_spread[0m[2m=[0m0.0000 [3mbid_a[0m[2m=[0m0.9600 [3mask_b[0m[2m=[0m0.96
[2m2026-04-12T20:36:26.708846Z[0m [32m INFO[0m [2mmercury::feeds::discovery[0m[2m:[0m 15m crypto round matched [3masset[0m[2m=[0meth [3mround_start[0m[2m=[0m1776025800 [3mpoly[0m[2m=[0mtrue [3mkalshi[0m[2m=[0mtrue
[2m2026-04-12T20:36:26.709094Z[0m [34mDEBUG[0m [2mmercury::engine::spread[0m[2m:[0m Evaluated spread direction 2 [3mmarket_id[0m[2m=[0m9046452d-bcb3-4bb8-8925-8924b7439992 [3mdirection[0m[2m=[0m"NO-A/YES-B" [3mraw_spread[0m[2m=[0m-0.0600 [3mbid_a[0m[2m=[0m0.89 [3mask_b[0m[2m=[0m0.9500
[2m2026-04-12T20:36:26.716245Z[0m [34mDEBUG[0m [2mmercury::engine::market_actor[0m[2m:[0m Tick received — running arb detection [3mmarket_id[0m[2m=[0m631deb8c-fbb4-489e-818e-ae698f57f50b [3mplatform[0m[2m=[0mKalshi [3mbid[0m[2m=[0m0.9600 [3mask[0m[2m=[0m0.9630 [3mmid[0m[2m=[0m0.9615 [3mbid_size[0m[2m=[0m168.06 [3mask_size[0m[2m=[0m3.00
[2m2026-04-12T20:36:26.716491Z[0m [34mDEBUG[0m [2mmercury::engine::spread[0m[2m:[0m Evaluated spread direction 2 [3mmarket_id[0m[2m=[0m631deb8c-fbb4-489e-818e-ae698f57f50b [3mdirection[0m[2m=[0m"NO-A/YES-B" [3mraw_spread[0m[2m=[0m0.0000 [3mbid_a[0m[2m=[0m0.9600 [3mask_b[0m[2m=[0m0.96
[2m2026-04-12T20:36:26.759349Z[0m [32m INFO[0m [2mmercury::monitoring::gas_oracle[0m[2m:[0m MATIC/USD price updated [3mmatic_usd[0m[2m=[0m0.10 [3mprev[0m[2m=[0m0.50
[2m2026-04-12T20:36:26.759424Z[0m [34mDEBUG[0m [2mmercury::engine::market_actor[0m[2m:[0m Tick received — running arb detection [3mmarket_id[0m[2m=[0m9f4b8460-2722-49b2-a00e-5655a7602caa [3mplatform[0m[2m=[0mPolymarket [3mbid[0m[2m=[0m0.5 [3mask[0m[2m=[0m0.51 [3mmid[0m[2m=[0m0.5050 [3mbid_size[0m[2m=[0m62.75 [3mask_size[0m[2m=[0m35.8
[2m2026-04-12T20:36:26.759351Z[0m [34mDEBUG[0m [2mmercury::engine::market_actor[0m[2m:[0m Tick received — running arb detection [3mmarket_id[0m[2m=[0m631deb8c-fbb4-489e-818e-ae698f57f50b [3mplatform[0m[2m=[0mKalshi [3mbid[0m[2m=[0m0.9600 [3mask[0m[2m=[0m0.9630 [3mmid[0m[2m=[0m0.9615 [3mbid_size[0m[2m=[0m168.06 [3mask_size[0m[2m=[0m3.00
[2m2026-04-12T20:36:26.759625Z[0m [34mDEBUG[0m [2mmercury[0m[2m:[0m Gas parameters updated [3mgwei[0m[2m=[0m165 [3mmatic_usd[0m[2m=[0m0.10
[2m2026-04-12T20:36:26.759695Z[0m [34mDEBUG[0m [2mmercury::engine::spread[0m[2m:[0m Evaluated spread direction 2 [3mmarket_id[0m[2m=[0m631deb8c-fbb4-489e-818e-ae698f57f50b [3mdirection[0m[2m=[0m"NO-A/YES-B" [3mraw_spread[0m[2m=[0m0.0000 [3mbid_a[0m[2m=[0m0.9600 [3mask_b[0m[2m=[0m0.96
[2m2026-04-12T20:36:26.759589Z[0m [34mDEBUG[0m [2mmercury::engine::market_actor[0m[2m:[0m Tick received — running arb detection [3mmarket_id[0m[2m=[0m9046452d-bcb3-4bb8-8925-8924b7439992 [3mplatform[0m[2m=[0mPolymarket [3mbid[0m[2m=[0m0.89 [3mask[0m[2m=[0m0.9 [3mmid[0m[2m=[0m0.8950 [3mbid_size[0m[2m=[0m229.86 [3mask_size[0m[2m=[0m276.23
[2m2026-04-12T20:36:26.759958Z[0m [34mDEBUG[0m [2mmercury::engine::spread[0m[2m:[0m Evaluated spread direction 2 [3mmarket_id[0m[2m=[0m9046452d-bcb3-4bb8-8925-8924b7439992 [3mdirection[0m[2m=[0m"NO-A/YES-B" [3mraw_spread[0m[2m=[0m-0.0600 [3mbid_a[0m[2m=[0m0.89 [3mask_b[0m[2m=[0m0.9500
[2m2026-04-12T20:36:26.760136Z[0m [34mDEBUG[0m [2mmercury::engine::market_actor[0m[2m:[0m Tick received — running arb detection [3mmarket_id[0m[2m=[0m9046452d-bcb3-4bb8-8925-8924b7439992 [3mplatform[0m[2m=[0mPolymarket [3mbid[0m[2m=[0m0.89 [3mask[0m[2m=[0m0.9 [3mmid[0m[2m=[0m0.8950 [3mbid_size[0m[2m=[0m211.4 [3mask_size[0m[2m=[0m276.23
[2m2026-04-12T20:36:26.760342Z[0m [34mDEBUG[0m [2mmercury::engine::spread[0m[2m:[0m Evaluated spread direction 2 [3mmarket_id[0m[2m=[0m9046452d-bcb3-4bb8-8925-8924b7439992 [3mdirection[0m[2m=[0m"NO-A/YES-B" [3mraw_spread[0m[2m=[0m-0.0600 [3mbid_a[0m[2m=[0m0.89 [3mask_b[0m[2m=[0m0.9500
[2m2026-04-12T20:36:26.760511Z[0m [34mDEBUG[0m [2mmercury::engine::market_actor[0m[2m:[0m Tick received — running arb detection [3mmarket_id[0m[2m=[0m9046452d-bcb3-4bb8-8925-8924b7439992 [3mplatform[0m[2m=[0mPolymarket [3mbid[0m[2m=[0m0.89 [3mask[0m[2m=[0m0.9 [3mmid[0m[2m=[0m0.8950 [3mbid_size[0m[2m=[0m220.63 [3mask_size[0m[2m=[0m276.23
[2m2026-04-12T20:36:26.760708Z[0m [34mDEBUG[0m [2mmercury::engine::spread[0m[2m:[0m Evaluated spread direction 2 [3mmarket_id[0m[2m=[0m9046452d-bcb3-4bb8-8925-8924b7439992 [3mdirection[0m[2m=[0m"NO-A/YES-B" [3mraw_spread[0m[2m=[0m-0.0600 [3mbid_a[0m[2m=[0m0.89 [3mask_b[0m[2m=[0m0.9500
[2m2026-04-12T20:36:26.760870Z[0m [34mDEBUG[0m [2mmercury::engine::market_actor[0m[2m:[0m Tick received — running arb detection [3mmarket_id[0m[2m=[0m9046452d-bcb3-4bb8-8925-8924b7439992 [3mplatform[0m[2m=[0mPolymarket [3mbid[0m[2m=[0m0.89 [3mask[0m[2m=[0m0.9 [3mmid[0m[2m=[0m0.8950 [3mbid_size[0m[2m=[0m220.63 [3mask_size[0m[2m=[0m276.23
[2m2026-04-12T20:36:26.761065Z[0m [34mDEBUG[0m [2mmercury::engine::spread[0m[2m:[0m Evaluated spread direction 2 [3mmarket_id[0m[2m=[0m9046452d-bcb3-4bb8-8925-8924b7439992 [3mdirection[0m[2m=[0m"NO-A/YES-B" [3mraw_spread[0m[2m=[0m-0.0600 [3mbid_a[0m[2m=[0m0.89 [3mask_b[0m[2m=[0m0.9500
[2m2026-04-12T20:36:26.810174Z[0m [34mDEBUG[0m [2mmercury::engine::market_actor[0m[2m:[0m Tick received — running arb detection [3mmarket_id[0m[2m=[0m631deb8c-fbb4-489e-818e-ae698f57f50b [3mplatform[0m[2m=[0mKalshi [3mbid[0m[2m=[0m0.9600 [3mask[0m[2m=[0m0.9630 [3mmid[0m[2m=[0m0.9615 [3mbid_size[0m[2m=[0m168.06 [3mask_size[0m[2m=[0m3.00
[2m2026-04-12T20:36:26.810463Z[0m [34mDEBUG[0m [2mmercury::engine::market_actor[0m[2m:[0m Tick received — running arb detection [3mmarket_id[0m[2m=[0m9046452d-bcb3-4bb8-8925-8924b7439992 [3mplatform[0m[2m=[0mPolymarket [3mbid[0m[2m=[0m0.89 [3mask[0m[2m=[0m0.9 [3mmid[0m[2m=[0m0.8950 [3mbid_size[0m[2m=[0m220.63 [3mask_size[0m[2m=[0m276.23
[2m2026-04-12T20:36:26.810523Z[0m [34mDEBUG[0m [2mmercury::engine::spread[0m[2m:[0m Evaluated spread direction 2 [3mmarket_id[0m[2m=[0m631deb8c-fbb4-489e-818e-ae698f57f50b [3mdirection[0m[2m=[0m"NO-A/YES-B" [3mraw_spread[0m[2m=[0m0.0000 [3mbid_a[0m[2m=[0m0.9600 [3mask_b[0m[2m=[0m0.96
[2m2026-04-12T20:36:26.810689Z[0m [34mDEBUG[0m [2mmercury::engine::market_actor[0m[2m:[0m Tick received — running arb detection [3mmarket_id[0m[2m=[0m631deb8c-fbb4-489e-818e-ae698f57f50b [3mplatform[0m[2m=[0mPolymarket [3mbid[0m[2m=[0m0.94 [3mask[0m[2m=[0m0.96 [3mmid[0m[2m=[0m0.95 [3mbid_size[0m[2m=[0m48.3 [3mask_size[0m[2m=[0m292.8
[2m2026-04-12T20:36:26.810729Z[0m [34mDEBUG[0m [2mmercury::engine::spread[0m[2m:[0m Evaluated spread direction 2 [3mmarket_id[0m[2m=[0m9046452d-bcb3-4bb8-8925-8924b7439992 [3mdirection[0m[2m=[0m"NO-A/YES-B" [3mraw_spread[0m[2m=[0m-0.0600 [3mbid_a[0m[2m=[0m0.89 [3mask_b[0m[2m=[0m0.9500
[2m2026-04-12T20:36:26.810916Z[0m [34mDEBUG[0m [2mmercury::engine::spread[0m[2m:[0m Evaluated spread direction 2 [3mmarket_id[0m[2m=[0m631deb8c-fbb4-489e-818e-ae698f57f50b [3mdirection[0m[2m=[0m"NO-A/YES-B" [3mraw_spread[0m[2m=[0m0.0000 [3mbid_a[0m[2m=[0m0.9600 [3mask_b[0m[2m=[0m0.96
[2m2026-04-12T20:36:26.811079Z[0m [34mDEBUG[0m [2mmercury::engine::market_actor[0m[2m:[0m Tick received — running arb detection [3mmarket_id[0m[2m=[0m631deb8c-fbb4-489e-818e-ae698f57f50b [3mplatform[0m[2m=[0mKalshi [3mbid[0m[2m=[0m0.9600 [3mask[0m[2m=[0m0.9630 [3mmid[0m[2m=[0m0.9615 [3mbid_size[0m[2m=[0m168.06 [3mask_size[0m[2m=[0m3.00
[2m2026-04-12T20:36:26.811255Z[0m [34mDEBUG[0m [2mmercury::engine::spread[0m[2m:[0m Evaluated spread direction 2 [3mmarket_id[0m[2m=[0m631deb8c-fbb4-489e-818e-ae698f57f50b [3mdirection[0m[2m=[0m"NO-A/YES-B" [3mraw_spread[0m[2m=[0m0.0000 [3mbid_a[0m[2m=[0m0.9600 [3mask_b[0m[2m=[0m0.96
[2m2026-04-12T20:36:26.861916Z[0m [34mDEBUG[0m [2mmercury::engine::market_actor[0m[2m:[0m Tick received — running arb detection [3mmarket_id[0m[2m=[0m631deb8c-fbb4-489e-818e-ae698f57f50b [3mplatform[0m[2m=[0mPolymarket [3mbid[0m[2m=[0m0.94 [3mask[0m[2m=[0m0.96 [3mmid[0m[2m=[0m0.95 [3mbid_size[0m[2m=[0m48.3 [3mask_size[0m[2m=[0m292.8
[2m2026-04-12T20:36:26.862165Z[0m [34mDEBUG[0m [2mmercury::feeds::discovery[0m[2m:[0m No Kalshi 15m market found for this round [3masset[0m[2m=[0m"eth" [3mround_start_ts[0m[2m=[0m1776026700 [3mtarget_close[0m[2m=[0m1776027600
[2m2026-04-12T20:36:26.862162Z[0m [34mDEBUG[0m [2mmercury::engine::market_actor[0m[2m:[0m Tick received — running arb detection [3mmarket_id[0m[2m=[0m9046452d-bcb3-4bb8-8925-8924b7439992 [3mplatform[0m[2m=[0mPolymarket [3mbid[0m[2m=[0m0.89 [3mask[0m[2m=[0m0.9 [3mmid[0m[2m=[0m0.8950 [3mbid_size[0m[2m=[0m220.63 [3mask_size[0m[2m=[0m276.23
[2m2026-04-12T20:36:26.862269Z[0m [34mDEBUG[0m [2mmercury::engine::spread[0m[2m:[0m Evaluated spread direction 2 [3mmarket_id[0m[2m=[0m631deb8c-fbb4-489e-818e-ae698f57f50b [3mdirection[0m[2m=[0m"NO-A/YES-B" [3mraw_spread[0m[2m=[0m0.0000 [3mbid_a[0m[2m=[0m0.9600 [3mask_b[0m[2m=[0m0.96
[2m2026-04-12T20:36:26.862371Z[0m [32m INFO[0m [2mmercury::feeds::discovery[0m[2m:[0m 15m crypto round matched [3masset[0m[2m=[0meth [3mround_start[0m[2m=[0m1776026700 [3mpoly[0m[2m=[0mtrue [3mkalshi[0m[2m=[0mfalse
[2m2026-04-12T20:36:26.862505Z[0m [34mDEBUG[0m [2mmercury::engine::spread[0m[2m:[0m Evaluated spread direction 2 [3mmarket_id[0m[2m=[0m9046452d-bcb3-4bb8-8925-8924b7439992 [3mdirection[0m[2m=[0m"NO-A/YES-B" [3mraw_spread[0m[2m=[0m-0.0600 [3mbid_a[0m[2m=[0m0.89 [3mask_b[0m[2m=[0m0.9500
[2m2026-04-12T20:36:26.862677Z[0m [34mDEBUG[0m [2mmercury::engine::market_actor[0m[2m:[0m Tick received — running arb detection [3mmarket_id[0m[2m=[0m9046452d-bcb3-4bb8-8925-8924b7439992 [3mplatform[0m[2m=[0mPolymarket [3mbid[0m[2m=[0m0.89 [3mask[0m[2m=[0m0.9 [3mmid[0m[2m=[0m0.8950 [3mbid_size[0m[2m=[0m229.53 [3mask_size[0m[2m=[0m276.23
[2m2026-04-12T20:36:26.862882Z[0m [34mDEBUG[0m [2mmercury::engine::spread[0m[2m:[0m Evaluated spread direction 2 [3mmarket_id[0m[2m=[0m9046452d-bcb3-4bb8-8925-8924b7439992 [3mdirection[0m[2m=[0m"NO-A/YES-B" [3mraw_spread[0m[2m=[0m-0.0600 [3mbid_a[0m[2m=[0m0.89 [3mask_b[0m[2m=[0m0.9500
[2m2026-04-12T20:36:26.912436Z[0m [34mDEBUG[0m [2mmercury::engine::market_actor[0m[2m:[0m Tick received — running arb detection [3mmarket_id[0m[2m=[0m631deb8c-fbb4-489e-818e-ae698f57f50b [3mplatform[0m[2m=[0mKalshi [3mbid[0m[2m=[0m0.9600 [3mask[0m[2m=[0m0.9630 [3mmid[0m[2m=[0m0.9615 [3mbid_size[0m[2m=[0m168.06 [3mask_size[0m[2m=[0m3.00
[2m2026-04-12T20:36:26.912766Z[0m [34mDEBUG[0m [2mmercury::engine::spread[0m[2m:[0m Evaluated spread direction 2 [3mmarket_id[0m[2m=[0m631deb8c-fbb4-489e-818e-ae698f57f50b [3mdirection[0m[2m=[0m"NO-A/YES-B" [3mraw_spread[0m[2m=[0m0.0000 [3mbid_a[0m[2m=[0m0.9600 [3mask_b[0m[2m=[0m0.96
[2m2026-04-12T20:36:26.912932Z[0m [34mDEBUG[0m [2mmercury::engine::market_actor[0m[2m:[0m Tick received — running arb detection [3mmarket_id[0m[2m=[0m631deb8c-fbb4-489e-818e-ae698f57f50b [3mplatform[0m[2m=[0mKalshi [3mbid[0m[2m=[0m0.9600 [3mask[0m[2m=[0m0.9630 [3mmid[0m[2m=[0m0.9615 [3mbid_size[0m[2m=[0m80.00 [3mask_size[0m[2m=[0m3.00
[2m2026-04-12T20:36:26.913112Z[0m [34mDEBUG[0m [2mmercury::engine::spread[0m[2m:[0m Evaluated spread direction 2 [3mmarket_id[0m[2m=[0m631deb8c-fbb4-489e-818e-ae698f57f50b [3mdirection[0m[2m=[0m"NO-A/YES-B" [3mraw_spread[0m[2m=[0m0.0000 [3mbid_a[0m[2m=[0m0.9600 [3mask_b[0m[2m=[0m0.96
[2m2026-04-12T20:36:26.913268Z[0m [34mDEBUG[0m [2mmercury::engine::market_actor[0m[2m:[0m Tick received — running arb detection [3mmarket_id[0m[2m=[0m631deb8c-fbb4-489e-818e-ae698f57f50b [3mplatform[0m[2m=[0mKalshi [3mbid[0m[2m=[0m0.9590 [3mask[0m[2m=[0m0.9630 [3mmid[0m[2m=[0m0.9610 [3mbid_size[0m[2m=[0m9.08 [3mask_size[0m[2m=[0m3.00
[2m2026-04-12T20:36:26.913416Z[0m [34mDEBUG[0m [2mmercury::engine::market_actor[0m[2m:[0m Tick received — running arb detection [3mmarket_id[0m[2m=[0m9046452d-bcb3-4bb8-8925-8924b7439992 [3mplatform[0m[2m=[0mPolymarket [3mbid[0m[2m=[0m0.89 [3mask[0m[2m=[0m0.9 [3mmid[0m[2m=[0m0.8950 [3mbid_size[0m[2m=[0m229.53 [3mask_size[0m[2m=[0m276.23
[2m2026-04-12T20:36:26.913445Z[0m [34mDEBUG[0m [2mmercury::engine::spread[0m[2m:[0m Evaluated spread direction 2 [3mmarket_id[0m[2m=[0m631deb8c-fbb4-489e-818e-ae698f57f50b [3mdirection[0m[2m=[0m"NO-A/YES-B" [3mraw_spread[0m[2m=[0m-0.0010 [3mbid_a[0m[2m=[0m0.9590 [3mask_b[0m[2m=[0m0.96
[2m2026-04-12T20:36:26.913662Z[0m [34mDEBUG[0m [2mmercury::engine::market_actor[0m[2m:[0m Tick received — running arb detection [3mmarket_id[0m[2m=[0m631deb8c-fbb4-489e-818e-ae698f57f50b [3mplatform[0m[2m=[0mKalshi [3mbid[0m[2m=[0m0.9560 [3mask[0m[2m=[0m0.9630 [3mmid[0m[2m=[0m0.9595 [3mbid_size[0m[2m=[0m60.00 [3mask_size[0m[2m=[0m3.00
[2m2026-04-12T20:36:26.913707Z[0m [34mDEBUG[0m [2mmercury::engine::spread[0m[2m:[0m Evaluated spread direction 2 [3mmarket_id[0m[2m=[0m9046452d-bcb3-4bb8-8925-8924b7439992 [3mdirection[0m[2m=[0m"NO-A/YES-B" [3mraw_spread[0m[2m=[0m-0.0600 [3mbid_a[0m[2m=[0m0.89 [3mask_b[0m[2m=[0m0.9500
[2m2026-04-12T20:36:26.913884Z[0m [34mDEBUG[0m [2mmercury::engine::market_actor[0m[2m:[0m Tick received — running arb detection [3mmarket_id[0m[2m=[0m9046452d-bcb3-4bb8-8925-8924b7439992 [3mplatform[0m[2m=[0mPolymarket [3mbid[0m[2m=[0m0.89 [3mask[0m[2m=[0m0.9 [3mmid[0m[2m=[0m0.8950 [3mbid_size[0m[2m=[0m211.4 [3mask_size[0m[2m=[0m276.23
[2m2026-04-12T20:36:26.913927Z[0m [34mDEBUG[0m [2mmercury::engine::spread[0m[2m:[0m Evaluated spread direction 2 [3mmarket_id[0m[2m=[0m631deb8c-fbb4-489e-818e-ae698f57f50b [3mdirection[0m[2m=[0m"NO-A/YES-B" [3mraw_spread[0m[2m=[0m-0.0040 [3mbid_a[0m[2m=[0m0.9560 [3mask_b[0m[2m=[0m0.96
[2m2026-04-12T20:36:26.914121Z[0m [34mDEBUG[0m [2mmercury::engine::market_actor[0m[2m:[0m Tick received — running arb detection [3mmarket_id[0m[2m=[0m631deb8c-fbb4-489e-818e-ae698f57f50b [3mplatform[0m[2m=[0mKalshi [3mbid[0m[2m=[0m0.9560 [3mask[0m[2m=[0m0.9630 [3mmid[0m[2m=[0m0.9595 [3mbid_size[0m[2m=[0m17.59 [3mask_size[0m[2m=[0m3.00
[2m2026-04-12T20:36:26.914179Z[0m [34mDEBUG[0m [2mmercury::engine::spread[0m[2m:[0m Evaluated spread direction 2 [3mmarket_id[0m[2m=[0m9046452d-bcb3-4bb8-8925-8924b7439992 [3mdirection[0m[2m=[0m"NO-A/YES-B" [3mraw_spread[0m[2m=[0m-0.0600 [3mbid_a[0m[2m=[0m0.89 [3mask_b[0m[2m=[0m0.9500
[2m2026-04-12T20:36:26.914346Z[0m [34mDEBUG[0m [2mmercury::engine::market_actor[0m[2m:[0m Tick received — running arb detection [3mmarket_id[0m[2m=[0m9046452d-bcb3-4bb8-8925-8924b7439992 [3mplatform[0m[2m=[0mPolymarket [3mbid[0m[2m=[0m0.89 [3mask[0m[2m=[0m0.9 [3mmid[0m[2m=[0m0.8950 [3mbid_size[0m[2m=[0m211.4 [3mask_size[0m[2m=[0m276.23
[2m2026-04-12T20:36:26.914396Z[0m [34mDEBUG[0m [2mmercury::engine::spread[0m[2m:[0m Evaluated spread direction 2 [3mmarket_id[0m[2m=[0m631deb8c-fbb4-489e-818e-ae698f57f50b [3mdirection[0m[2m=[0m"NO-A/YES-B" [3mraw_spread[0m[2m=[0m-0.0040 [3mbid_a[0m[2m=[0m0.9560 [3mask_b[0m[2m=[0m0.96
[2m2026-04-12T20:36:26.914594Z[0m [34mDEBUG[0m [2mmercury::engine::market_actor[0m[2m:[0m Tick received — running arb detection [3mmarket_id[0m[2m=[0m631deb8c-fbb4-489e-818e-ae698f57f50b [3mplatform[0m[2m=[0mPolymarket [3mbid[0m[2m=[0m0.94 [3mask[0m[2m=[0m0.96 [3mmid[0m[2m=[0m0.95 [3mbid_size[0m[2m=[0m48.3 [3mask_size[0m[2m=[0m292.8
[2m2026-04-12T20:36:26.914642Z[0m [34mDEBUG[0m [2mmercury::engine::spread[0m[2m:[0m Evaluated spread direction 2 [3mmarket_id[0m[2m=[0m9046452d-bcb3-4bb8-8925-8924b7439992 [3mdirection[0m[2m=[0m"NO-A/YES-B" [3mraw_spread[0m[2m=[0m-0.0600 [3mbid_a[0m[2m=[0m0.89 [3mask_b[0m[2m=[0m0.9500
[2m2026-04-12T20:36:26.914835Z[0m [34mDEBUG[0m [2mmercury::engine::spread[0m[2m:[0m Evaluated spread direction 2 [3mmarket_id[0m[2m=[0m631deb8c-fbb4-489e-818e-ae698f57f50b [3mdirection[0m[2m=[0m"NO-A/YES-B" [3mraw_spread[0m[2m=[0m-0.0040 [3mbid_a[0m[2m=[0m0.9560 [3mask_b[0m[2m=[0m0.96
[2m2026-04-12T20:36:26.915027Z[0m [34mDEBUG[0m [2mmercury::engine::market_actor[0m[2m:[0m Tick received — running arb detection [3mmarket_id[0m[2m=[0m631deb8c-fbb4-489e-818e-ae698f57f50b [3mplatform[0m[2m=[0mKalshi [3mbid[0m[2m=[0m0.9560 [3mask[0m[2m=[0m0.9630 [3mmid[0m[2m=[0m0.9595 [3mbid_size[0m[2m=[0m17.59 [3mask_size[0m[2m=[0m3.00
[2m2026-04-12T20:36:26.915206Z[0m [34mDEBUG[0m [2mmercury::engine::spread[0m[2m:[0m Evaluated spread direction 2 [3mmarket_id[0m[2m=[0m631deb8c-fbb4-489e-818e-ae698f57f50b [3mdirection[0m[2m=[0m"NO-A/YES-B" [3mraw_spread[0m[2m=[0m-0.0040 [3mbid_a[0m[2m=[0m0.9560 [3mask_b[0m[2m=[0m0.96
[2m2026-04-12T20:36:26.915390Z[0m [34mDEBUG[0m [2mmercury::engine::market_actor[0m[2m:[0m Tick received — running arb detection [3mmarket_id[0m[2m=[0m631deb8c-fbb4-489e-818e-ae698f57f50b [3mplatform[0m[2m=[0mKalshi [3mbid[0m[2m=[0m0.9560 [3mask[0m[2m=[0m0.9630 [3mmid[0m[2m=[0m0.9595 [3mbid_size[0m[2m=[0m17.59 [3mask_size[0m[2m=[0m103.00
[2m2026-04-12T20:36:26.915524Z[0m [34mDEBUG[0m [2mmercury::engine::spread[0m[2m:[0m Evaluated spread direction 2 [3mmarket_id[0m[2m=[0m631deb8c-fbb4-489e-818e-ae698f57f50b [3mdirection[0m[2m=[0m"NO-A/YES-B" [3mraw_spread[0m[2m=[0m-0.0040 [3mbid_a[0m[2m=[0m0.9560 [3mask_b[0m[2m=[0m0.96
[2m2026-04-12T20:36:26.970595Z[0m [34mDEBUG[0m [2mmercury::engine::market_actor[0m[2m:[0m Tick received — running arb detection [3mmarket_id[0m[2m=[0m9046452d-bcb3-4bb8-8925-8924b7439992 [3mplatform[0m[2m=[0mPolymarket [3mbid[0m[2m=[0m0.89 [3mask[0m[2m=[0m0.9 [3mmid[0m[2m=[0m0.8950 [3mbid_size[0m[2m=[0m211.4 [3mask_size[0m[2m=[0m276.23
[2m2026-04-12T20:36:26.970642Z[0m [34mDEBUG[0m [2mmercury::engine::market_actor[0m[2m:[0m Tick received — running arb detection [3mmarket_id[0m[2m=[0m631deb8c-fbb4-489e-818e-ae698f57f50b [3mplatform[0m[2m=[0mKalshi [3mbid[0m[2m=[0m0.9530 [3mask[0m[2m=[0m0.9630 [3mmid[0m[2m=[0m0.9580 [3mbid_size[0m[2m=[0m200.00 [3mask_size[0m[2m=[0m103.00
[2m2026-04-12T20:36:26.970933Z[0m [34mDEBUG[0m [2mmercury::engine::spread[0m[2m:[0m Evaluated spread direction 2 [3mmarket_id[0m[2m=[0m9046452d-bcb3-4bb8-8925-8924b7439992 [3mdirection[0m[2m=[0m"NO-A/YES-B" [3mraw_spread[0m[2m=[0m-0.0600 [3mbid_a[0m[2m=[0m0.89 [3mask_b[0m[2m=[0m0.9500
[2m2026-04-12T20:36:26.971023Z[0m [34mDEBUG[0m [2mmercury::engine::market_actor[0m[2m:[0m Tick received — running arb detection [3mmarket_id[0m[2m=[0m2b958b37-9921-40b8-b22d-64a67138ae70 [3mplatform[0m[2m=[0mPolymarket [3mbid[0m[2m=[0m0.88 [3mask[0m[2m=[0m0.92 [3mmid[0m[2m=[0m0.90 [3mbid_size[0m[2m=[0m20.3 [3mask_size[0m[2m=[0m5
[2m2026-04-12T20:36:26.971118Z[0m [34mDEBUG[0m [2mmercury::engine::market_actor[0m[2m:[0m Tick received — running arb detection [3mmarket_id[0m[2m=[0m9046452d-bcb3-4bb8-8925-8924b7439992 [3mplatform[0m[2m=[0mPolymarket [3mbid[0m[2m=[0m0.89 [3mask[0m[2m=[0m0.9 [3mmid[0m[2m=[0m0.8950 [3mbid_size[0m[2m=[0m220.3 [3mask_size[0m[2m=[0m276.23
[2m2026-04-12T20:36:26.971152Z[0m [34mDEBUG[0m [2mmercury::engine::spread[0m[2m:[0m Evaluated spread direction 2 [3mmarket_id[0m[2m=[0m631deb8c-fbb4-489e-818e-ae698f57f50b [3mdirection[0m[2m=[0m"NO-A/YES-B" [3mraw_spread[0m[2m=[0m-0.0070 [3mbid_a[0m[2m=[0m0.9530 [3mask_b[0m[2m=[0m0.96
[2m2026-04-12T20:36:26.971353Z[0m [34mDEBUG[0m [2mmercury::engine::market_actor[0m[2m:[0m Tick received — running arb detection [3mmarket_id[0m[2m=[0m631deb8c-fbb4-489e-818e-ae698f57f50b [3mplatform[0m[2m=[0mKalshi [3mbid[0m[2m=[0m0.9530 [3mask[0m[2m=[0m0.9630 [3mmid[0m[2m=[0m0.9580 [3mbid_size[0m[2m=[0m200.00 [3mask_size[0m[2m=[0m103.00
[2m2026-04-12T20:36:26.971376Z[0m [34mDEBUG[0m [2mmercury::engine::spread[0m[2m:[0m Evaluated spread direction 2 [3mmarket_id[0m[2m=[0m2b958b37-9921-40b8-b22d-64a67138ae70 [3mdirection[0m[2m=[0m"NO-A/YES-B" [3mraw_spread[0m[2m=[0m-0.0600 [3mbid_a[0m[2m=[0m0.8600 [3mask_b[0m[2m=[0m0.92
[2m2026-04-12T20:36:26.971545Z[0m [34mDEBUG[0m [2mmercury::engine::market_actor[0m[2m:[0m Tick received — running arb detection [3mmarket_id[0m[2m=[0m79e1f598-7189-438f-a66e-b184b04be477 [3mplatform[0m[2m=[0mPolymarket [3mbid[0m[2m=[0m0.81 [3mask[0m[2m=[0m0.84 [3mmid[0m[2m=[0m0.8250 [3mbid_size[0m[2m=[0m17.94 [3mask_size[0m[2m=[0m48.46
[2m2026-04-12T20:36:26.971685Z[0m [34mDEBUG[0m [2mmercury::engine::spread[0m[2m:[0m Evaluated spread direction 2 [3mmarket_id[0m[2m=[0m9046452d-bcb3-4bb8-8925-8924b7439992 [3mdirection[0m[2m=[0m"NO-A/YES-B" [3mraw_spread[0m[2m=[0m-0.0600 [3mbid_a[0m[2m=[0m0.89 [3mask_b[0m[2m=[0m0.9500
[2m2026-04-12T20:36:26.971894Z[0m [34mDEBUG[0m [2mmercury::engine::market_actor[0m[2m:[0m Tick received — running arb detection [3mmarket_id[0m[2m=[0m9046452d-bcb3-4bb8-8925-8924b7439992 [3mplatform[0m[2m=[0mPolymarket [3mbid[0m[2m=[0m0.89 [3mask[0m[2m=[0m0.9 [3mmid[0m[2m=[0m0.8950 [3mbid_size[0m[2m=[0m220.3 [3mask_size[0m[2m=[0m276.23
[2m2026-04-12T20:36:26.971921Z[0m [34mDEBUG[0m [2mmercury::engine::spread[0m[2m:[0m Evaluated spread direction 2 [3mmarket_id[0m[2m=[0m631deb8c-fbb4-489e-818e-ae698f57f50b [3mdirection[0m[2m=[0m"NO-A/YES-B" [3mraw_spread[0m[2m=[0m-0.0070 [3mbid_a[0m[2m=[0m0.9530 [3mask_b[0m[2m=[0m0.96
[2m2026-04-12T20:36:26.972121Z[0m [34mDEBUG[0m [2mmercury::engine::market_actor[0m[2m:[0m Tick received — running arb detection [3mmarket_id[0m[2m=[0m631deb8c-fbb4-489e-818e-ae698f57f50b [3mplatform[0m[2m=[0mKalshi [3mbid[0m[2m=[0m0.9530 [3mask[0m[2m=[0m0.9630 [3mmid[0m[2m=[0m0.9580 [3mbid_size[0m[2m=[0m200.00 [3mask_size[0m[2m=[0m103.00
[2m2026-04-12T20:36:26.972153Z[0m [34mDEBUG[0m [2mmercury::engine::market_actor[0m[2m:[0m Tick received — running arb detection [3mmarket_id[0m[2m=[0m79e1f598-7189-438f-a66e-b184b04be477 [3mplatform[0m[2m=[0mPolymarket [3mbid[0m[2m=[0m0.81 [3mask[0m[2m=[0m0.84 [3mmid[0m[2m=[0m0.8250 [3mbid_size[0m[2m=[0m17.94 [3mask_size[0m[2m=[0m48.46
[2m2026-04-12T20:36:26.972210Z[0m [34mDEBUG[0m [2mmercury::engine::spread[0m[2m:[0m Evaluated spread direction 2 [3mmarket_id[0m[2m=[0m9046452d-bcb3-4bb8-8925-8924b7439992 [3mdirection[0m[2m=[0m"NO-A/YES-B" [3mraw_spread[0m[2m=[0m-0.0600 [3mbid_a[0m[2m=[0m0.89 [3mask_b[0m[2m=[0m0.9500
[2m2026-04-12T20:36:26.972392Z[0m [34mDEBUG[0m [2mmercury::engine::market_actor[0m[2m:[0m Tick received — running arb detection [3mmarket_id[0m[2m=[0m9046452d-bcb3-4bb8-8925-8924b7439992 [3mplatform[0m[2m=[0mPolymarket [3mbid[0m[2m=[0m0.89 [3mask[0m[2m=[0m0.9 [3mmid[0m[2m=[0m0.8950 [3mbid_size[0m[2m=[0m211.4 [3mask_size[0m[2m=[0m276.23
[2m2026-04-12T20:36:26.972417Z[0m [34mDEBUG[0m [2mmercury::engine::spread[0m[2m:[0m Evaluated spread direction 2 [3mmarket_id[0m[2m=[0m631deb8c-fbb4-489e-818e-ae698f57f50b [3mdirection[0m[2m=[0m"NO-A/YES-B" [3mraw_spread[0m[2m=[0m-0.0070 [3mbid_a[0m[2m=[0m0.9530 [3mask_b[0m[2m=[0m0.96
[2m2026-04-12T20:36:26.972554Z[0m [34mDEBUG[0m [2mmercury::engine::market_actor[0m[2m:[0m Tick received — running arb detection [3mmarket_id[0m[2m=[0m631deb8c-fbb4-489e-818e-ae698f57f50b [3mplatform[0m[2m=[0mKalshi [3mbid[0m[2m=[0m0.9530 [3mask[0m[2m=[0m0.9630 [3mmid[0m[2m=[0m0.9580 [3mbid_size[0m[2m=[0m200.00 [3mask_size[0m[2m=[0m103.00
[2m2026-04-12T20:36:26.972637Z[0m [34mDEBUG[0m [2mmercury::engine::spread[0m[2m:[0m Evaluated spread direction 2 [3mmarket_id[0m[2m=[0m9046452d-bcb3-4bb8-8925-8924b7439992 [3mdirection[0m[2m=[0m"NO-A/YES-B" [3mraw_spread[0m[2m=[0m-0.0600 [3mbid_a[0m[2m=[0m0.89 [3mask_b[0m[2m=[0m0.9500
[2m2026-04-12T20:36:26.972791Z[0m [34mDEBUG[0m [2mmercury::engine::market_actor[0m[2m:[0m Tick received — running arb detection [3mmarket_id[0m[2m=[0m9046452d-bcb3-4bb8-8925-8924b7439992 [3mplatform[0m[2m=[0mPolymarket [3mbid[0m[2m=[0m0.89 [3mask[0m[2m=[0m0.9 [3mmid[0m[2m=[0m0.8950 [3mbid_size[0m[2m=[0m211.4 [3mask_size[0m[2m=[0m276.23
[2m2026-04-12T20:36:26.972833Z[0m [34mDEBUG[0m [2mmercury::engine::spread[0m[2m:[0m Evaluated spread direction 2 [3mmarket_id[0m[2m=[0m631deb8c-fbb4-489e-818e-ae698f57f50b [3mdirection[0m[2m=[0m"NO-A/YES-B" [3mraw_spread[0m[2m=[0m-0.0070 [3mbid_a[0m[2m=[0m0.9530 [3mask_b[0m[2m=[0m0.96
[2m2026-04-12T20:36:26.972979Z[0m [34mDEBUG[0m [2mmercury::engine::market_actor[0m[2m:[0m Tick received — running arb detection [3mmarket_id[0m[2m=[0m631deb8c-fbb4-489e-818e-ae698f57f50b [3mplatform[0m[2m=[0mPolymarket [3mbid[0m[2m=[0m0.94 [3mask[0m[2m=[0m0.96 [3mmid[0m[2m=[0m0.95 [3mbid_size[0m[2m=[0m48.3 [3mask_size[0m[2m=[0m292.8
[2m2026-04-12T20:36:26.973018Z[0m [34mDEBUG[0m [2mmercury::engine::spread[0m[2m:[0m Evaluated spread direction 2 [3mmarket_id[0m[2m=[0m9046452d-bcb3-4bb8-8925-8924b7439992 [3mdirection[0m[2m=[0m"NO-A/YES-B" [3mraw_spread[0m[2m=[0m-0.0600 [3mbid_a[0m[2m=[0m0.89 [3mask_b[0m[2m=[0m0.9500
[2m2026-04-12T20:36:26.973153Z[0m [34mDEBUG[0m [2mmercury::engine::market_actor[0m[2m:[0m Tick received — running arb detection [3mmarket_id[0m[2m=[0m9046452d-bcb3-4bb8-8925-8924b7439992 [3mplatform[0m[2m=[0mPolymarket [3mbid[0m[2m=[0m0.89 [3mask[0m[2m=[0m0.9 [3mmid[0m[2m=[0m0.8950 [3mbid_size[0m[2m=[0m211.4 [3mask_size[0m[2m=[0m276.23
[2m2026-04-12T20:36:26.973158Z[0m [34mDEBUG[0m [2mmercury::engine::spread[0m[2m:[0m Evaluated spread direction 2 [3mmarket_id[0m[2m=[0m631deb8c-fbb4-489e-818e-ae698f57f50b [3mdirection[0m[2m=[0m"NO-A/YES-B" [3mraw_spread[0m[2m=[0m-0.0070 [3mbid_a[0m[2m=[0m0.9530 [3mask_b[0m[2m=[0m0.96
[2m2026-04-12T20:36:26.973332Z[0m [34mDEBUG[0m [2mmercury::engine::market_actor[0m[2m:[0m Tick received — running arb detection [3mmarket_id[0m[2m=[0m631deb8c-fbb4-489e-818e-ae698f57f50b [3mplatform[0m[2m=[0mKalshi [3mbid[0m[2m=[0m0.9530 [3mask[0m[2m=[0m0.9630 [3mmid[0m[2m=[0m0.9580 [3mbid_size[0m[2m=[0m200.00 [3mask_size[0m[2m=[0m103.00
[2m2026-04-12T20:36:26.973371Z[0m [34mDEBUG[0m [2mmercury::engine::spread[0m[2m:[0m Evaluated spread direction 2 [3mmarket_id[0m[2m=[0m9046452d-bcb3-4bb8-8925-8924b7439992 [3mdirection[0m[2m=[0m"NO-A/YES-B" [3mraw_spread[0m[2m=[0m-0.0600 [3mbid_a[0m[2m=[0m0.89 [3mask_b[0m[2m=[0m0.9500
[2m2026-04-12T20:36:26.973540Z[0m [34mDEBUG[0m [2mmercury::engine::spread[0m[2m:[0m Evaluated spread direction 2 [3mmarket_id[0m[2m=[0m631deb8c-fbb4-489e-818e-ae698f57f50b [3mdirection[0m[2m=[0m"NO-A/YES-B" [3mraw_spread[0m[2m=[0m-0.0070 [3mbid_a[0m[2m=[0m0.9530 [3mask_b[0m[2m=[0m0.96
[2m2026-04-12T20:36:26.973669Z[0m [34mDEBUG[0m [2mmercury::engine::market_actor[0m[2m:[0m Tick received — running arb detection [3mmarket_id[0m[2m=[0m631deb8c-fbb4-489e-818e-ae698f57f50b [3mplatform[0m[2m=[0mPolymarket [3mbid[0m[2m=[0m0.94 [3mask[0m[2m=[0m0.96 [3mmid[0m[2m=[0m0.95 [3mbid_size[0m[2m=[0m48.3 [3mask_size[0m[2m=[0m292.8
[2m2026-04-12T20:36:26.973802Z[0m [34mDEBUG[0m [2mmercury::engine::spread[0m[2m:[0m Evaluated spread direction 2 [3mmarket_id[0m[2m=[0m631deb8c-fbb4-489e-818e-ae698f57f50b [3mdirection[0m[2m=[0m"NO-A/YES-B" [3mraw_spread[0m[2m=[0m-0.0070 [3mbid_a[0m[2m=[0m0.9530 [3mask_b[0m[2m=[0m0.96
[2m2026-04-12T20:36:26.975998Z[0m [34mDEBUG[0m [2mmercury::engine::market_actor[0m[2m:[0m Tick received — running arb detection [3mmarket_id[0m[2m=[0m2b958b37-9921-40b8-b22d-64a67138ae70 [3mplatform[0m[2m=[0mPolymarket [3mbid[0m[2m=[0m0.88 [3mask[0m[2m=[0m0.92 [3mmid[0m[2m=[0m0.90 [3mbid_size[0m[2m=[0m20.3 [3mask_size[0m[2m=[0m5
[2m2026-04-12T20:36:26.976199Z[0m [34mDEBUG[0m [2mmercury::engine::spread[0m[2m:[0m Evaluated spread direction 2 [3mmarket_id[0m[2m=[0m2b958b37-9921-40b8-b22d-64a67138ae70 [3mdirection[0m[2m=[0m"NO-A/YES-B" [3mraw_spread[0m[2m=[0m-0.0600 [3mbid_a[0m[2m=[0m0.8600 [3mask_b[0m[2m=[0m0.92
[2m2026-04-12T20:36:27.027922Z[0m [34mDEBUG[0m [2mmercury::engine::market_actor[0m[2m:[0m Tick received — running arb detection [3mmarket_id[0m[2m=[0m631deb8c-fbb4-489e-818e-ae698f57f50b [3mplatform[0m[2m=[0mKalshi [3mbid[0m[2m=[0m0.9530 [3mask[0m[2m=[0m0.9630 [3mmid[0m[2m=[0m0.9580 [3mbid_size[0m[2m=[0m200.00 [3mask_size[0m[2m=[0m183.00
[2m2026-04-12T20:36:27.028019Z[0m [34mDEBUG[0m [2mmercury::engine::market_actor[0m[2m:[0m Tick received — running arb detection [3mmarket_id[0m[2m=[0m9f4b8460-2722-49b2-a00e-5655a7602caa [3mplatform[0m[2m=[0mPolymarket [3mbid[0m[2m=[0m0.5 [3mask[0m[2m=[0m0.51 [3mmid[0m[2m=[0m0.5050 [3mbid_size[0m[2m=[0m62.75 [3mask_size[0m[2m=[0m35.8
[2m2026-04-12T20:36:27.028357Z[0m [34mDEBUG[0m [2mmercury::engine::spread[0m[2m:[0m Evaluated spread direction 2 [3mmarket_id[0m[2m=[0m631deb8c-fbb4-489e-818e-ae698f57f50b [3mdirection[0m[2m=[0m"NO-A/YES-B" [3mraw_spread[0m[2m=[0m-0.0070 [3mbid_a[0m[2m=[0m0.9530 [3mask_b[0m[2m=[0m0.96
[2m2026-04-12T20:36:27.028531Z[0m [34mDEBUG[0m [2mmercury::engine::market_actor[0m[2m:[0m Tick received — running arb detection [3mmarket_id[0m[2m=[0m631deb8c-fbb4-489e-818e-ae698f57f50b [3mplatform[0m[2m=[0mPolymarket [3mbid[0m[2m=[0m0.94 [3mask[0m[2m=[0m0.96 [3mmid[0m[2m=[0m0.95 [3mbid_size[0m[2m=[0m48.3 [3mask_size[0m[2m=[0m292.8
[2m2026-04-12T20:36:27.028701Z[0m [34mDEBUG[0m [2mmercury::engine::spread[0m[2m:[0m Evaluated spread direction 2 [3mmarket_id[0m[2m=[0m631deb8c-fbb4-489e-818e-ae698f57f50b [3mdirection[0m[2m=[0m"NO-A/YES-B" [3mraw_spread[0m[2m=[0m-0.0070 [3mbid_a[0m[2m=[0m0.9530 [3mask_b[0m[2m=[0m0.96
[2m2026-04-12T20:36:27.028719Z[0m [34mDEBUG[0m [2mmercury::engine::market_actor[0m[2m:[0m Tick received — running arb detection [3mmarket_id[0m[2m=[0m9046452d-bcb3-4bb8-8925-8924b7439992 [3mplatform[0m[2m=[0mPolymarket [3mbid[0m[2m=[0m0.89 [3mask[0m[2m=[0m0.9 [3mmid[0m[2m=[0m0.8950 [3mbid_size[0m[2m=[0m220.31 [3mask_size[0m[2m=[0m276.23
[2m2026-04-12T20:36:27.028862Z[0m [34mDEBUG[0m [2mmercury::engine::market_actor[0m[2m:[0m Tick received — running arb detection [3mmarket_id[0m[2m=[0m631deb8c-fbb4-489e-818e-ae698f57f50b [3mplatform[0m[2m=[0mPolymarket [3mbid[0m[2m=[0m0.94 [3mask[0m[2m=[0m0.96 [3mmid[0m[2m=[0m0.95 [3mbid_size[0m[2m=[0m48.3 [3mask_size[0m[2m=[0m292.8
[2m2026-04-12T20:36:27.028953Z[0m [34mDEBUG[0m [2mmercury::engine::spread[0m[2m:[0m Evaluated spread direction 2 [3mmarket_id[0m[2m=[0m9046452d-bcb3-4bb8-8925-8924b7439992 [3mdirection[0m[2m=[0m"NO-A/YES-B" [3mraw_spread[0m[2m=[0m-0.0600 [3mbid_a[0m[2m=[0m0.89 [3mask_b[0m[2m=[0m0.9500
[2m2026-04-12T20:36:27.029124Z[0m [34mDEBUG[0m [2mmercury::engine::market_actor[0m[2m:[0m Tick received — running arb detection [3mmarket_id[0m[2m=[0m9046452d-bcb3-4bb8-8925-8924b7439992 [3mplatform[0m[2m=[0mPolymarket [3mbid[0m[2m=[0m0.89 [3mask[0m[2m=[0m0.9 [3mmid[0m[2m=[0m0.8950 [3mbid_size[0m[2m=[0m220.31 [3mask_size[0m[2m=[0m276.23
[2m2026-04-12T20:36:27.029143Z[0m [34mDEBUG[0m [2mmercury::engine::spread[0m[2m:[0m Evaluated spread direction 2 [3mmarket_id[0m[2m=[0m631deb8c-fbb4-489e-818e-ae698f57f50b [3mdirection[0m[2m=[0m"NO-A/YES-B" [3mraw_spread[0m[2m=[0m-0.0070 [3mbid_a[0m[2m=[0m0.9530 [3mask_b[0m[2m=[0m0.96
[2m2026-04-12T20:36:27.029341Z[0m [34mDEBUG[0m [2mmercury::engine::market_actor[0m[2m:[0m Tick received — running arb detection [3mmarket_id[0m[2m=[0m631deb8c-fbb4-489e-818e-ae698f57f50b [3mplatform[0m[2m=[0mPolymarket [3mbid[0m[2m=[0m0.94 [3mask[0m[2m=[0m0.96 [3mmid[0m[2m=[0m0.95 [3mbid_size[0m[2m=[0m48.3 [3mask_size[0m[2m=[0m292.8
[2m2026-04-12T20:36:27.029405Z[0m [34mDEBUG[0m [2mmercury::engine::spread[0m[2m:[0m Evaluated spread direction 2 [3mmarket_id[0m[2m=[0m9046452d-bcb3-4bb8-8925-8924b7439992 [3mdirection[0m[2m=[0m"NO-A/YES-B" [3mraw_spread[0m[2m=[0m-0.0600 [3mbid_a[0m[2m=[0m0.89 [3mask_b[0m[2m=[0m0.9500
[2m2026-04-12T20:36:27.029645Z[0m [34mDEBUG[0m [2mmercury::engine::spread[0m[2m:[0m Evaluated spread direction 2 [3mmarket_id[0m[2m=[0m631deb8c-fbb4-489e-818e-ae698f57f50b [3mdirection[0m[2m=[0m"NO-A/YES-B" [3mraw_spread[0m[2m=[0m-0.0070 [3mbid_a[0m[2m=[0m0.9530 [3mask_b[0m[2m=[0m0.96
[2m2026-04-12T20:36:27.037645Z[0m [34mDEBUG[0m [2mmercury::feeds::polymarket[0m[2m:[0m Unknown Polymarket event type [3mevent_type[0m[2m=[0mbest_bid_ask
[2m2026-04-12T20:36:27.038186Z[0m [34mDEBUG[0m [2mmercury::engine::market_actor[0m[2m:[0m Tick received — running arb detection [3mmarket_id[0m[2m=[0m631deb8c-fbb4-489e-818e-ae698f57f50b [3mplatform[0m[2m=[0mPolymarket [3mbid[0m[2m=[0m0.94 [3mask[0m[2m=[0m0.96 [3mmid[0m[2m=[0m0.95 [3mbid_size[0m[2m=[0m48.3 [3mask_size[0m[2m=[0m82.8
[2m2026-04-12T20:36:27.038391Z[0m [34mDEBUG[0m [2mmercury::engine::spread[0m[2m:[0m Evaluated spread direction 2 [3mmarket_id[0m[2m=[0m631deb8c-fbb4-489e-818e-ae698f57f50b [3mdirection[0m[2m=[0m"NO-A/YES-B" [3mraw_spread[0m[2m=[0m-0.0070 [3mbid_a[0m[2m=[0m0.9530 [3mask_b[0m[2m=[0m0.96
[2m2026-04-12T20:36:27.039436Z[0m [34mDEBUG[0m [2mmercury::engine::market_actor[0m[2m:[0m Tick received — running arb detection [3mmarket_id[0m[2m=[0m631deb8c-fbb4-489e-818e-ae698f57f50b [3mplatform[0m[2m=[0mPolymarket [3mbid[0m[2m=[0m0.94 [3mask[0m[2m=[0m0.96 [3mmid[0m[2m=[0m0.95 [3mbid_size[0m[2m=[0m48.3 [3mask_size[0m[2m=[0m82.8
[2m2026-04-12T20:36:27.039621Z[0m [34mDEBUG[0m [2mmercury::engine::spread[0m[2m:[0m Evaluated spread direction 2 [3mmarket_id[0m[2m=[0m631deb8c-fbb4-489e-818e-ae698f57f50b [3mdirection[0m[2m=[0m"NO-A/YES-B" [3mraw_spread[0m[2m=[0m-0.0070 [3mbid_a[0m[2m=[0m0.9530 [3mask_b[0m[2m=[0m0.96
[2m2026-04-12T20:36:27.041026Z[0m [34mDEBUG[0m [2mmercury::engine::market_actor[0m[2m:[0m Tick received — running arb detection [3mmarket_id[0m[2m=[0m631deb8c-fbb4-489e-818e-ae698f57f50b [3mplatform[0m[2m=[0mKalshi [3mbid[0m[2m=[0m0.9530 [3mask[0m[2m=[0m0.9630 [3mmid[0m[2m=[0m0.9580 [3mbid_size[0m[2m=[0m200.00 [3mask_size[0m[2m=[0m183.00
[2m2026-04-12T20:36:27.041131Z[0m [34mDEBUG[0m [2mmercury::engine::market_actor[0m[2m:[0m Tick received — running arb detection [3mmarket_id[0m[2m=[0m9046452d-bcb3-4bb8-8925-8924b7439992 [3mplatform[0m[2m=[0mPolymarket [3mbid[0m[2m=[0m0.89 [3mask[0m[2m=[0m0.9 [3mmid[0m[2m=[0m0.8950 [3mbid_size[0m[2m=[0m211.4 [3mask_size[0m[2m=[0m276.23
[2m2026-04-12T20:36:27.041187Z[0m [34mDEBUG[0m [2mmercury::engine::spread[0m[2m:[0m Evaluated spread direction 2 [3mmarket_id[0m[2m=[0m631deb8c-fbb4-489e-818e-ae698f57f50b [3mdirection[0m[2m=[0m"NO-A/YES-B" [3mraw_spread[0m[2m=[0m-0.0070 [3mbid_a[0m[2m=[0m0.9530 [3mask_b[0m[2m=[0m0.96
[2m2026-04-12T20:36:27.041319Z[0m [34mDEBUG[0m [2mmercury::engine::market_actor[0m[2m:[0m Tick received — running arb detection [3mmarket_id[0m[2m=[0m631deb8c-fbb4-489e-818e-ae698f57f50b [3mplatform[0m[2m=[0mPolymarket [3mbid[0m[2m=[0m0.94 [3mask[0m[2m=[0m0.96 [3mmid[0m[2m=[0m0.95 [3mbid_size[0m[2m=[0m48.3 [3mask_size[0m[2m=[0m82.8
[2m2026-04-12T20:36:27.041393Z[0m [34mDEBUG[0m [2mmercury::engine::spread[0m[2m:[0m Evaluated spread direction 2 [3mmarket_id[0m[2m=[0m9046452d-bcb3-4bb8-8925-8924b7439992 [3mdirection[0m[2m=[0m"NO-A/YES-B" [3mraw_spread[0m[2m=[0m-0.0600 [3mbid_a[0m[2m=[0m0.89 [3mask_b[0m[2m=[0m0.9500
[2m2026-04-12T20:36:27.041546Z[0m [34mDEBUG[0m [2mmercury::engine::market_actor[0m[2m:[0m Tick received — running arb detection [3mmarket_id[0m[2m=[0m9046452d-bcb3-4bb8-8925-8924b7439992 [3mplatform[0m[2m=[0mPolymarket [3mbid[0m[2m=[0m0.89 [3mask[0m[2m=[0m0.9 [3mmid[0m[2m=[0m0.8950 [3mbid_size[0m[2m=[0m211.4 [3mask_size[0m[2m=[0m276.23
[2m2026-04-12T20:36:27.041598Z[0m [34mDEBUG[0m [2mmercury::engine::spread[0m[2m:[0m Evaluated spread direction 2 [3mmarket_id[0m[2m=[0m631deb8c-fbb4-489e-818e-ae698f57f50b [3mdirection[0m[2m=[0m"NO-A/YES-B" [3mraw_spread[0m[2m=[0m-0.0070 [3mbid_a[0m[2m=[0m0.9530 [3mask_b[0m[2m=[0m0.96
[2m2026-04-12T20:36:27.041780Z[0m [34mDEBUG[0m [2mmercury::engine::spread[0m[2m:[0m Evaluated spread direction 2 [3mmarket_id[0m[2m=[0m9046452d-bcb3-4bb8-8925-8924b7439992 [3mdirection[0m[2m=[0m"NO-A/YES-B" [3mraw_spread[0m[2m=[0m-0.0600 [3mbid_a[0m[2m=[0m0.89 [3mask_b[0m[2m=[0m0.9500
[2m2026-04-12T20:36:27.042475Z[0m [34mDEBUG[0m [2mmercury::engine::market_actor[0m[2m:[0m Tick received — running arb detection [3mmarket_id[0m[2m=[0m2b958b37-9921-40b8-b22d-64a67138ae70 [3mplatform[0m[2m=[0mPolymarket [3mbid[0m[2m=[0m0.88 [3mask[0m[2m=[0m0.92 [3mmid[0m[2m=[0m0.90 [3mbid_size[0m[2m=[0m20.3 [3mask_size[0m[2m=[0m5
[2m2026-04-12T20:36:27.042476Z[0m [34mDEBUG[0m [2mmercury::engine::market_actor[0m[2m:[0m Tick received — running arb detection [3mmarket_id[0m[2m=[0m9046452d-bcb3-4bb8-8925-8924b7439992 [3mplatform[0m[2m=[0mPolymarket [3mbid[0m[2m=[0m0.89 [3mask[0m[2m=[0m0.9 [3mmid[0m[2m=[0m0.8950 [3mbid_size[0m[2m=[0m211.4 [3mask_size[0m[2m=[0m276.23
[2m2026-04-12T20:36:27.042639Z[0m [34mDEBUG[0m [2mmercury::engine::spread[0m[2m:[0m Evaluated spread direction 2 [3mmarket_id[0m[2m=[0m2b958b37-9921-40b8-b22d-64a67138ae70 [3mdirection[0m[2m=[0m"NO-A/YES-B" [3mraw_spread[0m[2m=[0m-0.0600 [3mbid_a[0m[2m=[0m0.8600 [3mask_b[0m[2m=[0m0.92
[2m2026-04-12T20:36:27.042818Z[0m [34mDEBUG[0m [2mmercury::engine::spread[0m[2m:[0m Evaluated spread direction 2 [3mmarket_id[0m[2m=[0m9046452d-bcb3-4bb8-8925-8924b7439992 [3mdirection[0m[2m=[0m"NO-A/YES-B" [3mraw_spread[0m[2m=[0m-0.0600 [3mbid_a[0m[2m=[0m0.89 [3mask_b[0m[2m=[0m0.9500
[2m2026-04-12T20:36:27.042997Z[0m [34mDEBUG[0m [2mmercury::engine::market_actor[0m[2m:[0m Tick received — running arb detection [3mmarket_id[0m[2m=[0m631deb8c-fbb4-489e-818e-ae698f57f50b [3mplatform[0m[2m=[0mPolymarket [3mbid[0m[2m=[0m0.94 [3mask[0m[2m=[0m0.96 [3mmid[0m[2m=[0m0.95 [3mbid_size[0m[2m=[0m48.3 [3mask_size[0m[2m=[0m82.8
[2m2026-04-12T20:36:27.043137Z[0m [34mDEBUG[0m [2mmercury::engine::spread[0m[2m:[0m Evaluated spread direction 2 [3mmarket_id[0m[2m=[0m631deb8c-fbb4-489e-818e-ae698f57f50b [3mdirection[0m[2m=[0m"NO-A/YES-B" [3mraw_spread[0m[2m=[0m-0.0070 [3mbid_a[0m[2m=[0m0.9530 [3mask_b[0m[2m=[0m0.96
[2m2026-04-12T20:36:27.048877Z[0m [34mDEBUG[0m [2mmercury::engine::market_actor[0m[2m:[0m Tick received — running arb detection [3mmarket_id[0m[2m=[0m2b958b37-9921-40b8-b22d-64a67138ae70 [3mplatform[0m[2m=[0mPolymarket [3mbid[0m[2m=[0m0.88 [3mask[0m[2m=[0m0.92 [3mmid[0m[2m=[0m0.90 [3mbid_size[0m[2m=[0m20.3 [3mask_size[0m[2m=[0m5
[2m2026-04-12T20:36:27.048890Z[0m [34mDEBUG[0m [2mmercury::engine::market_actor[0m[2m:[0m Tick received — running arb detection [3mmarket_id[0m[2m=[0m9046452d-bcb3-4bb8-8925-8924b7439992 [3mplatform[0m[2m=[0mPolymarket [3mbid[0m[2m=[0m0.89 [3mask[0m[2m=[0m0.9 [3mmid[0m[2m=[0m0.8950 [3mbid_size[0m[2m=[0m211.4 [3mask_size[0m[2m=[0m276.23
[2m2026-04-12T20:36:27.048971Z[0m [34mDEBUG[0m [2mmercury::engine::market_actor[0m[2m:[0m Tick received — running arb detection [3mmarket_id[0m[2m=[0m79e1f598-7189-438f-a66e-b184b04be477 [3mplatform[0m[2m=[0mPolymarket [3mbid[0m[2m=[0m0.81 [3mask[0m[2m=[0m0.84 [3mmid[0m[2m=[0m0.8250 [3mbid_size[0m[2m=[0m17.94 [3mask_size[0m[2m=[0m48.46
[2m2026-04-12T20:36:27.049055Z[0m [34mDEBUG[0m [2mmercury::engine::market_actor[0m[2m:[0m Tick received — running arb detection [3mmarket_id[0m[2m=[0m631deb8c-fbb4-489e-818e-ae698f57f50b [3mplatform[0m[2m=[0mPolymarket [3mbid[0m[2m=[0m0.94 [3mask[0m[2m=[0m0.96 [3mmid[0m[2m=[0m0.95 [3mbid_size[0m[2m=[0m48.3 [3mask_size[0m[2m=[0m82.8
[2m2026-04-12T20:36:27.049088Z[0m [34mDEBUG[0m [2mmercury::engine::spread[0m[2m:[0m Evaluated spread direction 2 [3mmarket_id[0m[2m=[0m2b958b37-9921-40b8-b22d-64a67138ae70 [3mdirection[0m[2m=[0m"NO-A/YES-B" [3mraw_spread[0m[2m=[0m-0.0600 [3mbid_a[0m[2m=[0m0.8600 [3mask_b[0m[2m=[0m0.92
[2m2026-04-12T20:36:27.049266Z[0m [34mDEBUG[0m [2mmercury::engine::spread[0m[2m:[0m Evaluated spread direction 2 [3mmarket_id[0m[2m=[0m631deb8c-fbb4-489e-818e-ae698f57f50b [3mdirection[0m[2m=[0m"NO-A/YES-B" [3mraw_spread[0m[2m=[0m-0.0070 [3mbid_a[0m[2m=[0m0.9530 [3mask_b[0m[2m=[0m0.96
[2m2026-04-12T20:36:27.049306Z[0m [34mDEBUG[0m [2mmercury::engine::spread[0m[2m:[0m Evaluated spread direction 2 [3mmarket_id[0m[2m=[0m9046452d-bcb3-4bb8-8925-8924b7439992 [3mdirection[0m[2m=[0m"NO-A/YES-B" [3mraw_spread[0m[2m=[0m-0.0600 [3mbid_a[0m[2m=[0m0.89 [3mask_b[0m[2m=[0m0.9500
[2m2026-04-12T20:36:27.049490Z[0m [34mDEBUG[0m [2mmercury::engine::market_actor[0m[2m:[0m Tick received — running arb detection [3mmarket_id[0m[2m=[0m79e1f598-7189-438f-a66e-b184b04be477 [3mplatform[0m[2m=[0mPolymarket [3mbid[0m[2m=[0m0.81 [3mask[0m[2m=[0m0.84 [3mmid[0m[2m=[0m0.8250 [3mbid_size[0m[2m=[0m17.94 [3mask_size[0m[2m=[0m48.46
[2m2026-04-12T20:36:27.072026Z[0m [34mDEBUG[0m [2mmercury::engine::market_actor[0m[2m:[0m Tick received — running arb detection [3mmarket_id[0m[2m=[0m631deb8c-fbb4-489e-818e-ae698f57f50b [3mplatform[0m[2m=[0mKalshi [3mbid[0m[2m=[0m0.9530 [3mask[0m[2m=[0m0.9630 [3mmid[0m[2m=[0m0.9580 [3mbid_size[0m[2m=[0m200.00 [3mask_size[0m[2m=[0m180.00
[2m2026-04-12T20:36:27.072302Z[0m [34mDEBUG[0m [2mmercury::engine::spread[0m[2m:[0m Evaluated spread direction 2 [3mmarket_id[0m[2m=[0m631deb8c-fbb4-489e-818e-ae698f57f50b [3mdirection[0m[2m=[0m"NO-A/YES-B" [3mraw_spread[0m[2m=[0m-0.0070 [3mbid_a[0m[2m=[0m0.9530 [3mask_b[0m[2m=[0m0.96
[2m2026-04-12T20:36:27.072481Z[0m [34mDEBUG[0m [2mmercury::engine::market_actor[0m[2m:[0m Tick received — running arb detection [3mmarket_id[0m[2m=[0m631deb8c-fbb4-489e-818e-ae698f57f50b [3mplatform[0m[2m=[0mKalshi [3mbid[0m[2m=[0m0.9530 [3mask[0m[2m=[0m0.9600 [3mmid[0m[2m=[0m0.9565 [3mbid_size[0m[2m=[0m200.00 [3mask_size[0m[2m=[0m3.00
[2m2026-04-12T20:36:27.072657Z[0m [34mDEBUG[0m [2mmercury::engine::spread[0m[2m:[0m Evaluated spread direction 2 [3mmarket_id[0m[2m=[0m631deb8c-fbb4-489e-818e-ae698f57f50b [3mdirection[0m[2m=[0m"NO-A/YES-B" [3mraw_spread[0m[2m=[0m-0.0070 [3mbid_a[0m[2m=[0m0.9530 [3mask_b[0m[2m=[0m0.96
[2m2026-04-12T20:36:27.072813Z[0m [34mDEBUG[0m [2mmercury::engine::market_actor[0m[2m:[0m Tick received — running arb detection [3mmarket_id[0m[2m=[0m631deb8c-fbb4-489e-818e-ae698f57f50b [3mplatform[0m[2m=[0mKalshi [3mbid[0m[2m=[0m0.9530 [3mask[0m[2m=[0m0.9600 [3mmid[0m[2m=[0m0.9565 [3mbid_size[0m[2m=[0m200.00 [3mask_size[0m[2m=[0m9.00
[2m2026-04-12T20:36:27.072991Z[0m [34mDEBUG[0m [2mmercury::engine::spread[0m[2m:[0m Evaluated spread direction 2 [3mmarket_id[0m[2m=[0m631deb8c-fbb4-489e-818e-ae698f57f50b [3mdirection[0m[2m=[0m"NO-A/YES-B" [3mraw_spread[0m[2m=[0m-0.0070 [3mbid_a[0m[2m=[0m0.9530 [3mask_b[0m[2m=[0m0.96
[2m2026-04-12T20:36:27.073146Z[0m [34mDEBUG[0m [2mmercury::engine::market_actor[0m[2m:[0m Tick received — running arb detection [3mmarket_id[0m[2m=[0m631deb8c-fbb4-489e-818e-ae698f57f50b [3mplatform[0m[2m=[0mKalshi [3mbid[0m[2m=[0m0.9530 [3mask[0m[2m=[0m0.9600 [3mmid[0m[2m=[0m0.9565 [3mbid_size[0m[2m=[0m200.00 [3mask_size[0m[2m=[0m9.00
[2m2026-04-12T20:36:27.073317Z[0m [34mDEBUG[0m [2mmercury::engine::spread[0m[2m:[0m Evaluated spread direction 2 [3mmarket_id[0m[2m=[0m631deb8c-fbb4-489e-818e-ae698f57f50b [3mdirection[0m[2m=[0m"NO-A/YES-B" [3mraw_spread[0m[2m=[0m-0.0070 [3mbid_a[0m[2m=[0m0.9530 [3mask_b[0m[2m=[0m0.96
[2m2026-04-12T20:36:27.117822Z[0m [34mDEBUG[0m [2mmercury::engine::market_actor[0m[2m:[0m Tick received — running arb detection [3mmarket_id[0m[2m=[0m631deb8c-fbb4-489e-818e-ae698f57f50b [3mplatform[0m[2m=[0mPolymarket [3mbid[0m[2m=[0m0.94 [3mask[0m[2m=[0m0.96 [3mmid[0m[2m=[0m0.95 [3mbid_size[0m[2m=[0m48.3 [3mask_size[0m[2m=[0m112.8
[2m2026-04-12T20:36:27.118036Z[0m [34mDEBUG[0m [2mmercury::engine::spread[0m[2m:[0m Evaluated spread direction 2 [3mmarket_id[0m[2m=[0m631deb8c-fbb4-489e-818e-ae698f57f50b [3mdirection[0m[2m=[0m"NO-A/YES-B" [3mraw_spread[0m[2m=[0m-0.0070 [3mbid_a[0m[2m=[0m0.9530 [3mask_b[0m[2m=[0m0.96
[2m2026-04-12T20:36:27.118749Z[0m [34mDEBUG[0m [2mmercury::engine::market_actor[0m[2m:[0m Tick received — running arb detection [3mmarket_id[0m[2m=[0m631deb8c-fbb4-489e-818e-ae698f57f50b [3mplatform[0m[2m=[0mKalshi [3mbid[0m[2m=[0m0.9530 [3mask[0m[2m=[0m0.9600 [3mmid[0m[2m=[0m0.9565 [3mbid_size[0m[2m=[0m200.00 [3mask_size[0m[2m=[0m9.00
[2m2026-04-12T20:36:27.118910Z[0m [34mDEBUG[0m [2mmercury::engine::spread[0m[2m:[0m Evaluated spread direction 2 [3mmarket_id[0m[2m=[0m631deb8c-fbb4-489e-818e-ae698f57f50b [3mdirection[0m[2m=[0m"NO-A/YES-B" [3mraw_spread[0m[2m=[0m-0.0070 [3mbid_a[0m[2m=[0m0.9530 [3mask_b[0m[2m=[0m0.96
[2m2026-04-12T20:36:27.118928Z[0m [32m INFO[0m [2mmercury::feeds::discovery[0m[2m:[0m 15m crypto round matched [3masset[0m[2m=[0msol [3mround_start[0m[2m=[0m1776025800 [3mpoly[0m[2m=[0mtrue [3mkalshi[0m[2m=[0mtrue
[2m2026-04-12T20:36:27.119047Z[0m [34mDEBUG[0m [2mmercury::engine::market_actor[0m[2m:[0m Tick received — running arb detection [3mmarket_id[0m[2m=[0m631deb8c-fbb4-489e-818e-ae698f57f50b [3mplatform[0m[2m=[0mKalshi [3mbid[0m[2m=[0m0.9530 [3mask[0m[2m=[0m0.9600 [3mmid[0m[2m=[0m0.9565 [3mbid_size[0m[2m=[0m200.00 [3mask_size[0m[2m=[0m9.00
[2m2026-04-12T20:36:27.119181Z[0m [34mDEBUG[0m [2mmercury::engine::spread[0m[2m:[0m Evaluated spread direction 2 [3mmarket_id[0m[2m=[0m631deb8c-fbb4-489e-818e-ae698f57f50b [3mdirection[0m[2m=[0m"NO-A/YES-B" [3mraw_spread[0m[2m=[0m-0.0070 [3mbid_a[0m[2m=[0m0.9530 [3mask_b[0m[2m=[0m0.96
[2m2026-04-12T20:36:27.119320Z[0m [34mDEBUG[0m [2mmercury::engine::market_actor[0m[2m:[0m Tick received — running arb detection [3mmarket_id[0m[2m=[0m631deb8c-fbb4-489e-818e-ae698f57f50b [3mplatform[0m[2m=[0mPolymarket [3mbid[0m[2m=[0m0.94 [3mask[0m[2m=[0m0.96 [3mmid[0m[2m=[0m0.95 [3mbid_size[0m[2m=[0m53.3 [3mask_size[0m[2m=[0m112.8
[2m2026-04-12T20:36:27.119427Z[0m [34mDEBUG[0m [2mmercury::engine::spread[0m[2m:[0m Evaluated spread direction 2 [3mmarket_id[0m[2m=[0m631deb8c-fbb4-489e-818e-ae698f57f50b [3mdirection[0m[2m=[0m"NO-A/YES-B" [3mraw_spread[0m[2m=[0m-0.0070 [3mbid_a[0m[2m=[0m0.9530 [3mask_b[0m[2m=[0m0.96
[2m2026-04-12T20:36:27.119547Z[0m [34mDEBUG[0m [2mmercury::engine::market_actor[0m[2m:[0m Tick received — running arb detection [3mmarket_id[0m[2m=[0m631deb8c-fbb4-489e-818e-ae698f57f50b [3mplatform[0m[2m=[0mKalshi [3mbid[0m[2m=[0m0.9590 [3mask[0m[2m=[0m0.9600 [3mmid[0m[2m=[0m0.9595 [3mbid_size[0m[2m=[0m3.00 [3mask_size[0m[2m=[0m9.00
[2m2026-04-12T20:36:27.119654Z[0m [34mDEBUG[0m [2mmercury::engine::spread[0m[2m:[0m Evaluated spread direction 2 [3mmarket_id[0m[2m=[0m631deb8c-fbb4-489e-818e-ae698f57f50b [3mdirection[0m[2m=[0m"NO-A/YES-B" [3mraw_spread[0m[2m=[0m-0.0010 [3mbid_a[0m[2m=[0m0.9590 [3mask_b[0m[2m=[0m0.96
[2m2026-04-12T20:36:27.119753Z[0m [34mDEBUG[0m [2mmercury::engine::market_actor[0m[2m:[0m Tick received — running arb detection [3mmarket_id[0m[2m=[0m631deb8c-fbb4-489e-818e-ae698f57f50b [3mplatform[0m[2m=[0mPolymarket [3mbid[0m[2m=[0m0.94 [3mask[0m[2m=[0m0.96 [3mmid[0m[2m=[0m0.95 [3mbid_size[0m[2m=[0m53.3 [3mask_size[0m[2m=[0m117.8
[2m2026-04-12T20:36:27.119857Z[0m [34mDEBUG[0m [2mmercury::engine::spread[0m[2m:[0m Evaluated spread direction 2 [3mmarket_id[0m[2m=[0m631deb8c-fbb4-489e-818e-ae698f57f50b [3mdirection[0m[2m=[0m"NO-A/YES-B" [3mraw_spread[0m[2m=[0m-0.0010 [3mbid_a[0m[2m=[0m0.9590 [3mask_b[0m[2m=[0m0.96
[2m2026-04-12T20:36:27.119954Z[0m [34mDEBUG[0m [2mmercury::engine::market_actor[0m[2m:[0m Tick received — running arb detection [3mmarket_id[0m[2m=[0m631deb8c-fbb4-489e-818e-ae698f57f50b [3mplatform[0m[2m=[0mKalshi [3mbid[0m[2m=[0m0.9590 [3mask[0m[2m=[0m0.9600 [3mmid[0m[2m=[0m0.9595 [3mbid_size[0m[2m=[0m3.00 [3mask_size[0m[2m=[0m9.00
[2m2026-04-12T20:36:27.120063Z[0m [34mDEBUG[0m [2mmercury::engine::spread[0m[2m:[0m Evaluated spread direction 2 [3mmarket_id[0m[2m=[0m631deb8c-fbb4-489e-818e-ae698f57f50b [3mdirection[0m[2m=[0m"NO-A/YES-B" [3mraw_spread[0m[2m=[0m-0.0010 [3mbid_a[0m[2m=[0m0.9590 [3mask_b[0m[2m=[0m0.96
[2m2026-04-12T20:36:27.120161Z[0m [34mDEBUG[0m [2mmercury::engine::market_actor[0m[2m:[0m Tick received — running arb detection [3mmarket_id[0m[2m=[0m631deb8c-fbb4-489e-818e-ae698f57f50b [3mplatform[0m[2m=[0mKalshi [3mbid[0m[2m=[0m0.9590 [3mask[0m[2m=[0m0.9600 [3mmid[0m[2m=[0m0.9595 [3mbid_size[0m[2m=[0m3.00 [3mask_size[0m[2m=[0m9.00
[2m2026-04-12T20:36:27.120268Z[0m [34mDEBUG[0m [2mmercury::engine::spread[0m[2m:[0m Evaluated spread direction 2 [3mmarket_id[0m[2m=[0m631deb8c-fbb4-489e-818e-ae698f57f50b [3mdirection[0m[2m=[0m"NO-A/YES-B" [3mraw_spread[0m[2m=[0m-0.0010 [3mbid_a[0m[2m=[0m0.9590 [3mask_b[0m[2m=[0m0.96
[2m2026-04-12T20:36:27.120415Z[0m [34mDEBUG[0m [2mmercury::engine::market_actor[0m[2m:[0m Tick received — running arb detection [3mmarket_id[0m[2m=[0m631deb8c-fbb4-489e-818e-ae698f57f50b [3mplatform[0m[2m=[0mPolymarket [3mbid[0m[2m=[0m0.94 [3mask[0m[2m=[0m0.96 [3mmid[0m[2m=[0m0.95 [3mbid_size[0m[2m=[0m53.3 [3mask_size[0m[2m=[0m117.8
[2m2026-04-12T20:36:27.120520Z[0m [34mDEBUG[0m [2mmercury::engine::spread[0m[2m:[0m Evaluated spread direction 2 [3mmarket_id[0m[2m=[0m631deb8c-fbb4-489e-818e-ae698f57f50b [3mdirection[0m[2m=[0m"NO-A/YES-B" [3mraw_spread[0m[2m=[0m-0.0010 [3mbid_a[0m[2m=[0m0.9590 [3mask_b[0m[2m=[0m0.96
[2m2026-04-12T20:36:27.120615Z[0m [34mDEBUG[0m [2mmercury::engine::market_actor[0m[2m:[0m Tick received — running arb detection [3mmarket_id[0m[2m=[0m631deb8c-fbb4-489e-818e-ae698f57f50b [3mplatform[0m[2m=[0mKalshi [3mbid[0m[2m=[0m0.9590 [3mask[0m[2m=[0m0.9600 [3mmid[0m[2m=[0m0.9595 [3mbid_size[0m[2m=[0m3.00 [3mask_size[0m[2m=[0m9.00
[2m2026-04-12T20:36:27.120722Z[0m [34mDEBUG[0m [2mmercury::engine::spread[0m[2m:[0m Evaluated spread direction 2 [3mmarket_id[0m[2m=[0m631deb8c-fbb4-489e-818e-ae698f57f50b [3mdirection[0m[2m=[0m"NO-A/YES-B" [3mraw_spread[0m[2m=[0m-0.0010 [3mbid_a[0m[2m=[0m0.9590 [3mask_b[0m[2m=[0m0.96
[2m2026-04-12T20:36:27.120822Z[0m [34mDEBUG[0m [2mmercury::engine::market_actor[0m[2m:[0m Tick received — running arb detection [3mmarket_id[0m[2m=[0m631deb8c-fbb4-489e-818e-ae698f57f50b [3mplatform[0m[2m=[0mPolymarket [3mbid[0m[2m=[0m0.94 [3mask[0m[2m=[0m0.96 [3mmid[0m[2m=[0m0.95 [3mbid_size[0m[2m=[0m58.3 [3mask_size[0m[2m=[0m117.8
[2m2026-04-12T20:36:27.120932Z[0m [34mDEBUG[0m [2mmercury::engine::spread[0m[2m:[0m Evaluated spread direction 2 [3mmarket_id[0m[2m=[0m631deb8c-fbb4-489e-818e-ae698f57f50b [3mdirection[0m[2m=[0m"NO-A/YES-B" [3mraw_spread[0m[2m=[0m-0.0010 [3mbid_a[0m[2m=[0m0.9590 [3mask_b[0m[2m=[0m0.96
[2m2026-04-12T20:36:27.123522Z[0m [34mDEBUG[0m [2mmercury::engine::market_actor[0m[2m:[0m Tick received — running arb detection [3mmarket_id[0m[2m=[0m9046452d-bcb3-4bb8-8925-8924b7439992 [3mplatform[0m[2m=[0mPolymarket [3mbid[0m[2m=[0m0.89 [3mask[0m[2m=[0m0.9 [3mmid[0m[2m=[0m0.8950 [3mbid_size[0m[2m=[0m211.4 [3mask_size[0m[2m=[0m276.23
[2m2026-04-12T20:36:27.123673Z[0m [34mDEBUG[0m [2mmercury::engine::spread[0m[2m:[0m Evaluated spread direction 2 [3mmarket_id[0m[2m=[0m9046452d-bcb3-4bb8-8925-8924b7439992 [3mdirection[0m[2m=[0m"NO-A/YES-B" [3mraw_spread[0m[2m=[0m-0.0600 [3mbid_a[0m[2m=[0m0.89 [3mask_b[0m[2m=[0m0.9500
[2m2026-04-12T20:36:27.123778Z[0m [34mDEBUG[0m [2mmercury::engine::market_actor[0m[2m:[0m Tick received — running arb detection [3mmarket_id[0m[2m=[0m9046452d-bcb3-4bb8-8925-8924b7439992 [3mplatform[0m[2m=[0mPolymarket [3mbid[0m[2m=[0m0.89 [3mask[0m[2m=[0m0.9 [3mmid[0m[2m=[0m0.8950 [3mbid_size[0m[2m=[0m220.31 [3mask_size[0m[2m=[0m276.23
[2m2026-04-12T20:36:27.123900Z[0m [34mDEBUG[0m [2mmercury::engine::spread[0m[2m:[0m Evaluated spread direction 2 [3mmarket_id[0m[2m=[0m9046452d-bcb3-4bb8-8925-8924b7439992 [3mdirection[0m[2m=[0m"NO-A/YES-B" [3mraw_spread[0m[2m=[0m-0.0600 [3mbid_a[0m[2m=[0m0.89 [3mask_b[0m[2m=[0m0.9500
[2m2026-04-12T20:36:27.125257Z[0m [34mDEBUG[0m [2mmercury::engine::market_actor[0m[2m:[0m Tick received — running arb detection [3mmarket_id[0m[2m=[0m631deb8c-fbb4-489e-818e-ae698f57f50b [3mplatform[0m[2m=[0mKalshi [3mbid[0m[2m=[0m0.9590 [3mask[0m[2m=[0m0.9600 [3mmid[0m[2m=[0m0.9595 [3mbid_size[0m[2m=[0m3.00 [3mask_size[0m[2m=[0m9.00
[2m2026-04-12T20:36:27.125412Z[0m [34mDEBUG[0m [2mmercury::engine::spread[0m[2m:[0m Evaluated spread direction 2 [3mmarket_id[0m[2m=[0m631deb8c-fbb4-489e-818e-ae698f57f50b [3mdirection[0m[2m=[0m"NO-A/YES-B" [3mraw_spread[0m[2m=[0m-0.0010 [3mbid_a[0m[2m=[0m0.9590 [3mask_b[0m[2m=[0m0.96
[2m2026-04-12T20:36:27.125537Z[0m [34mDEBUG[0m [2mmercury::engine::market_actor[0m[2m:[0m Tick received — running arb detection [3mmarket_id[0m[2m=[0m631deb8c-fbb4-489e-818e-ae698f57f50b [3mplatform[0m[2m=[0mKalshi [3mbid[0m[2m=[0m0.9590 [3mask[0m[2m=[0m0.9600 [3mmid[0m[2m=[0m0.9595 [3mbid_size[0m[2m=[0m3.00 [3mask_size[0m[2m=[0m9.00
[2m2026-04-12T20:36:27.125669Z[0m [34mDEBUG[0m [2mmercury::engine::spread[0m[2m:[0m Evaluated spread direction 2 [3mmarket_id[0m[2m=[0m631deb8c-fbb4-489e-818e-ae698f57f50b [3mdirection[0m[2m=[0m"NO-A/YES-B" [3mraw_spread[0m[2m=[0m-0.0010 [3mbid_a[0m[2m=[0m0.9590 [3mask_b[0m[2m=[0m0.96
[2m2026-04-12T20:36:27.128513Z[0m [34mDEBUG[0m [2mmercury::engine::market_actor[0m[2m:[0m Tick received — running arb detection [3mmarket_id[0m[2m=[0m631deb8c-fbb4-489e-818e-ae698f57f50b [3mplatform[0m[2m=[0mKalshi [3mbid[0m[2m=[0m0.9590 [3mask[0m[2m=[0m0.9600 [3mmid[0m[2m=[0m0.9595 [3mbid_size[0m[2m=[0m3.00 [3mask_size[0m[2m=[0m9.00
[2m2026-04-12T20:36:27.128718Z[0m [34mDEBUG[0m [2mmercury::engine::spread[0m[2m:[0m Evaluated spread direction 2 [3mmarket_id[0m[2m=[0m631deb8c-fbb4-489e-818e-ae698f57f50b [3mdirection[0m[2m=[0m"NO-A/YES-B" [3mraw_spread[0m[2m=[0m-0.0010 [3mbid_a[0m[2m=[0m0.9590 [3mask_b[0m[2m=[0m0.96
[2m2026-04-12T20:36:27.128887Z[0m [34mDEBUG[0m [2mmercury::engine::market_actor[0m[2m:[0m Tick received — running arb detection [3mmarket_id[0m[2m=[0m631deb8c-fbb4-489e-818e-ae698f57f50b [3mplatform[0m[2m=[0mKalshi [3mbid[0m[2m=[0m0.9590 [3mask[0m[2m=[0m0.9600 [3mmid[0m[2m=[0m0.9595 [3mbid_size[0m[2m=[0m3.00 [3mask_size[0m[2m=[0m9.00
[2m2026-04-12T20:36:27.129058Z[0m [34mDEBUG[0m [2mmercury::engine::spread[0m[2m:[0m Evaluated spread direction 2 [3mmarket_id[0m[2m=[0m631deb8c-fbb4-489e-818e-ae698f57f50b [3mdirection[0m[2m=[0m"NO-A/YES-B" [3mraw_spread[0m[2m=[0m-0.0010 [3mbid_a[0m[2m=[0m0.9590 [3mask_b[0m[2m=[0m0.96
[2m2026-04-12T20:36:27.129215Z[0m [34mDEBUG[0m [2mmercury::engine::market_actor[0m[2m:[0m Tick received — running arb detection [3mmarket_id[0m[2m=[0m631deb8c-fbb4-489e-818e-ae698f57f50b [3mplatform[0m[2m=[0mKalshi [3mbid[0m[2m=[0m0.9530 [3mask[0m[2m=[0m0.9600 [3mmid[0m[2m=[0m0.9565 [3mbid_size[0m[2m=[0m290.00 [3mask_size[0m[2m=[0m9.00
[2m2026-04-12T20:36:27.129387Z[0m [34mDEBUG[0m [2mmercury::engine::spread[0m[2m:[0m Evaluated spread direction 2 [3mmarket_id[0m[2m=[0m631deb8c-fbb4-489e-818e-ae698f57f50b [3mdirection[0m[2m=[0m"NO-A/YES-B" [3mraw_spread[0m[2m=[0m-0.0070 [3mbid_a[0m[2m=[0m0.9530 [3mask_b[0m[2m=[0m0.96
[2m2026-04-12T20:36:27.129542Z[0m [34mDEBUG[0m [2mmercury::engine::market_actor[0m[2m:[0m Tick received — running arb detection [3mmarket_id[0m[2m=[0m631deb8c-fbb4-489e-818e-ae698f57f50b [3mplatform[0m[2m=[0mKalshi [3mbid[0m[2m=[0m0.9560 [3mask[0m[2m=[0m0.9600 [3mmid[0m[2m=[0m0.9580 [3mbid_size[0m[2m=[0m3.00 [3mask_size[0m[2m=[0m9.00
[2m2026-04-12T20:36:27.129710Z[0m [34mDEBUG[0m [2mmercury::engine::spread[0m[2m:[0m Evaluated spread direction 2 [3mmarket_id[0m[2m=[0m631deb8c-fbb4-489e-818e-ae698f57f50b [3mdirection[0m[2m=[0m"NO-A/YES-B" [3mraw_spread[0m[2m=[0m-0.0040 [3mbid_a[0m[2m=[0m0.9560 [3mask_b[0m[2m=[0m0.96
[2m2026-04-12T20:36:27.129862Z[0m [34mDEBUG[0m [2mmercury::engine::market_actor[0m[2m:[0m Tick received — running arb detection [3mmarket_id[0m[2m=[0m631deb8c-fbb4-489e-818e-ae698f57f50b [3mplatform[0m[2m=[0mKalshi [3mbid[0m[2m=[0m0.9560 [3mask[0m[2m=[0m0.9600 [3mmid[0m[2m=[0m0.9580 [3mbid_size[0m[2m=[0m3.00 [3mask_size[0m[2m=[0m9.00
[2m2026-04-12T20:36:27.130030Z[0m [34mDEBUG[0m [2mmercury::engine::spread[0m[2m:[0m Evaluated spread direction 2 [3mmarket_id[0m[2m=[0m631deb8c-fbb4-489e-818e-ae698f57f50b [3mdirection[0m[2m=[0m"NO-A/YES-B" [3mraw_spread[0m[2m=[0m-0.0040 [3mbid_a[0m[2m=[0m0.9560 [3mask_b[0m[2m=[0m0.96
[2m2026-04-12T20:36:27.130564Z[0m [34mDEBUG[0m [2mmercury::engine::market_actor[0m[2m:[0m Tick received — running arb detection [3mmarket_id[0m[2m=[0m631deb8c-fbb4-489e-818e-ae698f57f50b [3mplatform[0m[2m=[0mPolymarket [3mbid[0m[2m=[0m0.94 [3mask[0m[2m=[0m0.96 [3mmid[0m[2m=[0m0.95 [3mbid_size[0m[2m=[0m58.3 [3mask_size[0m[2m=[0m117.8
[2m2026-04-12T20:36:27.130614Z[0m [34mDEBUG[0m [2mmercury::engine::market_actor[0m[2m:[0m Tick received — running arb detection [3mmarket_id[0m[2m=[0m2b958b37-9921-40b8-b22d-64a67138ae70 [3mplatform[0m[2m=[0mPolymarket [3mbid[0m[2m=[0m0.88 [3mask[0m[2m=[0m0.92 [3mmid[0m[2m=[0m0.90 [3mbid_size[0m[2m=[0m20.3 [3mask_size[0m[2m=[0m5
[2m2026-04-12T20:36:27.130767Z[0m [34mDEBUG[0m [2mmercury::engine::spread[0m[2m:[0m Evaluated spread direction 2 [3mmarket_id[0m[2m=[0m631deb8c-fbb4-489e-818e-ae698f57f50b [3mdirection[0m[2m=[0m"NO-A/YES-B" [3mraw_spread[0m[2m=[0m-0.0040 [3mbid_a[0m[2m=[0m0.9560 [3mask_b[0m[2m=[0m0.96
[2m2026-04-12T20:36:27.130969Z[0m [34mDEBUG[0m [2mmercury::engine::spread[0m[2m:[0m Evaluated spread direction 2 [3mmarket_id[0m[2m=[0m2b958b37-9921-40b8-b22d-64a67138ae70 [3mdirection[0m[2m=[0m"NO-A/YES-B" [3mraw_spread[0m[2m=[0m-0.0600 [3mbid_a[0m[2m=[0m0.8600 [3mask_b[0m[2m=[0m0.92
[2m2026-04-12T20:36:27.168296Z[0m [34mDEBUG[0m [2mmercury::engine::market_actor[0m[2m:[0m Tick received — running arb detection [3mmarket_id[0m[2m=[0m631deb8c-fbb4-489e-818e-ae698f57f50b [3mplatform[0m[2m=[0mKalshi [3mbid[0m[2m=[0m0.9560 [3mask[0m[2m=[0m0.9600 [3mmid[0m[2m=[0m0.9580 [3mbid_size[0m[2m=[0m3.00 [3mask_size[0m[2m=[0m9.00
[2m2026-04-12T20:36:27.168368Z[0m [34mDEBUG[0m [2mmercury::engine::market_actor[0m[2m:[0m Tick received — running arb detection [3mmarket_id[0m[2m=[0m79e1f598-7189-438f-a66e-b184b04be477 [3mplatform[0m[2m=[0mPolymarket [3mbid[0m[2m=[0m0.81 [3mask[0m[2m=[0m0.84 [3mmid[0m[2m=[0m0.8250 [3mbid_size[0m[2m=[0m17.94 [3mask_size[0m[2m=[0m48.46
[2m2026-04-12T20:36:27.168574Z[0m [34mDEBUG[0m [2mmercury::engine::spread[0m[2m:[0m Evaluated spread direction 2 [3mmarket_id[0m[2m=[0m631deb8c-fbb4-489e-818e-ae698f57f50b [3mdirection[0m[2m=[0m"NO-A/YES-B" [3mraw_spread[0m[2m=[0m-0.0040 [3mbid_a[0m[2m=[0m0.9560 [3mask_b[0m[2m=[0m0.96
[2m2026-04-12T20:36:27.168589Z[0m [34mDEBUG[0m [2mmercury::engine::market_actor[0m[2m:[0m Tick received — running arb detection [3mmarket_id[0m[2m=[0m79e1f598-7189-438f-a66e-b184b04be477 [3mplatform[0m[2m=[0mPolymarket [3mbid[0m[2m=[0m0.81 [3mask[0m[2m=[0m0.84 [3mmid[0m[2m=[0m0.8250 [3mbid_size[0m[2m=[0m17.94 [3mask_size[0m[2m=[0m48.46
[2m2026-04-12T20:36:27.168743Z[0m [34mDEBUG[0m [2mmercury::engine::market_actor[0m[2m:[0m Tick received — running arb detection [3mmarket_id[0m[2m=[0m631deb8c-fbb4-489e-818e-ae698f57f50b [3mplatform[0m[2m=[0mPolymarket [3mbid[0m[2m=[0m0.94 [3mask[0m[2m=[0m0.96 [3mmid[0m[2m=[0m0.95 [3mbid_size[0m[2m=[0m156.3 [3mask_size[0m[2m=[0m117.8
[2m2026-04-12T20:36:27.168914Z[0m [34mDEBUG[0m [2mmercury::engine::spread[0m[2m:[0m Evaluated spread direction 2 [3mmarket_id[0m[2m=[0m631deb8c-fbb4-489e-818e-ae698f57f50b [3mdirection[0m[2m=[0m"NO-A/YES-B" [3mraw_spread[0m[2m=[0m-0.0040 [3mbid_a[0m[2m=[0m0.9560 [3mask_b[0m[2m=[0m0.96
[2m2026-04-12T20:36:27.169069Z[0m [34mDEBUG[0m [2mmercury::engine::market_actor[0m[2m:[0m Tick received — running arb detection [3mmarket_id[0m[2m=[0m631deb8c-fbb4-489e-818e-ae698f57f50b [3mplatform[0m[2m=[0mPolymarket [3mbid[0m[2m=[0m0.94 [3mask[0m[2m=[0m0.96 [3mmid[0m[2m=[0m0.95 [3mbid_size[0m[2m=[0m156.3 [3mask_size[0m[2m=[0m117.8
[2m2026-04-12T20:36:27.169236Z[0m [34mDEBUG[0m [2mmercury::engine::spread[0m[2m:[0m Evaluated spread direction 2 [3mmarket_id[0m[2m=[0m631deb8c-fbb4-489e-818e-ae698f57f50b [3mdirection[0m[2m=[0m"NO-A/YES-B" [3mraw_spread[0m[2m=[0m-0.0040 [3mbid_a[0m[2m=[0m0.9560 [3mask_b[0m[2m=[0m0.96
[2m2026-04-12T20:36:27.220155Z[0m [34mDEBUG[0m [2mmercury::engine::market_actor[0m[2m:[0m Tick received — running arb detection [3mmarket_id[0m[2m=[0m631deb8c-fbb4-489e-818e-ae698f57f50b [3mplatform[0m[2m=[0mKalshi [3mbid[0m[2m=[0m0.9560 [3mask[0m[2m=[0m0.9600 [3mmid[0m[2m=[0m0.9580 [3mbid_size[0m[2m=[0m3.00 [3mask_size[0m[2m=[0m9.00
[2m2026-04-12T20:36:27.220354Z[0m [34mDEBUG[0m [2mmercury::engine::market_actor[0m[2m:[0m Tick received — running arb detection [3mmarket_id[0m[2m=[0m2b958b37-9921-40b8-b22d-64a67138ae70 [3mplatform[0m[2m=[0mPolymarket [3mbid[0m[2m=[0m0.88 [3mask[0m[2m=[0m0.92 [3mmid[0m[2m=[0m0.90 [3mbid_size[0m[2m=[0m20.3 [3mask_size[0m[2m=[0m5
[2m2026-04-12T20:36:27.220442Z[0m [34mDEBUG[0m [2mmercury::engine::spread[0m[2m:[0m Evaluated spread direction 2 [3mmarket_id[0m[2m=[0m631deb8c-fbb4-489e-818e-ae698f57f50b [3mdirection[0m[2m=[0m"NO-A/YES-B" [3mraw_spread[0m[2m=[0m-0.0040 [3mbid_a[0m[2m=[0m0.9560 [3mask_b[0m[2m=[0m0.96
[2m2026-04-12T20:36:27.220621Z[0m [34mDEBUG[0m [2mmercury::engine::market_actor[0m[2m:[0m Tick received — running arb detection [3mmarket_id[0m[2m=[0m631deb8c-fbb4-489e-818e-ae698f57f50b [3mplatform[0m[2m=[0mPolymarket [3mbid[0m[2m=[0m0.94 [3mask[0m[2m=[0m0.96 [3mmid[0m[2m=[0m0.95 [3mbid_size[0m[2m=[0m156.3 [3mask_size[0m[2m=[0m117.8
[2m2026-04-12T20:36:27.220668Z[0m [34mDEBUG[0m [2mmercury::engine::spread[0m[2m:[0m Evaluated spread direction 2 [3mmarket_id[0m[2m=[0m2b958b37-9921-40b8-b22d-64a67138ae70 [3mdirection[0m[2m=[0m"NO-A/YES-B" [3mraw_spread[0m[2m=[0m-0.0600 [3mbid_a[0m[2m=[0m0.8600 [3mask_b[0m[2m=[0m0.92
[2m2026-04-12T20:36:27.220688Z[0m [34mDEBUG[0m [2mmercury::engine::market_actor[0m[2m:[0m Tick received — running arb detection [3mmarket_id[0m[2m=[0m9046452d-bcb3-4bb8-8925-8924b7439992 [3mplatform[0m[2m=[0mPolymarket [3mbid[0m[2m=[0m0.89 [3mask[0m[2m=[0m0.9 [3mmid[0m[2m=[0m0.8950 [3mbid_size[0m[2m=[0m220.31 [3mask_size[0m[2m=[0m276.23
[2m2026-04-12T20:36:27.220920Z[0m [34mDEBUG[0m [2mmercury::engine::spread[0m[2m:[0m Evaluated spread direction 2 [3mmarket_id[0m[2m=[0m631deb8c-fbb4-489e-818e-ae698f57f50b [3mdirection[0m[2m=[0m"NO-A/YES-B" [3mraw_spread[0m[2m=[0m-0.0040 [3mbid_a[0m[2m=[0m0.9560 [3mask_b[0m[2m=[0m0.96
[2m2026-04-12T20:36:27.220944Z[0m [34mDEBUG[0m [2mmercury::engine::spread[0m[2m:[0m Evaluated spread direction 2 [3mmarket_id[0m[2m=[0m9046452d-bcb3-4bb8-8925-8924b7439992 [3mdirection[0m[2m=[0m"NO-A/YES-B" [3mraw_spread[0m[2m=[0m-0.0600 [3mbid_a[0m[2m=[0m0.89 [3mask_b[0m[2m=[0m0.9500
[2m2026-04-12T20:36:27.221047Z[0m [34mDEBUG[0m [2mmercury::engine::market_actor[0m[2m:[0m Tick received — running arb detection [3mmarket_id[0m[2m=[0m631deb8c-fbb4-489e-818e-ae698f57f50b [3mplatform[0m[2m=[0mKalshi [3mbid[0m[2m=[0m0.9560 [3mask[0m[2m=[0m0.9600 [3mmid[0m[2m=[0m0.9580 [3mbid_size[0m[2m=[0m3.00 [3mask_size[0m[2m=[0m9.00
[2m2026-04-12T20:36:27.221180Z[0m [34mDEBUG[0m [2mmercury::engine::spread[0m[2m:[0m Evaluated spread direction 2 [3mmarket_id[0m[2m=[0m631deb8c-fbb4-489e-818e-ae698f57f50b [3mdirection[0m[2m=[0m"NO-A/YES-B" [3mraw_spread[0m[2m=[0m-0.0040 [3mbid_a[0m[2m=[0m0.9560 [3mask_b[0m[2m=[0m0.96
[2m2026-04-12T20:36:27.221297Z[0m [34mDEBUG[0m [2mmercury::engine::market_actor[0m[2m:[0m Tick received — running arb detection [3mmarket_id[0m[2m=[0m631deb8c-fbb4-489e-818e-ae698f57f50b [3mplatform[0m[2m=[0mKalshi [3mbid[0m[2m=[0m0.9560 [3mask[0m[2m=[0m0.9600 [3mmid[0m[2m=[0m0.9580 [3mbid_size[0m[2m=[0m3.00 [3mask_size[0m[2m=[0m9.00
[2m2026-04-12T20:36:27.221427Z[0m [34mDEBUG[0m [2mmercury::engine::spread[0m[2m:[0m Evaluated spread direction 2 [3mmarket_id[0m[2m=[0m631deb8c-fbb4-489e-818e-ae698f57f50b [3mdirection[0m[2m=[0m"NO-A/YES-B" [3mraw_spread[0m[2m=[0m-0.0040 [3mbid_a[0m[2m=[0m0.9560 [3mask_b[0m[2m=[0m0.96
[2m2026-04-12T20:36:27.221539Z[0m [34mDEBUG[0m [2mmercury::engine::market_actor[0m[2m:[0m Tick received — running arb detection [3mmarket_id[0m[2m=[0m631deb8c-fbb4-489e-818e-ae698f57f50b [3mplatform[0m[2m=[0mKalshi [3mbid[0m[2m=[0m0.9560 [3mask[0m[2m=[0m0.9600 [3mmid[0m[2m=[0m0.9580 [3mbid_size[0m[2m=[0m3.00 [3mask_size[0m[2m=[0m9.00
[2m2026-04-12T20:36:27.221667Z[0m [34mDEBUG[0m [2mmercury::engine::spread[0m[2m:[0m Evaluated spread direction 2 [3mmarket_id[0m[2m=[0m631deb8c-fbb4-489e-818e-ae698f57f50b [3mdirection[0m[2m=[0m"NO-A/YES-B" [3mraw_spread[0m[2m=[0m-0.0040 [3mbid_a[0m[2m=[0m0.9560 [3mask_b[0m[2m=[0m0.96
[2m2026-04-12T20:36:27.221784Z[0m [34mDEBUG[0m [2mmercury::engine::market_actor[0m[2m:[0m Tick received — running arb detection [3mmarket_id[0m[2m=[0m631deb8c-fbb4-489e-818e-ae698f57f50b [3mplatform[0m[2m=[0mKalshi [3mbid[0m[2m=[0m0.9560 [3mask[0m[2m=[0m0.9600 [3mmid[0m[2m=[0m0.9580 [3mbid_size[0m[2m=[0m3.00 [3mask_size[0m[2m=[0m9.00
[2m2026-04-12T20:36:27.221918Z[0m [34mDEBUG[0m [2mmercury::engine::spread[0m[2m:[0m Evaluated spread direction 2 [3mmarket_id[0m[2m=[0m631deb8c-fbb4-489e-818e-ae698f57f50b [3mdirection[0m[2m=[0m"NO-A/YES-B" [3mraw_spread[0m[2m=[0m-0.0040 [3mbid_a[0m[2m=[0m0.9560 [3mask_b[0m[2m=[0m0.96
[2m2026-04-12T20:36:27.222039Z[0m [34mDEBUG[0m [2mmercury::engine::market_actor[0m[2m:[0m Tick received — running arb detection [3mmarket_id[0m[2m=[0m631deb8c-fbb4-489e-818e-ae698f57f50b [3mplatform[0m[2m=[0mPolymarket [3mbid[0m[2m=[0m0.94 [3mask[0m[2m=[0m0.96 [3mmid[0m[2m=[0m0.95 [3mbid_size[0m[2m=[0m156.3 [3mask_size[0m[2m=[0m117.8
[2m2026-04-12T20:36:27.222165Z[0m [34mDEBUG[0m [2mmercury::engine::spread[0m[2m:[0m Evaluated spread direction 2 [3mmarket_id[0m[2m=[0m631deb8c-fbb4-489e-818e-ae698f57f50b [3mdirection[0m[2m=[0m"NO-A/YES-B" [3mraw_spread[0m[2m=[0m-0.0040 [3mbid_a[0m[2m=[0m0.9560 [3mask_b[0m[2m=[0m0.96
[2m2026-04-12T20:36:27.222284Z[0m [34mDEBUG[0m [2mmercury::engine::market_actor[0m[2m:[0m Tick received — running arb detection [3mmarket_id[0m[2m=[0m631deb8c-fbb4-489e-818e-ae698f57f50b [3mplatform[0m[2m=[0mPolymarket [3mbid[0m[2m=[0m0.94 [3mask[0m[2m=[0m0.96 [3mmid[0m[2m=[0m0.95 [3mbid_size[0m[2m=[0m156.3 [3mask_size[0m[2m=[0m117.8
[2m2026-04-12T20:36:27.222410Z[0m [34mDEBUG[0m [2mmercury::engine::spread[0m[2m:[0m Evaluated spread direction 2 [3mmarket_id[0m[2m=[0m631deb8c-fbb4-489e-818e-ae698f57f50b [3mdirection[0m[2m=[0m"NO-A/YES-B" [3mraw_spread[0m[2m=[0m-0.0040 [3mbid_a[0m[2m=[0m0.9560 [3mask_b[0m[2m=[0m0.96
[2m2026-04-12T20:36:27.222526Z[0m [34mDEBUG[0m [2mmercury::engine::market_actor[0m[2m:[0m Tick received — running arb detection [3mmarket_id[0m[2m=[0m631deb8c-fbb4-489e-818e-ae698f57f50b [3mplatform[0m[2m=[0mPolymarket [3mbid[0m[2m=[0m0.94 [3mask[0m[2m=[0m0.96 [3mmid[0m[2m=[0m0.95 [3mbid_size[0m[2m=[0m156.3 [3mask_size[0m[2m=[0m117.8
[2m2026-04-12T20:36:27.222653Z[0m [34mDEBUG[0m [2mmercury::engine::spread[0m[2m:[0m Evaluated spread direction 2 [3mmarket_id[0m[2m=[0m631deb8c-fbb4-489e-818e-ae698f57f50b [3mdirection[0m[2m=[0m"NO-A/YES-B" [3mraw_spread[0m[2m=[0m-0.0040 [3mbid_a[0m[2m=[0m0.9560 [3mask_b[0m[2m=[0m0.96
[2m2026-04-12T20:36:27.225564Z[0m [34mDEBUG[0m [2mmercury::engine::market_actor[0m[2m:[0m Tick received — running arb detection [3mmarket_id[0m[2m=[0m631deb8c-fbb4-489e-818e-ae698f57f50b [3mplatform[0m[2m=[0mKalshi [3mbid[0m[2m=[0m0.9560 [3mask[0m[2m=[0m0.9600 [3mmid[0m[2m=[0m0.9580 [3mbid_size[0m[2m=[0m3.00 [3mask_size[0m[2m=[0m9.00
[2m2026-04-12T20:36:27.225834Z[0m [34mDEBUG[0m [2mmercury::engine::spread[0m[2m:[0m Evaluated spread direction 2 [3mmarket_id[0m[2m=[0m631deb8c-fbb4-489e-818e-ae698f57f50b [3mdirection[0m[2m=[0m"NO-A/YES-B" [3mraw_spread[0m[2m=[0m-0.0040 [3mbid_a[0m[2m=[0m0.9560 [3mask_b[0m[2m=[0m0.96
[2m2026-04-12T20:36:27.226011Z[0m [34mDEBUG[0m [2mmercury::engine::market_actor[0m[2m:[0m Tick received — running arb detection [3mmarket_id[0m[2m=[0m631deb8c-fbb4-489e-818e-ae698f57f50b [3mplatform[0m[2m=[0mKalshi [3mbid[0m[2m=[0m0.9560 [3mask[0m[2m=[0m0.9600 [3mmid[0m[2m=[0m0.9580 [3mbid_size[0m[2m=[0m3.00 [3mask_size[0m[2m=[0m9.00
[2m2026-04-12T20:36:27.226021Z[0m [34mDEBUG[0m [2mmercury::engine::market_actor[0m[2m:[0m Tick received — running arb detection [3mmarket_id[0m[2m=[0m9046452d-bcb3-4bb8-8925-8924b7439992 [3mplatform[0m[2m=[0mPolymarket [3mbid[0m[2m=[0m0.89 [3mask[0m[2m=[0m0.9 [3mmid[0m[2m=[0m0.8950 [3mbid_size[0m[2m=[0m229.22 [3mask_size[0m[2m=[0m276.23
[2m2026-04-12T20:36:27.226198Z[0m [34mDEBUG[0m [2mmercury::engine::spread[0m[2m:[0m Evaluated spread direction 2 [3mmarket_id[0m[2m=[0m631deb8c-fbb4-489e-818e-ae698f57f50b [3mdirection[0m[2m=[0m"NO-A/YES-B" [3mraw_spread[0m[2m=[0m-0.0040 [3mbid_a[0m[2m=[0m0.9560 [3mask_b[0m[2m=[0m0.96
[2m2026-04-12T20:36:27.226445Z[0m [34mDEBUG[0m [2mmercury::engine::spread[0m[2m:[0m Evaluated spread direction 2 [3mmarket_id[0m[2m=[0m9046452d-bcb3-4bb8-8925-8924b7439992 [3mdirection[0m[2m=[0m"NO-A/YES-B" [3mraw_spread[0m[2m=[0m-0.0600 [3mbid_a[0m[2m=[0m0.89 [3mask_b[0m[2m=[0m0.9500
[2m2026-04-12T20:36:27.270619Z[0m [34mDEBUG[0m [2mmercury::engine::market_actor[0m[2m:[0m Tick received — running arb detection [3mmarket_id[0m[2m=[0m631deb8c-fbb4-489e-818e-ae698f57f50b [3mplatform[0m[2m=[0mKalshi [3mbid[0m[2m=[0m0.9560 [3mask[0m[2m=[0m0.9600 [3mmid[0m[2m=[0m0.9580 [3mbid_size[0m[2m=[0m3.00 [3mask_size[0m[2m=[0m9.00
[2m2026-04-12T20:36:27.270684Z[0m [34mDEBUG[0m [2mmercury::engine::market_actor[0m[2m:[0m Tick received — running arb detection [3mmarket_id[0m[2m=[0m2b958b37-9921-40b8-b22d-64a67138ae70 [3mplatform[0m[2m=[0mPolymarket [3mbid[0m[2m=[0m0.88 [3mask[0m[2m=[0m0.92 [3mmid[0m[2m=[0m0.90 [3mbid_size[0m[2m=[0m20.3 [3mask_size[0m[2m=[0m5
[2m2026-04-12T20:36:27.270892Z[0m [34mDEBUG[0m [2mmercury::engine::spread[0m[2m:[0m Evaluated spread direction 2 [3mmarket_id[0m[2m=[0m631deb8c-fbb4-489e-818e-ae698f57f50b [3mdirection[0m[2m=[0m"NO-A/YES-B" [3mraw_spread[0m[2m=[0m-0.0040 [3mbid_a[0m[2m=[0m0.9560 [3mask_b[0m[2m=[0m0.96
[2m2026-04-12T20:36:27.271062Z[0m [34mDEBUG[0m [2mmercury::engine::market_actor[0m[2m:[0m Tick received — running arb detection [3mmarket_id[0m[2m=[0m631deb8c-fbb4-489e-818e-ae698f57f50b [3mplatform[0m[2m=[0mKalshi [3mbid[0m[2m=[0m0.9560 [3mask[0m[2m=[0m0.9600 [3mmid[0m[2m=[0m0.9580 [3mbid_size[0m[2m=[0m3.00 [3mask_size[0m[2m=[0m9.00
[2m2026-04-12T20:36:27.271118Z[0m [34mDEBUG[0m [2mmercury::engine::spread[0m[2m:[0m Evaluated spread direction 2 [3mmarket_id[0m[2m=[0m2b958b37-9921-40b8-b22d-64a67138ae70 [3mdirection[0m[2m=[0m"NO-A/YES-B" [3mraw_spread[0m[2m=[0m-0.0600 [3mbid_a[0m[2m=[0m0.8600 [3mask_b[0m[2m=[0m0.92
[2m2026-04-12T20:36:27.271345Z[0m [34mDEBUG[0m [2mmercury::engine::spread[0m[2m:[0m Evaluated spread direction 2 [3mmarket_id[0m[2m=[0m631deb8c-fbb4-489e-818e-ae698f57f50b [3mdirection[0m[2m=[0m"NO-A/YES-B" [3mraw_spread[0m[2m=[0m-0.0040 [3mbid_a[0m[2m=[0m0.9560 [3mask_b[0m[2m=[0m0.96
[2m2026-04-12T20:36:27.271465Z[0m [34mDEBUG[0m [2mmercury::engine::market_actor[0m[2m:[0m Tick received — running arb detection [3mmarket_id[0m[2m=[0m631deb8c-fbb4-489e-818e-ae698f57f50b [3mplatform[0m[2m=[0mKalshi [3mbid[0m[2m=[0m0.9560 [3mask[0m[2m=[0m0.9600 [3mmid[0m[2m=[0m0.9580 [3mbid_size[0m[2m=[0m3.00 [3mask_size[0m[2m=[0m9.00
[2m2026-04-12T20:36:27.271595Z[0m [34mDEBUG[0m [2mmercury::engine::spread[0m[2m:[0m Evaluated spread direction 2 [3mmarket_id[0m[2m=[0m631deb8c-fbb4-489e-818e-ae698f57f50b [3mdirection[0m[2m=[0m"NO-A/YES-B" [3mraw_spread[0m[2m=[0m-0.0040 [3mbid_a[0m[2m=[0m0.9560 [3mask_b[0m[2m=[0m0.96
[2m2026-04-12T20:36:27.271722Z[0m [33m WARN[0m [2mmercury::feeds::kalshi[0m[2m:[0m Kalshi sequence gap for KXETH15M-26APR121645-45: expected 21, got 96. Book may be out of sync.
[2m2026-04-12T20:36:27.271710Z[0m [34mDEBUG[0m [2mmercury::engine::market_actor[0m[2m:[0m Tick received — running arb detection [3mmarket_id[0m[2m=[0m631deb8c-fbb4-489e-818e-ae698f57f50b [3mplatform[0m[2m=[0mPolymarket [3mbid[0m[2m=[0m0.94 [3mask[0m[2m=[0m0.96 [3mmid[0m[2m=[0m0.95 [3mbid_size[0m[2m=[0m156.3 [3mask_size[0m[2m=[0m117.8
[2m2026-04-12T20:36:27.271799Z[0m [34mDEBUG[0m [2mmercury::engine::market_actor[0m[2m:[0m Tick received — running arb detection [3mmarket_id[0m[2m=[0m9046452d-bcb3-4bb8-8925-8924b7439992 [3mplatform[0m[2m=[0mPolymarket [3mbid[0m[2m=[0m0.89 [3mask[0m[2m=[0m0.9 [3mmid[0m[2m=[0m0.8950 [3mbid_size[0m[2m=[0m229.22 [3mask_size[0m[2m=[0m276.23
[2m2026-04-12T20:36:27.271864Z[0m [34mDEBUG[0m [2mmercury::engine::spread[0m[2m:[0m Evaluated spread direction 2 [3mmarket_id[0m[2m=[0m631deb8c-fbb4-489e-818e-ae698f57f50b [3mdirection[0m[2m=[0m"NO-A/YES-B" [3mraw_spread[0m[2m=[0m-0.0040 [3mbid_a[0m[2m=[0m0.9560 [3mask_b[0m[2m=[0m0.96
[2m2026-04-12T20:36:27.271983Z[0m [34mDEBUG[0m [2mmercury::engine::market_actor[0m[2m:[0m Tick received — running arb detection [3mmarket_id[0m[2m=[0m631deb8c-fbb4-489e-818e-ae698f57f50b [3mplatform[0m[2m=[0mPolymarket [3mbid[0m[2m=[0m0.94 [3mask[0m[2m=[0m0.96 [3mmid[0m[2m=[0m0.95 [3mbid_size[0m[2m=[0m156.3 [3mask_size[0m[2m=[0m117.8
[2m2026-04-12T20:36:27.272040Z[0m [34mDEBUG[0m [2mmercury::engine::spread[0m[2m:[0m Evaluated spread direction 2 [3mmarket_id[0m[2m=[0m9046452d-bcb3-4bb8-8925-8924b7439992 [3mdirection[0m[2m=[0m"NO-A/YES-B" [3mraw_spread[0m[2m=[0m-0.0600 [3mbid_a[0m[2m=[0m0.89 [3mask_b[0m[2m=[0m0.9500
[2m2026-04-12T20:36:27.272185Z[0m [34mDEBUG[0m [2mmercury::engine::market_actor[0m[2m:[0m Tick received — running arb detection [3mmarket_id[0m[2m=[0m9046452d-bcb3-4bb8-8925-8924b7439992 [3mplatform[0m[2m=[0mPolymarket [3mbid[0m[2m=[0m0.89 [3mask[0m[2m=[0m0.9 [3mmid[0m[2m=[0m0.8950 [3mbid_size[0m[2m=[0m211.4 [3mask_size[0m[2m=[0m276.23
[2m2026-04-12T20:36:27.272222Z[0m [34mDEBUG[0m [2mmercury::engine::spread[0m[2m:[0m Evaluated spread direction 2 [3mmarket_id[0m[2m=[0m631deb8c-fbb4-489e-818e-ae698f57f50b [3mdirection[0m[2m=[0m"NO-A/YES-B" [3mraw_spread[0m[2m=[0m-0.0040 [3mbid_a[0m[2m=[0m0.9560 [3mask_b[0m[2m=[0m0.96
[2m2026-04-12T20:36:27.272367Z[0m [34mDEBUG[0m [2mmercury::engine::market_actor[0m[2m:[0m Tick received — running arb detection [3mmarket_id[0m[2m=[0m631deb8c-fbb4-489e-818e-ae698f57f50b [3mplatform[0m[2m=[0mKalshi [3mbid[0m[2m=[0m0.9560 [3mask[0m[2m=[0m0.9600 [3mmid[0m[2m=[0m0.9580 [3mbid_size[0m[2m=[0m3.00 [3mask_size[0m[2m=[0m9.00
[2m2026-04-12T20:36:27.272420Z[0m [34mDEBUG[0m [2mmercury::engine::spread[0m[2m:[0m Evaluated spread direction 2 [3mmarket_id[0m[2m=[0m9046452d-bcb3-4bb8-8925-8924b7439992 [3mdirection[0m[2m=[0m"NO-A/YES-B" [3mraw_spread[0m[2m=[0m-0.0600 [3mbid_a[0m[2m=[0m0.89 [3mask_b[0m[2m=[0m0.9500
[2m2026-04-12T20:36:27.272554Z[0m [34mDEBUG[0m [2mmercury::engine::market_actor[0m[2m:[0m Tick received — running arb detection [3mmarket_id[0m[2m=[0m9046452d-bcb3-4bb8-8925-8924b7439992 [3mplatform[0m[2m=[0mKalshi [3mbid[0m[2m=[0m0.9330 [3mask[0m[2m=[0m0.9500 [3mmid[0m[2m=[0m0.9415 [3mbid_size[0m[2m=[0m13.06 [3mask_size[0m[2m=[0m70.14
[2m2026-04-12T20:36:27.272575Z[0m [34mDEBUG[0m [2mmercury::engine::spread[0m[2m:[0m Evaluated spread direction 2 [3mmarket_id[0m[2m=[0m631deb8c-fbb4-489e-818e-ae698f57f50b [3mdirection[0m[2m=[0m"NO-A/YES-B" [3mraw_spread[0m[2m=[0m-0.0040 [3mbid_a[0m[2m=[0m0.9560 [3mask_b[0m[2m=[0m0.96
[2m2026-04-12T20:36:27.272695Z[0m [34mDEBUG[0m [2mmercury::engine::market_actor[0m[2m:[0m Tick received — running arb detection [3mmarket_id[0m[2m=[0m631deb8c-fbb4-489e-818e-ae698f57f50b [3mplatform[0m[2m=[0mKalshi [3mbid[0m[2m=[0m0.9560 [3mask[0m[2m=[0m0.9600 [3mmid[0m[2m=[0m0.9580 [3mbid_size[0m[2m=[0m3.00 [3mask_size[0m[2m=[0m9.00
[2m2026-04-12T20:36:27.272721Z[0m [34mDEBUG[0m [2mmercury::engine::spread[0m[2m:[0m Evaluated spread direction 2 [3mmarket_id[0m[2m=[0m9046452d-bcb3-4bb8-8925-8924b7439992 [3mdirection[0m[2m=[0m"NO-A/YES-B" [3mraw_spread[0m[2m=[0m-0.0600 [3mbid_a[0m[2m=[0m0.89 [3mask_b[0m[2m=[0m0.9500
[2m2026-04-12T20:36:27.272841Z[0m [34mDEBUG[0m [2mmercury::engine::market_actor[0m[2m:[0m Tick received — running arb detection [3mmarket_id[0m[2m=[0m9046452d-bcb3-4bb8-8925-8924b7439992 [3mplatform[0m[2m=[0mKalshi [3mbid[0m[2m=[0m0.9340 [3mask[0m[2m=[0m0.9500 [3mmid[0m[2m=[0m0.9420 [3mbid_size[0m[2m=[0m18.60 [3mask_size[0m[2m=[0m70.14
[2m2026-04-12T20:36:27.272851Z[0m [34mDEBUG[0m [2mmercury::engine::spread[0m[2m:[0m Evaluated spread direction 2 [3mmarket_id[0m[2m=[0m631deb8c-fbb4-489e-818e-ae698f57f50b [3mdirection[0m[2m=[0m"NO-A/YES-B" [3mraw_spread[0m[2m=[0m-0.0040 [3mbid_a[0m[2m=[0m0.9560 [3mask_b[0m[2m=[0m0.96
[2m2026-04-12T20:36:27.273136Z[0m [34mDEBUG[0m [2mmercury::engine::spread[0m[2m:[0m Evaluated spread direction 2 [3mmarket_id[0m[2m=[0m9046452d-bcb3-4bb8-8925-8924b7439992 [3mdirection[0m[2m=[0m"NO-A/YES-B" [3mraw_spread[0m[2m=[0m-0.0600 [3mbid_a[0m[2m=[0m0.89 [3mask_b[0m[2m=[0m0.9500
[2m2026-04-12T20:36:27.283057Z[0m [34mDEBUG[0m [2mmercury::engine::market_actor[0m[2m:[0m Tick received — running arb detection [3mmarket_id[0m[2m=[0m631deb8c-fbb4-489e-818e-ae698f57f50b [3mplatform[0m[2m=[0mPolymarket [3mbid[0m[2m=[0m0.94 [3mask[0m[2m=[0m0.96 [3mmid[0m[2m=[0m0.95 [3mbid_size[0m[2m=[0m156.3 [3mask_size[0m[2m=[0m117.8
[2m2026-04-12T20:36:27.283373Z[0m [34mDEBUG[0m [2mmercury::engine::spread[0m[2m:[0m Evaluated spread direction 2 [3mmarket_id[0m[2m=[0m631deb8c-fbb4-489e-818e-ae698f57f50b [3mdirection[0m[2m=[0m"NO-A/YES-B" [3mraw_spread[0m[2m=[0m-0.0040 [3mbid_a[0m[2m=[0m0.9560 [3mask_b[0m[2m=[0m0.96
[2m2026-04-12T20:36:27.283679Z[0m [33m WARN[0m [2mmercury::feeds::kalshi[0m[2m:[0m Kalshi sequence gap for KXBTC15M-26APR121645-45: expected 96, got 98. Book may be out of sync.
[2m2026-04-12T20:36:27.283992Z[0m [34mDEBUG[0m [2mmercury::engine::market_actor[0m[2m:[0m Tick received — running arb detection [3mmarket_id[0m[2m=[0m631deb8c-fbb4-489e-818e-ae698f57f50b [3mplatform[0m[2m=[0mKalshi [3mbid[0m[2m=[0m0.9560 [3mask[0m[2m=[0m0.9600 [3mmid[0m[2m=[0m0.9580 [3mbid_size[0m[2m=[0m3.00 [3mask_size[0m[2m=[0m9.00
[2m2026-04-12T20:36:27.284208Z[0m [34mDEBUG[0m [2mmercury::engine::spread[0m[2m:[0m Evaluated spread direction 2 [3mmarket_id[0m[2m=[0m631deb8c-fbb4-489e-818e-ae698f57f50b [3mdirection[0m[2m=[0m"NO-A/YES-B" [3mraw_spread[0m[2m=[0m-0.0040 [3mbid_a[0m[2m=[0m0.9560 [3mask_b[0m[2m=[0m0.96
[2m2026-04-12T20:36:27.284378Z[0m [34mDEBUG[0m [2mmercury::engine::market_actor[0m[2m:[0m Tick received — running arb detection [3mmarket_id[0m[2m=[0m631deb8c-fbb4-489e-818e-ae698f57f50b [3mplatform[0m[2m=[0mKalshi [3mbid[0m[2m=[0m0.9560 [3mask[0m[2m=[0m0.9600 [3mmid[0m[2m=[0m0.9580 [3mbid_size[0m[2m=[0m3.00 [3mask_size[0m[2m=[0m9.00
[2m2026-04-12T20:36:27.284552Z[0m [34mDEBUG[0m [2mmercury::engine::spread[0m[2m:[0m Evaluated spread direction 2 [3mmarket_id[0m[2m=[0m631deb8c-fbb4-489e-818e-ae698f57f50b [3mdirection[0m[2m=[0m"NO-A/YES-B" [3mraw_spread[0m[2m=[0m-0.0040 [3mbid_a[0m[2m=[0m0.9560 [3mask_b[0m[2m=[0m0.96
[2m2026-04-12T20:36:27.321925Z[0m [34mDEBUG[0m [2mmercury::engine::market_actor[0m[2m:[0m Tick received — running arb detection [3mmarket_id[0m[2m=[0m631deb8c-fbb4-489e-818e-ae698f57f50b [3mplatform[0m[2m=[0mKalshi [3mbid[0m[2m=[0m0.9560 [3mask[0m[2m=[0m0.9600 [3mmid[0m[2m=[0m0.9580 [3mbid_size[0m[2m=[0m3.00 [3mask_size[0m[2m=[0m9.00
[2m2026-04-12T20:36:27.322052Z[0m [34mDEBUG[0m [2mmercury::engine::market_actor[0m[2m:[0m Tick received — running arb detection [3mmarket_id[0m[2m=[0m9046452d-bcb3-4bb8-8925-8924b7439992 [3mplatform[0m[2m=[0mPolymarket [3mbid[0m[2m=[0m0.89 [3mask[0m[2m=[0m0.9 [3mmid[0m[2m=[0m0.8950 [3mbid_size[0m[2m=[0m211.4 [3mask_size[0m[2m=[0m276.23
[2m2026-04-12T20:36:27.322192Z[0m [34mDEBUG[0m [2mmercury::engine::spread[0m[2m:[0m Evaluated spread direction 2 [3mmarket_id[0m[2m=[0m631deb8c-fbb4-489e-818e-ae698f57f50b [3mdirection[0m[2m=[0m"NO-A/YES-B" [3mraw_spread[0m[2m=[0m-0.0040 [3mbid_a[0m[2m=[0m0.9560 [3mask_b[0m[2m=[0m0.96
[2m2026-04-12T20:36:27.322375Z[0m [34mDEBUG[0m [2mmercury::engine::market_actor[0m[2m:[0m Tick received — running arb detection [3mmarket_id[0m[2m=[0m631deb8c-fbb4-489e-818e-ae698f57f50b [3mplatform[0m[2m=[0mPolymarket [3mbid[0m[2m=[0m0.94 [3mask[0m[2m=[0m0.96 [3mmid[0m[2m=[0m0.95 [3mbid_size[0m[2m=[0m156.3 [3mask_size[0m[2m=[0m117.8
[2m2026-04-12T20:36:27.322453Z[0m [34mDEBUG[0m [2mmercury::engine::spread[0m[2m:[0m Evaluated spread direction 2 [3mmarket_id[0m[2m=[0m9046452d-bcb3-4bb8-8925-8924b7439992 [3mdirection[0m[2m=[0m"NO-A/YES-B" [3mraw_spread[0m[2m=[0m-0.0600 [3mbid_a[0m[2m=[0m0.89 [3mask_b[0m[2m=[0m0.9500
[2m2026-04-12T20:36:27.322636Z[0m [34mDEBUG[0m [2mmercury::engine::market_actor[0m[2m:[0m Tick received — running arb detection [3mmarket_id[0m[2m=[0m9046452d-bcb3-4bb8-8925-8924b7439992 [3mplatform[0m[2m=[0mPolymarket [3mbid[0m[2m=[0m0.89 [3mask[0m[2m=[0m0.9 [3mmid[0m[2m=[0m0.8950 [3mbid_size[0m[2m=[0m220.31 [3mask_size[0m[2m=[0m276.23
[2m2026-04-12T20:36:27.322684Z[0m [34mDEBUG[0m [2mmercury::engine::spread[0m[2m:[0m Evaluated spread direction 2 [3mmarket_id[0m[2m=[0m631deb8c-fbb4-489e-818e-ae698f57f50b [3mdirection[0m[2m=[0m"NO-A/YES-B" [3mraw_spread[0m[2m=[0m-0.0040 [3mbid_a[0m[2m=[0m0.9560 [3mask_b[0m[2m=[0m0.96
[2m2026-04-12T20:36:27.322874Z[0m [34mDEBUG[0m [2mmercury::engine::market_actor[0m[2m:[0m Tick received — running arb detection [3mmarket_id[0m[2m=[0m631deb8c-fbb4-489e-818e-ae698f57f50b [3mplatform[0m[2m=[0mKalshi [3mbid[0m[2m=[0m0.9560 [3mask[0m[2m=[0m0.9600 [3mmid[0m[2m=[0m0.9580 [3mbid_size[0m[2m=[0m3.00 [3mask_size[0m[2m=[0m9.00
[2m2026-04-12T20:36:27.322926Z[0m [34mDEBUG[0m [2mmercury::engine::spread[0m[2m:[0m Evaluated spread direction 2 [3mmarket_id[0m[2m=[0m9046452d-bcb3-4bb8-8925-8924b7439992 [3mdirection[0m[2m=[0m"NO-A/YES-B" [3mraw_spread[0m[2m=[0m-0.0600 [3mbid_a[0m[2m=[0m0.89 [3mask_b[0m[2m=[0m0.9500
[2m2026-04-12T20:36:27.323141Z[0m [34mDEBUG[0m [2mmercury::engine::spread[0m[2m:[0m Evaluated spread direction 2 [3mmarket_id[0m[2m=[0m631deb8c-fbb4-489e-818e-ae698f57f50b [3mdirection[0m[2m=[0m"NO-A/YES-B" [3mraw_spread[0m[2m=[0m-0.0040 [3mbid_a[0m[2m=[0m0.9560 [3mask_b[0m[2m=[0m0.96
[2m2026-04-12T20:36:27.323264Z[0m [34mDEBUG[0m [2mmercury::engine::market_actor[0m[2m:[0m Tick received — running arb detection [3mmarket_id[0m[2m=[0m631deb8c-fbb4-489e-818e-ae698f57f50b [3mplatform[0m[2m=[0mPolymarket [3mbid[0m[2m=[0m0.94 [3mask[0m[2m=[0m0.96 [3mmid[0m[2m=[0m0.95 [3mbid_size[0m[2m=[0m156.3 [3mask_size[0m[2m=[0m117.8
[2m2026-04-12T20:36:27.323392Z[0m [34mDEBUG[0m [2mmercury::engine::spread[0m[2m:[0m Evaluated spread direction 2 [3mmarket_id[0m[2m=[0m631deb8c-fbb4-489e-818e-ae698f57f50b [3mdirection[0m[2m=[0m"NO-A/YES-B" [3mraw_spread[0m[2m=[0m-0.0040 [3mbid_a[0m[2m=[0m0.9560 [3mask_b[0m[2m=[0m0.96
[2m2026-04-12T20:36:27.380619Z[0m [33m WARN[0m [2mmercury::feeds::kalshi[0m[2m:[0m Kalshi sequence gap for KXETH15M-26APR121645-45: expected 98, got 104. Book may be out of sync.
[2m2026-04-12T20:36:27.380671Z[0m [34mDEBUG[0m [2mmercury::engine::market_actor[0m[2m:[0m Tick received — running arb detection [3mmarket_id[0m[2m=[0m631deb8c-fbb4-489e-818e-ae698f57f50b [3mplatform[0m[2m=[0mKalshi [3mbid[0m[2m=[0m0.9560 [3mask[0m[2m=[0m0.9600 [3mmid[0m[2m=[0m0.9580 [3mbid_size[0m[2m=[0m3.00 [3mask_size[0m[2m=[0m9.00
[2m2026-04-12T20:36:27.380740Z[0m [34mDEBUG[0m [2mmercury::engine::market_actor[0m[2m:[0m Tick received — running arb detection [3mmarket_id[0m[2m=[0m9046452d-bcb3-4bb8-8925-8924b7439992 [3mplatform[0m[2m=[0mPolymarket [3mbid[0m[2m=[0m0.89 [3mask[0m[2m=[0m0.9 [3mmid[0m[2m=[0m0.8950 [3mbid_size[0m[2m=[0m220.31 [3mask_size[0m[2m=[0m276.23
[2m2026-04-12T20:36:27.380888Z[0m [34mDEBUG[0m [2mmercury::engine::spread[0m[2m:[0m Evaluated spread direction 2 [3mmarket_id[0m[2m=[0m631deb8c-fbb4-489e-818e-ae698f57f50b [3mdirection[0m[2m=[0m"NO-A/YES-B" [3mraw_spread[0m[2m=[0m-0.0040 [3mbid_a[0m[2m=[0m0.9560 [3mask_b[0m[2m=[0m0.96
[2m2026-04-12T20:36:27.381069Z[0m [34mDEBUG[0m [2mmercury::engine::market_actor[0m[2m:[0m Tick received — running arb detection [3mmarket_id[0m[2m=[0m631deb8c-fbb4-489e-818e-ae698f57f50b [3mplatform[0m[2m=[0mPolymarket [3mbid[0m[2m=[0m0.94 [3mask[0m[2m=[0m0.96 [3mmid[0m[2m=[0m0.95 [3mbid_size[0m[2m=[0m156.3 [3mask_size[0m[2m=[0m117.8
[2m2026-04-12T20:36:27.381167Z[0m [34mDEBUG[0m [2mmercury::engine::spread[0m[2m:[0m Evaluated spread direction 2 [3mmarket_id[0m[2m=[0m9046452d-bcb3-4bb8-8925-8924b7439992 [3mdirection[0m[2m=[0m"NO-A/YES-B" [3mraw_spread[0m[2m=[0m-0.0600 [3mbid_a[0m[2m=[0m0.89 [3mask_b[0m[2m=[0m0.9500
[2m2026-04-12T20:36:27.381370Z[0m [34mDEBUG[0m [2mmercury::engine::market_actor[0m[2m:[0m Tick received — running arb detection [3mmarket_id[0m[2m=[0m9046452d-bcb3-4bb8-8925-8924b7439992 [3mplatform[0m[2m=[0mPolymarket [3mbid[0m[2m=[0m0.89 [3mask[0m[2m=[0m0.9 [3mmid[0m[2m=[0m0.8950 [3mbid_size[0m[2m=[0m229.23 [3mask_size[0m[2m=[0m276.23
[2m2026-04-12T20:36:27.381411Z[0m [34mDEBUG[0m [2mmercury::engine::spread[0m[2m:[0m Evaluated spread direction 2 [3mmarket_id[0m[2m=[0m631deb8c-fbb4-489e-818e-ae698f57f50b [3mdirection[0m[2m=[0m"NO-A/YES-B" [3mraw_spread[0m[2m=[0m-0.0040 [3mbid_a[0m[2m=[0m0.9560 [3mask_b[0m[2m=[0m0.96
[2m2026-04-12T20:36:27.381600Z[0m [34mDEBUG[0m [2mmercury::engine::market_actor[0m[2m:[0m Tick received — running arb detection [3mmarket_id[0m[2m=[0m631deb8c-fbb4-489e-818e-ae698f57f50b [3mplatform[0m[2m=[0mKalshi [3mbid[0m[2m=[0m0.9560 [3mask[0m[2m=[0m0.9600 [3mmid[0m[2m=[0m0.9580 [3mbid_size[0m[2m=[0m3.00 [3mask_size[0m[2m=[0m9.00
[2m2026-04-12T20:36:27.381661Z[0m [34mDEBUG[0m [2mmercury::engine::spread[0m[2m:[0m Evaluated spread direction 2 [3mmarket_id[0m[2m=[0m9046452d-bcb3-4bb8-8925-8924b7439992 [3mdirection[0m[2m=[0m"NO-A/YES-B" [3mraw_spread[0m[2m=[0m-0.0600 [3mbid_a[0m[2m=[0m0.89 [3mask_b[0m[2m=[0m0.9500
[2m2026-04-12T20:36:27.381846Z[0m [34mDEBUG[0m [2mmercury::engine::market_actor[0m[2m:[0m Tick received — running arb detection [3mmarket_id[0m[2m=[0m9046452d-bcb3-4bb8-8925-8924b7439992 [3mplatform[0m[2m=[0mKalshi [3mbid[0m[2m=[0m0.9330 [3mask[0m[2m=[0m0.9500 [3mmid[0m[2m=[0m0.9415 [3mbid_size[0m[2m=[0m13.06 [3mask_size[0m[2m=[0m70.14
[2m2026-04-12T20:36:27.381890Z[0m [34mDEBUG[0m [2mmercury::engine::spread[0m[2m:[0m Evaluated spread direction 2 [3mmarket_id[0m[2m=[0m631deb8c-fbb4-489e-818e-ae698f57f50b [3mdirection[0m[2m=[0m"NO-A/YES-B" [3mraw_spread[0m[2m=[0m-0.0040 [3mbid_a[0m[2m=[0m0.9560 [3mask_b[0m[2m=[0m0.96
[2m2026-04-12T20:36:27.382126Z[0m [34mDEBUG[0m [2mmercury::engine::spread[0m[2m:[0m Evaluated spread direction 2 [3mmarket_id[0m[2m=[0m9046452d-bcb3-4bb8-8925-8924b7439992 [3mdirection[0m[2m=[0m"NO-A/YES-B" [3mraw_spread[0m[2m=[0m-0.0600 [3mbid_a[0m[2m=[0m0.89 [3mask_b[0m[2m=[0m0.9500
[2m2026-04-12T20:36:27.382318Z[0m [34mDEBUG[0m [2mmercury::engine::market_actor[0m[2m:[0m Tick received — running arb detection [3mmarket_id[0m[2m=[0m9046452d-bcb3-4bb8-8925-8924b7439992 [3mplatform[0m[2m=[0mKalshi [3mbid[0m[2m=[0m0.9350 [3mask[0m[2m=[0m0.9500 [3mmid[0m[2m=[0m0.9425 [3mbid_size[0m[2m=[0m18.60 [3mask_size[0m[2m=[0m70.14
[2m2026-04-12T20:36:27.382529Z[0m [34mDEBUG[0m [2mmercury::engine::spread[0m[2m:[0m Evaluated spread direction 2 [3mmarket_id[0m[2m=[0m9046452d-bcb3-4bb8-8925-8924b7439992 [3mdirection[0m[2m=[0m"NO-A/YES-B" [3mraw_spread[0m[2m=[0m-0.0600 [3mbid_a[0m[2m=[0m0.89 [3mask_b[0m[2m=[0m0.9500
[2m2026-04-12T20:36:27.382692Z[0m [34mDEBUG[0m [2mmercury::engine::market_actor[0m[2m:[0m Tick received — running arb detection [3mmarket_id[0m[2m=[0m9046452d-bcb3-4bb8-8925-8924b7439992 [3mplatform[0m[2m=[0mKalshi [3mbid[0m[2m=[0m0.9350 [3mask[0m[2m=[0m0.9500 [3mmid[0m[2m=[0m0.9425 [3mbid_size[0m[2m=[0m18.60 [3mask_size[0m[2m=[0m70.14
[2m2026-04-12T20:36:27.382777Z[0m [34mDEBUG[0m [2mmercury::engine::market_actor[0m[2m:[0m Tick received — running arb detection [3mmarket_id[0m[2m=[0m631deb8c-fbb4-489e-818e-ae698f57f50b [3mplatform[0m[2m=[0mPolymarket [3mbid[0m[2m=[0m0.94 [3mask[0m[2m=[0m0.96 [3mmid[0m[2m=[0m0.95 [3mbid_size[0m[2m=[0m156.3 [3mask_size[0m[2m=[0m117.8
[2m2026-04-12T20:36:27.382901Z[0m [34mDEBUG[0m [2mmercury::engine::spread[0m[2m:[0m Evaluated spread direction 2 [3mmarket_id[0m[2m=[0m9046452d-bcb3-4bb8-8925-8924b7439992 [3mdirection[0m[2m=[0m"NO-A/YES-B" [3mraw_spread[0m[2m=[0m-0.0600 [3mbid_a[0m[2m=[0m0.89 [3mask_b[0m[2m=[0m0.9500
[2m2026-04-12T20:36:27.383115Z[0m [34mDEBUG[0m [2mmercury::engine::spread[0m[2m:[0m Evaluated spread direction 2 [3mmarket_id[0m[2m=[0m631deb8c-fbb4-489e-818e-ae698f57f50b [3mdirection[0m[2m=[0m"NO-A/YES-B" [3mraw_spread[0m[2m=[0m-0.0040 [3mbid_a[0m[2m=[0m0.9560 [3mask_b[0m[2m=[0m0.96
[2m2026-04-12T20:36:27.383281Z[0m [34mDEBUG[0m [2mmercury::engine::market_actor[0m[2m:[0m Tick received — running arb detection [3mmarket_id[0m[2m=[0m631deb8c-fbb4-489e-818e-ae698f57f50b [3mplatform[0m[2m=[0mPolymarket [3mbid[0m[2m=[0m0.94 [3mask[0m[2m=[0m0.96 [3mmid[0m[2m=[0m0.95 [3mbid_size[0m[2m=[0m156.3 [3mask_size[0m[2m=[0m117.8
[2m2026-04-12T20:36:27.383450Z[0m [34mDEBUG[0m [2mmercury::engine::spread[0m[2m:[0m Evaluated spread direction 2 [3mmarket_id[0m[2m=[0m631deb8c-fbb4-489e-818e-ae698f57f50b [3mdirection[0m[2m=[0m"NO-A/YES-B" [3mraw_spread[0m[2m=[0m-0.0040 [3mbid_a[0m[2m=[0m0.9560 [3mask_b[0m[2m=[0m0.96
[2m2026-04-12T20:36:27.425040Z[0m [33m WARN[0m [2mmercury::feeds::kalshi[0m[2m:[0m Kalshi sequence gap for KXBTC15M-26APR121645-45: expected 104, got 107. Book may be out of sync.
[2m2026-04-12T20:36:27.425515Z[0m [34mDEBUG[0m [2mmercury::engine::market_actor[0m[2m:[0m Tick received — running arb detection [3mmarket_id[0m[2m=[0m631deb8c-fbb4-489e-818e-ae698f57f50b [3mplatform[0m[2m=[0mPolymarket [3mbid[0m[2m=[0m0.94 [3mask[0m[2m=[0m0.96 [3mmid[0m[2m=[0m0.95 [3mbid_size[0m[2m=[0m156.3 [3mask_size[0m[2m=[0m117.8
[2m2026-04-12T20:36:27.425662Z[0m [33m WARN[0m [2mmercury::feeds::kalshi[0m[2m:[0m Kalshi sequence gap for KXETH15M-26APR121645-45: expected 107, got 109. Book may be out of sync.
[2m2026-04-12T20:36:27.425804Z[0m [34mDEBUG[0m [2mmercury::engine::spread[0m[2m:[0m Evaluated spread direction 2 [3mmarket_id[0m[2m=[0m631deb8c-fbb4-489e-818e-ae698f57f50b [3mdirection[0m[2m=[0m"NO-A/YES-B" [3mraw_spread[0m[2m=[0m-0.0040 [3mbid_a[0m[2m=[0m0.9560 [3mask_b[0m[2m=[0m0.96
[2m2026-04-12T20:36:27.425937Z[0m [34mDEBUG[0m [2mmercury::engine::market_actor[0m[2m:[0m Tick received — running arb detection [3mmarket_id[0m[2m=[0m9046452d-bcb3-4bb8-8925-8924b7439992 [3mplatform[0m[2m=[0mKalshi [3mbid[0m[2m=[0m0.9330 [3mask[0m[2m=[0m0.9500 [3mmid[0m[2m=[0m0.9415 [3mbid_size[0m[2m=[0m13.06 [3mask_size[0m[2m=[0m70.14
[2m2026-04-12T20:36:27.425979Z[0m [34mDEBUG[0m [2mmercury::engine::market_actor[0m[2m:[0m Tick received — running arb detection [3mmarket_id[0m[2m=[0m631deb8c-fbb4-489e-818e-ae698f57f50b [3mplatform[0m[2m=[0mKalshi [3mbid[0m[2m=[0m0.9560 [3mask[0m[2m=[0m0.9600 [3mmid[0m[2m=[0m0.9580 [3mbid_size[0m[2m=[0m3.00 [3mask_size[0m[2m=[0m9.00
[2m2026-04-12T20:36:27.426165Z[0m [34mDEBUG[0m [2mmercury::engine::spread[0m[2m:[0m Evaluated spread direction 2 [3mmarket_id[0m[2m=[0m9046452d-bcb3-4bb8-8925-8924b7439992 [3mdirection[0m[2m=[0m"NO-A/YES-B" [3mraw_spread[0m[2m=[0m-0.0600 [3mbid_a[0m[2m=[0m0.89 [3mask_b[0m[2m=[0m0.9500
[2m2026-04-12T20:36:27.426331Z[0m [34mDEBUG[0m [2mmercury::engine::market_actor[0m[2m:[0m Tick received — running arb detection [3mmarket_id[0m[2m=[0m9046452d-bcb3-4bb8-8925-8924b7439992 [3mplatform[0m[2m=[0mKalshi [3mbid[0m[2m=[0m0.9360 [3mask[0m[2m=[0m0.9500 [3mmid[0m[2m=[0m0.9430 [3mbid_size[0m[2m=[0m18.60 [3mask_size[0m[2m=[0m70.14
[2m2026-04-12T20:36:27.426383Z[0m [34mDEBUG[0m [2mmercury::engine::spread[0m[2m:[0m Evaluated spread direction 2 [3mmarket_id[0m[2m=[0m631deb8c-fbb4-489e-818e-ae698f57f50b [3mdirection[0m[2m=[0m"NO-A/YES-B" [3mraw_spread[0m[2m=[0m-0.0040 [3mbid_a[0m[2m=[0m0.9560 [3mask_b[0m[2m=[0m0.96
[2m2026-04-12T20:36:27.426573Z[0m [34mDEBUG[0m [2mmercury::engine::market_actor[0m[2m:[0m Tick received — running arb detection [3mmarket_id[0m[2m=[0m631deb8c-fbb4-489e-818e-ae698f57f50b [3mplatform[0m[2m=[0mKalshi [3mbid[0m[2m=[0m0.9560 [3mask[0m[2m=[0m0.9600 [3mmid[0m[2m=[0m0.9580 [3mbid_size[0m[2m=[0m3.00 [3mask_size[0m[2m=[0m9.00
[2m2026-04-12T20:36:27.426634Z[0m [34mDEBUG[0m [2mmercury::engine::spread[0m[2m:[0m Evaluated spread direction 2 [3mmarket_id[0m[2m=[0m9046452d-bcb3-4bb8-8925-8924b7439992 [3mdirection[0m[2m=[0m"NO-A/YES-B" [3mraw_spread[0m[2m=[0m-0.0600 [3mbid_a[0m[2m=[0m0.89 [3mask_b[0m[2m=[0m0.9500
[2m2026-04-12T20:36:27.426808Z[0m [34mDEBUG[0m [2mmercury::engine::spread[0m[2m:[0m Evaluated spread direction 2 [3mmarket_id[0m[2m=[0m631deb8c-fbb4-489e-818e-ae698f57f50b [3mdirection[0m[2m=[0m"NO-A/YES-B" [3mraw_spread[0m[2m=[0m-0.0040 [3mbid_a[0m[2m=[0m0.9560 [3mask_b[0m[2m=[0m0.96
[2m2026-04-12T20:36:27.426963Z[0m [34mDEBUG[0m [2mmercury::engine::market_actor[0m[2m:[0m Tick received — running arb detection [3mmarket_id[0m[2m=[0m9046452d-bcb3-4bb8-8925-8924b7439992 [3mplatform[0m[2m=[0mPolymarket [3mbid[0m[2m=[0m0.89 [3mask[0m[2m=[0m0.9 [3mmid[0m[2m=[0m0.8950 [3mbid_size[0m[2m=[0m229.23 [3mask_size[0m[2m=[0m276.23
[2m2026-04-12T20:36:27.426987Z[0m [34mDEBUG[0m [2mmercury::engine::market_actor[0m[2m:[0m Tick received — running arb detection [3mmarket_id[0m[2m=[0m631deb8c-fbb4-489e-818e-ae698f57f50b [3mplatform[0m[2m=[0mPolymarket [3mbid[0m[2m=[0m0.94 [3mask[0m[2m=[0m0.96 [3mmid[0m[2m=[0m0.95 [3mbid_size[0m[2m=[0m156.3 [3mask_size[0m[2m=[0m117.8
[2m2026-04-12T20:36:27.427056Z[0m [33m WARN[0m [2mmercury::feeds::kalshi[0m[2m:[0m Kalshi sequence gap for KXBTC15M-26APR121645-45: expected 109, got 113. Book may be out of sync.
[2m2026-04-12T20:36:27.427211Z[0m [34mDEBUG[0m [2mmercury::engine::spread[0m[2m:[0m Evaluated spread direction 2 [3mmarket_id[0m[2m=[0m9046452d-bcb3-4bb8-8925-8924b7439992 [3mdirection[0m[2m=[0m"NO-A/YES-B" [3mraw_spread[0m[2m=[0m-0.0600 [3mbid_a[0m[2m=[0m0.89 [3mask_b[0m[2m=[0m0.9500
[2m2026-04-12T20:36:27.427357Z[0m [33m WARN[0m [2mmercury::feeds::kalshi[0m[2m:[0m Kalshi sequence gap for KXETH15M-26APR121645-45: expected 113, got 115. Book may be out of sync.
[2m2026-04-12T20:36:27.427387Z[0m [34mDEBUG[0m [2mmercury::engine::market_actor[0m[2m:[0m Tick received — running arb detection [3mmarket_id[0m[2m=[0m9046452d-bcb3-4bb8-8925-8924b7439992 [3mplatform[0m[2m=[0mPolymarket [3mbid[0m[2m=[0m0.89 [3mask[0m[2m=[0m0.9 [3mmid[0m[2m=[0m0.8950 [3mbid_size[0m[2m=[0m211.4 [3mask_size[0m[2m=[0m276.23
[2m2026-04-12T20:36:27.427457Z[0m [34mDEBUG[0m [2mmercury::engine::spread[0m[2m:[0m Evaluated spread direction 2 [3mmarket_id[0m[2m=[0m631deb8c-fbb4-489e-818e-ae698f57f50b [3mdirection[0m[2m=[0m"NO-A/YES-B" [3mraw_spread[0m[2m=[0m-0.0040 [3mbid_a[0m[2m=[0m0.9560 [3mask_b[0m[2m=[0m0.96
[2m2026-04-12T20:36:27.427647Z[0m [34mDEBUG[0m [2mmercury::engine::market_actor[0m[2m:[0m Tick received — running arb detection [3mmarket_id[0m[2m=[0m631deb8c-fbb4-489e-818e-ae698f57f50b [3mplatform[0m[2m=[0mPolymarket [3mbid[0m[2m=[0m0.94 [3mask[0m[2m=[0m0.96 [3mmid[0m[2m=[0m0.95 [3mbid_size[0m[2m=[0m156.3 [3mask_size[0m[2m=[0m117.8
[2m2026-04-12T20:36:27.427692Z[0m [34mDEBUG[0m [2mmercury::engine::spread[0m[2m:[0m Evaluated spread direction 2 [3mmarket_id[0m[2m=[0m9046452d-bcb3-4bb8-8925-8924b7439992 [3mdirection[0m[2m=[0m"NO-A/YES-B" [3mraw_spread[0m[2m=[0m-0.0600 [3mbid_a[0m[2m=[0m0.89 [3mask_b[0m[2m=[0m0.9500
[2m2026-04-12T20:36:27.427814Z[0m [33m WARN[0m [2mmercury::feeds::kalshi[0m[2m:[0m Kalshi sequence gap for KXBTC15M-26APR121645-45: expected 115, got 119. Book may be out of sync.
[2m2026-04-12T20:36:27.427875Z[0m [34mDEBUG[0m [2mmercury::engine::market_actor[0m[2m:[0m Tick received — running arb detection [3mmarket_id[0m[2m=[0m9046452d-bcb3-4bb8-8925-8924b7439992 [3mplatform[0m[2m=[0mKalshi [3mbid[0m[2m=[0m0.9360 [3mask[0m[2m=[0m0.9500 [3mmid[0m[2m=[0m0.9430 [3mbid_size[0m[2m=[0m18.60 [3mask_size[0m[2m=[0m70.14
[2m2026-04-12T20:36:27.427888Z[0m [34mDEBUG[0m [2mmercury::engine::spread[0m[2m:[0m Evaluated spread direction 2 [3mmarket_id[0m[2m=[0m631deb8c-fbb4-489e-818e-ae698f57f50b [3mdirection[0m[2m=[0m"NO-A/YES-B" [3mraw_spread[0m[2m=[0m-0.0040 [3mbid_a[0m[2m=[0m0.9560 [3mask_b[0m[2m=[0m0.96
[2m2026-04-12T20:36:27.428122Z[0m [34mDEBUG[0m [2mmercury::engine::market_actor[0m[2m:[0m Tick received — running arb detection [3mmarket_id[0m[2m=[0m631deb8c-fbb4-489e-818e-ae698f57f50b [3mplatform[0m[2m=[0mKalshi [3mbid[0m[2m=[0m0.9560 [3mask[0m[2m=[0m0.9600 [3mmid[0m[2m=[0m0.9580 [3mbid_size[0m[2m=[0m3.00 [3mask_size[0m[2m=[0m9.00
[2m2026-04-12T20:36:27.428180Z[0m [34mDEBUG[0m [2mmercury::engine::spread[0m[2m:[0m Evaluated spread direction 2 [3mmarket_id[0m[2m=[0m9046452d-bcb3-4bb8-8925-8924b7439992 [3mdirection[0m[2m=[0m"NO-A/YES-B" [3mraw_spread[0m[2m=[0m-0.0600 [3mbid_a[0m[2m=[0m0.89 [3mask_b[0m[2m=[0m0.9500
[2m2026-04-12T20:36:27.428321Z[0m [34mDEBUG[0m [2mmercury::engine::market_actor[0m[2m:[0m Tick received — running arb detection [3mmarket_id[0m[2m=[0m9046452d-bcb3-4bb8-8925-8924b7439992 [3mplatform[0m[2m=[0mKalshi [3mbid[0m[2m=[0m0.9360 [3mask[0m[2m=[0m0.9500 [3mmid[0m[2m=[0m0.9430 [3mbid_size[0m[2m=[0m18.60 [3mask_size[0m[2m=[0m70.14
[2m2026-04-12T20:36:27.428363Z[0m [34mDEBUG[0m [2mmercury::engine::spread[0m[2m:[0m Evaluated spread direction 2 [3mmarket_id[0m[2m=[0m631deb8c-fbb4-489e-818e-ae698f57f50b [3mdirection[0m[2m=[0m"NO-A/YES-B" [3mraw_spread[0m[2m=[0m-0.0040 [3mbid_a[0m[2m=[0m0.9560 [3mask_b[0m[2m=[0m0.96
[2m2026-04-12T20:36:27.428511Z[0m [34mDEBUG[0m [2mmercury::engine::market_actor[0m[2m:[0m Tick received — running arb detection [3mmarket_id[0m[2m=[0m631deb8c-fbb4-489e-818e-ae698f57f50b [3mplatform[0m[2m=[0mKalshi [3mbid[0m[2m=[0m0.9560 [3mask[0m[2m=[0m0.9600 [3mmid[0m[2m=[0m0.9580 [3mbid_size[0m[2m=[0m3.00 [3mask_size[0m[2m=[0m9.00
[2m2026-04-12T20:36:27.428561Z[0m [34mDEBUG[0m [2mmercury::engine::spread[0m[2m:[0m Evaluated spread direction 2 [3mmarket_id[0m[2m=[0m9046452d-bcb3-4bb8-8925-8924b7439992 [3mdirection[0m[2m=[0m"NO-A/YES-B" [3mraw_spread[0m[2m=[0m-0.0600 [3mbid_a[0m[2m=[0m0.89 [3mask_b[0m[2m=[0m0.9500
[2m2026-04-12T20:36:27.428693Z[0m [34mDEBUG[0m [2mmercury::engine::market_actor[0m[2m:[0m Tick received — running arb detection [3mmarket_id[0m[2m=[0m9046452d-bcb3-4bb8-8925-8924b7439992 [3mplatform[0m[2m=[0mKalshi [3mbid[0m[2m=[0m0.9330 [3mask[0m[2m=[0m0.9500 [3mmid[0m[2m=[0m0.9415 [3mbid_size[0m[2m=[0m13.06 [3mask_size[0m[2m=[0m70.14
[2m2026-04-12T20:36:27.428713Z[0m [34mDEBUG[0m [2mmercury::engine::spread[0m[2m:[0m Evaluated spread direction 2 [3mmarket_id[0m[2m=[0m631deb8c-fbb4-489e-818e-ae698f57f50b [3mdirection[0m[2m=[0m"NO-A/YES-B" [3mraw_spread[0m[2m=[0m-0.0040 [3mbid_a[0m[2m=[0m0.9560 [3mask_b[0m[2m=[0m0.96
[2m2026-04-12T20:36:27.428838Z[0m [34mDEBUG[0m [2mmercury::engine::market_actor[0m[2m:[0m Tick received — running arb detection [3mmarket_id[0m[2m=[0m631deb8c-fbb4-489e-818e-ae698f57f50b [3mplatform[0m[2m=[0mKalshi [3mbid[0m[2m=[0m0.9560 [3mask[0m[2m=[0m0.9600 [3mmid[0m[2m=[0m0.9580 [3mbid_size[0m[2m=[0m3.00 [3mask_size[0m[2m=[0m9.00
[2m2026-04-12T20:36:27.428865Z[0m [34mDEBUG[0m [2mmercury::engine::spread[0m[2m:[0m Evaluated spread direction 2 [3mmarket_id[0m[2m=[0m9046452d-bcb3-4bb8-8925-8924b7439992 [3mdirection[0m[2m=[0m"NO-A/YES-B" [3mraw_spread[0m[2m=[0m-0.0600 [3mbid_a[0m[2m=[0m0.89 [3mask_b[0m[2m=[0m0.9500
[2m2026-04-12T20:36:27.428991Z[0m [34mDEBUG[0m [2mmercury::engine::market_actor[0m[2m:[0m Tick received — running arb detection [3mmarket_id[0m[2m=[0m9046452d-bcb3-4bb8-8925-8924b7439992 [3mplatform[0m[2m=[0mKalshi [3mbid[0m[2m=[0m0.9350 [3mask[0m[2m=[0m0.9500 [3mmid[0m[2m=[0m0.9425 [3mbid_size[0m[2m=[0m18.60 [3mask_size[0m[2m=[0m70.14
[2m2026-04-12T20:36:27.429012Z[0m [34mDEBUG[0m [2mmercury::engine::spread[0m[2m:[0m Evaluated spread direction 2 [3mmarket_id[0m[2m=[0m631deb8c-fbb4-489e-818e-ae698f57f50b [3mdirection[0m[2m=[0m"NO-A/YES-B" [3mraw_spread[0m[2m=[0m-0.0040 [3mbid_a[0m[2m=[0m0.9560 [3mask_b[0m[2m=[0m0.96
[2m2026-04-12T20:36:27.429132Z[0m [34mDEBUG[0m [2mmercury::engine::market_actor[0m[2m:[0m Tick received — running arb detection [3mmarket_id[0m[2m=[0m631deb8c-fbb4-489e-818e-ae698f57f50b [3mplatform[0m[2m=[0mKalshi [3mbid[0m[2m=[0m0.9560 [3mask[0m[2m=[0m0.9600 [3mmid[0m[2m=[0m0.9580 [3mbid_size[0m[2m=[0m3.00 [3mask_size[0m[2m=[0m9.00
[2m2026-04-12T20:36:27.429157Z[0m [34mDEBUG[0m [2mmercury::engine::spread[0m[2m:[0m Evaluated spread direction 2 [3mmarket_id[0m[2m=[0m9046452d-bcb3-4bb8-8925-8924b7439992 [3mdirection[0m[2m=[0m"NO-A/YES-B" [3mraw_spread[0m[2m=[0m-0.0600 [3mbid_a[0m[2m=[0m0.89 [3mask_b[0m[2m=[0m0.9500
[2m2026-04-12T20:36:27.429277Z[0m [34mDEBUG[0m [2mmercury::engine::market_actor[0m[2m:[0m Tick received — running arb detection [3mmarket_id[0m[2m=[0m9046452d-bcb3-4bb8-8925-8924b7439992 [3mplatform[0m[2m=[0mKalshi [3mbid[0m[2m=[0m0.9350 [3mask[0m[2m=[0m0.9500 [3mmid[0m[2m=[0m0.9425 [3mbid_size[0m[2m=[0m18.60 [3mask_size[0m[2m=[0m70.14
[2m2026-04-12T20:36:27.429301Z[0m [34mDEBUG[0m [2mmercury::engine::spread[0m[2m:[0m Evaluated spread direction 2 [3mmarket_id[0m[2m=[0m631deb8c-fbb4-489e-818e-ae698f57f50b [3mdirection[0m[2m=[0m"NO-A/YES-B" [3mraw_spread[0m[2m=[0m-0.0040 [3mbid_a[0m[2m=[0m0.9560 [3mask_b[0m[2m=[0m0.96
[2m2026-04-12T20:36:27.429447Z[0m [34mDEBUG[0m [2mmercury::engine::market_actor[0m[2m:[0m Tick received — running arb detection [3mmarket_id[0m[2m=[0m631deb8c-fbb4-489e-818e-ae698f57f50b [3mplatform[0m[2m=[0mKalshi [3mbid[0m[2m=[0m0.9560 [3mask[0m[2m=[0m0.9600 [3mmid[0m[2m=[0m0.9580 [3mbid_size[0m[2m=[0m3.00 [3mask_size[0m[2m=[0m9.00
[2m2026-04-12T20:36:27.429505Z[0m [34mDEBUG[0m [2mmercury::engine::spread[0m[2m:[0m Evaluated spread direction 2 [3mmarket_id[0m[2m=[0m9046452d-bcb3-4bb8-8925-8924b7439992 [3mdirection[0m[2m=[0m"NO-A/YES-B" [3mraw_spread[0m[2m=[0m-0.0600 [3mbid_a[0m[2m=[0m0.89 [3mask_b[0m[2m=[0m0.9500
[2m2026-04-12T20:36:27.429651Z[0m [34mDEBUG[0m [2mmercury::engine::market_actor[0m[2m:[0m Tick received — running arb detection [3mmarket_id[0m[2m=[0m9046452d-bcb3-4bb8-8925-8924b7439992 [3mplatform[0m[2m=[0mKalshi [3mbid[0m[2m=[0m0.9350 [3mask[0m[2m=[0m0.9500 [3mmid[0m[2m=[0m0.9425 [3mbid_size[0m[2m=[0m18.60 [3mask_size[0m[2m=[0m70.14
[2m2026-04-12T20:36:27.429676Z[0m [34mDEBUG[0m [2mmercury::engine::spread[0m[2m:[0m Evaluated spread direction 2 [3mmarket_id[0m[2m=[0m631deb8c-fbb4-489e-818e-ae698f57f50b [3mdirection[0m[2m=[0m"NO-A/YES-B" [3mraw_spread[0m[2m=[0m-0.0040 [3mbid_a[0m[2m=[0m0.9560 [3mask_b[0m[2m=[0m0.96
[2m2026-04-12T20:36:27.429798Z[0m [34mDEBUG[0m [2mmercury::engine::market_actor[0m[2m:[0m Tick received — running arb detection [3mmarket_id[0m[2m=[0m631deb8c-fbb4-489e-818e-ae698f57f50b [3mplatform[0m[2m=[0mKalshi [3mbid[0m[2m=[0m0.9560 [3mask[0m[2m=[0m0.9600 [3mmid[0m[2m=[0m0.9580 [3mbid_size[0m[2m=[0m3.00 [3mask_size[0m[2m=[0m109.00
[2m2026-04-12T20:36:27.429849Z[0m [34mDEBUG[0m [2mmercury::engine::spread[0m[2m:[0m Evaluated spread direction 2 [3mmarket_id[0m[2m=[0m9046452d-bcb3-4bb8-8925-8924b7439992 [3mdirection[0m[2m=[0m"NO-A/YES-B" [3mraw_spread[0m[2m=[0m-0.0600 [3mbid_a[0m[2m=[0m0.89 [3mask_b[0m[2m=[0m0.9500
[2m2026-04-12T20:36:27.430008Z[0m [34mDEBUG[0m [2mmercury::engine::spread[0m[2m:[0m Evaluated spread direction 2 [3mmarket_id[0m[2m=[0m631deb8c-fbb4-489e-818e-ae698f57f50b [3mdirection[0m[2m=[0m"NO-A/YES-B" [3mraw_spread[0m[2m=[0m-0.0040 [3mbid_a[0m[2m=[0m0.9560 [3mask_b[0m[2m=[0m0.96
[2m2026-04-12T20:36:27.434833Z[0m [33m WARN[0m [2mmercury::feeds::kalshi[0m[2m:[0m Kalshi sequence gap for KXETH15M-26APR121645-45: expected 119, got 123. Book may be out of sync.
[2m2026-04-12T20:36:27.435313Z[0m [34mDEBUG[0m [2mmercury::engine::market_actor[0m[2m:[0m Tick received — running arb detection [3mmarket_id[0m[2m=[0m9046452d-bcb3-4bb8-8925-8924b7439992 [3mplatform[0m[2m=[0mKalshi [3mbid[0m[2m=[0m0.9330 [3mask[0m[2m=[0m0.9500 [3mmid[0m[2m=[0m0.9415 [3mbid_size[0m[2m=[0m13.06 [3mask_size[0m[2m=[0m70.14
[2m2026-04-12T20:36:27.435541Z[0m [34mDEBUG[0m [2mmercury::engine::spread[0m[2m:[0m Evaluated spread direction 2 [3mmarket_id[0m[2m=[0m9046452d-bcb3-4bb8-8925-8924b7439992 [3mdirection[0m[2m=[0m"NO-A/YES-B" [3mraw_spread[0m[2m=[0m-0.0600 [3mbid_a[0m[2m=[0m0.89 [3mask_b[0m[2m=[0m0.9500
[2m2026-04-12T20:36:27.435704Z[0m [34mDEBUG[0m [2mmercury::engine::market_actor[0m[2m:[0m Tick received — running arb detection [3mmarket_id[0m[2m=[0m9046452d-bcb3-4bb8-8925-8924b7439992 [3mplatform[0m[2m=[0mKalshi [3mbid[0m[2m=[0m0.9360 [3mask[0m[2m=[0m0.9500 [3mmid[0m[2m=[0m0.9430 [3mbid_size[0m[2m=[0m18.60 [3mask_size[0m[2m=[0m70.14
[2m2026-04-12T20:36:27.435906Z[0m [34mDEBUG[0m [2mmercury::engine::spread[0m[2m:[0m Evaluated spread direction 2 [3mmarket_id[0m[2m=[0m9046452d-bcb3-4bb8-8925-8924b7439992 [3mdirection[0m[2m=[0m"NO-A/YES-B" [3mraw_spread[0m[2m=[0m-0.0600 [3mbid_a[0m[2m=[0m0.89 [3mask_b[0m[2m=[0m0.9500
[2m2026-04-12T20:36:27.484670Z[0m [33m WARN[0m [2mmercury::feeds::kalshi[0m[2m:[0m Kalshi sequence gap for KXBTC15M-26APR121645-45: expected 123, got 127. Book may be out of sync.
[2m2026-04-12T20:36:27.484727Z[0m [34mDEBUG[0m [2mmercury::engine::market_actor[0m[2m:[0m Tick received — running arb detection [3mmarket_id[0m[2m=[0m9046452d-bcb3-4bb8-8925-8924b7439992 [3mplatform[0m[2m=[0mKalshi [3mbid[0m[2m=[0m0.9360 [3mask[0m[2m=[0m0.9500 [3mmid[0m[2m=[0m0.9430 [3mbid_size[0m[2m=[0m18.60 [3mask_size[0m[2m=[0m70.14
[2m2026-04-12T20:36:27.484994Z[0m [34mDEBUG[0m [2mmercury::engine::spread[0m[2m:[0m Evaluated spread direction 2 [3mmarket_id[0m[2m=[0m9046452d-bcb3-4bb8-8925-8924b7439992 [3mdirection[0m[2m=[0m"NO-A/YES-B" [3mraw_spread[0m[2m=[0m-0.0600 [3mbid_a[0m[2m=[0m0.89 [3mask_b[0m[2m=[0m0.9500
[2m2026-04-12T20:36:27.485080Z[0m [33m WARN[0m [2mmercury::feeds::kalshi[0m[2m:[0m Kalshi sequence gap for KXETH15M-26APR121645-45: expected 127, got 129. Book may be out of sync.
[2m2026-04-12T20:36:27.485106Z[0m [34mDEBUG[0m [2mmercury::engine::market_actor[0m[2m:[0m Tick received — running arb detection [3mmarket_id[0m[2m=[0m631deb8c-fbb4-489e-818e-ae698f57f50b [3mplatform[0m[2m=[0mKalshi [3mbid[0m[2m=[0m0.9560 [3mask[0m[2m=[0m0.9600 [3mmid[0m[2m=[0m0.9580 [3mbid_size[0m[2m=[0m3.00 [3mask_size[0m[2m=[0m109.00
[2m2026-04-12T20:36:27.485173Z[0m [34mDEBUG[0m [2mmercury::engine::market_actor[0m[2m:[0m Tick received — running arb detection [3mmarket_id[0m[2m=[0m9046452d-bcb3-4bb8-8925-8924b7439992 [3mplatform[0m[2m=[0mKalshi [3mbid[0m[2m=[0m0.9360 [3mask[0m[2m=[0m0.9500 [3mmid[0m[2m=[0m0.9430 [3mbid_size[0m[2m=[0m18.60 [3mask_size[0m[2m=[0m70.14
[2m2026-04-12T20:36:27.485395Z[0m [33m WARN[0m [2mmercury::feeds::kalshi[0m[2m:[0m Kalshi sequence gap for KXBTC15M-26APR121645-45: expected 129, got 131. Book may be out of sync.
[2m2026-04-12T20:36:27.485374Z[0m [34mDEBUG[0m [2mmercury::engine::spread[0m[2m:[0m Evaluated spread direction 2 [3mmarket_id[0m[2m=[0m631deb8c-fbb4-489e-818e-ae698f57f50b [3mdirection[0m[2m=[0m"NO-A/YES-B" [3mraw_spread[0m[2m=[0m-0.0040 [3mbid_a[0m[2m=[0m0.9560 [3mask_b[0m[2m=[0m0.96
[2m2026-04-12T20:36:27.485509Z[0m [34mDEBUG[0m [2mmercury::feeds::discovery[0m[2m:[0m No Kalshi 15m market found for this round [3masset[0m[2m=[0m"sol" [3mround_start_ts[0m[2m=[0m1776026700 [3mtarget_close[0m[2m=[0m1776027600
[2m2026-04-12T20:36:27.485614Z[0m [33m WARN[0m [2mmercury::feeds::kalshi[0m[2m:[0m Kalshi sequence gap for KXETH15M-26APR121645-45: expected 131, got 132. Book may be out of sync.
[2m2026-04-12T20:36:27.485634Z[0m [34mDEBUG[0m [2mmercury::engine::market_actor[0m[2m:[0m Tick received — running arb detection [3mmarket_id[0m[2m=[0m631deb8c-fbb4-489e-818e-ae698f57f50b [3mplatform[0m[2m=[0mKalshi [3mbid[0m[2m=[0m0.9560 [3mask[0m[2m=[0m0.9600 [3mmid[0m[2m=[0m0.9580 [3mbid_size[0m[2m=[0m3.00 [3mask_size[0m[2m=[0m109.00
[2m2026-04-12T20:36:27.485694Z[0m [34mDEBUG[0m [2mmercury::engine::spread[0m[2m:[0m Evaluated spread direction 2 [3mmarket_id[0m[2m=[0m9046452d-bcb3-4bb8-8925-8924b7439992 [3mdirection[0m[2m=[0m"NO-A/YES-B" [3mraw_spread[0m[2m=[0m-0.0600 [3mbid_a[0m[2m=[0m0.89 [3mask_b[0m[2m=[0m0.9500
[2m2026-04-12T20:36:27.485710Z[0m [32m INFO[0m [2mmercury::feeds::discovery[0m[2m:[0m 15m crypto round matched [3masset[0m[2m=[0msol [3mround_start[0m[2m=[0m1776026700 [3mpoly[0m[2m=[0mtrue [3mkalshi[0m[2m=[0mfalse
[2m2026-04-12T20:36:27.485887Z[0m [34mDEBUG[0m [2mmercury::engine::market_actor[0m[2m:[0m Tick received — running arb detection [3mmarket_id[0m[2m=[0m9046452d-bcb3-4bb8-8925-8924b7439992 [3mplatform[0m[2m=[0mPolymarket [3mbid[0m[2m=[0m0.89 [3mask[0m[2m=[0m0.9 [3mmid[0m[2m=[0m0.8950 [3mbid_size[0m[2m=[0m211.4 [3mask_size[0m[2m=[0m276.23
[2m2026-04-12T20:36:27.485930Z[0m [34mDEBUG[0m [2mmercury::engine::spread[0m[2m:[0m Evaluated spread direction 2 [3mmarket_id[0m[2m=[0m631deb8c-fbb4-489e-818e-ae698f57f50b [3mdirection[0m[2m=[0m"NO-A/YES-B" [3mraw_spread[0m[2m=[0m-0.0040 [3mbid_a[0m[2m=[0m0.9560 [3mask_b[0m[2m=[0m0.96
[2m2026-04-12T20:36:27.486119Z[0m [34mDEBUG[0m [2mmercury::engine::market_actor[0m[2m:[0m Tick received — running arb detection [3mmarket_id[0m[2m=[0m631deb8c-fbb4-489e-818e-ae698f57f50b [3mplatform[0m[2m=[0mKalshi [3mbid[0m[2m=[0m0.9560 [3mask[0m[2m=[0m0.9600 [3mmid[0m[2m=[0m0.9580 [3mbid_size[0m[2m=[0m3.00 [3mask_size[0m[2m=[0m109.00
[2m2026-04-12T20:36:27.486194Z[0m [34mDEBUG[0m [2mmercury::engine::spread[0m[2m:[0m Evaluated spread direction 2 [3mmarket_id[0m[2m=[0m9046452d-bcb3-4bb8-8925-8924b7439992 [3mdirection[0m[2m=[0m"NO-A/YES-B" [3mraw_spread[0m[2m=[0m-0.0600 [3mbid_a[0m[2m=[0m0.89 [3mask_b[0m[2m=[0m0.9500
[2m2026-04-12T20:36:27.486371Z[0m [34mDEBUG[0m [2mmercury::engine::market_actor[0m[2m:[0m Tick received — running arb detection [3mmarket_id[0m[2m=[0m9046452d-bcb3-4bb8-8925-8924b7439992 [3mplatform[0m[2m=[0mPolymarket [3mbid[0m[2m=[0m0.89 [3mask[0m[2m=[0m0.9 [3mmid[0m[2m=[0m0.8950 [3mbid_size[0m[2m=[0m220.32 [3mask_size[0m[2m=[0m276.23
[2m2026-04-12T20:36:27.486403Z[0m [34mDEBUG[0m [2mmercury::engine::spread[0m[2m:[0m Evaluated spread direction 2 [3mmarket_id[0m[2m=[0m631deb8c-fbb4-489e-818e-ae698f57f50b [3mdirection[0m[2m=[0m"NO-A/YES-B" [3mraw_spread[0m[2m=[0m-0.0040 [3mbid_a[0m[2m=[0m0.9560 [3mask_b[0m[2m=[0m0.96
[2m2026-04-12T20:36:27.486628Z[0m [34mDEBUG[0m [2mmercury::engine::spread[0m[2m:[0m Evaluated spread direction 2 [3mmarket_id[0m[2m=[0m9046452d-bcb3-4bb8-8925-8924b7439992 [3mdirection[0m[2m=[0m"NO-A/YES-B" [3mraw_spread[0m[2m=[0m-0.0600 [3mbid_a[0m[2m=[0m0.89 [3mask_b[0m[2m=[0m0.9500
[2m2026-04-12T20:36:27.486816Z[0m [34mDEBUG[0m [2mmercury::engine::market_actor[0m[2m:[0m Tick received — running arb detection [3mmarket_id[0m[2m=[0m9046452d-bcb3-4bb8-8925-8924b7439992 [3mplatform[0m[2m=[0mKalshi [3mbid[0m[2m=[0m0.9330 [3mask[0m[2m=[0m0.9500 [3mmid[0m[2m=[0m0.9415 [3mbid_size[0m[2m=[0m13.06 [3mask_size[0m[2m=[0m70.14
[2m2026-04-12T20:36:27.487020Z[0m [34mDEBUG[0m [2mmercury::engine::spread[0m[2m:[0m Evaluated spread direction 2 [3mmarket_id[0m[2m=[0m9046452d-bcb3-4bb8-8925-8924b7439992 [3mdirection[0m[2m=[0m"NO-A/YES-B" [3mraw_spread[0m[2m=[0m-0.0600 [3mbid_a[0m[2m=[0m0.89 [3mask_b[0m[2m=[0m0.9500
[2m2026-04-12T20:36:27.487208Z[0m [34mDEBUG[0m [2mmercury::engine::market_actor[0m[2m:[0m Tick received — running arb detection [3mmarket_id[0m[2m=[0m9046452d-bcb3-4bb8-8925-8924b7439992 [3mplatform[0m[2m=[0mKalshi [3mbid[0m[2m=[0m0.9350 [3mask[0m[2m=[0m0.9500 [3mmid[0m[2m=[0m0.9425 [3mbid_size[0m[2m=[0m18.60 [3mask_size[0m[2m=[0m70.14
[2m2026-04-12T20:36:27.487360Z[0m [34mDEBUG[0m [2mmercury::engine::spread[0m[2m:[0m Evaluated spread direction 2 [3mmarket_id[0m[2m=[0m9046452d-bcb3-4bb8-8925-8924b7439992 [3mdirection[0m[2m=[0m"NO-A/YES-B" [3mraw_spread[0m[2m=[0m-0.0600 [3mbid_a[0m[2m=[0m0.89 [3mask_b[0m[2m=[0m0.9500
[2m2026-04-12T20:36:27.487480Z[0m [34mDEBUG[0m [2mmercury::engine::market_actor[0m[2m:[0m Tick received — running arb detection [3mmarket_id[0m[2m=[0m9046452d-bcb3-4bb8-8925-8924b7439992 [3mplatform[0m[2m=[0mKalshi [3mbid[0m[2m=[0m0.9350 [3mask[0m[2m=[0m0.9500 [3mmid[0m[2m=[0m0.9425 [3mbid_size[0m[2m=[0m18.60 [3mask_size[0m[2m=[0m70.14
[2m2026-04-12T20:36:27.487632Z[0m [34mDEBUG[0m [2mmercury::engine::spread[0m[2m:[0m Evaluated spread direction 2 [3mmarket_id[0m[2m=[0m9046452d-bcb3-4bb8-8925-8924b7439992 [3mdirection[0m[2m=[0m"NO-A/YES-B" [3mraw_spread[0m[2m=[0m-0.0600 [3mbid_a[0m[2m=[0m0.89 [3mask_b[0m[2m=[0m0.9500
[2m2026-04-12T20:36:27.487750Z[0m [34mDEBUG[0m [2mmercury::engine::market_actor[0m[2m:[0m Tick received — running arb detection [3mmarket_id[0m[2m=[0m9046452d-bcb3-4bb8-8925-8924b7439992 [3mplatform[0m[2m=[0mKalshi [3mbid[0m[2m=[0m0.9350 [3mask[0m[2m=[0m0.9500 [3mmid[0m[2m=[0m0.9425 [3mbid_size[0m[2m=[0m18.60 [3mask_size[0m[2m=[0m70.14
[2m2026-04-12T20:36:27.487901Z[0m [34mDEBUG[0m [2mmercury::engine::spread[0m[2m:[0m Evaluated spread direction 2 [3mmarket_id[0m[2m=[0m9046452d-bcb3-4bb8-8925-8924b7439992 [3mdirection[0m[2m=[0m"NO-A/YES-B" [3mraw_spread[0m[2m=[0m-0.0600 [3mbid_a[0m[2m=[0m0.89 [3mask_b[0m[2m=[0m0.9500
[2m2026-04-12T20:36:27.526640Z[0m [33m WARN[0m [2mmercury::feeds::kalshi[0m[2m:[0m Kalshi sequence gap for KXBTC15M-26APR121645-45: expected 132, got 134. Book may be out of sync.
[2m2026-04-12T20:36:27.527279Z[0m [34mDEBUG[0m [2mmercury::engine::market_actor[0m[2m:[0m Tick received — running arb detection [3mmarket_id[0m[2m=[0m631deb8c-fbb4-489e-818e-ae698f57f50b [3mplatform[0m[2m=[0mKalshi [3mbid[0m[2m=[0m0.9560 [3mask[0m[2m=[0m0.9600 [3mmid[0m[2m=[0m0.9580 [3mbid_size[0m[2m=[0m3.00 [3mask_size[0m[2m=[0m109.00
[2m2026-04-12T20:36:27.527505Z[0m [34mDEBUG[0m [2mmercury::engine::spread[0m[2m:[0m Evaluated spread direction 2 [3mmarket_id[0m[2m=[0m631deb8c-fbb4-489e-818e-ae698f57f50b [3mdirection[0m[2m=[0m"NO-A/YES-B" [3mraw_spread[0m[2m=[0m-0.0040 [3mbid_a[0m[2m=[0m0.9560 [3mask_b[0m[2m=[0m0.96
[2m2026-04-12T20:36:27.527670Z[0m [34mDEBUG[0m [2mmercury::engine::market_actor[0m[2m:[0m Tick received — running arb detection [3mmarket_id[0m[2m=[0m631deb8c-fbb4-489e-818e-ae698f57f50b [3mplatform[0m[2m=[0mKalshi [3mbid[0m[2m=[0m0.9560 [3mask[0m[2m=[0m0.9600 [3mmid[0m[2m=[0m0.9580 [3mbid_size[0m[2m=[0m3.00 [3mask_size[0m[2m=[0m109.00
[2m2026-04-12T20:36:27.527850Z[0m [34mDEBUG[0m [2mmercury::engine::spread[0m[2m:[0m Evaluated spread direction 2 [3mmarket_id[0m[2m=[0m631deb8c-fbb4-489e-818e-ae698f57f50b [3mdirection[0m[2m=[0m"NO-A/YES-B" [3mraw_spread[0m[2m=[0m-0.0040 [3mbid_a[0m[2m=[0m0.9560 [3mask_b[0m[2m=[0m0.96
[2m2026-04-12T20:36:27.528004Z[0m [34mDEBUG[0m [2mmercury::engine::market_actor[0m[2m:[0m Tick received — running arb detection [3mmarket_id[0m[2m=[0m631deb8c-fbb4-489e-818e-ae698f57f50b [3mplatform[0m[2m=[0mKalshi [3mbid[0m[2m=[0m0.9560 [3mask[0m[2m=[0m0.9600 [3mmid[0m[2m=[0m0.9580 [3mbid_size[0m[2m=[0m3.00 [3mask_size[0m[2m=[0m109.00
[2m2026-04-12T20:36:27.528174Z[0m [34mDEBUG[0m [2mmercury::engine::spread[0m[2m:[0m Evaluated spread direction 2 [3mmarket_id[0m[2m=[0m631deb8c-fbb4-489e-818e-ae698f57f50b [3mdirection[0m[2m=[0m"NO-A/YES-B" [3mraw_spread[0m[2m=[0m-0.0040 [3mbid_a[0m[2m=[0m0.9560 [3mask_b[0m[2m=[0m0.96
[2m2026-04-12T20:36:27.528329Z[0m [34mDEBUG[0m [2mmercury::engine::market_actor[0m[2m:[0m Tick received — running arb detection [3mmarket_id[0m[2m=[0m631deb8c-fbb4-489e-818e-ae698f57f50b [3mplatform[0m[2m=[0mKalshi [3mbid[0m[2m=[0m0.9560 [3mask[0m[2m=[0m0.9600 [3mmid[0m[2m=[0m0.9580 [3mbid_size[0m[2m=[0m3.00 [3mask_size[0m[2m=[0m109.00
[2m2026-04-12T20:36:27.528501Z[0m [34mDEBUG[0m [2mmercury::engine::spread[0m[2m:[0m Evaluated spread direction 2 [3mmarket_id[0m[2m=[0m631deb8c-fbb4-489e-818e-ae698f57f50b [3mdirection[0m[2m=[0m"NO-A/YES-B" [3mraw_spread[0m[2m=[0m-0.0040 [3mbid_a[0m[2m=[0m0.9560 [3mask_b[0m[2m=[0m0.96
[2m2026-04-12T20:36:27.578982Z[0m [34mDEBUG[0m [2mmercury::engine::market_actor[0m[2m:[0m Tick received — running arb detection [3mmarket_id[0m[2m=[0m9046452d-bcb3-4bb8-8925-8924b7439992 [3mplatform[0m[2m=[0mPolymarket [3mbid[0m[2m=[0m0.89 [3mask[0m[2m=[0m0.9 [3mmid[0m[2m=[0m0.8950 [3mbid_size[0m[2m=[0m220.32 [3mask_size[0m[2m=[0m276.23
[2m2026-04-12T20:36:27.579333Z[0m [34mDEBUG[0m [2mmercury::engine::spread[0m[2m:[0m Evaluated spread direction 2 [3mmarket_id[0m[2m=[0m9046452d-bcb3-4bb8-8925-8924b7439992 [3mdirection[0m[2m=[0m"NO-A/YES-B" [3mraw_spread[0m[2m=[0m-0.0600 [3mbid_a[0m[2m=[0m0.89 [3mask_b[0m[2m=[0m0.9500
[2m2026-04-12T20:36:27.579513Z[0m [34mDEBUG[0m [2mmercury::engine::market_actor[0m[2m:[0m Tick received — running arb detection [3mmarket_id[0m[2m=[0m9046452d-bcb3-4bb8-8925-8924b7439992 [3mplatform[0m[2m=[0mPolymarket [3mbid[0m[2m=[0m0.89 [3mask[0m[2m=[0m0.9 [3mmid[0m[2m=[0m0.8950 [3mbid_size[0m[2m=[0m229.24 [3mask_size[0m[2m=[0m276.23
[2m2026-04-12T20:36:27.579726Z[0m [34mDEBUG[0m [2mmercury::engine::spread[0m[2m:[0m Evaluated spread direction 2 [3mmarket_id[0m[2m=[0m9046452d-bcb3-4bb8-8925-8924b7439992 [3mdirection[0m[2m=[0m"NO-A/YES-B" [3mraw_spread[0m[2m=[0m-0.0600 [3mbid_a[0m[2m=[0m0.89 [3mask_b[0m[2m=[0m0.9500
[2m2026-04-12T20:36:27.585322Z[0m [34mDEBUG[0m [2mmercury::engine::market_actor[0m[2m:[0m Tick received — running arb detection [3mmarket_id[0m[2m=[0m9046452d-bcb3-4bb8-8925-8924b7439992 [3mplatform[0m[2m=[0mPolymarket [3mbid[0m[2m=[0m0.89 [3mask[0m[2m=[0m0.9 [3mmid[0m[2m=[0m0.8950 [3mbid_size[0m[2m=[0m229.24 [3mask_size[0m[2m=[0m276.23
[2m2026-04-12T20:36:27.585614Z[0m [34mDEBUG[0m [2mmercury::engine::spread[0m[2m:[0m Evaluated spread direction 2 [3mmarket_id[0m[2m=[0m9046452d-bcb3-4bb8-8925-8924b7439992 [3mdirection[0m[2m=[0m"NO-A/YES-B" [3mraw_spread[0m[2m=[0m-0.0600 [3mbid_a[0m[2m=[0m0.89 [3mask_b[0m[2m=[0m0.9500
[2m2026-04-12T20:36:27.585794Z[0m [34mDEBUG[0m [2mmercury::engine::market_actor[0m[2m:[0m Tick received — running arb detection [3mmarket_id[0m[2m=[0m9046452d-bcb3-4bb8-8925-8924b7439992 [3mplatform[0m[2m=[0mPolymarket [3mbid[0m[2m=[0m0.89 [3mask[0m[2m=[0m0.9 [3mmid[0m[2m=[0m0.8950 [3mbid_size[0m[2m=[0m211.4 [3mask_size[0m[2m=[0m276.23
[2m2026-04-12T20:36:27.586007Z[0m [34mDEBUG[0m [2mmercury::engine::spread[0m[2m:[0m Evaluated spread direction 2 [3mmarket_id[0m[2m=[0m9046452d-bcb3-4bb8-8925-8924b7439992 [3mdirection[0m[2m=[0m"NO-A/YES-B" [3mraw_spread[0m[2m=[0m-0.0600 [3mbid_a[0m[2m=[0m0.89 [3mask_b[0m[2m=[0m0.9500
[2m2026-04-12T20:36:27.628825Z[0m [34mDEBUG[0m [2mmercury::engine::market_actor[0m[2m:[0m Tick received — running arb detection [3mmarket_id[0m[2m=[0m631deb8c-fbb4-489e-818e-ae698f57f50b [3mplatform[0m[2m=[0mKalshi [3mbid[0m[2m=[0m0.9560 [3mask[0m[2m=[0m0.9600 [3mmid[0m[2m=[0m0.9580 [3mbid_size[0m[2m=[0m3.00 [3mask_size[0m[2m=[0m128.00
[2m2026-04-12T20:36:27.628864Z[0m [34mDEBUG[0m [2mmercury::engine::market_actor[0m[2m:[0m Tick received — running arb detection [3mmarket_id[0m[2m=[0ma5a7da9a-b993-4c2a-80bc-cbc1d3c50971 [3mplatform[0m[2m=[0mPolymarket [3mbid[0m[2m=[0m0.49 [3mask[0m[2m=[0m0.5 [3mmid[0m[2m=[0m0.4950 [3mbid_size[0m[2m=[0m268.56 [3mask_size[0m[2m=[0m4437.85
[2m2026-04-12T20:36:27.629101Z[0m [34mDEBUG[0m [2mmercury::engine::spread[0m[2m:[0m Evaluated spread direction 2 [3mmarket_id[0m[2m=[0m631deb8c-fbb4-489e-818e-ae698f57f50b [3mdirection[0m[2m=[0m"NO-A/YES-B" [3mraw_spread[0m[2m=[0m-0.0040 [3mbid_a[0m[2m=[0m0.9560 [3mask_b[0m[2m=[0m0.96
[2m2026-04-12T20:36:27.638358Z[0m [34mDEBUG[0m [2mmercury::engine::market_actor[0m[2m:[0m Tick received — running arb detection [3mmarket_id[0m[2m=[0m631deb8c-fbb4-489e-818e-ae698f57f50b [3mplatform[0m[2m=[0mKalshi [3mbid[0m[2m=[0m0.9560 [3mask[0m[2m=[0m0.9600 [3mmid[0m[2m=[0m0.9580 [3mbid_size[0m[2m=[0m3.00 [3mask_size[0m[2m=[0m128.00
[2m2026-04-12T20:36:27.638623Z[0m [34mDEBUG[0m [2mmercury::engine::spread[0m[2m:[0m Evaluated spread direction 2 [3mmarket_id[0m[2m=[0m631deb8c-fbb4-489e-818e-ae698f57f50b [3mdirection[0m[2m=[0m"NO-A/YES-B" [3mraw_spread[0m[2m=[0m-0.0040 [3mbid_a[0m[2m=[0m0.9560 [3mask_b[0m[2m=[0m0.96
[2m2026-04-12T20:36:27.640553Z[0m [34mDEBUG[0m [2mmercury::engine::market_actor[0m[2m:[0m Tick received — running arb detection [3mmarket_id[0m[2m=[0m631deb8c-fbb4-489e-818e-ae698f57f50b [3mplatform[0m[2m=[0mKalshi [3mbid[0m[2m=[0m0.9560 [3mask[0m[2m=[0m0.9600 [3mmid[0m[2m=[0m0.9580 [3mbid_size[0m[2m=[0m3.00 [3mask_size[0m[2m=[0m128.00
[2m2026-04-12T20:36:27.640759Z[0m [34mDEBUG[0m [2mmercury::engine::spread[0m[2m:[0m Evaluated spread direction 2 [3mmarket_id[0m[2m=[0m631deb8c-fbb4-489e-818e-ae698f57f50b [3mdirection[0m[2m=[0m"NO-A/YES-B" [3mraw_spread[0m[2m=[0m-0.0040 [3mbid_a[0m[2m=[0m0.9560 [3mask_b[0m[2m=[0m0.96
[2m2026-04-12T20:36:27.640838Z[0m [34mDEBUG[0m [2mmercury::engine::market_actor[0m[2m:[0m Tick received — running arb detection [3mmarket_id[0m[2m=[0m9046452d-bcb3-4bb8-8925-8924b7439992 [3mplatform[0m[2m=[0mPolymarket [3mbid[0m[2m=[0m0.89 [3mask[0m[2m=[0m0.9 [3mmid[0m[2m=[0m0.8950 [3mbid_size[0m[2m=[0m220.32 [3mask_size[0m[2m=[0m276.23
[2m2026-04-12T20:36:27.641080Z[0m [34mDEBUG[0m [2mmercury::engine::spread[0m[2m:[0m Evaluated spread direction 2 [3mmarket_id[0m[2m=[0m9046452d-bcb3-4bb8-8925-8924b7439992 [3mdirection[0m[2m=[0m"NO-A/YES-B" [3mraw_spread[0m[2m=[0m-0.0600 [3mbid_a[0m[2m=[0m0.89 [3mask_b[0m[2m=[0m0.9500
[2m2026-04-12T20:36:27.641251Z[0m [34mDEBUG[0m [2mmercury::engine::market_actor[0m[2m:[0m Tick received — running arb detection [3mmarket_id[0m[2m=[0m9046452d-bcb3-4bb8-8925-8924b7439992 [3mplatform[0m[2m=[0mPolymarket [3mbid[0m[2m=[0m0.89 [3mask[0m[2m=[0m0.9 [3mmid[0m[2m=[0m0.8950 [3mbid_size[0m[2m=[0m220.32 [3mask_size[0m[2m=[0m276.23
[2m2026-04-12T20:36:27.641458Z[0m [34mDEBUG[0m [2mmercury::engine::spread[0m[2m:[0m Evaluated spread direction 2 [3mmarket_id[0m[2m=[0m9046452d-bcb3-4bb8-8925-8924b7439992 [3mdirection[0m[2m=[0m"NO-A/YES-B" [3mraw_spread[0m[2m=[0m-0.0600 [3mbid_a[0m[2m=[0m0.89 [3mask_b[0m[2m=[0m0.9500
[2m2026-04-12T20:36:27.680360Z[0m [34mDEBUG[0m [2mmercury::engine::market_actor[0m[2m:[0m Tick received — running arb detection [3mmarket_id[0m[2m=[0m631deb8c-fbb4-489e-818e-ae698f57f50b [3mplatform[0m[2m=[0mKalshi [3mbid[0m[2m=[0m0.9560 [3mask[0m[2m=[0m0.9600 [3mmid[0m[2m=[0m0.9580 [3mbid_size[0m[2m=[0m3.00 [3mask_size[0m[2m=[0m128.00
[2m2026-04-12T20:36:27.680674Z[0m [34mDEBUG[0m [2mmercury::engine::spread[0m[2m:[0m Evaluated spread direction 2 [3mmarket_id[0m[2m=[0m631deb8c-fbb4-489e-818e-ae698f57f50b [3mdirection[0m[2m=[0m"NO-A/YES-B" [3mraw_spread[0m[2m=[0m-0.0040 [3mbid_a[0m[2m=[0m0.9560 [3mask_b[0m[2m=[0m0.96
[2m2026-04-12T20:36:27.680901Z[0m [34mDEBUG[0m [2mmercury::engine::market_actor[0m[2m:[0m Tick received — running arb detection [3mmarket_id[0m[2m=[0m631deb8c-fbb4-489e-818e-ae698f57f50b [3mplatform[0m[2m=[0mKalshi [3mbid[0m[2m=[0m0.9560 [3mask[0m[2m=[0m0.9600 [3mmid[0m[2m=[0m0.9580 [3mbid_size[0m[2m=[0m3.00 [3mask_size[0m[2m=[0m125.00
[2m2026-04-12T20:36:27.681094Z[0m [34mDEBUG[0m [2mmercury::engine::spread[0m[2m:[0m Evaluated spread direction 2 [3mmarket_id[0m[2m=[0m631deb8c-fbb4-489e-818e-ae698f57f50b [3mdirection[0m[2m=[0m"NO-A/YES-B" [3mraw_spread[0m[2m=[0m-0.0040 [3mbid_a[0m[2m=[0m0.9560 [3mask_b[0m[2m=[0m0.96
[2m2026-04-12T20:36:27.681253Z[0m [34mDEBUG[0m [2mmercury::engine::market_actor[0m[2m:[0m Tick received — running arb detection [3mmarket_id[0m[2m=[0m631deb8c-fbb4-489e-818e-ae698f57f50b [3mplatform[0m[2m=[0mKalshi [3mbid[0m[2m=[0m0.9560 [3mask[0m[2m=[0m0.9600 [3mmid[0m[2m=[0m0.9580 [3mbid_size[0m[2m=[0m3.00 [3mask_size[0m[2m=[0m119.00
[2m2026-04-12T20:36:27.681424Z[0m [34mDEBUG[0m [2mmercury::engine::spread[0m[2m:[0m Evaluated spread direction 2 [3mmarket_id[0m[2m=[0m631deb8c-fbb4-489e-818e-ae698f57f50b [3mdirection[0m[2m=[0m"NO-A/YES-B" [3mraw_spread[0m[2m=[0m-0.0040 [3mbid_a[0m[2m=[0m0.9560 [3mask_b[0m[2m=[0m0.96
[2m2026-04-12T20:36:27.681577Z[0m [34mDEBUG[0m [2mmercury::engine::market_actor[0m[2m:[0m Tick received — running arb detection [3mmarket_id[0m[2m=[0m631deb8c-fbb4-489e-818e-ae698f57f50b [3mplatform[0m[2m=[0mKalshi [3mbid[0m[2m=[0m0.9560 [3mask[0m[2m=[0m0.9600 [3mmid[0m[2m=[0m0.9580 [3mbid_size[0m[2m=[0m3.00 [3mask_size[0m[2m=[0m86.94
[2m2026-04-12T20:36:27.681747Z[0m [34mDEBUG[0m [2mmercury::engine::spread[0m[2m:[0m Evaluated spread direction 2 [3mmarket_id[0m[2m=[0m631deb8c-fbb4-489e-818e-ae698f57f50b [3mdirection[0m[2m=[0m"NO-A/YES-B" [3mraw_spread[0m[2m=[0m-0.0040 [3mbid_a[0m[2m=[0m0.9560 [3mask_b[0m[2m=[0m0.96
[2m2026-04-12T20:36:27.681898Z[0m [34mDEBUG[0m [2mmercury::engine::market_actor[0m[2m:[0m Tick received — running arb detection [3mmarket_id[0m[2m=[0m631deb8c-fbb4-489e-818e-ae698f57f50b [3mplatform[0m[2m=[0mKalshi [3mbid[0m[2m=[0m0.9560 [3mask[0m[2m=[0m0.9600 [3mmid[0m[2m=[0m0.9580 [3mbid_size[0m[2m=[0m3.00 [3mask_size[0m[2m=[0m86.94
[2m2026-04-12T20:36:27.682067Z[0m [34mDEBUG[0m [2mmercury::engine::spread[0m[2m:[0m Evaluated spread direction 2 [3mmarket_id[0m[2m=[0m631deb8c-fbb4-489e-818e-ae698f57f50b [3mdirection[0m[2m=[0m"NO-A/YES-B" [3mraw_spread[0m[2m=[0m-0.0040 [3mbid_a[0m[2m=[0m0.9560 [3mask_b[0m[2m=[0m0.96
[2m2026-04-12T20:36:27.684442Z[0m [34mDEBUG[0m [2mmercury::engine::market_actor[0m[2m:[0m Tick received — running arb detection [3mmarket_id[0m[2m=[0m631deb8c-fbb4-489e-818e-ae698f57f50b [3mplatform[0m[2m=[0mKalshi [3mbid[0m[2m=[0m0.9560 [3mask[0m[2m=[0m0.9600 [3mmid[0m[2m=[0m0.9580 [3mbid_size[0m[2m=[0m3.00 [3mask_size[0m[2m=[0m86.94
[2m2026-04-12T20:36:27.684692Z[0m [34mDEBUG[0m [2mmercury::engine::spread[0m[2m:[0m Evaluated spread direction 2 [3mmarket_id[0m[2m=[0m631deb8c-fbb4-489e-818e-ae698f57f50b [3mdirection[0m[2m=[0m"NO-A/YES-B" [3mraw_spread[0m[2m=[0m-0.0040 [3mbid_a[0m[2m=[0m0.9560 [3mask_b[0m[2m=[0m0.96
[2m2026-04-12T20:36:27.684865Z[0m [34mDEBUG[0m [2mmercury::engine::market_actor[0m[2m:[0m Tick received — running arb detection [3mmarket_id[0m[2m=[0m631deb8c-fbb4-489e-818e-ae698f57f50b [3mplatform[0m[2m=[0mPolymarket [3mbid[0m[2m=[0m0.94 [3mask[0m[2m=[0m0.96 [3mmid[0m[2m=[0m0.95 [3mbid_size[0m[2m=[0m156.3 [3mask_size[0m[2m=[0m117.8
[2m2026-04-12T20:36:27.685037Z[0m [34mDEBUG[0m [2mmercury::engine::spread[0m[2m:[0m Evaluated spread direction 2 [3mmarket_id[0m[2m=[0m631deb8c-fbb4-489e-818e-ae698f57f50b [3mdirection[0m[2m=[0m"NO-A/YES-B" [3mraw_spread[0m[2m=[0m-0.0040 [3mbid_a[0m[2m=[0m0.9560 [3mask_b[0m[2m=[0m0.96
[2m2026-04-12T20:36:27.733328Z[0m [34mDEBUG[0m [2mmercury::engine::market_actor[0m[2m:[0m Tick received — running arb detection [3mmarket_id[0m[2m=[0m631deb8c-fbb4-489e-818e-ae698f57f50b [3mplatform[0m[2m=[0mKalshi [3mbid[0m[2m=[0m0.9560 [3mask[0m[2m=[0m0.9600 [3mmid[0m[2m=[0m0.9580 [3mbid_size[0m[2m=[0m3.00 [3mask_size[0m[2m=[0m19.00
[2m2026-04-12T20:36:27.733418Z[0m [34mDEBUG[0m [2mmercury::engine::market_actor[0m[2m:[0m Tick received — running arb detection [3mmarket_id[0m[2m=[0m9046452d-bcb3-4bb8-8925-8924b7439992 [3mplatform[0m[2m=[0mPolymarket [3mbid[0m[2m=[0m0.89 [3mask[0m[2m=[0m0.9 [3mmid[0m[2m=[0m0.8950 [3mbid_size[0m[2m=[0m220.32 [3mask_size[0m[2m=[0m276.23
[2m2026-04-12T20:36:27.733671Z[0m [34mDEBUG[0m [2mmercury::engine::spread[0m[2m:[0m Evaluated spread direction 2 [3mmarket_id[0m[2m=[0m631deb8c-fbb4-489e-818e-ae698f57f50b [3mdirection[0m[2m=[0m"NO-A/YES-B" [3mraw_spread[0m[2m=[0m-0.0040 [3mbid_a[0m[2m=[0m0.9560 [3mask_b[0m[2m=[0m0.96
[2m2026-04-12T20:36:27.733809Z[0m [32m INFO[0m [2mmercury::feeds::discovery[0m[2m:[0m 15m crypto round matched [3masset[0m[2m=[0mxrp [3mround_start[0m[2m=[0m1776025800 [3mpoly[0m[2m=[0mtrue [3mkalshi[0m[2m=[0mtrue
[2m2026-04-12T20:36:27.733841Z[0m [34mDEBUG[0m [2mmercury::engine::market_actor[0m[2m:[0m Tick received — running arb detection [3mmarket_id[0m[2m=[0m631deb8c-fbb4-489e-818e-ae698f57f50b [3mplatform[0m[2m=[0mKalshi [3mbid[0m[2m=[0m0.9560 [3mask[0m[2m=[0m0.9600 [3mmid[0m[2m=[0m0.9580 [3mbid_size[0m[2m=[0m3.00 [3mask_size[0m[2m=[0m19.00
[2m2026-04-12T20:36:27.733932Z[0m [34mDEBUG[0m [2mmercury::engine::spread[0m[2m:[0m Evaluated spread direction 2 [3mmarket_id[0m[2m=[0m9046452d-bcb3-4bb8-8925-8924b7439992 [3mdirection[0m[2m=[0m"NO-A/YES-B" [3mraw_spread[0m[2m=[0m-0.0600 [3mbid_a[0m[2m=[0m0.89 [3mask_b[0m[2m=[0m0.9500
[2m2026-04-12T20:36:27.734132Z[0m [34mDEBUG[0m [2mmercury::engine::market_actor[0m[2m:[0m Tick received — running arb detection [3mmarket_id[0m[2m=[0m9046452d-bcb3-4bb8-8925-8924b7439992 [3mplatform[0m[2m=[0mPolymarket [3mbid[0m[2m=[0m0.89 [3mask[0m[2m=[0m0.9 [3mmid[0m[2m=[0m0.8950 [3mbid_size[0m[2m=[0m229.24 [3mask_size[0m[2m=[0m276.23
[2m2026-04-12T20:36:27.734156Z[0m [34mDEBUG[0m [2mmercury::engine::spread[0m[2m:[0m Evaluated spread direction 2 [3mmarket_id[0m[2m=[0m631deb8c-fbb4-489e-818e-ae698f57f50b [3mdirection[0m[2m=[0m"NO-A/YES-B" [3mraw_spread[0m[2m=[0m-0.0040 [3mbid_a[0m[2m=[0m0.9560 [3mask_b[0m[2m=[0m0.96
[2m2026-04-12T20:36:27.734336Z[0m [34mDEBUG[0m [2mmercury::engine::market_actor[0m[2m:[0m Tick received — running arb detection [3mmarket_id[0m[2m=[0m631deb8c-fbb4-489e-818e-ae698f57f50b [3mplatform[0m[2m=[0mKalshi [3mbid[0m[2m=[0m0.9560 [3mask[0m[2m=[0m0.9600 [3mmid[0m[2m=[0m0.9580 [3mbid_size[0m[2m=[0m3.00 [3mask_size[0m[2m=[0m19.00
[2m2026-04-12T20:36:27.734385Z[0m [34mDEBUG[0m [2mmercury::engine::spread[0m[2m:[0m Evaluated spread direction 2 [3mmarket_id[0m[2m=[0m9046452d-bcb3-4bb8-8925-8924b7439992 [3mdirection[0m[2m=[0m"NO-A/YES-B" [3mraw_spread[0m[2m=[0m-0.0600 [3mbid_a[0m[2m=[0m0.89 [3mask_b[0m[2m=[0m0.9500
[2m2026-04-12T20:36:27.734600Z[0m [34mDEBUG[0m [2mmercury::engine::spread[0m[2m:[0m Evaluated spread direction 2 [3mmarket_id[0m[2m=[0m631deb8c-fbb4-489e-818e-ae698f57f50b [3mdirection[0m[2m=[0m"NO-A/YES-B" [3mraw_spread[0m[2m=[0m-0.0040 [3mbid_a[0m[2m=[0m0.9560 [3mask_b[0m[2m=[0m0.96
[2m2026-04-12T20:36:27.734789Z[0m [34mDEBUG[0m [2mmercury::engine::market_actor[0m[2m:[0m Tick received — running arb detection [3mmarket_id[0m[2m=[0m631deb8c-fbb4-489e-818e-ae698f57f50b [3mplatform[0m[2m=[0mKalshi [3mbid[0m[2m=[0m0.9560 [3mask[0m[2m=[0m0.9600 [3mmid[0m[2m=[0m0.9580 [3mbid_size[0m[2m=[0m3.00 [3mask_size[0m[2m=[0m19.00
[2m2026-04-12T20:36:27.734968Z[0m [34mDEBUG[0m [2mmercury::engine::spread[0m[2m:[0m Evaluated spread direction 2 [3mmarket_id[0m[2m=[0m631deb8c-fbb4-489e-818e-ae698f57f50b [3mdirection[0m[2m=[0m"NO-A/YES-B" [3mraw_spread[0m[2m=[0m-0.0040 [3mbid_a[0m[2m=[0m0.9560 [3mask_b[0m[2m=[0m0.96
[2m2026-04-12T20:36:27.735126Z[0m [34mDEBUG[0m [2mmercury::engine::market_actor[0m[2m:[0m Tick received — running arb detection [3mmarket_id[0m[2m=[0m631deb8c-fbb4-489e-818e-ae698f57f50b [3mplatform[0m[2m=[0mKalshi [3mbid[0m[2m=[0m0.9560 [3mask[0m[2m=[0m0.9600 [3mmid[0m[2m=[0m0.9580 [3mbid_size[0m[2m=[0m3.00 [3mask_size[0m[2m=[0m19.00
[2m2026-04-12T20:36:27.735297Z[0m [34mDEBUG[0m [2mmercury::engine::spread[0m[2m:[0m Evaluated spread direction 2 [3mmarket_id[0m[2m=[0m631deb8c-fbb4-489e-818e-ae698f57f50b [3mdirection[0m[2m=[0m"NO-A/YES-B" [3mraw_spread[0m[2m=[0m-0.0040 [3mbid_a[0m[2m=[0m0.9560 [3mask_b[0m[2m=[0m0.96
[2m2026-04-12T20:36:27.735456Z[0m [34mDEBUG[0m [2mmercury::engine::market_actor[0m[2m:[0m Tick received — running arb detection [3mmarket_id[0m[2m=[0m631deb8c-fbb4-489e-818e-ae698f57f50b [3mplatform[0m[2m=[0mPolymarket [3mbid[0m[2m=[0m0.94 [3mask[0m[2m=[0m0.96 [3mmid[0m[2m=[0m0.95 [3mbid_size[0m[2m=[0m156.3 [3mask_size[0m[2m=[0m117.8
[2m2026-04-12T20:36:27.735625Z[0m [34mDEBUG[0m [2mmercury::engine::spread[0m[2m:[0m Evaluated spread direction 2 [3mmarket_id[0m[2m=[0m631deb8c-fbb4-489e-818e-ae698f57f50b [3mdirection[0m[2m=[0m"NO-A/YES-B" [3mraw_spread[0m[2m=[0m-0.0040 [3mbid_a[0m[2m=[0m0.9560 [3mask_b[0m[2m=[0m0.96
[2m2026-04-12T20:36:27.741385Z[0m [34mDEBUG[0m [2mmercury::engine::market_actor[0m[2m:[0m Tick received — running arb detection [3mmarket_id[0m[2m=[0m631deb8c-fbb4-489e-818e-ae698f57f50b [3mplatform[0m[2m=[0mKalshi [3mbid[0m[2m=[0m0.9560 [3mask[0m[2m=[0m0.9600 [3mmid[0m[2m=[0m0.9580 [3mbid_size[0m[2m=[0m3.00 [3mask_size[0m[2m=[0m19.00
[2m2026-04-12T20:36:27.741595Z[0m [34mDEBUG[0m [2mmercury::engine::spread[0m[2m:[0m Evaluated spread direction 2 [3mmarket_id[0m[2m=[0m631deb8c-fbb4-489e-818e-ae698f57f50b [3mdirection[0m[2m=[0m"NO-A/YES-B" [3mraw_spread[0m[2m=[0m-0.0040 [3mbid_a[0m[2m=[0m0.9560 [3mask_b[0m[2m=[0m0.96
[2m2026-04-12T20:36:27.741720Z[0m [34mDEBUG[0m [2mmercury::engine::market_actor[0m[2m:[0m Tick received — running arb detection [3mmarket_id[0m[2m=[0m631deb8c-fbb4-489e-818e-ae698f57f50b [3mplatform[0m[2m=[0mKalshi [3mbid[0m[2m=[0m0.9560 [3mask[0m[2m=[0m0.9700 [3mmid[0m[2m=[0m0.9630 [3mbid_size[0m[2m=[0m3.00 [3mask_size[0m[2m=[0m515.28
[2m2026-04-12T20:36:27.741852Z[0m [34mDEBUG[0m [2mmercury::engine::spread[0m[2m:[0m Evaluated spread direction 2 [3mmarket_id[0m[2m=[0m631deb8c-fbb4-489e-818e-ae698f57f50b [3mdirection[0m[2m=[0m"NO-A/YES-B" [3mraw_spread[0m[2m=[0m-0.0040 [3mbid_a[0m[2m=[0m0.9560 [3mask_b[0m[2m=[0m0.96
[2m2026-04-12T20:36:27.783480Z[0m [34mDEBUG[0m [2mmercury::engine::market_actor[0m[2m:[0m Tick received — running arb detection [3mmarket_id[0m[2m=[0m631deb8c-fbb4-489e-818e-ae698f57f50b [3mplatform[0m[2m=[0mKalshi [3mbid[0m[2m=[0m0.9560 [3mask[0m[2m=[0m0.9690 [3mmid[0m[2m=[0m0.9625 [3mbid_size[0m[2m=[0m3.00 [3mask_size[0m[2m=[0m60.00
[2m2026-04-12T20:36:27.783568Z[0m [34mDEBUG[0m [2mmercury::engine::market_actor[0m[2m:[0m Tick received — running arb detection [3mmarket_id[0m[2m=[0m9046452d-bcb3-4bb8-8925-8924b7439992 [3mplatform[0m[2m=[0mPolymarket [3mbid[0m[2m=[0m0.89 [3mask[0m[2m=[0m0.9 [3mmid[0m[2m=[0m0.8950 [3mbid_size[0m[2m=[0m229.24 [3mask_size[0m[2m=[0m276.23
[2m2026-04-12T20:36:27.783681Z[0m [34mDEBUG[0m [2mmercury::feeds::polymarket[0m[2m:[0m Unknown Polymarket event type [3mevent_type[0m[2m=[0mbest_bid_ask
[2m2026-04-12T20:36:27.783846Z[0m [34mDEBUG[0m [2mmercury::engine::spread[0m[2m:[0m Evaluated spread direction 2 [3mmarket_id[0m[2m=[0m631deb8c-fbb4-489e-818e-ae698f57f50b [3mdirection[0m[2m=[0m"NO-A/YES-B" [3mraw_spread[0m[2m=[0m-0.0040 [3mbid_a[0m[2m=[0m0.9560 [3mask_b[0m[2m=[0m0.96
[2m2026-04-12T20:36:27.784016Z[0m [34mDEBUG[0m [2mmercury::engine::market_actor[0m[2m:[0m Tick received — running arb detection [3mmarket_id[0m[2m=[0m631deb8c-fbb4-489e-818e-ae698f57f50b [3mplatform[0m[2m=[0mKalshi [3mbid[0m[2m=[0m0.9560 [3mask[0m[2m=[0m0.9690 [3mmid[0m[2m=[0m0.9625 [3mbid_size[0m[2m=[0m3.00 [3mask_size[0m[2m=[0m60.00
[2m2026-04-12T20:36:27.784089Z[0m [34mDEBUG[0m [2mmercury::engine::spread[0m[2m:[0m Evaluated spread direction 2 [3mmarket_id[0m[2m=[0m9046452d-bcb3-4bb8-8925-8924b7439992 [3mdirection[0m[2m=[0m"NO-A/YES-B" [3mraw_spread[0m[2m=[0m-0.0600 [3mbid_a[0m[2m=[0m0.89 [3mask_b[0m[2m=[0m0.9500
[2m2026-04-12T20:36:27.784286Z[0m [34mDEBUG[0m [2mmercury::engine::market_actor[0m[2m:[0m Tick received — running arb detection [3mmarket_id[0m[2m=[0m9046452d-bcb3-4bb8-8925-8924b7439992 [3mplatform[0m[2m=[0mPolymarket [3mbid[0m[2m=[0m0.89 [3mask[0m[2m=[0m0.9 [3mmid[0m[2m=[0m0.8950 [3mbid_size[0m[2m=[0m211.4 [3mask_size[0m[2m=[0m276.23
[2m2026-04-12T20:36:27.784323Z[0m [34mDEBUG[0m [2mmercury::engine::spread[0m[2m:[0m Evaluated spread direction 2 [3mmarket_id[0m[2m=[0m631deb8c-fbb4-489e-818e-ae698f57f50b [3mdirection[0m[2m=[0m"NO-A/YES-B" [3mraw_spread[0m[2m=[0m-0.0040 [3mbid_a[0m[2m=[0m0.9560 [3mask_b[0m[2m=[0m0.96
[2m2026-04-12T20:36:27.784508Z[0m [34mDEBUG[0m [2mmercury::engine::market_actor[0m[2m:[0m Tick received — running arb detection [3mmarket_id[0m[2m=[0m631deb8c-fbb4-489e-818e-ae698f57f50b [3mplatform[0m[2m=[0mKalshi [3mbid[0m[2m=[0m0.9560 [3mask[0m[2m=[0m0.9690 [3mmid[0m[2m=[0m0.9625 [3mbid_size[0m[2m=[0m3.00 [3mask_size[0m[2m=[0m60.00
[2m2026-04-12T20:36:27.784588Z[0m [34mDEBUG[0m [2mmercury::engine::spread[0m[2m:[0m Evaluated spread direction 2 [3mmarket_id[0m[2m=[0m9046452d-bcb3-4bb8-8925-8924b7439992 [3mdirection[0m[2m=[0m"NO-A/YES-B" [3mraw_spread[0m[2m=[0m-0.0600 [3mbid_a[0m[2m=[0m0.89 [3mask_b[0m[2m=[0m0.9500
[2m2026-04-12T20:36:27.784793Z[0m [34mDEBUG[0m [2mmercury::engine::market_actor[0m[2m:[0m Tick received — running arb detection [3mmarket_id[0m[2m=[0m9046452d-bcb3-4bb8-8925-8924b7439992 [3mplatform[0m[2m=[0mPolymarket [3mbid[0m[2m=[0m0.89 [3mask[0m[2m=[0m0.9 [3mmid[0m[2m=[0m0.8950 [3mbid_size[0m[2m=[0m209.79 [3mask_size[0m[2m=[0m276.23
[2m2026-04-12T20:36:27.784828Z[0m [34mDEBUG[0m [2mmercury::feeds::polymarket[0m[2m:[0m Unknown Polymarket event type [3mevent_type[0m[2m=[0mbest_bid_ask
[2m2026-04-12T20:36:27.784837Z[0m [34mDEBUG[0m [2mmercury::engine::spread[0m[2m:[0m Evaluated spread direction 2 [3mmarket_id[0m[2m=[0m631deb8c-fbb4-489e-818e-ae698f57f50b [3mdirection[0m[2m=[0m"NO-A/YES-B" [3mraw_spread[0m[2m=[0m-0.0040 [3mbid_a[0m[2m=[0m0.9560 [3mask_b[0m[2m=[0m0.96
[2m2026-04-12T20:36:27.785092Z[0m [34mDEBUG[0m [2mmercury::engine::market_actor[0m[2m:[0m Tick received — running arb detection [3mmarket_id[0m[2m=[0m631deb8c-fbb4-489e-818e-ae698f57f50b [3mplatform[0m[2m=[0mKalshi [3mbid[0m[2m=[0m0.9560 [3mask[0m[2m=[0m0.9630 [3mmid[0m[2m=[0m0.9595 [3mbid_size[0m[2m=[0m3.00 [3mask_size[0m[2m=[0m80.00
[2m2026-04-12T20:36:27.785151Z[0m [34mDEBUG[0m [2mmercury::engine::spread[0m[2m:[0m Evaluated spread direction 2 [3mmarket_id[0m[2m=[0m9046452d-bcb3-4bb8-8925-8924b7439992 [3mdirection[0m[2m=[0m"NO-A/YES-B" [3mraw_spread[0m[2m=[0m-0.0600 [3mbid_a[0m[2m=[0m0.89 [3mask_b[0m[2m=[0m0.9500
[2m2026-04-12T20:36:27.785197Z[0m [34mDEBUG[0m [2mmercury::engine::market_actor[0m[2m:[0m Tick received — running arb detection [3mmarket_id[0m[2m=[0m2b958b37-9921-40b8-b22d-64a67138ae70 [3mplatform[0m[2m=[0mPolymarket [3mbid[0m[2m=[0m0.89 [3mask[0m[2m=[0m0.92 [3mmid[0m[2m=[0m0.9050 [3mbid_size[0m[2m=[0m13.3 [3mask_size[0m[2m=[0m5
[2m2026-04-12T20:36:27.785334Z[0m [34mDEBUG[0m [2mmercury::engine::market_actor[0m[2m:[0m Tick received — running arb detection [3mmarket_id[0m[2m=[0m9046452d-bcb3-4bb8-8925-8924b7439992 [3mplatform[0m[2m=[0mPolymarket [3mbid[0m[2m=[0m0.89 [3mask[0m[2m=[0m0.9 [3mmid[0m[2m=[0m0.8950 [3mbid_size[0m[2m=[0m209.79 [3mask_size[0m[2m=[0m276.23
[2m2026-04-12T20:36:27.785376Z[0m [34mDEBUG[0m [2mmercury::engine::spread[0m[2m:[0m Evaluated spread direction 2 [3mmarket_id[0m[2m=[0m631deb8c-fbb4-489e-818e-ae698f57f50b [3mdirection[0m[2m=[0m"NO-A/YES-B" [3mraw_spread[0m[2m=[0m-0.0040 [3mbid_a[0m[2m=[0m0.9560 [3mask_b[0m[2m=[0m0.96
[2m2026-04-12T20:36:27.785566Z[0m [34mDEBUG[0m [2mmercury::engine::market_actor[0m[2m:[0m Tick received — running arb detection [3mmarket_id[0m[2m=[0m631deb8c-fbb4-489e-818e-ae698f57f50b [3mplatform[0m[2m=[0mKalshi [3mbid[0m[2m=[0m0.9560 [3mask[0m[2m=[0m0.9630 [3mmid[0m[2m=[0m0.9595 [3mbid_size[0m[2m=[0m3.00 [3mask_size[0m[2m=[0m80.00
[2m2026-04-12T20:36:27.785590Z[0m [34mDEBUG[0m [2mmercury::engine::spread[0m[2m:[0m Evaluated spread direction 2 [3mmarket_id[0m[2m=[0m2b958b37-9921-40b8-b22d-64a67138ae70 [3mdirection[0m[2m=[0m"NO-A/YES-B" [3mraw_spread[0m[2m=[0m-0.0600 [3mbid_a[0m[2m=[0m0.8600 [3mask_b[0m[2m=[0m0.92
[2m2026-04-12T20:36:27.785837Z[0m [34mDEBUG[0m [2mmercury::engine::spread[0m[2m:[0m Evaluated spread direction 2 [3mmarket_id[0m[2m=[0m9046452d-bcb3-4bb8-8925-8924b7439992 [3mdirection[0m[2m=[0m"NO-A/YES-B" [3mraw_spread[0m[2m=[0m-0.0600 [3mbid_a[0m[2m=[0m0.89 [3mask_b[0m[2m=[0m0.9500
[2m2026-04-12T20:36:27.786031Z[0m [34mDEBUG[0m [2mmercury::engine::spread[0m[2m:[0m Evaluated spread direction 2 [3mmarket_id[0m[2m=[0m631deb8c-fbb4-489e-818e-ae698f57f50b [3mdirection[0m[2m=[0m"NO-A/YES-B" [3mraw_spread[0m[2m=[0m-0.0040 [3mbid_a[0m[2m=[0m0.9560 [3mask_b[0m[2m=[0m0.96
[2m2026-04-12T20:36:27.786190Z[0m [34mDEBUG[0m [2mmercury::engine::market_actor[0m[2m:[0m Tick received — running arb detection [3mmarket_id[0m[2m=[0m631deb8c-fbb4-489e-818e-ae698f57f50b [3mplatform[0m[2m=[0mKalshi [3mbid[0m[2m=[0m0.9620 [3mask[0m[2m=[0m0.9630 [3mmid[0m[2m=[0m0.9625 [3mbid_size[0m[2m=[0m500.00 [3mask_size[0m[2m=[0m80.00
[2m2026-04-12T20:36:27.786363Z[0m [34mDEBUG[0m [2mmercury::engine::spread[0m[2m:[0m Evaluated spread direction 2 [3mmarket_id[0m[2m=[0m631deb8c-fbb4-489e-818e-ae698f57f50b [3mdirection[0m[2m=[0m"NO-A/YES-B" [3mraw_spread[0m[2m=[0m0.0020 [3mbid_a[0m[2m=[0m0.9620 [3mask_b[0m[2m=[0m0.96
[2m2026-04-12T20:36:27.786533Z[0m [34mDEBUG[0m [2mmercury::engine::market_actor[0m[2m:[0m Tick received — running arb detection [3mmarket_id[0m[2m=[0m631deb8c-fbb4-489e-818e-ae698f57f50b [3mplatform[0m[2m=[0mKalshi [3mbid[0m[2m=[0m0.9620 [3mask[0m[2m=[0m0.9630 [3mmid[0m[2m=[0m0.9625 [3mbid_size[0m[2m=[0m500.00 [3mask_size[0m[2m=[0m80.00
[2m2026-04-12T20:36:27.786671Z[0m [34mDEBUG[0m [2mmercury::engine::spread[0m[2m:[0m Evaluated spread direction 2 [3mmarket_id[0m[2m=[0m631deb8c-fbb4-489e-818e-ae698f57f50b [3mdirection[0m[2m=[0m"NO-A/YES-B" [3mraw_spread[0m[2m=[0m0.0020 [3mbid_a[0m[2m=[0m0.9620 [3mask_b[0m[2m=[0m0.96
[2m2026-04-12T20:36:27.786808Z[0m [34mDEBUG[0m [2mmercury::engine::market_actor[0m[2m:[0m Tick received — running arb detection [3mmarket_id[0m[2m=[0m631deb8c-fbb4-489e-818e-ae698f57f50b [3mplatform[0m[2m=[0mKalshi [3mbid[0m[2m=[0m0.9620 [3mask[0m[2m=[0m0.9630 [3mmid[0m[2m=[0m0.9625 [3mbid_size[0m[2m=[0m500.00 [3mask_size[0m[2m=[0m80.00
[2m2026-04-12T20:36:27.786941Z[0m [34mDEBUG[0m [2mmercury::engine::spread[0m[2m:[0m Evaluated spread direction 2 [3mmarket_id[0m[2m=[0m631deb8c-fbb4-489e-818e-ae698f57f50b [3mdirection[0m[2m=[0m"NO-A/YES-B" [3mraw_spread[0m[2m=[0m0.0020 [3mbid_a[0m[2m=[0m0.9620 [3mask_b[0m[2m=[0m0.96
[2m2026-04-12T20:36:27.834397Z[0m [34mDEBUG[0m [2mmercury::engine::market_actor[0m[2m:[0m Tick received — running arb detection [3mmarket_id[0m[2m=[0m631deb8c-fbb4-489e-818e-ae698f57f50b [3mplatform[0m[2m=[0mKalshi [3mbid[0m[2m=[0m0.9620 [3mask[0m[2m=[0m0.9630 [3mmid[0m[2m=[0m0.9625 [3mbid_size[0m[2m=[0m500.00 [3mask_size[0m[2m=[0m80.00
[2m2026-04-12T20:36:27.834709Z[0m [34mDEBUG[0m [2mmercury::engine::market_actor[0m[2m:[0m Tick received — running arb detection [3mmarket_id[0m[2m=[0m9046452d-bcb3-4bb8-8925-8924b7439992 [3mplatform[0m[2m=[0mPolymarket [3mbid[0m[2m=[0m0.89 [3mask[0m[2m=[0m0.9 [3mmid[0m[2m=[0m0.8950 [3mbid_size[0m[2m=[0m218.84 [3mask_size[0m[2m=[0m276.23
[2m2026-04-12T20:36:27.834794Z[0m [34mDEBUG[0m [2mmercury::engine::spread[0m[2m:[0m Evaluated spread direction 2 [3mmarket_id[0m[2m=[0m631deb8c-fbb4-489e-818e-ae698f57f50b [3mdirection[0m[2m=[0m"NO-A/YES-B" [3mraw_spread[0m[2m=[0m0.0020 [3mbid_a[0m[2m=[0m0.9620 [3mask_b[0m[2m=[0m0.96
[2m2026-04-12T20:36:27.834995Z[0m [34mDEBUG[0m [2mmercury::engine::market_actor[0m[2m:[0m Tick received — running arb detection [3mmarket_id[0m[2m=[0m631deb8c-fbb4-489e-818e-ae698f57f50b [3mplatform[0m[2m=[0mPolymarket [3mbid[0m[2m=[0m0.94 [3mask[0m[2m=[0m0.96 [3mmid[0m[2m=[0m0.95 [3mbid_size[0m[2m=[0m156.3 [3mask_size[0m[2m=[0m117.8
[2m2026-04-12T20:36:27.835058Z[0m [34mDEBUG[0m [2mmercury::engine::spread[0m[2m:[0m Evaluated spread direction 2 [3mmarket_id[0m[2m=[0m9046452d-bcb3-4bb8-8925-8924b7439992 [3mdirection[0m[2m=[0m"NO-A/YES-B" [3mraw_spread[0m[2m=[0m-0.0600 [3mbid_a[0m[2m=[0m0.89 [3mask_b[0m[2m=[0m0.9500
[2m2026-04-12T20:36:27.835231Z[0m [34mDEBUG[0m [2mmercury::engine::market_actor[0m[2m:[0m Tick received — running arb detection [3mmarket_id[0m[2m=[0m9046452d-bcb3-4bb8-8925-8924b7439992 [3mplatform[0m[2m=[0mPolymarket [3mbid[0m[2m=[0m0.89 [3mask[0m[2m=[0m0.9 [3mmid[0m[2m=[0m0.8950 [3mbid_size[0m[2m=[0m218.84 [3mask_size[0m[2m=[0m276.23
[2m2026-04-12T20:36:27.835268Z[0m [34mDEBUG[0m [2mmercury::engine::spread[0m[2m:[0m Evaluated spread direction 2 [3mmarket_id[0m[2m=[0m631deb8c-fbb4-489e-818e-ae698f57f50b [3mdirection[0m[2m=[0m"NO-A/YES-B" [3mraw_spread[0m[2m=[0m0.0020 [3mbid_a[0m[2m=[0m0.9620 [3mask_b[0m[2m=[0m0.96
[2m2026-04-12T20:36:27.835480Z[0m [34mDEBUG[0m [2mmercury::engine::market_actor[0m[2m:[0m Tick received — running arb detection [3mmarket_id[0m[2m=[0ma5a7da9a-b993-4c2a-80bc-cbc1d3c50971 [3mplatform[0m[2m=[0mPolymarket [3mbid[0m[2m=[0m0.49 [3mask[0m[2m=[0m0.5 [3mmid[0m[2m=[0m0.4950 [3mbid_size[0m[2m=[0m268.56 [3mask_size[0m[2m=[0m4437.85
[2m2026-04-12T20:36:27.835526Z[0m [34mDEBUG[0m [2mmercury::engine::spread[0m[2m:[0m Evaluated spread direction 2 [3mmarket_id[0m[2m=[0m9046452d-bcb3-4bb8-8925-8924b7439992 [3mdirection[0m[2m=[0m"NO-A/YES-B" [3mraw_spread[0m[2m=[0m-0.0600 [3mbid_a[0m[2m=[0m0.89 [3mask_b[0m[2m=[0m0.9500
[2m2026-04-12T20:36:27.835489Z[0m [34mDEBUG[0m [2mmercury::engine::market_actor[0m[2m:[0m Tick received — running arb detection [3mmarket_id[0m[2m=[0m631deb8c-fbb4-489e-818e-ae698f57f50b [3mplatform[0m[2m=[0mKalshi [3mbid[0m[2m=[0m0.9620 [3mask[0m[2m=[0m0.9630 [3mmid[0m[2m=[0m0.9625 [3mbid_size[0m[2m=[0m500.00 [3mask_size[0m[2m=[0m180.00
[2m2026-04-12T20:36:27.835733Z[0m [34mDEBUG[0m [2mmercury::engine::market_actor[0m[2m:[0m Tick received — running arb detection [3mmarket_id[0m[2m=[0m9046452d-bcb3-4bb8-8925-8924b7439992 [3mplatform[0m[2m=[0mPolymarket [3mbid[0m[2m=[0m0.89 [3mask[0m[2m=[0m0.9 [3mmid[0m[2m=[0m0.8950 [3mbid_size[0m[2m=[0m218.84 [3mask_size[0m[2m=[0m276.23
[2m2026-04-12T20:36:27.835761Z[0m [34mDEBUG[0m [2mmercury::engine::spread[0m[2m:[0m Evaluated spread direction 2 [3mmarket_id[0m[2m=[0m631deb8c-fbb4-489e-818e-ae698f57f50b [3mdirection[0m[2m=[0m"NO-A/YES-B" [3mraw_spread[0m[2m=[0m0.0020 [3mbid_a[0m[2m=[0m0.9620 [3mask_b[0m[2m=[0m0.96
[2m2026-04-12T20:36:27.836006Z[0m [34mDEBUG[0m [2mmercury::engine::market_actor[0m[2m:[0m Tick received — running arb detection [3mmarket_id[0m[2m=[0m631deb8c-fbb4-489e-818e-ae698f57f50b [3mplatform[0m[2m=[0mKalshi [3mbid[0m[2m=[0m0.9620 [3mask[0m[2m=[0m0.9630 [3mmid[0m[2m=[0m0.9625 [3mbid_size[0m[2m=[0m500.00 [3mask_size[0m[2m=[0m100.00
[2m2026-04-12T20:36:27.836047Z[0m [34mDEBUG[0m [2mmercury::engine::spread[0m[2m:[0m Evaluated spread direction 2 [3mmarket_id[0m[2m=[0m9046452d-bcb3-4bb8-8925-8924b7439992 [3mdirection[0m[2m=[0m"NO-A/YES-B" [3mraw_spread[0m[2m=[0m-0.0600 [3mbid_a[0m[2m=[0m0.89 [3mask_b[0m[2m=[0m0.9500
[2m2026-04-12T20:36:27.836227Z[0m [34mDEBUG[0m [2mmercury::engine::spread[0m[2m:[0m Evaluated spread direction 2 [3mmarket_id[0m[2m=[0m631deb8c-fbb4-489e-818e-ae698f57f50b [3mdirection[0m[2m=[0m"NO-A/YES-B" [3mraw_spread[0m[2m=[0m0.0020 [3mbid_a[0m[2m=[0m0.9620 [3mask_b[0m[2m=[0m0.96
[2m2026-04-12T20:36:27.836418Z[0m [34mDEBUG[0m [2mmercury::engine::market_actor[0m[2m:[0m Tick received — running arb detection [3mmarket_id[0m[2m=[0m631deb8c-fbb4-489e-818e-ae698f57f50b [3mplatform[0m[2m=[0mKalshi [3mbid[0m[2m=[0m0.9590 [3mask[0m[2m=[0m0.9630 [3mmid[0m[2m=[0m0.9610 [3mbid_size[0m[2m=[0m3.00 [3mask_size[0m[2m=[0m100.00
[2m2026-04-12T20:36:27.836593Z[0m [34mDEBUG[0m [2mmercury::engine::spread[0m[2m:[0m Evaluated spread direction 2 [3mmarket_id[0m[2m=[0m631deb8c-fbb4-489e-818e-ae698f57f50b [3mdirection[0m[2m=[0m"NO-A/YES-B" [3mraw_spread[0m[2m=[0m-0.0010 [3mbid_a[0m[2m=[0m0.9590 [3mask_b[0m[2m=[0m0.96
[2m2026-04-12T20:36:27.836746Z[0m [34mDEBUG[0m [2mmercury::engine::market_actor[0m[2m:[0m Tick received — running arb detection [3mmarket_id[0m[2m=[0m631deb8c-fbb4-489e-818e-ae698f57f50b [3mplatform[0m[2m=[0mKalshi [3mbid[0m[2m=[0m0.9590 [3mask[0m[2m=[0m0.9630 [3mmid[0m[2m=[0m0.9610 [3mbid_size[0m[2m=[0m3.00 [3mask_size[0m[2m=[0m100.00
[2m2026-04-12T20:36:27.836917Z[0m [34mDEBUG[0m [2mmercury::engine::spread[0m[2m:[0m Evaluated spread direction 2 [3mmarket_id[0m[2m=[0m631deb8c-fbb4-489e-818e-ae698f57f50b [3mdirection[0m[2m=[0m"NO-A/YES-B" [3mraw_spread[0m[2m=[0m-0.0010 [3mbid_a[0m[2m=[0m0.9590 [3mask_b[0m[2m=[0m0.96
[2m2026-04-12T20:36:27.837073Z[0m [34mDEBUG[0m [2mmercury::engine::market_actor[0m[2m:[0m Tick received — running arb detection [3mmarket_id[0m[2m=[0m631deb8c-fbb4-489e-818e-ae698f57f50b [3mplatform[0m[2m=[0mPolymarket [3mbid[0m[2m=[0m0.94 [3mask[0m[2m=[0m0.96 [3mmid[0m[2m=[0m0.95 [3mbid_size[0m[2m=[0m156.3 [3mask_size[0m[2m=[0m117.8
[2m2026-04-12T20:36:27.837240Z[0m [34mDEBUG[0m [2mmercury::engine::spread[0m[2m:[0m Evaluated spread direction 2 [3mmarket_id[0m[2m=[0m631deb8c-fbb4-489e-818e-ae698f57f50b [3mdirection[0m[2m=[0m"NO-A/YES-B" [3mraw_spread[0m[2m=[0m-0.0010 [3mbid_a[0m[2m=[0m0.9590 [3mask_b[0m[2m=[0m0.96
[2m2026-04-12T20:36:27.837404Z[0m [34mDEBUG[0m [2mmercury::engine::market_actor[0m[2m:[0m Tick received — running arb detection [3mmarket_id[0m[2m=[0m631deb8c-fbb4-489e-818e-ae698f57f50b [3mplatform[0m[2m=[0mPolymarket [3mbid[0m[2m=[0m0.94 [3mask[0m[2m=[0m0.96 [3mmid[0m[2m=[0m0.95 [3mbid_size[0m[2m=[0m156.3 [3mask_size[0m[2m=[0m117.8
[2m2026-04-12T20:36:27.837570Z[0m [34mDEBUG[0m [2mmercury::engine::spread[0m[2m:[0m Evaluated spread direction 2 [3mmarket_id[0m[2m=[0m631deb8c-fbb4-489e-818e-ae698f57f50b [3mdirection[0m[2m=[0m"NO-A/YES-B" [3mraw_spread[0m[2m=[0m-0.0010 [3mbid_a[0m[2m=[0m0.9590 [3mask_b[0m[2m=[0m0.96
[2m2026-04-12T20:36:27.840734Z[0m [34mDEBUG[0m [2mmercury::engine::market_actor[0m[2m:[0m Tick received — running arb detection [3mmarket_id[0m[2m=[0m631deb8c-fbb4-489e-818e-ae698f57f50b [3mplatform[0m[2m=[0mKalshi [3mbid[0m[2m=[0m0.9590 [3mask[0m[2m=[0m0.9630 [3mmid[0m[2m=[0m0.9610 [3mbid_size[0m[2m=[0m3.00 [3mask_size[0m[2m=[0m103.00
[2m2026-04-12T20:36:27.840934Z[0m [34mDEBUG[0m [2mmercury::engine::spread[0m[2m:[0m Evaluated spread direction 2 [3mmarket_id[0m[2m=[0m631deb8c-fbb4-489e-818e-ae698f57f50b [3mdirection[0m[2m=[0m"NO-A/YES-B" [3mraw_spread[0m[2m=[0m-0.0010 [3mbid_a[0m[2m=[0m0.9590 [3mask_b[0m[2m=[0m0.96
[2m2026-04-12T20:36:27.845649Z[0m [34mDEBUG[0m [2mmercury::engine::market_actor[0m[2m:[0m Tick received — running arb detection [3mmarket_id[0m[2m=[0m631deb8c-fbb4-489e-818e-ae698f57f50b [3mplatform[0m[2m=[0mPolymarket [3mbid[0m[2m=[0m0.94 [3mask[0m[2m=[0m0.96 [3mmid[0m[2m=[0m0.95 [3mbid_size[0m[2m=[0m156.3 [3mask_size[0m[2m=[0m117.8
[2m2026-04-12T20:36:27.845982Z[0m [34mDEBUG[0m [2mmercury::engine::spread[0m[2m:[0m Evaluated spread direction 2 [3mmarket_id[0m[2m=[0m631deb8c-fbb4-489e-818e-ae698f57f50b [3mdirection[0m[2m=[0m"NO-A/YES-B" [3mraw_spread[0m[2m=[0m-0.0010 [3mbid_a[0m[2m=[0m0.9590 [3mask_b[0m[2m=[0m0.96
[2m2026-04-12T20:36:27.847413Z[0m [34mDEBUG[0m [2mmercury::engine::market_actor[0m[2m:[0m Tick received — running arb detection [3mmarket_id[0m[2m=[0m631deb8c-fbb4-489e-818e-ae698f57f50b [3mplatform[0m[2m=[0mKalshi [3mbid[0m[2m=[0m0.9590 [3mask[0m[2m=[0m0.9630 [3mmid[0m[2m=[0m0.9610 [3mbid_size[0m[2m=[0m3.00 [3mask_size[0m[2m=[0m103.00
[2m2026-04-12T20:36:27.847686Z[0m [34mDEBUG[0m [2mmercury::engine::spread[0m[2m:[0m Evaluated spread direction 2 [3mmarket_id[0m[2m=[0m631deb8c-fbb4-489e-818e-ae698f57f50b [3mdirection[0m[2m=[0m"NO-A/YES-B" [3mraw_spread[0m[2m=[0m-0.0010 [3mbid_a[0m[2m=[0m0.9590 [3mask_b[0m[2m=[0m0.96
[2m2026-04-12T20:36:27.847853Z[0m [34mDEBUG[0m [2mmercury::engine::market_actor[0m[2m:[0m Tick received — running arb detection [3mmarket_id[0m[2m=[0m631deb8c-fbb4-489e-818e-ae698f57f50b [3mplatform[0m[2m=[0mKalshi [3mbid[0m[2m=[0m0.9590 [3mask[0m[2m=[0m0.9630 [3mmid[0m[2m=[0m0.9610 [3mbid_size[0m[2m=[0m3.00 [3mask_size[0m[2m=[0m103.00
[2m2026-04-12T20:36:27.848028Z[0m [34mDEBUG[0m [2mmercury::engine::spread[0m[2m:[0m Evaluated spread direction 2 [3mmarket_id[0m[2m=[0m631deb8c-fbb4-489e-818e-ae698f57f50b [3mdirection[0m[2m=[0m"NO-A/YES-B" [3mraw_spread[0m[2m=[0m-0.0010 [3mbid_a[0m[2m=[0m0.9590 [3mask_b[0m[2m=[0m0.96
[2m2026-04-12T20:36:27.885900Z[0m [34mDEBUG[0m [2mmercury::engine::market_actor[0m[2m:[0m Tick received — running arb detection [3mmarket_id[0m[2m=[0m631deb8c-fbb4-489e-818e-ae698f57f50b [3mplatform[0m[2m=[0mKalshi [3mbid[0m[2m=[0m0.9590 [3mask[0m[2m=[0m0.9630 [3mmid[0m[2m=[0m0.9610 [3mbid_size[0m[2m=[0m3.00 [3mask_size[0m[2m=[0m103.00
[2m2026-04-12T20:36:27.886007Z[0m [34mDEBUG[0m [2mmercury::engine::market_actor[0m[2m:[0m Tick received — running arb detection [3mmarket_id[0m[2m=[0m9046452d-bcb3-4bb8-8925-8924b7439992 [3mplatform[0m[2m=[0mPolymarket [3mbid[0m[2m=[0m0.89 [3mask[0m[2m=[0m0.9 [3mmid[0m[2m=[0m0.8950 [3mbid_size[0m[2m=[0m218.84 [3mask_size[0m[2m=[0m276.23
[2m2026-04-12T20:36:27.886236Z[0m [34mDEBUG[0m [2mmercury::engine::spread[0m[2m:[0m Evaluated spread direction 2 [3mmarket_id[0m[2m=[0m631deb8c-fbb4-489e-818e-ae698f57f50b [3mdirection[0m[2m=[0m"NO-A/YES-B" [3mraw_spread[0m[2m=[0m-0.0010 [3mbid_a[0m[2m=[0m0.9590 [3mask_b[0m[2m=[0m0.96
[2m2026-04-12T20:36:27.886305Z[0m [34mDEBUG[0m [2mmercury::feeds::discovery[0m[2m:[0m No Kalshi 15m market found for this round [3masset[0m[2m=[0m"xrp" [3mround_start_ts[0m[2m=[0m1776026700 [3mtarget_close[0m[2m=[0m1776027600
[2m2026-04-12T20:36:27.886414Z[0m [34mDEBUG[0m [2mmercury::engine::market_actor[0m[2m:[0m Tick received — running arb detection [3mmarket_id[0m[2m=[0m631deb8c-fbb4-489e-818e-ae698f57f50b [3mplatform[0m[2m=[0mKalshi [3mbid[0m[2m=[0m0.9590 [3mask[0m[2m=[0m0.9630 [3mmid[0m[2m=[0m0.9610 [3mbid_size[0m[2m=[0m3.00 [3mask_size[0m[2m=[0m3.00
[2m2026-04-12T20:36:27.886498Z[0m [34mDEBUG[0m [2mmercury::engine::spread[0m[2m:[0m Evaluated spread direction 2 [3mmarket_id[0m[2m=[0m9046452d-bcb3-4bb8-8925-8924b7439992 [3mdirection[0m[2m=[0m"NO-A/YES-B" [3mraw_spread[0m[2m=[0m-0.0600 [3mbid_a[0m[2m=[0m0.89 [3mask_b[0m[2m=[0m0.9500
[2m2026-04-12T20:36:27.886526Z[0m [32m INFO[0m [2mmercury::feeds::discovery[0m[2m:[0m 15m crypto round matched [3masset[0m[2m=[0mxrp [3mround_start[0m[2m=[0m1776026700 [3mpoly[0m[2m=[0mtrue [3mkalshi[0m[2m=[0mfalse
[2m2026-04-12T20:36:27.886719Z[0m [34mDEBUG[0m [2mmercury::engine::market_actor[0m[2m:[0m Tick received — running arb detection [3mmarket_id[0m[2m=[0m9046452d-bcb3-4bb8-8925-8924b7439992 [3mplatform[0m[2m=[0mPolymarket [3mbid[0m[2m=[0m0.89 [3mask[0m[2m=[0m0.9 [3mmid[0m[2m=[0m0.8950 [3mbid_size[0m[2m=[0m218.84 [3mask_size[0m[2m=[0m276.23
[2m2026-04-12T20:36:27.886752Z[0m [34mDEBUG[0m [2mmercury::engine::spread[0m[2m:[0m Evaluated spread direction 2 [3mmarket_id[0m[2m=[0m631deb8c-fbb4-489e-818e-ae698f57f50b [3mdirection[0m[2m=[0m"NO-A/YES-B" [3mraw_spread[0m[2m=[0m-0.0010 [3mbid_a[0m[2m=[0m0.9590 [3mask_b[0m[2m=[0m0.96
[2m2026-04-12T20:36:27.886948Z[0m [34mDEBUG[0m [2mmercury::engine::market_actor[0m[2m:[0m Tick received — running arb detection [3mmarket_id[0m[2m=[0m631deb8c-fbb4-489e-818e-ae698f57f50b [3mplatform[0m[2m=[0mKalshi [3mbid[0m[2m=[0m0.9590 [3mask[0m[2m=[0m0.9630 [3mmid[0m[2m=[0m0.9610 [3mbid_size[0m[2m=[0m3.00 [3mask_size[0m[2m=[0m3.00
[2m2026-04-12T20:36:27.887039Z[0m [34mDEBUG[0m [2mmercury::engine::spread[0m[2m:[0m Evaluated spread direction 2 [3mmarket_id[0m[2m=[0m9046452d-bcb3-4bb8-8925-8924b7439992 [3mdirection[0m[2m=[0m"NO-A/YES-B" [3mraw_spread[0m[2m=[0m-0.0600 [3mbid_a[0m[2m=[0m0.89 [3mask_b[0m[2m=[0m0.9500
[2m2026-04-12T20:36:27.887239Z[0m [34mDEBUG[0m [2mmercury::engine::market_actor[0m[2m:[0m Tick received — running arb detection [3mmarket_id[0m[2m=[0m9046452d-bcb3-4bb8-8925-8924b7439992 [3mplatform[0m[2m=[0mPolymarket [3mbid[0m[2m=[0m0.89 [3mask[0m[2m=[0m0.9 [3mmid[0m[2m=[0m0.8950 [3mbid_size[0m[2m=[0m227.89 [3mask_size[0m[2m=[0m276.23
[2m2026-04-12T20:36:27.887260Z[0m [34mDEBUG[0m [2mmercury::engine::spread[0m[2m:[0m Evaluated spread direction 2 [3mmarket_id[0m[2m=[0m631deb8c-fbb4-489e-818e-ae698f57f50b [3mdirection[0m[2m=[0m"NO-A/YES-B" [3mraw_spread[0m[2m=[0m-0.0010 [3mbid_a[0m[2m=[0m0.9590 [3mask_b[0m[2m=[0m0.96
[2m2026-04-12T20:36:27.887465Z[0m [34mDEBUG[0m [2mmercury::engine::market_actor[0m[2m:[0m Tick received — running arb detection [3mmarket_id[0m[2m=[0m631deb8c-fbb4-489e-818e-ae698f57f50b [3mplatform[0m[2m=[0mKalshi [3mbid[0m[2m=[0m0.9590 [3mask[0m[2m=[0m0.9680 [3mmid[0m[2m=[0m0.9635 [3mbid_size[0m[2m=[0m3.00 [3mask_size[0m[2m=[0m80.00
[2m2026-04-12T20:36:27.887522Z[0m [34mDEBUG[0m [2mmercury::engine::spread[0m[2m:[0m Evaluated spread direction 2 [3mmarket_id[0m[2m=[0m9046452d-bcb3-4bb8-8925-8924b7439992 [3mdirection[0m[2m=[0m"NO-A/YES-B" [3mraw_spread[0m[2m=[0m-0.0600 [3mbid_a[0m[2m=[0m0.89 [3mask_b[0m[2m=[0m0.9500
[2m2026-04-12T20:36:27.887747Z[0m [34mDEBUG[0m [2mmercury::engine::spread[0m[2m:[0m Evaluated spread direction 2 [3mmarket_id[0m[2m=[0m631deb8c-fbb4-489e-818e-ae698f57f50b [3mdirection[0m[2m=[0m"NO-A/YES-B" [3mraw_spread[0m[2m=[0m-0.0010 [3mbid_a[0m[2m=[0m0.9590 [3mask_b[0m[2m=[0m0.96
[2m2026-04-12T20:36:27.887905Z[0m [34mDEBUG[0m [2mmercury::engine::market_actor[0m[2m:[0m Tick received — running arb detection [3mmarket_id[0m[2m=[0m631deb8c-fbb4-489e-818e-ae698f57f50b [3mplatform[0m[2m=[0mKalshi [3mbid[0m[2m=[0m0.9590 [3mask[0m[2m=[0m0.9600 [3mmid[0m[2m=[0m0.9595 [3mbid_size[0m[2m=[0m3.00 [3mask_size[0m[2m=[0m3.00
[2m2026-04-12T20:36:27.888076Z[0m [34mDEBUG[0m [2mmercury::engine::spread[0m[2m:[0m Evaluated spread direction 2 [3mmarket_id[0m[2m=[0m631deb8c-fbb4-489e-818e-ae698f57f50b [3mdirection[0m[2m=[0m"NO-A/YES-B" [3mraw_spread[0m[2m=[0m-0.0010 [3mbid_a[0m[2m=[0m0.9590 [3mask_b[0m[2m=[0m0.96
[2m2026-04-12T20:36:27.888229Z[0m [34mDEBUG[0m [2mmercury::engine::market_actor[0m[2m:[0m Tick received — running arb detection [3mmarket_id[0m[2m=[0m631deb8c-fbb4-489e-818e-ae698f57f50b [3mplatform[0m[2m=[0mKalshi [3mbid[0m[2m=[0m0.9590 [3mask[0m[2m=[0m0.9600 [3mmid[0m[2m=[0m0.9595 [3mbid_size[0m[2m=[0m3.00 [3mask_size[0m[2m=[0m3.00
[2m2026-04-12T20:36:27.888399Z[0m [34mDEBUG[0m [2mmercury::engine::spread[0m[2m:[0m Evaluated spread direction 2 [3mmarket_id[0m[2m=[0m631deb8c-fbb4-489e-818e-ae698f57f50b [3mdirection[0m[2m=[0m"NO-A/YES-B" [3mraw_spread[0m[2m=[0m-0.0010 [3mbid_a[0m[2m=[0m0.9590 [3mask_b[0m[2m=[0m0.96
[2m2026-04-12T20:36:27.888550Z[0m [34mDEBUG[0m [2mmercury::engine::market_actor[0m[2m:[0m Tick received — running arb detection [3mmarket_id[0m[2m=[0m631deb8c-fbb4-489e-818e-ae698f57f50b [3mplatform[0m[2m=[0mKalshi [3mbid[0m[2m=[0m0.9590 [3mask[0m[2m=[0m0.9600 [3mmid[0m[2m=[0m0.9595 [3mbid_size[0m[2m=[0m3.00 [3mask_size[0m[2m=[0m3.00
[2m2026-04-12T20:36:27.888720Z[0m [34mDEBUG[0m [2mmercury::engine::spread[0m[2m:[0m Evaluated spread direction 2 [3mmarket_id[0m[2m=[0m631deb8c-fbb4-489e-818e-ae698f57f50b [3mdirection[0m[2m=[0m"NO-A/YES-B" [3mraw_spread[0m[2m=[0m-0.0010 [3mbid_a[0m[2m=[0m0.9590 [3mask_b[0m[2m=[0m0.96
[2m2026-04-12T20:36:27.895728Z[0m [34mDEBUG[0m [2mmercury::engine::market_actor[0m[2m:[0m Tick received — running arb detection [3mmarket_id[0m[2m=[0m631deb8c-fbb4-489e-818e-ae698f57f50b [3mplatform[0m[2m=[0mKalshi [3mbid[0m[2m=[0m0.9590 [3mask[0m[2m=[0m0.9600 [3mmid[0m[2m=[0m0.9595 [3mbid_size[0m[2m=[0m3.00 [3mask_size[0m[2m=[0m3.00
[2m2026-04-12T20:36:27.895935Z[0m [34mDEBUG[0m [2mmercury::engine::spread[0m[2m:[0m Evaluated spread direction 2 [3mmarket_id[0m[2m=[0m631deb8c-fbb4-489e-818e-ae698f57f50b [3mdirection[0m[2m=[0m"NO-A/YES-B" [3mraw_spread[0m[2m=[0m-0.0010 [3mbid_a[0m[2m=[0m0.9590 [3mask_b[0m[2m=[0m0.96
[2m2026-04-12T20:36:27.897044Z[0m [34mDEBUG[0m [2mmercury::engine::market_actor[0m[2m:[0m Tick received — running arb detection [3mmarket_id[0m[2m=[0m631deb8c-fbb4-489e-818e-ae698f57f50b [3mplatform[0m[2m=[0mKalshi [3mbid[0m[2m=[0m0.9590 [3mask[0m[2m=[0m0.9600 [3mmid[0m[2m=[0m0.9595 [3mbid_size[0m[2m=[0m3.00 [3mask_size[0m[2m=[0m3.00
[2m2026-04-12T20:36:27.897201Z[0m [34mDEBUG[0m [2mmercury::engine::spread[0m[2m:[0m Evaluated spread direction 2 [3mmarket_id[0m[2m=[0m631deb8c-fbb4-489e-818e-ae698f57f50b [3mdirection[0m[2m=[0m"NO-A/YES-B" [3mraw_spread[0m[2m=[0m-0.0010 [3mbid_a[0m[2m=[0m0.9590 [3mask_b[0m[2m=[0m0.96
[2m2026-04-12T20:36:27.942892Z[0m [34mDEBUG[0m [2mmercury::engine::market_actor[0m[2m:[0m Tick received — running arb detection [3mmarket_id[0m[2m=[0m631deb8c-fbb4-489e-818e-ae698f57f50b [3mplatform[0m[2m=[0mKalshi [3mbid[0m[2m=[0m0.9590 [3mask[0m[2m=[0m0.9600 [3mmid[0m[2m=[0m0.9595 [3mbid_size[0m[2m=[0m3.00 [3mask_size[0m[2m=[0m3.00
[2m2026-04-12T20:36:27.942961Z[0m [34mDEBUG[0m [2mmercury::engine::market_actor[0m[2m:[0m Tick received — running arb detection [3mmarket_id[0m[2m=[0m9046452d-bcb3-4bb8-8925-8924b7439992 [3mplatform[0m[2m=[0mPolymarket [3mbid[0m[2m=[0m0.89 [3mask[0m[2m=[0m0.9 [3mmid[0m[2m=[0m0.8950 [3mbid_size[0m[2m=[0m209.79 [3mask_size[0m[2m=[0m276.23
[2m2026-04-12T20:36:27.943164Z[0m [34mDEBUG[0m [2mmercury::engine::spread[0m[2m:[0m Evaluated spread direction 2 [3mmarket_id[0m[2m=[0m631deb8c-fbb4-489e-818e-ae698f57f50b [3mdirection[0m[2m=[0m"NO-A/YES-B" [3mraw_spread[0m[2m=[0m-0.0010 [3mbid_a[0m[2m=[0m0.9590 [3mask_b[0m[2m=[0m0.96
[2m2026-04-12T20:36:27.943334Z[0m [34mDEBUG[0m [2mmercury::engine::market_actor[0m[2m:[0m Tick received — running arb detection [3mmarket_id[0m[2m=[0m631deb8c-fbb4-489e-818e-ae698f57f50b [3mplatform[0m[2m=[0mKalshi [3mbid[0m[2m=[0m0.9590 [3mask[0m[2m=[0m0.9600 [3mmid[0m[2m=[0m0.9595 [3mbid_size[0m[2m=[0m3.00 [3mask_size[0m[2m=[0m3.00
[2m2026-04-12T20:36:27.943487Z[0m [34mDEBUG[0m [2mmercury::engine::spread[0m[2m:[0m Evaluated spread direction 2 [3mmarket_id[0m[2m=[0m9046452d-bcb3-4bb8-8925-8924b7439992 [3mdirection[0m[2m=[0m"NO-A/YES-B" [3mraw_spread[0m[2m=[0m-0.0600 [3mbid_a[0m[2m=[0m0.89 [3mask_b[0m[2m=[0m0.9500
[2m2026-04-12T20:36:27.943639Z[0m [34mDEBUG[0m [2mmercury::engine::market_actor[0m[2m:[0m Tick received — running arb detection [3mmarket_id[0m[2m=[0m9046452d-bcb3-4bb8-8925-8924b7439992 [3mplatform[0m[2m=[0mPolymarket [3mbid[0m[2m=[0m0.89 [3mask[0m[2m=[0m0.9 [3mmid[0m[2m=[0m0.8950 [3mbid_size[0m[2m=[0m209.79 [3mask_size[0m[2m=[0m276.23
[2m2026-04-12T20:36:27.943683Z[0m [34mDEBUG[0m [2mmercury::engine::spread[0m[2m:[0m Evaluated spread direction 2 [3mmarket_id[0m[2m=[0m631deb8c-fbb4-489e-818e-ae698f57f50b [3mdirection[0m[2m=[0m"NO-A/YES-B" [3mraw_spread[0m[2m=[0m-0.0010 [3mbid_a[0m[2m=[0m0.9590 [3mask_b[0m[2m=[0m0.96
[2m2026-04-12T20:36:27.943828Z[0m [34mDEBUG[0m [2mmercury::engine::market_actor[0m[2m:[0m Tick received — running arb detection [3mmarket_id[0m[2m=[0m631deb8c-fbb4-489e-818e-ae698f57f50b [3mplatform[0m[2m=[0mKalshi [3mbid[0m[2m=[0m0.9590 [3mask[0m[2m=[0m0.9600 [3mmid[0m[2m=[0m0.9595 [3mbid_size[0m[2m=[0m3.00 [3mask_size[0m[2m=[0m3.00
[2m2026-04-12T20:36:27.943868Z[0m [34mDEBUG[0m [2mmercury::engine::spread[0m[2m:[0m Evaluated spread direction 2 [3mmarket_id[0m[2m=[0m9046452d-bcb3-4bb8-8925-8924b7439992 [3mdirection[0m[2m=[0m"NO-A/YES-B" [3mraw_spread[0m[2m=[0m-0.0600 [3mbid_a[0m[2m=[0m0.89 [3mask_b[0m[2m=[0m0.9500
[2m2026-04-12T20:36:27.944020Z[0m [34mDEBUG[0m [2mmercury::engine::spread[0m[2m:[0m Evaluated spread direction 2 [3mmarket_id[0m[2m=[0m631deb8c-fbb4-489e-818e-ae698f57f50b [3mdirection[0m[2m=[0m"NO-A/YES-B" [3mraw_spread[0m[2m=[0m-0.0010 [3mbid_a[0m[2m=[0m0.9590 [3mask_b[0m[2m=[0m0.96
[2m2026-04-12T20:36:27.944168Z[0m [34mDEBUG[0m [2mmercury::engine::market_actor[0m[2m:[0m Tick received — running arb detection [3mmarket_id[0m[2m=[0m631deb8c-fbb4-489e-818e-ae698f57f50b [3mplatform[0m[2m=[0mKalshi [3mbid[0m[2m=[0m0.9590 [3mask[0m[2m=[0m0.9600 [3mmid[0m[2m=[0m0.9595 [3mbid_size[0m[2m=[0m3.00 [3mask_size[0m[2m=[0m3.00
[2m2026-04-12T20:36:27.944304Z[0m [34mDEBUG[0m [2mmercury::engine::spread[0m[2m:[0m Evaluated spread direction 2 [3mmarket_id[0m[2m=[0m631deb8c-fbb4-489e-818e-ae698f57f50b [3mdirection[0m[2m=[0m"NO-A/YES-B" [3mraw_spread[0m[2m=[0m-0.0010 [3mbid_a[0m[2m=[0m0.9590 [3mask_b[0m[2m=[0m0.96
[2m2026-04-12T20:36:27.944431Z[0m [34mDEBUG[0m [2mmercury::engine::market_actor[0m[2m:[0m Tick received — running arb detection [3mmarket_id[0m[2m=[0m631deb8c-fbb4-489e-818e-ae698f57f50b [3mplatform[0m[2m=[0mPolymarket [3mbid[0m[2m=[0m0.94 [3mask[0m[2m=[0m0.96 [3mmid[0m[2m=[0m0.95 [3mbid_size[0m[2m=[0m156.3 [3mask_size[0m[2m=[0m117.8
[2m2026-04-12T20:36:27.944561Z[0m [34mDEBUG[0m [2mmercury::engine::spread[0m[2m:[0m Evaluated spread direction 2 [3mmarket_id[0m[2m=[0m631deb8c-fbb4-489e-818e-ae698f57f50b [3mdirection[0m[2m=[0m"NO-A/YES-B" [3mraw_spread[0m[2m=[0m-0.0010 [3mbid_a[0m[2m=[0m0.9590 [3mask_b[0m[2m=[0m0.96
[2m2026-04-12T20:36:27.944680Z[0m [34mDEBUG[0m [2mmercury::engine::market_actor[0m[2m:[0m Tick received — running arb detection [3mmarket_id[0m[2m=[0m631deb8c-fbb4-489e-818e-ae698f57f50b [3mplatform[0m[2m=[0mKalshi [3mbid[0m[2m=[0m0.9590 [3mask[0m[2m=[0m0.9600 [3mmid[0m[2m=[0m0.9595 [3mbid_size[0m[2m=[0m3.00 [3mask_size[0m[2m=[0m3.00
[2m2026-04-12T20:36:27.944812Z[0m [34mDEBUG[0m [2mmercury::engine::spread[0m[2m:[0m Evaluated spread direction 2 [3mmarket_id[0m[2m=[0m631deb8c-fbb4-489e-818e-ae698f57f50b [3mdirection[0m[2m=[0m"NO-A/YES-B" [3mraw_spread[0m[2m=[0m-0.0010 [3mbid_a[0m[2m=[0m0.9590 [3mask_b[0m[2m=[0m0.96
[2m2026-04-12T20:36:27.944930Z[0m [34mDEBUG[0m [2mmercury::engine::market_actor[0m[2m:[0m Tick received — running arb detection [3mmarket_id[0m[2m=[0m631deb8c-fbb4-489e-818e-ae698f57f50b [3mplatform[0m[2m=[0mPolymarket [3mbid[0m[2m=[0m0.94 [3mask[0m[2m=[0m0.96 [3mmid[0m[2m=[0m0.95 [3mbid_size[0m[2m=[0m156.3 [3mask_size[0m[2m=[0m117.8
[2m2026-04-12T20:36:27.945060Z[0m [34mDEBUG[0m [2mmercury::engine::spread[0m[2m:[0m Evaluated spread direction 2 [3mmarket_id[0m[2m=[0m631deb8c-fbb4-489e-818e-ae698f57f50b [3mdirection[0m[2m=[0m"NO-A/YES-B" [3mraw_spread[0m[2m=[0m-0.0010 [3mbid_a[0m[2m=[0m0.9590 [3mask_b[0m[2m=[0m0.96
[2m2026-04-12T20:36:27.945173Z[0m [34mDEBUG[0m [2mmercury::engine::market_actor[0m[2m:[0m Tick received — running arb detection [3mmarket_id[0m[2m=[0m631deb8c-fbb4-489e-818e-ae698f57f50b [3mplatform[0m[2m=[0mPolymarket [3mbid[0m[2m=[0m0.94 [3mask[0m[2m=[0m0.96 [3mmid[0m[2m=[0m0.95 [3mbid_size[0m[2m=[0m156.3 [3mask_size[0m[2m=[0m215.8
[2m2026-04-12T20:36:27.945301Z[0m [34mDEBUG[0m [2mmercury::engine::spread[0m[2m:[0m Evaluated spread direction 2 [3mmarket_id[0m[2m=[0m631deb8c-fbb4-489e-818e-ae698f57f50b [3mdirection[0m[2m=[0m"NO-A/YES-B" [3mraw_spread[0m[2m=[0m-0.0010 [3mbid_a[0m[2m=[0m0.9590 [3mask_b[0m[2m=[0m0.96
[2m2026-04-12T20:36:27.987564Z[0m [34mDEBUG[0m [2mmercury::engine::market_actor[0m[2m:[0m Tick received — running arb detection [3mmarket_id[0m[2m=[0m9046452d-bcb3-4bb8-8925-8924b7439992 [3mplatform[0m[2m=[0mPolymarket [3mbid[0m[2m=[0m0.89 [3mask[0m[2m=[0m0.9 [3mmid[0m[2m=[0m0.8950 [3mbid_size[0m[2m=[0m209.79 [3mask_size[0m[2m=[0m276.23
[2m2026-04-12T20:36:27.987805Z[0m [34mDEBUG[0m [2mmercury::engine::spread[0m[2m:[0m Evaluated spread direction 2 [3mmarket_id[0m[2m=[0m9046452d-bcb3-4bb8-8925-8924b7439992 [3mdirection[0m[2m=[0m"NO-A/YES-B" [3mraw_spread[0m[2m=[0m-0.0600 [3mbid_a[0m[2m=[0m0.89 [3mask_b[0m[2m=[0m0.9500
[2m2026-04-12T20:36:27.987991Z[0m [34mDEBUG[0m [2mmercury::engine::market_actor[0m[2m:[0m Tick received — running arb detection [3mmarket_id[0m[2m=[0m9046452d-bcb3-4bb8-8925-8924b7439992 [3mplatform[0m[2m=[0mPolymarket [3mbid[0m[2m=[0m0.89 [3mask[0m[2m=[0m0.9 [3mmid[0m[2m=[0m0.8950 [3mbid_size[0m[2m=[0m218.84 [3mask_size[0m[2m=[0m276.23
[2m2026-04-12T20:36:27.988005Z[0m [34mDEBUG[0m [2mmercury::engine::market_actor[0m[2m:[0m Tick received — running arb detection [3mmarket_id[0m[2m=[0m79e1f598-7189-438f-a66e-b184b04be477 [3mplatform[0m[2m=[0mPolymarket [3mbid[0m[2m=[0m0.81 [3mask[0m[2m=[0m0.84 [3mmid[0m[2m=[0m0.8250 [3mbid_size[0m[2m=[0m17.94 [3mask_size[0m[2m=[0m48.46
[2m2026-04-12T20:36:27.988051Z[0m [34mDEBUG[0m [2mmercury::engine::market_actor[0m[2m:[0m Tick received — running arb detection [3mmarket_id[0m[2m=[0m2b958b37-9921-40b8-b22d-64a67138ae70 [3mplatform[0m[2m=[0mPolymarket [3mbid[0m[2m=[0m0.89 [3mask[0m[2m=[0m0.92 [3mmid[0m[2m=[0m0.9050 [3mbid_size[0m[2m=[0m13.3 [3mask_size[0m[2m=[0m5
[2m2026-04-12T20:36:27.988149Z[0m [34mDEBUG[0m [2mmercury::engine::spread[0m[2m:[0m Evaluated spread direction 2 [3mmarket_id[0m[2m=[0m9046452d-bcb3-4bb8-8925-8924b7439992 [3mdirection[0m[2m=[0m"NO-A/YES-B" [3mraw_spread[0m[2m=[0m-0.0600 [3mbid_a[0m[2m=[0m0.89 [3mask_b[0m[2m=[0m0.9500
[2m2026-04-12T20:36:27.988277Z[0m [34mDEBUG[0m [2mmercury::engine::market_actor[0m[2m:[0m Tick received — running arb detection [3mmarket_id[0m[2m=[0m9046452d-bcb3-4bb8-8925-8924b7439992 [3mplatform[0m[2m=[0mPolymarket [3mbid[0m[2m=[0m0.89 [3mask[0m[2m=[0m0.9 [3mmid[0m[2m=[0m0.8950 [3mbid_size[0m[2m=[0m218.84 [3mask_size[0m[2m=[0m276.23
[2m2026-04-12T20:36:27.988363Z[0m [34mDEBUG[0m [2mmercury::engine::spread[0m[2m:[0m Evaluated spread direction 2 [3mmarket_id[0m[2m=[0m2b958b37-9921-40b8-b22d-64a67138ae70 [3mdirection[0m[2m=[0m"NO-A/YES-B" [3mraw_spread[0m[2m=[0m-0.0600 [3mbid_a[0m[2m=[0m0.8600 [3mask_b[0m[2m=[0m0.92
[2m2026-04-12T20:36:27.988361Z[0m [34mDEBUG[0m [2mmercury::engine::market_actor[0m[2m:[0m Tick received — running arb detection [3mmarket_id[0m[2m=[0m631deb8c-fbb4-489e-818e-ae698f57f50b [3mplatform[0m[2m=[0mPolymarket [3mbid[0m[2m=[0m0.94 [3mask[0m[2m=[0m0.96 [3mmid[0m[2m=[0m0.95 [3mbid_size[0m[2m=[0m156.3 [3mask_size[0m[2m=[0m215.8
[2m2026-04-12T20:36:27.988512Z[0m [34mDEBUG[0m [2mmercury::engine::market_actor[0m[2m:[0m Tick received — running arb detection [3mmarket_id[0m[2m=[0m2b958b37-9921-40b8-b22d-64a67138ae70 [3mplatform[0m[2m=[0mPolymarket [3mbid[0m[2m=[0m0.89 [3mask[0m[2m=[0m0.92 [3mmid[0m[2m=[0m0.9050 [3mbid_size[0m[2m=[0m13.3 [3mask_size[0m[2m=[0m5
[2m2026-04-12T20:36:27.988544Z[0m [34mDEBUG[0m [2mmercury::engine::spread[0m[2m:[0m Evaluated spread direction 2 [3mmarket_id[0m[2m=[0m9046452d-bcb3-4bb8-8925-8924b7439992 [3mdirection[0m[2m=[0m"NO-A/YES-B" [3mraw_spread[0m[2m=[0m-0.0600 [3mbid_a[0m[2m=[0m0.89 [3mask_b[0m[2m=[0m0.9500
[2m2026-04-12T20:36:27.988691Z[0m [34mDEBUG[0m [2mmercury::engine::market_actor[0m[2m:[0m Tick received — running arb detection [3mmarket_id[0m[2m=[0m9046452d-bcb3-4bb8-8925-8924b7439992 [3mplatform[0m[2m=[0mPolymarket [3mbid[0m[2m=[0m0.89 [3mask[0m[2m=[0m0.9 [3mmid[0m[2m=[0m0.8950 [3mbid_size[0m[2m=[0m209.79 [3mask_size[0m[2m=[0m276.23
[2m2026-04-12T20:36:27.988709Z[0m [34mDEBUG[0m [2mmercury::engine::spread[0m[2m:[0m Evaluated spread direction 2 [3mmarket_id[0m[2m=[0m631deb8c-fbb4-489e-818e-ae698f57f50b [3mdirection[0m[2m=[0m"NO-A/YES-B" [3mraw_spread[0m[2m=[0m-0.0010 [3mbid_a[0m[2m=[0m0.9590 [3mask_b[0m[2m=[0m0.96
[2m2026-04-12T20:36:27.988752Z[0m [34mDEBUG[0m [2mmercury::engine::market_actor[0m[2m:[0m Tick received — running arb detection [3mmarket_id[0m[2m=[0m79e1f598-7189-438f-a66e-b184b04be477 [3mplatform[0m[2m=[0mPolymarket [3mbid[0m[2m=[0m0.81 [3mask[0m[2m=[0m0.84 [3mmid[0m[2m=[0m0.8250 [3mbid_size[0m[2m=[0m17.94 [3mask_size[0m[2m=[0m48.46
[2m2026-04-12T20:36:27.988857Z[0m [34mDEBUG[0m [2mmercury::engine::market_actor[0m[2m:[0m Tick received — running arb detection [3mmarket_id[0m[2m=[0m631deb8c-fbb4-489e-818e-ae698f57f50b [3mplatform[0m[2m=[0mPolymarket [3mbid[0m[2m=[0m0.94 [3mask[0m[2m=[0m0.96 [3mmid[0m[2m=[0m0.95 [3mbid_size[0m[2m=[0m156.3 [3mask_size[0m[2m=[0m215.8
[2m2026-04-12T20:36:27.988879Z[0m [34mDEBUG[0m [2mmercury::engine::spread[0m[2m:[0m Evaluated spread direction 2 [3mmarket_id[0m[2m=[0m2b958b37-9921-40b8-b22d-64a67138ae70 [3mdirection[0m[2m=[0m"NO-A/YES-B" [3mraw_spread[0m[2m=[0m-0.0600 [3mbid_a[0m[2m=[0m0.8600 [3mask_b[0m[2m=[0m0.92
[2m2026-04-12T20:36:27.989088Z[0m [34mDEBUG[0m [2mmercury::engine::spread[0m[2m:[0m Evaluated spread direction 2 [3mmarket_id[0m[2m=[0m9046452d-bcb3-4bb8-8925-8924b7439992 [3mdirection[0m[2m=[0m"NO-A/YES-B" [3mraw_spread[0m[2m=[0m-0.0600 [3mbid_a[0m[2m=[0m0.89 [3mask_b[0m[2m=[0m0.9500
[2m2026-04-12T20:36:27.989226Z[0m [34mDEBUG[0m [2mmercury::engine::market_actor[0m[2m:[0m Tick received — running arb detection [3mmarket_id[0m[2m=[0m9046452d-bcb3-4bb8-8925-8924b7439992 [3mplatform[0m[2m=[0mPolymarket [3mbid[0m[2m=[0m0.89 [3mask[0m[2m=[0m0.9 [3mmid[0m[2m=[0m0.8950 [3mbid_size[0m[2m=[0m209.79 [3mask_size[0m[2m=[0m276.23
[2m2026-04-12T20:36:27.989267Z[0m [34mDEBUG[0m [2mmercury::engine::spread[0m[2m:[0m Evaluated spread direction 2 [3mmarket_id[0m[2m=[0m631deb8c-fbb4-489e-818e-ae698f57f50b [3mdirection[0m[2m=[0m"NO-A/YES-B" [3mraw_spread[0m[2m=[0m-0.0010 [3mbid_a[0m[2m=[0m0.9590 [3mask_b[0m[2m=[0m0.96
[2m2026-04-12T20:36:27.989453Z[0m [34mDEBUG[0m [2mmercury::engine::spread[0m[2m:[0m Evaluated spread direction 2 [3mmarket_id[0m[2m=[0m9046452d-bcb3-4bb8-8925-8924b7439992 [3mdirection[0m[2m=[0m"NO-A/YES-B" [3mraw_spread[0m[2m=[0m-0.0600 [3mbid_a[0m[2m=[0m0.89 [3mask_b[0m[2m=[0m0.9500
[2m2026-04-12T20:36:27.989583Z[0m [34mDEBUG[0m [2mmercury::engine::market_actor[0m[2m:[0m Tick received — running arb detection [3mmarket_id[0m[2m=[0m9046452d-bcb3-4bb8-8925-8924b7439992 [3mplatform[0m[2m=[0mPolymarket [3mbid[0m[2m=[0m0.89 [3mask[0m[2m=[0m0.9 [3mmid[0m[2m=[0m0.8950 [3mbid_size[0m[2m=[0m209.79 [3mask_size[0m[2m=[0m276.23
[2m2026-04-12T20:36:27.989737Z[0m [34mDEBUG[0m [2mmercury::engine::spread[0m[2m:[0m Evaluated spread direction 2 [3mmarket_id[0m[2m=[0m9046452d-bcb3-4bb8-8925-8924b7439992 [3mdirection[0m[2m=[0m"NO-A/YES-B" [3mraw_spread[0m[2m=[0m-0.0600 [3mbid_a[0m[2m=[0m0.89 [3mask_b[0m[2m=[0m0.9500
[2m2026-04-12T20:36:27.989864Z[0m [34mDEBUG[0m [2mmercury::engine::market_actor[0m[2m:[0m Tick received — running arb detection [3mmarket_id[0m[2m=[0m9046452d-bcb3-4bb8-8925-8924b7439992 [3mplatform[0m[2m=[0mPolymarket [3mbid[0m[2m=[0m0.89 [3mask[0m[2m=[0m0.9 [3mmid[0m[2m=[0m0.8950 [3mbid_size[0m[2m=[0m209.79 [3mask_size[0m[2m=[0m276.23
[2m2026-04-12T20:36:27.990017Z[0m [34mDEBUG[0m [2mmercury::engine::spread[0m[2m:[0m Evaluated spread direction 2 [3mmarket_id[0m[2m=[0m9046452d-bcb3-4bb8-8925-8924b7439992 [3mdirection[0m[2m=[0m"NO-A/YES-B" [3mraw_spread[0m[2m=[0m-0.0600 [3mbid_a[0m[2m=[0m0.89 [3mask_b[0m[2m=[0m0.9500
[2m2026-04-12T20:36:27.990427Z[0m [34mDEBUG[0m [2mmercury::engine::market_actor[0m[2m:[0m Tick received — running arb detection [3mmarket_id[0m[2m=[0m631deb8c-fbb4-489e-818e-ae698f57f50b [3mplatform[0m[2m=[0mKalshi [3mbid[0m[2m=[0m0.9590 [3mask[0m[2m=[0m0.9600 [3mmid[0m[2m=[0m0.9595 [3mbid_size[0m[2m=[0m3.00 [3mask_size[0m[2m=[0m3.00
[2m2026-04-12T20:36:27.990583Z[0m [34mDEBUG[0m [2mmercury::engine::spread[0m[2m:[0m Evaluated spread direction 2 [3mmarket_id[0m[2m=[0m631deb8c-fbb4-489e-818e-ae698f57f50b [3mdirection[0m[2m=[0m"NO-A/YES-B" [3mraw_spread[0m[2m=[0m-0.0010 [3mbid_a[0m[2m=[0m0.9590 [3mask_b[0m[2m=[0m0.96
[2m2026-04-12T20:36:28.045148Z[0m [34mDEBUG[0m [2mmercury::engine::market_actor[0m[2m:[0m Tick received — running arb detection [3mmarket_id[0m[2m=[0m79e1f598-7189-438f-a66e-b184b04be477 [3mplatform[0m[2m=[0mPolymarket [3mbid[0m[2m=[0m0.81 [3mask[0m[2m=[0m0.84 [3mmid[0m[2m=[0m0.8250 [3mbid_size[0m[2m=[0m17.94 [3mask_size[0m[2m=[0m48.46
[2m2026-04-12T20:36:28.045176Z[0m [34mDEBUG[0m [2mmercury::engine::market_actor[0m[2m:[0m Tick received — running arb detection [3mmarket_id[0m[2m=[0m9046452d-bcb3-4bb8-8925-8924b7439992 [3mplatform[0m[2m=[0mPolymarket [3mbid[0m[2m=[0m0.89 [3mask[0m[2m=[0m0.9 [3mmid[0m[2m=[0m0.8950 [3mbid_size[0m[2m=[0m209.79 [3mask_size[0m[2m=[0m276.23
[2m2026-04-12T20:36:28.045499Z[0m [34mDEBUG[0m [2mmercury::engine::spread[0m[2m:[0m Evaluated spread direction 2 [3mmarket_id[0m[2m=[0m9046452d-bcb3-4bb8-8925-8924b7439992 [3mdirection[0m[2m=[0m"NO-A/YES-B" [3mraw_spread[0m[2m=[0m-0.0600 [3mbid_a[0m[2m=[0m0.89 [3mask_b[0m[2m=[0m0.9500
[2m2026-04-12T20:36:28.045560Z[0m [34mDEBUG[0m [2mmercury::engine::market_actor[0m[2m:[0m Tick received — running arb detection [3mmarket_id[0m[2m=[0m79e1f598-7189-438f-a66e-b184b04be477 [3mplatform[0m[2m=[0mPolymarket [3mbid[0m[2m=[0m0.81 [3mask[0m[2m=[0m0.84 [3mmid[0m[2m=[0m0.8250 [3mbid_size[0m[2m=[0m17.94 [3mask_size[0m[2m=[0m48.46
[2m2026-04-12T20:36:28.045603Z[0m [34mDEBUG[0m [2mmercury::engine::market_actor[0m[2m:[0m Tick received — running arb detection [3mmarket_id[0m[2m=[0m631deb8c-fbb4-489e-818e-ae698f57f50b [3mplatform[0m[2m=[0mPolymarket [3mbid[0m[2m=[0m0.94 [3mask[0m[2m=[0m0.96 [3mmid[0m[2m=[0m0.95 [3mbid_size[0m[2m=[0m156.3 [3mask_size[0m[2m=[0m215.8
[2m2026-04-12T20:36:28.045682Z[0m [34mDEBUG[0m [2mmercury::engine::market_actor[0m[2m:[0m Tick received — running arb detection [3mmarket_id[0m[2m=[0m9046452d-bcb3-4bb8-8925-8924b7439992 [3mplatform[0m[2m=[0mPolymarket [3mbid[0m[2m=[0m0.89 [3mask[0m[2m=[0m0.9 [3mmid[0m[2m=[0m0.8950 [3mbid_size[0m[2m=[0m209.79 [3mask_size[0m[2m=[0m276.23
[2m2026-04-12T20:36:28.045778Z[0m [34mDEBUG[0m [2mmercury::engine::market_actor[0m[2m:[0m Tick received — running arb detection [3mmarket_id[0m[2m=[0m2b958b37-9921-40b8-b22d-64a67138ae70 [3mplatform[0m[2m=[0mPolymarket [3mbid[0m[2m=[0m0.89 [3mask[0m[2m=[0m0.92 [3mmid[0m[2m=[0m0.9050 [3mbid_size[0m[2m=[0m13.3 [3mask_size[0m[2m=[0m5
[2m2026-04-12T20:36:28.045802Z[0m [34mDEBUG[0m [2mmercury::engine::spread[0m[2m:[0m Evaluated spread direction 2 [3mmarket_id[0m[2m=[0m631deb8c-fbb4-489e-818e-ae698f57f50b [3mdirection[0m[2m=[0m"NO-A/YES-B" [3mraw_spread[0m[2m=[0m-0.0010 [3mbid_a[0m[2m=[0m0.9590 [3mask_b[0m[2m=[0m0.96
[2m2026-04-12T20:36:28.046073Z[0m [34mDEBUG[0m [2mmercury::engine::market_actor[0m[2m:[0m Tick received — running arb detection [3mmarket_id[0m[2m=[0m631deb8c-fbb4-489e-818e-ae698f57f50b [3mplatform[0m[2m=[0mPolymarket [3mbid[0m[2m=[0m0.94 [3mask[0m[2m=[0m0.96 [3mmid[0m[2m=[0m0.95 [3mbid_size[0m[2m=[0m156.3 [3mask_size[0m[2m=[0m215.8
[2m2026-04-12T20:36:28.046091Z[0m [34mDEBUG[0m [2mmercury::engine::spread[0m[2m:[0m Evaluated spread direction 2 [3mmarket_id[0m[2m=[0m9046452d-bcb3-4bb8-8925-8924b7439992 [3mdirection[0m[2m=[0m"NO-A/YES-B" [3mraw_spread[0m[2m=[0m-0.0600 [3mbid_a[0m[2m=[0m0.89 [3mask_b[0m[2m=[0m0.9500
[2m2026-04-12T20:36:28.046407Z[0m [34mDEBUG[0m [2mmercury::engine::spread[0m[2m:[0m Evaluated spread direction 2 [3mmarket_id[0m[2m=[0m2b958b37-9921-40b8-b22d-64a67138ae70 [3mdirection[0m[2m=[0m"NO-A/YES-B" [3mraw_spread[0m[2m=[0m-0.0600 [3mbid_a[0m[2m=[0m0.8600 [3mask_b[0m[2m=[0m0.92
[2m2026-04-12T20:36:28.046601Z[0m [34mDEBUG[0m [2mmercury::engine::market_actor[0m[2m:[0m Tick received — running arb detection [3mmarket_id[0m[2m=[0m2b958b37-9921-40b8-b22d-64a67138ae70 [3mplatform[0m[2m=[0mPolymarket [3mbid[0m[2m=[0m0.89 [3mask[0m[2m=[0m0.92 [3mmid[0m[2m=[0m0.9050 [3mbid_size[0m[2m=[0m13.3 [3mask_size[0m[2m=[0m5
[2m2026-04-12T20:36:28.046645Z[0m [34mDEBUG[0m [2mmercury::engine::spread[0m[2m:[0m Evaluated spread direction 2 [3mmarket_id[0m[2m=[0m631deb8c-fbb4-489e-818e-ae698f57f50b [3mdirection[0m[2m=[0m"NO-A/YES-B" [3mraw_spread[0m[2m=[0m-0.0010 [3mbid_a[0m[2m=[0m0.9590 [3mask_b[0m[2m=[0m0.96
[2m2026-04-12T20:36:28.046876Z[0m [34mDEBUG[0m [2mmercury::engine::spread[0m[2m:[0m Evaluated spread direction 2 [3mmarket_id[0m[2m=[0m2b958b37-9921-40b8-b22d-64a67138ae70 [3mdirection[0m[2m=[0m"NO-A/YES-B" [3mraw_spread[0m[2m=[0m-0.0600 [3mbid_a[0m[2m=[0m0.8600 [3mask_b[0m[2m=[0m0.92
[2m2026-04-12T20:36:28.048751Z[0m [34mDEBUG[0m [2mmercury::engine::market_actor[0m[2m:[0m Tick received — running arb detection [3mmarket_id[0m[2m=[0m631deb8c-fbb4-489e-818e-ae698f57f50b [3mplatform[0m[2m=[0mPolymarket [3mbid[0m[2m=[0m0.94 [3mask[0m[2m=[0m0.96 [3mmid[0m[2m=[0m0.95 [3mbid_size[0m[2m=[0m156.3 [3mask_size[0m[2m=[0m215.8
[2m2026-04-12T20:36:28.048908Z[0m [34mDEBUG[0m [2mmercury::engine::spread[0m[2m:[0m Evaluated spread direction 2 [3mmarket_id[0m[2m=[0m631deb8c-fbb4-489e-818e-ae698f57f50b [3mdirection[0m[2m=[0m"NO-A/YES-B" [3mraw_spread[0m[2m=[0m-0.0010 [3mbid_a[0m[2m=[0m0.9590 [3mask_b[0m[2m=[0m0.96
[2m2026-04-12T20:36:28.089623Z[0m [34mDEBUG[0m [2mmercury::engine::market_actor[0m[2m:[0m Tick received — running arb detection [3mmarket_id[0m[2m=[0m631deb8c-fbb4-489e-818e-ae698f57f50b [3mplatform[0m[2m=[0mPolymarket [3mbid[0m[2m=[0m0.94 [3mask[0m[2m=[0m0.96 [3mmid[0m[2m=[0m0.95 [3mbid_size[0m[2m=[0m156.3 [3mask_size[0m[2m=[0m215.8
[2m2026-04-12T20:36:28.089890Z[0m [34mDEBUG[0m [2mmercury::engine::spread[0m[2m:[0m Evaluated spread direction 2 [3mmarket_id[0m[2m=[0m631deb8c-fbb4-489e-818e-ae698f57f50b [3mdirection[0m[2m=[0m"NO-A/YES-B" [3mraw_spread[0m[2m=[0m-0.0010 [3mbid_a[0m[2m=[0m0.9590 [3mask_b[0m[2m=[0m0.96
[2m2026-04-12T20:36:28.090056Z[0m [34mDEBUG[0m [2mmercury::engine::market_actor[0m[2m:[0m Tick received — running arb detection [3mmarket_id[0m[2m=[0m631deb8c-fbb4-489e-818e-ae698f57f50b [3mplatform[0m[2m=[0mPolymarket [3mbid[0m[2m=[0m0.94 [3mask[0m[2m=[0m0.96 [3mmid[0m[2m=[0m0.95 [3mbid_size[0m[2m=[0m156.3 [3mask_size[0m[2m=[0m215.8
[2m2026-04-12T20:36:28.090203Z[0m [34mDEBUG[0m [2mmercury::engine::spread[0m[2m:[0m Evaluated spread direction 2 [3mmarket_id[0m[2m=[0m631deb8c-fbb4-489e-818e-ae698f57f50b [3mdirection[0m[2m=[0m"NO-A/YES-B" [3mraw_spread[0m[2m=[0m-0.0010 [3mbid_a[0m[2m=[0m0.9590 [3mask_b[0m[2m=[0m0.96
[2m2026-04-12T20:36:28.093646Z[0m [34mDEBUG[0m [2mmercury::engine::market_actor[0m[2m:[0m Tick received — running arb detection [3mmarket_id[0m[2m=[0m631deb8c-fbb4-489e-818e-ae698f57f50b [3mplatform[0m[2m=[0mKalshi [3mbid[0m[2m=[0m0.9590 [3mask[0m[2m=[0m0.9600 [3mmid[0m[2m=[0m0.9595 [3mbid_size[0m[2m=[0m3.00 [3mask_size[0m[2m=[0m3.00
[2m2026-04-12T20:36:28.093787Z[0m [34mDEBUG[0m [2mmercury::engine::spread[0m[2m:[0m Evaluated spread direction 2 [3mmarket_id[0m[2m=[0m631deb8c-fbb4-489e-818e-ae698f57f50b [3mdirection[0m[2m=[0m"NO-A/YES-B" [3mraw_spread[0m[2m=[0m-0.0010 [3mbid_a[0m[2m=[0m0.9590 [3mask_b[0m[2m=[0m0.96
[2m2026-04-12T20:36:28.093902Z[0m [34mDEBUG[0m [2mmercury::engine::market_actor[0m[2m:[0m Tick received — running arb detection [3mmarket_id[0m[2m=[0m631deb8c-fbb4-489e-818e-ae698f57f50b [3mplatform[0m[2m=[0mKalshi [3mbid[0m[2m=[0m0.9590 [3mask[0m[2m=[0m0.9600 [3mmid[0m[2m=[0m0.9595 [3mbid_size[0m[2m=[0m3.00 [3mask_size[0m[2m=[0m3.00
[2m2026-04-12T20:36:28.094024Z[0m [34mDEBUG[0m [2mmercury::engine::spread[0m[2m:[0m Evaluated spread direction 2 [3mmarket_id[0m[2m=[0m631deb8c-fbb4-489e-818e-ae698f57f50b [3mdirection[0m[2m=[0m"NO-A/YES-B" [3mraw_spread[0m[2m=[0m-0.0010 [3mbid_a[0m[2m=[0m0.9590 [3mask_b[0m[2m=[0m0.96
[2m2026-04-12T20:36:28.096887Z[0m [34mDEBUG[0m [2mmercury::feeds::polymarket[0m[2m:[0m Unknown Polymarket event type [3mevent_type[0m[2m=[0mbest_bid_ask
[2m2026-04-12T20:36:28.096979Z[0m [34mDEBUG[0m [2mmercury::engine::market_actor[0m[2m:[0m Tick received — running arb detection [3mmarket_id[0m[2m=[0m631deb8c-fbb4-489e-818e-ae698f57f50b [3mplatform[0m[2m=[0mKalshi [3mbid[0m[2m=[0m0.9590 [3mask[0m[2m=[0m0.9600 [3mmid[0m[2m=[0m0.9595 [3mbid_size[0m[2m=[0m3.00 [3mask_size[0m[2m=[0m3.00
[2m2026-04-12T20:36:28.097124Z[0m [34mDEBUG[0m [2mmercury::engine::spread[0m[2m:[0m Evaluated spread direction 2 [3mmarket_id[0m[2m=[0m631deb8c-fbb4-489e-818e-ae698f57f50b [3mdirection[0m[2m=[0m"NO-A/YES-B" [3mraw_spread[0m[2m=[0m-0.0010 [3mbid_a[0m[2m=[0m0.9590 [3mask_b[0m[2m=[0m0.96
[2m2026-04-12T20:36:28.097177Z[0m [34mDEBUG[0m [2mmercury::engine::market_actor[0m[2m:[0m Tick received — running arb detection [3mmarket_id[0m[2m=[0m2b958b37-9921-40b8-b22d-64a67138ae70 [3mplatform[0m[2m=[0mPolymarket [3mbid[0m[2m=[0m0.88 [3mask[0m[2m=[0m0.92 [3mmid[0m[2m=[0m0.90 [3mbid_size[0m[2m=[0m20.3 [3mask_size[0m[2m=[0m5
[2m2026-04-12T20:36:28.097236Z[0m [34mDEBUG[0m [2mmercury::engine::market_actor[0m[2m:[0m Tick received — running arb detection [3mmarket_id[0m[2m=[0m631deb8c-fbb4-489e-818e-ae698f57f50b [3mplatform[0m[2m=[0mKalshi [3mbid[0m[2m=[0m0.9590 [3mask[0m[2m=[0m0.9600 [3mmid[0m[2m=[0m0.9595 [3mbid_size[0m[2m=[0m3.00 [3mask_size[0m[2m=[0m3.00
[2m2026-04-12T20:36:28.097305Z[0m [34mDEBUG[0m [2mmercury::engine::spread[0m[2m:[0m Evaluated spread direction 2 [3mmarket_id[0m[2m=[0m2b958b37-9921-40b8-b22d-64a67138ae70 [3mdirection[0m[2m=[0m"NO-A/YES-B" [3mraw_spread[0m[2m=[0m-0.0600 [3mbid_a[0m[2m=[0m0.8600 [3mask_b[0m[2m=[0m0.92
[2m2026-04-12T20:36:28.097444Z[0m [34mDEBUG[0m [2mmercury::engine::spread[0m[2m:[0m Evaluated spread direction 2 [3mmarket_id[0m[2m=[0m631deb8c-fbb4-489e-818e-ae698f57f50b [3mdirection[0m[2m=[0m"NO-A/YES-B" [3mraw_spread[0m[2m=[0m-0.0010 [3mbid_a[0m[2m=[0m0.9590 [3mask_b[0m[2m=[0m0.96
[2m2026-04-12T20:36:28.143194Z[0m [34mDEBUG[0m [2mmercury::engine::market_actor[0m[2m:[0m Tick received — running arb detection [3mmarket_id[0m[2m=[0m631deb8c-fbb4-489e-818e-ae698f57f50b [3mplatform[0m[2m=[0mKalshi [3mbid[0m[2m=[0m0.9590 [3mask[0m[2m=[0m0.9600 [3mmid[0m[2m=[0m0.9595 [3mbid_size[0m[2m=[0m3.00 [3mask_size[0m[2m=[0m3.00
[2m2026-04-12T20:36:28.143484Z[0m [34mDEBUG[0m [2mmercury::engine::spread[0m[2m:[0m Evaluated spread direction 2 [3mmarket_id[0m[2m=[0m631deb8c-fbb4-489e-818e-ae698f57f50b [3mdirection[0m[2m=[0m"NO-A/YES-B" [3mraw_spread[0m[2m=[0m-0.0010 [3mbid_a[0m[2m=[0m0.9590 [3mask_b[0m[2m=[0m0.96
[2m2026-04-12T20:36:28.143676Z[0m [34mDEBUG[0m [2mmercury::engine::market_actor[0m[2m:[0m Tick received — running arb detection [3mmarket_id[0m[2m=[0m631deb8c-fbb4-489e-818e-ae698f57f50b [3mplatform[0m[2m=[0mKalshi [3mbid[0m[2m=[0m0.9590 [3mask[0m[2m=[0m0.9600 [3mmid[0m[2m=[0m0.9595 [3mbid_size[0m[2m=[0m3.00 [3mask_size[0m[2m=[0m3.00
[2m2026-04-12T20:36:28.143883Z[0m [34mDEBUG[0m [2mmercury::engine::spread[0m[2m:[0m Evaluated spread direction 2 [3mmarket_id[0m[2m=[0m631deb8c-fbb4-489e-818e-ae698f57f50b [3mdirection[0m[2m=[0m"NO-A/YES-B" [3mraw_spread[0m[2m=[0m-0.0010 [3mbid_a[0m[2m=[0m0.9590 [3mask_b[0m[2m=[0m0.96
[2m2026-04-12T20:36:28.144005Z[0m [34mDEBUG[0m [2mmercury::engine::market_actor[0m[2m:[0m Tick received — running arb detection [3mmarket_id[0m[2m=[0m631deb8c-fbb4-489e-818e-ae698f57f50b [3mplatform[0m[2m=[0mPolymarket [3mbid[0m[2m=[0m0.94 [3mask[0m[2m=[0m0.96 [3mmid[0m[2m=[0m0.95 [3mbid_size[0m[2m=[0m156.3 [3mask_size[0m[2m=[0m215.8
[2m2026-04-12T20:36:28.144091Z[0m [34mDEBUG[0m [2mmercury::engine::market_actor[0m[2m:[0m Tick received — running arb detection [3mmarket_id[0m[2m=[0m2b958b37-9921-40b8-b22d-64a67138ae70 [3mplatform[0m[2m=[0mPolymarket [3mbid[0m[2m=[0m0.88 [3mask[0m[2m=[0m0.92 [3mmid[0m[2m=[0m0.90 [3mbid_size[0m[2m=[0m20.3 [3mask_size[0m[2m=[0m5
[2m2026-04-12T20:36:28.144142Z[0m [34mDEBUG[0m [2mmercury::engine::spread[0m[2m:[0m Evaluated spread direction 2 [3mmarket_id[0m[2m=[0m631deb8c-fbb4-489e-818e-ae698f57f50b [3mdirection[0m[2m=[0m"NO-A/YES-B" [3mraw_spread[0m[2m=[0m-0.0010 [3mbid_a[0m[2m=[0m0.9590 [3mask_b[0m[2m=[0m0.96
[2m2026-04-12T20:36:28.144112Z[0m [34mDEBUG[0m [2mmercury::engine::market_actor[0m[2m:[0m Tick received — running arb detection [3mmarket_id[0m[2m=[0m9046452d-bcb3-4bb8-8925-8924b7439992 [3mplatform[0m[2m=[0mPolymarket [3mbid[0m[2m=[0m0.89 [3mask[0m[2m=[0m0.9 [3mmid[0m[2m=[0m0.8950 [3mbid_size[0m[2m=[0m209.79 [3mask_size[0m[2m=[0m276.23
[2m2026-04-12T20:36:28.144267Z[0m [34mDEBUG[0m [2mmercury::engine::market_actor[0m[2m:[0m Tick received — running arb detection [3mmarket_id[0m[2m=[0m631deb8c-fbb4-489e-818e-ae698f57f50b [3mplatform[0m[2m=[0mKalshi [3mbid[0m[2m=[0m0.9590 [3mask[0m[2m=[0m0.9690 [3mmid[0m[2m=[0m0.9640 [3mbid_size[0m[2m=[0m3.00 [3mask_size[0m[2m=[0m60.00
[2m2026-04-12T20:36:28.144324Z[0m [34mDEBUG[0m [2mmercury::engine::spread[0m[2m:[0m Evaluated spread direction 2 [3mmarket_id[0m[2m=[0m2b958b37-9921-40b8-b22d-64a67138ae70 [3mdirection[0m[2m=[0m"NO-A/YES-B" [3mraw_spread[0m[2m=[0m-0.0600 [3mbid_a[0m[2m=[0m0.8600 [3mask_b[0m[2m=[0m0.92
[2m2026-04-12T20:36:28.144347Z[0m [34mDEBUG[0m [2mmercury::engine::spread[0m[2m:[0m Evaluated spread direction 2 [3mmarket_id[0m[2m=[0m9046452d-bcb3-4bb8-8925-8924b7439992 [3mdirection[0m[2m=[0m"NO-A/YES-B" [3mraw_spread[0m[2m=[0m-0.0600 [3mbid_a[0m[2m=[0m0.89 [3mask_b[0m[2m=[0m0.9500
[2m2026-04-12T20:36:28.144488Z[0m [34mDEBUG[0m [2mmercury::engine::market_actor[0m[2m:[0m Tick received — running arb detection [3mmarket_id[0m[2m=[0m9046452d-bcb3-4bb8-8925-8924b7439992 [3mplatform[0m[2m=[0mPolymarket [3mbid[0m[2m=[0m0.89 [3mask[0m[2m=[0m0.9 [3mmid[0m[2m=[0m0.8950 [3mbid_size[0m[2m=[0m218.85 [3mask_size[0m[2m=[0m276.23
[2m2026-04-12T20:36:28.144503Z[0m [34mDEBUG[0m [2mmercury::engine::spread[0m[2m:[0m Evaluated spread direction 2 [3mmarket_id[0m[2m=[0m631deb8c-fbb4-489e-818e-ae698f57f50b [3mdirection[0m[2m=[0m"NO-A/YES-B" [3mraw_spread[0m[2m=[0m-0.0010 [3mbid_a[0m[2m=[0m0.9590 [3mask_b[0m[2m=[0m0.96
[2m2026-04-12T20:36:28.144649Z[0m [34mDEBUG[0m [2mmercury::engine::market_actor[0m[2m:[0m Tick received — running arb detection [3mmarket_id[0m[2m=[0m631deb8c-fbb4-489e-818e-ae698f57f50b [3mplatform[0m[2m=[0mKalshi [3mbid[0m[2m=[0m0.9600 [3mask[0m[2m=[0m0.9690 [3mmid[0m[2m=[0m0.9645 [3mbid_size[0m[2m=[0m92.00 [3mask_size[0m[2m=[0m60.00
[2m2026-04-12T20:36:28.144695Z[0m [34mDEBUG[0m [2mmercury::engine::spread[0m[2m:[0m Evaluated spread direction 2 [3mmarket_id[0m[2m=[0m9046452d-bcb3-4bb8-8925-8924b7439992 [3mdirection[0m[2m=[0m"NO-A/YES-B" [3mraw_spread[0m[2m=[0m-0.0600 [3mbid_a[0m[2m=[0m0.89 [3mask_b[0m[2m=[0m0.9500
[2m2026-04-12T20:36:28.144865Z[0m [34mDEBUG[0m [2mmercury::engine::spread[0m[2m:[0m Evaluated spread direction 2 [3mmarket_id[0m[2m=[0m631deb8c-fbb4-489e-818e-ae698f57f50b [3mdirection[0m[2m=[0m"NO-A/YES-B" [3mraw_spread[0m[2m=[0m0.0000 [3mbid_a[0m[2m=[0m0.9600 [3mask_b[0m[2m=[0m0.96
[2m2026-04-12T20:36:28.153815Z[0m [34mDEBUG[0m [2mmercury::engine::market_actor[0m[2m:[0m Tick received — running arb detection [3mmarket_id[0m[2m=[0m631deb8c-fbb4-489e-818e-ae698f57f50b [3mplatform[0m[2m=[0mKalshi [3mbid[0m[2m=[0m0.9600 [3mask[0m[2m=[0m0.9690 [3mmid[0m[2m=[0m0.9645 [3mbid_size[0m[2m=[0m92.00 [3mask_size[0m[2m=[0m60.00
[2m2026-04-12T20:36:28.154023Z[0m [34mDEBUG[0m [2mmercury::engine::spread[0m[2m:[0m Evaluated spread direction 2 [3mmarket_id[0m[2m=[0m631deb8c-fbb4-489e-818e-ae698f57f50b [3mdirection[0m[2m=[0m"NO-A/YES-B" [3mraw_spread[0m[2m=[0m0.0000 [3mbid_a[0m[2m=[0m0.9600 [3mask_b[0m[2m=[0m0.96
[2m2026-04-12T20:36:28.154158Z[0m [34mDEBUG[0m [2mmercury::engine::market_actor[0m[2m:[0m Tick received — running arb detection [3mmarket_id[0m[2m=[0m631deb8c-fbb4-489e-818e-ae698f57f50b [3mplatform[0m[2m=[0mKalshi [3mbid[0m[2m=[0m0.9600 [3mask[0m[2m=[0m0.9690 [3mmid[0m[2m=[0m0.9645 [3mbid_size[0m[2m=[0m92.00 [3mask_size[0m[2m=[0m60.00
[2m2026-04-12T20:36:28.154301Z[0m [34mDEBUG[0m [2mmercury::engine::spread[0m[2m:[0m Evaluated spread direction 2 [3mmarket_id[0m[2m=[0m631deb8c-fbb4-489e-818e-ae698f57f50b [3mdirection[0m[2m=[0m"NO-A/YES-B" [3mraw_spread[0m[2m=[0m0.0000 [3mbid_a[0m[2m=[0m0.9600 [3mask_b[0m[2m=[0m0.96
[2m2026-04-12T20:36:28.154519Z[0m [34mDEBUG[0m [2mmercury::engine::market_actor[0m[2m:[0m Tick received — running arb detection [3mmarket_id[0m[2m=[0m631deb8c-fbb4-489e-818e-ae698f57f50b [3mplatform[0m[2m=[0mPolymarket [3mbid[0m[2m=[0m0.94 [3mask[0m[2m=[0m0.96 [3mmid[0m[2m=[0m0.95 [3mbid_size[0m[2m=[0m156.3 [3mask_size[0m[2m=[0m215.8
[2m2026-04-12T20:36:28.154663Z[0m [34mDEBUG[0m [2mmercury::engine::spread[0m[2m:[0m Evaluated spread direction 2 [3mmarket_id[0m[2m=[0m631deb8c-fbb4-489e-818e-ae698f57f50b [3mdirection[0m[2m=[0m"NO-A/YES-B" [3mraw_spread[0m[2m=[0m0.0000 [3mbid_a[0m[2m=[0m0.9600 [3mask_b[0m[2m=[0m0.96
[2m2026-04-12T20:36:28.155395Z[0m [34mDEBUG[0m [2mmercury::engine::market_actor[0m[2m:[0m Tick received — running arb detection [3mmarket_id[0m[2m=[0m631deb8c-fbb4-489e-818e-ae698f57f50b [3mplatform[0m[2m=[0mKalshi [3mbid[0m[2m=[0m0.9600 [3mask[0m[2m=[0m0.9690 [3mmid[0m[2m=[0m0.9645 [3mbid_size[0m[2m=[0m92.00 [3mask_size[0m[2m=[0m60.00
[2m2026-04-12T20:36:28.155554Z[0m [34mDEBUG[0m [2mmercury::engine::spread[0m[2m:[0m Evaluated spread direction 2 [3mmarket_id[0m[2m=[0m631deb8c-fbb4-489e-818e-ae698f57f50b [3mdirection[0m[2m=[0m"NO-A/YES-B" [3mraw_spread[0m[2m=[0m0.0000 [3mbid_a[0m[2m=[0m0.9600 [3mask_b[0m[2m=[0m0.96
[2m2026-04-12T20:36:28.155687Z[0m [34mDEBUG[0m [2mmercury::engine::market_actor[0m[2m:[0m Tick received — running arb detection [3mmarket_id[0m[2m=[0m631deb8c-fbb4-489e-818e-ae698f57f50b [3mplatform[0m[2m=[0mKalshi [3mbid[0m[2m=[0m0.9600 [3mask[0m[2m=[0m0.9690 [3mmid[0m[2m=[0m0.9645 [3mbid_size[0m[2m=[0m92.00 [3mask_size[0m[2m=[0m160.00
[2m2026-04-12T20:36:28.155829Z[0m [34mDEBUG[0m [2mmercury::engine::spread[0m[2m:[0m Evaluated spread direction 2 [3mmarket_id[0m[2m=[0m631deb8c-fbb4-489e-818e-ae698f57f50b [3mdirection[0m[2m=[0m"NO-A/YES-B" [3mraw_spread[0m[2m=[0m0.0000 [3mbid_a[0m[2m=[0m0.9600 [3mask_b[0m[2m=[0m0.96
[2m2026-04-12T20:36:28.158042Z[0m [34mDEBUG[0m [2mmercury::engine::market_actor[0m[2m:[0m Tick received — running arb detection [3mmarket_id[0m[2m=[0m631deb8c-fbb4-489e-818e-ae698f57f50b [3mplatform[0m[2m=[0mKalshi [3mbid[0m[2m=[0m0.9600 [3mask[0m[2m=[0m0.9690 [3mmid[0m[2m=[0m0.9645 [3mbid_size[0m[2m=[0m92.00 [3mask_size[0m[2m=[0m160.00
[2m2026-04-12T20:36:28.158205Z[0m [34mDEBUG[0m [2mmercury::engine::spread[0m[2m:[0m Evaluated spread direction 2 [3mmarket_id[0m[2m=[0m631deb8c-fbb4-489e-818e-ae698f57f50b [3mdirection[0m[2m=[0m"NO-A/YES-B" [3mraw_spread[0m[2m=[0m0.0000 [3mbid_a[0m[2m=[0m0.9600 [3mask_b[0m[2m=[0m0.96
[2m2026-04-12T20:36:28.158328Z[0m [34mDEBUG[0m [2mmercury::engine::market_actor[0m[2m:[0m Tick received — running arb detection [3mmarket_id[0m[2m=[0m631deb8c-fbb4-489e-818e-ae698f57f50b [3mplatform[0m[2m=[0mKalshi [3mbid[0m[2m=[0m0.9620 [3mask[0m[2m=[0m0.9690 [3mmid[0m[2m=[0m0.9655 [3mbid_size[0m[2m=[0m500.00 [3mask_size[0m[2m=[0m160.00
[2m2026-04-12T20:36:28.158463Z[0m [34mDEBUG[0m [2mmercury::engine::spread[0m[2m:[0m Evaluated spread direction 2 [3mmarket_id[0m[2m=[0m631deb8c-fbb4-489e-818e-ae698f57f50b [3mdirection[0m[2m=[0m"NO-A/YES-B" [3mraw_spread[0m[2m=[0m0.0020 [3mbid_a[0m[2m=[0m0.9620 [3mask_b[0m[2m=[0m0.96
[2m2026-04-12T20:36:28.177496Z[0m [33m WARN[0m [2mmercury::feeds::kalshi[0m[2m:[0m Kalshi sequence gap for KXETH15M-26APR121645-45: expected 134, got 199. Book may be out of sync.
[2m2026-04-12T20:36:28.177950Z[0m [34mDEBUG[0m [2mmercury::engine::market_actor[0m[2m:[0m Tick received — running arb detection [3mmarket_id[0m[2m=[0m9046452d-bcb3-4bb8-8925-8924b7439992 [3mplatform[0m[2m=[0mKalshi [3mbid[0m[2m=[0m0.9350 [3mask[0m[2m=[0m0.9500 [3mmid[0m[2m=[0m0.9425 [3mbid_size[0m[2m=[0m18.60 [3mask_size[0m[2m=[0m70.14
[2m2026-04-12T20:36:28.178226Z[0m [34mDEBUG[0m [2mmercury::engine::spread[0m[2m:[0m Evaluated spread direction 2 [3mmarket_id[0m[2m=[0m9046452d-bcb3-4bb8-8925-8924b7439992 [3mdirection[0m[2m=[0m"NO-A/YES-B" [3mraw_spread[0m[2m=[0m-0.0600 [3mbid_a[0m[2m=[0m0.89 [3mask_b[0m[2m=[0m0.9500
[2m2026-04-12T20:36:28.178398Z[0m [34mDEBUG[0m [2mmercury::engine::market_actor[0m[2m:[0m Tick received — running arb detection [3mmarket_id[0m[2m=[0m9046452d-bcb3-4bb8-8925-8924b7439992 [3mplatform[0m[2m=[0mKalshi [3mbid[0m[2m=[0m0.9360 [3mask[0m[2m=[0m0.9500 [3mmid[0m[2m=[0m0.9430 [3mbid_size[0m[2m=[0m13.06 [3mask_size[0m[2m=[0m70.14
[2m2026-04-12T20:36:28.178605Z[0m [34mDEBUG[0m [2mmercury::engine::spread[0m[2m:[0m Evaluated spread direction 2 [3mmarket_id[0m[2m=[0m9046452d-bcb3-4bb8-8925-8924b7439992 [3mdirection[0m[2m=[0m"NO-A/YES-B" [3mraw_spread[0m[2m=[0m-0.0600 [3mbid_a[0m[2m=[0m0.89 [3mask_b[0m[2m=[0m0.9500
[2m2026-04-12T20:36:28.179651Z[0m [33m WARN[0m [2mmercury::feeds::kalshi[0m[2m:[0m Kalshi sequence gap for KXBTC15M-26APR121645-45: expected 199, got 201. Book may be out of sync.
[2m2026-04-12T20:36:28.180101Z[0m [34mDEBUG[0m [2mmercury::engine::market_actor[0m[2m:[0m Tick received — running arb detection [3mmarket_id[0m[2m=[0m631deb8c-fbb4-489e-818e-ae698f57f50b [3mplatform[0m[2m=[0mKalshi [3mbid[0m[2m=[0m0.9620 [3mask[0m[2m=[0m0.9680 [3mmid[0m[2m=[0m0.9650 [3mbid_size[0m[2m=[0m500.00 [3mask_size[0m[2m=[0m28.00
[2m2026-04-12T20:36:28.180344Z[0m [34mDEBUG[0m [2mmercury::engine::spread[0m[2m:[0m Evaluated spread direction 2 [3mmarket_id[0m[2m=[0m631deb8c-fbb4-489e-818e-ae698f57f50b [3mdirection[0m[2m=[0m"NO-A/YES-B" [3mraw_spread[0m[2m=[0m0.0020 [3mbid_a[0m[2m=[0m0.9620 [3mask_b[0m[2m=[0m0.96
[2m2026-04-12T20:36:28.182513Z[0m [34mDEBUG[0m [2mmercury::engine::market_actor[0m[2m:[0m Tick received — running arb detection [3mmarket_id[0m[2m=[0m631deb8c-fbb4-489e-818e-ae698f57f50b [3mplatform[0m[2m=[0mKalshi [3mbid[0m[2m=[0m0.9620 [3mask[0m[2m=[0m0.9680 [3mmid[0m[2m=[0m0.9650 [3mbid_size[0m[2m=[0m500.00 [3mask_size[0m[2m=[0m28.00
[2m2026-04-12T20:36:28.182804Z[0m [34mDEBUG[0m [2mmercury::engine::spread[0m[2m:[0m Evaluated spread direction 2 [3mmarket_id[0m[2m=[0m631deb8c-fbb4-489e-818e-ae698f57f50b [3mdirection[0m[2m=[0m"NO-A/YES-B" [3mraw_spread[0m[2m=[0m0.0020 [3mbid_a[0m[2m=[0m0.9620 [3mask_b[0m[2m=[0m0.96
[2m2026-04-12T20:36:28.183029Z[0m [34mDEBUG[0m [2mmercury::engine::market_actor[0m[2m:[0m Tick received — running arb detection [3mmarket_id[0m[2m=[0m631deb8c-fbb4-489e-818e-ae698f57f50b [3mplatform[0m[2m=[0mKalshi [3mbid[0m[2m=[0m0.9620 [3mask[0m[2m=[0m0.9680 [3mmid[0m[2m=[0m0.9650 [3mbid_size[0m[2m=[0m500.00 [3mask_size[0m[2m=[0m28.00
[2m2026-04-12T20:36:28.183245Z[0m [34mDEBUG[0m [2mmercury::engine::spread[0m[2m:[0m Evaluated spread direction 2 [3mmarket_id[0m[2m=[0m631deb8c-fbb4-489e-818e-ae698f57f50b [3mdirection[0m[2m=[0m"NO-A/YES-B" [3mraw_spread[0m[2m=[0m0.0020 [3mbid_a[0m[2m=[0m0.9620 [3mask_b[0m[2m=[0m0.96
[2m2026-04-12T20:36:28.188790Z[0m [34mDEBUG[0m [2mmercury::engine::market_actor[0m[2m:[0m Tick received — running arb detection [3mmarket_id[0m[2m=[0m631deb8c-fbb4-489e-818e-ae698f57f50b [3mplatform[0m[2m=[0mPolymarket [3mbid[0m[2m=[0m0.94 [3mask[0m[2m=[0m0.96 [3mmid[0m[2m=[0m0.95 [3mbid_size[0m[2m=[0m156.3 [3mask_size[0m[2m=[0m215.8
[2m2026-04-12T20:36:28.188952Z[0m [34mDEBUG[0m [2mmercury::engine::spread[0m[2m:[0m Evaluated spread direction 2 [3mmarket_id[0m[2m=[0m631deb8c-fbb4-489e-818e-ae698f57f50b [3mdirection[0m[2m=[0m"NO-A/YES-B" [3mraw_spread[0m[2m=[0m0.0020 [3mbid_a[0m[2m=[0m0.9620 [3mask_b[0m[2m=[0m0.96
[2m2026-04-12T20:36:28.200571Z[0m [34mDEBUG[0m [2mmercury::engine::market_actor[0m[2m:[0m Tick received — running arb detection [3mmarket_id[0m[2m=[0m631deb8c-fbb4-489e-818e-ae698f57f50b [3mplatform[0m[2m=[0mKalshi [3mbid[0m[2m=[0m0.9620 [3mask[0m[2m=[0m0.9690 [3mmid[0m[2m=[0m0.9655 [3mbid_size[0m[2m=[0m500.00 [3mask_size[0m[2m=[0m160.00
[2m2026-04-12T20:36:28.200839Z[0m [34mDEBUG[0m [2mmercury::engine::spread[0m[2m:[0m Evaluated spread direction 2 [3mmarket_id[0m[2m=[0m631deb8c-fbb4-489e-818e-ae698f57f50b [3mdirection[0m[2m=[0m"NO-A/YES-B" [3mraw_spread[0m[2m=[0m0.0020 [3mbid_a[0m[2m=[0m0.9620 [3mask_b[0m[2m=[0m0.96
[2m2026-04-12T20:36:28.201041Z[0m [34mDEBUG[0m [2mmercury::engine::market_actor[0m[2m:[0m Tick received — running arb detection [3mmarket_id[0m[2m=[0m631deb8c-fbb4-489e-818e-ae698f57f50b [3mplatform[0m[2m=[0mKalshi [3mbid[0m[2m=[0m0.9680 [3mask[0m[2m=[0m0.9690 [3mmid[0m[2m=[0m0.9685 [3mbid_size[0m[2m=[0m172.00 [3mask_size[0m[2m=[0m160.00
[2m2026-04-12T20:36:28.201225Z[0m [34mDEBUG[0m [2mmercury::engine::spread[0m[2m:[0m Evaluated spread direction 2 [3mmarket_id[0m[2m=[0m631deb8c-fbb4-489e-818e-ae698f57f50b [3mdirection[0m[2m=[0m"NO-A/YES-B" [3mraw_spread[0m[2m=[0m0.0080 [3mbid_a[0m[2m=[0m0.9680 [3mask_b[0m[2m=[0m0.96
[2m2026-04-12T20:36:28.201547Z[0m [34mDEBUG[0m [2mmercury::engine::market_actor[0m[2m:[0m Tick received — running arb detection [3mmarket_id[0m[2m=[0m9046452d-bcb3-4bb8-8925-8924b7439992 [3mplatform[0m[2m=[0mPolymarket [3mbid[0m[2m=[0m0.89 [3mask[0m[2m=[0m0.9 [3mmid[0m[2m=[0m0.8950 [3mbid_size[0m[2m=[0m218.85 [3mask_size[0m[2m=[0m276.23
[2m2026-04-12T20:36:28.201737Z[0m [34mDEBUG[0m [2mmercury::engine::spread[0m[2m:[0m Evaluated spread direction 2 [3mmarket_id[0m[2m=[0m9046452d-bcb3-4bb8-8925-8924b7439992 [3mdirection[0m[2m=[0m"NO-A/YES-B" [3mraw_spread[0m[2m=[0m-0.0600 [3mbid_a[0m[2m=[0m0.89 [3mask_b[0m[2m=[0m0.9500
[2m2026-04-12T20:36:28.205966Z[0m [34mDEBUG[0m [2mmercury::engine::market_actor[0m[2m:[0m Tick received — running arb detection [3mmarket_id[0m[2m=[0m631deb8c-fbb4-489e-818e-ae698f57f50b [3mplatform[0m[2m=[0mPolymarket [3mbid[0m[2m=[0m0.94 [3mask[0m[2m=[0m0.96 [3mmid[0m[2m=[0m0.95 [3mbid_size[0m[2m=[0m156.3 [3mask_size[0m[2m=[0m215.8
[2m2026-04-12T20:36:28.206143Z[0m [34mDEBUG[0m [2mmercury::engine::spread[0m[2m:[0m Evaluated spread direction 2 [3mmarket_id[0m[2m=[0m631deb8c-fbb4-489e-818e-ae698f57f50b [3mdirection[0m[2m=[0m"NO-A/YES-B" [3mraw_spread[0m[2m=[0m0.0080 [3mbid_a[0m[2m=[0m0.9680 [3mask_b[0m[2m=[0m0.96
[2m2026-04-12T20:36:28.212262Z[0m [34mDEBUG[0m [2mmercury::engine::market_actor[0m[2m:[0m Tick received — running arb detection [3mmarket_id[0m[2m=[0m631deb8c-fbb4-489e-818e-ae698f57f50b [3mplatform[0m[2m=[0mKalshi [3mbid[0m[2m=[0m0.9680 [3mask[0m[2m=[0m0.9690 [3mmid[0m[2m=[0m0.9685 [3mbid_size[0m[2m=[0m172.00 [3mask_size[0m[2m=[0m160.00
[2m2026-04-12T20:36:28.212459Z[0m [34mDEBUG[0m [2mmercury::engine::spread[0m[2m:[0m Evaluated spread direction 2 [3mmarket_id[0m[2m=[0m631deb8c-fbb4-489e-818e-ae698f57f50b [3mdirection[0m[2m=[0m"NO-A/YES-B" [3mraw_spread[0m[2m=[0m0.0080 [3mbid_a[0m[2m=[0m0.9680 [3mask_b[0m[2m=[0m0.96
[2m2026-04-12T20:36:28.212611Z[0m [34mDEBUG[0m [2mmercury::engine::market_actor[0m[2m:[0m Tick received — running arb detection [3mmarket_id[0m[2m=[0m631deb8c-fbb4-489e-818e-ae698f57f50b [3mplatform[0m[2m=[0mKalshi [3mbid[0m[2m=[0m0.9680 [3mask[0m[2m=[0m0.9690 [3mmid[0m[2m=[0m0.9685 [3mbid_size[0m[2m=[0m172.00 [3mask_size[0m[2m=[0m160.00
[2m2026-04-12T20:36:28.212756Z[0m [34mDEBUG[0m [2mmercury::engine::spread[0m[2m:[0m Evaluated spread direction 2 [3mmarket_id[0m[2m=[0m631deb8c-fbb4-489e-818e-ae698f57f50b [3mdirection[0m[2m=[0m"NO-A/YES-B" [3mraw_spread[0m[2m=[0m0.0080 [3mbid_a[0m[2m=[0m0.9680 [3mask_b[0m[2m=[0m0.96
[2m2026-04-12T20:36:28.243782Z[0m [34mDEBUG[0m [2mmercury::engine::market_actor[0m[2m:[0m Tick received — running arb detection [3mmarket_id[0m[2m=[0m2b958b37-9921-40b8-b22d-64a67138ae70 [3mplatform[0m[2m=[0mPolymarket [3mbid[0m[2m=[0m0.88 [3mask[0m[2m=[0m0.92 [3mmid[0m[2m=[0m0.90 [3mbid_size[0m[2m=[0m20.3 [3mask_size[0m[2m=[0m5
[2m2026-04-12T20:36:28.244157Z[0m [34mDEBUG[0m [2mmercury::engine::spread[0m[2m:[0m Evaluated spread direction 2 [3mmarket_id[0m[2m=[0m2b958b37-9921-40b8-b22d-64a67138ae70 [3mdirection[0m[2m=[0m"NO-A/YES-B" [3mraw_spread[0m[2m=[0m-0.0600 [3mbid_a[0m[2m=[0m0.8600 [3mask_b[0m[2m=[0m0.92
[2m2026-04-12T20:36:28.244156Z[0m [34mDEBUG[0m [2mmercury::engine::market_actor[0m[2m:[0m Tick received — running arb detection [3mmarket_id[0m[2m=[0m9046452d-bcb3-4bb8-8925-8924b7439992 [3mplatform[0m[2m=[0mPolymarket [3mbid[0m[2m=[0m0.89 [3mask[0m[2m=[0m0.9 [3mmid[0m[2m=[0m0.8950 [3mbid_size[0m[2m=[0m227.91 [3mask_size[0m[2m=[0m276.23
[2m2026-04-12T20:36:28.244345Z[0m [34mDEBUG[0m [2mmercury::engine::market_actor[0m[2m:[0m Tick received — running arb detection [3mmarket_id[0m[2m=[0m2b958b37-9921-40b8-b22d-64a67138ae70 [3mplatform[0m[2m=[0mPolymarket [3mbid[0m[2m=[0m0.88 [3mask[0m[2m=[0m0.92 [3mmid[0m[2m=[0m0.90 [3mbid_size[0m[2m=[0m20.3 [3mask_size[0m[2m=[0m5
[2m2026-04-12T20:36:28.244428Z[0m [34mDEBUG[0m [2mmercury::engine::spread[0m[2m:[0m Evaluated spread direction 2 [3mmarket_id[0m[2m=[0m9046452d-bcb3-4bb8-8925-8924b7439992 [3mdirection[0m[2m=[0m"NO-A/YES-B" [3mraw_spread[0m[2m=[0m-0.0600 [3mbid_a[0m[2m=[0m0.89 [3mask_b[0m[2m=[0m0.9500
[2m2026-04-12T20:36:28.244637Z[0m [34mDEBUG[0m [2mmercury::engine::spread[0m[2m:[0m Evaluated spread direction 2 [3mmarket_id[0m[2m=[0m2b958b37-9921-40b8-b22d-64a67138ae70 [3mdirection[0m[2m=[0m"NO-A/YES-B" [3mraw_spread[0m[2m=[0m-0.0600 [3mbid_a[0m[2m=[0m0.8600 [3mask_b[0m[2m=[0m0.92
[2m2026-04-12T20:36:28.248613Z[0m [34mDEBUG[0m [2mmercury::engine::market_actor[0m[2m:[0m Tick received — running arb detection [3mmarket_id[0m[2m=[0m9046452d-bcb3-4bb8-8925-8924b7439992 [3mplatform[0m[2m=[0mPolymarket [3mbid[0m[2m=[0m0.89 [3mask[0m[2m=[0m0.9 [3mmid[0m[2m=[0m0.8950 [3mbid_size[0m[2m=[0m227.91 [3mask_size[0m[2m=[0m276.23
[2m2026-04-12T20:36:28.248931Z[0m [34mDEBUG[0m [2mmercury::engine::spread[0m[2m:[0m Evaluated spread direction 2 [3mmarket_id[0m[2m=[0m9046452d-bcb3-4bb8-8925-8924b7439992 [3mdirection[0m[2m=[0m"NO-A/YES-B" [3mraw_spread[0m[2m=[0m-0.0600 [3mbid_a[0m[2m=[0m0.89 [3mask_b[0m[2m=[0m0.9500
[2m2026-04-12T20:36:28.272976Z[0m [34mDEBUG[0m [2mmercury::engine::market_actor[0m[2m:[0m Tick received — running arb detection [3mmarket_id[0m[2m=[0m9046452d-bcb3-4bb8-8925-8924b7439992 [3mplatform[0m[2m=[0mPolymarket [3mbid[0m[2m=[0m0.89 [3mask[0m[2m=[0m0.9 [3mmid[0m[2m=[0m0.8950 [3mbid_size[0m[2m=[0m227.91 [3mask_size[0m[2m=[0m276.23
[2m2026-04-12T20:36:28.273220Z[0m [34mDEBUG[0m [2mmercury::engine::spread[0m[2m:[0m Evaluated spread direction 2 [3mmarket_id[0m[2m=[0m9046452d-bcb3-4bb8-8925-8924b7439992 [3mdirection[0m[2m=[0m"NO-A/YES-B" [3mraw_spread[0m[2m=[0m-0.0600 [3mbid_a[0m[2m=[0m0.89 [3mask_b[0m[2m=[0m0.9500
[2m2026-04-12T20:36:28.273356Z[0m [34mDEBUG[0m [2mmercury::engine::market_actor[0m[2m:[0m Tick received — running arb detection [3mmarket_id[0m[2m=[0m9046452d-bcb3-4bb8-8925-8924b7439992 [3mplatform[0m[2m=[0mPolymarket [3mbid[0m[2m=[0m0.89 [3mask[0m[2m=[0m0.9 [3mmid[0m[2m=[0m0.8950 [3mbid_size[0m[2m=[0m209.79 [3mask_size[0m[2m=[0m276.23
[2m2026-04-12T20:36:28.273518Z[0m [34mDEBUG[0m [2mmercury::engine::spread[0m[2m:[0m Evaluated spread direction 2 [3mmarket_id[0m[2m=[0m9046452d-bcb3-4bb8-8925-8924b7439992 [3mdirection[0m[2m=[0m"NO-A/YES-B" [3mraw_spread[0m[2m=[0m-0.0600 [3mbid_a[0m[2m=[0m0.89 [3mask_b[0m[2m=[0m0.9500
[2m2026-04-12T20:36:28.303623Z[0m [34mDEBUG[0m [2mmercury::engine::market_actor[0m[2m:[0m Tick received — running arb detection [3mmarket_id[0m[2m=[0m9046452d-bcb3-4bb8-8925-8924b7439992 [3mplatform[0m[2m=[0mPolymarket [3mbid[0m[2m=[0m0.89 [3mask[0m[2m=[0m0.9 [3mmid[0m[2m=[0m0.8950 [3mbid_size[0m[2m=[0m209.79 [3mask_size[0m[2m=[0m276.23
[2m2026-04-12T20:36:28.303926Z[0m [34mDEBUG[0m [2mmercury::engine::spread[0m[2m:[0m Evaluated spread direction 2 [3mmarket_id[0m[2m=[0m9046452d-bcb3-4bb8-8925-8924b7439992 [3mdirection[0m[2m=[0m"NO-A/YES-B" [3mraw_spread[0m[2m=[0m-0.0600 [3mbid_a[0m[2m=[0m0.89 [3mask_b[0m[2m=[0m0.9500
[2m2026-04-12T20:36:28.354947Z[0m [34mDEBUG[0m [2mmercury::engine::market_actor[0m[2m:[0m Tick received — running arb detection [3mmarket_id[0m[2m=[0m9046452d-bcb3-4bb8-8925-8924b7439992 [3mplatform[0m[2m=[0mPolymarket [3mbid[0m[2m=[0m0.89 [3mask[0m[2m=[0m0.9 [3mmid[0m[2m=[0m0.8950 [3mbid_size[0m[2m=[0m218.51 [3mask_size[0m[2m=[0m276.23
[2m2026-04-12T20:36:28.355159Z[0m [34mDEBUG[0m [2mmercury::engine::spread[0m[2m:[0m Evaluated spread direction 2 [3mmarket_id[0m[2m=[0m9046452d-bcb3-4bb8-8925-8924b7439992 [3mdirection[0m[2m=[0m"NO-A/YES-B" [3mraw_spread[0m[2m=[0m-0.0600 [3mbid_a[0m[2m=[0m0.89 [3mask_b[0m[2m=[0m0.9500
[2m2026-04-12T20:36:28.355544Z[0m [34mDEBUG[0m [2mmercury::engine::market_actor[0m[2m:[0m Tick received — running arb detection [3mmarket_id[0m[2m=[0m9046452d-bcb3-4bb8-8925-8924b7439992 [3mplatform[0m[2m=[0mPolymarket [3mbid[0m[2m=[0m0.89 [3mask[0m[2m=[0m0.9 [3mmid[0m[2m=[0m0.8950 [3mbid_size[0m[2m=[0m218.51 [3mask_size[0m[2m=[0m276.23
[2m2026-04-12T20:36:28.355699Z[0m [34mDEBUG[0m [2mmercury::engine::spread[0m[2m:[0m Evaluated spread direction 2 [3mmarket_id[0m[2m=[0m9046452d-bcb3-4bb8-8925-8924b7439992 [3mdirection[0m[2m=[0m"NO-A/YES-B" [3mraw_spread[0m[2m=[0m-0.0600 [3mbid_a[0m[2m=[0m0.89 [3mask_b[0m[2m=[0m0.9500
[2m2026-04-12T20:36:28.356710Z[0m [34mDEBUG[0m [2mmercury::engine::market_actor[0m[2m:[0m Tick received — running arb detection [3mmarket_id[0m[2m=[0m631deb8c-fbb4-489e-818e-ae698f57f50b [3mplatform[0m[2m=[0mKalshi [3mbid[0m[2m=[0m0.9680 [3mask[0m[2m=[0m0.9690 [3mmid[0m[2m=[0m0.9685 [3mbid_size[0m[2m=[0m172.00 [3mask_size[0m[2m=[0m160.00
[2m2026-04-12T20:36:28.356845Z[0m [34mDEBUG[0m [2mmercury::engine::spread[0m[2m:[0m Evaluated spread direction 2 [3mmarket_id[0m[2m=[0m631deb8c-fbb4-489e-818e-ae698f57f50b [3mdirection[0m[2m=[0m"NO-A/YES-B" [3mraw_spread[0m[2m=[0m0.0080 [3mbid_a[0m[2m=[0m0.9680 [3mask_b[0m[2m=[0m0.96
[2m2026-04-12T20:36:28.356972Z[0m [34mDEBUG[0m [2mmercury::engine::market_actor[0m[2m:[0m Tick received — running arb detection [3mmarket_id[0m[2m=[0m631deb8c-fbb4-489e-818e-ae698f57f50b [3mplatform[0m[2m=[0mKalshi [3mbid[0m[2m=[0m0.9680 [3mask[0m[2m=[0m0.9690 [3mmid[0m[2m=[0m0.9685 [3mbid_size[0m[2m=[0m172.00 [3mask_size[0m[2m=[0m160.00
[2m2026-04-12T20:36:28.357090Z[0m [33m WARN[0m [2mmercury::feeds::kalshi[0m[2m:[0m Kalshi sequence gap for KXETH15M-26APR121645-45: expected 201, got 216. Book may be out of sync.
[2m2026-04-12T20:36:28.357096Z[0m [34mDEBUG[0m [2mmercury::engine::spread[0m[2m:[0m Evaluated spread direction 2 [3mmarket_id[0m[2m=[0m631deb8c-fbb4-489e-818e-ae698f57f50b [3mdirection[0m[2m=[0m"NO-A/YES-B" [3mraw_spread[0m[2m=[0m0.0080 [3mbid_a[0m[2m=[0m0.9680 [3mask_b[0m[2m=[0m0.96
[2m2026-04-12T20:36:28.357220Z[0m [34mDEBUG[0m [2mmercury::engine::market_actor[0m[2m:[0m Tick received — running arb detection [3mmarket_id[0m[2m=[0m631deb8c-fbb4-489e-818e-ae698f57f50b [3mplatform[0m[2m=[0mKalshi [3mbid[0m[2m=[0m0.9680 [3mask[0m[2m=[0m0.9690 [3mmid[0m[2m=[0m0.9685 [3mbid_size[0m[2m=[0m172.00 [3mask_size[0m[2m=[0m160.00
[2m2026-04-12T20:36:28.357266Z[0m [33m WARN[0m [2mmercury::feeds::kalshi[0m[2m:[0m Kalshi sequence gap for KXBTC15M-26APR121645-45: expected 216, got 218. Book may be out of sync.
[2m2026-04-12T20:36:28.357319Z[0m [34mDEBUG[0m [2mmercury::engine::market_actor[0m[2m:[0m Tick received — running arb detection [3mmarket_id[0m[2m=[0m9046452d-bcb3-4bb8-8925-8924b7439992 [3mplatform[0m[2m=[0mKalshi [3mbid[0m[2m=[0m0.9360 [3mask[0m[2m=[0m0.9500 [3mmid[0m[2m=[0m0.9430 [3mbid_size[0m[2m=[0m13.06 [3mask_size[0m[2m=[0m70.14
[2m2026-04-12T20:36:28.357340Z[0m [34mDEBUG[0m [2mmercury::engine::spread[0m[2m:[0m Evaluated spread direction 2 [3mmarket_id[0m[2m=[0m631deb8c-fbb4-489e-818e-ae698f57f50b [3mdirection[0m[2m=[0m"NO-A/YES-B" [3mraw_spread[0m[2m=[0m0.0080 [3mbid_a[0m[2m=[0m0.9680 [3mask_b[0m[2m=[0m0.96
[2m2026-04-12T20:36:28.357465Z[0m [33m WARN[0m [2mmercury::feeds::kalshi[0m[2m:[0m Kalshi sequence gap for KXETH15M-26APR121645-45: expected 218, got 220. Book may be out of sync.
[2m2026-04-12T20:36:28.357497Z[0m [34mDEBUG[0m [2mmercury::engine::market_actor[0m[2m:[0m Tick received — running arb detection [3mmarket_id[0m[2m=[0m631deb8c-fbb4-489e-818e-ae698f57f50b [3mplatform[0m[2m=[0mKalshi [3mbid[0m[2m=[0m0.9680 [3mask[0m[2m=[0m0.9690 [3mmid[0m[2m=[0m0.9685 [3mbid_size[0m[2m=[0m172.00 [3mask_size[0m[2m=[0m160.00
[2m2026-04-12T20:36:28.357527Z[0m [34mDEBUG[0m [2mmercury::engine::spread[0m[2m:[0m Evaluated spread direction 2 [3mmarket_id[0m[2m=[0m9046452d-bcb3-4bb8-8925-8924b7439992 [3mdirection[0m[2m=[0m"NO-A/YES-B" [3mraw_spread[0m[2m=[0m-0.0600 [3mbid_a[0m[2m=[0m0.89 [3mask_b[0m[2m=[0m0.9500
[2m2026-04-12T20:36:28.357594Z[0m [33m WARN[0m [2mmercury::feeds::kalshi[0m[2m:[0m Kalshi sequence gap for KXBTC15M-26APR121645-45: expected 220, got 221. Book may be out of sync.
[2m2026-04-12T20:36:28.357638Z[0m [34mDEBUG[0m [2mmercury::engine::market_actor[0m[2m:[0m Tick received — running arb detection [3mmarket_id[0m[2m=[0m9046452d-bcb3-4bb8-8925-8924b7439992 [3mplatform[0m[2m=[0mKalshi [3mbid[0m[2m=[0m0.9360 [3mask[0m[2m=[0m0.9500 [3mmid[0m[2m=[0m0.9430 [3mbid_size[0m[2m=[0m31.66 [3mask_size[0m[2m=[0m70.14
[2m2026-04-12T20:36:28.357645Z[0m [34mDEBUG[0m [2mmercury::engine::spread[0m[2m:[0m Evaluated spread direction 2 [3mmarket_id[0m[2m=[0m631deb8c-fbb4-489e-818e-ae698f57f50b [3mdirection[0m[2m=[0m"NO-A/YES-B" [3mraw_spread[0m[2m=[0m0.0080 [3mbid_a[0m[2m=[0m0.9680 [3mask_b[0m[2m=[0m0.96
[2m2026-04-12T20:36:28.357838Z[0m [34mDEBUG[0m [2mmercury::engine::market_actor[0m[2m:[0m Tick received — running arb detection [3mmarket_id[0m[2m=[0m631deb8c-fbb4-489e-818e-ae698f57f50b [3mplatform[0m[2m=[0mKalshi [3mbid[0m[2m=[0m0.9680 [3mask[0m[2m=[0m0.9690 [3mmid[0m[2m=[0m0.9685 [3mbid_size[0m[2m=[0m172.00 [3mask_size[0m[2m=[0m160.00
[2m2026-04-12T20:36:28.357869Z[0m [34mDEBUG[0m [2mmercury::engine::spread[0m[2m:[0m Evaluated spread direction 2 [3mmarket_id[0m[2m=[0m9046452d-bcb3-4bb8-8925-8924b7439992 [3mdirection[0m[2m=[0m"NO-A/YES-B" [3mraw_spread[0m[2m=[0m-0.0600 [3mbid_a[0m[2m=[0m0.89 [3mask_b[0m[2m=[0m0.9500
[2m2026-04-12T20:36:28.357987Z[0m [34mDEBUG[0m [2mmercury::engine::market_actor[0m[2m:[0m Tick received — running arb detection [3mmarket_id[0m[2m=[0m9046452d-bcb3-4bb8-8925-8924b7439992 [3mplatform[0m[2m=[0mKalshi [3mbid[0m[2m=[0m0.9360 [3mask[0m[2m=[0m0.9500 [3mmid[0m[2m=[0m0.9430 [3mbid_size[0m[2m=[0m13.06 [3mask_size[0m[2m=[0m70.14
[2m2026-04-12T20:36:28.358023Z[0m [33m WARN[0m [2mmercury::feeds::kalshi[0m[2m:[0m Kalshi sequence gap for KXETH15M-26APR121645-45: expected 221, got 226. Book may be out of sync.
[2m2026-04-12T20:36:28.357996Z[0m [34mDEBUG[0m [2mmercury::engine::spread[0m[2m:[0m Evaluated spread direction 2 [3mmarket_id[0m[2m=[0m631deb8c-fbb4-489e-818e-ae698f57f50b [3mdirection[0m[2m=[0m"NO-A/YES-B" [3mraw_spread[0m[2m=[0m0.0080 [3mbid_a[0m[2m=[0m0.9680 [3mask_b[0m[2m=[0m0.96
[2m2026-04-12T20:36:28.358165Z[0m [34mDEBUG[0m [2mmercury::engine::market_actor[0m[2m:[0m Tick received — running arb detection [3mmarket_id[0m[2m=[0m631deb8c-fbb4-489e-818e-ae698f57f50b [3mplatform[0m[2m=[0mKalshi [3mbid[0m[2m=[0m0.9680 [3mask[0m[2m=[0m0.9690 [3mmid[0m[2m=[0m0.9685 [3mbid_size[0m[2m=[0m172.00 [3mask_size[0m[2m=[0m160.00
[2m2026-04-12T20:36:28.358212Z[0m [34mDEBUG[0m [2mmercury::engine::spread[0m[2m:[0m Evaluated spread direction 2 [3mmarket_id[0m[2m=[0m9046452d-bcb3-4bb8-8925-8924b7439992 [3mdirection[0m[2m=[0m"NO-A/YES-B" [3mraw_spread[0m[2m=[0m-0.0600 [3mbid_a[0m[2m=[0m0.89 [3mask_b[0m[2m=[0m0.9500
[2m2026-04-12T20:36:28.358273Z[0m [33m WARN[0m [2mmercury::feeds::kalshi[0m[2m:[0m Kalshi sequence gap for KXBTC15M-26APR121645-45: expected 226, got 228. Book may be out of sync.
[2m2026-04-12T20:36:28.358343Z[0m [34mDEBUG[0m [2mmercury::engine::spread[0m[2m:[0m Evaluated spread direction 2 [3mmarket_id[0m[2m=[0m631deb8c-fbb4-489e-818e-ae698f57f50b [3mdirection[0m[2m=[0m"NO-A/YES-B" [3mraw_spread[0m[2m=[0m0.0080 [3mbid_a[0m[2m=[0m0.9680 [3mask_b[0m[2m=[0m0.96
[2m2026-04-12T20:36:28.358337Z[0m [34mDEBUG[0m [2mmercury::engine::market_actor[0m[2m:[0m Tick received — running arb detection [3mmarket_id[0m[2m=[0m9046452d-bcb3-4bb8-8925-8924b7439992 [3mplatform[0m[2m=[0mKalshi [3mbid[0m[2m=[0m0.9360 [3mask[0m[2m=[0m0.9500 [3mmid[0m[2m=[0m0.9430 [3mbid_size[0m[2m=[0m13.06 [3mask_size[0m[2m=[0m70.14
[2m2026-04-12T20:36:28.358465Z[0m [34mDEBUG[0m [2mmercury::engine::market_actor[0m[2m:[0m Tick received — running arb detection [3mmarket_id[0m[2m=[0m631deb8c-fbb4-489e-818e-ae698f57f50b [3mplatform[0m[2m=[0mKalshi [3mbid[0m[2m=[0m0.9680 [3mask[0m[2m=[0m0.9690 [3mmid[0m[2m=[0m0.9685 [3mbid_size[0m[2m=[0m172.00 [3mask_size[0m[2m=[0m160.00
[2m2026-04-12T20:36:28.358487Z[0m [34mDEBUG[0m [2mmercury::engine::spread[0m[2m:[0m Evaluated spread direction 2 [3mmarket_id[0m[2m=[0m9046452d-bcb3-4bb8-8925-8924b7439992 [3mdirection[0m[2m=[0m"NO-A/YES-B" [3mraw_spread[0m[2m=[0m-0.0600 [3mbid_a[0m[2m=[0m0.89 [3mask_b[0m[2m=[0m0.9500
[2m2026-04-12T20:36:28.358590Z[0m [34mDEBUG[0m [2mmercury::engine::market_actor[0m[2m:[0m Tick received — running arb detection [3mmarket_id[0m[2m=[0m9046452d-bcb3-4bb8-8925-8924b7439992 [3mplatform[0m[2m=[0mKalshi [3mbid[0m[2m=[0m0.9360 [3mask[0m[2m=[0m0.9500 [3mmid[0m[2m=[0m0.9430 [3mbid_size[0m[2m=[0m13.06 [3mask_size[0m[2m=[0m70.14
[2m2026-04-12T20:36:28.358606Z[0m [34mDEBUG[0m [2mmercury::engine::spread[0m[2m:[0m Evaluated spread direction 2 [3mmarket_id[0m[2m=[0m631deb8c-fbb4-489e-818e-ae698f57f50b [3mdirection[0m[2m=[0m"NO-A/YES-B" [3mraw_spread[0m[2m=[0m0.0080 [3mbid_a[0m[2m=[0m0.9680 [3mask_b[0m[2m=[0m0.96
[2m2026-04-12T20:36:28.358701Z[0m [33m WARN[0m [2mmercury::feeds::kalshi[0m[2m:[0m Kalshi sequence gap for KXETH15M-26APR121645-45: expected 228, got 231. Book may be out of sync.
[2m2026-04-12T20:36:28.358727Z[0m [34mDEBUG[0m [2mmercury::engine::market_actor[0m[2m:[0m Tick received — running arb detection [3mmarket_id[0m[2m=[0m631deb8c-fbb4-489e-818e-ae698f57f50b [3mplatform[0m[2m=[0mKalshi [3mbid[0m[2m=[0m0.9680 [3mask[0m[2m=[0m0.9690 [3mmid[0m[2m=[0m0.9685 [3mbid_size[0m[2m=[0m172.00 [3mask_size[0m[2m=[0m160.00
[2m2026-04-12T20:36:28.358765Z[0m [34mDEBUG[0m [2mmercury::engine::spread[0m[2m:[0m Evaluated spread direction 2 [3mmarket_id[0m[2m=[0m9046452d-bcb3-4bb8-8925-8924b7439992 [3mdirection[0m[2m=[0m"NO-A/YES-B" [3mraw_spread[0m[2m=[0m-0.0600 [3mbid_a[0m[2m=[0m0.89 [3mask_b[0m[2m=[0m0.9500
[2m2026-04-12T20:36:28.358896Z[0m [34mDEBUG[0m [2mmercury::engine::spread[0m[2m:[0m Evaluated spread direction 2 [3mmarket_id[0m[2m=[0m631deb8c-fbb4-489e-818e-ae698f57f50b [3mdirection[0m[2m=[0m"NO-A/YES-B" [3mraw_spread[0m[2m=[0m0.0080 [3mbid_a[0m[2m=[0m0.9680 [3mask_b[0m[2m=[0m0.96
[2m2026-04-12T20:36:28.358892Z[0m [34mDEBUG[0m [2mmercury::engine::market_actor[0m[2m:[0m Tick received — running arb detection [3mmarket_id[0m[2m=[0m9046452d-bcb3-4bb8-8925-8924b7439992 [3mplatform[0m[2m=[0mKalshi [3mbid[0m[2m=[0m0.9360 [3mask[0m[2m=[0m0.9500 [3mmid[0m[2m=[0m0.9430 [3mbid_size[0m[2m=[0m31.66 [3mask_size[0m[2m=[0m70.14
[2m2026-04-12T20:36:28.359017Z[0m [34mDEBUG[0m [2mmercury::engine::market_actor[0m[2m:[0m Tick received — running arb detection [3mmarket_id[0m[2m=[0m631deb8c-fbb4-489e-818e-ae698f57f50b [3mplatform[0m[2m=[0mKalshi [3mbid[0m[2m=[0m0.9680 [3mask[0m[2m=[0m0.9690 [3mmid[0m[2m=[0m0.9685 [3mbid_size[0m[2m=[0m172.00 [3mask_size[0m[2m=[0m160.00
[2m2026-04-12T20:36:28.359051Z[0m [34mDEBUG[0m [2mmercury::engine::spread[0m[2m:[0m Evaluated spread direction 2 [3mmarket_id[0m[2m=[0m9046452d-bcb3-4bb8-8925-8924b7439992 [3mdirection[0m[2m=[0m"NO-A/YES-B" [3mraw_spread[0m[2m=[0m-0.0600 [3mbid_a[0m[2m=[0m0.89 [3mask_b[0m[2m=[0m0.9500
[2m2026-04-12T20:36:28.359158Z[0m [34mDEBUG[0m [2mmercury::engine::spread[0m[2m:[0m Evaluated spread direction 2 [3mmarket_id[0m[2m=[0m631deb8c-fbb4-489e-818e-ae698f57f50b [3mdirection[0m[2m=[0m"NO-A/YES-B" [3mraw_spread[0m[2m=[0m0.0080 [3mbid_a[0m[2m=[0m0.9680 [3mask_b[0m[2m=[0m0.96
[2m2026-04-12T20:36:28.359277Z[0m [34mDEBUG[0m [2mmercury::engine::market_actor[0m[2m:[0m Tick received — running arb detection [3mmarket_id[0m[2m=[0m631deb8c-fbb4-489e-818e-ae698f57f50b [3mplatform[0m[2m=[0mKalshi [3mbid[0m[2m=[0m0.9680 [3mask[0m[2m=[0m0.9690 [3mmid[0m[2m=[0m0.9685 [3mbid_size[0m[2m=[0m172.00 [3mask_size[0m[2m=[0m160.00
[2m2026-04-12T20:36:28.359391Z[0m [34mDEBUG[0m [2mmercury::engine::spread[0m[2m:[0m Evaluated spread direction 2 [3mmarket_id[0m[2m=[0m631deb8c-fbb4-489e-818e-ae698f57f50b [3mdirection[0m[2m=[0m"NO-A/YES-B" [3mraw_spread[0m[2m=[0m0.0080 [3mbid_a[0m[2m=[0m0.9680 [3mask_b[0m[2m=[0m0.96
[2m2026-04-12T20:36:28.359482Z[0m [33m WARN[0m [2mmercury::feeds::kalshi[0m[2m:[0m Kalshi sequence gap for KXBTC15M-26APR121645-45: expected 231, got 232. Book may be out of sync.
[2m2026-04-12T20:36:28.359505Z[0m [34mDEBUG[0m [2mmercury::engine::market_actor[0m[2m:[0m Tick received — running arb detection [3mmarket_id[0m[2m=[0m631deb8c-fbb4-489e-818e-ae698f57f50b [3mplatform[0m[2m=[0mKalshi [3mbid[0m[2m=[0m0.9680 [3mask[0m[2m=[0m0.9690 [3mmid[0m[2m=[0m0.9685 [3mbid_size[0m[2m=[0m172.00 [3mask_size[0m[2m=[0m160.00
[2m2026-04-12T20:36:28.359618Z[0m [34mDEBUG[0m [2mmercury::engine::spread[0m[2m:[0m Evaluated spread direction 2 [3mmarket_id[0m[2m=[0m631deb8c-fbb4-489e-818e-ae698f57f50b [3mdirection[0m[2m=[0m"NO-A/YES-B" [3mraw_spread[0m[2m=[0m0.0080 [3mbid_a[0m[2m=[0m0.9680 [3mask_b[0m[2m=[0m0.96
[2m2026-04-12T20:36:28.359730Z[0m [34mDEBUG[0m [2mmercury::engine::market_actor[0m[2m:[0m Tick received — running arb detection [3mmarket_id[0m[2m=[0m631deb8c-fbb4-489e-818e-ae698f57f50b [3mplatform[0m[2m=[0mKalshi [3mbid[0m[2m=[0m0.9680 [3mask[0m[2m=[0m0.9690 [3mmid[0m[2m=[0m0.9685 [3mbid_size[0m[2m=[0m172.00 [3mask_size[0m[2m=[0m149.75
[2m2026-04-12T20:36:28.359842Z[0m [34mDEBUG[0m [2mmercury::engine::spread[0m[2m:[0m Evaluated spread direction 2 [3mmarket_id[0m[2m=[0m631deb8c-fbb4-489e-818e-ae698f57f50b [3mdirection[0m[2m=[0m"NO-A/YES-B" [3mraw_spread[0m[2m=[0m0.0080 [3mbid_a[0m[2m=[0m0.9680 [3mask_b[0m[2m=[0m0.96
[2m2026-04-12T20:36:28.359957Z[0m [34mDEBUG[0m [2mmercury::engine::market_actor[0m[2m:[0m Tick received — running arb detection [3mmarket_id[0m[2m=[0m631deb8c-fbb4-489e-818e-ae698f57f50b [3mplatform[0m[2m=[0mKalshi [3mbid[0m[2m=[0m0.9680 [3mask[0m[2m=[0m0.9690 [3mmid[0m[2m=[0m0.9685 [3mbid_size[0m[2m=[0m172.00 [3mask_size[0m[2m=[0m177.75
[2m2026-04-12T20:36:28.360069Z[0m [34mDEBUG[0m [2mmercury::engine::spread[0m[2m:[0m Evaluated spread direction 2 [3mmarket_id[0m[2m=[0m631deb8c-fbb4-489e-818e-ae698f57f50b [3mdirection[0m[2m=[0m"NO-A/YES-B" [3mraw_spread[0m[2m=[0m0.0080 [3mbid_a[0m[2m=[0m0.9680 [3mask_b[0m[2m=[0m0.96
[2m2026-04-12T20:36:28.360197Z[0m [34mDEBUG[0m [2mmercury::engine::market_actor[0m[2m:[0m Tick received — running arb detection [3mmarket_id[0m[2m=[0m631deb8c-fbb4-489e-818e-ae698f57f50b [3mplatform[0m[2m=[0mKalshi [3mbid[0m[2m=[0m0.9680 [3mask[0m[2m=[0m0.9690 [3mmid[0m[2m=[0m0.9685 [3mbid_size[0m[2m=[0m172.00 [3mask_size[0m[2m=[0m180.75
[2m2026-04-12T20:36:28.360306Z[0m [34mDEBUG[0m [2mmercury::engine::spread[0m[2m:[0m Evaluated spread direction 2 [3mmarket_id[0m[2m=[0m631deb8c-fbb4-489e-818e-ae698f57f50b [3mdirection[0m[2m=[0m"NO-A/YES-B" [3mraw_spread[0m[2m=[0m0.0080 [3mbid_a[0m[2m=[0m0.9680 [3mask_b[0m[2m=[0m0.96
[2m2026-04-12T20:36:28.360414Z[0m [34mDEBUG[0m [2mmercury::engine::market_actor[0m[2m:[0m Tick received — running arb detection [3mmarket_id[0m[2m=[0m631deb8c-fbb4-489e-818e-ae698f57f50b [3mplatform[0m[2m=[0mKalshi [3mbid[0m[2m=[0m0.9680 [3mask[0m[2m=[0m0.9690 [3mmid[0m[2m=[0m0.9685 [3mbid_size[0m[2m=[0m172.00 [3mask_size[0m[2m=[0m180.75
[2m2026-04-12T20:36:28.360523Z[0m [34mDEBUG[0m [2mmercury::engine::spread[0m[2m:[0m Evaluated spread direction 2 [3mmarket_id[0m[2m=[0m631deb8c-fbb4-489e-818e-ae698f57f50b [3mdirection[0m[2m=[0m"NO-A/YES-B" [3mraw_spread[0m[2m=[0m0.0080 [3mbid_a[0m[2m=[0m0.9680 [3mask_b[0m[2m=[0m0.96
[2m2026-04-12T20:36:28.360632Z[0m [34mDEBUG[0m [2mmercury::engine::market_actor[0m[2m:[0m Tick received — running arb detection [3mmarket_id[0m[2m=[0m631deb8c-fbb4-489e-818e-ae698f57f50b [3mplatform[0m[2m=[0mKalshi [3mbid[0m[2m=[0m0.9680 [3mask[0m[2m=[0m0.9690 [3mmid[0m[2m=[0m0.9685 [3mbid_size[0m[2m=[0m172.00 [3mask_size[0m[2m=[0m180.75
[2m2026-04-12T20:36:28.360741Z[0m [34mDEBUG[0m [2mmercury::engine::spread[0m[2m:[0m Evaluated spread direction 2 [3mmarket_id[0m[2m=[0m631deb8c-fbb4-489e-818e-ae698f57f50b [3mdirection[0m[2m=[0m"NO-A/YES-B" [3mraw_spread[0m[2m=[0m0.0080 [3mbid_a[0m[2m=[0m0.9680 [3mask_b[0m[2m=[0m0.96
[2m2026-04-12T20:36:28.360849Z[0m [34mDEBUG[0m [2mmercury::engine::market_actor[0m[2m:[0m Tick received — running arb detection [3mmarket_id[0m[2m=[0m631deb8c-fbb4-489e-818e-ae698f57f50b [3mplatform[0m[2m=[0mKalshi [3mbid[0m[2m=[0m0.9680 [3mask[0m[2m=[0m0.9690 [3mmid[0m[2m=[0m0.9685 [3mbid_size[0m[2m=[0m172.00 [3mask_size[0m[2m=[0m180.75
[2m2026-04-12T20:36:28.360958Z[0m [34mDEBUG[0m [2mmercury::engine::spread[0m[2m:[0m Evaluated spread direction 2 [3mmarket_id[0m[2m=[0m631deb8c-fbb4-489e-818e-ae698f57f50b [3mdirection[0m[2m=[0m"NO-A/YES-B" [3mraw_spread[0m[2m=[0m0.0080 [3mbid_a[0m[2m=[0m0.9680 [3mask_b[0m[2m=[0m0.96
[2m2026-04-12T20:36:28.361067Z[0m [34mDEBUG[0m [2mmercury::engine::market_actor[0m[2m:[0m Tick received — running arb detection [3mmarket_id[0m[2m=[0m631deb8c-fbb4-489e-818e-ae698f57f50b [3mplatform[0m[2m=[0mKalshi [3mbid[0m[2m=[0m0.9680 [3mask[0m[2m=[0m0.9690 [3mmid[0m[2m=[0m0.9685 [3mbid_size[0m[2m=[0m172.00 [3mask_size[0m[2m=[0m180.75
[2m2026-04-12T20:36:28.361176Z[0m [34mDEBUG[0m [2mmercury::engine::spread[0m[2m:[0m Evaluated spread direction 2 [3mmarket_id[0m[2m=[0m631deb8c-fbb4-489e-818e-ae698f57f50b [3mdirection[0m[2m=[0m"NO-A/YES-B" [3mraw_spread[0m[2m=[0m0.0080 [3mbid_a[0m[2m=[0m0.9680 [3mask_b[0m[2m=[0m0.96
[2m2026-04-12T20:36:28.361302Z[0m [34mDEBUG[0m [2mmercury::engine::market_actor[0m[2m:[0m Tick received — running arb detection [3mmarket_id[0m[2m=[0m631deb8c-fbb4-489e-818e-ae698f57f50b [3mplatform[0m[2m=[0mKalshi [3mbid[0m[2m=[0m0.9680 [3mask[0m[2m=[0m0.9690 [3mmid[0m[2m=[0m0.9685 [3mbid_size[0m[2m=[0m172.00 [3mask_size[0m[2m=[0m180.75
[2m2026-04-12T20:36:28.361408Z[0m [34mDEBUG[0m [2mmercury::engine::spread[0m[2m:[0m Evaluated spread direction 2 [3mmarket_id[0m[2m=[0m631deb8c-fbb4-489e-818e-ae698f57f50b [3mdirection[0m[2m=[0m"NO-A/YES-B" [3mraw_spread[0m[2m=[0m0.0080 [3mbid_a[0m[2m=[0m0.9680 [3mask_b[0m[2m=[0m0.96
[2m2026-04-12T20:36:28.361515Z[0m [34mDEBUG[0m [2mmercury::engine::market_actor[0m[2m:[0m Tick received — running arb detection [3mmarket_id[0m[2m=[0m631deb8c-fbb4-489e-818e-ae698f57f50b [3mplatform[0m[2m=[0mKalshi [3mbid[0m[2m=[0m0.9680 [3mask[0m[2m=[0m0.9690 [3mmid[0m[2m=[0m0.9685 [3mbid_size[0m[2m=[0m172.00 [3mask_size[0m[2m=[0m180.75
[2m2026-04-12T20:36:28.361621Z[0m [34mDEBUG[0m [2mmercury::engine::spread[0m[2m:[0m Evaluated spread direction 2 [3mmarket_id[0m[2m=[0m631deb8c-fbb4-489e-818e-ae698f57f50b [3mdirection[0m[2m=[0m"NO-A/YES-B" [3mraw_spread[0m[2m=[0m0.0080 [3mbid_a[0m[2m=[0m0.9680 [3mask_b[0m[2m=[0m0.96
[2m2026-04-12T20:36:28.403526Z[0m [33m WARN[0m [2mmercury::feeds::kalshi[0m[2m:[0m Kalshi sequence gap for KXETH15M-26APR121645-45: expected 232, got 234. Book may be out of sync.
[2m2026-04-12T20:36:28.404044Z[0m [33m WARN[0m [2mmercury::feeds::kalshi[0m[2m:[0m Kalshi sequence gap for KXBTC15M-26APR121645-45: expected 234, got 236. Book may be out of sync.
[2m2026-04-12T20:36:28.404162Z[0m [34mDEBUG[0m [2mmercury::engine::market_actor[0m[2m:[0m Tick received — running arb detection [3mmarket_id[0m[2m=[0m9046452d-bcb3-4bb8-8925-8924b7439992 [3mplatform[0m[2m=[0mKalshi [3mbid[0m[2m=[0m0.9360 [3mask[0m[2m=[0m0.9500 [3mmid[0m[2m=[0m0.9430 [3mbid_size[0m[2m=[0m31.66 [3mask_size[0m[2m=[0m70.14
[2m2026-04-12T20:36:28.404415Z[0m [34mDEBUG[0m [2mmercury::engine::spread[0m[2m:[0m Evaluated spread direction 2 [3mmarket_id[0m[2m=[0m9046452d-bcb3-4bb8-8925-8924b7439992 [3mdirection[0m[2m=[0m"NO-A/YES-B" [3mraw_spread[0m[2m=[0m-0.0600 [3mbid_a[0m[2m=[0m0.89 [3mask_b[0m[2m=[0m0.9500
[2m2026-04-12T20:36:28.404445Z[0m [34mDEBUG[0m [2mmercury::engine::market_actor[0m[2m:[0m Tick received — running arb detection [3mmarket_id[0m[2m=[0m631deb8c-fbb4-489e-818e-ae698f57f50b [3mplatform[0m[2m=[0mKalshi [3mbid[0m[2m=[0m0.9680 [3mask[0m[2m=[0m0.9690 [3mmid[0m[2m=[0m0.9685 [3mbid_size[0m[2m=[0m172.00 [3mask_size[0m[2m=[0m180.75
[2m2026-04-12T20:36:28.404586Z[0m [34mDEBUG[0m [2mmercury::engine::market_actor[0m[2m:[0m Tick received — running arb detection [3mmarket_id[0m[2m=[0m9046452d-bcb3-4bb8-8925-8924b7439992 [3mplatform[0m[2m=[0mKalshi [3mbid[0m[2m=[0m0.9360 [3mask[0m[2m=[0m0.9500 [3mmid[0m[2m=[0m0.9430 [3mbid_size[0m[2m=[0m31.66 [3mask_size[0m[2m=[0m70.14
[2m2026-04-12T20:36:28.404652Z[0m [34mDEBUG[0m [2mmercury::engine::spread[0m[2m:[0m Evaluated spread direction 2 [3mmarket_id[0m[2m=[0m631deb8c-fbb4-489e-818e-ae698f57f50b [3mdirection[0m[2m=[0m"NO-A/YES-B" [3mraw_spread[0m[2m=[0m0.0080 [3mbid_a[0m[2m=[0m0.9680 [3mask_b[0m[2m=[0m0.96
[2m2026-04-12T20:36:28.404846Z[0m [34mDEBUG[0m [2mmercury::engine::market_actor[0m[2m:[0m Tick received — running arb detection [3mmarket_id[0m[2m=[0m631deb8c-fbb4-489e-818e-ae698f57f50b [3mplatform[0m[2m=[0mKalshi [3mbid[0m[2m=[0m0.9680 [3mask[0m[2m=[0m0.9690 [3mmid[0m[2m=[0m0.9685 [3mbid_size[0m[2m=[0m172.00 [3mask_size[0m[2m=[0m180.75
[2m2026-04-12T20:36:28.404908Z[0m [34mDEBUG[0m [2mmercury::engine::spread[0m[2m:[0m Evaluated spread direction 2 [3mmarket_id[0m[2m=[0m9046452d-bcb3-4bb8-8925-8924b7439992 [3mdirection[0m[2m=[0m"NO-A/YES-B" [3mraw_spread[0m[2m=[0m-0.0600 [3mbid_a[0m[2m=[0m0.89 [3mask_b[0m[2m=[0m0.9500
[2m2026-04-12T20:36:28.405125Z[0m [34mDEBUG[0m [2mmercury::engine::spread[0m[2m:[0m Evaluated spread direction 2 [3mmarket_id[0m[2m=[0m631deb8c-fbb4-489e-818e-ae698f57f50b [3mdirection[0m[2m=[0m"NO-A/YES-B" [3mraw_spread[0m[2m=[0m0.0080 [3mbid_a[0m[2m=[0m0.9680 [3mask_b[0m[2m=[0m0.96
[2m2026-04-12T20:36:28.405320Z[0m [34mDEBUG[0m [2mmercury::engine::market_actor[0m[2m:[0m Tick received — running arb detection [3mmarket_id[0m[2m=[0m631deb8c-fbb4-489e-818e-ae698f57f50b [3mplatform[0m[2m=[0mKalshi [3mbid[0m[2m=[0m0.9680 [3mask[0m[2m=[0m0.9690 [3mmid[0m[2m=[0m0.9685 [3mbid_size[0m[2m=[0m172.00 [3mask_size[0m[2m=[0m180.75
[2m2026-04-12T20:36:28.405509Z[0m [34mDEBUG[0m [2mmercury::engine::spread[0m[2m:[0m Evaluated spread direction 2 [3mmarket_id[0m[2m=[0m631deb8c-fbb4-489e-818e-ae698f57f50b [3mdirection[0m[2m=[0m"NO-A/YES-B" [3mraw_spread[0m[2m=[0m0.0080 [3mbid_a[0m[2m=[0m0.9680 [3mask_b[0m[2m=[0m0.96
[2m2026-04-12T20:36:28.411612Z[0m [34mDEBUG[0m [2mmercury::engine::market_actor[0m[2m:[0m Tick received — running arb detection [3mmarket_id[0m[2m=[0m631deb8c-fbb4-489e-818e-ae698f57f50b [3mplatform[0m[2m=[0mKalshi [3mbid[0m[2m=[0m0.9680 [3mask[0m[2m=[0m0.9690 [3mmid[0m[2m=[0m0.9685 [3mbid_size[0m[2m=[0m172.00 [3mask_size[0m[2m=[0m180.75
[2m2026-04-12T20:36:28.411809Z[0m [34mDEBUG[0m [2mmercury::engine::spread[0m[2m:[0m Evaluated spread direction 2 [3mmarket_id[0m[2m=[0m631deb8c-fbb4-489e-818e-ae698f57f50b [3mdirection[0m[2m=[0m"NO-A/YES-B" [3mraw_spread[0m[2m=[0m0.0080 [3mbid_a[0m[2m=[0m0.9680 [3mask_b[0m[2m=[0m0.96
[2m2026-04-12T20:36:28.411961Z[0m [34mDEBUG[0m [2mmercury::engine::market_actor[0m[2m:[0m Tick received — running arb detection [3mmarket_id[0m[2m=[0m631deb8c-fbb4-489e-818e-ae698f57f50b [3mplatform[0m[2m=[0mKalshi [3mbid[0m[2m=[0m0.9680 [3mask[0m[2m=[0m0.9690 [3mmid[0m[2m=[0m0.9685 [3mbid_size[0m[2m=[0m172.00 [3mask_size[0m[2m=[0m180.75
[2m2026-04-12T20:36:28.412102Z[0m [34mDEBUG[0m [2mmercury::engine::spread[0m[2m:[0m Evaluated spread direction 2 [3mmarket_id[0m[2m=[0m631deb8c-fbb4-489e-818e-ae698f57f50b [3mdirection[0m[2m=[0m"NO-A/YES-B" [3mraw_spread[0m[2m=[0m0.0080 [3mbid_a[0m[2m=[0m0.9680 [3mask_b[0m[2m=[0m0.96
[2m2026-04-12T20:36:28.447755Z[0m [34mDEBUG[0m [2mmercury::engine::market_actor[0m[2m:[0m Tick received — running arb detection [3mmarket_id[0m[2m=[0m631deb8c-fbb4-489e-818e-ae698f57f50b [3mplatform[0m[2m=[0mKalshi [3mbid[0m[2m=[0m0.9680 [3mask[0m[2m=[0m0.9690 [3mmid[0m[2m=[0m0.9685 [3mbid_size[0m[2m=[0m172.00 [3mask_size[0m[2m=[0m180.75
[2m2026-04-12T20:36:28.447908Z[0m [34mDEBUG[0m [2mmercury::engine::spread[0m[2m:[0m Evaluated spread direction 2 [3mmarket_id[0m[2m=[0m631deb8c-fbb4-489e-818e-ae698f57f50b [3mdirection[0m[2m=[0m"NO-A/YES-B" [3mraw_spread[0m[2m=[0m0.0080 [3mbid_a[0m[2m=[0m0.9680 [3mask_b[0m[2m=[0m0.96
[2m2026-04-12T20:36:28.449811Z[0m [34mDEBUG[0m [2mmercury::engine::market_actor[0m[2m:[0m Tick received — running arb detection [3mmarket_id[0m[2m=[0m631deb8c-fbb4-489e-818e-ae698f57f50b [3mplatform[0m[2m=[0mKalshi [3mbid[0m[2m=[0m0.9680 [3mask[0m[2m=[0m0.9690 [3mmid[0m[2m=[0m0.9685 [3mbid_size[0m[2m=[0m172.00 [3mask_size[0m[2m=[0m180.75
[2m2026-04-12T20:36:28.449904Z[0m [34mDEBUG[0m [2mmercury::engine::spread[0m[2m:[0m Evaluated spread direction 2 [3mmarket_id[0m[2m=[0m631deb8c-fbb4-489e-818e-ae698f57f50b [3mdirection[0m[2m=[0m"NO-A/YES-B" [3mraw_spread[0m[2m=[0m0.0080 [3mbid_a[0m[2m=[0m0.9680 [3mask_b[0m[2m=[0m0.96
[2m2026-04-12T20:36:28.450364Z[0m [34mDEBUG[0m [2mmercury::engine::market_actor[0m[2m:[0m Tick received — running arb detection [3mmarket_id[0m[2m=[0m631deb8c-fbb4-489e-818e-ae698f57f50b [3mplatform[0m[2m=[0mKalshi [3mbid[0m[2m=[0m0.9680 [3mask[0m[2m=[0m0.9690 [3mmid[0m[2m=[0m0.9685 [3mbid_size[0m[2m=[0m172.00 [3mask_size[0m[2m=[0m180.75
[2m2026-04-12T20:36:28.450475Z[0m [34mDEBUG[0m [2mmercury::engine::spread[0m[2m:[0m Evaluated spread direction 2 [3mmarket_id[0m[2m=[0m631deb8c-fbb4-489e-818e-ae698f57f50b [3mdirection[0m[2m=[0m"NO-A/YES-B" [3mraw_spread[0m[2m=[0m0.0080 [3mbid_a[0m[2m=[0m0.9680 [3mask_b[0m[2m=[0m0.96
[2m2026-04-12T20:36:28.453068Z[0m [34mDEBUG[0m [2mmercury::engine::market_actor[0m[2m:[0m Tick received — running arb detection [3mmarket_id[0m[2m=[0m9046452d-bcb3-4bb8-8925-8924b7439992 [3mplatform[0m[2m=[0mPolymarket [3mbid[0m[2m=[0m0.89 [3mask[0m[2m=[0m0.9 [3mmid[0m[2m=[0m0.8950 [3mbid_size[0m[2m=[0m209.79 [3mask_size[0m[2m=[0m276.23
[2m2026-04-12T20:36:28.453291Z[0m [34mDEBUG[0m [2mmercury::engine::spread[0m[2m:[0m Evaluated spread direction 2 [3mmarket_id[0m[2m=[0m9046452d-bcb3-4bb8-8925-8924b7439992 [3mdirection[0m[2m=[0m"NO-A/YES-B" [3mraw_spread[0m[2m=[0m-0.0600 [3mbid_a[0m[2m=[0m0.89 [3mask_b[0m[2m=[0m0.9500
[2m2026-04-12T20:36:28.453385Z[0m [34mDEBUG[0m [2mmercury::engine::market_actor[0m[2m:[0m Tick received — running arb detection [3mmarket_id[0m[2m=[0m9046452d-bcb3-4bb8-8925-8924b7439992 [3mplatform[0m[2m=[0mPolymarket [3mbid[0m[2m=[0m0.89 [3mask[0m[2m=[0m0.9 [3mmid[0m[2m=[0m0.8950 [3mbid_size[0m[2m=[0m209.79 [3mask_size[0m[2m=[0m276.23
[2m2026-04-12T20:36:28.453479Z[0m [34mDEBUG[0m [2mmercury::engine::spread[0m[2m:[0m Evaluated spread direction 2 [3mmarket_id[0m[2m=[0m9046452d-bcb3-4bb8-8925-8924b7439992 [3mdirection[0m[2m=[0m"NO-A/YES-B" [3mraw_spread[0m[2m=[0m-0.0600 [3mbid_a[0m[2m=[0m0.89 [3mask_b[0m[2m=[0m0.9500
[2m2026-04-12T20:36:28.455090Z[0m [34mDEBUG[0m [2mmercury::engine::market_actor[0m[2m:[0m Tick received — running arb detection [3mmarket_id[0m[2m=[0m9046452d-bcb3-4bb8-8925-8924b7439992 [3mplatform[0m[2m=[0mPolymarket [3mbid[0m[2m=[0m0.89 [3mask[0m[2m=[0m0.9 [3mmid[0m[2m=[0m0.8950 [3mbid_size[0m[2m=[0m209.79 [3mask_size[0m[2m=[0m276.23
[2m2026-04-12T20:36:28.455289Z[0m [34mDEBUG[0m [2mmercury::engine::spread[0m[2m:[0m Evaluated spread direction 2 [3mmarket_id[0m[2m=[0m9046452d-bcb3-4bb8-8925-8924b7439992 [3mdirection[0m[2m=[0m"NO-A/YES-B" [3mraw_spread[0m[2m=[0m-0.0600 [3mbid_a[0m[2m=[0m0.89 [3mask_b[0m[2m=[0m0.9500
[2m2026-04-12T20:36:28.455308Z[0m [34mDEBUG[0m [2mmercury::engine::market_actor[0m[2m:[0m Tick received — running arb detection [3mmarket_id[0m[2m=[0m631deb8c-fbb4-489e-818e-ae698f57f50b [3mplatform[0m[2m=[0mPolymarket [3mbid[0m[2m=[0m0.94 [3mask[0m[2m=[0m0.96 [3mmid[0m[2m=[0m0.95 [3mbid_size[0m[2m=[0m156.3 [3mask_size[0m[2m=[0m215.8
[2m2026-04-12T20:36:28.455435Z[0m [34mDEBUG[0m [2mmercury::engine::market_actor[0m[2m:[0m Tick received — running arb detection [3mmarket_id[0m[2m=[0m9046452d-bcb3-4bb8-8925-8924b7439992 [3mplatform[0m[2m=[0mPolymarket [3mbid[0m[2m=[0m0.89 [3mask[0m[2m=[0m0.9 [3mmid[0m[2m=[0m0.8950 [3mbid_size[0m[2m=[0m218.52 [3mask_size[0m[2m=[0m276.23
[2m2026-04-12T20:36:28.455482Z[0m [34mDEBUG[0m [2mmercury::engine::spread[0m[2m:[0m Evaluated spread direction 2 [3mmarket_id[0m[2m=[0m631deb8c-fbb4-489e-818e-ae698f57f50b [3mdirection[0m[2m=[0m"NO-A/YES-B" [3mraw_spread[0m[2m=[0m0.0080 [3mbid_a[0m[2m=[0m0.9680 [3mask_b[0m[2m=[0m0.96
[2m2026-04-12T20:36:28.455638Z[0m [34mDEBUG[0m [2mmercury::engine::spread[0m[2m:[0m Evaluated spread direction 2 [3mmarket_id[0m[2m=[0m9046452d-bcb3-4bb8-8925-8924b7439992 [3mdirection[0m[2m=[0m"NO-A/YES-B" [3mraw_spread[0m[2m=[0m-0.0600 [3mbid_a[0m[2m=[0m0.89 [3mask_b[0m[2m=[0m0.9500
[2m2026-04-12T20:36:28.463408Z[0m [32m INFO[0m [2mmercury::feeds::discovery[0m[2m:[0m Polymarket general markets fetched [3mcount[0m[2m=[0m63
[2m2026-04-12T20:36:28.503128Z[0m [34mDEBUG[0m [2mmercury::feeds::polymarket[0m[2m:[0m Unknown Polymarket event type [3mevent_type[0m[2m=[0mbest_bid_ask
[2m2026-04-12T20:36:28.503090Z[0m [34mDEBUG[0m [2mmercury::engine::market_actor[0m[2m:[0m Tick received — running arb detection [3mmarket_id[0m[2m=[0m9046452d-bcb3-4bb8-8925-8924b7439992 [3mplatform[0m[2m=[0mPolymarket [3mbid[0m[2m=[0m0.89 [3mask[0m[2m=[0m0.9 [3mmid[0m[2m=[0m0.8950 [3mbid_size[0m[2m=[0m218.52 [3mask_size[0m[2m=[0m276.23
[2m2026-04-12T20:36:28.503419Z[0m [34mDEBUG[0m [2mmercury::engine::market_actor[0m[2m:[0m Tick received — running arb detection [3mmarket_id[0m[2m=[0m631deb8c-fbb4-489e-818e-ae698f57f50b [3mplatform[0m[2m=[0mKalshi [3mbid[0m[2m=[0m0.9680 [3mask[0m[2m=[0m0.9690 [3mmid[0m[2m=[0m0.9685 [3mbid_size[0m[2m=[0m172.00 [3mask_size[0m[2m=[0m180.75
[2m2026-04-12T20:36:28.503491Z[0m [34mDEBUG[0m [2mmercury::engine::spread[0m[2m:[0m Evaluated spread direction 2 [3mmarket_id[0m[2m=[0m9046452d-bcb3-4bb8-8925-8924b7439992 [3mdirection[0m[2m=[0m"NO-A/YES-B" [3mraw_spread[0m[2m=[0m-0.0600 [3mbid_a[0m[2m=[0m0.89 [3mask_b[0m[2m=[0m0.9500
[2m2026-04-12T20:36:28.503757Z[0m [34mDEBUG[0m [2mmercury::engine::market_actor[0m[2m:[0m Tick received — running arb detection [3mmarket_id[0m[2m=[0m9046452d-bcb3-4bb8-8925-8924b7439992 [3mplatform[0m[2m=[0mPolymarket [3mbid[0m[2m=[0m0.89 [3mask[0m[2m=[0m0.9 [3mmid[0m[2m=[0m0.8950 [3mbid_size[0m[2m=[0m209.79 [3mask_size[0m[2m=[0m276.23
[2m2026-04-12T20:36:28.503785Z[0m [34mDEBUG[0m [2mmercury::engine::spread[0m[2m:[0m Evaluated spread direction 2 [3mmarket_id[0m[2m=[0m631deb8c-fbb4-489e-818e-ae698f57f50b [3mdirection[0m[2m=[0m"NO-A/YES-B" [3mraw_spread[0m[2m=[0m0.0080 [3mbid_a[0m[2m=[0m0.9680 [3mask_b[0m[2m=[0m0.96
[2m2026-04-12T20:36:28.504057Z[0m [34mDEBUG[0m [2mmercury::engine::market_actor[0m[2m:[0m Tick received — running arb detection [3mmarket_id[0m[2m=[0m631deb8c-fbb4-489e-818e-ae698f57f50b [3mplatform[0m[2m=[0mKalshi [3mbid[0m[2m=[0m0.9680 [3mask[0m[2m=[0m0.9690 [3mmid[0m[2m=[0m0.9685 [3mbid_size[0m[2m=[0m172.00 [3mask_size[0m[2m=[0m180.75
[2m2026-04-12T20:36:28.504168Z[0m [33m WARN[0m [2mmercury::feeds::kalshi[0m[2m:[0m Kalshi sequence gap for KXETH15M-26APR121645-45: expected 236, got 253. Book may be out of sync.
[2m2026-04-12T20:36:28.504152Z[0m [34mDEBUG[0m [2mmercury::engine::spread[0m[2m:[0m Evaluated spread direction 2 [3mmarket_id[0m[2m=[0m9046452d-bcb3-4bb8-8925-8924b7439992 [3mdirection[0m[2m=[0m"NO-A/YES-B" [3mraw_spread[0m[2m=[0m-0.0600 [3mbid_a[0m[2m=[0m0.89 [3mask_b[0m[2m=[0m0.9500
[2m2026-04-12T20:36:28.504422Z[0m [34mDEBUG[0m [2mmercury::engine::market_actor[0m[2m:[0m Tick received — running arb detection [3mmarket_id[0m[2m=[0m9046452d-bcb3-4bb8-8925-8924b7439992 [3mplatform[0m[2m=[0mKalshi [3mbid[0m[2m=[0m0.9360 [3mask[0m[2m=[0m0.9500 [3mmid[0m[2m=[0m0.9430 [3mbid_size[0m[2m=[0m13.06 [3mask_size[0m[2m=[0m70.14
[2m2026-04-12T20:36:28.504474Z[0m [34mDEBUG[0m [2mmercury::engine::spread[0m[2m:[0m Evaluated spread direction 2 [3mmarket_id[0m[2m=[0m631deb8c-fbb4-489e-818e-ae698f57f50b [3mdirection[0m[2m=[0m"NO-A/YES-B" [3mraw_spread[0m[2m=[0m0.0080 [3mbid_a[0m[2m=[0m0.9680 [3mask_b[0m[2m=[0m0.96
[2m2026-04-12T20:36:28.504747Z[0m [34mDEBUG[0m [2mmercury::engine::market_actor[0m[2m:[0m Tick received — running arb detection [3mmarket_id[0m[2m=[0m631deb8c-fbb4-489e-818e-ae698f57f50b [3mplatform[0m[2m=[0mPolymarket [3mbid[0m[2m=[0m0.94 [3mask[0m[2m=[0m0.96 [3mmid[0m[2m=[0m0.95 [3mbid_size[0m[2m=[0m156.3 [3mask_size[0m[2m=[0m210.8
[2m2026-04-12T20:36:28.504825Z[0m [34mDEBUG[0m [2mmercury::engine::spread[0m[2m:[0m Evaluated spread direction 2 [3mmarket_id[0m[2m=[0m9046452d-bcb3-4bb8-8925-8924b7439992 [3mdirection[0m[2m=[0m"NO-A/YES-B" [3mraw_spread[0m[2m=[0m-0.0600 [3mbid_a[0m[2m=[0m0.89 [3mask_b[0m[2m=[0m0.9500
[2m2026-04-12T20:36:28.504949Z[0m [33m WARN[0m [2mmercury::feeds::kalshi[0m[2m:[0m Kalshi sequence gap for KXBTC15M-26APR121645-45: expected 253, got 261. Book may be out of sync.
[2m2026-04-12T20:36:28.505020Z[0m [34mDEBUG[0m [2mmercury::engine::market_actor[0m[2m:[0m Tick received — running arb detection [3mmarket_id[0m[2m=[0m9046452d-bcb3-4bb8-8925-8924b7439992 [3mplatform[0m[2m=[0mKalshi [3mbid[0m[2m=[0m0.9370 [3mask[0m[2m=[0m0.9500 [3mmid[0m[2m=[0m0.9435 [3mbid_size[0m[2m=[0m18.60 [3mask_size[0m[2m=[0m70.14
[2m2026-04-12T20:36:28.505078Z[0m [34mDEBUG[0m [2mmercury::engine::spread[0m[2m:[0m Evaluated spread direction 2 [3mmarket_id[0m[2m=[0m631deb8c-fbb4-489e-818e-ae698f57f50b [3mdirection[0m[2m=[0m"NO-A/YES-B" [3mraw_spread[0m[2m=[0m0.0080 [3mbid_a[0m[2m=[0m0.9680 [3mask_b[0m[2m=[0m0.96
[2m2026-04-12T20:36:28.505112Z[0m [33m WARN[0m [2mmercury::feeds::kalshi[0m[2m:[0m Kalshi sequence gap for KXETH15M-26APR121645-45: expected 261, got 262. Book may be out of sync.
[2m2026-04-12T20:36:28.505259Z[0m [34mDEBUG[0m [2mmercury::engine::market_actor[0m[2m:[0m Tick received — running arb detection [3mmarket_id[0m[2m=[0m631deb8c-fbb4-489e-818e-ae698f57f50b [3mplatform[0m[2m=[0mKalshi [3mbid[0m[2m=[0m0.9680 [3mask[0m[2m=[0m0.9690 [3mmid[0m[2m=[0m0.9685 [3mbid_size[0m[2m=[0m172.00 [3mask_size[0m[2m=[0m180.75
[2m2026-04-12T20:36:28.505306Z[0m [34mDEBUG[0m [2mmercury::engine::spread[0m[2m:[0m Evaluated spread direction 2 [3mmarket_id[0m[2m=[0m9046452d-bcb3-4bb8-8925-8924b7439992 [3mdirection[0m[2m=[0m"NO-A/YES-B" [3mraw_spread[0m[2m=[0m-0.0600 [3mbid_a[0m[2m=[0m0.89 [3mask_b[0m[2m=[0m0.9500
[2m2026-04-12T20:36:28.505450Z[0m [34mDEBUG[0m [2mmercury::engine::market_actor[0m[2m:[0m Tick received — running arb detection [3mmarket_id[0m[2m=[0m9046452d-bcb3-4bb8-8925-8924b7439992 [3mplatform[0m[2m=[0mKalshi [3mbid[0m[2m=[0m0.9370 [3mask[0m[2m=[0m0.9500 [3mmid[0m[2m=[0m0.9435 [3mbid_size[0m[2m=[0m18.60 [3mask_size[0m[2m=[0m70.14
[2m2026-04-12T20:36:28.505473Z[0m [34mDEBUG[0m [2mmercury::engine::spread[0m[2m:[0m Evaluated spread direction 2 [3mmarket_id[0m[2m=[0m631deb8c-fbb4-489e-818e-ae698f57f50b [3mdirection[0m[2m=[0m"NO-A/YES-B" [3mraw_spread[0m[2m=[0m0.0080 [3mbid_a[0m[2m=[0m0.9680 [3mask_b[0m[2m=[0m0.96
[2m2026-04-12T20:36:28.505616Z[0m [34mDEBUG[0m [2mmercury::engine::market_actor[0m[2m:[0m Tick received — running arb detection [3mmarket_id[0m[2m=[0m631deb8c-fbb4-489e-818e-ae698f57f50b [3mplatform[0m[2m=[0mKalshi [3mbid[0m[2m=[0m0.9680 [3mask[0m[2m=[0m0.9690 [3mmid[0m[2m=[0m0.9685 [3mbid_size[0m[2m=[0m172.00 [3mask_size[0m[2m=[0m180.75
[2m2026-04-12T20:36:28.505656Z[0m [34mDEBUG[0m [2mmercury::engine::spread[0m[2m:[0m Evaluated spread direction 2 [3mmarket_id[0m[2m=[0m9046452d-bcb3-4bb8-8925-8924b7439992 [3mdirection[0m[2m=[0m"NO-A/YES-B" [3mraw_spread[0m[2m=[0m-0.0600 [3mbid_a[0m[2m=[0m0.89 [3mask_b[0m[2m=[0m0.9500
[2m2026-04-12T20:36:28.505798Z[0m [34mDEBUG[0m [2mmercury::engine::market_actor[0m[2m:[0m Tick received — running arb detection [3mmarket_id[0m[2m=[0m9046452d-bcb3-4bb8-8925-8924b7439992 [3mplatform[0m[2m=[0mKalshi [3mbid[0m[2m=[0m0.9370 [3mask[0m[2m=[0m0.9500 [3mmid[0m[2m=[0m0.9435 [3mbid_size[0m[2m=[0m18.60 [3mask_size[0m[2m=[0m70.14
[2m2026-04-12T20:36:28.505817Z[0m [34mDEBUG[0m [2mmercury::engine::spread[0m[2m:[0m Evaluated spread direction 2 [3mmarket_id[0m[2m=[0m631deb8c-fbb4-489e-818e-ae698f57f50b [3mdirection[0m[2m=[0m"NO-A/YES-B" [3mraw_spread[0m[2m=[0m0.0080 [3mbid_a[0m[2m=[0m0.9680 [3mask_b[0m[2m=[0m0.96
[2m2026-04-12T20:36:28.505983Z[0m [34mDEBUG[0m [2mmercury::engine::market_actor[0m[2m:[0m Tick received — running arb detection [3mmarket_id[0m[2m=[0m631deb8c-fbb4-489e-818e-ae698f57f50b [3mplatform[0m[2m=[0mKalshi [3mbid[0m[2m=[0m0.9680 [3mask[0m[2m=[0m0.9690 [3mmid[0m[2m=[0m0.9685 [3mbid_size[0m[2m=[0m172.00 [3mask_size[0m[2m=[0m180.75
[2m2026-04-12T20:36:28.506032Z[0m [34mDEBUG[0m [2mmercury::engine::spread[0m[2m:[0m Evaluated spread direction 2 [3mmarket_id[0m[2m=[0m9046452d-bcb3-4bb8-8925-8924b7439992 [3mdirection[0m[2m=[0m"NO-A/YES-B" [3mraw_spread[0m[2m=[0m-0.0600 [3mbid_a[0m[2m=[0m0.89 [3mask_b[0m[2m=[0m0.9500
[2m2026-04-12T20:36:28.506178Z[0m [34mDEBUG[0m [2mmercury::engine::market_actor[0m[2m:[0m Tick received — running arb detection [3mmarket_id[0m[2m=[0m9046452d-bcb3-4bb8-8925-8924b7439992 [3mplatform[0m[2m=[0mKalshi [3mbid[0m[2m=[0m0.9360 [3mask[0m[2m=[0m0.9500 [3mmid[0m[2m=[0m0.9430 [3mbid_size[0m[2m=[0m13.06 [3mask_size[0m[2m=[0m70.14
[2m2026-04-12T20:36:28.506195Z[0m [34mDEBUG[0m [2mmercury::engine::spread[0m[2m:[0m Evaluated spread direction 2 [3mmarket_id[0m[2m=[0m631deb8c-fbb4-489e-818e-ae698f57f50b [3mdirection[0m[2m=[0m"NO-A/YES-B" [3mraw_spread[0m[2m=[0m0.0080 [3mbid_a[0m[2m=[0m0.9680 [3mask_b[0m[2m=[0m0.96
[2m2026-04-12T20:36:28.506378Z[0m [34mDEBUG[0m [2mmercury::engine::market_actor[0m[2m:[0m Tick received — running arb detection [3mmarket_id[0m[2m=[0m631deb8c-fbb4-489e-818e-ae698f57f50b [3mplatform[0m[2m=[0mKalshi [3mbid[0m[2m=[0m0.9680 [3mask[0m[2m=[0m0.9690 [3mmid[0m[2m=[0m0.9685 [3mbid_size[0m[2m=[0m172.00 [3mask_size[0m[2m=[0m180.75
[2m2026-04-12T20:36:28.506423Z[0m [34mDEBUG[0m [2mmercury::engine::spread[0m[2m:[0m Evaluated spread direction 2 [3mmarket_id[0m[2m=[0m9046452d-bcb3-4bb8-8925-8924b7439992 [3mdirection[0m[2m=[0m"NO-A/YES-B" [3mraw_spread[0m[2m=[0m-0.0600 [3mbid_a[0m[2m=[0m0.89 [3mask_b[0m[2m=[0m0.9500
[2m2026-04-12T20:36:28.506548Z[0m [34mDEBUG[0m [2mmercury::engine::market_actor[0m[2m:[0m Tick received — running arb detection [3mmarket_id[0m[2m=[0m9046452d-bcb3-4bb8-8925-8924b7439992 [3mplatform[0m[2m=[0mKalshi [3mbid[0m[2m=[0m0.9380 [3mask[0m[2m=[0m0.9500 [3mmid[0m[2m=[0m0.9440 [3mbid_size[0m[2m=[0m18.60 [3mask_size[0m[2m=[0m70.14
[2m2026-04-12T20:36:28.506560Z[0m [34mDEBUG[0m [2mmercury::engine::spread[0m[2m:[0m Evaluated spread direction 2 [3mmarket_id[0m[2m=[0m631deb8c-fbb4-489e-818e-ae698f57f50b [3mdirection[0m[2m=[0m"NO-A/YES-B" [3mraw_spread[0m[2m=[0m0.0080 [3mbid_a[0m[2m=[0m0.9680 [3mask_b[0m[2m=[0m0.96
[2m2026-04-12T20:36:28.506717Z[0m [34mDEBUG[0m [2mmercury::engine::market_actor[0m[2m:[0m Tick received — running arb detection [3mmarket_id[0m[2m=[0m631deb8c-fbb4-489e-818e-ae698f57f50b [3mplatform[0m[2m=[0mKalshi [3mbid[0m[2m=[0m0.9680 [3mask[0m[2m=[0m0.9690 [3mmid[0m[2m=[0m0.9685 [3mbid_size[0m[2m=[0m172.00 [3mask_size[0m[2m=[0m180.75
[2m2026-04-12T20:36:28.506775Z[0m [34mDEBUG[0m [2mmercury::engine::spread[0m[2m:[0m Evaluated spread direction 2 [3mmarket_id[0m[2m=[0m9046452d-bcb3-4bb8-8925-8924b7439992 [3mdirection[0m[2m=[0m"NO-A/YES-B" [3mraw_spread[0m[2m=[0m-0.0600 [3mbid_a[0m[2m=[0m0.89 [3mask_b[0m[2m=[0m0.9500
[2m2026-04-12T20:36:28.506896Z[0m [34mDEBUG[0m [2mmercury::engine::market_actor[0m[2m:[0m Tick received — running arb detection [3mmarket_id[0m[2m=[0m9046452d-bcb3-4bb8-8925-8924b7439992 [3mplatform[0m[2m=[0mKalshi [3mbid[0m[2m=[0m0.9380 [3mask[0m[2m=[0m0.9500 [3mmid[0m[2m=[0m0.9440 [3mbid_size[0m[2m=[0m18.60 [3mask_size[0m[2m=[0m70.14
[2m2026-04-12T20:36:28.506921Z[0m [34mDEBUG[0m [2mmercury::engine::spread[0m[2m:[0m Evaluated spread direction 2 [3mmarket_id[0m[2m=[0m631deb8c-fbb4-489e-818e-ae698f57f50b [3mdirection[0m[2m=[0m"NO-A/YES-B" [3mraw_spread[0m[2m=[0m0.0080 [3mbid_a[0m[2m=[0m0.9680 [3mask_b[0m[2m=[0m0.96
[2m2026-04-12T20:36:28.507062Z[0m [34mDEBUG[0m [2mmercury::engine::market_actor[0m[2m:[0m Tick received — running arb detection [3mmarket_id[0m[2m=[0m631deb8c-fbb4-489e-818e-ae698f57f50b [3mplatform[0m[2m=[0mKalshi [3mbid[0m[2m=[0m0.9680 [3mask[0m[2m=[0m0.9690 [3mmid[0m[2m=[0m0.9685 [3mbid_size[0m[2m=[0m172.00 [3mask_size[0m[2m=[0m180.75
[2m2026-04-12T20:36:28.507125Z[0m [34mDEBUG[0m [2mmercury::engine::spread[0m[2m:[0m Evaluated spread direction 2 [3mmarket_id[0m[2m=[0m9046452d-bcb3-4bb8-8925-8924b7439992 [3mdirection[0m[2m=[0m"NO-A/YES-B" [3mraw_spread[0m[2m=[0m-0.0600 [3mbid_a[0m[2m=[0m0.89 [3mask_b[0m[2m=[0m0.9500
[2m2026-04-12T20:36:28.507259Z[0m [34mDEBUG[0m [2mmercury::engine::market_actor[0m[2m:[0m Tick received — running arb detection [3mmarket_id[0m[2m=[0m9046452d-bcb3-4bb8-8925-8924b7439992 [3mplatform[0m[2m=[0mKalshi [3mbid[0m[2m=[0m0.9380 [3mask[0m[2m=[0m0.9500 [3mmid[0m[2m=[0m0.9440 [3mbid_size[0m[2m=[0m18.60 [3mask_size[0m[2m=[0m70.14
[2m2026-04-12T20:36:28.507282Z[0m [34mDEBUG[0m [2mmercury::engine::spread[0m[2m:[0m Evaluated spread direction 2 [3mmarket_id[0m[2m=[0m631deb8c-fbb4-489e-818e-ae698f57f50b [3mdirection[0m[2m=[0m"NO-A/YES-B" [3mraw_spread[0m[2m=[0m0.0080 [3mbid_a[0m[2m=[0m0.9680 [3mask_b[0m[2m=[0m0.96
[2m2026-04-12T20:36:28.507445Z[0m [34mDEBUG[0m [2mmercury::engine::market_actor[0m[2m:[0m Tick received — running arb detection [3mmarket_id[0m[2m=[0m631deb8c-fbb4-489e-818e-ae698f57f50b [3mplatform[0m[2m=[0mKalshi [3mbid[0m[2m=[0m0.9680 [3mask[0m[2m=[0m0.9690 [3mmid[0m[2m=[0m0.9685 [3mbid_size[0m[2m=[0m172.00 [3mask_size[0m[2m=[0m180.75
[2m2026-04-12T20:36:28.507477Z[0m [34mDEBUG[0m [2mmercury::engine::spread[0m[2m:[0m Evaluated spread direction 2 [3mmarket_id[0m[2m=[0m9046452d-bcb3-4bb8-8925-8924b7439992 [3mdirection[0m[2m=[0m"NO-A/YES-B" [3mraw_spread[0m[2m=[0m-0.0600 [3mbid_a[0m[2m=[0m0.89 [3mask_b[0m[2m=[0m0.9500
[2m2026-04-12T20:36:28.507596Z[0m [34mDEBUG[0m [2mmercury::engine::market_actor[0m[2m:[0m Tick received — running arb detection [3mmarket_id[0m[2m=[0m9046452d-bcb3-4bb8-8925-8924b7439992 [3mplatform[0m[2m=[0mKalshi [3mbid[0m[2m=[0m0.9360 [3mask[0m[2m=[0m0.9500 [3mmid[0m[2m=[0m0.9430 [3mbid_size[0m[2m=[0m13.06 [3mask_size[0m[2m=[0m70.14
[2m2026-04-12T20:36:28.507605Z[0m [34mDEBUG[0m [2mmercury::engine::spread[0m[2m:[0m Evaluated spread direction 2 [3mmarket_id[0m[2m=[0m631deb8c-fbb4-489e-818e-ae698f57f50b [3mdirection[0m[2m=[0m"NO-A/YES-B" [3mraw_spread[0m[2m=[0m0.0080 [3mbid_a[0m[2m=[0m0.9680 [3mask_b[0m[2m=[0m0.96
[2m2026-04-12T20:36:28.507766Z[0m [34mDEBUG[0m [2mmercury::engine::market_actor[0m[2m:[0m Tick received — running arb detection [3mmarket_id[0m[2m=[0m631deb8c-fbb4-489e-818e-ae698f57f50b [3mplatform[0m[2m=[0mPolymarket [3mbid[0m[2m=[0m0.94 [3mask[0m[2m=[0m0.96 [3mmid[0m[2m=[0m0.95 [3mbid_size[0m[2m=[0m156.3 [3mask_size[0m[2m=[0m210.8
[2m2026-04-12T20:36:28.507794Z[0m [34mDEBUG[0m [2mmercury::engine::spread[0m[2m:[0m Evaluated spread direction 2 [3mmarket_id[0m[2m=[0m9046452d-bcb3-4bb8-8925-8924b7439992 [3mdirection[0m[2m=[0m"NO-A/YES-B" [3mraw_spread[0m[2m=[0m-0.0600 [3mbid_a[0m[2m=[0m0.89 [3mask_b[0m[2m=[0m0.9500
[2m2026-04-12T20:36:28.507914Z[0m [34mDEBUG[0m [2mmercury::engine::market_actor[0m[2m:[0m Tick received — running arb detection [3mmarket_id[0m[2m=[0m9046452d-bcb3-4bb8-8925-8924b7439992 [3mplatform[0m[2m=[0mKalshi [3mbid[0m[2m=[0m0.9370 [3mask[0m[2m=[0m0.9500 [3mmid[0m[2m=[0m0.9435 [3mbid_size[0m[2m=[0m18.60 [3mask_size[0m[2m=[0m70.14
[2m2026-04-12T20:36:28.507929Z[0m [34mDEBUG[0m [2mmercury::engine::spread[0m[2m:[0m Evaluated spread direction 2 [3mmarket_id[0m[2m=[0m631deb8c-fbb4-489e-818e-ae698f57f50b [3mdirection[0m[2m=[0m"NO-A/YES-B" [3mraw_spread[0m[2m=[0m0.0080 [3mbid_a[0m[2m=[0m0.9680 [3mask_b[0m[2m=[0m0.96
[2m2026-04-12T20:36:28.508088Z[0m [34mDEBUG[0m [2mmercury::engine::market_actor[0m[2m:[0m Tick received — running arb detection [3mmarket_id[0m[2m=[0m631deb8c-fbb4-489e-818e-ae698f57f50b [3mplatform[0m[2m=[0mPolymarket [3mbid[0m[2m=[0m0.94 [3mask[0m[2m=[0m0.96 [3mmid[0m[2m=[0m0.95 [3mbid_size[0m[2m=[0m156.3 [3mask_size[0m[2m=[0m210.8
[2m2026-04-12T20:36:28.508114Z[0m [34mDEBUG[0m [2mmercury::engine::spread[0m[2m:[0m Evaluated spread direction 2 [3mmarket_id[0m[2m=[0m9046452d-bcb3-4bb8-8925-8924b7439992 [3mdirection[0m[2m=[0m"NO-A/YES-B" [3mraw_spread[0m[2m=[0m-0.0600 [3mbid_a[0m[2m=[0m0.89 [3mask_b[0m[2m=[0m0.9500
[2m2026-04-12T20:36:28.508234Z[0m [34mDEBUG[0m [2mmercury::engine::market_actor[0m[2m:[0m Tick received — running arb detection [3mmarket_id[0m[2m=[0m9046452d-bcb3-4bb8-8925-8924b7439992 [3mplatform[0m[2m=[0mKalshi [3mbid[0m[2m=[0m0.9370 [3mask[0m[2m=[0m0.9500 [3mmid[0m[2m=[0m0.9435 [3mbid_size[0m[2m=[0m18.60 [3mask_size[0m[2m=[0m70.14
[2m2026-04-12T20:36:28.508243Z[0m [34mDEBUG[0m [2mmercury::engine::spread[0m[2m:[0m Evaluated spread direction 2 [3mmarket_id[0m[2m=[0m631deb8c-fbb4-489e-818e-ae698f57f50b [3mdirection[0m[2m=[0m"NO-A/YES-B" [3mraw_spread[0m[2m=[0m0.0080 [3mbid_a[0m[2m=[0m0.9680 [3mask_b[0m[2m=[0m0.96
[2m2026-04-12T20:36:28.508401Z[0m [34mDEBUG[0m [2mmercury::engine::market_actor[0m[2m:[0m Tick received — running arb detection [3mmarket_id[0m[2m=[0m631deb8c-fbb4-489e-818e-ae698f57f50b [3mplatform[0m[2m=[0mKalshi [3mbid[0m[2m=[0m0.9680 [3mask[0m[2m=[0m0.9690 [3mmid[0m[2m=[0m0.9685 [3mbid_size[0m[2m=[0m172.00 [3mask_size[0m[2m=[0m180.75
[2m2026-04-12T20:36:28.508429Z[0m [34mDEBUG[0m [2mmercury::engine::spread[0m[2m:[0m Evaluated spread direction 2 [3mmarket_id[0m[2m=[0m9046452d-bcb3-4bb8-8925-8924b7439992 [3mdirection[0m[2m=[0m"NO-A/YES-B" [3mraw_spread[0m[2m=[0m-0.0600 [3mbid_a[0m[2m=[0m0.89 [3mask_b[0m[2m=[0m0.9500
[2m2026-04-12T20:36:28.508560Z[0m [34mDEBUG[0m [2mmercury::engine::market_actor[0m[2m:[0m Tick received — running arb detection [3mmarket_id[0m[2m=[0m9046452d-bcb3-4bb8-8925-8924b7439992 [3mplatform[0m[2m=[0mKalshi [3mbid[0m[2m=[0m0.9370 [3mask[0m[2m=[0m0.9500 [3mmid[0m[2m=[0m0.9435 [3mbid_size[0m[2m=[0m18.60 [3mask_size[0m[2m=[0m70.14
[2m2026-04-12T20:36:28.508568Z[0m [34mDEBUG[0m [2mmercury::engine::spread[0m[2m:[0m Evaluated spread direction 2 [3mmarket_id[0m[2m=[0m631deb8c-fbb4-489e-818e-ae698f57f50b [3mdirection[0m[2m=[0m"NO-A/YES-B" [3mraw_spread[0m[2m=[0m0.0080 [3mbid_a[0m[2m=[0m0.9680 [3mask_b[0m[2m=[0m0.96
[2m2026-04-12T20:36:28.508728Z[0m [34mDEBUG[0m [2mmercury::engine::spread[0m[2m:[0m Evaluated spread direction 2 [3mmarket_id[0m[2m=[0m9046452d-bcb3-4bb8-8925-8924b7439992 [3mdirection[0m[2m=[0m"NO-A/YES-B" [3mraw_spread[0m[2m=[0m-0.0600 [3mbid_a[0m[2m=[0m0.89 [3mask_b[0m[2m=[0m0.9500
[2m2026-04-12T20:36:28.510520Z[0m [33m WARN[0m [2mmercury::feeds::kalshi[0m[2m:[0m Kalshi sequence gap for KXBTC15M-26APR121645-45: expected 262, got 268. Book may be out of sync.
[2m2026-04-12T20:36:28.510544Z[0m [34mDEBUG[0m [2mmercury::engine::market_actor[0m[2m:[0m Tick received — running arb detection [3mmarket_id[0m[2m=[0m9046452d-bcb3-4bb8-8925-8924b7439992 [3mplatform[0m[2m=[0mKalshi [3mbid[0m[2m=[0m0.9360 [3mask[0m[2m=[0m0.9500 [3mmid[0m[2m=[0m0.9430 [3mbid_size[0m[2m=[0m13.06 [3mask_size[0m[2m=[0m70.14
[2m2026-04-12T20:36:28.510699Z[0m [34mDEBUG[0m [2mmercury::engine::market_actor[0m[2m:[0m Tick received — running arb detection [3mmarket_id[0m[2m=[0m631deb8c-fbb4-489e-818e-ae698f57f50b [3mplatform[0m[2m=[0mKalshi [3mbid[0m[2m=[0m0.9680 [3mask[0m[2m=[0m0.9690 [3mmid[0m[2m=[0m0.9685 [3mbid_size[0m[2m=[0m172.00 [3mask_size[0m[2m=[0m180.75
[2m2026-04-12T20:36:28.510710Z[0m [34mDEBUG[0m [2mmercury::engine::spread[0m[2m:[0m Evaluated spread direction 2 [3mmarket_id[0m[2m=[0m9046452d-bcb3-4bb8-8925-8924b7439992 [3mdirection[0m[2m=[0m"NO-A/YES-B" [3mraw_spread[0m[2m=[0m-0.0600 [3mbid_a[0m[2m=[0m0.89 [3mask_b[0m[2m=[0m0.9500
[2m2026-04-12T20:36:28.510845Z[0m [34mDEBUG[0m [2mmercury::engine::market_actor[0m[2m:[0m Tick received — running arb detection [3mmarket_id[0m[2m=[0m9046452d-bcb3-4bb8-8925-8924b7439992 [3mplatform[0m[2m=[0mKalshi [3mbid[0m[2m=[0m0.9380 [3mask[0m[2m=[0m0.9500 [3mmid[0m[2m=[0m0.9440 [3mbid_size[0m[2m=[0m18.60 [3mask_size[0m[2m=[0m70.14
[2m2026-04-12T20:36:28.510870Z[0m [34mDEBUG[0m [2mmercury::engine::spread[0m[2m:[0m Evaluated spread direction 2 [3mmarket_id[0m[2m=[0m631deb8c-fbb4-489e-818e-ae698f57f50b [3mdirection[0m[2m=[0m"NO-A/YES-B" [3mraw_spread[0m[2m=[0m0.0080 [3mbid_a[0m[2m=[0m0.9680 [3mask_b[0m[2m=[0m0.96
[2m2026-04-12T20:36:28.511012Z[0m [34mDEBUG[0m [2mmercury::engine::market_actor[0m[2m:[0m Tick received — running arb detection [3mmarket_id[0m[2m=[0m631deb8c-fbb4-489e-818e-ae698f57f50b [3mplatform[0m[2m=[0mKalshi [3mbid[0m[2m=[0m0.9680 [3mask[0m[2m=[0m0.9690 [3mmid[0m[2m=[0m0.9685 [3mbid_size[0m[2m=[0m172.00 [3mask_size[0m[2m=[0m180.75
[2m2026-04-12T20:36:28.511039Z[0m [34mDEBUG[0m [2mmercury::engine::spread[0m[2m:[0m Evaluated spread direction 2 [3mmarket_id[0m[2m=[0m9046452d-bcb3-4bb8-8925-8924b7439992 [3mdirection[0m[2m=[0m"NO-A/YES-B" [3mraw_spread[0m[2m=[0m-0.0600 [3mbid_a[0m[2m=[0m0.89 [3mask_b[0m[2m=[0m0.9500
[2m2026-04-12T20:36:28.511156Z[0m [34mDEBUG[0m [2mmercury::engine::spread[0m[2m:[0m Evaluated spread direction 2 [3mmarket_id[0m[2m=[0m631deb8c-fbb4-489e-818e-ae698f57f50b [3mdirection[0m[2m=[0m"NO-A/YES-B" [3mraw_spread[0m[2m=[0m0.0080 [3mbid_a[0m[2m=[0m0.9680 [3mask_b[0m[2m=[0m0.96
[2m2026-04-12T20:36:28.511282Z[0m [34mDEBUG[0m [2mmercury::engine::market_actor[0m[2m:[0m Tick received — running arb detection [3mmarket_id[0m[2m=[0m631deb8c-fbb4-489e-818e-ae698f57f50b [3mplatform[0m[2m=[0mKalshi [3mbid[0m[2m=[0m0.9680 [3mask[0m[2m=[0m0.9690 [3mmid[0m[2m=[0m0.9685 [3mbid_size[0m[2m=[0m172.00 [3mask_size[0m[2m=[0m260.75
[2m2026-04-12T20:36:28.511400Z[0m [34mDEBUG[0m [2mmercury::engine::spread[0m[2m:[0m Evaluated spread direction 2 [3mmarket_id[0m[2m=[0m631deb8c-fbb4-489e-818e-ae698f57f50b [3mdirection[0m[2m=[0m"NO-A/YES-B" [3mraw_spread[0m[2m=[0m0.0080 [3mbid_a[0m[2m=[0m0.9680 [3mask_b[0m[2m=[0m0.96
[2m2026-04-12T20:36:28.511516Z[0m [34mDEBUG[0m [2mmercury::engine::market_actor[0m[2m:[0m Tick received — running arb detection [3mmarket_id[0m[2m=[0m631deb8c-fbb4-489e-818e-ae698f57f50b [3mplatform[0m[2m=[0mKalshi [3mbid[0m[2m=[0m0.9680 [3mask[0m[2m=[0m0.9690 [3mmid[0m[2m=[0m0.9685 [3mbid_size[0m[2m=[0m172.00 [3mask_size[0m[2m=[0m260.75
[2m2026-04-12T20:36:28.511633Z[0m [34mDEBUG[0m [2mmercury::engine::spread[0m[2m:[0m Evaluated spread direction 2 [3mmarket_id[0m[2m=[0m631deb8c-fbb4-489e-818e-ae698f57f50b [3mdirection[0m[2m=[0m"NO-A/YES-B" [3mraw_spread[0m[2m=[0m0.0080 [3mbid_a[0m[2m=[0m0.9680 [3mask_b[0m[2m=[0m0.96
[2m2026-04-12T20:36:28.550813Z[0m [34mDEBUG[0m [2mmercury::engine::market_actor[0m[2m:[0m Tick received — running arb detection [3mmarket_id[0m[2m=[0m9046452d-bcb3-4bb8-8925-8924b7439992 [3mplatform[0m[2m=[0mPolymarket [3mbid[0m[2m=[0m0.89 [3mask[0m[2m=[0m0.9 [3mmid[0m[2m=[0m0.8950 [3mbid_size[0m[2m=[0m218.52 [3mask_size[0m[2m=[0m276.23
[2m2026-04-12T20:36:28.551033Z[0m [34mDEBUG[0m [2mmercury::engine::market_actor[0m[2m:[0m Tick received — running arb detection [3mmarket_id[0m[2m=[0m631deb8c-fbb4-489e-818e-ae698f57f50b [3mplatform[0m[2m=[0mKalshi [3mbid[0m[2m=[0m0.9680 [3mask[0m[2m=[0m0.9690 [3mmid[0m[2m=[0m0.9685 [3mbid_size[0m[2m=[0m172.00 [3mask_size[0m[2m=[0m260.75
[2m2026-04-12T20:36:28.551049Z[0m [34mDEBUG[0m [2mmercury::engine::spread[0m[2m:[0m Evaluated spread direction 2 [3mmarket_id[0m[2m=[0m9046452d-bcb3-4bb8-8925-8924b7439992 [3mdirection[0m[2m=[0m"NO-A/YES-B" [3mraw_spread[0m[2m=[0m-0.0600 [3mbid_a[0m[2m=[0m0.89 [3mask_b[0m[2m=[0m0.9500
[2m2026-04-12T20:36:28.551308Z[0m [34mDEBUG[0m [2mmercury::engine::market_actor[0m[2m:[0m Tick received — running arb detection [3mmarket_id[0m[2m=[0m9046452d-bcb3-4bb8-8925-8924b7439992 [3mplatform[0m[2m=[0mPolymarket [3mbid[0m[2m=[0m0.89 [3mask[0m[2m=[0m0.9 [3mmid[0m[2m=[0m0.8950 [3mbid_size[0m[2m=[0m218.52 [3mask_size[0m[2m=[0m276.23
[2m2026-04-12T20:36:28.551335Z[0m [34mDEBUG[0m [2mmercury::engine::spread[0m[2m:[0m Evaluated spread direction 2 [3mmarket_id[0m[2m=[0m631deb8c-fbb4-489e-818e-ae698f57f50b [3mdirection[0m[2m=[0m"NO-A/YES-B" [3mraw_spread[0m[2m=[0m0.0080 [3mbid_a[0m[2m=[0m0.9680 [3mask_b[0m[2m=[0m0.96
[2m2026-04-12T20:36:28.551503Z[0m [34mDEBUG[0m [2mmercury::engine::market_actor[0m[2m:[0m Tick received — running arb detection [3mmarket_id[0m[2m=[0m631deb8c-fbb4-489e-818e-ae698f57f50b [3mplatform[0m[2m=[0mKalshi [3mbid[0m[2m=[0m0.9680 [3mask[0m[2m=[0m0.9690 [3mmid[0m[2m=[0m0.9685 [3mbid_size[0m[2m=[0m172.00 [3mask_size[0m[2m=[0m260.75
[2m2026-04-12T20:36:28.551547Z[0m [34mDEBUG[0m [2mmercury::engine::spread[0m[2m:[0m Evaluated spread direction 2 [3mmarket_id[0m[2m=[0m9046452d-bcb3-4bb8-8925-8924b7439992 [3mdirection[0m[2m=[0m"NO-A/YES-B" [3mraw_spread[0m[2m=[0m-0.0600 [3mbid_a[0m[2m=[0m0.89 [3mask_b[0m[2m=[0m0.9500
[2m2026-04-12T20:36:28.551691Z[0m [34mDEBUG[0m [2mmercury::engine::spread[0m[2m:[0m Evaluated spread direction 2 [3mmarket_id[0m[2m=[0m631deb8c-fbb4-489e-818e-ae698f57f50b [3mdirection[0m[2m=[0m"NO-A/YES-B" [3mraw_spread[0m[2m=[0m0.0080 [3mbid_a[0m[2m=[0m0.9680 [3mask_b[0m[2m=[0m0.96
[2m2026-04-12T20:36:28.556425Z[0m [33m WARN[0m [2mmercury::feeds::kalshi[0m[2m:[0m Kalshi sequence gap for KXETH15M-26APR121645-45: expected 268, got 274. Book may be out of sync.
[2m2026-04-12T20:36:28.556622Z[0m [34mDEBUG[0m [2mmercury::engine::market_actor[0m[2m:[0m Tick received — running arb detection [3mmarket_id[0m[2m=[0m9046452d-bcb3-4bb8-8925-8924b7439992 [3mplatform[0m[2m=[0mKalshi [3mbid[0m[2m=[0m0.9380 [3mask[0m[2m=[0m0.9500 [3mmid[0m[2m=[0m0.9440 [3mbid_size[0m[2m=[0m18.60 [3mask_size[0m[2m=[0m70.14
[2m2026-04-12T20:36:28.556777Z[0m [34mDEBUG[0m [2mmercury::engine::spread[0m[2m:[0m Evaluated spread direction 2 [3mmarket_id[0m[2m=[0m9046452d-bcb3-4bb8-8925-8924b7439992 [3mdirection[0m[2m=[0m"NO-A/YES-B" [3mraw_spread[0m[2m=[0m-0.0600 [3mbid_a[0m[2m=[0m0.89 [3mask_b[0m[2m=[0m0.9500
[2m2026-04-12T20:36:28.557023Z[0m [34mDEBUG[0m [2mmercury::engine::market_actor[0m[2m:[0m Tick received — running arb detection [3mmarket_id[0m[2m=[0m9046452d-bcb3-4bb8-8925-8924b7439992 [3mplatform[0m[2m=[0mKalshi [3mbid[0m[2m=[0m0.9380 [3mask[0m[2m=[0m0.9500 [3mmid[0m[2m=[0m0.9440 [3mbid_size[0m[2m=[0m18.60 [3mask_size[0m[2m=[0m70.14
[2m2026-04-12T20:36:28.557170Z[0m [34mDEBUG[0m [2mmercury::engine::spread[0m[2m:[0m Evaluated spread direction 2 [3mmarket_id[0m[2m=[0m9046452d-bcb3-4bb8-8925-8924b7439992 [3mdirection[0m[2m=[0m"NO-A/YES-B" [3mraw_spread[0m[2m=[0m-0.0600 [3mbid_a[0m[2m=[0m0.89 [3mask_b[0m[2m=[0m0.9500
[2m2026-04-12T20:36:28.559186Z[0m [34mDEBUG[0m [2mmercury::engine::market_actor[0m[2m:[0m Tick received — running arb detection [3mmarket_id[0m[2m=[0m9046452d-bcb3-4bb8-8925-8924b7439992 [3mplatform[0m[2m=[0mKalshi [3mbid[0m[2m=[0m0.9380 [3mask[0m[2m=[0m0.9500 [3mmid[0m[2m=[0m0.9440 [3mbid_size[0m[2m=[0m18.60 [3mask_size[0m[2m=[0m70.14
[2m2026-04-12T20:36:28.559393Z[0m [34mDEBUG[0m [2mmercury::engine::spread[0m[2m:[0m Evaluated spread direction 2 [3mmarket_id[0m[2m=[0m9046452d-bcb3-4bb8-8925-8924b7439992 [3mdirection[0m[2m=[0m"NO-A/YES-B" [3mraw_spread[0m[2m=[0m-0.0600 [3mbid_a[0m[2m=[0m0.89 [3mask_b[0m[2m=[0m0.9500
[2m2026-04-12T20:36:28.559510Z[0m [34mDEBUG[0m [2mmercury::engine::market_actor[0m[2m:[0m Tick received — running arb detection [3mmarket_id[0m[2m=[0m9046452d-bcb3-4bb8-8925-8924b7439992 [3mplatform[0m[2m=[0mKalshi [3mbid[0m[2m=[0m0.9380 [3mask[0m[2m=[0m0.9500 [3mmid[0m[2m=[0m0.9440 [3mbid_size[0m[2m=[0m18.60 [3mask_size[0m[2m=[0m70.14
[2m2026-04-12T20:36:28.559648Z[0m [34mDEBUG[0m [2mmercury::engine::spread[0m[2m:[0m Evaluated spread direction 2 [3mmarket_id[0m[2m=[0m9046452d-bcb3-4bb8-8925-8924b7439992 [3mdirection[0m[2m=[0m"NO-A/YES-B" [3mraw_spread[0m[2m=[0m-0.0600 [3mbid_a[0m[2m=[0m0.89 [3mask_b[0m[2m=[0m0.9500
[2m2026-04-12T20:36:28.603096Z[0m [34mDEBUG[0m [2mmercury::engine::market_actor[0m[2m:[0m Tick received — running arb detection [3mmarket_id[0m[2m=[0m631deb8c-fbb4-489e-818e-ae698f57f50b [3mplatform[0m[2m=[0mPolymarket [3mbid[0m[2m=[0m0.94 [3mask[0m[2m=[0m0.96 [3mmid[0m[2m=[0m0.95 [3mbid_size[0m[2m=[0m156.3 [3mask_size[0m[2m=[0m210.8
[2m2026-04-12T20:36:28.603365Z[0m [34mDEBUG[0m [2mmercury::engine::market_actor[0m[2m:[0m Tick received — running arb detection [3mmarket_id[0m[2m=[0m9046452d-bcb3-4bb8-8925-8924b7439992 [3mplatform[0m[2m=[0mPolymarket [3mbid[0m[2m=[0m0.89 [3mask[0m[2m=[0m0.9 [3mmid[0m[2m=[0m0.8950 [3mbid_size[0m[2m=[0m209.79 [3mask_size[0m[2m=[0m276.23
[2m2026-04-12T20:36:28.603431Z[0m [34mDEBUG[0m [2mmercury::engine::spread[0m[2m:[0m Evaluated spread direction 2 [3mmarket_id[0m[2m=[0m631deb8c-fbb4-489e-818e-ae698f57f50b [3mdirection[0m[2m=[0m"NO-A/YES-B" [3mraw_spread[0m[2m=[0m0.0080 [3mbid_a[0m[2m=[0m0.9680 [3mask_b[0m[2m=[0m0.96
[2m2026-04-12T20:36:28.603662Z[0m [34mDEBUG[0m [2mmercury::engine::market_actor[0m[2m:[0m Tick received — running arb detection [3mmarket_id[0m[2m=[0m631deb8c-fbb4-489e-818e-ae698f57f50b [3mplatform[0m[2m=[0mPolymarket [3mbid[0m[2m=[0m0.94 [3mask[0m[2m=[0m0.96 [3mmid[0m[2m=[0m0.95 [3mbid_size[0m[2m=[0m156.3 [3mask_size[0m[2m=[0m210.8
[2m2026-04-12T20:36:28.603733Z[0m [34mDEBUG[0m [2mmercury::engine::spread[0m[2m:[0m Evaluated spread direction 2 [3mmarket_id[0m[2m=[0m9046452d-bcb3-4bb8-8925-8924b7439992 [3mdirection[0m[2m=[0m"NO-A/YES-B" [3mraw_spread[0m[2m=[0m-0.0600 [3mbid_a[0m[2m=[0m0.89 [3mask_b[0m[2m=[0m0.9500
[2m2026-04-12T20:36:28.603943Z[0m [34mDEBUG[0m [2mmercury::engine::market_actor[0m[2m:[0m Tick received — running arb detection [3mmarket_id[0m[2m=[0m9046452d-bcb3-4bb8-8925-8924b7439992 [3mplatform[0m[2m=[0mPolymarket [3mbid[0m[2m=[0m0.89 [3mask[0m[2m=[0m0.9 [3mmid[0m[2m=[0m0.8950 [3mbid_size[0m[2m=[0m209.79 [3mask_size[0m[2m=[0m276.23
[2m2026-04-12T20:36:28.603955Z[0m [34mDEBUG[0m [2mmercury::engine::spread[0m[2m:[0m Evaluated spread direction 2 [3mmarket_id[0m[2m=[0m631deb8c-fbb4-489e-818e-ae698f57f50b [3mdirection[0m[2m=[0m"NO-A/YES-B" [3mraw_spread[0m[2m=[0m0.0080 [3mbid_a[0m[2m=[0m0.9680 [3mask_b[0m[2m=[0m0.96
[2m2026-04-12T20:36:28.604208Z[0m [34mDEBUG[0m [2mmercury::engine::market_actor[0m[2m:[0m Tick received — running arb detection [3mmarket_id[0m[2m=[0m631deb8c-fbb4-489e-818e-ae698f57f50b [3mplatform[0m[2m=[0mPolymarket [3mbid[0m[2m=[0m0.94 [3mask[0m[2m=[0m0.96 [3mmid[0m[2m=[0m0.95 [3mbid_size[0m[2m=[0m156.3 [3mask_size[0m[2m=[0m210.8
[2m2026-04-12T20:36:28.604276Z[0m [34mDEBUG[0m [2mmercury::engine::spread[0m[2m:[0m Evaluated spread direction 2 [3mmarket_id[0m[2m=[0m9046452d-bcb3-4bb8-8925-8924b7439992 [3mdirection[0m[2m=[0m"NO-A/YES-B" [3mraw_spread[0m[2m=[0m-0.0600 [3mbid_a[0m[2m=[0m0.89 [3mask_b[0m[2m=[0m0.9500
[2m2026-04-12T20:36:28.604500Z[0m [34mDEBUG[0m [2mmercury::engine::spread[0m[2m:[0m Evaluated spread direction 2 [3mmarket_id[0m[2m=[0m631deb8c-fbb4-489e-818e-ae698f57f50b [3mdirection[0m[2m=[0m"NO-A/YES-B" [3mraw_spread[0m[2m=[0m0.0080 [3mbid_a[0m[2m=[0m0.9680 [3mask_b[0m[2m=[0m0.96
[2m2026-04-12T20:36:28.613506Z[0m [34mDEBUG[0m [2mmercury::engine::market_actor[0m[2m:[0m Tick received — running arb detection [3mmarket_id[0m[2m=[0m631deb8c-fbb4-489e-818e-ae698f57f50b [3mplatform[0m[2m=[0mPolymarket [3mbid[0m[2m=[0m0.94 [3mask[0m[2m=[0m0.96 [3mmid[0m[2m=[0m0.95 [3mbid_size[0m[2m=[0m156.3 [3mask_size[0m[2m=[0m210.8
[2m2026-04-12T20:36:28.613702Z[0m [34mDEBUG[0m [2mmercury::engine::spread[0m[2m:[0m Evaluated spread direction 2 [3mmarket_id[0m[2m=[0m631deb8c-fbb4-489e-818e-ae698f57f50b [3mdirection[0m[2m=[0m"NO-A/YES-B" [3mraw_spread[0m[2m=[0m0.0080 [3mbid_a[0m[2m=[0m0.9680 [3mask_b[0m[2m=[0m0.96
[2m2026-04-12T20:36:28.654544Z[0m [34mDEBUG[0m [2mmercury::engine::market_actor[0m[2m:[0m Tick received — running arb detection [3mmarket_id[0m[2m=[0m631deb8c-fbb4-489e-818e-ae698f57f50b [3mplatform[0m[2m=[0mPolymarket [3mbid[0m[2m=[0m0.94 [3mask[0m[2m=[0m0.96 [3mmid[0m[2m=[0m0.95 [3mbid_size[0m[2m=[0m156.3 [3mask_size[0m[2m=[0m210.8
[2m2026-04-12T20:36:28.654586Z[0m [34mDEBUG[0m [2mmercury::engine::market_actor[0m[2m:[0m Tick received — running arb detection [3mmarket_id[0m[2m=[0m9046452d-bcb3-4bb8-8925-8924b7439992 [3mplatform[0m[2m=[0mPolymarket [3mbid[0m[2m=[0m0.89 [3mask[0m[2m=[0m0.9 [3mmid[0m[2m=[0m0.8950 [3mbid_size[0m[2m=[0m209.79 [3mask_size[0m[2m=[0m276.23
[2m2026-04-12T20:36:28.654733Z[0m [34mDEBUG[0m [2mmercury::engine::spread[0m[2m:[0m Evaluated spread direction 2 [3mmarket_id[0m[2m=[0m631deb8c-fbb4-489e-818e-ae698f57f50b [3mdirection[0m[2m=[0m"NO-A/YES-B" [3mraw_spread[0m[2m=[0m0.0080 [3mbid_a[0m[2m=[0m0.9680 [3mask_b[0m[2m=[0m0.96
[2m2026-04-12T20:36:28.654882Z[0m [34mDEBUG[0m [2mmercury::engine::spread[0m[2m:[0m Evaluated spread direction 2 [3mmarket_id[0m[2m=[0m9046452d-bcb3-4bb8-8925-8924b7439992 [3mdirection[0m[2m=[0m"NO-A/YES-B" [3mraw_spread[0m[2m=[0m-0.0600 [3mbid_a[0m[2m=[0m0.89 [3mask_b[0m[2m=[0m0.9500
[2m2026-04-12T20:36:28.655254Z[0m [33m WARN[0m [2mmercury::feeds::kalshi[0m[2m:[0m Kalshi sequence gap for KXBTC15M-26APR121645-45: expected 274, got 278. Book may be out of sync.
[2m2026-04-12T20:36:28.655389Z[0m [34mDEBUG[0m [2mmercury::engine::market_actor[0m[2m:[0m Tick received — running arb detection [3mmarket_id[0m[2m=[0m9046452d-bcb3-4bb8-8925-8924b7439992 [3mplatform[0m[2m=[0mPolymarket [3mbid[0m[2m=[0m0.89 [3mask[0m[2m=[0m0.9 [3mmid[0m[2m=[0m0.8950 [3mbid_size[0m[2m=[0m218.52 [3mask_size[0m[2m=[0m276.23
[2m2026-04-12T20:36:28.655411Z[0m [34mDEBUG[0m [2mmercury::engine::market_actor[0m[2m:[0m Tick received — running arb detection [3mmarket_id[0m[2m=[0m631deb8c-fbb4-489e-818e-ae698f57f50b [3mplatform[0m[2m=[0mKalshi [3mbid[0m[2m=[0m0.9680 [3mask[0m[2m=[0m0.9690 [3mmid[0m[2m=[0m0.9685 [3mbid_size[0m[2m=[0m172.00 [3mask_size[0m[2m=[0m260.75
[2m2026-04-12T20:36:28.655517Z[0m [34mDEBUG[0m [2mmercury::engine::spread[0m[2m:[0m Evaluated spread direction 2 [3mmarket_id[0m[2m=[0m9046452d-bcb3-4bb8-8925-8924b7439992 [3mdirection[0m[2m=[0m"NO-A/YES-B" [3mraw_spread[0m[2m=[0m-0.0600 [3mbid_a[0m[2m=[0m0.89 [3mask_b[0m[2m=[0m0.9500
[2m2026-04-12T20:36:28.655650Z[0m [34mDEBUG[0m [2mmercury::engine::spread[0m[2m:[0m Evaluated spread direction 2 [3mmarket_id[0m[2m=[0m631deb8c-fbb4-489e-818e-ae698f57f50b [3mdirection[0m[2m=[0m"NO-A/YES-B" [3mraw_spread[0m[2m=[0m0.0080 [3mbid_a[0m[2m=[0m0.9680 [3mask_b[0m[2m=[0m0.96
[2m2026-04-12T20:36:28.655696Z[0m [34mDEBUG[0m [2mmercury::engine::market_actor[0m[2m:[0m Tick received — running arb detection [3mmarket_id[0m[2m=[0m79e1f598-7189-438f-a66e-b184b04be477 [3mplatform[0m[2m=[0mPolymarket [3mbid[0m[2m=[0m0.81 [3mask[0m[2m=[0m0.84 [3mmid[0m[2m=[0m0.8250 [3mbid_size[0m[2m=[0m17.94 [3mask_size[0m[2m=[0m48.46
[2m2026-04-12T20:36:28.655766Z[0m [34mDEBUG[0m [2mmercury::engine::market_actor[0m[2m:[0m Tick received — running arb detection [3mmarket_id[0m[2m=[0m631deb8c-fbb4-489e-818e-ae698f57f50b [3mplatform[0m[2m=[0mKalshi [3mbid[0m[2m=[0m0.9680 [3mask[0m[2m=[0m0.9690 [3mmid[0m[2m=[0m0.9685 [3mbid_size[0m[2m=[0m172.00 [3mask_size[0m[2m=[0m260.75
[2m2026-04-12T20:36:28.655865Z[0m [34mDEBUG[0m [2mmercury::engine::spread[0m[2m:[0m Evaluated spread direction 2 [3mmarket_id[0m[2m=[0m631deb8c-fbb4-489e-818e-ae698f57f50b [3mdirection[0m[2m=[0m"NO-A/YES-B" [3mraw_spread[0m[2m=[0m0.0080 [3mbid_a[0m[2m=[0m0.9680 [3mask_b[0m[2m=[0m0.96
[2m2026-04-12T20:36:28.655963Z[0m [34mDEBUG[0m [2mmercury::engine::market_actor[0m[2m:[0m Tick received — running arb detection [3mmarket_id[0m[2m=[0m631deb8c-fbb4-489e-818e-ae698f57f50b [3mplatform[0m[2m=[0mPolymarket [3mbid[0m[2m=[0m0.94 [3mask[0m[2m=[0m0.96 [3mmid[0m[2m=[0m0.95 [3mbid_size[0m[2m=[0m156.3 [3mask_size[0m[2m=[0m210.8
[2m2026-04-12T20:36:28.656056Z[0m [34mDEBUG[0m [2mmercury::engine::spread[0m[2m:[0m Evaluated spread direction 2 [3mmarket_id[0m[2m=[0m631deb8c-fbb4-489e-818e-ae698f57f50b [3mdirection[0m[2m=[0m"NO-A/YES-B" [3mraw_spread[0m[2m=[0m0.0080 [3mbid_a[0m[2m=[0m0.9680 [3mask_b[0m[2m=[0m0.96
[2m2026-04-12T20:36:28.656151Z[0m [34mDEBUG[0m [2mmercury::engine::market_actor[0m[2m:[0m Tick received — running arb detection [3mmarket_id[0m[2m=[0m631deb8c-fbb4-489e-818e-ae698f57f50b [3mplatform[0m[2m=[0mKalshi [3mbid[0m[2m=[0m0.9680 [3mask[0m[2m=[0m0.9690 [3mmid[0m[2m=[0m0.9685 [3mbid_size[0m[2m=[0m172.00 [3mask_size[0m[2m=[0m260.75
[2m2026-04-12T20:36:28.656246Z[0m [34mDEBUG[0m [2mmercury::engine::spread[0m[2m:[0m Evaluated spread direction 2 [3mmarket_id[0m[2m=[0m631deb8c-fbb4-489e-818e-ae698f57f50b [3mdirection[0m[2m=[0m"NO-A/YES-B" [3mraw_spread[0m[2m=[0m0.0080 [3mbid_a[0m[2m=[0m0.9680 [3mask_b[0m[2m=[0m0.96
[2m2026-04-12T20:36:28.661633Z[0m [34mDEBUG[0m [2mmercury::engine::market_actor[0m[2m:[0m Tick received — running arb detection [3mmarket_id[0m[2m=[0m631deb8c-fbb4-489e-818e-ae698f57f50b [3mplatform[0m[2m=[0mPolymarket [3mbid[0m[2m=[0m0.94 [3mask[0m[2m=[0m0.96 [3mmid[0m[2m=[0m0.95 [3mbid_size[0m[2m=[0m156.3 [3mask_size[0m[2m=[0m210.8
[2m2026-04-12T20:36:28.661785Z[0m [34mDEBUG[0m [2mmercury::engine::spread[0m[2m:[0m Evaluated spread direction 2 [3mmarket_id[0m[2m=[0m631deb8c-fbb4-489e-818e-ae698f57f50b [3mdirection[0m[2m=[0m"NO-A/YES-B" [3mraw_spread[0m[2m=[0m0.0080 [3mbid_a[0m[2m=[0m0.9680 [3mask_b[0m[2m=[0m0.96
[2m2026-04-12T20:36:28.661897Z[0m [34mDEBUG[0m [2mmercury::engine::market_actor[0m[2m:[0m Tick received — running arb detection [3mmarket_id[0m[2m=[0m631deb8c-fbb4-489e-818e-ae698f57f50b [3mplatform[0m[2m=[0mPolymarket [3mbid[0m[2m=[0m0.94 [3mask[0m[2m=[0m0.96 [3mmid[0m[2m=[0m0.95 [3mbid_size[0m[2m=[0m156.3 [3mask_size[0m[2m=[0m210.8
[2m2026-04-12T20:36:28.661993Z[0m [34mDEBUG[0m [2mmercury::engine::spread[0m[2m:[0m Evaluated spread direction 2 [3mmarket_id[0m[2m=[0m631deb8c-fbb4-489e-818e-ae698f57f50b [3mdirection[0m[2m=[0m"NO-A/YES-B" [3mraw_spread[0m[2m=[0m0.0080 [3mbid_a[0m[2m=[0m0.9680 [3mask_b[0m[2m=[0m0.96
[2m2026-04-12T20:36:28.664782Z[0m [34mDEBUG[0m [2mmercury::engine::market_actor[0m[2m:[0m Tick received — running arb detection [3mmarket_id[0m[2m=[0m631deb8c-fbb4-489e-818e-ae698f57f50b [3mplatform[0m[2m=[0mKalshi [3mbid[0m[2m=[0m0.9680 [3mask[0m[2m=[0m0.9690 [3mmid[0m[2m=[0m0.9685 [3mbid_size[0m[2m=[0m172.00 [3mask_size[0m[2m=[0m247.75
[2m2026-04-12T20:36:28.664899Z[0m [34mDEBUG[0m [2mmercury::engine::spread[0m[2m:[0m Evaluated spread direction 2 [3mmarket_id[0m[2m=[0m631deb8c-fbb4-489e-818e-ae698f57f50b [3mdirection[0m[2m=[0m"NO-A/YES-B" [3mraw_spread[0m[2m=[0m0.0080 [3mbid_a[0m[2m=[0m0.9680 [3mask_b[0m[2m=[0m0.96
[2m2026-04-12T20:36:28.686642Z[0m [34mDEBUG[0m [2mmercury::engine::market_actor[0m[2m:[0m Tick received — running arb detection [3mmarket_id[0m[2m=[0m2b958b37-9921-40b8-b22d-64a67138ae70 [3mplatform[0m[2m=[0mPolymarket [3mbid[0m[2m=[0m0.88 [3mask[0m[2m=[0m0.92 [3mmid[0m[2m=[0m0.90 [3mbid_size[0m[2m=[0m20.3 [3mask_size[0m[2m=[0m5
[2m2026-04-12T20:36:28.686799Z[0m [34mDEBUG[0m [2mmercury::engine::spread[0m[2m:[0m Evaluated spread direction 2 [3mmarket_id[0m[2m=[0m2b958b37-9921-40b8-b22d-64a67138ae70 [3mdirection[0m[2m=[0m"NO-A/YES-B" [3mraw_spread[0m[2m=[0m-0.0600 [3mbid_a[0m[2m=[0m0.8600 [3mask_b[0m[2m=[0m0.92
[2m2026-04-12T20:36:28.694076Z[0m [34mDEBUG[0m [2mmercury::engine::market_actor[0m[2m:[0m Tick received — running arb detection [3mmarket_id[0m[2m=[0m631deb8c-fbb4-489e-818e-ae698f57f50b [3mplatform[0m[2m=[0mKalshi [3mbid[0m[2m=[0m0.9680 [3mask[0m[2m=[0m0.9690 [3mmid[0m[2m=[0m0.9685 [3mbid_size[0m[2m=[0m172.00 [3mask_size[0m[2m=[0m247.75
[2m2026-04-12T20:36:28.694242Z[0m [34mDEBUG[0m [2mmercury::engine::spread[0m[2m:[0m Evaluated spread direction 2 [3mmarket_id[0m[2m=[0m631deb8c-fbb4-489e-818e-ae698f57f50b [3mdirection[0m[2m=[0m"NO-A/YES-B" [3mraw_spread[0m[2m=[0m0.0080 [3mbid_a[0m[2m=[0m0.9680 [3mask_b[0m[2m=[0m0.96
[2m2026-04-12T20:36:28.694366Z[0m [34mDEBUG[0m [2mmercury::engine::market_actor[0m[2m:[0m Tick received — running arb detection [3mmarket_id[0m[2m=[0m631deb8c-fbb4-489e-818e-ae698f57f50b [3mplatform[0m[2m=[0mKalshi [3mbid[0m[2m=[0m0.9680 [3mask[0m[2m=[0m0.9690 [3mmid[0m[2m=[0m0.9685 [3mbid_size[0m[2m=[0m272.00 [3mask_size[0m[2m=[0m247.75
[2m2026-04-12T20:36:28.694478Z[0m [34mDEBUG[0m [2mmercury::engine::spread[0m[2m:[0m Evaluated spread direction 2 [3mmarket_id[0m[2m=[0m631deb8c-fbb4-489e-818e-ae698f57f50b [3mdirection[0m[2m=[0m"NO-A/YES-B" [3mraw_spread[0m[2m=[0m0.0080 [3mbid_a[0m[2m=[0m0.9680 [3mask_b[0m[2m=[0m0.96
[2m2026-04-12T20:36:28.697630Z[0m [34mDEBUG[0m [2mmercury::engine::market_actor[0m[2m:[0m Tick received — running arb detection [3mmarket_id[0m[2m=[0m631deb8c-fbb4-489e-818e-ae698f57f50b [3mplatform[0m[2m=[0mPolymarket [3mbid[0m[2m=[0m0.94 [3mask[0m[2m=[0m0.96 [3mmid[0m[2m=[0m0.95 [3mbid_size[0m[2m=[0m156.3 [3mask_size[0m[2m=[0m210.8
[2m2026-04-12T20:36:28.697748Z[0m [34mDEBUG[0m [2mmercury::engine::market_actor[0m[2m:[0m Tick received — running arb detection [3mmarket_id[0m[2m=[0m2b958b37-9921-40b8-b22d-64a67138ae70 [3mplatform[0m[2m=[0mPolymarket [3mbid[0m[2m=[0m0.88 [3mask[0m[2m=[0m0.92 [3mmid[0m[2m=[0m0.90 [3mbid_size[0m[2m=[0m20.3 [3mask_size[0m[2m=[0m5
[2m2026-04-12T20:36:28.697816Z[0m [34mDEBUG[0m [2mmercury::engine::spread[0m[2m:[0m Evaluated spread direction 2 [3mmarket_id[0m[2m=[0m631deb8c-fbb4-489e-818e-ae698f57f50b [3mdirection[0m[2m=[0m"NO-A/YES-B" [3mraw_spread[0m[2m=[0m0.0080 [3mbid_a[0m[2m=[0m0.9680 [3mask_b[0m[2m=[0m0.96
[2m2026-04-12T20:36:28.697970Z[0m [34mDEBUG[0m [2mmercury::engine::market_actor[0m[2m:[0m Tick received — running arb detection [3mmarket_id[0m[2m=[0m631deb8c-fbb4-489e-818e-ae698f57f50b [3mplatform[0m[2m=[0mKalshi [3mbid[0m[2m=[0m0.9680 [3mask[0m[2m=[0m0.9690 [3mmid[0m[2m=[0m0.9685 [3mbid_size[0m[2m=[0m272.00 [3mask_size[0m[2m=[0m147.75
[2m2026-04-12T20:36:28.697989Z[0m [34mDEBUG[0m [2mmercury::engine::spread[0m[2m:[0m Evaluated spread direction 2 [3mmarket_id[0m[2m=[0m2b958b37-9921-40b8-b22d-64a67138ae70 [3mdirection[0m[2m=[0m"NO-A/YES-B" [3mraw_spread[0m[2m=[0m-0.0600 [3mbid_a[0m[2m=[0m0.8600 [3mask_b[0m[2m=[0m0.92
[2m2026-04-12T20:36:28.698154Z[0m [34mDEBUG[0m [2mmercury::engine::spread[0m[2m:[0m Evaluated spread direction 2 [3mmarket_id[0m[2m=[0m631deb8c-fbb4-489e-818e-ae698f57f50b [3mdirection[0m[2m=[0m"NO-A/YES-B" [3mraw_spread[0m[2m=[0m0.0080 [3mbid_a[0m[2m=[0m0.9680 [3mask_b[0m[2m=[0m0.96
[2m2026-04-12T20:36:28.698326Z[0m [34mDEBUG[0m [2mmercury::engine::market_actor[0m[2m:[0m Tick received — running arb detection [3mmarket_id[0m[2m=[0m631deb8c-fbb4-489e-818e-ae698f57f50b [3mplatform[0m[2m=[0mKalshi [3mbid[0m[2m=[0m0.9680 [3mask[0m[2m=[0m0.9690 [3mmid[0m[2m=[0m0.9685 [3mbid_size[0m[2m=[0m272.00 [3mask_size[0m[2m=[0m147.75
[2m2026-04-12T20:36:28.698467Z[0m [34mDEBUG[0m [2mmercury::engine::spread[0m[2m:[0m Evaluated spread direction 2 [3mmarket_id[0m[2m=[0m631deb8c-fbb4-489e-818e-ae698f57f50b [3mdirection[0m[2m=[0m"NO-A/YES-B" [3mraw_spread[0m[2m=[0m0.0080 [3mbid_a[0m[2m=[0m0.9680 [3mask_b[0m[2m=[0m0.96
[2m2026-04-12T20:36:28.708093Z[0m [34mDEBUG[0m [2mmercury::engine::market_actor[0m[2m:[0m Tick received — running arb detection [3mmarket_id[0m[2m=[0m631deb8c-fbb4-489e-818e-ae698f57f50b [3mplatform[0m[2m=[0mKalshi [3mbid[0m[2m=[0m0.9680 [3mask[0m[2m=[0m0.9690 [3mmid[0m[2m=[0m0.9685 [3mbid_size[0m[2m=[0m272.00 [3mask_size[0m[2m=[0m147.75
[2m2026-04-12T20:36:28.708308Z[0m [34mDEBUG[0m [2mmercury::engine::spread[0m[2m:[0m Evaluated spread direction 2 [3mmarket_id[0m[2m=[0m631deb8c-fbb4-489e-818e-ae698f57f50b [3mdirection[0m[2m=[0m"NO-A/YES-B" [3mraw_spread[0m[2m=[0m0.0080 [3mbid_a[0m[2m=[0m0.9680 [3mask_b[0m[2m=[0m0.96
[2m2026-04-12T20:36:28.711926Z[0m [34mDEBUG[0m [2mmercury::engine::market_actor[0m[2m:[0m Tick received — running arb detection [3mmarket_id[0m[2m=[0m2b958b37-9921-40b8-b22d-64a67138ae70 [3mplatform[0m[2m=[0mPolymarket [3mbid[0m[2m=[0m0.88 [3mask[0m[2m=[0m0.92 [3mmid[0m[2m=[0m0.90 [3mbid_size[0m[2m=[0m20.3 [3mask_size[0m[2m=[0m5
[2m2026-04-12T20:36:28.711973Z[0m [34mDEBUG[0m [2mmercury::engine::market_actor[0m[2m:[0m Tick received — running arb detection [3mmarket_id[0m[2m=[0m9046452d-bcb3-4bb8-8925-8924b7439992 [3mplatform[0m[2m=[0mPolymarket [3mbid[0m[2m=[0m0.89 [3mask[0m[2m=[0m0.9 [3mmid[0m[2m=[0m0.8950 [3mbid_size[0m[2m=[0m218.52 [3mask_size[0m[2m=[0m276.23
[2m2026-04-12T20:36:28.712140Z[0m [34mDEBUG[0m [2mmercury::engine::spread[0m[2m:[0m Evaluated spread direction 2 [3mmarket_id[0m[2m=[0m2b958b37-9921-40b8-b22d-64a67138ae70 [3mdirection[0m[2m=[0m"NO-A/YES-B" [3mraw_spread[0m[2m=[0m-0.0600 [3mbid_a[0m[2m=[0m0.8600 [3mask_b[0m[2m=[0m0.92
[2m2026-04-12T20:36:28.712332Z[0m [34mDEBUG[0m [2mmercury::engine::spread[0m[2m:[0m Evaluated spread direction 2 [3mmarket_id[0m[2m=[0m9046452d-bcb3-4bb8-8925-8924b7439992 [3mdirection[0m[2m=[0m"NO-A/YES-B" [3mraw_spread[0m[2m=[0m-0.0600 [3mbid_a[0m[2m=[0m0.89 [3mask_b[0m[2m=[0m0.9500
[2m2026-04-12T20:36:28.712465Z[0m [34mDEBUG[0m [2mmercury::engine::market_actor[0m[2m:[0m Tick received — running arb detection [3mmarket_id[0m[2m=[0m9046452d-bcb3-4bb8-8925-8924b7439992 [3mplatform[0m[2m=[0mPolymarket [3mbid[0m[2m=[0m0.89 [3mask[0m[2m=[0m0.9 [3mmid[0m[2m=[0m0.8950 [3mbid_size[0m[2m=[0m227.26 [3mask_size[0m[2m=[0m276.23
[2m2026-04-12T20:36:28.712623Z[0m [34mDEBUG[0m [2mmercury::engine::spread[0m[2m:[0m Evaluated spread direction 2 [3mmarket_id[0m[2m=[0m9046452d-bcb3-4bb8-8925-8924b7439992 [3mdirection[0m[2m=[0m"NO-A/YES-B" [3mraw_spread[0m[2m=[0m-0.0600 [3mbid_a[0m[2m=[0m0.89 [3mask_b[0m[2m=[0m0.9500
[2m2026-04-12T20:36:28.755569Z[0m [34mDEBUG[0m [2mmercury::engine::market_actor[0m[2m:[0m Tick received — running arb detection [3mmarket_id[0m[2m=[0m2b958b37-9921-40b8-b22d-64a67138ae70 [3mplatform[0m[2m=[0mPolymarket [3mbid[0m[2m=[0m0.88 [3mask[0m[2m=[0m0.92 [3mmid[0m[2m=[0m0.90 [3mbid_size[0m[2m=[0m20.3 [3mask_size[0m[2m=[0m5
[2m2026-04-12T20:36:28.755750Z[0m [34mDEBUG[0m [2mmercury::engine::spread[0m[2m:[0m Evaluated spread direction 2 [3mmarket_id[0m[2m=[0m2b958b37-9921-40b8-b22d-64a67138ae70 [3mdirection[0m[2m=[0m"NO-A/YES-B" [3mraw_spread[0m[2m=[0m-0.0600 [3mbid_a[0m[2m=[0m0.8600 [3mask_b[0m[2m=[0m0.92
[2m2026-04-12T20:36:28.763995Z[0m [34mDEBUG[0m [2mmercury::engine::market_actor[0m[2m:[0m Tick received — running arb detection [3mmarket_id[0m[2m=[0m631deb8c-fbb4-489e-818e-ae698f57f50b [3mplatform[0m[2m=[0mPolymarket [3mbid[0m[2m=[0m0.94 [3mask[0m[2m=[0m0.96 [3mmid[0m[2m=[0m0.95 [3mbid_size[0m[2m=[0m156.3 [3mask_size[0m[2m=[0m210.8
[2m2026-04-12T20:36:28.764174Z[0m [34mDEBUG[0m [2mmercury::engine::spread[0m[2m:[0m Evaluated spread direction 2 [3mmarket_id[0m[2m=[0m631deb8c-fbb4-489e-818e-ae698f57f50b [3mdirection[0m[2m=[0m"NO-A/YES-B" [3mraw_spread[0m[2m=[0m0.0080 [3mbid_a[0m[2m=[0m0.9680 [3mask_b[0m[2m=[0m0.96
[2m2026-04-12T20:36:28.767416Z[0m [34mDEBUG[0m [2mmercury::engine::market_actor[0m[2m:[0m Tick received — running arb detection [3mmarket_id[0m[2m=[0m631deb8c-fbb4-489e-818e-ae698f57f50b [3mplatform[0m[2m=[0mKalshi [3mbid[0m[2m=[0m0.9680 [3mask[0m[2m=[0m0.9690 [3mmid[0m[2m=[0m0.9685 [3mbid_size[0m[2m=[0m272.00 [3mask_size[0m[2m=[0m119.75
[2m2026-04-12T20:36:28.767533Z[0m [34mDEBUG[0m [2mmercury::engine::spread[0m[2m:[0m Evaluated spread direction 2 [3mmarket_id[0m[2m=[0m631deb8c-fbb4-489e-818e-ae698f57f50b [3mdirection[0m[2m=[0m"NO-A/YES-B" [3mraw_spread[0m[2m=[0m0.0080 [3mbid_a[0m[2m=[0m0.9680 [3mask_b[0m[2m=[0m0.96
[2m2026-04-12T20:36:28.767727Z[0m [34mDEBUG[0m [2mmercury::engine::market_actor[0m[2m:[0m Tick received — running arb detection [3mmarket_id[0m[2m=[0m2b958b37-9921-40b8-b22d-64a67138ae70 [3mplatform[0m[2m=[0mPolymarket [3mbid[0m[2m=[0m0.88 [3mask[0m[2m=[0m0.92 [3mmid[0m[2m=[0m0.90 [3mbid_size[0m[2m=[0m20.3 [3mask_size[0m[2m=[0m5
[2m2026-04-12T20:36:28.767842Z[0m [34mDEBUG[0m [2mmercury::engine::spread[0m[2m:[0m Evaluated spread direction 2 [3mmarket_id[0m[2m=[0m2b958b37-9921-40b8-b22d-64a67138ae70 [3mdirection[0m[2m=[0m"NO-A/YES-B" [3mraw_spread[0m[2m=[0m-0.0600 [3mbid_a[0m[2m=[0m0.8600 [3mask_b[0m[2m=[0m0.92
[2m2026-04-12T20:36:28.769107Z[0m [34mDEBUG[0m [2mmercury::engine::market_actor[0m[2m:[0m Tick received — running arb detection [3mmarket_id[0m[2m=[0m9046452d-bcb3-4bb8-8925-8924b7439992 [3mplatform[0m[2m=[0mPolymarket [3mbid[0m[2m=[0m0.89 [3mask[0m[2m=[0m0.9 [3mmid[0m[2m=[0m0.8950 [3mbid_size[0m[2m=[0m227.26 [3mask_size[0m[2m=[0m276.23
[2m2026-04-12T20:36:28.769230Z[0m [34mDEBUG[0m [2mmercury::engine::spread[0m[2m:[0m Evaluated spread direction 2 [3mmarket_id[0m[2m=[0m9046452d-bcb3-4bb8-8925-8924b7439992 [3mdirection[0m[2m=[0m"NO-A/YES-B" [3mraw_spread[0m[2m=[0m-0.0600 [3mbid_a[0m[2m=[0m0.89 [3mask_b[0m[2m=[0m0.9500
[2m2026-04-12T20:36:28.769324Z[0m [34mDEBUG[0m [2mmercury::engine::market_actor[0m[2m:[0m Tick received — running arb detection [3mmarket_id[0m[2m=[0m9046452d-bcb3-4bb8-8925-8924b7439992 [3mplatform[0m[2m=[0mPolymarket [3mbid[0m[2m=[0m0.89 [3mask[0m[2m=[0m0.9 [3mmid[0m[2m=[0m0.8950 [3mbid_size[0m[2m=[0m209.79 [3mask_size[0m[2m=[0m276.23
[2m2026-04-12T20:36:28.769453Z[0m [34mDEBUG[0m [2mmercury::engine::spread[0m[2m:[0m Evaluated spread direction 2 [3mmarket_id[0m[2m=[0m9046452d-bcb3-4bb8-8925-8924b7439992 [3mdirection[0m[2m=[0m"NO-A/YES-B" [3mraw_spread[0m[2m=[0m-0.0600 [3mbid_a[0m[2m=[0m0.89 [3mask_b[0m[2m=[0m0.9500
[2m2026-04-12T20:36:28.781910Z[0m [34mDEBUG[0m [2mmercury::engine::market_actor[0m[2m:[0m Tick received — running arb detection [3mmarket_id[0m[2m=[0m631deb8c-fbb4-489e-818e-ae698f57f50b [3mplatform[0m[2m=[0mKalshi [3mbid[0m[2m=[0m0.9680 [3mask[0m[2m=[0m0.9690 [3mmid[0m[2m=[0m0.9685 [3mbid_size[0m[2m=[0m272.00 [3mask_size[0m[2m=[0m119.75
[2m2026-04-12T20:36:28.782092Z[0m [34mDEBUG[0m [2mmercury::engine::spread[0m[2m:[0m Evaluated spread direction 2 [3mmarket_id[0m[2m=[0m631deb8c-fbb4-489e-818e-ae698f57f50b [3mdirection[0m[2m=[0m"NO-A/YES-B" [3mraw_spread[0m[2m=[0m0.0080 [3mbid_a[0m[2m=[0m0.9680 [3mask_b[0m[2m=[0m0.96
[2m2026-04-12T20:36:28.792330Z[0m [34mDEBUG[0m [2mmercury::engine::market_actor[0m[2m:[0m Tick received — running arb detection [3mmarket_id[0m[2m=[0m631deb8c-fbb4-489e-818e-ae698f57f50b [3mplatform[0m[2m=[0mPolymarket [3mbid[0m[2m=[0m0.94 [3mask[0m[2m=[0m0.96 [3mmid[0m[2m=[0m0.95 [3mbid_size[0m[2m=[0m156.3 [3mask_size[0m[2m=[0m210.8
[2m2026-04-12T20:36:28.792495Z[0m [34mDEBUG[0m [2mmercury::engine::spread[0m[2m:[0m Evaluated spread direction 2 [3mmarket_id[0m[2m=[0m631deb8c-fbb4-489e-818e-ae698f57f50b [3mdirection[0m[2m=[0m"NO-A/YES-B" [3mraw_spread[0m[2m=[0m0.0080 [3mbid_a[0m[2m=[0m0.9680 [3mask_b[0m[2m=[0m0.96
[2m2026-04-12T20:36:28.808111Z[0m [34mDEBUG[0m [2mmercury::engine::market_actor[0m[2m:[0m Tick received — running arb detection [3mmarket_id[0m[2m=[0m2b958b37-9921-40b8-b22d-64a67138ae70 [3mplatform[0m[2m=[0mPolymarket [3mbid[0m[2m=[0m0.88 [3mask[0m[2m=[0m0.92 [3mmid[0m[2m=[0m0.90 [3mbid_size[0m[2m=[0m20.3 [3mask_size[0m[2m=[0m5
[2m2026-04-12T20:36:28.808289Z[0m [34mDEBUG[0m [2mmercury::engine::spread[0m[2m:[0m Evaluated spread direction 2 [3mmarket_id[0m[2m=[0m2b958b37-9921-40b8-b22d-64a67138ae70 [3mdirection[0m[2m=[0m"NO-A/YES-B" [3mraw_spread[0m[2m=[0m-0.0600 [3mbid_a[0m[2m=[0m0.8600 [3mask_b[0m[2m=[0m0.92
[2m2026-04-12T20:36:28.819466Z[0m [34mDEBUG[0m [2mmercury::engine::market_actor[0m[2m:[0m Tick received — running arb detection [3mmarket_id[0m[2m=[0m2b958b37-9921-40b8-b22d-64a67138ae70 [3mplatform[0m[2m=[0mPolymarket [3mbid[0m[2m=[0m0.88 [3mask[0m[2m=[0m0.92 [3mmid[0m[2m=[0m0.90 [3mbid_size[0m[2m=[0m20.3 [3mask_size[0m[2m=[0m5
[2m2026-04-12T20:36:28.819613Z[0m [34mDEBUG[0m [2mmercury::engine::spread[0m[2m:[0m Evaluated spread direction 2 [3mmarket_id[0m[2m=[0m2b958b37-9921-40b8-b22d-64a67138ae70 [3mdirection[0m[2m=[0m"NO-A/YES-B" [3mraw_spread[0m[2m=[0m-0.0600 [3mbid_a[0m[2m=[0m0.8600 [3mask_b[0m[2m=[0m0.92
[2m2026-04-12T20:36:28.827240Z[0m [34mDEBUG[0m [2mmercury::engine::market_actor[0m[2m:[0m Tick received — running arb detection [3mmarket_id[0m[2m=[0m9046452d-bcb3-4bb8-8925-8924b7439992 [3mplatform[0m[2m=[0mPolymarket [3mbid[0m[2m=[0m0.89 [3mask[0m[2m=[0m0.9 [3mmid[0m[2m=[0m0.8950 [3mbid_size[0m[2m=[0m218.53 [3mask_size[0m[2m=[0m276.23
[2m2026-04-12T20:36:28.827418Z[0m [34mDEBUG[0m [2mmercury::engine::spread[0m[2m:[0m Evaluated spread direction 2 [3mmarket_id[0m[2m=[0m9046452d-bcb3-4bb8-8925-8924b7439992 [3mdirection[0m[2m=[0m"NO-A/YES-B" [3mraw_spread[0m[2m=[0m-0.0600 [3mbid_a[0m[2m=[0m0.89 [3mask_b[0m[2m=[0m0.9500
[2m2026-04-12T20:36:28.827507Z[0m [34mDEBUG[0m [2mmercury::engine::market_actor[0m[2m:[0m Tick received — running arb detection [3mmarket_id[0m[2m=[0m9046452d-bcb3-4bb8-8925-8924b7439992 [3mplatform[0m[2m=[0mPolymarket [3mbid[0m[2m=[0m0.89 [3mask[0m[2m=[0m0.9 [3mmid[0m[2m=[0m0.8950 [3mbid_size[0m[2m=[0m218.53 [3mask_size[0m[2m=[0m276.23
[2m2026-04-12T20:36:28.827694Z[0m [34mDEBUG[0m [2mmercury::engine::spread[0m[2m:[0m Evaluated spread direction 2 [3mmarket_id[0m[2m=[0m9046452d-bcb3-4bb8-8925-8924b7439992 [3mdirection[0m[2m=[0m"NO-A/YES-B" [3mraw_spread[0m[2m=[0m-0.0600 [3mbid_a[0m[2m=[0m0.89 [3mask_b[0m[2m=[0m0.9500
[2m2026-04-12T20:36:28.837307Z[0m [33m WARN[0m [2mmercury::feeds::kalshi[0m[2m:[0m Kalshi sequence gap for KXETH15M-26APR121645-45: expected 278, got 289. Book may be out of sync.
[2m2026-04-12T20:36:28.837601Z[0m [34mDEBUG[0m [2mmercury::engine::market_actor[0m[2m:[0m Tick received — running arb detection [3mmarket_id[0m[2m=[0m9046452d-bcb3-4bb8-8925-8924b7439992 [3mplatform[0m[2m=[0mKalshi [3mbid[0m[2m=[0m0.9380 [3mask[0m[2m=[0m0.9500 [3mmid[0m[2m=[0m0.9440 [3mbid_size[0m[2m=[0m18.60 [3mask_size[0m[2m=[0m70.14
[2m2026-04-12T20:36:28.837750Z[0m [34mDEBUG[0m [2mmercury::engine::spread[0m[2m:[0m Evaluated spread direction 2 [3mmarket_id[0m[2m=[0m9046452d-bcb3-4bb8-8925-8924b7439992 [3mdirection[0m[2m=[0m"NO-A/YES-B" [3mraw_spread[0m[2m=[0m-0.0600 [3mbid_a[0m[2m=[0m0.89 [3mask_b[0m[2m=[0m0.9500
[2m2026-04-12T20:36:28.837836Z[0m [34mDEBUG[0m [2mmercury::engine::market_actor[0m[2m:[0m Tick received — running arb detection [3mmarket_id[0m[2m=[0m9046452d-bcb3-4bb8-8925-8924b7439992 [3mplatform[0m[2m=[0mKalshi [3mbid[0m[2m=[0m0.9380 [3mask[0m[2m=[0m0.9500 [3mmid[0m[2m=[0m0.9440 [3mbid_size[0m[2m=[0m18.60 [3mask_size[0m[2m=[0m70.14
[2m2026-04-12T20:36:28.837936Z[0m [34mDEBUG[0m [2mmercury::engine::spread[0m[2m:[0m Evaluated spread direction 2 [3mmarket_id[0m[2m=[0m9046452d-bcb3-4bb8-8925-8924b7439992 [3mdirection[0m[2m=[0m"NO-A/YES-B" [3mraw_spread[0m[2m=[0m-0.0600 [3mbid_a[0m[2m=[0m0.89 [3mask_b[0m[2m=[0m0.9500
[2m2026-04-12T20:36:28.838832Z[0m [34mDEBUG[0m [2mmercury::engine::market_actor[0m[2m:[0m Tick received — running arb detection [3mmarket_id[0m[2m=[0m9046452d-bcb3-4bb8-8925-8924b7439992 [3mplatform[0m[2m=[0mKalshi [3mbid[0m[2m=[0m0.9380 [3mask[0m[2m=[0m0.9500 [3mmid[0m[2m=[0m0.9440 [3mbid_size[0m[2m=[0m18.60 [3mask_size[0m[2m=[0m70.14
[2m2026-04-12T20:36:28.838949Z[0m [34mDEBUG[0m [2mmercury::engine::spread[0m[2m:[0m Evaluated spread direction 2 [3mmarket_id[0m[2m=[0m9046452d-bcb3-4bb8-8925-8924b7439992 [3mdirection[0m[2m=[0m"NO-A/YES-B" [3mraw_spread[0m[2m=[0m-0.0600 [3mbid_a[0m[2m=[0m0.89 [3mask_b[0m[2m=[0m0.9500
[2m2026-04-12T20:36:28.839030Z[0m [34mDEBUG[0m [2mmercury::engine::market_actor[0m[2m:[0m Tick received — running arb detection [3mmarket_id[0m[2m=[0m9046452d-bcb3-4bb8-8925-8924b7439992 [3mplatform[0m[2m=[0mKalshi [3mbid[0m[2m=[0m0.9380 [3mask[0m[2m=[0m0.9500 [3mmid[0m[2m=[0m0.9440 [3mbid_size[0m[2m=[0m18.60 [3mask_size[0m[2m=[0m70.14
[2m2026-04-12T20:36:28.839130Z[0m [34mDEBUG[0m [2mmercury::engine::spread[0m[2m:[0m Evaluated spread direction 2 [3mmarket_id[0m[2m=[0m9046452d-bcb3-4bb8-8925-8924b7439992 [3mdirection[0m[2m=[0m"NO-A/YES-B" [3mraw_spread[0m[2m=[0m-0.0600 [3mbid_a[0m[2m=[0m0.89 [3mask_b[0m[2m=[0m0.9500
[2m2026-04-12T20:36:28.891102Z[0m [32m INFO[0m [2mmercury::feeds::discovery[0m[2m:[0m Kalshi general markets fetched [3mcount[0m[2m=[0m500
[2m2026-04-12T20:36:28.912433Z[0m [32m INFO[0m [2mmercury::feeds::discovery[0m[2m:[0m Discovery cycle complete [3mtotal[0m[2m=[0m8 [3mactive[0m[2m=[0m8
[2m2026-04-12T20:36:28.912703Z[0m [32m INFO[0m [2mmercury[0m[2m:[0m Registry updated — new platform added to existing market [3mmarket_id[0m[2m=[0m79e1f598-7189-438f-a66e-b184b04be477 [3mtotal_markets[0m[2m=[0m23 [3mtotal_arb_pairs[0m[2m=[0m8
[2m2026-04-12T20:36:28.912772Z[0m [32m INFO[0m [2mmercury[0m[2m:[0m NEW cross-platform market discovered and registered [3mmarket_id[0m[2m=[0m66adb87c-6b1d-4507-96e6-0b59a637756a [3mquestion[0m[2m=[0mXRP Up or Down - April 12, 4:45PM-5:00PM ET [3mplatforms[0m[2m=[0m[Polymarket] [3mstatus[0m[2m=[0mActive [3mconfidence[0m[2m=[0m1.0
[2m2026-04-12T20:36:29.011370Z[0m [33m WARN[0m [2mmercury::feeds::kalshi[0m[2m:[0m Kalshi sequence gap for KXBTC15M-26APR121645-45: expected 289, got 295. Book may be out of sync.
[2m2026-04-12T20:36:29.114238Z[0m [33m WARN[0m [2mmercury::feeds::kalshi[0m[2m:[0m Kalshi sequence gap for KXSOL15M-26APR121645-45: expected 10, got 303. Book may be out of sync.
[2m2026-04-12T20:36:29.165676Z[0m [33m WARN[0m [2mmercury::feeds::kalshi[0m[2m:[0m Kalshi sequence gap for KXBTC15M-26APR121645-45: expected 303, got 305. Book may be out of sync.
[2m2026-04-12T20:36:29.166458Z[0m [33m WARN[0m [2mmercury::feeds::kalshi[0m[2m:[0m Kalshi sequence gap for KXSOL15M-26APR121645-45: expected 305, got 308. Book may be out of sync.
[2m2026-04-12T20:36:29.167112Z[0m [33m WARN[0m [2mmercury::feeds::kalshi[0m[2m:[0m Kalshi sequence gap for KXBTC15M-26APR121645-45: expected 308, got 312. Book may be out of sync.
[2m2026-04-12T20:36:29.167554Z[0m [33m WARN[0m [2mmercury::feeds::kalshi[0m[2m:[0m Kalshi sequence gap for KXSOL15M-26APR121645-45: expected 312, got 316. Book may be out of sync.
[2m2026-04-12T20:36:29.219687Z[0m [33m WARN[0m [2mmercury::feeds::kalshi[0m[2m:[0m Kalshi sequence gap for KXBTC15M-26APR121645-45: expected 316, got 318. Book may be out of sync.
[2m2026-04-12T20:36:29.220198Z[0m [33m WARN[0m [2mmercury::feeds::kalshi[0m[2m:[0m Kalshi sequence gap for KXSOL15M-26APR121645-45: expected 318, got 320. Book may be out of sync.
[2m2026-04-12T20:36:29.220474Z[0m [33m WARN[0m [2mmercury::feeds::kalshi[0m[2m:[0m Kalshi sequence gap for KXBTC15M-26APR121645-45: expected 320, got 322. Book may be out of sync.
[2m2026-04-12T20:36:29.220701Z[0m [33m WARN[0m [2mmercury::feeds::kalshi[0m[2m:[0m Kalshi sequence gap for KXETH15M-26APR121645-45: expected 295, got 324. Book may be out of sync.
[2m2026-04-12T20:36:29.222317Z[0m [33m WARN[0m [2mmercury::feeds::kalshi[0m[2m:[0m Kalshi sequence gap for KXSOL15M-26APR121645-45: expected 322, got 326. Book may be out of sync.
[2m2026-04-12T20:36:29.222577Z[0m [33m WARN[0m [2mmercury::feeds::kalshi[0m[2m:[0m Kalshi sequence gap for KXBTC15M-26APR121645-45: expected 324, got 328. Book may be out of sync.
[2m2026-04-12T20:36:29.267304Z[0m [33m WARN[0m [2mmercury::feeds::kalshi[0m[2m:[0m Kalshi sequence gap for KXSOL15M-26APR121645-45: expected 328, got 331. Book may be out of sync.
[2m2026-04-12T20:36:29.267846Z[0m [33m WARN[0m [2mmercury::feeds::kalshi[0m[2m:[0m Kalshi sequence gap for KXBTC15M-26APR121645-45: expected 331, got 333. Book may be out of sync.
[2m2026-04-12T20:36:29.274542Z[0m [33m WARN[0m [2mmercury::feeds::kalshi[0m[2m:[0m Kalshi sequence gap for KXSOL15M-26APR121645-45: expected 333, got 335. Book may be out of sync.
[2m2026-04-12T20:36:29.322639Z[0m [33m WARN[0m [2mmercury::feeds::kalshi[0m[2m:[0m Kalshi sequence gap for KXBTC15M-26APR121645-45: expected 335, got 337. Book may be out of sync.
[2m2026-04-12T20:36:29.323520Z[0m [33m WARN[0m [2mmercury::feeds::kalshi[0m[2m:[0m Kalshi sequence gap for KXSOL15M-26APR121645-45: expected 337, got 342. Book may be out of sync.
[2m2026-04-12T20:36:29.323618Z[0m [34mDEBUG[0m [2mmercury::feeds::polymarket[0m[2m:[0m Unknown Polymarket event type [3mevent_type[0m[2m=[0mbest_bid_ask
[2m2026-04-12T20:36:29.323799Z[0m [33m WARN[0m [2mmercury::feeds::kalshi[0m[2m:[0m Kalshi sequence gap for KXBTC15M-26APR121645-45: expected 342, got 344. Book may be out of sync.
[2m2026-04-12T20:36:29.324067Z[0m [33m WARN[0m [2mmercury::feeds::kalshi[0m[2m:[0m Kalshi sequence gap for KXETH15M-26APR121645-45: expected 326, got 346. Book may be out of sync.
[2m2026-04-12T20:36:29.328014Z[0m [33m WARN[0m [2mmercury::feeds::kalshi[0m[2m:[0m Kalshi sequence gap for KXSOL15M-26APR121645-45: expected 344, got 348. Book may be out of sync.
[2m2026-04-12T20:36:29.370752Z[0m [33m WARN[0m [2mmercury::feeds::kalshi[0m[2m:[0m Kalshi sequence gap for KXBTC15M-26APR121645-45: expected 346, got 350. Book may be out of sync.
[2m2026-04-12T20:36:29.371415Z[0m [33m WARN[0m [2mmercury::feeds::kalshi[0m[2m:[0m Kalshi sequence gap for KXETH15M-26APR121645-45: expected 348, got 353. Book may be out of sync.
[2m2026-04-12T20:36:29.371881Z[0m [33m WARN[0m [2mmercury::feeds::kalshi[0m[2m:[0m Kalshi sequence gap for KXSOL15M-26APR121645-45: expected 350, got 357. Book may be out of sync.
[2m2026-04-12T20:36:29.372144Z[0m [33m WARN[0m [2mmercury::feeds::kalshi[0m[2m:[0m Kalshi sequence gap for KXBTC15M-26APR121645-45: expected 353, got 359. Book may be out of sync.
[2m2026-04-12T20:36:29.372500Z[0m [33m WARN[0m [2mmercury::feeds::kalshi[0m[2m:[0m Kalshi sequence gap for KXETH15M-26APR121645-45: expected 357, got 362. Book may be out of sync.
[2m2026-04-12T20:36:29.422114Z[0m [33m WARN[0m [2mmercury::feeds::kalshi[0m[2m:[0m Kalshi sequence gap for KXBTC15M-26APR121645-45: expected 362, got 366. Book may be out of sync.
[2m2026-04-12T20:36:29.524359Z[0m [33m WARN[0m [2mmercury::feeds::kalshi[0m[2m:[0m Kalshi sequence gap for KXETH15M-26APR121645-45: expected 366, got 374. Book may be out of sync.
[2m2026-04-12T20:36:29.525190Z[0m [33m WARN[0m [2mmercury::feeds::kalshi[0m[2m:[0m Kalshi sequence gap for KXBTC15M-26APR121645-45: expected 374, got 379. Book may be out of sync.
[2m2026-04-12T20:36:29.525467Z[0m [33m WARN[0m [2mmercury::feeds::kalshi[0m[2m:[0m Kalshi sequence gap for KXETH15M-26APR121645-45: expected 379, got 381. Book may be out of sync.
[2m2026-04-12T20:36:29.526277Z[0m [33m WARN[0m [2mmercury::feeds::kalshi[0m[2m:[0m Kalshi sequence gap for KXBTC15M-26APR121645-45: expected 381, got 390. Book may be out of sync.
[2m2026-04-12T20:36:29.526589Z[0m [33m WARN[0m [2mmercury::feeds::kalshi[0m[2m:[0m Kalshi sequence gap for KXETH15M-26APR121645-45: expected 390, got 392. Book may be out of sync.
[2m2026-04-12T20:36:29.581156Z[0m [33m WARN[0m [2mmercury::feeds::kalshi[0m[2m:[0m Kalshi sequence gap for KXBTC15M-26APR121645-45: expected 392, got 396. Book may be out of sync.
[2m2026-04-12T20:36:29.584078Z[0m [33m WARN[0m [2mmercury::feeds::kalshi[0m[2m:[0m Kalshi sequence gap for KXSOL15M-26APR121645-45: expected 359, got 397. Book may be out of sync.
[2m2026-04-12T20:36:29.588101Z[0m [34mDEBUG[0m [2mmercury::feeds::polymarket[0m[2m:[0m Unknown Polymarket event type [3mevent_type[0m[2m=[0mbest_bid_ask
[2m2026-04-12T20:36:29.639856Z[0m [33m WARN[0m [2mmercury::feeds::kalshi[0m[2m:[0m Kalshi sequence gap for KXETH15M-26APR121645-45: expected 396, got 402. Book may be out of sync.
[2m2026-04-12T20:36:29.677602Z[0m [33m WARN[0m [2mmercury::feeds::kalshi[0m[2m:[0m Kalshi sequence gap for KXBTC15M-26APR121645-45: expected 397, got 406. Book may be out of sync.
[2m2026-04-12T20:36:29.686520Z[0m [33m WARN[0m [2mmercury::feeds::kalshi[0m[2m:[0m Kalshi sequence gap for KXETH15M-26APR121645-45: expected 406, got 407. Book may be out of sync.
[2m2026-04-12T20:36:29.686867Z[0m [33m WARN[0m [2mmercury::feeds::kalshi[0m[2m:[0m Kalshi sequence gap for KXBTC15M-26APR121645-45: expected 407, got 409. Book may be out of sync.
[2m2026-04-12T20:36:29.728320Z[0m [33m WARN[0m [2mmercury::feeds::kalshi[0m[2m:[0m Kalshi sequence gap for KXSOL15M-26APR121645-45: expected 402, got 411. Book may be out of sync.
[2m2026-04-12T20:36:29.739526Z[0m [33m WARN[0m [2mmercury::feeds::kalshi[0m[2m:[0m Kalshi sequence gap for KXBTC15M-26APR121645-45: expected 411, got 412. Book may be out of sync.
[2m2026-04-12T20:36:29.780240Z[0m [33m WARN[0m [2mmercury::feeds::kalshi[0m[2m:[0m Kalshi sequence gap for KXSOL15M-26APR121645-45: expected 412, got 414. Book may be out of sync.
[2m2026-04-12T20:36:29.883902Z[0m [33m WARN[0m [2mmercury::feeds::kalshi[0m[2m:[0m Kalshi sequence gap for KXBTC15M-26APR121645-45: expected 414, got 418. Book may be out of sync.
[2m2026-04-12T20:36:30.046459Z[0m [33m WARN[0m [2mmercury::feeds::kalshi[0m[2m:[0m Kalshi sequence gap for KXETH15M-26APR121645-45: expected 409, got 425. Book may be out of sync.
[2m2026-04-12T20:36:30.046672Z[0m [33m WARN[0m [2mmercury::feeds::kalshi[0m[2m:[0m Kalshi sequence gap for KXBTC15M-26APR121645-45: expected 425, got 426. Book may be out of sync.
[2m2026-04-12T20:36:30.091632Z[0m [33m WARN[0m [2mmercury::feeds::kalshi[0m[2m:[0m Kalshi sequence gap for KXETH15M-26APR121645-45: expected 426, got 438. Book may be out of sync.
[2m2026-04-12T20:36:30.092816Z[0m [33m WARN[0m [2mmercury::feeds::kalshi[0m[2m:[0m Kalshi sequence gap for KXBTC15M-26APR121645-45: expected 438, got 440. Book may be out of sync.
[2m2026-04-12T20:36:30.099467Z[0m [33m WARN[0m [2mmercury::feeds::kalshi[0m[2m:[0m Kalshi sequence gap for KXSOL15M-26APR121645-45: expected 418, got 443. Book may be out of sync.
[2m2026-04-12T20:36:30.157031Z[0m [34mDEBUG[0m [2mmercury::feeds::polymarket[0m[2m:[0m Unknown Polymarket event type [3mevent_type[0m[2m=[0mbest_bid_ask
[2m2026-04-12T20:36:30.158435Z[0m [33m WARN[0m [2mmercury::feeds::kalshi[0m[2m:[0m Kalshi sequence gap for KXBTC15M-26APR121645-45: expected 443, got 445. Book may be out of sync.
[2m2026-04-12T20:36:30.158871Z[0m [33m WARN[0m [2mmercury::feeds::kalshi[0m[2m:[0m Kalshi sequence gap for KXSOL15M-26APR121645-45: expected 445, got 451. Book may be out of sync.
[2m2026-04-12T20:36:30.159081Z[0m [33m WARN[0m [2mmercury::feeds::kalshi[0m[2m:[0m Kalshi sequence gap for KXBTC15M-26APR121645-45: expected 451, got 453. Book may be out of sync.
[2m2026-04-12T20:36:30.175085Z[0m [33m WARN[0m [2mmercury::feeds::kalshi[0m[2m:[0m Kalshi sequence gap for KXETH15M-26APR121645-45: expected 440, got 460. Book may be out of sync.
[2m2026-04-12T20:36:30.175444Z[0m [33m WARN[0m [2mmercury::feeds::kalshi[0m[2m:[0m Kalshi sequence gap for KXSOL15M-26APR121645-45: expected 453, got 462. Book may be out of sync.
[2m2026-04-12T20:36:30.194976Z[0m [33m WARN[0m [2mmercury::feeds::kalshi[0m[2m:[0m Kalshi sequence gap for KXBTC15M-26APR121645-45: expected 460, got 464. Book may be out of sync.
[2m2026-04-12T20:36:30.251931Z[0m [33m WARN[0m [2mmercury::feeds::kalshi[0m[2m:[0m Kalshi sequence gap for KXSOL15M-26APR121645-45: expected 464, got 466. Book may be out of sync.
[2m2026-04-12T20:36:30.252441Z[0m [33m WARN[0m [2mmercury::feeds::kalshi[0m[2m:[0m Kalshi sequence gap for KXETH15M-26APR121645-45: expected 462, got 468. Book may be out of sync.
[2m2026-04-12T20:36:30.252730Z[0m [33m WARN[0m [2mmercury::feeds::kalshi[0m[2m:[0m Kalshi sequence gap for KXBTC15M-26APR121645-45: expected 466, got 470. Book may be out of sync.
[2m2026-04-12T20:36:30.253022Z[0m [33m WARN[0m [2mmercury::feeds::kalshi[0m[2m:[0m Kalshi sequence gap for KXSOL15M-26APR121645-45: expected 468, got 472. Book may be out of sync.
[2m2026-04-12T20:36:30.281094Z[0m [33m WARN[0m [2mmercury::feeds::kalshi[0m[2m:[0m Kalshi sequence gap for KXBTC15M-26APR121645-45: expected 472, got 474. Book may be out of sync.
[2m2026-04-12T20:36:30.281384Z[0m [33m WARN[0m [2mmercury::feeds::kalshi[0m[2m:[0m Kalshi sequence gap for KXSOL15M-26APR121645-45: expected 474, got 476. Book may be out of sync.
[2m2026-04-12T20:36:30.281593Z[0m [33m WARN[0m [2mmercury::feeds::kalshi[0m[2m:[0m Kalshi sequence gap for KXETH15M-26APR121645-45: expected 470, got 478. Book may be out of sync.
[2m2026-04-12T20:36:30.292281Z[0m [33m WARN[0m [2mmercury::feeds::kalshi[0m[2m:[0m Kalshi sequence gap for KXBTC15M-26APR121645-45: expected 476, got 482. Book may be out of sync.
[2m2026-04-12T20:36:30.292781Z[0m [33m WARN[0m [2mmercury::feeds::kalshi[0m[2m:[0m Kalshi sequence gap for KXSOL15M-26APR121645-45: expected 478, got 484. Book may be out of sync.
[2m2026-04-12T20:36:30.293052Z[0m [33m WARN[0m [2mmercury::feeds::kalshi[0m[2m:[0m Kalshi sequence gap for KXBTC15M-26APR121645-45: expected 484, got 486. Book may be out of sync.
[2m2026-04-12T20:36:30.298380Z[0m [33m WARN[0m [2mmercury::feeds::kalshi[0m[2m:[0m Kalshi sequence gap for KXETH15M-26APR121645-45: expected 482, got 487. Book may be out of sync.
[2m2026-04-12T20:36:30.342792Z[0m [33m WARN[0m [2mmercury::feeds::kalshi[0m[2m:[0m Kalshi sequence gap for KXSOL15M-26APR121645-45: expected 486, got 489. Book may be out of sync.
[2m2026-04-12T20:36:30.343160Z[0m [33m WARN[0m [2mmercury::feeds::kalshi[0m[2m:[0m Kalshi sequence gap for KXBTC15M-26APR121645-45: expected 487, got 491. Book may be out of sync.
[2m2026-04-12T20:36:30.343369Z[0m [33m WARN[0m [2mmercury::feeds::kalshi[0m[2m:[0m Kalshi sequence gap for KXSOL15M-26APR121645-45: expected 491, got 492. Book may be out of sync.
[2m2026-04-12T20:36:30.343797Z[0m [33m WARN[0m [2mmercury::feeds::kalshi[0m[2m:[0m Kalshi sequence gap for KXBTC15M-26APR121645-45: expected 492, got 496. Book may be out of sync.
[2m2026-04-12T20:36:30.343997Z[0m [33m WARN[0m [2mmercury::feeds::kalshi[0m[2m:[0m Kalshi sequence gap for KXETH15M-26APR121645-45: expected 489, got 497. Book may be out of sync.
[2m2026-04-12T20:36:30.344494Z[0m [33m WARN[0m [2mmercury::feeds::kalshi[0m[2m:[0m Kalshi sequence gap for KXBTC15M-26APR121645-45: expected 497, got 501. Book may be out of sync.
[2m2026-04-12T20:36:30.350925Z[0m [33m WARN[0m [2mmercury::feeds::kalshi[0m[2m:[0m Kalshi sequence gap for KXETH15M-26APR121645-45: expected 501, got 502. Book may be out of sync.
[2m2026-04-12T20:36:30.351408Z[0m [33m WARN[0m [2mmercury::feeds::kalshi[0m[2m:[0m Kalshi sequence gap for KXSOL15M-26APR121645-45: expected 496, got 504. Book may be out of sync.
[2m2026-04-12T20:36:30.351704Z[0m [33m WARN[0m [2mmercury::feeds::kalshi[0m[2m:[0m Kalshi sequence gap for KXBTC15M-26APR121645-45: expected 502, got 506. Book may be out of sync.
[2m2026-04-12T20:36:30.352035Z[0m [33m WARN[0m [2mmercury::feeds::kalshi[0m[2m:[0m Kalshi sequence gap for KXETH15M-26APR121645-45: expected 504, got 508. Book may be out of sync.
[2m2026-04-12T20:36:30.352279Z[0m [33m WARN[0m [2mmercury::feeds::kalshi[0m[2m:[0m Kalshi sequence gap for KXBTC15M-26APR121645-45: expected 508, got 510. Book may be out of sync.
[2m2026-04-12T20:36:30.352451Z[0m [33m WARN[0m [2mmercury::feeds::kalshi[0m[2m:[0m Kalshi sequence gap for KXETH15M-26APR121645-45: expected 510, got 511. Book may be out of sync.
[2m2026-04-12T20:36:30.368400Z[0m [33m WARN[0m [2mmercury::feeds::kalshi[0m[2m:[0m Kalshi sequence gap for KXSOL15M-26APR121645-45: expected 506, got 514. Book may be out of sync.
[2m2026-04-12T20:36:30.395361Z[0m [33m WARN[0m [2mmercury::feeds::kalshi[0m[2m:[0m Kalshi sequence gap for KXETH15M-26APR121645-45: expected 514, got 516. Book may be out of sync.
[2m2026-04-12T20:36:30.418244Z[0m [33m WARN[0m [2mmercury::feeds::kalshi[0m[2m:[0m Kalshi sequence gap for KXBTC15M-26APR121645-45: expected 511, got 520. Book may be out of sync.
[2m2026-04-12T20:36:30.504736Z[0m [33m WARN[0m [2mmercury::feeds::kalshi[0m[2m:[0m Kalshi sequence gap for KXETH15M-26APR121645-45: expected 520, got 525. Book may be out of sync.
[2m2026-04-12T20:36:30.552015Z[0m [33m WARN[0m [2mmercury::feeds::kalshi[0m[2m:[0m Kalshi sequence gap for KXBTC15M-26APR121645-45: expected 525, got 540. Book may be out of sync.
[2m2026-04-12T20:36:30.554218Z[0m [33m WARN[0m [2mmercury::feeds::kalshi[0m[2m:[0m Kalshi sequence gap for KXETH15M-26APR121645-45: expected 540, got 544. Book may be out of sync.
[2m2026-04-12T20:36:30.599336Z[0m [33m WARN[0m [2mmercury::feeds::kalshi[0m[2m:[0m Kalshi sequence gap for KXBTC15M-26APR121645-45: expected 544, got 549. Book may be out of sync.
[2m2026-04-12T20:36:30.612291Z[0m [34mDEBUG[0m [2mmercury::feeds::polymarket[0m[2m:[0m Unknown Polymarket event type [3mevent_type[0m[2m=[0mbest_bid_ask
[2m2026-04-12T20:36:30.705437Z[0m [33m WARN[0m [2mmercury::feeds::kalshi[0m[2m:[0m Kalshi sequence gap for KXETH15M-26APR121645-45: expected 549, got 559. Book may be out of sync.
[2m2026-04-12T20:36:30.705728Z[0m [33m WARN[0m [2mmercury::feeds::kalshi[0m[2m:[0m Kalshi sequence gap for KXSOL15M-26APR121645-45: expected 516, got 560. Book may be out of sync.
[2m2026-04-12T20:36:30.709262Z[0m [33m WARN[0m [2mmercury::feeds::kalshi[0m[2m:[0m Kalshi sequence gap for KXBTC15M-26APR121645-45: expected 559, got 562. Book may be out of sync.
[2m2026-04-12T20:36:30.857726Z[0m [33m WARN[0m [2mmercury::feeds::kalshi[0m[2m:[0m Kalshi sequence gap for KXETH15M-26APR121645-45: expected 560, got 564. Book may be out of sync.
[2m2026-04-12T20:36:30.956605Z[0m [33m WARN[0m [2mmercury::feeds::kalshi[0m[2m:[0m Kalshi sequence gap for KXBTC15M-26APR121645-45: expected 564, got 566. Book may be out of sync.
[2m2026-04-12T20:36:30.959802Z[0m [33m WARN[0m [2mmercury::feeds::kalshi[0m[2m:[0m Kalshi sequence gap for KXETH15M-26APR121645-45: expected 566, got 568. Book may be out of sync.
[2m2026-04-12T20:36:31.111344Z[0m [33m WARN[0m [2mmercury::feeds::kalshi[0m[2m:[0m Kalshi sequence gap for KXSOL15M-26APR121645-45: expected 562, got 577. Book may be out of sync.
[2m2026-04-12T20:36:31.111572Z[0m [33m WARN[0m [2mmercury::feeds::kalshi[0m[2m:[0m Kalshi sequence gap for KXBTC15M-26APR121645-45: expected 568, got 579. Book may be out of sync.
[2m2026-04-12T20:36:31.112038Z[0m [33m WARN[0m [2mmercury::feeds::kalshi[0m[2m:[0m Kalshi sequence gap for KXSOL15M-26APR121645-45: expected 579, got 580. Book may be out of sync.
[2m2026-04-12T20:36:31.112163Z[0m [33m WARN[0m [2mmercury::feeds::kalshi[0m[2m:[0m Kalshi sequence gap for KXETH15M-26APR121645-45: expected 577, got 582. Book may be out of sync.
[2m2026-04-12T20:36:31.113462Z[0m [33m WARN[0m [2mmercury::feeds::kalshi[0m[2m:[0m Kalshi sequence gap for KXBTC15M-26APR121645-45: expected 580, got 586. Book may be out of sync.
[2m2026-04-12T20:36:31.161795Z[0m [33m WARN[0m [2mmercury::feeds::kalshi[0m[2m:[0m Kalshi sequence gap for KXETH15M-26APR121645-45: expected 586, got 597. Book may be out of sync.
[2m2026-04-12T20:36:31.162016Z[0m [33m WARN[0m [2mmercury::feeds::kalshi[0m[2m:[0m Kalshi sequence gap for KXBTC15M-26APR121645-45: expected 597, got 598. Book may be out of sync.
[2m2026-04-12T20:36:31.163330Z[0m [33m WARN[0m [2mmercury::feeds::kalshi[0m[2m:[0m Kalshi sequence gap for KXETH15M-26APR121645-45: expected 598, got 602. Book may be out of sync.
[2m2026-04-12T20:36:31.163526Z[0m [33m WARN[0m [2mmercury::feeds::kalshi[0m[2m:[0m Kalshi sequence gap for KXBTC15M-26APR121645-45: expected 602, got 604. Book may be out of sync.
[2m2026-04-12T20:36:31.163791Z[0m [33m WARN[0m [2mmercury::feeds::kalshi[0m[2m:[0m Kalshi sequence gap for KXETH15M-26APR121645-45: expected 604, got 606. Book may be out of sync.
[2m2026-04-12T20:36:31.163971Z[0m [33m WARN[0m [2mmercury::feeds::kalshi[0m[2m:[0m Kalshi sequence gap for KXBTC15M-26APR121645-45: expected 606, got 608. Book may be out of sync.
[2m2026-04-12T20:36:31.220768Z[0m [33m WARN[0m [2mmercury::feeds::kalshi[0m[2m:[0m Kalshi sequence gap for KXSOL15M-26APR121645-45: expected 582, got 628. Book may be out of sync.
[2m2026-04-12T20:36:31.223110Z[0m [33m WARN[0m [2mmercury::feeds::kalshi[0m[2m:[0m Kalshi sequence gap for KXBTC15M-26APR121645-45: expected 628, got 630. Book may be out of sync.
[2m2026-04-12T20:36:31.264729Z[0m [33m WARN[0m [2mmercury::feeds::kalshi[0m[2m:[0m Kalshi sequence gap for KXETH15M-26APR121645-45: expected 608, got 637. Book may be out of sync.
[2m2026-04-12T20:36:31.271171Z[0m [33m WARN[0m [2mmercury::feeds::kalshi[0m[2m:[0m Kalshi sequence gap for KXBTC15M-26APR121645-45: expected 637, got 641. Book may be out of sync.
[2m2026-04-12T20:36:31.369956Z[0m [33m WARN[0m [2mmercury::feeds::kalshi[0m[2m:[0m Kalshi sequence gap for KXETH15M-26APR121645-45: expected 641, got 653. Book may be out of sync.
[2m2026-04-12T20:36:31.370188Z[0m [33m WARN[0m [2mmercury::feeds::kalshi[0m[2m:[0m Kalshi sequence gap for KXBTC15M-26APR121645-45: expected 653, got 655. Book may be out of sync.
[2m2026-04-12T20:36:31.371120Z[0m [33m WARN[0m [2mmercury::feeds::kalshi[0m[2m:[0m Kalshi sequence gap for KXETH15M-26APR121645-45: expected 655, got 659. Book may be out of sync.
[2m2026-04-12T20:36:31.371402Z[0m [33m WARN[0m [2mmercury::feeds::kalshi[0m[2m:[0m Kalshi sequence gap for KXBTC15M-26APR121645-45: expected 659, got 662. Book may be out of sync.
[2m2026-04-12T20:36:31.371760Z[0m [33m WARN[0m [2mmercury::feeds::kalshi[0m[2m:[0m Kalshi sequence gap for KXETH15M-26APR121645-45: expected 662, got 666. Book may be out of sync.
[2m2026-04-12T20:36:31.418033Z[0m [33m WARN[0m [2mmercury::feeds::kalshi[0m[2m:[0m Kalshi sequence gap for KXBTC15M-26APR121645-45: expected 666, got 671. Book may be out of sync.
[2m2026-04-12T20:36:31.418437Z[0m [33m WARN[0m [2mmercury::feeds::kalshi[0m[2m:[0m Kalshi sequence gap for KXETH15M-26APR121645-45: expected 671, got 675. Book may be out of sync.
[2m2026-04-12T20:36:31.418635Z[0m [33m WARN[0m [2mmercury::feeds::kalshi[0m[2m:[0m Kalshi sequence gap for KXBTC15M-26APR121645-45: expected 675, got 677. Book may be out of sync.
[2m2026-04-12T20:36:31.476265Z[0m [33m WARN[0m [2mmercury::feeds::kalshi[0m[2m:[0m Kalshi sequence gap for KXSOL15M-26APR121645-45: expected 630, got 685. Book may be out of sync.
[2m2026-04-12T20:36:31.476536Z[0m [33m WARN[0m [2mmercury::feeds::kalshi[0m[2m:[0m Kalshi sequence gap for KXETH15M-26APR121645-45: expected 677, got 689. Book may be out of sync.
[2m2026-04-12T20:36:31.476870Z[0m [33m WARN[0m [2mmercury::feeds::kalshi[0m[2m:[0m Kalshi sequence gap for KXBTC15M-26APR121645-45: expected 685, got 695. Book may be out of sync.
[2m2026-04-12T20:36:31.520914Z[0m [33m WARN[0m [2mmercury::feeds::kalshi[0m[2m:[0m Kalshi sequence gap for KXETH15M-26APR121645-45: expected 695, got 697. Book may be out of sync.
[2m2026-04-12T20:36:31.521369Z[0m [33m WARN[0m [2mmercury::feeds::kalshi[0m[2m:[0m Kalshi sequence gap for KXBTC15M-26APR121645-45: expected 697, got 704. Book may be out of sync.
[2m2026-04-12T20:36:31.521619Z[0m [33m WARN[0m [2mmercury::feeds::kalshi[0m[2m:[0m Kalshi sequence gap for KXETH15M-26APR121645-45: expected 704, got 707. Book may be out of sync.
[2m2026-04-12T20:36:31.521790Z[0m [33m WARN[0m [2mmercury::feeds::kalshi[0m[2m:[0m Kalshi sequence gap for KXBTC15M-26APR121645-45: expected 707, got 709. Book may be out of sync.
[2m2026-04-12T20:36:31.577694Z[0m [33m WARN[0m [2mmercury::feeds::kalshi[0m[2m:[0m Kalshi sequence gap for KXETH15M-26APR121645-45: expected 709, got 710. Book may be out of sync.
[2m2026-04-12T20:36:31.577961Z[0m [33m WARN[0m [2mmercury::feeds::kalshi[0m[2m:[0m Kalshi sequence gap for KXBTC15M-26APR121645-45: expected 710, got 713. Book may be out of sync.
[2m2026-04-12T20:36:31.579201Z[0m [33m WARN[0m [2mmercury::feeds::kalshi[0m[2m:[0m Kalshi sequence gap for KXETH15M-26APR121645-45: expected 713, got 726. Book may be out of sync.
[2m2026-04-12T20:36:31.623571Z[0m [33m WARN[0m [2mmercury::feeds::kalshi[0m[2m:[0m Kalshi sequence gap for KXBTC15M-26APR121645-45: expected 726, got 733. Book may be out of sync.
[2m2026-04-12T20:36:31.623709Z[0m [33m WARN[0m [2mmercury::feeds::kalshi[0m[2m:[0m Kalshi sequence gap for KXETH15M-26APR121645-45: expected 733, got 734. Book may be out of sync.
[2m2026-04-12T20:36:31.623869Z[0m [33m WARN[0m [2mmercury::feeds::kalshi[0m[2m:[0m Kalshi sequence gap for KXBTC15M-26APR121645-45: expected 734, got 737. Book may be out of sync.
[2m2026-04-12T20:36:31.639329Z[0m [33m WARN[0m [2mmercury::feeds::kalshi[0m[2m:[0m Kalshi sequence gap for KXSOL15M-26APR121645-45: expected 689, got 749. Book may be out of sync.
[2m2026-04-12T20:36:31.692564Z[0m [33m WARN[0m [2mmercury::feeds::kalshi[0m[2m:[0m Kalshi sequence gap for KXBTC15M-26APR121645-45: expected 749, got 753. Book may be out of sync.
[2m2026-04-12T20:36:31.779754Z[0m [33m WARN[0m [2mmercury::feeds::kalshi[0m[2m:[0m Kalshi sequence gap for KXETH15M-26APR121645-45: expected 737, got 756. Book may be out of sync.
[2m2026-04-12T20:36:31.780037Z[0m [33m WARN[0m [2mmercury::feeds::kalshi[0m[2m:[0m Kalshi sequence gap for KXBTC15M-26APR121645-45: expected 756, got 758. Book may be out of sync.
[2m2026-04-12T20:36:31.828426Z[0m [33m WARN[0m [2mmercury::feeds::kalshi[0m[2m:[0m Kalshi sequence gap for KXETH15M-26APR121645-45: expected 758, got 763. Book may be out of sync.
[2m2026-04-12T20:36:31.828626Z[0m [33m WARN[0m [2mmercury::feeds::kalshi[0m[2m:[0m Kalshi sequence gap for KXBTC15M-26APR121645-45: expected 763, got 765. Book may be out of sync.
[2m2026-04-12T20:36:31.828835Z[0m [33m WARN[0m [2mmercury::feeds::kalshi[0m[2m:[0m Kalshi sequence gap for KXETH15M-26APR121645-45: expected 765, got 769. Book may be out of sync.
[2m2026-04-12T20:36:31.829076Z[0m [33m WARN[0m [2mmercury::feeds::kalshi[0m[2m:[0m Kalshi sequence gap for KXBTC15M-26APR121645-45: expected 769, got 773. Book may be out of sync.
[2m2026-04-12T20:36:31.879573Z[0m [33m WARN[0m [2mmercury::feeds::kalshi[0m[2m:[0m Kalshi sequence gap for KXETH15M-26APR121645-45: expected 773, got 779. Book may be out of sync.
[2m2026-04-12T20:36:31.890709Z[0m [33m WARN[0m [2mmercury::feeds::kalshi[0m[2m:[0m Kalshi sequence gap for KXBTC15M-26APR121645-45: expected 779, got 783. Book may be out of sync.
[2m2026-04-12T20:36:31.929495Z[0m [33m WARN[0m [2mmercury::feeds::kalshi[0m[2m:[0m Kalshi sequence gap for KXSOL15M-26APR121645-45: expected 753, got 784. Book may be out of sync.
[2m2026-04-12T20:36:31.929798Z[0m [33m WARN[0m [2mmercury::feeds::kalshi[0m[2m:[0m Kalshi sequence gap for KXBTC15M-26APR121645-45: expected 784, got 788. Book may be out of sync.
[2m2026-04-12T20:36:31.929950Z[0m [34mDEBUG[0m [2mmercury::feeds::polymarket[0m[2m:[0m Unknown Polymarket event type [3mevent_type[0m[2m=[0mbest_bid_ask
[2m2026-04-12T20:36:31.929975Z[0m [33m WARN[0m [2mmercury::feeds::kalshi[0m[2m:[0m Kalshi sequence gap for KXSOL15M-26APR121645-45: expected 788, got 790. Book may be out of sync.
[2m2026-04-12T20:36:31.930140Z[0m [33m WARN[0m [2mmercury::feeds::kalshi[0m[2m:[0m Kalshi sequence gap for KXETH15M-26APR121645-45: expected 783, got 792. Book may be out of sync.
[2m2026-04-12T20:36:31.930316Z[0m [33m WARN[0m [2mmercury::feeds::kalshi[0m[2m:[0m Kalshi sequence gap for KXBTC15M-26APR121645-45: expected 790, got 794. Book may be out of sync.
[2m2026-04-12T20:36:31.930495Z[0m [33m WARN[0m [2mmercury::feeds::kalshi[0m[2m:[0m Kalshi sequence gap for KXSOL15M-26APR121645-45: expected 792, got 796. Book may be out of sync.
[2m2026-04-12T20:36:31.935571Z[0m [33m WARN[0m [2mmercury::feeds::kalshi[0m[2m:[0m Kalshi sequence gap for KXBTC15M-26APR121645-45: expected 796, got 797. Book may be out of sync.
[2m2026-04-12T20:36:31.937704Z[0m [34mDEBUG[0m [2mmercury::feeds::polymarket[0m[2m:[0m Unknown Polymarket event type [3mevent_type[0m[2m=[0mbest_bid_ask
[2m2026-04-12T20:36:31.985033Z[0m [33m WARN[0m [2mmercury::feeds::kalshi[0m[2m:[0m Kalshi sequence gap for KXETH15M-26APR121645-45: expected 794, got 798. Book may be out of sync.
[2m2026-04-12T20:36:31.985282Z[0m [33m WARN[0m [2mmercury::feeds::kalshi[0m[2m:[0m Kalshi sequence gap for KXBTC15M-26APR121645-45: expected 798, got 799. Book may be out of sync.
[2m2026-04-12T20:36:32.083469Z[0m [33m WARN[0m [2mmercury::feeds::kalshi[0m[2m:[0m Kalshi sequence gap for KXETH15M-26APR121645-45: expected 799, got 803. Book may be out of sync.
[2m2026-04-12T20:36:32.083801Z[0m [33m WARN[0m [2mmercury::feeds::kalshi[0m[2m:[0m Kalshi sequence gap for KXBTC15M-26APR121645-45: expected 803, got 808. Book may be out of sync.
[2m2026-04-12T20:36:32.146689Z[0m [33m WARN[0m [2mmercury::feeds::kalshi[0m[2m:[0m Kalshi sequence gap for KXETH15M-26APR121645-45: expected 808, got 818. Book may be out of sync.
