   Compiling mercury v0.1.0 (/Users/isaacvalerianomuniz/MERCURY)
warning: unused import: `Timelike`
  --> src/feeds/discovery.rs:39:29
   |
39 | use chrono::{DateTime, Utc, Timelike};
   |                             ^^^^^^^^
   |
   = note: `#[warn(unused_imports)]` (part of `#[warn(unused)]`) on by default

warning: `mercury` (lib) generated 1 warning (run `cargo fix --lib -p mercury` to apply 1 suggestion)
    Finished `dev` profile [unoptimized + debuginfo] target(s) in 7.09s
     Running `target/debug/mercury --dry-run -c config/dry_run.yaml`
[2m2026-04-12T20:31:09.803009Z[0m [32m INFO[0m [2mmercury[0m[2m:[0m MERCURY v0.1.0 starting...
[2m2026-04-12T20:31:09.803151Z[0m [32m INFO[0m [2mmercury[0m[2m:[0m Configuration loaded
[2m2026-04-12T20:31:09.803477Z[0m [32m INFO[0m [2mmercury[0m[2m:[0m Secure environment injected from .env
[2m2026-04-12T20:31:09.803577Z[0m [32m INFO[0m [2mmercury[0m[2m:[0m Executing Ahead-of-Time (AOT) pre-flight checks...
[2m2026-04-12T20:31:10.408139Z[0m [32m INFO[0m [2mmercury[0m[2m:[0m All AOT pre-flight checks passed successfully.
[2m2026-04-12T20:31:10.408457Z[0m [32m INFO[0m [2mmercury[0m[2m:[0m All pre-flight checks passed.
[2m2026-04-12T20:31:10.415273Z[0m [32m INFO[0m [2mmercury::db::sqlite[0m[2m:[0m Database schema version validated: 2
[2m2026-04-12T20:31:10.415679Z[0m [32m INFO[0m [2mmercury[0m[2m:[0m Database initialized via SQLx
[2m2026-04-12T20:31:10.425180Z[0m [32m INFO[0m [2mmercury[0m[2m:[0m Telegram alerts enabled (MERCURY_NOTIFICATION bot)
[2m2026-04-12T20:31:10.425241Z[0m [32m INFO[0m [2mmercury::telegram::alerts[0m[2m:[0m Telegram alert service started
[2m2026-04-12T20:31:10.425331Z[0m [32m INFO[0m [2mmercury[0m[2m:[0m Telegram daily reports & command polling enabled (MERCURY_DAILYBOT)
[2m2026-04-12T20:31:10.425354Z[0m [32m INFO[0m [2mmercury::telegram::reports[0m[2m:[0m Telegram report & command service started
[2m2026-04-12T20:31:10.425894Z[0m [32m INFO[0m [2mmercury[0m[2m:[0m Recovered circuit breaker state from 0 recent trades
[2m2026-04-12T20:31:10.426347Z[0m [32m INFO[0m [2mmercury::risk::bankroll[0m[2m:[0m Bankroll state restored from DB [3mcumulative_profit[0m[2m=[0m0
[2m2026-04-12T20:31:10.427704Z[0m [32m INFO[0m [2mmercury::crypto::eip712[0m[2m:[0m Polymarket signer initialized [3maddress[0m[2m=[0m0x450760C560721D88205bAcc242523f18838A7dfe [3mchain_id[0m[2m=[0m137
[2m2026-04-12T20:31:10.427868Z[0m [32m INFO[0m [2mmercury[0m[2m:[0m Polymarket client initialized [3maddress[0m[2m=[0m0x450760C560721D88205bAcc242523f18838A7dfe
[2m2026-04-12T20:31:10.430174Z[0m [32m INFO[0m [2mmercury::crypto::jwt[0m[2m:[0m Kalshi auth initialized [3mapi_key_id[0m[2m=[0m88a3b3aa-8fb9-4ecd-ab56-1c642d32ed51
[2m2026-04-12T20:31:10.430245Z[0m [32m INFO[0m [2mmercury[0m[2m:[0m Kalshi client initialized
[2m2026-04-12T20:31:10.430330Z[0m [32m INFO[0m [2mmercury[0m[2m:[0m Polymarket execution: ENABLED
[2m2026-04-12T20:31:10.430388Z[0m [32m INFO[0m [2mmercury[0m[2m:[0m Kalshi execution: ENABLED
[2m2026-04-12T20:31:10.430537Z[0m [32m INFO[0m [2mmercury::execution::executor[0m[2m:[0m Execution engine started
[2m2026-04-12T20:31:10.430575Z[0m [32m INFO[0m [2mmercury::inventory::positions[0m[2m:[0m Position tracker started
[2m2026-04-12T20:31:10.430641Z[0m [32m INFO[0m [2mmercury::inventory::settlement[0m[2m:[0m Settlement monitor started
[2m2026-04-12T20:31:10.430660Z[0m [32m INFO[0m [2mmercury::inventory::unwind_watchdog[0m[2m:[0m Unwind watchdog started
[2m2026-04-12T20:31:10.430647Z[0m [32m INFO[0m [2mmercury::inventory::reconciler[0m[2m:[0m Reconciler started [3minterval_secs[0m[2m=[0m60
[2m2026-04-12T20:31:10.430727Z[0m [32m INFO[0m [2mmercury::monitoring::gas_oracle[0m[2m:[0m Gas oracle started (first fetch is immediate) [3minterval_secs[0m[2m=[0m15 [3mrpc_url[0m[2m=[0mhttps://rpc.ankr.com/polygon
[2m2026-04-12T20:31:10.430754Z[0m [32m INFO[0m [2mmercury::monitoring::health[0m[2m:[0m Health + Prometheus metrics server listening [3maddr[0m[2m=[0m"127.0.0.1:9091"
[2m2026-04-12T20:31:10.430744Z[0m [32m INFO[0m [2mmercury::monitoring::backup[0m[2m:[0m DB backup task started [3minterval_secs[0m[2m=[0m21600 [3mdir[0m[2m=[0mbackups
[2m2026-04-12T20:31:10.432696Z[0m [32m INFO[0m [2mmercury::crypto::jwt[0m[2m:[0m Kalshi auth initialized [3mapi_key_id[0m[2m=[0m88a3b3aa-8fb9-4ecd-ab56-1c642d32ed51
[2m2026-04-12T20:31:10.432926Z[0m [32m INFO[0m [2mmercury::feeds::discovery[0m[2m:[0m Market discovery started [3minterval_secs[0m[2m=[0m30
[2m2026-04-12T20:31:10.432981Z[0m [32m INFO[0m [2mmercury[0m[2m:[0m Config hot-reload watcher active on config/dry_run.yaml
[2m2026-04-12T20:31:10.437098Z[0m [32m INFO[0m [2mmercury::feeds::base[0m[2m:[0m Connecting feed handler [3mplatform[0m[2m=[0mPolymarket
[2m2026-04-12T20:31:10.437222Z[0m [32m INFO[0m [2mmercury::feeds::polymarket[0m[2m:[0m Connecting to Polymarket WebSocket [3murl[0m[2m=[0m"wss://ws-subscriptions-clob.polymarket.com/ws/market"
[2m2026-04-12T20:31:10.438713Z[0m [32m INFO[0m [2mmercury::crypto::jwt[0m[2m:[0m Kalshi auth initialized [3mapi_key_id[0m[2m=[0m88a3b3aa-8fb9-4ecd-ab56-1c642d32ed51
[2m2026-04-12T20:31:10.439553Z[0m [32m INFO[0m [2mmercury::monitoring::backup[0m[2m:[0m Database backup completed [3mpath[0m[2m=[0m/Users/isaacvalerianomuniz/MERCURY/backups/mercury_backup_20260412_203110.db
[2m2026-04-12T20:31:10.439751Z[0m [32m INFO[0m [2mmercury[0m[2m:[0m All subsystems initialized. MERCURY engine running. Press Ctrl+C to shutdown.
[2m2026-04-12T20:31:10.439785Z[0m [32m INFO[0m [2mmercury::feeds::base[0m[2m:[0m Connecting feed handler [3mplatform[0m[2m=[0mKalshi
[2m2026-04-12T20:31:10.439860Z[0m [32m INFO[0m [2mmercury::feeds::kalshi[0m[2m:[0m Connecting to Kalshi WebSocket: wss://api.elections.kalshi.com/trade-api/ws/v2
[2m2026-04-12T20:31:10.439926Z[0m [32m INFO[0m [2mmercury::monitoring::backup[0m[2m:[0m Pruned old backup [3mpath[0m[2m=[0m"backups/mercury_backup_20260412_200429.db"
[2m2026-04-12T20:31:10.440072Z[0m [32m INFO[0m [2mmercury[0m[2m:[0m Daily report scheduled [3mdelay_secs[0m[2m=[0m1729 [3mhour_utc[0m[2m=[0m21
[2m2026-04-12T20:31:10.441253Z[0m [32m INFO[0m [2mmercury[0m[2m:[0m Seeded market registry from DB [3mcount[0m[2m=[0m24
[2m2026-04-12T20:31:10.441423Z[0m [32m INFO[0m [2mmercury[0m[2m:[0m Feed connected — Arbs involving platform restored [3mplatform[0m[2m=[0mPolymarket
[2m2026-04-12T20:31:10.441495Z[0m [32m INFO[0m [2mmercury[0m[2m:[0m Feed connected — Arbs involving platform restored [3mplatform[0m[2m=[0mKalshi
[2m2026-04-12T20:31:10.441593Z[0m [32m INFO[0m [2mmercury[0m[2m:[0m Evicted stale/expired markets from registry [3mcount[0m[2m=[0m4
[2m2026-04-12T20:31:10.442202Z[0m [32m INFO[0m [2mmercury[0m[2m:[0m === MERCURY STATUS === [3mregistered_markets[0m[2m=[0m20 [3marb_pairs[0m[2m=[0m4 [3mactive_actors[0m[2m=[0m0 [3mopen_positions[0m[2m=[0m0 [3min_flight_trades[0m[2m=[0m0 [3mbankroll[0m[2m=[0m10000.00 [3mdaily_pnl[0m[2m=[0m0 [3mopps_detected[0m[2m=[0m0 [3mopps_passed[0m[2m=[0m0 [3mgate1_below_spread[0m[2m=[0m0 [3mgate2_low_liquidity[0m[2m=[0m0 [3mgate3_stale_data[0m[2m=[0m0 [3mgate4_low_confidence[0m[2m=[0m0 [3mgate5_capacity[0m[2m=[0m0
[2m2026-04-12T20:31:10.442303Z[0m [33m WARN[0m [2mmercury[0m[2m:[0m No active MarketActors — feeds have not sent any ticks yet. Check WebSocket connections. [3mregistered_markets[0m[2m=[0m20
[2m2026-04-12T20:31:11.012325Z[0m [32m INFO[0m [2mmercury::monitoring::gas_oracle[0m[2m:[0m Polygon gas price updated [3mgwei[0m[2m=[0m157 [3mprev_gwei[0m[2m=[0m50
[2m2026-04-12T20:31:11.114217Z[0m [32m INFO[0m [2mmercury::feeds::polymarket[0m[2m:[0m Subscribed to Polymarket markets [3mcount[0m[2m=[0m24
[2m2026-04-12T20:31:11.115034Z[0m [32m INFO[0m [2mmercury::feeds::discovery[0m[2m:[0m 15m crypto round matched [3masset[0m[2m=[0mbtc [3mround_start[0m[2m=[0m1776025800 [3mpoly[0m[2m=[0mtrue [3mkalshi[0m[2m=[0mtrue
[2m2026-04-12T20:31:11.228387Z[0m [32m INFO[0m [2mmercury::feeds::kalshi[0m[2m:[0m Subscribed to Kalshi markets [3mcount[0m[2m=[0m8
[2m2026-04-12T20:31:11.266593Z[0m [32m INFO[0m [2mmercury[0m[2m:[0m First tick for market — spawning MarketActor [3mmarket_id[0m[2m=[0m79e1f598-7189-438f-a66e-b184b04be477 [3mplatform[0m[2m=[0mPolymarket [3mactive_actors[0m[2m=[0m1
[2m2026-04-12T20:31:11.266831Z[0m [32m INFO[0m [2mmercury[0m[2m:[0m First tick for market — spawning MarketActor [3mmarket_id[0m[2m=[0m9046452d-bcb3-4bb8-8925-8924b7439992 [3mplatform[0m[2m=[0mPolymarket [3mactive_actors[0m[2m=[0m2
[2m2026-04-12T20:31:11.266855Z[0m [34mDEBUG[0m [2mmercury::engine::market_actor[0m[2m:[0m MarketActor started [3mmarket_id[0m[2m=[0m79e1f598-7189-438f-a66e-b184b04be477
[2m2026-04-12T20:31:11.266981Z[0m [32m INFO[0m [2mmercury[0m[2m:[0m First tick for market — spawning MarketActor [3mmarket_id[0m[2m=[0m189bf673-b643-45a5-be39-c4a3275d71a0 [3mplatform[0m[2m=[0mPolymarket [3mactive_actors[0m[2m=[0m3
[2m2026-04-12T20:31:11.266979Z[0m [34mDEBUG[0m [2mmercury::engine::market_actor[0m[2m:[0m Tick received — running arb detection [3mmarket_id[0m[2m=[0m79e1f598-7189-438f-a66e-b184b04be477 [3mplatform[0m[2m=[0mPolymarket [3mbid[0m[2m=[0m0.45 [3mask[0m[2m=[0m0.47 [3mmid[0m[2m=[0m0.46 [3mbid_size[0m[2m=[0m5.04 [3mask_size[0m[2m=[0m66.74
[2m2026-04-12T20:31:11.266999Z[0m [34mDEBUG[0m [2mmercury::engine::market_actor[0m[2m:[0m MarketActor started [3mmarket_id[0m[2m=[0m9046452d-bcb3-4bb8-8925-8924b7439992
[2m2026-04-12T20:31:11.267127Z[0m [32m INFO[0m [2mmercury[0m[2m:[0m First tick for market — spawning MarketActor [3mmarket_id[0m[2m=[0m2285bae6-253b-4085-b0d1-0af34b5530b6 [3mplatform[0m[2m=[0mPolymarket [3mactive_actors[0m[2m=[0m4
[2m2026-04-12T20:31:11.267139Z[0m [34mDEBUG[0m [2mmercury::engine::market_actor[0m[2m:[0m MarketActor started [3mmarket_id[0m[2m=[0m189bf673-b643-45a5-be39-c4a3275d71a0
[2m2026-04-12T20:31:11.267189Z[0m [34mDEBUG[0m [2mmercury::engine::market_actor[0m[2m:[0m Tick received — running arb detection [3mmarket_id[0m[2m=[0m9046452d-bcb3-4bb8-8925-8924b7439992 [3mplatform[0m[2m=[0mPolymarket [3mbid[0m[2m=[0m0.56 [3mask[0m[2m=[0m0.57 [3mmid[0m[2m=[0m0.5650 [3mbid_size[0m[2m=[0m187.8 [3mask_size[0m[2m=[0m94.77
[2m2026-04-12T20:31:11.267268Z[0m [32m INFO[0m [2mmercury[0m[2m:[0m First tick for market — spawning MarketActor [3mmarket_id[0m[2m=[0m39a28b31-a7f7-4e16-b2f1-1e1948be289c [3mplatform[0m[2m=[0mPolymarket [3mactive_actors[0m[2m=[0m5
[2m2026-04-12T20:31:11.267297Z[0m [34mDEBUG[0m [2mmercury::engine::market_actor[0m[2m:[0m MarketActor started [3mmarket_id[0m[2m=[0m2285bae6-253b-4085-b0d1-0af34b5530b6
[2m2026-04-12T20:31:11.267264Z[0m [34mDEBUG[0m [2mmercury::engine::market_actor[0m[2m:[0m Tick received — running arb detection [3mmarket_id[0m[2m=[0m189bf673-b643-45a5-be39-c4a3275d71a0 [3mplatform[0m[2m=[0mPolymarket [3mbid[0m[2m=[0m0.99 [3mask[0m[2m=[0m0 [3mmid[0m[2m=[0m0.99 [3mbid_size[0m[2m=[0m931730.54 [3mask_size[0m[2m=[0m0
[2m2026-04-12T20:31:11.267411Z[0m [32m INFO[0m [2mmercury[0m[2m:[0m First tick for market — spawning MarketActor [3mmarket_id[0m[2m=[0m2b958b37-9921-40b8-b22d-64a67138ae70 [3mplatform[0m[2m=[0mPolymarket [3mactive_actors[0m[2m=[0m6
[2m2026-04-12T20:31:11.267436Z[0m [34mDEBUG[0m [2mmercury::engine::market_actor[0m[2m:[0m MarketActor started [3mmarket_id[0m[2m=[0m39a28b31-a7f7-4e16-b2f1-1e1948be289c
[2m2026-04-12T20:31:11.267405Z[0m [34mDEBUG[0m [2mmercury::engine::market_actor[0m[2m:[0m Tick received — running arb detection [3mmarket_id[0m[2m=[0m2285bae6-253b-4085-b0d1-0af34b5530b6 [3mplatform[0m[2m=[0mPolymarket [3mbid[0m[2m=[0m0.999 [3mask[0m[2m=[0m0 [3mmid[0m[2m=[0m0.999 [3mbid_size[0m[2m=[0m438968.75 [3mask_size[0m[2m=[0m0
[2m2026-04-12T20:31:11.267541Z[0m [34mDEBUG[0m [2mmercury::engine::market_actor[0m[2m:[0m Tick received — running arb detection [3mmarket_id[0m[2m=[0m39a28b31-a7f7-4e16-b2f1-1e1948be289c [3mplatform[0m[2m=[0mPolymarket [3mbid[0m[2m=[0m0.99 [3mask[0m[2m=[0m0 [3mmid[0m[2m=[0m0.99 [3mbid_size[0m[2m=[0m711089.74 [3mask_size[0m[2m=[0m0
[2m2026-04-12T20:31:11.267627Z[0m [34mDEBUG[0m [2mmercury::engine::market_actor[0m[2m:[0m MarketActor started [3mmarket_id[0m[2m=[0m2b958b37-9921-40b8-b22d-64a67138ae70
[2m2026-04-12T20:31:11.267632Z[0m [32m INFO[0m [2mmercury[0m[2m:[0m First tick for market — spawning MarketActor [3mmarket_id[0m[2m=[0m631deb8c-fbb4-489e-818e-ae698f57f50b [3mplatform[0m[2m=[0mPolymarket [3mactive_actors[0m[2m=[0m7
[2m2026-04-12T20:31:11.267724Z[0m [34mDEBUG[0m [2mmercury::engine::market_actor[0m[2m:[0m Tick received — running arb detection [3mmarket_id[0m[2m=[0m2b958b37-9921-40b8-b22d-64a67138ae70 [3mplatform[0m[2m=[0mPolymarket [3mbid[0m[2m=[0m0.56 [3mask[0m[2m=[0m0.6 [3mmid[0m[2m=[0m0.58 [3mbid_size[0m[2m=[0m61.27 [3mask_size[0m[2m=[0m6.72
[2m2026-04-12T20:31:11.267798Z[0m [34mDEBUG[0m [2mmercury::engine::market_actor[0m[2m:[0m MarketActor started [3mmarket_id[0m[2m=[0m631deb8c-fbb4-489e-818e-ae698f57f50b
[2m2026-04-12T20:31:11.267801Z[0m [32m INFO[0m [2mmercury[0m[2m:[0m First tick for market — spawning MarketActor [3mmarket_id[0m[2m=[0mbc548cd4-ced9-48e8-b131-410c92fb3a0e [3mplatform[0m[2m=[0mPolymarket [3mactive_actors[0m[2m=[0m8
[2m2026-04-12T20:31:11.267919Z[0m [34mDEBUG[0m [2mmercury::engine::market_actor[0m[2m:[0m Tick received — running arb detection [3mmarket_id[0m[2m=[0m631deb8c-fbb4-489e-818e-ae698f57f50b [3mplatform[0m[2m=[0mPolymarket [3mbid[0m[2m=[0m0.62 [3mask[0m[2m=[0m0.63 [3mmid[0m[2m=[0m0.6250 [3mbid_size[0m[2m=[0m88.39 [3mask_size[0m[2m=[0m38
[2m2026-04-12T20:31:11.268044Z[0m [34mDEBUG[0m [2mmercury::engine::market_actor[0m[2m:[0m MarketActor started [3mmarket_id[0m[2m=[0mbc548cd4-ced9-48e8-b131-410c92fb3a0e
[2m2026-04-12T20:31:11.268065Z[0m [34mDEBUG[0m [2mmercury::engine::market_actor[0m[2m:[0m Tick received — running arb detection [3mmarket_id[0m[2m=[0m631deb8c-fbb4-489e-818e-ae698f57f50b [3mplatform[0m[2m=[0mPolymarket [3mbid[0m[2m=[0m0.62 [3mask[0m[2m=[0m0.63 [3mmid[0m[2m=[0m0.6250 [3mbid_size[0m[2m=[0m88.39 [3mask_size[0m[2m=[0m38
[2m2026-04-12T20:31:11.268151Z[0m [34mDEBUG[0m [2mmercury::engine::market_actor[0m[2m:[0m Tick received — running arb detection [3mmarket_id[0m[2m=[0mbc548cd4-ced9-48e8-b131-410c92fb3a0e [3mplatform[0m[2m=[0mPolymarket [3mbid[0m[2m=[0m0.99 [3mask[0m[2m=[0m0 [3mmid[0m[2m=[0m0.99 [3mbid_size[0m[2m=[0m679989.28 [3mask_size[0m[2m=[0m0
[2m2026-04-12T20:31:11.268201Z[0m [34mDEBUG[0m [2mmercury::engine::market_actor[0m[2m:[0m Tick received — running arb detection [3mmarket_id[0m[2m=[0m631deb8c-fbb4-489e-818e-ae698f57f50b [3mplatform[0m[2m=[0mPolymarket [3mbid[0m[2m=[0m0.62 [3mask[0m[2m=[0m0.63 [3mmid[0m[2m=[0m0.6250 [3mbid_size[0m[2m=[0m88.39 [3mask_size[0m[2m=[0m38
[2m2026-04-12T20:31:11.268335Z[0m [34mDEBUG[0m [2mmercury::engine::market_actor[0m[2m:[0m Tick received — running arb detection [3mmarket_id[0m[2m=[0m631deb8c-fbb4-489e-818e-ae698f57f50b [3mplatform[0m[2m=[0mPolymarket [3mbid[0m[2m=[0m0.62 [3mask[0m[2m=[0m0.63 [3mmid[0m[2m=[0m0.6250 [3mbid_size[0m[2m=[0m88.39 [3mask_size[0m[2m=[0m38
[2m2026-04-12T20:31:11.268475Z[0m [34mDEBUG[0m [2mmercury::engine::market_actor[0m[2m:[0m Tick received — running arb detection [3mmarket_id[0m[2m=[0m631deb8c-fbb4-489e-818e-ae698f57f50b [3mplatform[0m[2m=[0mPolymarket [3mbid[0m[2m=[0m0.62 [3mask[0m[2m=[0m0.63 [3mmid[0m[2m=[0m0.6250 [3mbid_size[0m[2m=[0m88.39 [3mask_size[0m[2m=[0m38
[2m2026-04-12T20:31:11.268580Z[0m [34mDEBUG[0m [2mmercury::engine::market_actor[0m[2m:[0m Tick received — running arb detection [3mmarket_id[0m[2m=[0m9046452d-bcb3-4bb8-8925-8924b7439992 [3mplatform[0m[2m=[0mPolymarket [3mbid[0m[2m=[0m0.56 [3mask[0m[2m=[0m0.57 [3mmid[0m[2m=[0m0.5650 [3mbid_size[0m[2m=[0m187.8 [3mask_size[0m[2m=[0m94.77
[2m2026-04-12T20:31:11.268632Z[0m [34mDEBUG[0m [2mmercury::engine::market_actor[0m[2m:[0m Tick received — running arb detection [3mmarket_id[0m[2m=[0m631deb8c-fbb4-489e-818e-ae698f57f50b [3mplatform[0m[2m=[0mPolymarket [3mbid[0m[2m=[0m0.62 [3mask[0m[2m=[0m0.63 [3mmid[0m[2m=[0m0.6250 [3mbid_size[0m[2m=[0m88.39 [3mask_size[0m[2m=[0m38
[2m2026-04-12T20:31:11.268742Z[0m [34mDEBUG[0m [2mmercury::engine::market_actor[0m[2m:[0m Tick received — running arb detection [3mmarket_id[0m[2m=[0m9046452d-bcb3-4bb8-8925-8924b7439992 [3mplatform[0m[2m=[0mPolymarket [3mbid[0m[2m=[0m0.56 [3mask[0m[2m=[0m0.57 [3mmid[0m[2m=[0m0.5650 [3mbid_size[0m[2m=[0m187.8 [3mask_size[0m[2m=[0m94.77
[2m2026-04-12T20:31:11.268765Z[0m [34mDEBUG[0m [2mmercury::engine::market_actor[0m[2m:[0m Tick received — running arb detection [3mmarket_id[0m[2m=[0m631deb8c-fbb4-489e-818e-ae698f57f50b [3mplatform[0m[2m=[0mPolymarket [3mbid[0m[2m=[0m0.62 [3mask[0m[2m=[0m0.63 [3mmid[0m[2m=[0m0.6250 [3mbid_size[0m[2m=[0m88.39 [3mask_size[0m[2m=[0m38
[2m2026-04-12T20:31:11.268886Z[0m [34mDEBUG[0m [2mmercury::engine::market_actor[0m[2m:[0m Tick received — running arb detection [3mmarket_id[0m[2m=[0m9046452d-bcb3-4bb8-8925-8924b7439992 [3mplatform[0m[2m=[0mPolymarket [3mbid[0m[2m=[0m0.56 [3mask[0m[2m=[0m0.57 [3mmid[0m[2m=[0m0.5650 [3mbid_size[0m[2m=[0m187.8 [3mask_size[0m[2m=[0m36.77
[2m2026-04-12T20:31:11.268897Z[0m [34mDEBUG[0m [2mmercury::engine::market_actor[0m[2m:[0m Tick received — running arb detection [3mmarket_id[0m[2m=[0m631deb8c-fbb4-489e-818e-ae698f57f50b [3mplatform[0m[2m=[0mPolymarket [3mbid[0m[2m=[0m0.62 [3mask[0m[2m=[0m0.63 [3mmid[0m[2m=[0m0.6250 [3mbid_size[0m[2m=[0m88.39 [3mask_size[0m[2m=[0m38
[2m2026-04-12T20:31:11.269036Z[0m [34mDEBUG[0m [2mmercury::engine::market_actor[0m[2m:[0m Tick received — running arb detection [3mmarket_id[0m[2m=[0m9046452d-bcb3-4bb8-8925-8924b7439992 [3mplatform[0m[2m=[0mPolymarket [3mbid[0m[2m=[0m0.56 [3mask[0m[2m=[0m0.57 [3mmid[0m[2m=[0m0.5650 [3mbid_size[0m[2m=[0m187.8 [3mask_size[0m[2m=[0m36.77
[2m2026-04-12T20:31:11.269047Z[0m [34mDEBUG[0m [2mmercury::engine::market_actor[0m[2m:[0m Tick received — running arb detection [3mmarket_id[0m[2m=[0m631deb8c-fbb4-489e-818e-ae698f57f50b [3mplatform[0m[2m=[0mPolymarket [3mbid[0m[2m=[0m0.62 [3mask[0m[2m=[0m0.63 [3mmid[0m[2m=[0m0.6250 [3mbid_size[0m[2m=[0m88.39 [3mask_size[0m[2m=[0m38
[2m2026-04-12T20:31:11.269185Z[0m [34mDEBUG[0m [2mmercury::engine::market_actor[0m[2m:[0m Tick received — running arb detection [3mmarket_id[0m[2m=[0m9046452d-bcb3-4bb8-8925-8924b7439992 [3mplatform[0m[2m=[0mPolymarket [3mbid[0m[2m=[0m0.56 [3mask[0m[2m=[0m0.57 [3mmid[0m[2m=[0m0.5650 [3mbid_size[0m[2m=[0m187.8 [3mask_size[0m[2m=[0m36.77
[2m2026-04-12T20:31:11.269208Z[0m [34mDEBUG[0m [2mmercury::engine::market_actor[0m[2m:[0m Tick received — running arb detection [3mmarket_id[0m[2m=[0m631deb8c-fbb4-489e-818e-ae698f57f50b [3mplatform[0m[2m=[0mPolymarket [3mbid[0m[2m=[0m0.62 [3mask[0m[2m=[0m0.63 [3mmid[0m[2m=[0m0.6250 [3mbid_size[0m[2m=[0m88.39 [3mask_size[0m[2m=[0m38
[2m2026-04-12T20:31:11.269344Z[0m [34mDEBUG[0m [2mmercury::engine::market_actor[0m[2m:[0m Tick received — running arb detection [3mmarket_id[0m[2m=[0m631deb8c-fbb4-489e-818e-ae698f57f50b [3mplatform[0m[2m=[0mPolymarket [3mbid[0m[2m=[0m0.62 [3mask[0m[2m=[0m0.63 [3mmid[0m[2m=[0m0.6250 [3mbid_size[0m[2m=[0m88.39 [3mask_size[0m[2m=[0m38
[2m2026-04-12T20:31:11.269497Z[0m [34mDEBUG[0m [2mmercury::engine::market_actor[0m[2m:[0m Tick received — running arb detection [3mmarket_id[0m[2m=[0m631deb8c-fbb4-489e-818e-ae698f57f50b [3mplatform[0m[2m=[0mPolymarket [3mbid[0m[2m=[0m0.62 [3mask[0m[2m=[0m0.63 [3mmid[0m[2m=[0m0.6250 [3mbid_size[0m[2m=[0m128.39 [3mask_size[0m[2m=[0m38
[2m2026-04-12T20:31:11.269638Z[0m [34mDEBUG[0m [2mmercury::engine::market_actor[0m[2m:[0m Tick received — running arb detection [3mmarket_id[0m[2m=[0m631deb8c-fbb4-489e-818e-ae698f57f50b [3mplatform[0m[2m=[0mPolymarket [3mbid[0m[2m=[0m0.62 [3mask[0m[2m=[0m0.63 [3mmid[0m[2m=[0m0.6250 [3mbid_size[0m[2m=[0m128.39 [3mask_size[0m[2m=[0m38
[2m2026-04-12T20:31:11.269787Z[0m [34mDEBUG[0m [2mmercury::engine::market_actor[0m[2m:[0m Tick received — running arb detection [3mmarket_id[0m[2m=[0m631deb8c-fbb4-489e-818e-ae698f57f50b [3mplatform[0m[2m=[0mPolymarket [3mbid[0m[2m=[0m0.62 [3mask[0m[2m=[0m0.63 [3mmid[0m[2m=[0m0.6250 [3mbid_size[0m[2m=[0m128.39 [3mask_size[0m[2m=[0m38
[2m2026-04-12T20:31:11.269913Z[0m [34mDEBUG[0m [2mmercury::engine::market_actor[0m[2m:[0m Tick received — running arb detection [3mmarket_id[0m[2m=[0m631deb8c-fbb4-489e-818e-ae698f57f50b [3mplatform[0m[2m=[0mPolymarket [3mbid[0m[2m=[0m0.62 [3mask[0m[2m=[0m0.63 [3mmid[0m[2m=[0m0.6250 [3mbid_size[0m[2m=[0m128.39 [3mask_size[0m[2m=[0m38
[2m2026-04-12T20:31:11.270038Z[0m [34mDEBUG[0m [2mmercury::engine::market_actor[0m[2m:[0m Tick received — running arb detection [3mmarket_id[0m[2m=[0m631deb8c-fbb4-489e-818e-ae698f57f50b [3mplatform[0m[2m=[0mPolymarket [3mbid[0m[2m=[0m0.62 [3mask[0m[2m=[0m0.63 [3mmid[0m[2m=[0m0.6250 [3mbid_size[0m[2m=[0m128.39 [3mask_size[0m[2m=[0m38
[2m2026-04-12T20:31:11.270163Z[0m [34mDEBUG[0m [2mmercury::engine::market_actor[0m[2m:[0m Tick received — running arb detection [3mmarket_id[0m[2m=[0m631deb8c-fbb4-489e-818e-ae698f57f50b [3mplatform[0m[2m=[0mPolymarket [3mbid[0m[2m=[0m0.62 [3mask[0m[2m=[0m0.63 [3mmid[0m[2m=[0m0.6250 [3mbid_size[0m[2m=[0m128.39 [3mask_size[0m[2m=[0m33
[2m2026-04-12T20:31:11.270289Z[0m [34mDEBUG[0m [2mmercury::engine::market_actor[0m[2m:[0m Tick received — running arb detection [3mmarket_id[0m[2m=[0m631deb8c-fbb4-489e-818e-ae698f57f50b [3mplatform[0m[2m=[0mPolymarket [3mbid[0m[2m=[0m0.62 [3mask[0m[2m=[0m0.63 [3mmid[0m[2m=[0m0.6250 [3mbid_size[0m[2m=[0m128.39 [3mask_size[0m[2m=[0m33
[2m2026-04-12T20:31:11.270414Z[0m [34mDEBUG[0m [2mmercury::engine::market_actor[0m[2m:[0m Tick received — running arb detection [3mmarket_id[0m[2m=[0m631deb8c-fbb4-489e-818e-ae698f57f50b [3mplatform[0m[2m=[0mPolymarket [3mbid[0m[2m=[0m0.62 [3mask[0m[2m=[0m0.63 [3mmid[0m[2m=[0m0.6250 [3mbid_size[0m[2m=[0m128.39 [3mask_size[0m[2m=[0m8
[2m2026-04-12T20:31:11.270556Z[0m [34mDEBUG[0m [2mmercury::engine::market_actor[0m[2m:[0m Tick received — running arb detection [3mmarket_id[0m[2m=[0m631deb8c-fbb4-489e-818e-ae698f57f50b [3mplatform[0m[2m=[0mPolymarket [3mbid[0m[2m=[0m0.62 [3mask[0m[2m=[0m0.63 [3mmid[0m[2m=[0m0.6250 [3mbid_size[0m[2m=[0m133.39 [3mask_size[0m[2m=[0m8
[2m2026-04-12T20:31:11.270676Z[0m [34mDEBUG[0m [2mmercury::engine::market_actor[0m[2m:[0m Tick received — running arb detection [3mmarket_id[0m[2m=[0m631deb8c-fbb4-489e-818e-ae698f57f50b [3mplatform[0m[2m=[0mPolymarket [3mbid[0m[2m=[0m0.62 [3mask[0m[2m=[0m0.63 [3mmid[0m[2m=[0m0.6250 [3mbid_size[0m[2m=[0m133.39 [3mask_size[0m[2m=[0m8
[2m2026-04-12T20:31:11.270796Z[0m [34mDEBUG[0m [2mmercury::engine::market_actor[0m[2m:[0m Tick received — running arb detection [3mmarket_id[0m[2m=[0m631deb8c-fbb4-489e-818e-ae698f57f50b [3mplatform[0m[2m=[0mPolymarket [3mbid[0m[2m=[0m0.62 [3mask[0m[2m=[0m0.63 [3mmid[0m[2m=[0m0.6250 [3mbid_size[0m[2m=[0m133.39 [3mask_size[0m[2m=[0m8
[2m2026-04-12T20:31:11.270927Z[0m [34mDEBUG[0m [2mmercury::engine::market_actor[0m[2m:[0m Tick received — running arb detection [3mmarket_id[0m[2m=[0m631deb8c-fbb4-489e-818e-ae698f57f50b [3mplatform[0m[2m=[0mPolymarket [3mbid[0m[2m=[0m0.62 [3mask[0m[2m=[0m0.63 [3mmid[0m[2m=[0m0.6250 [3mbid_size[0m[2m=[0m133.39 [3mask_size[0m[2m=[0m8
[2m2026-04-12T20:31:11.347361Z[0m [34mDEBUG[0m [2mmercury::feeds::discovery[0m[2m:[0m No Kalshi 15m market found for this round [3masset[0m[2m=[0m"btc" [3mround_start_ts[0m[2m=[0m1776026700 [3mtarget_close[0m[2m=[0m1776027600
[2m2026-04-12T20:31:11.347620Z[0m [32m INFO[0m [2mmercury::feeds::discovery[0m[2m:[0m 15m crypto round matched [3masset[0m[2m=[0mbtc [3mround_start[0m[2m=[0m1776026700 [3mpoly[0m[2m=[0mtrue [3mkalshi[0m[2m=[0mfalse
[2m2026-04-12T20:31:11.347729Z[0m [34mDEBUG[0m [2mmercury::engine::market_actor[0m[2m:[0m Tick received — running arb detection [3mmarket_id[0m[2m=[0m2b958b37-9921-40b8-b22d-64a67138ae70 [3mplatform[0m[2m=[0mPolymarket [3mbid[0m[2m=[0m0.56 [3mask[0m[2m=[0m0.6 [3mmid[0m[2m=[0m0.58 [3mbid_size[0m[2m=[0m61.27 [3mask_size[0m[2m=[0m6.72
[2m2026-04-12T20:31:11.347770Z[0m [34mDEBUG[0m [2mmercury::engine::market_actor[0m[2m:[0m Tick received — running arb detection [3mmarket_id[0m[2m=[0m631deb8c-fbb4-489e-818e-ae698f57f50b [3mplatform[0m[2m=[0mPolymarket [3mbid[0m[2m=[0m0.62 [3mask[0m[2m=[0m0.63 [3mmid[0m[2m=[0m0.6250 [3mbid_size[0m[2m=[0m133.39 [3mask_size[0m[2m=[0m8
[2m2026-04-12T20:31:11.347984Z[0m [34mDEBUG[0m [2mmercury::engine::market_actor[0m[2m:[0m Tick received — running arb detection [3mmarket_id[0m[2m=[0m631deb8c-fbb4-489e-818e-ae698f57f50b [3mplatform[0m[2m=[0mPolymarket [3mbid[0m[2m=[0m0.62 [3mask[0m[2m=[0m0.63 [3mmid[0m[2m=[0m0.6250 [3mbid_size[0m[2m=[0m133.39 [3mask_size[0m[2m=[0m8
[2m2026-04-12T20:31:11.348178Z[0m [34mDEBUG[0m [2mmercury::engine::market_actor[0m[2m:[0m Tick received — running arb detection [3mmarket_id[0m[2m=[0m631deb8c-fbb4-489e-818e-ae698f57f50b [3mplatform[0m[2m=[0mPolymarket [3mbid[0m[2m=[0m0.62 [3mask[0m[2m=[0m0.63 [3mmid[0m[2m=[0m0.6250 [3mbid_size[0m[2m=[0m133.39 [3mask_size[0m[2m=[0m8
[2m2026-04-12T20:31:11.348370Z[0m [34mDEBUG[0m [2mmercury::engine::market_actor[0m[2m:[0m Tick received — running arb detection [3mmarket_id[0m[2m=[0m631deb8c-fbb4-489e-818e-ae698f57f50b [3mplatform[0m[2m=[0mPolymarket [3mbid[0m[2m=[0m0.62 [3mask[0m[2m=[0m0.63 [3mmid[0m[2m=[0m0.6250 [3mbid_size[0m[2m=[0m133.39 [3mask_size[0m[2m=[0m8
[2m2026-04-12T20:31:11.348559Z[0m [34mDEBUG[0m [2mmercury::engine::market_actor[0m[2m:[0m Tick received — running arb detection [3mmarket_id[0m[2m=[0m631deb8c-fbb4-489e-818e-ae698f57f50b [3mplatform[0m[2m=[0mPolymarket [3mbid[0m[2m=[0m0.62 [3mask[0m[2m=[0m0.63 [3mmid[0m[2m=[0m0.6250 [3mbid_size[0m[2m=[0m133.39 [3mask_size[0m[2m=[0m8
[2m2026-04-12T20:31:11.348753Z[0m [34mDEBUG[0m [2mmercury::engine::market_actor[0m[2m:[0m Tick received — running arb detection [3mmarket_id[0m[2m=[0m631deb8c-fbb4-489e-818e-ae698f57f50b [3mplatform[0m[2m=[0mPolymarket [3mbid[0m[2m=[0m0.62 [3mask[0m[2m=[0m0.63 [3mmid[0m[2m=[0m0.6250 [3mbid_size[0m[2m=[0m133.39 [3mask_size[0m[2m=[0m8
[2m2026-04-12T20:31:11.348944Z[0m [34mDEBUG[0m [2mmercury::engine::market_actor[0m[2m:[0m Tick received — running arb detection [3mmarket_id[0m[2m=[0m631deb8c-fbb4-489e-818e-ae698f57f50b [3mplatform[0m[2m=[0mPolymarket [3mbid[0m[2m=[0m0.62 [3mask[0m[2m=[0m0.63 [3mmid[0m[2m=[0m0.6250 [3mbid_size[0m[2m=[0m133.39 [3mask_size[0m[2m=[0m8
[2m2026-04-12T20:31:11.349131Z[0m [34mDEBUG[0m [2mmercury::engine::market_actor[0m[2m:[0m Tick received — running arb detection [3mmarket_id[0m[2m=[0m631deb8c-fbb4-489e-818e-ae698f57f50b [3mplatform[0m[2m=[0mPolymarket [3mbid[0m[2m=[0m0.62 [3mask[0m[2m=[0m0.63 [3mmid[0m[2m=[0m0.6250 [3mbid_size[0m[2m=[0m133.39 [3mask_size[0m[2m=[0m8
[2m2026-04-12T20:31:11.349347Z[0m [34mDEBUG[0m [2mmercury::engine::market_actor[0m[2m:[0m Tick received — running arb detection [3mmarket_id[0m[2m=[0m631deb8c-fbb4-489e-818e-ae698f57f50b [3mplatform[0m[2m=[0mPolymarket [3mbid[0m[2m=[0m0.62 [3mask[0m[2m=[0m0.63 [3mmid[0m[2m=[0m0.6250 [3mbid_size[0m[2m=[0m133.39 [3mask_size[0m[2m=[0m8
[2m2026-04-12T20:31:11.383873Z[0m [32m INFO[0m [2mmercury::inventory::reconciler[0m[2m:[0m Reconciliation complete [3mopen_positions[0m[2m=[0m0 [3mtotal_position_value[0m[2m=[0m0
[2m2026-04-12T20:31:11.435508Z[0m [34mDEBUG[0m [2mmercury::engine::market_actor[0m[2m:[0m Tick received — running arb detection [3mmarket_id[0m[2m=[0m631deb8c-fbb4-489e-818e-ae698f57f50b [3mplatform[0m[2m=[0mPolymarket [3mbid[0m[2m=[0m0.62 [3mask[0m[2m=[0m0.63 [3mmid[0m[2m=[0m0.6250 [3mbid_size[0m[2m=[0m133.39 [3mask_size[0m[2m=[0m8
[2m2026-04-12T20:31:11.435781Z[0m [34mDEBUG[0m [2mmercury::engine::market_actor[0m[2m:[0m Tick received — running arb detection [3mmarket_id[0m[2m=[0m631deb8c-fbb4-489e-818e-ae698f57f50b [3mplatform[0m[2m=[0mPolymarket [3mbid[0m[2m=[0m0.62 [3mask[0m[2m=[0m0.63 [3mmid[0m[2m=[0m0.6250 [3mbid_size[0m[2m=[0m133.39 [3mask_size[0m[2m=[0m8
[2m2026-04-12T20:31:11.448991Z[0m [34mDEBUG[0m [2mmercury::engine::market_actor[0m[2m:[0m Tick received — running arb detection [3mmarket_id[0m[2m=[0m631deb8c-fbb4-489e-818e-ae698f57f50b [3mplatform[0m[2m=[0mPolymarket [3mbid[0m[2m=[0m0.62 [3mask[0m[2m=[0m0.63 [3mmid[0m[2m=[0m0.6250 [3mbid_size[0m[2m=[0m133.39 [3mask_size[0m[2m=[0m8
[2m2026-04-12T20:31:11.449269Z[0m [34mDEBUG[0m [2mmercury::engine::market_actor[0m[2m:[0m Tick received — running arb detection [3mmarket_id[0m[2m=[0m631deb8c-fbb4-489e-818e-ae698f57f50b [3mplatform[0m[2m=[0mPolymarket [3mbid[0m[2m=[0m0.62 [3mask[0m[2m=[0m0.63 [3mmid[0m[2m=[0m0.6250 [3mbid_size[0m[2m=[0m133.39 [3mask_size[0m[2m=[0m8
[2m2026-04-12T20:31:11.449469Z[0m [34mDEBUG[0m [2mmercury::engine::market_actor[0m[2m:[0m Tick received — running arb detection [3mmarket_id[0m[2m=[0m631deb8c-fbb4-489e-818e-ae698f57f50b [3mplatform[0m[2m=[0mPolymarket [3mbid[0m[2m=[0m0.62 [3mask[0m[2m=[0m0.63 [3mmid[0m[2m=[0m0.6250 [3mbid_size[0m[2m=[0m133.39 [3mask_size[0m[2m=[0m8
[2m2026-04-12T20:31:11.449658Z[0m [34mDEBUG[0m [2mmercury::engine::market_actor[0m[2m:[0m Tick received — running arb detection [3mmarket_id[0m[2m=[0m631deb8c-fbb4-489e-818e-ae698f57f50b [3mplatform[0m[2m=[0mPolymarket [3mbid[0m[2m=[0m0.62 [3mask[0m[2m=[0m0.63 [3mmid[0m[2m=[0m0.6250 [3mbid_size[0m[2m=[0m133.39 [3mask_size[0m[2m=[0m8
[2m2026-04-12T20:31:11.449825Z[0m [34mDEBUG[0m [2mmercury::engine::market_actor[0m[2m:[0m Tick received — running arb detection [3mmarket_id[0m[2m=[0m9046452d-bcb3-4bb8-8925-8924b7439992 [3mplatform[0m[2m=[0mPolymarket [3mbid[0m[2m=[0m0.56 [3mask[0m[2m=[0m0.57 [3mmid[0m[2m=[0m0.5650 [3mbid_size[0m[2m=[0m187.8 [3mask_size[0m[2m=[0m36.77
[2m2026-04-12T20:31:11.449849Z[0m [34mDEBUG[0m [2mmercury::engine::market_actor[0m[2m:[0m Tick received — running arb detection [3mmarket_id[0m[2m=[0m631deb8c-fbb4-489e-818e-ae698f57f50b [3mplatform[0m[2m=[0mPolymarket [3mbid[0m[2m=[0m0.62 [3mask[0m[2m=[0m0.63 [3mmid[0m[2m=[0m0.6250 [3mbid_size[0m[2m=[0m133.39 [3mask_size[0m[2m=[0m8
[2m2026-04-12T20:31:11.450060Z[0m [34mDEBUG[0m [2mmercury::engine::market_actor[0m[2m:[0m Tick received — running arb detection [3mmarket_id[0m[2m=[0m9046452d-bcb3-4bb8-8925-8924b7439992 [3mplatform[0m[2m=[0mPolymarket [3mbid[0m[2m=[0m0.56 [3mask[0m[2m=[0m0.57 [3mmid[0m[2m=[0m0.5650 [3mbid_size[0m[2m=[0m187.8 [3mask_size[0m[2m=[0m36.77
[2m2026-04-12T20:31:11.450085Z[0m [34mDEBUG[0m [2mmercury::engine::market_actor[0m[2m:[0m Tick received — running arb detection [3mmarket_id[0m[2m=[0m631deb8c-fbb4-489e-818e-ae698f57f50b [3mplatform[0m[2m=[0mPolymarket [3mbid[0m[2m=[0m0.62 [3mask[0m[2m=[0m0.63 [3mmid[0m[2m=[0m0.6250 [3mbid_size[0m[2m=[0m133.39 [3mask_size[0m[2m=[0m8
[2m2026-04-12T20:31:11.474804Z[0m [34mDEBUG[0m [2mmercury::engine::market_actor[0m[2m:[0m Tick received — running arb detection [3mmarket_id[0m[2m=[0m631deb8c-fbb4-489e-818e-ae698f57f50b [3mplatform[0m[2m=[0mPolymarket [3mbid[0m[2m=[0m0.62 [3mask[0m[2m=[0m0.63 [3mmid[0m[2m=[0m0.6250 [3mbid_size[0m[2m=[0m133.39 [3mask_size[0m[2m=[0m8
[2m2026-04-12T20:31:11.475067Z[0m [34mDEBUG[0m [2mmercury::engine::market_actor[0m[2m:[0m Tick received — running arb detection [3mmarket_id[0m[2m=[0m631deb8c-fbb4-489e-818e-ae698f57f50b [3mplatform[0m[2m=[0mPolymarket [3mbid[0m[2m=[0m0.62 [3mask[0m[2m=[0m0.63 [3mmid[0m[2m=[0m0.6250 [3mbid_size[0m[2m=[0m133.39 [3mask_size[0m[2m=[0m8
[2m2026-04-12T20:31:11.475213Z[0m [34mDEBUG[0m [2mmercury::engine::market_actor[0m[2m:[0m Tick received — running arb detection [3mmarket_id[0m[2m=[0m631deb8c-fbb4-489e-818e-ae698f57f50b [3mplatform[0m[2m=[0mPolymarket [3mbid[0m[2m=[0m0.62 [3mask[0m[2m=[0m0.63 [3mmid[0m[2m=[0m0.6250 [3mbid_size[0m[2m=[0m133.39 [3mask_size[0m[2m=[0m8
[2m2026-04-12T20:31:11.475354Z[0m [34mDEBUG[0m [2mmercury::engine::market_actor[0m[2m:[0m Tick received — running arb detection [3mmarket_id[0m[2m=[0m631deb8c-fbb4-489e-818e-ae698f57f50b [3mplatform[0m[2m=[0mPolymarket [3mbid[0m[2m=[0m0.62 [3mask[0m[2m=[0m0.63 [3mmid[0m[2m=[0m0.6250 [3mbid_size[0m[2m=[0m133.39 [3mask_size[0m[2m=[0m8
[2m2026-04-12T20:31:11.475494Z[0m [34mDEBUG[0m [2mmercury::engine::market_actor[0m[2m:[0m Tick received — running arb detection [3mmarket_id[0m[2m=[0m631deb8c-fbb4-489e-818e-ae698f57f50b [3mplatform[0m[2m=[0mPolymarket [3mbid[0m[2m=[0m0.62 [3mask[0m[2m=[0m0.63 [3mmid[0m[2m=[0m0.6250 [3mbid_size[0m[2m=[0m133.39 [3mask_size[0m[2m=[0m8
[2m2026-04-12T20:31:11.475633Z[0m [34mDEBUG[0m [2mmercury::engine::market_actor[0m[2m:[0m Tick received — running arb detection [3mmarket_id[0m[2m=[0m631deb8c-fbb4-489e-818e-ae698f57f50b [3mplatform[0m[2m=[0mPolymarket [3mbid[0m[2m=[0m0.62 [3mask[0m[2m=[0m0.63 [3mmid[0m[2m=[0m0.6250 [3mbid_size[0m[2m=[0m133.39 [3mask_size[0m[2m=[0m8
[2m2026-04-12T20:31:11.475773Z[0m [34mDEBUG[0m [2mmercury::engine::market_actor[0m[2m:[0m Tick received — running arb detection [3mmarket_id[0m[2m=[0m631deb8c-fbb4-489e-818e-ae698f57f50b [3mplatform[0m[2m=[0mPolymarket [3mbid[0m[2m=[0m0.62 [3mask[0m[2m=[0m0.63 [3mmid[0m[2m=[0m0.6250 [3mbid_size[0m[2m=[0m133.39 [3mask_size[0m[2m=[0m8
[2m2026-04-12T20:31:11.475912Z[0m [34mDEBUG[0m [2mmercury::engine::market_actor[0m[2m:[0m Tick received — running arb detection [3mmarket_id[0m[2m=[0m631deb8c-fbb4-489e-818e-ae698f57f50b [3mplatform[0m[2m=[0mPolymarket [3mbid[0m[2m=[0m0.62 [3mask[0m[2m=[0m0.63 [3mmid[0m[2m=[0m0.6250 [3mbid_size[0m[2m=[0m133.39 [3mask_size[0m[2m=[0m8
[2m2026-04-12T20:31:11.578909Z[0m [34mDEBUG[0m [2mmercury::engine::market_actor[0m[2m:[0m Tick received — running arb detection [3mmarket_id[0m[2m=[0m631deb8c-fbb4-489e-818e-ae698f57f50b [3mplatform[0m[2m=[0mPolymarket [3mbid[0m[2m=[0m0.62 [3mask[0m[2m=[0m0.63 [3mmid[0m[2m=[0m0.6250 [3mbid_size[0m[2m=[0m133.39 [3mask_size[0m[2m=[0m13
[2m2026-04-12T20:31:11.579185Z[0m [34mDEBUG[0m [2mmercury::engine::market_actor[0m[2m:[0m Tick received — running arb detection [3mmarket_id[0m[2m=[0m631deb8c-fbb4-489e-818e-ae698f57f50b [3mplatform[0m[2m=[0mPolymarket [3mbid[0m[2m=[0m0.62 [3mask[0m[2m=[0m0.63 [3mmid[0m[2m=[0m0.6250 [3mbid_size[0m[2m=[0m133.39 [3mask_size[0m[2m=[0m13
[2m2026-04-12T20:31:11.579407Z[0m [34mDEBUG[0m [2mmercury::engine::market_actor[0m[2m:[0m Tick received — running arb detection [3mmarket_id[0m[2m=[0m79e1f598-7189-438f-a66e-b184b04be477 [3mplatform[0m[2m=[0mPolymarket [3mbid[0m[2m=[0m0.45 [3mask[0m[2m=[0m0.47 [3mmid[0m[2m=[0m0.46 [3mbid_size[0m[2m=[0m5.04 [3mask_size[0m[2m=[0m66.74
[2m2026-04-12T20:31:11.579407Z[0m [34mDEBUG[0m [2mmercury::engine::market_actor[0m[2m:[0m Tick received — running arb detection [3mmarket_id[0m[2m=[0m631deb8c-fbb4-489e-818e-ae698f57f50b [3mplatform[0m[2m=[0mPolymarket [3mbid[0m[2m=[0m0.62 [3mask[0m[2m=[0m0.63 [3mmid[0m[2m=[0m0.6250 [3mbid_size[0m[2m=[0m133.39 [3mask_size[0m[2m=[0m13
[2m2026-04-12T20:31:11.579652Z[0m [34mDEBUG[0m [2mmercury::engine::market_actor[0m[2m:[0m Tick received — running arb detection [3mmarket_id[0m[2m=[0m631deb8c-fbb4-489e-818e-ae698f57f50b [3mplatform[0m[2m=[0mPolymarket [3mbid[0m[2m=[0m0.62 [3mask[0m[2m=[0m0.63 [3mmid[0m[2m=[0m0.6250 [3mbid_size[0m[2m=[0m133.39 [3mask_size[0m[2m=[0m13
[2m2026-04-12T20:31:11.579804Z[0m [34mDEBUG[0m [2mmercury::engine::market_actor[0m[2m:[0m Tick received — running arb detection [3mmarket_id[0m[2m=[0m631deb8c-fbb4-489e-818e-ae698f57f50b [3mplatform[0m[2m=[0mPolymarket [3mbid[0m[2m=[0m0.62 [3mask[0m[2m=[0m0.63 [3mmid[0m[2m=[0m0.6250 [3mbid_size[0m[2m=[0m133.39 [3mask_size[0m[2m=[0m13
[2m2026-04-12T20:31:11.579950Z[0m [34mDEBUG[0m [2mmercury::engine::market_actor[0m[2m:[0m Tick received — running arb detection [3mmarket_id[0m[2m=[0m631deb8c-fbb4-489e-818e-ae698f57f50b [3mplatform[0m[2m=[0mPolymarket [3mbid[0m[2m=[0m0.62 [3mask[0m[2m=[0m0.63 [3mmid[0m[2m=[0m0.6250 [3mbid_size[0m[2m=[0m133.39 [3mask_size[0m[2m=[0m13
[2m2026-04-12T20:31:11.604955Z[0m [34mDEBUG[0m [2mmercury::engine::market_actor[0m[2m:[0m Tick received — running arb detection [3mmarket_id[0m[2m=[0m631deb8c-fbb4-489e-818e-ae698f57f50b [3mplatform[0m[2m=[0mPolymarket [3mbid[0m[2m=[0m0.62 [3mask[0m[2m=[0m0.63 [3mmid[0m[2m=[0m0.6250 [3mbid_size[0m[2m=[0m133.39 [3mask_size[0m[2m=[0m13
[2m2026-04-12T20:31:11.605399Z[0m [32m INFO[0m [2mmercury::feeds::discovery[0m[2m:[0m 15m crypto round matched [3masset[0m[2m=[0meth [3mround_start[0m[2m=[0m1776025800 [3mpoly[0m[2m=[0mtrue [3mkalshi[0m[2m=[0mtrue
[2m2026-04-12T20:31:11.629744Z[0m [34mDEBUG[0m [2mmercury::engine::market_actor[0m[2m:[0m Tick received — running arb detection [3mmarket_id[0m[2m=[0m631deb8c-fbb4-489e-818e-ae698f57f50b [3mplatform[0m[2m=[0mPolymarket [3mbid[0m[2m=[0m0.62 [3mask[0m[2m=[0m0.63 [3mmid[0m[2m=[0m0.6250 [3mbid_size[0m[2m=[0m133.39 [3mask_size[0m[2m=[0m13
[2m2026-04-12T20:31:11.630071Z[0m [34mDEBUG[0m [2mmercury::engine::market_actor[0m[2m:[0m Tick received — running arb detection [3mmarket_id[0m[2m=[0m631deb8c-fbb4-489e-818e-ae698f57f50b [3mplatform[0m[2m=[0mPolymarket [3mbid[0m[2m=[0m0.62 [3mask[0m[2m=[0m0.63 [3mmid[0m[2m=[0m0.6250 [3mbid_size[0m[2m=[0m133.39 [3mask_size[0m[2m=[0m13
[2m2026-04-12T20:31:11.630266Z[0m [34mDEBUG[0m [2mmercury::engine::market_actor[0m[2m:[0m Tick received — running arb detection [3mmarket_id[0m[2m=[0m631deb8c-fbb4-489e-818e-ae698f57f50b [3mplatform[0m[2m=[0mPolymarket [3mbid[0m[2m=[0m0.62 [3mask[0m[2m=[0m0.63 [3mmid[0m[2m=[0m0.6250 [3mbid_size[0m[2m=[0m133.39 [3mask_size[0m[2m=[0m13
[2m2026-04-12T20:31:11.630454Z[0m [34mDEBUG[0m [2mmercury::engine::market_actor[0m[2m:[0m Tick received — running arb detection [3mmarket_id[0m[2m=[0m631deb8c-fbb4-489e-818e-ae698f57f50b [3mplatform[0m[2m=[0mPolymarket [3mbid[0m[2m=[0m0.62 [3mask[0m[2m=[0m0.63 [3mmid[0m[2m=[0m0.6250 [3mbid_size[0m[2m=[0m133.39 [3mask_size[0m[2m=[0m13
[2m2026-04-12T20:31:11.630647Z[0m [34mDEBUG[0m [2mmercury::engine::market_actor[0m[2m:[0m Tick received — running arb detection [3mmarket_id[0m[2m=[0m631deb8c-fbb4-489e-818e-ae698f57f50b [3mplatform[0m[2m=[0mPolymarket [3mbid[0m[2m=[0m0.62 [3mask[0m[2m=[0m0.63 [3mmid[0m[2m=[0m0.6250 [3mbid_size[0m[2m=[0m133.39 [3mask_size[0m[2m=[0m13
[2m2026-04-12T20:31:11.630862Z[0m [34mDEBUG[0m [2mmercury::engine::market_actor[0m[2m:[0m Tick received — running arb detection [3mmarket_id[0m[2m=[0m631deb8c-fbb4-489e-818e-ae698f57f50b [3mplatform[0m[2m=[0mPolymarket [3mbid[0m[2m=[0m0.62 [3mask[0m[2m=[0m0.63 [3mmid[0m[2m=[0m0.6250 [3mbid_size[0m[2m=[0m133.39 [3mask_size[0m[2m=[0m13
[2m2026-04-12T20:31:11.631049Z[0m [34mDEBUG[0m [2mmercury::engine::market_actor[0m[2m:[0m Tick received — running arb detection [3mmarket_id[0m[2m=[0m631deb8c-fbb4-489e-818e-ae698f57f50b [3mplatform[0m[2m=[0mPolymarket [3mbid[0m[2m=[0m0.62 [3mask[0m[2m=[0m0.63 [3mmid[0m[2m=[0m0.6250 [3mbid_size[0m[2m=[0m133.39 [3mask_size[0m[2m=[0m13
[2m2026-04-12T20:31:11.631233Z[0m [34mDEBUG[0m [2mmercury::engine::market_actor[0m[2m:[0m Tick received — running arb detection [3mmarket_id[0m[2m=[0m631deb8c-fbb4-489e-818e-ae698f57f50b [3mplatform[0m[2m=[0mPolymarket [3mbid[0m[2m=[0m0.62 [3mask[0m[2m=[0m0.63 [3mmid[0m[2m=[0m0.6250 [3mbid_size[0m[2m=[0m133.39 [3mask_size[0m[2m=[0m13
[2m2026-04-12T20:31:11.631415Z[0m [34mDEBUG[0m [2mmercury::engine::market_actor[0m[2m:[0m Tick received — running arb detection [3mmarket_id[0m[2m=[0m631deb8c-fbb4-489e-818e-ae698f57f50b [3mplatform[0m[2m=[0mPolymarket [3mbid[0m[2m=[0m0.62 [3mask[0m[2m=[0m0.63 [3mmid[0m[2m=[0m0.6250 [3mbid_size[0m[2m=[0m133.39 [3mask_size[0m[2m=[0m13
[2m2026-04-12T20:31:11.631599Z[0m [34mDEBUG[0m [2mmercury::engine::market_actor[0m[2m:[0m Tick received — running arb detection [3mmarket_id[0m[2m=[0m631deb8c-fbb4-489e-818e-ae698f57f50b [3mplatform[0m[2m=[0mPolymarket [3mbid[0m[2m=[0m0.62 [3mask[0m[2m=[0m0.63 [3mmid[0m[2m=[0m0.6250 [3mbid_size[0m[2m=[0m133.39 [3mask_size[0m[2m=[0m13
[2m2026-04-12T20:31:11.631788Z[0m [34mDEBUG[0m [2mmercury::engine::market_actor[0m[2m:[0m Tick received — running arb detection [3mmarket_id[0m[2m=[0m631deb8c-fbb4-489e-818e-ae698f57f50b [3mplatform[0m[2m=[0mPolymarket [3mbid[0m[2m=[0m0.62 [3mask[0m[2m=[0m0.63 [3mmid[0m[2m=[0m0.6250 [3mbid_size[0m[2m=[0m133.39 [3mask_size[0m[2m=[0m13
[2m2026-04-12T20:31:11.709606Z[0m [34mDEBUG[0m [2mmercury::engine::market_actor[0m[2m:[0m Tick received — running arb detection [3mmarket_id[0m[2m=[0m631deb8c-fbb4-489e-818e-ae698f57f50b [3mplatform[0m[2m=[0mPolymarket [3mbid[0m[2m=[0m0.62 [3mask[0m[2m=[0m0.63 [3mmid[0m[2m=[0m0.6250 [3mbid_size[0m[2m=[0m133.39 [3mask_size[0m[2m=[0m13
[2m2026-04-12T20:31:11.709943Z[0m [34mDEBUG[0m [2mmercury::engine::market_actor[0m[2m:[0m Tick received — running arb detection [3mmarket_id[0m[2m=[0m631deb8c-fbb4-489e-818e-ae698f57f50b [3mplatform[0m[2m=[0mPolymarket [3mbid[0m[2m=[0m0.62 [3mask[0m[2m=[0m0.63 [3mmid[0m[2m=[0m0.6250 [3mbid_size[0m[2m=[0m133.39 [3mask_size[0m[2m=[0m13
[2m2026-04-12T20:31:11.710135Z[0m [34mDEBUG[0m [2mmercury::engine::market_actor[0m[2m:[0m Tick received — running arb detection [3mmarket_id[0m[2m=[0m631deb8c-fbb4-489e-818e-ae698f57f50b [3mplatform[0m[2m=[0mPolymarket [3mbid[0m[2m=[0m0.62 [3mask[0m[2m=[0m0.63 [3mmid[0m[2m=[0m0.6250 [3mbid_size[0m[2m=[0m133.39 [3mask_size[0m[2m=[0m13
[2m2026-04-12T20:31:11.710379Z[0m [34mDEBUG[0m [2mmercury::engine::market_actor[0m[2m:[0m Tick received — running arb detection [3mmarket_id[0m[2m=[0m631deb8c-fbb4-489e-818e-ae698f57f50b [3mplatform[0m[2m=[0mPolymarket [3mbid[0m[2m=[0m0.62 [3mask[0m[2m=[0m0.63 [3mmid[0m[2m=[0m0.6250 [3mbid_size[0m[2m=[0m133.39 [3mask_size[0m[2m=[0m13
[2m2026-04-12T20:31:11.710569Z[0m [34mDEBUG[0m [2mmercury::engine::market_actor[0m[2m:[0m Tick received — running arb detection [3mmarket_id[0m[2m=[0m631deb8c-fbb4-489e-818e-ae698f57f50b [3mplatform[0m[2m=[0mPolymarket [3mbid[0m[2m=[0m0.62 [3mask[0m[2m=[0m0.63 [3mmid[0m[2m=[0m0.6250 [3mbid_size[0m[2m=[0m133.39 [3mask_size[0m[2m=[0m13
[2m2026-04-12T20:31:11.710780Z[0m [34mDEBUG[0m [2mmercury::engine::market_actor[0m[2m:[0m Tick received — running arb detection [3mmarket_id[0m[2m=[0m631deb8c-fbb4-489e-818e-ae698f57f50b [3mplatform[0m[2m=[0mPolymarket [3mbid[0m[2m=[0m0.62 [3mask[0m[2m=[0m0.63 [3mmid[0m[2m=[0m0.6250 [3mbid_size[0m[2m=[0m133.39 [3mask_size[0m[2m=[0m13
[2m2026-04-12T20:31:11.712390Z[0m [34mDEBUG[0m [2mmercury::engine::market_actor[0m[2m:[0m Tick received — running arb detection [3mmarket_id[0m[2m=[0m2b958b37-9921-40b8-b22d-64a67138ae70 [3mplatform[0m[2m=[0mPolymarket [3mbid[0m[2m=[0m0.56 [3mask[0m[2m=[0m0.6 [3mmid[0m[2m=[0m0.58 [3mbid_size[0m[2m=[0m61.27 [3mask_size[0m[2m=[0m6.72
[2m2026-04-12T20:31:11.726145Z[0m [34mDEBUG[0m [2mmercury::engine::market_actor[0m[2m:[0m Tick received — running arb detection [3mmarket_id[0m[2m=[0m631deb8c-fbb4-489e-818e-ae698f57f50b [3mplatform[0m[2m=[0mPolymarket [3mbid[0m[2m=[0m0.62 [3mask[0m[2m=[0m0.63 [3mmid[0m[2m=[0m0.6250 [3mbid_size[0m[2m=[0m133.39 [3mask_size[0m[2m=[0m13
[2m2026-04-12T20:31:11.735398Z[0m [34mDEBUG[0m [2mmercury::engine::market_actor[0m[2m:[0m Tick received — running arb detection [3mmarket_id[0m[2m=[0m631deb8c-fbb4-489e-818e-ae698f57f50b [3mplatform[0m[2m=[0mPolymarket [3mbid[0m[2m=[0m0.62 [3mask[0m[2m=[0m0.63 [3mmid[0m[2m=[0m0.6250 [3mbid_size[0m[2m=[0m133.39 [3mask_size[0m[2m=[0m13
[2m2026-04-12T20:31:11.735756Z[0m [34mDEBUG[0m [2mmercury::engine::market_actor[0m[2m:[0m Tick received — running arb detection [3mmarket_id[0m[2m=[0m631deb8c-fbb4-489e-818e-ae698f57f50b [3mplatform[0m[2m=[0mPolymarket [3mbid[0m[2m=[0m0.62 [3mask[0m[2m=[0m0.63 [3mmid[0m[2m=[0m0.6250 [3mbid_size[0m[2m=[0m133.39 [3mask_size[0m[2m=[0m13
[2m2026-04-12T20:31:11.735950Z[0m [34mDEBUG[0m [2mmercury::engine::market_actor[0m[2m:[0m Tick received — running arb detection [3mmarket_id[0m[2m=[0m631deb8c-fbb4-489e-818e-ae698f57f50b [3mplatform[0m[2m=[0mPolymarket [3mbid[0m[2m=[0m0.62 [3mask[0m[2m=[0m0.63 [3mmid[0m[2m=[0m0.6250 [3mbid_size[0m[2m=[0m133.39 [3mask_size[0m[2m=[0m13
[2m2026-04-12T20:31:11.736141Z[0m [34mDEBUG[0m [2mmercury::engine::market_actor[0m[2m:[0m Tick received — running arb detection [3mmarket_id[0m[2m=[0m631deb8c-fbb4-489e-818e-ae698f57f50b [3mplatform[0m[2m=[0mPolymarket [3mbid[0m[2m=[0m0.62 [3mask[0m[2m=[0m0.63 [3mmid[0m[2m=[0m0.6250 [3mbid_size[0m[2m=[0m133.39 [3mask_size[0m[2m=[0m13
[2m2026-04-12T20:31:11.752435Z[0m [34mDEBUG[0m [2mmercury::engine::market_actor[0m[2m:[0m Tick received — running arb detection [3mmarket_id[0m[2m=[0m631deb8c-fbb4-489e-818e-ae698f57f50b [3mplatform[0m[2m=[0mPolymarket [3mbid[0m[2m=[0m0.62 [3mask[0m[2m=[0m0.63 [3mmid[0m[2m=[0m0.6250 [3mbid_size[0m[2m=[0m133.39 [3mask_size[0m[2m=[0m13
[2m2026-04-12T20:31:11.757381Z[0m [34mDEBUG[0m [2mmercury::engine::market_actor[0m[2m:[0m Tick received — running arb detection [3mmarket_id[0m[2m=[0m631deb8c-fbb4-489e-818e-ae698f57f50b [3mplatform[0m[2m=[0mPolymarket [3mbid[0m[2m=[0m0.62 [3mask[0m[2m=[0m0.63 [3mmid[0m[2m=[0m0.6250 [3mbid_size[0m[2m=[0m138.39 [3mask_size[0m[2m=[0m13
[2m2026-04-12T20:31:11.768213Z[0m [34mDEBUG[0m [2mmercury::engine::market_actor[0m[2m:[0m Tick received — running arb detection [3mmarket_id[0m[2m=[0m631deb8c-fbb4-489e-818e-ae698f57f50b [3mplatform[0m[2m=[0mPolymarket [3mbid[0m[2m=[0m0.62 [3mask[0m[2m=[0m0.63 [3mmid[0m[2m=[0m0.6250 [3mbid_size[0m[2m=[0m138.39 [3mask_size[0m[2m=[0m13
[2m2026-04-12T20:31:11.777076Z[0m [34mDEBUG[0m [2mmercury::engine::market_actor[0m[2m:[0m Tick received — running arb detection [3mmarket_id[0m[2m=[0m631deb8c-fbb4-489e-818e-ae698f57f50b [3mplatform[0m[2m=[0mPolymarket [3mbid[0m[2m=[0m0.62 [3mask[0m[2m=[0m0.63 [3mmid[0m[2m=[0m0.6250 [3mbid_size[0m[2m=[0m138.39 [3mask_size[0m[2m=[0m13
[2m2026-04-12T20:31:11.777381Z[0m [34mDEBUG[0m [2mmercury::engine::market_actor[0m[2m:[0m Tick received — running arb detection [3mmarket_id[0m[2m=[0m631deb8c-fbb4-489e-818e-ae698f57f50b [3mplatform[0m[2m=[0mPolymarket [3mbid[0m[2m=[0m0.62 [3mask[0m[2m=[0m0.63 [3mmid[0m[2m=[0m0.6250 [3mbid_size[0m[2m=[0m138.39 [3mask_size[0m[2m=[0m13
[2m2026-04-12T20:31:11.782212Z[0m [34mDEBUG[0m [2mmercury::engine::market_actor[0m[2m:[0m Tick received — running arb detection [3mmarket_id[0m[2m=[0m631deb8c-fbb4-489e-818e-ae698f57f50b [3mplatform[0m[2m=[0mPolymarket [3mbid[0m[2m=[0m0.62 [3mask[0m[2m=[0m0.63 [3mmid[0m[2m=[0m0.6250 [3mbid_size[0m[2m=[0m138.39 [3mask_size[0m[2m=[0m13
[2m2026-04-12T20:31:11.782382Z[0m [34mDEBUG[0m [2mmercury::engine::market_actor[0m[2m:[0m Tick received — running arb detection [3mmarket_id[0m[2m=[0m631deb8c-fbb4-489e-818e-ae698f57f50b [3mplatform[0m[2m=[0mPolymarket [3mbid[0m[2m=[0m0.62 [3mask[0m[2m=[0m0.63 [3mmid[0m[2m=[0m0.6250 [3mbid_size[0m[2m=[0m138.39 [3mask_size[0m[2m=[0m13
[2m2026-04-12T20:31:11.782527Z[0m [34mDEBUG[0m [2mmercury::engine::market_actor[0m[2m:[0m Tick received — running arb detection [3mmarket_id[0m[2m=[0m631deb8c-fbb4-489e-818e-ae698f57f50b [3mplatform[0m[2m=[0mPolymarket [3mbid[0m[2m=[0m0.62 [3mask[0m[2m=[0m0.63 [3mmid[0m[2m=[0m0.6250 [3mbid_size[0m[2m=[0m138.39 [3mask_size[0m[2m=[0m13
[2m2026-04-12T20:31:11.791197Z[0m [34mDEBUG[0m [2mmercury::engine::market_actor[0m[2m:[0m Tick received — running arb detection [3mmarket_id[0m[2m=[0m631deb8c-fbb4-489e-818e-ae698f57f50b [3mplatform[0m[2m=[0mPolymarket [3mbid[0m[2m=[0m0.62 [3mask[0m[2m=[0m0.63 [3mmid[0m[2m=[0m0.6250 [3mbid_size[0m[2m=[0m143.39 [3mask_size[0m[2m=[0m13
[2m2026-04-12T20:31:11.832445Z[0m [34mDEBUG[0m [2mmercury::engine::market_actor[0m[2m:[0m Tick received — running arb detection [3mmarket_id[0m[2m=[0m631deb8c-fbb4-489e-818e-ae698f57f50b [3mplatform[0m[2m=[0mPolymarket [3mbid[0m[2m=[0m0.62 [3mask[0m[2m=[0m0.63 [3mmid[0m[2m=[0m0.6250 [3mbid_size[0m[2m=[0m143.39 [3mask_size[0m[2m=[0m13
[2m2026-04-12T20:31:11.832607Z[0m [34mDEBUG[0m [2mmercury::feeds::discovery[0m[2m:[0m No Kalshi 15m market found for this round [3masset[0m[2m=[0m"eth" [3mround_start_ts[0m[2m=[0m1776026700 [3mtarget_close[0m[2m=[0m1776027600
[2m2026-04-12T20:31:11.832777Z[0m [34mDEBUG[0m [2mmercury::engine::market_actor[0m[2m:[0m Tick received — running arb detection [3mmarket_id[0m[2m=[0m631deb8c-fbb4-489e-818e-ae698f57f50b [3mplatform[0m[2m=[0mPolymarket [3mbid[0m[2m=[0m0.62 [3mask[0m[2m=[0m0.63 [3mmid[0m[2m=[0m0.6250 [3mbid_size[0m[2m=[0m143.39 [3mask_size[0m[2m=[0m13
[2m2026-04-12T20:31:11.832808Z[0m [32m INFO[0m [2mmercury::feeds::discovery[0m[2m:[0m 15m crypto round matched [3masset[0m[2m=[0meth [3mround_start[0m[2m=[0m1776026700 [3mpoly[0m[2m=[0mtrue [3mkalshi[0m[2m=[0mfalse
[2m2026-04-12T20:31:11.832980Z[0m [34mDEBUG[0m [2mmercury::engine::market_actor[0m[2m:[0m Tick received — running arb detection [3mmarket_id[0m[2m=[0m631deb8c-fbb4-489e-818e-ae698f57f50b [3mplatform[0m[2m=[0mPolymarket [3mbid[0m[2m=[0m0.62 [3mask[0m[2m=[0m0.63 [3mmid[0m[2m=[0m0.6250 [3mbid_size[0m[2m=[0m163.39 [3mask_size[0m[2m=[0m13
[2m2026-04-12T20:31:11.833171Z[0m [34mDEBUG[0m [2mmercury::engine::market_actor[0m[2m:[0m Tick received — running arb detection [3mmarket_id[0m[2m=[0m631deb8c-fbb4-489e-818e-ae698f57f50b [3mplatform[0m[2m=[0mPolymarket [3mbid[0m[2m=[0m0.62 [3mask[0m[2m=[0m0.63 [3mmid[0m[2m=[0m0.6250 [3mbid_size[0m[2m=[0m163.39 [3mask_size[0m[2m=[0m13
[2m2026-04-12T20:31:11.833392Z[0m [34mDEBUG[0m [2mmercury::engine::market_actor[0m[2m:[0m Tick received — running arb detection [3mmarket_id[0m[2m=[0m631deb8c-fbb4-489e-818e-ae698f57f50b [3mplatform[0m[2m=[0mPolymarket [3mbid[0m[2m=[0m0.62 [3mask[0m[2m=[0m0.63 [3mmid[0m[2m=[0m0.6250 [3mbid_size[0m[2m=[0m163.39 [3mask_size[0m[2m=[0m13
[2m2026-04-12T20:31:11.833579Z[0m [34mDEBUG[0m [2mmercury::engine::market_actor[0m[2m:[0m Tick received — running arb detection [3mmarket_id[0m[2m=[0m631deb8c-fbb4-489e-818e-ae698f57f50b [3mplatform[0m[2m=[0mPolymarket [3mbid[0m[2m=[0m0.62 [3mask[0m[2m=[0m0.63 [3mmid[0m[2m=[0m0.6250 [3mbid_size[0m[2m=[0m163.39 [3mask_size[0m[2m=[0m13
[2m2026-04-12T20:31:11.833768Z[0m [34mDEBUG[0m [2mmercury::engine::market_actor[0m[2m:[0m Tick received — running arb detection [3mmarket_id[0m[2m=[0m631deb8c-fbb4-489e-818e-ae698f57f50b [3mplatform[0m[2m=[0mPolymarket [3mbid[0m[2m=[0m0.62 [3mask[0m[2m=[0m0.63 [3mmid[0m[2m=[0m0.6250 [3mbid_size[0m[2m=[0m143.39 [3mask_size[0m[2m=[0m13
[2m2026-04-12T20:31:11.833815Z[0m [34mDEBUG[0m [2mmercury::engine::market_actor[0m[2m:[0m Tick received — running arb detection [3mmarket_id[0m[2m=[0m9046452d-bcb3-4bb8-8925-8924b7439992 [3mplatform[0m[2m=[0mPolymarket [3mbid[0m[2m=[0m0.56 [3mask[0m[2m=[0m0.57 [3mmid[0m[2m=[0m0.5650 [3mbid_size[0m[2m=[0m187.8 [3mask_size[0m[2m=[0m36.77
[2m2026-04-12T20:31:11.833962Z[0m [34mDEBUG[0m [2mmercury::engine::market_actor[0m[2m:[0m Tick received — running arb detection [3mmarket_id[0m[2m=[0m631deb8c-fbb4-489e-818e-ae698f57f50b [3mplatform[0m[2m=[0mPolymarket [3mbid[0m[2m=[0m0.62 [3mask[0m[2m=[0m0.63 [3mmid[0m[2m=[0m0.6250 [3mbid_size[0m[2m=[0m143.39 [3mask_size[0m[2m=[0m13
[2m2026-04-12T20:31:11.834153Z[0m [34mDEBUG[0m [2mmercury::engine::market_actor[0m[2m:[0m Tick received — running arb detection [3mmarket_id[0m[2m=[0m631deb8c-fbb4-489e-818e-ae698f57f50b [3mplatform[0m[2m=[0mPolymarket [3mbid[0m[2m=[0m0.62 [3mask[0m[2m=[0m0.63 [3mmid[0m[2m=[0m0.6250 [3mbid_size[0m[2m=[0m143.39 [3mask_size[0m[2m=[0m13
[2m2026-04-12T20:31:11.834338Z[0m [34mDEBUG[0m [2mmercury::engine::market_actor[0m[2m:[0m Tick received — running arb detection [3mmarket_id[0m[2m=[0m631deb8c-fbb4-489e-818e-ae698f57f50b [3mplatform[0m[2m=[0mPolymarket [3mbid[0m[2m=[0m0.62 [3mask[0m[2m=[0m0.63 [3mmid[0m[2m=[0m0.6250 [3mbid_size[0m[2m=[0m143.39 [3mask_size[0m[2m=[0m13
[2m2026-04-12T20:31:11.834522Z[0m [34mDEBUG[0m [2mmercury::engine::market_actor[0m[2m:[0m Tick received — running arb detection [3mmarket_id[0m[2m=[0m631deb8c-fbb4-489e-818e-ae698f57f50b [3mplatform[0m[2m=[0mPolymarket [3mbid[0m[2m=[0m0.62 [3mask[0m[2m=[0m0.63 [3mmid[0m[2m=[0m0.6250 [3mbid_size[0m[2m=[0m143.39 [3mask_size[0m[2m=[0m13
[2m2026-04-12T20:31:11.837751Z[0m [34mDEBUG[0m [2mmercury::engine::market_actor[0m[2m:[0m Tick received — running arb detection [3mmarket_id[0m[2m=[0m631deb8c-fbb4-489e-818e-ae698f57f50b [3mplatform[0m[2m=[0mPolymarket [3mbid[0m[2m=[0m0.62 [3mask[0m[2m=[0m0.63 [3mmid[0m[2m=[0m0.6250 [3mbid_size[0m[2m=[0m143.39 [3mask_size[0m[2m=[0m13
[2m2026-04-12T20:31:11.838036Z[0m [34mDEBUG[0m [2mmercury::engine::market_actor[0m[2m:[0m Tick received — running arb detection [3mmarket_id[0m[2m=[0m631deb8c-fbb4-489e-818e-ae698f57f50b [3mplatform[0m[2m=[0mPolymarket [3mbid[0m[2m=[0m0.62 [3mask[0m[2m=[0m0.63 [3mmid[0m[2m=[0m0.6250 [3mbid_size[0m[2m=[0m143.39 [3mask_size[0m[2m=[0m13
[2m2026-04-12T20:31:11.838232Z[0m [34mDEBUG[0m [2mmercury::engine::market_actor[0m[2m:[0m Tick received — running arb detection [3mmarket_id[0m[2m=[0m631deb8c-fbb4-489e-818e-ae698f57f50b [3mplatform[0m[2m=[0mPolymarket [3mbid[0m[2m=[0m0.62 [3mask[0m[2m=[0m0.63 [3mmid[0m[2m=[0m0.6250 [3mbid_size[0m[2m=[0m143.39 [3mask_size[0m[2m=[0m13
[2m2026-04-12T20:31:11.886077Z[0m [34mDEBUG[0m [2mmercury::engine::market_actor[0m[2m:[0m Tick received — running arb detection [3mmarket_id[0m[2m=[0m631deb8c-fbb4-489e-818e-ae698f57f50b [3mplatform[0m[2m=[0mPolymarket [3mbid[0m[2m=[0m0.62 [3mask[0m[2m=[0m0.63 [3mmid[0m[2m=[0m0.6250 [3mbid_size[0m[2m=[0m143.39 [3mask_size[0m[2m=[0m13
[2m2026-04-12T20:31:11.886402Z[0m [34mDEBUG[0m [2mmercury::engine::market_actor[0m[2m:[0m Tick received — running arb detection [3mmarket_id[0m[2m=[0m631deb8c-fbb4-489e-818e-ae698f57f50b [3mplatform[0m[2m=[0mPolymarket [3mbid[0m[2m=[0m0.62 [3mask[0m[2m=[0m0.63 [3mmid[0m[2m=[0m0.6250 [3mbid_size[0m[2m=[0m143.39 [3mask_size[0m[2m=[0m13
[2m2026-04-12T20:31:11.886596Z[0m [34mDEBUG[0m [2mmercury::engine::market_actor[0m[2m:[0m Tick received — running arb detection [3mmarket_id[0m[2m=[0m631deb8c-fbb4-489e-818e-ae698f57f50b [3mplatform[0m[2m=[0mPolymarket [3mbid[0m[2m=[0m0.62 [3mask[0m[2m=[0m0.63 [3mmid[0m[2m=[0m0.6250 [3mbid_size[0m[2m=[0m143.39 [3mask_size[0m[2m=[0m13
[2m2026-04-12T20:31:11.886785Z[0m [34mDEBUG[0m [2mmercury::engine::market_actor[0m[2m:[0m Tick received — running arb detection [3mmarket_id[0m[2m=[0m631deb8c-fbb4-489e-818e-ae698f57f50b [3mplatform[0m[2m=[0mPolymarket [3mbid[0m[2m=[0m0.62 [3mask[0m[2m=[0m0.63 [3mmid[0m[2m=[0m0.6250 [3mbid_size[0m[2m=[0m143.39 [3mask_size[0m[2m=[0m13
[2m2026-04-12T20:31:11.886978Z[0m [34mDEBUG[0m [2mmercury::engine::market_actor[0m[2m:[0m Tick received — running arb detection [3mmarket_id[0m[2m=[0m631deb8c-fbb4-489e-818e-ae698f57f50b [3mplatform[0m[2m=[0mPolymarket [3mbid[0m[2m=[0m0.62 [3mask[0m[2m=[0m0.63 [3mmid[0m[2m=[0m0.6250 [3mbid_size[0m[2m=[0m143.39 [3mask_size[0m[2m=[0m13
[2m2026-04-12T20:31:11.887165Z[0m [34mDEBUG[0m [2mmercury::engine::market_actor[0m[2m:[0m Tick received — running arb detection [3mmarket_id[0m[2m=[0m631deb8c-fbb4-489e-818e-ae698f57f50b [3mplatform[0m[2m=[0mPolymarket [3mbid[0m[2m=[0m0.62 [3mask[0m[2m=[0m0.63 [3mmid[0m[2m=[0m0.6250 [3mbid_size[0m[2m=[0m163.39 [3mask_size[0m[2m=[0m13
[2m2026-04-12T20:31:11.887351Z[0m [34mDEBUG[0m [2mmercury::engine::market_actor[0m[2m:[0m Tick received — running arb detection [3mmarket_id[0m[2m=[0m631deb8c-fbb4-489e-818e-ae698f57f50b [3mplatform[0m[2m=[0mPolymarket [3mbid[0m[2m=[0m0.62 [3mask[0m[2m=[0m0.63 [3mmid[0m[2m=[0m0.6250 [3mbid_size[0m[2m=[0m163.39 [3mask_size[0m[2m=[0m13
[2m2026-04-12T20:31:11.887537Z[0m [34mDEBUG[0m [2mmercury::engine::market_actor[0m[2m:[0m Tick received — running arb detection [3mmarket_id[0m[2m=[0m631deb8c-fbb4-489e-818e-ae698f57f50b [3mplatform[0m[2m=[0mPolymarket [3mbid[0m[2m=[0m0.62 [3mask[0m[2m=[0m0.63 [3mmid[0m[2m=[0m0.6250 [3mbid_size[0m[2m=[0m163.39 [3mask_size[0m[2m=[0m13
[2m2026-04-12T20:31:11.887722Z[0m [34mDEBUG[0m [2mmercury::engine::market_actor[0m[2m:[0m Tick received — running arb detection [3mmarket_id[0m[2m=[0m631deb8c-fbb4-489e-818e-ae698f57f50b [3mplatform[0m[2m=[0mPolymarket [3mbid[0m[2m=[0m0.62 [3mask[0m[2m=[0m0.63 [3mmid[0m[2m=[0m0.6250 [3mbid_size[0m[2m=[0m163.39 [3mask_size[0m[2m=[0m13
[2m2026-04-12T20:31:11.887907Z[0m [34mDEBUG[0m [2mmercury::engine::market_actor[0m[2m:[0m Tick received — running arb detection [3mmarket_id[0m[2m=[0m631deb8c-fbb4-489e-818e-ae698f57f50b [3mplatform[0m[2m=[0mPolymarket [3mbid[0m[2m=[0m0.62 [3mask[0m[2m=[0m0.63 [3mmid[0m[2m=[0m0.6250 [3mbid_size[0m[2m=[0m163.39 [3mask_size[0m[2m=[0m13
[2m2026-04-12T20:31:11.888092Z[0m [34mDEBUG[0m [2mmercury::engine::market_actor[0m[2m:[0m Tick received — running arb detection [3mmarket_id[0m[2m=[0m631deb8c-fbb4-489e-818e-ae698f57f50b [3mplatform[0m[2m=[0mPolymarket [3mbid[0m[2m=[0m0.62 [3mask[0m[2m=[0m0.63 [3mmid[0m[2m=[0m0.6250 [3mbid_size[0m[2m=[0m158.39 [3mask_size[0m[2m=[0m13
[2m2026-04-12T20:31:11.889661Z[0m [34mDEBUG[0m [2mmercury::engine::market_actor[0m[2m:[0m Tick received — running arb detection [3mmarket_id[0m[2m=[0m631deb8c-fbb4-489e-818e-ae698f57f50b [3mplatform[0m[2m=[0mPolymarket [3mbid[0m[2m=[0m0.62 [3mask[0m[2m=[0m0.63 [3mmid[0m[2m=[0m0.6250 [3mbid_size[0m[2m=[0m138.39 [3mask_size[0m[2m=[0m13
[2m2026-04-12T20:31:11.934290Z[0m [34mDEBUG[0m [2mmercury::engine::market_actor[0m[2m:[0m Tick received — running arb detection [3mmarket_id[0m[2m=[0m631deb8c-fbb4-489e-818e-ae698f57f50b [3mplatform[0m[2m=[0mPolymarket [3mbid[0m[2m=[0m0.62 [3mask[0m[2m=[0m0.63 [3mmid[0m[2m=[0m0.6250 [3mbid_size[0m[2m=[0m138.39 [3mask_size[0m[2m=[0m13
[2m2026-04-12T20:31:11.934516Z[0m [34mDEBUG[0m [2mmercury::engine::market_actor[0m[2m:[0m Tick received — running arb detection [3mmarket_id[0m[2m=[0m631deb8c-fbb4-489e-818e-ae698f57f50b [3mplatform[0m[2m=[0mPolymarket [3mbid[0m[2m=[0m0.62 [3mask[0m[2m=[0m0.63 [3mmid[0m[2m=[0m0.6250 [3mbid_size[0m[2m=[0m138.39 [3mask_size[0m[2m=[0m13
[2m2026-04-12T20:31:11.934665Z[0m [34mDEBUG[0m [2mmercury::engine::market_actor[0m[2m:[0m Tick received — running arb detection [3mmarket_id[0m[2m=[0m631deb8c-fbb4-489e-818e-ae698f57f50b [3mplatform[0m[2m=[0mPolymarket [3mbid[0m[2m=[0m0.62 [3mask[0m[2m=[0m0.63 [3mmid[0m[2m=[0m0.6250 [3mbid_size[0m[2m=[0m138.39 [3mask_size[0m[2m=[0m13
[2m2026-04-12T20:31:11.934811Z[0m [34mDEBUG[0m [2mmercury::engine::market_actor[0m[2m:[0m Tick received — running arb detection [3mmarket_id[0m[2m=[0m631deb8c-fbb4-489e-818e-ae698f57f50b [3mplatform[0m[2m=[0mPolymarket [3mbid[0m[2m=[0m0.62 [3mask[0m[2m=[0m0.63 [3mmid[0m[2m=[0m0.6250 [3mbid_size[0m[2m=[0m138.39 [3mask_size[0m[2m=[0m13
[2m2026-04-12T20:31:11.934954Z[0m [34mDEBUG[0m [2mmercury::engine::market_actor[0m[2m:[0m Tick received — running arb detection [3mmarket_id[0m[2m=[0m631deb8c-fbb4-489e-818e-ae698f57f50b [3mplatform[0m[2m=[0mPolymarket [3mbid[0m[2m=[0m0.62 [3mask[0m[2m=[0m0.63 [3mmid[0m[2m=[0m0.6250 [3mbid_size[0m[2m=[0m138.39 [3mask_size[0m[2m=[0m13
[2m2026-04-12T20:31:11.935095Z[0m [34mDEBUG[0m [2mmercury::engine::market_actor[0m[2m:[0m Tick received — running arb detection [3mmarket_id[0m[2m=[0m631deb8c-fbb4-489e-818e-ae698f57f50b [3mplatform[0m[2m=[0mPolymarket [3mbid[0m[2m=[0m0.62 [3mask[0m[2m=[0m0.63 [3mmid[0m[2m=[0m0.6250 [3mbid_size[0m[2m=[0m138.39 [3mask_size[0m[2m=[0m13
[2m2026-04-12T20:31:11.935238Z[0m [34mDEBUG[0m [2mmercury::engine::market_actor[0m[2m:[0m Tick received — running arb detection [3mmarket_id[0m[2m=[0m631deb8c-fbb4-489e-818e-ae698f57f50b [3mplatform[0m[2m=[0mPolymarket [3mbid[0m[2m=[0m0.62 [3mask[0m[2m=[0m0.63 [3mmid[0m[2m=[0m0.6250 [3mbid_size[0m[2m=[0m138.39 [3mask_size[0m[2m=[0m13
[2m2026-04-12T20:31:11.935380Z[0m [34mDEBUG[0m [2mmercury::engine::market_actor[0m[2m:[0m Tick received — running arb detection [3mmarket_id[0m[2m=[0m631deb8c-fbb4-489e-818e-ae698f57f50b [3mplatform[0m[2m=[0mPolymarket [3mbid[0m[2m=[0m0.62 [3mask[0m[2m=[0m0.63 [3mmid[0m[2m=[0m0.6250 [3mbid_size[0m[2m=[0m158.39 [3mask_size[0m[2m=[0m13
[2m2026-04-12T20:31:11.987348Z[0m [34mDEBUG[0m [2mmercury::engine::market_actor[0m[2m:[0m Tick received — running arb detection [3mmarket_id[0m[2m=[0m631deb8c-fbb4-489e-818e-ae698f57f50b [3mplatform[0m[2m=[0mPolymarket [3mbid[0m[2m=[0m0.62 [3mask[0m[2m=[0m0.63 [3mmid[0m[2m=[0m0.6250 [3mbid_size[0m[2m=[0m138.39 [3mask_size[0m[2m=[0m13
[2m2026-04-12T20:31:11.987625Z[0m [34mDEBUG[0m [2mmercury::engine::market_actor[0m[2m:[0m Tick received — running arb detection [3mmarket_id[0m[2m=[0m631deb8c-fbb4-489e-818e-ae698f57f50b [3mplatform[0m[2m=[0mPolymarket [3mbid[0m[2m=[0m0.62 [3mask[0m[2m=[0m0.63 [3mmid[0m[2m=[0m0.6250 [3mbid_size[0m[2m=[0m138.39 [3mask_size[0m[2m=[0m13
[2m2026-04-12T20:31:11.987844Z[0m [34mDEBUG[0m [2mmercury::engine::market_actor[0m[2m:[0m Tick received — running arb detection [3mmarket_id[0m[2m=[0m631deb8c-fbb4-489e-818e-ae698f57f50b [3mplatform[0m[2m=[0mPolymarket [3mbid[0m[2m=[0m0.62 [3mask[0m[2m=[0m0.63 [3mmid[0m[2m=[0m0.6250 [3mbid_size[0m[2m=[0m138.39 [3mask_size[0m[2m=[0m13
[2m2026-04-12T20:31:11.988039Z[0m [34mDEBUG[0m [2mmercury::engine::market_actor[0m[2m:[0m Tick received — running arb detection [3mmarket_id[0m[2m=[0m631deb8c-fbb4-489e-818e-ae698f57f50b [3mplatform[0m[2m=[0mPolymarket [3mbid[0m[2m=[0m0.62 [3mask[0m[2m=[0m0.63 [3mmid[0m[2m=[0m0.6250 [3mbid_size[0m[2m=[0m138.39 [3mask_size[0m[2m=[0m13
[2m2026-04-12T20:31:11.988225Z[0m [34mDEBUG[0m [2mmercury::engine::market_actor[0m[2m:[0m Tick received — running arb detection [3mmarket_id[0m[2m=[0m631deb8c-fbb4-489e-818e-ae698f57f50b [3mplatform[0m[2m=[0mPolymarket [3mbid[0m[2m=[0m0.62 [3mask[0m[2m=[0m0.63 [3mmid[0m[2m=[0m0.6250 [3mbid_size[0m[2m=[0m138.39 [3mask_size[0m[2m=[0m13
[2m2026-04-12T20:31:11.988300Z[0m [34mDEBUG[0m [2mmercury::engine::market_actor[0m[2m:[0m Tick received — running arb detection [3mmarket_id[0m[2m=[0m189bf673-b643-45a5-be39-c4a3275d71a0 [3mplatform[0m[2m=[0mPolymarket [3mbid[0m[2m=[0m0.99 [3mask[0m[2m=[0m0 [3mmid[0m[2m=[0m0.99 [3mbid_size[0m[2m=[0m931730.54 [3mask_size[0m[2m=[0m0
[2m2026-04-12T20:31:11.988414Z[0m [34mDEBUG[0m [2mmercury::engine::market_actor[0m[2m:[0m Tick received — running arb detection [3mmarket_id[0m[2m=[0m631deb8c-fbb4-489e-818e-ae698f57f50b [3mplatform[0m[2m=[0mPolymarket [3mbid[0m[2m=[0m0.62 [3mask[0m[2m=[0m0.63 [3mmid[0m[2m=[0m0.6250 [3mbid_size[0m[2m=[0m138.39 [3mask_size[0m[2m=[0m13
[2m2026-04-12T20:31:11.988509Z[0m [34mDEBUG[0m [2mmercury::engine::market_actor[0m[2m:[0m Tick received — running arb detection [3mmarket_id[0m[2m=[0m2b958b37-9921-40b8-b22d-64a67138ae70 [3mplatform[0m[2m=[0mPolymarket [3mbid[0m[2m=[0m0.56 [3mask[0m[2m=[0m0.6 [3mmid[0m[2m=[0m0.58 [3mbid_size[0m[2m=[0m61.27 [3mask_size[0m[2m=[0m6.72
[2m2026-04-12T20:31:11.988602Z[0m [34mDEBUG[0m [2mmercury::engine::market_actor[0m[2m:[0m Tick received — running arb detection [3mmarket_id[0m[2m=[0m631deb8c-fbb4-489e-818e-ae698f57f50b [3mplatform[0m[2m=[0mPolymarket [3mbid[0m[2m=[0m0.62 [3mask[0m[2m=[0m0.63 [3mmid[0m[2m=[0m0.6250 [3mbid_size[0m[2m=[0m138.39 [3mask_size[0m[2m=[0m13
[2m2026-04-12T20:31:11.988661Z[0m [34mDEBUG[0m [2mmercury::engine::market_actor[0m[2m:[0m Tick received — running arb detection [3mmarket_id[0m[2m=[0m9046452d-bcb3-4bb8-8925-8924b7439992 [3mplatform[0m[2m=[0mPolymarket [3mbid[0m[2m=[0m0.56 [3mask[0m[2m=[0m0.57 [3mmid[0m[2m=[0m0.5650 [3mbid_size[0m[2m=[0m187.8 [3mask_size[0m[2m=[0m36.77
[2m2026-04-12T20:31:11.988924Z[0m [34mDEBUG[0m [2mmercury::engine::market_actor[0m[2m:[0m Tick received — running arb detection [3mmarket_id[0m[2m=[0m9046452d-bcb3-4bb8-8925-8924b7439992 [3mplatform[0m[2m=[0mPolymarket [3mbid[0m[2m=[0m0.56 [3mask[0m[2m=[0m0.57 [3mmid[0m[2m=[0m0.5650 [3mbid_size[0m[2m=[0m187.8 [3mask_size[0m[2m=[0m36.77
[2m2026-04-12T20:31:11.989005Z[0m [34mDEBUG[0m [2mmercury::engine::market_actor[0m[2m:[0m Tick received — running arb detection [3mmarket_id[0m[2m=[0m2b958b37-9921-40b8-b22d-64a67138ae70 [3mplatform[0m[2m=[0mPolymarket [3mbid[0m[2m=[0m0.56 [3mask[0m[2m=[0m0.6 [3mmid[0m[2m=[0m0.58 [3mbid_size[0m[2m=[0m61.27 [3mask_size[0m[2m=[0m6.72
[2m2026-04-12T20:31:11.989079Z[0m [34mDEBUG[0m [2mmercury::engine::market_actor[0m[2m:[0m Tick received — running arb detection [3mmarket_id[0m[2m=[0m79e1f598-7189-438f-a66e-b184b04be477 [3mplatform[0m[2m=[0mPolymarket [3mbid[0m[2m=[0m0.45 [3mask[0m[2m=[0m0.47 [3mmid[0m[2m=[0m0.46 [3mbid_size[0m[2m=[0m5.04 [3mask_size[0m[2m=[0m66.74
[2m2026-04-12T20:31:11.989193Z[0m [34mDEBUG[0m [2mmercury::feeds::polymarket[0m[2m:[0m Unknown Polymarket event type [3mevent_type[0m[2m=[0mbest_bid_ask
[2m2026-04-12T20:31:11.989233Z[0m [34mDEBUG[0m [2mmercury::engine::market_actor[0m[2m:[0m Tick received — running arb detection [3mmarket_id[0m[2m=[0m79e1f598-7189-438f-a66e-b184b04be477 [3mplatform[0m[2m=[0mPolymarket [3mbid[0m[2m=[0m0.45 [3mask[0m[2m=[0m0.47 [3mmid[0m[2m=[0m0.46 [3mbid_size[0m[2m=[0m5.04 [3mask_size[0m[2m=[0m66.74
[2m2026-04-12T20:31:11.989251Z[0m [34mDEBUG[0m [2mmercury::engine::market_actor[0m[2m:[0m Tick received — running arb detection [3mmarket_id[0m[2m=[0m631deb8c-fbb4-489e-818e-ae698f57f50b [3mplatform[0m[2m=[0mPolymarket [3mbid[0m[2m=[0m0.62 [3mask[0m[2m=[0m0.63 [3mmid[0m[2m=[0m0.6250 [3mbid_size[0m[2m=[0m138.39 [3mask_size[0m[2m=[0m13
[2m2026-04-12T20:31:11.989471Z[0m [34mDEBUG[0m [2mmercury::engine::market_actor[0m[2m:[0m Tick received — running arb detection [3mmarket_id[0m[2m=[0m631deb8c-fbb4-489e-818e-ae698f57f50b [3mplatform[0m[2m=[0mPolymarket [3mbid[0m[2m=[0m0.62 [3mask[0m[2m=[0m0.63 [3mmid[0m[2m=[0m0.6250 [3mbid_size[0m[2m=[0m138.39 [3mask_size[0m[2m=[0m13
[2m2026-04-12T20:31:11.989631Z[0m [34mDEBUG[0m [2mmercury::engine::market_actor[0m[2m:[0m Tick received — running arb detection [3mmarket_id[0m[2m=[0m631deb8c-fbb4-489e-818e-ae698f57f50b [3mplatform[0m[2m=[0mPolymarket [3mbid[0m[2m=[0m0.62 [3mask[0m[2m=[0m0.64 [3mmid[0m[2m=[0m0.63 [3mbid_size[0m[2m=[0m138.39 [3mask_size[0m[2m=[0m92.65
[2m2026-04-12T20:31:11.990139Z[0m [34mDEBUG[0m [2mmercury::engine::market_actor[0m[2m:[0m Tick received — running arb detection [3mmarket_id[0m[2m=[0m631deb8c-fbb4-489e-818e-ae698f57f50b [3mplatform[0m[2m=[0mPolymarket [3mbid[0m[2m=[0m0.62 [3mask[0m[2m=[0m0.64 [3mmid[0m[2m=[0m0.63 [3mbid_size[0m[2m=[0m138.39 [3mask_size[0m[2m=[0m92.65
[2m2026-04-12T20:31:11.990311Z[0m [34mDEBUG[0m [2mmercury::engine::market_actor[0m[2m:[0m Tick received — running arb detection [3mmarket_id[0m[2m=[0m631deb8c-fbb4-489e-818e-ae698f57f50b [3mplatform[0m[2m=[0mPolymarket [3mbid[0m[2m=[0m0.62 [3mask[0m[2m=[0m0.64 [3mmid[0m[2m=[0m0.63 [3mbid_size[0m[2m=[0m158.39 [3mask_size[0m[2m=[0m92.65
[2m2026-04-12T20:31:11.990459Z[0m [34mDEBUG[0m [2mmercury::engine::market_actor[0m[2m:[0m Tick received — running arb detection [3mmarket_id[0m[2m=[0m631deb8c-fbb4-489e-818e-ae698f57f50b [3mplatform[0m[2m=[0mPolymarket [3mbid[0m[2m=[0m0.62 [3mask[0m[2m=[0m0.64 [3mmid[0m[2m=[0m0.63 [3mbid_size[0m[2m=[0m158.39 [3mask_size[0m[2m=[0m92.65
[2m2026-04-12T20:31:12.036591Z[0m [34mDEBUG[0m [2mmercury::feeds::polymarket[0m[2m:[0m Unknown Polymarket event type [3mevent_type[0m[2m=[0mbest_bid_ask
[2m2026-04-12T20:31:12.037054Z[0m [34mDEBUG[0m [2mmercury::engine::market_actor[0m[2m:[0m Tick received — running arb detection [3mmarket_id[0m[2m=[0m631deb8c-fbb4-489e-818e-ae698f57f50b [3mplatform[0m[2m=[0mPolymarket [3mbid[0m[2m=[0m0.63 [3mask[0m[2m=[0m0.64 [3mmid[0m[2m=[0m0.6350 [3mbid_size[0m[2m=[0m22.5 [3mask_size[0m[2m=[0m92.65
[2m2026-04-12T20:31:12.037237Z[0m [34mDEBUG[0m [2mmercury::engine::market_actor[0m[2m:[0m Tick received — running arb detection [3mmarket_id[0m[2m=[0m631deb8c-fbb4-489e-818e-ae698f57f50b [3mplatform[0m[2m=[0mPolymarket [3mbid[0m[2m=[0m0.63 [3mask[0m[2m=[0m0.64 [3mmid[0m[2m=[0m0.6350 [3mbid_size[0m[2m=[0m22.5 [3mask_size[0m[2m=[0m92.65
[2m2026-04-12T20:31:12.037389Z[0m [34mDEBUG[0m [2mmercury::engine::market_actor[0m[2m:[0m Tick received — running arb detection [3mmarket_id[0m[2m=[0m631deb8c-fbb4-489e-818e-ae698f57f50b [3mplatform[0m[2m=[0mPolymarket [3mbid[0m[2m=[0m0.63 [3mask[0m[2m=[0m0.64 [3mmid[0m[2m=[0m0.6350 [3mbid_size[0m[2m=[0m22.5 [3mask_size[0m[2m=[0m92.65
[2m2026-04-12T20:31:12.037541Z[0m [34mDEBUG[0m [2mmercury::engine::market_actor[0m[2m:[0m Tick received — running arb detection [3mmarket_id[0m[2m=[0m631deb8c-fbb4-489e-818e-ae698f57f50b [3mplatform[0m[2m=[0mPolymarket [3mbid[0m[2m=[0m0.63 [3mask[0m[2m=[0m0.64 [3mmid[0m[2m=[0m0.6350 [3mbid_size[0m[2m=[0m22.5 [3mask_size[0m[2m=[0m92.65
[2m2026-04-12T20:31:12.037688Z[0m [34mDEBUG[0m [2mmercury::engine::market_actor[0m[2m:[0m Tick received — running arb detection [3mmarket_id[0m[2m=[0m631deb8c-fbb4-489e-818e-ae698f57f50b [3mplatform[0m[2m=[0mPolymarket [3mbid[0m[2m=[0m0.63 [3mask[0m[2m=[0m0.64 [3mmid[0m[2m=[0m0.6350 [3mbid_size[0m[2m=[0m22.5 [3mask_size[0m[2m=[0m92.65
[2m2026-04-12T20:31:12.037833Z[0m [34mDEBUG[0m [2mmercury::engine::market_actor[0m[2m:[0m Tick received — running arb detection [3mmarket_id[0m[2m=[0m631deb8c-fbb4-489e-818e-ae698f57f50b [3mplatform[0m[2m=[0mPolymarket [3mbid[0m[2m=[0m0.63 [3mask[0m[2m=[0m0.64 [3mmid[0m[2m=[0m0.6350 [3mbid_size[0m[2m=[0m22.5 [3mask_size[0m[2m=[0m92.65
[2m2026-04-12T20:31:12.037990Z[0m [34mDEBUG[0m [2mmercury::engine::market_actor[0m[2m:[0m Tick received — running arb detection [3mmarket_id[0m[2m=[0m631deb8c-fbb4-489e-818e-ae698f57f50b [3mplatform[0m[2m=[0mPolymarket [3mbid[0m[2m=[0m0.63 [3mask[0m[2m=[0m0.64 [3mmid[0m[2m=[0m0.6350 [3mbid_size[0m[2m=[0m34.5 [3mask_size[0m[2m=[0m92.65
[2m2026-04-12T20:31:12.038132Z[0m [34mDEBUG[0m [2mmercury::engine::market_actor[0m[2m:[0m Tick received — running arb detection [3mmarket_id[0m[2m=[0m631deb8c-fbb4-489e-818e-ae698f57f50b [3mplatform[0m[2m=[0mPolymarket [3mbid[0m[2m=[0m0.63 [3mask[0m[2m=[0m0.64 [3mmid[0m[2m=[0m0.6350 [3mbid_size[0m[2m=[0m55.5 [3mask_size[0m[2m=[0m92.65
[2m2026-04-12T20:31:12.038276Z[0m [34mDEBUG[0m [2mmercury::engine::market_actor[0m[2m:[0m Tick received — running arb detection [3mmarket_id[0m[2m=[0m631deb8c-fbb4-489e-818e-ae698f57f50b [3mplatform[0m[2m=[0mPolymarket [3mbid[0m[2m=[0m0.63 [3mask[0m[2m=[0m0.64 [3mmid[0m[2m=[0m0.6350 [3mbid_size[0m[2m=[0m55.5 [3mask_size[0m[2m=[0m92.65
[2m2026-04-12T20:31:12.038419Z[0m [34mDEBUG[0m [2mmercury::engine::market_actor[0m[2m:[0m Tick received — running arb detection [3mmarket_id[0m[2m=[0m631deb8c-fbb4-489e-818e-ae698f57f50b [3mplatform[0m[2m=[0mPolymarket [3mbid[0m[2m=[0m0.63 [3mask[0m[2m=[0m0.64 [3mmid[0m[2m=[0m0.6350 [3mbid_size[0m[2m=[0m85.5 [3mask_size[0m[2m=[0m92.65
[2m2026-04-12T20:31:12.038564Z[0m [34mDEBUG[0m [2mmercury::engine::market_actor[0m[2m:[0m Tick received — running arb detection [3mmarket_id[0m[2m=[0m631deb8c-fbb4-489e-818e-ae698f57f50b [3mplatform[0m[2m=[0mPolymarket [3mbid[0m[2m=[0m0.63 [3mask[0m[2m=[0m0.64 [3mmid[0m[2m=[0m0.6350 [3mbid_size[0m[2m=[0m85.5 [3mask_size[0m[2m=[0m92.65
[2m2026-04-12T20:31:12.038710Z[0m [34mDEBUG[0m [2mmercury::engine::market_actor[0m[2m:[0m Tick received — running arb detection [3mmarket_id[0m[2m=[0m631deb8c-fbb4-489e-818e-ae698f57f50b [3mplatform[0m[2m=[0mPolymarket [3mbid[0m[2m=[0m0.63 [3mask[0m[2m=[0m0.64 [3mmid[0m[2m=[0m0.6350 [3mbid_size[0m[2m=[0m85.5 [3mask_size[0m[2m=[0m92.65
[2m2026-04-12T20:31:12.038875Z[0m [34mDEBUG[0m [2mmercury::engine::market_actor[0m[2m:[0m Tick received — running arb detection [3mmarket_id[0m[2m=[0m631deb8c-fbb4-489e-818e-ae698f57f50b [3mplatform[0m[2m=[0mPolymarket [3mbid[0m[2m=[0m0.63 [3mask[0m[2m=[0m0.64 [3mmid[0m[2m=[0m0.6350 [3mbid_size[0m[2m=[0m85.5 [3mask_size[0m[2m=[0m92.65
[2m2026-04-12T20:31:12.039003Z[0m [34mDEBUG[0m [2mmercury::engine::market_actor[0m[2m:[0m Tick received — running arb detection [3mmarket_id[0m[2m=[0m631deb8c-fbb4-489e-818e-ae698f57f50b [3mplatform[0m[2m=[0mPolymarket [3mbid[0m[2m=[0m0.63 [3mask[0m[2m=[0m0.64 [3mmid[0m[2m=[0m0.6350 [3mbid_size[0m[2m=[0m85.5 [3mask_size[0m[2m=[0m92.65
[2m2026-04-12T20:31:12.039136Z[0m [34mDEBUG[0m [2mmercury::engine::market_actor[0m[2m:[0m Tick received — running arb detection [3mmarket_id[0m[2m=[0m631deb8c-fbb4-489e-818e-ae698f57f50b [3mplatform[0m[2m=[0mPolymarket [3mbid[0m[2m=[0m0.63 [3mask[0m[2m=[0m0.64 [3mmid[0m[2m=[0m0.6350 [3mbid_size[0m[2m=[0m85.5 [3mask_size[0m[2m=[0m92.65
[2m2026-04-12T20:31:12.039263Z[0m [34mDEBUG[0m [2mmercury::engine::market_actor[0m[2m:[0m Tick received — running arb detection [3mmarket_id[0m[2m=[0m631deb8c-fbb4-489e-818e-ae698f57f50b [3mplatform[0m[2m=[0mPolymarket [3mbid[0m[2m=[0m0.63 [3mask[0m[2m=[0m0.64 [3mmid[0m[2m=[0m0.6350 [3mbid_size[0m[2m=[0m85.5 [3mask_size[0m[2m=[0m92.65
[2m2026-04-12T20:31:12.039391Z[0m [34mDEBUG[0m [2mmercury::engine::market_actor[0m[2m:[0m Tick received — running arb detection [3mmarket_id[0m[2m=[0m631deb8c-fbb4-489e-818e-ae698f57f50b [3mplatform[0m[2m=[0mPolymarket [3mbid[0m[2m=[0m0.63 [3mask[0m[2m=[0m0.64 [3mmid[0m[2m=[0m0.6350 [3mbid_size[0m[2m=[0m85.5 [3mask_size[0m[2m=[0m92.65
[2m2026-04-12T20:31:12.039519Z[0m [34mDEBUG[0m [2mmercury::engine::market_actor[0m[2m:[0m Tick received — running arb detection [3mmarket_id[0m[2m=[0m631deb8c-fbb4-489e-818e-ae698f57f50b [3mplatform[0m[2m=[0mPolymarket [3mbid[0m[2m=[0m0.63 [3mask[0m[2m=[0m0.64 [3mmid[0m[2m=[0m0.6350 [3mbid_size[0m[2m=[0m85.5 [3mask_size[0m[2m=[0m92.65
[2m2026-04-12T20:31:12.039648Z[0m [34mDEBUG[0m [2mmercury::engine::market_actor[0m[2m:[0m Tick received — running arb detection [3mmarket_id[0m[2m=[0m631deb8c-fbb4-489e-818e-ae698f57f50b [3mplatform[0m[2m=[0mPolymarket [3mbid[0m[2m=[0m0.63 [3mask[0m[2m=[0m0.64 [3mmid[0m[2m=[0m0.6350 [3mbid_size[0m[2m=[0m97.5 [3mask_size[0m[2m=[0m92.65
[2m2026-04-12T20:31:12.039776Z[0m [34mDEBUG[0m [2mmercury::engine::market_actor[0m[2m:[0m Tick received — running arb detection [3mmarket_id[0m[2m=[0m631deb8c-fbb4-489e-818e-ae698f57f50b [3mplatform[0m[2m=[0mPolymarket [3mbid[0m[2m=[0m0.63 [3mask[0m[2m=[0m0.64 [3mmid[0m[2m=[0m0.6350 [3mbid_size[0m[2m=[0m102.5 [3mask_size[0m[2m=[0m92.65
[2m2026-04-12T20:31:12.039905Z[0m [34mDEBUG[0m [2mmercury::engine::market_actor[0m[2m:[0m Tick received — running arb detection [3mmarket_id[0m[2m=[0m631deb8c-fbb4-489e-818e-ae698f57f50b [3mplatform[0m[2m=[0mPolymarket [3mbid[0m[2m=[0m0.63 [3mask[0m[2m=[0m0.64 [3mmid[0m[2m=[0m0.6350 [3mbid_size[0m[2m=[0m102.5 [3mask_size[0m[2m=[0m92.65
[2m2026-04-12T20:31:12.040033Z[0m [34mDEBUG[0m [2mmercury::engine::market_actor[0m[2m:[0m Tick received — running arb detection [3mmarket_id[0m[2m=[0m631deb8c-fbb4-489e-818e-ae698f57f50b [3mplatform[0m[2m=[0mPolymarket [3mbid[0m[2m=[0m0.63 [3mask[0m[2m=[0m0.64 [3mmid[0m[2m=[0m0.6350 [3mbid_size[0m[2m=[0m107.5 [3mask_size[0m[2m=[0m92.65
[2m2026-04-12T20:31:12.040161Z[0m [34mDEBUG[0m [2mmercury::engine::market_actor[0m[2m:[0m Tick received — running arb detection [3mmarket_id[0m[2m=[0m631deb8c-fbb4-489e-818e-ae698f57f50b [3mplatform[0m[2m=[0mPolymarket [3mbid[0m[2m=[0m0.63 [3mask[0m[2m=[0m0.64 [3mmid[0m[2m=[0m0.6350 [3mbid_size[0m[2m=[0m107.5 [3mask_size[0m[2m=[0m92.65
[2m2026-04-12T20:31:12.040293Z[0m [34mDEBUG[0m [2mmercury::engine::market_actor[0m[2m:[0m Tick received — running arb detection [3mmarket_id[0m[2m=[0m631deb8c-fbb4-489e-818e-ae698f57f50b [3mplatform[0m[2m=[0mPolymarket [3mbid[0m[2m=[0m0.63 [3mask[0m[2m=[0m0.64 [3mmid[0m[2m=[0m0.6350 [3mbid_size[0m[2m=[0m107.5 [3mask_size[0m[2m=[0m92.65
[2m2026-04-12T20:31:12.040421Z[0m [34mDEBUG[0m [2mmercury::engine::market_actor[0m[2m:[0m Tick received — running arb detection [3mmarket_id[0m[2m=[0m631deb8c-fbb4-489e-818e-ae698f57f50b [3mplatform[0m[2m=[0mPolymarket [3mbid[0m[2m=[0m0.63 [3mask[0m[2m=[0m0.64 [3mmid[0m[2m=[0m0.6350 [3mbid_size[0m[2m=[0m107.5 [3mask_size[0m[2m=[0m92.65
[2m2026-04-12T20:31:12.040552Z[0m [34mDEBUG[0m [2mmercury::engine::market_actor[0m[2m:[0m Tick received — running arb detection [3mmarket_id[0m[2m=[0m631deb8c-fbb4-489e-818e-ae698f57f50b [3mplatform[0m[2m=[0mPolymarket [3mbid[0m[2m=[0m0.63 [3mask[0m[2m=[0m0.64 [3mmid[0m[2m=[0m0.6350 [3mbid_size[0m[2m=[0m107.5 [3mask_size[0m[2m=[0m92.65
[2m2026-04-12T20:31:12.040681Z[0m [34mDEBUG[0m [2mmercury::engine::market_actor[0m[2m:[0m Tick received — running arb detection [3mmarket_id[0m[2m=[0m631deb8c-fbb4-489e-818e-ae698f57f50b [3mplatform[0m[2m=[0mPolymarket [3mbid[0m[2m=[0m0.63 [3mask[0m[2m=[0m0.64 [3mmid[0m[2m=[0m0.6350 [3mbid_size[0m[2m=[0m107.5 [3mask_size[0m[2m=[0m92.65
[2m2026-04-12T20:31:12.048301Z[0m [34mDEBUG[0m [2mmercury::engine::market_actor[0m[2m:[0m Tick received — running arb detection [3mmarket_id[0m[2m=[0m631deb8c-fbb4-489e-818e-ae698f57f50b [3mplatform[0m[2m=[0mPolymarket [3mbid[0m[2m=[0m0.63 [3mask[0m[2m=[0m0.64 [3mmid[0m[2m=[0m0.6350 [3mbid_size[0m[2m=[0m107.5 [3mask_size[0m[2m=[0m97.65
[2m2026-04-12T20:31:12.048479Z[0m [34mDEBUG[0m [2mmercury::engine::market_actor[0m[2m:[0m Tick received — running arb detection [3mmarket_id[0m[2m=[0m631deb8c-fbb4-489e-818e-ae698f57f50b [3mplatform[0m[2m=[0mPolymarket [3mbid[0m[2m=[0m0.63 [3mask[0m[2m=[0m0.64 [3mmid[0m[2m=[0m0.6350 [3mbid_size[0m[2m=[0m107.5 [3mask_size[0m[2m=[0m97.65
[2m2026-04-12T20:31:12.048626Z[0m [34mDEBUG[0m [2mmercury::engine::market_actor[0m[2m:[0m Tick received — running arb detection [3mmarket_id[0m[2m=[0m631deb8c-fbb4-489e-818e-ae698f57f50b [3mplatform[0m[2m=[0mPolymarket [3mbid[0m[2m=[0m0.63 [3mask[0m[2m=[0m0.64 [3mmid[0m[2m=[0m0.6350 [3mbid_size[0m[2m=[0m112.5 [3mask_size[0m[2m=[0m97.65
[2m2026-04-12T20:31:12.090630Z[0m [34mDEBUG[0m [2mmercury::engine::market_actor[0m[2m:[0m Tick received — running arb detection [3mmarket_id[0m[2m=[0m631deb8c-fbb4-489e-818e-ae698f57f50b [3mplatform[0m[2m=[0mPolymarket [3mbid[0m[2m=[0m0.63 [3mask[0m[2m=[0m0.64 [3mmid[0m[2m=[0m0.6350 [3mbid_size[0m[2m=[0m117.5 [3mask_size[0m[2m=[0m97.65
[2m2026-04-12T20:31:12.090651Z[0m [34mDEBUG[0m [2mmercury::engine::market_actor[0m[2m:[0m Tick received — running arb detection [3mmarket_id[0m[2m=[0m79e1f598-7189-438f-a66e-b184b04be477 [3mplatform[0m[2m=[0mPolymarket [3mbid[0m[2m=[0m0.45 [3mask[0m[2m=[0m0.47 [3mmid[0m[2m=[0m0.46 [3mbid_size[0m[2m=[0m5.04 [3mask_size[0m[2m=[0m66.74
[2m2026-04-12T20:31:12.090908Z[0m [34mDEBUG[0m [2mmercury::engine::market_actor[0m[2m:[0m Tick received — running arb detection [3mmarket_id[0m[2m=[0m9046452d-bcb3-4bb8-8925-8924b7439992 [3mplatform[0m[2m=[0mPolymarket [3mbid[0m[2m=[0m0.56 [3mask[0m[2m=[0m0.57 [3mmid[0m[2m=[0m0.5650 [3mbid_size[0m[2m=[0m187.8 [3mask_size[0m[2m=[0m36.77
[2m2026-04-12T20:31:12.090921Z[0m [34mDEBUG[0m [2mmercury::engine::market_actor[0m[2m:[0m Tick received — running arb detection [3mmarket_id[0m[2m=[0m631deb8c-fbb4-489e-818e-ae698f57f50b [3mplatform[0m[2m=[0mPolymarket [3mbid[0m[2m=[0m0.63 [3mask[0m[2m=[0m0.64 [3mmid[0m[2m=[0m0.6350 [3mbid_size[0m[2m=[0m117.5 [3mask_size[0m[2m=[0m97.65
[2m2026-04-12T20:31:12.091136Z[0m [34mDEBUG[0m [2mmercury::engine::market_actor[0m[2m:[0m Tick received — running arb detection [3mmarket_id[0m[2m=[0m9046452d-bcb3-4bb8-8925-8924b7439992 [3mplatform[0m[2m=[0mPolymarket [3mbid[0m[2m=[0m0.56 [3mask[0m[2m=[0m0.57 [3mmid[0m[2m=[0m0.5650 [3mbid_size[0m[2m=[0m187.8 [3mask_size[0m[2m=[0m36.77
[2m2026-04-12T20:31:12.091221Z[0m [34mDEBUG[0m [2mmercury::engine::market_actor[0m[2m:[0m Tick received — running arb detection [3mmarket_id[0m[2m=[0m79e1f598-7189-438f-a66e-b184b04be477 [3mplatform[0m[2m=[0mPolymarket [3mbid[0m[2m=[0m0.45 [3mask[0m[2m=[0m0.47 [3mmid[0m[2m=[0m0.46 [3mbid_size[0m[2m=[0m5.04 [3mask_size[0m[2m=[0m66.74
[2m2026-04-12T20:31:12.091348Z[0m [34mDEBUG[0m [2mmercury::engine::market_actor[0m[2m:[0m Tick received — running arb detection [3mmarket_id[0m[2m=[0m2b958b37-9921-40b8-b22d-64a67138ae70 [3mplatform[0m[2m=[0mPolymarket [3mbid[0m[2m=[0m0.56 [3mask[0m[2m=[0m0.6 [3mmid[0m[2m=[0m0.58 [3mbid_size[0m[2m=[0m61.27 [3mask_size[0m[2m=[0m6.72
[2m2026-04-12T20:31:12.091536Z[0m [34mDEBUG[0m [2mmercury::engine::market_actor[0m[2m:[0m Tick received — running arb detection [3mmarket_id[0m[2m=[0m2b958b37-9921-40b8-b22d-64a67138ae70 [3mplatform[0m[2m=[0mPolymarket [3mbid[0m[2m=[0m0.56 [3mask[0m[2m=[0m0.6 [3mmid[0m[2m=[0m0.58 [3mbid_size[0m[2m=[0m61.27 [3mask_size[0m[2m=[0m6.72
[2m2026-04-12T20:31:12.091621Z[0m [34mDEBUG[0m [2mmercury::engine::market_actor[0m[2m:[0m Tick received — running arb detection [3mmarket_id[0m[2m=[0m631deb8c-fbb4-489e-818e-ae698f57f50b [3mplatform[0m[2m=[0mPolymarket [3mbid[0m[2m=[0m0.63 [3mask[0m[2m=[0m0.64 [3mmid[0m[2m=[0m0.6350 [3mbid_size[0m[2m=[0m122.5 [3mask_size[0m[2m=[0m97.65
[2m2026-04-12T20:31:12.091848Z[0m [34mDEBUG[0m [2mmercury::engine::market_actor[0m[2m:[0m Tick received — running arb detection [3mmarket_id[0m[2m=[0m631deb8c-fbb4-489e-818e-ae698f57f50b [3mplatform[0m[2m=[0mPolymarket [3mbid[0m[2m=[0m0.63 [3mask[0m[2m=[0m0.64 [3mmid[0m[2m=[0m0.6350 [3mbid_size[0m[2m=[0m127.5 [3mask_size[0m[2m=[0m97.65
[2m2026-04-12T20:31:12.091869Z[0m [32m INFO[0m [2mmercury::feeds::discovery[0m[2m:[0m 15m crypto round matched [3masset[0m[2m=[0msol [3mround_start[0m[2m=[0m1776025800 [3mpoly[0m[2m=[0mtrue [3mkalshi[0m[2m=[0mtrue
[2m2026-04-12T20:31:12.092054Z[0m [34mDEBUG[0m [2mmercury::engine::market_actor[0m[2m:[0m Tick received — running arb detection [3mmarket_id[0m[2m=[0m631deb8c-fbb4-489e-818e-ae698f57f50b [3mplatform[0m[2m=[0mPolymarket [3mbid[0m[2m=[0m0.63 [3mask[0m[2m=[0m0.64 [3mmid[0m[2m=[0m0.6350 [3mbid_size[0m[2m=[0m127.5 [3mask_size[0m[2m=[0m97.65
[2m2026-04-12T20:31:12.092241Z[0m [34mDEBUG[0m [2mmercury::engine::market_actor[0m[2m:[0m Tick received — running arb detection [3mmarket_id[0m[2m=[0m631deb8c-fbb4-489e-818e-ae698f57f50b [3mplatform[0m[2m=[0mPolymarket [3mbid[0m[2m=[0m0.63 [3mask[0m[2m=[0m0.64 [3mmid[0m[2m=[0m0.6350 [3mbid_size[0m[2m=[0m132.5 [3mask_size[0m[2m=[0m97.65
[2m2026-04-12T20:31:12.092389Z[0m [34mDEBUG[0m [2mmercury::engine::market_actor[0m[2m:[0m Tick received — running arb detection [3mmarket_id[0m[2m=[0m631deb8c-fbb4-489e-818e-ae698f57f50b [3mplatform[0m[2m=[0mPolymarket [3mbid[0m[2m=[0m0.63 [3mask[0m[2m=[0m0.64 [3mmid[0m[2m=[0m0.6350 [3mbid_size[0m[2m=[0m132.5 [3mask_size[0m[2m=[0m97.65
[2m2026-04-12T20:31:12.092538Z[0m [34mDEBUG[0m [2mmercury::engine::market_actor[0m[2m:[0m Tick received — running arb detection [3mmarket_id[0m[2m=[0m631deb8c-fbb4-489e-818e-ae698f57f50b [3mplatform[0m[2m=[0mPolymarket [3mbid[0m[2m=[0m0.63 [3mask[0m[2m=[0m0.64 [3mmid[0m[2m=[0m0.6350 [3mbid_size[0m[2m=[0m132.5 [3mask_size[0m[2m=[0m97.65
[2m2026-04-12T20:31:12.100931Z[0m [34mDEBUG[0m [2mmercury::engine::market_actor[0m[2m:[0m Tick received — running arb detection [3mmarket_id[0m[2m=[0m631deb8c-fbb4-489e-818e-ae698f57f50b [3mplatform[0m[2m=[0mPolymarket [3mbid[0m[2m=[0m0.63 [3mask[0m[2m=[0m0.64 [3mmid[0m[2m=[0m0.6350 [3mbid_size[0m[2m=[0m132.5 [3mask_size[0m[2m=[0m97.65
[2m2026-04-12T20:31:12.101205Z[0m [34mDEBUG[0m [2mmercury::engine::market_actor[0m[2m:[0m Tick received — running arb detection [3mmarket_id[0m[2m=[0m631deb8c-fbb4-489e-818e-ae698f57f50b [3mplatform[0m[2m=[0mPolymarket [3mbid[0m[2m=[0m0.63 [3mask[0m[2m=[0m0.64 [3mmid[0m[2m=[0m0.6350 [3mbid_size[0m[2m=[0m132.5 [3mask_size[0m[2m=[0m97.65
[2m2026-04-12T20:31:12.101405Z[0m [34mDEBUG[0m [2mmercury::engine::market_actor[0m[2m:[0m Tick received — running arb detection [3mmarket_id[0m[2m=[0m631deb8c-fbb4-489e-818e-ae698f57f50b [3mplatform[0m[2m=[0mPolymarket [3mbid[0m[2m=[0m0.63 [3mask[0m[2m=[0m0.64 [3mmid[0m[2m=[0m0.6350 [3mbid_size[0m[2m=[0m132.5 [3mask_size[0m[2m=[0m97.65
[2m2026-04-12T20:31:12.138989Z[0m [34mDEBUG[0m [2mmercury::engine::market_actor[0m[2m:[0m Tick received — running arb detection [3mmarket_id[0m[2m=[0m2b958b37-9921-40b8-b22d-64a67138ae70 [3mplatform[0m[2m=[0mPolymarket [3mbid[0m[2m=[0m0.56 [3mask[0m[2m=[0m0.6 [3mmid[0m[2m=[0m0.58 [3mbid_size[0m[2m=[0m61.27 [3mask_size[0m[2m=[0m6.72
[2m2026-04-12T20:31:12.149508Z[0m [34mDEBUG[0m [2mmercury::engine::market_actor[0m[2m:[0m Tick received — running arb detection [3mmarket_id[0m[2m=[0m2b958b37-9921-40b8-b22d-64a67138ae70 [3mplatform[0m[2m=[0mPolymarket [3mbid[0m[2m=[0m0.56 [3mask[0m[2m=[0m0.6 [3mmid[0m[2m=[0m0.58 [3mbid_size[0m[2m=[0m61.27 [3mask_size[0m[2m=[0m6.72
[2m2026-04-12T20:31:12.192762Z[0m [34mDEBUG[0m [2mmercury::engine::market_actor[0m[2m:[0m Tick received — running arb detection [3mmarket_id[0m[2m=[0m631deb8c-fbb4-489e-818e-ae698f57f50b [3mplatform[0m[2m=[0mPolymarket [3mbid[0m[2m=[0m0.63 [3mask[0m[2m=[0m0.64 [3mmid[0m[2m=[0m0.6350 [3mbid_size[0m[2m=[0m132.5 [3mask_size[0m[2m=[0m97.65
[2m2026-04-12T20:31:12.193018Z[0m [34mDEBUG[0m [2mmercury::engine::market_actor[0m[2m:[0m Tick received — running arb detection [3mmarket_id[0m[2m=[0m2b958b37-9921-40b8-b22d-64a67138ae70 [3mplatform[0m[2m=[0mPolymarket [3mbid[0m[2m=[0m0.56 [3mask[0m[2m=[0m0.6 [3mmid[0m[2m=[0m0.58 [3mbid_size[0m[2m=[0m61.27 [3mask_size[0m[2m=[0m6.72
[2m2026-04-12T20:31:12.244586Z[0m [34mDEBUG[0m [2mmercury::engine::market_actor[0m[2m:[0m Tick received — running arb detection [3mmarket_id[0m[2m=[0m2b958b37-9921-40b8-b22d-64a67138ae70 [3mplatform[0m[2m=[0mPolymarket [3mbid[0m[2m=[0m0.56 [3mask[0m[2m=[0m0.6 [3mmid[0m[2m=[0m0.58 [3mbid_size[0m[2m=[0m61.27 [3mask_size[0m[2m=[0m6.72
[2m2026-04-12T20:31:12.244857Z[0m [34mDEBUG[0m [2mmercury::engine::market_actor[0m[2m:[0m Tick received — running arb detection [3mmarket_id[0m[2m=[0m2b958b37-9921-40b8-b22d-64a67138ae70 [3mplatform[0m[2m=[0mPolymarket [3mbid[0m[2m=[0m0.56 [3mask[0m[2m=[0m0.6 [3mmid[0m[2m=[0m0.58 [3mbid_size[0m[2m=[0m61.27 [3mask_size[0m[2m=[0m6.72
[2m2026-04-12T20:31:12.294544Z[0m [34mDEBUG[0m [2mmercury::engine::market_actor[0m[2m:[0m Tick received — running arb detection [3mmarket_id[0m[2m=[0m2b958b37-9921-40b8-b22d-64a67138ae70 [3mplatform[0m[2m=[0mPolymarket [3mbid[0m[2m=[0m0.56 [3mask[0m[2m=[0m0.6 [3mmid[0m[2m=[0m0.58 [3mbid_size[0m[2m=[0m61.27 [3mask_size[0m[2m=[0m6.72
[2m2026-04-12T20:31:12.294816Z[0m [34mDEBUG[0m [2mmercury::engine::market_actor[0m[2m:[0m Tick received — running arb detection [3mmarket_id[0m[2m=[0m2b958b37-9921-40b8-b22d-64a67138ae70 [3mplatform[0m[2m=[0mPolymarket [3mbid[0m[2m=[0m0.56 [3mask[0m[2m=[0m0.6 [3mmid[0m[2m=[0m0.58 [3mbid_size[0m[2m=[0m61.27 [3mask_size[0m[2m=[0m6.72
[2m2026-04-12T20:31:12.298786Z[0m [34mDEBUG[0m [2mmercury::feeds::discovery[0m[2m:[0m No Kalshi 15m market found for this round [3masset[0m[2m=[0m"sol" [3mround_start_ts[0m[2m=[0m1776026700 [3mtarget_close[0m[2m=[0m1776027600
[2m2026-04-12T20:31:12.298952Z[0m [32m INFO[0m [2mmercury::feeds::discovery[0m[2m:[0m 15m crypto round matched [3masset[0m[2m=[0msol [3mround_start[0m[2m=[0m1776026700 [3mpoly[0m[2m=[0mtrue [3mkalshi[0m[2m=[0mfalse
[2m2026-04-12T20:31:12.343294Z[0m [34mDEBUG[0m [2mmercury::feeds::polymarket[0m[2m:[0m Unknown Polymarket event type [3mevent_type[0m[2m=[0mbest_bid_ask
[2m2026-04-12T20:31:12.344962Z[0m [34mDEBUG[0m [2mmercury::engine::market_actor[0m[2m:[0m Tick received — running arb detection [3mmarket_id[0m[2m=[0m631deb8c-fbb4-489e-818e-ae698f57f50b [3mplatform[0m[2m=[0mPolymarket [3mbid[0m[2m=[0m0.63 [3mask[0m[2m=[0m0.64 [3mmid[0m[2m=[0m0.6350 [3mbid_size[0m[2m=[0m132.5 [3mask_size[0m[2m=[0m74.3
[2m2026-04-12T20:31:12.345423Z[0m [34mDEBUG[0m [2mmercury::engine::market_actor[0m[2m:[0m Tick received — running arb detection [3mmarket_id[0m[2m=[0m631deb8c-fbb4-489e-818e-ae698f57f50b [3mplatform[0m[2m=[0mPolymarket [3mbid[0m[2m=[0m0.63 [3mask[0m[2m=[0m0.64 [3mmid[0m[2m=[0m0.6350 [3mbid_size[0m[2m=[0m132.5 [3mask_size[0m[2m=[0m74.3
[2m2026-04-12T20:31:12.345592Z[0m [34mDEBUG[0m [2mmercury::engine::market_actor[0m[2m:[0m Tick received — running arb detection [3mmarket_id[0m[2m=[0m631deb8c-fbb4-489e-818e-ae698f57f50b [3mplatform[0m[2m=[0mPolymarket [3mbid[0m[2m=[0m0.63 [3mask[0m[2m=[0m0.64 [3mmid[0m[2m=[0m0.6350 [3mbid_size[0m[2m=[0m132.5 [3mask_size[0m[2m=[0m74.3
[2m2026-04-12T20:31:12.345840Z[0m [34mDEBUG[0m [2mmercury::engine::market_actor[0m[2m:[0m Tick received — running arb detection [3mmarket_id[0m[2m=[0m631deb8c-fbb4-489e-818e-ae698f57f50b [3mplatform[0m[2m=[0mPolymarket [3mbid[0m[2m=[0m0.63 [3mask[0m[2m=[0m0.64 [3mmid[0m[2m=[0m0.6350 [3mbid_size[0m[2m=[0m132.5 [3mask_size[0m[2m=[0m74.3
[2m2026-04-12T20:31:12.396777Z[0m [34mDEBUG[0m [2mmercury::feeds::polymarket[0m[2m:[0m Unknown Polymarket event type [3mevent_type[0m[2m=[0mbest_bid_ask
[2m2026-04-12T20:31:12.397614Z[0m [34mDEBUG[0m [2mmercury::engine::market_actor[0m[2m:[0m Tick received — running arb detection [3mmarket_id[0m[2m=[0m631deb8c-fbb4-489e-818e-ae698f57f50b [3mplatform[0m[2m=[0mPolymarket [3mbid[0m[2m=[0m0.63 [3mask[0m[2m=[0m0.64 [3mmid[0m[2m=[0m0.6350 [3mbid_size[0m[2m=[0m132.5 [3mask_size[0m[2m=[0m69.31
[2m2026-04-12T20:31:12.398187Z[0m [34mDEBUG[0m [2mmercury::engine::market_actor[0m[2m:[0m Tick received — running arb detection [3mmarket_id[0m[2m=[0m631deb8c-fbb4-489e-818e-ae698f57f50b [3mplatform[0m[2m=[0mPolymarket [3mbid[0m[2m=[0m0.63 [3mask[0m[2m=[0m0.64 [3mmid[0m[2m=[0m0.6350 [3mbid_size[0m[2m=[0m132.5 [3mask_size[0m[2m=[0m69.31
[2m2026-04-12T20:31:12.398405Z[0m [34mDEBUG[0m [2mmercury::engine::market_actor[0m[2m:[0m Tick received — running arb detection [3mmarket_id[0m[2m=[0m631deb8c-fbb4-489e-818e-ae698f57f50b [3mplatform[0m[2m=[0mPolymarket [3mbid[0m[2m=[0m0.63 [3mask[0m[2m=[0m0.64 [3mmid[0m[2m=[0m0.6350 [3mbid_size[0m[2m=[0m132.5 [3mask_size[0m[2m=[0m69.31
[2m2026-04-12T20:31:12.398597Z[0m [34mDEBUG[0m [2mmercury::engine::market_actor[0m[2m:[0m Tick received — running arb detection [3mmarket_id[0m[2m=[0m631deb8c-fbb4-489e-818e-ae698f57f50b [3mplatform[0m[2m=[0mPolymarket [3mbid[0m[2m=[0m0.63 [3mask[0m[2m=[0m0.64 [3mmid[0m[2m=[0m0.6350 [3mbid_size[0m[2m=[0m132.5 [3mask_size[0m[2m=[0m89.31
[2m2026-04-12T20:31:12.398821Z[0m [34mDEBUG[0m [2mmercury::engine::market_actor[0m[2m:[0m Tick received — running arb detection [3mmarket_id[0m[2m=[0m631deb8c-fbb4-489e-818e-ae698f57f50b [3mplatform[0m[2m=[0mPolymarket [3mbid[0m[2m=[0m0.63 [3mask[0m[2m=[0m0.64 [3mmid[0m[2m=[0m0.6350 [3mbid_size[0m[2m=[0m132.5 [3mask_size[0m[2m=[0m89.31
[2m2026-04-12T20:31:12.446237Z[0m [34mDEBUG[0m [2mmercury::engine::market_actor[0m[2m:[0m Tick received — running arb detection [3mmarket_id[0m[2m=[0m631deb8c-fbb4-489e-818e-ae698f57f50b [3mplatform[0m[2m=[0mPolymarket [3mbid[0m[2m=[0m0.63 [3mask[0m[2m=[0m0.64 [3mmid[0m[2m=[0m0.6350 [3mbid_size[0m[2m=[0m132.5 [3mask_size[0m[2m=[0m89.31
[2m2026-04-12T20:31:12.446652Z[0m [34mDEBUG[0m [2mmercury::engine::market_actor[0m[2m:[0m Tick received — running arb detection [3mmarket_id[0m[2m=[0m631deb8c-fbb4-489e-818e-ae698f57f50b [3mplatform[0m[2m=[0mPolymarket [3mbid[0m[2m=[0m0.63 [3mask[0m[2m=[0m0.64 [3mmid[0m[2m=[0m0.6350 [3mbid_size[0m[2m=[0m132.5 [3mask_size[0m[2m=[0m89.31
[2m2026-04-12T20:31:12.446960Z[0m [34mDEBUG[0m [2mmercury::engine::market_actor[0m[2m:[0m Tick received — running arb detection [3mmarket_id[0m[2m=[0m631deb8c-fbb4-489e-818e-ae698f57f50b [3mplatform[0m[2m=[0mPolymarket [3mbid[0m[2m=[0m0.63 [3mask[0m[2m=[0m0.64 [3mmid[0m[2m=[0m0.6350 [3mbid_size[0m[2m=[0m132.5 [3mask_size[0m[2m=[0m89.31
[2m2026-04-12T20:31:12.499713Z[0m [34mDEBUG[0m [2mmercury::engine::market_actor[0m[2m:[0m Tick received — running arb detection [3mmarket_id[0m[2m=[0m631deb8c-fbb4-489e-818e-ae698f57f50b [3mplatform[0m[2m=[0mPolymarket [3mbid[0m[2m=[0m0.63 [3mask[0m[2m=[0m0.64 [3mmid[0m[2m=[0m0.6350 [3mbid_size[0m[2m=[0m102.5 [3mask_size[0m[2m=[0m89.31
[2m2026-04-12T20:31:12.499939Z[0m [34mDEBUG[0m [2mmercury::engine::market_actor[0m[2m:[0m Tick received — running arb detection [3mmarket_id[0m[2m=[0m631deb8c-fbb4-489e-818e-ae698f57f50b [3mplatform[0m[2m=[0mPolymarket [3mbid[0m[2m=[0m0.63 [3mask[0m[2m=[0m0.64 [3mmid[0m[2m=[0m0.6350 [3mbid_size[0m[2m=[0m80 [3mask_size[0m[2m=[0m89.31
[2m2026-04-12T20:31:12.500090Z[0m [34mDEBUG[0m [2mmercury::engine::market_actor[0m[2m:[0m Tick received — running arb detection [3mmarket_id[0m[2m=[0m631deb8c-fbb4-489e-818e-ae698f57f50b [3mplatform[0m[2m=[0mPolymarket [3mbid[0m[2m=[0m0.63 [3mask[0m[2m=[0m0.64 [3mmid[0m[2m=[0m0.6350 [3mbid_size[0m[2m=[0m80 [3mask_size[0m[2m=[0m89.31
[2m2026-04-12T20:31:12.500234Z[0m [34mDEBUG[0m [2mmercury::engine::market_actor[0m[2m:[0m Tick received — running arb detection [3mmarket_id[0m[2m=[0m631deb8c-fbb4-489e-818e-ae698f57f50b [3mplatform[0m[2m=[0mPolymarket [3mbid[0m[2m=[0m0.63 [3mask[0m[2m=[0m0.64 [3mmid[0m[2m=[0m0.6350 [3mbid_size[0m[2m=[0m68 [3mask_size[0m[2m=[0m89.31
[2m2026-04-12T20:31:12.500378Z[0m [34mDEBUG[0m [2mmercury::engine::market_actor[0m[2m:[0m Tick received — running arb detection [3mmarket_id[0m[2m=[0m631deb8c-fbb4-489e-818e-ae698f57f50b [3mplatform[0m[2m=[0mPolymarket [3mbid[0m[2m=[0m0.63 [3mask[0m[2m=[0m0.64 [3mmid[0m[2m=[0m0.6350 [3mbid_size[0m[2m=[0m68 [3mask_size[0m[2m=[0m89.31
[2m2026-04-12T20:31:12.508109Z[0m [34mDEBUG[0m [2mmercury::engine::market_actor[0m[2m:[0m Tick received — running arb detection [3mmarket_id[0m[2m=[0m631deb8c-fbb4-489e-818e-ae698f57f50b [3mplatform[0m[2m=[0mPolymarket [3mbid[0m[2m=[0m0.63 [3mask[0m[2m=[0m0.64 [3mmid[0m[2m=[0m0.6350 [3mbid_size[0m[2m=[0m68 [3mask_size[0m[2m=[0m94.31
[2m2026-04-12T20:31:12.508396Z[0m [34mDEBUG[0m [2mmercury::engine::market_actor[0m[2m:[0m Tick received — running arb detection [3mmarket_id[0m[2m=[0m631deb8c-fbb4-489e-818e-ae698f57f50b [3mplatform[0m[2m=[0mPolymarket [3mbid[0m[2m=[0m0.63 [3mask[0m[2m=[0m0.64 [3mmid[0m[2m=[0m0.6350 [3mbid_size[0m[2m=[0m68 [3mask_size[0m[2m=[0m94.31
[2m2026-04-12T20:31:12.508589Z[0m [34mDEBUG[0m [2mmercury::engine::market_actor[0m[2m:[0m Tick received — running arb detection [3mmarket_id[0m[2m=[0m631deb8c-fbb4-489e-818e-ae698f57f50b [3mplatform[0m[2m=[0mPolymarket [3mbid[0m[2m=[0m0.63 [3mask[0m[2m=[0m0.64 [3mmid[0m[2m=[0m0.6350 [3mbid_size[0m[2m=[0m68 [3mask_size[0m[2m=[0m94.31
[2m2026-04-12T20:31:12.548338Z[0m [34mDEBUG[0m [2mmercury::engine::market_actor[0m[2m:[0m Tick received — running arb detection [3mmarket_id[0m[2m=[0m9046452d-bcb3-4bb8-8925-8924b7439992 [3mplatform[0m[2m=[0mPolymarket [3mbid[0m[2m=[0m0.56 [3mask[0m[2m=[0m0.57 [3mmid[0m[2m=[0m0.5650 [3mbid_size[0m[2m=[0m187.8 [3mask_size[0m[2m=[0m50.27
[2m2026-04-12T20:31:12.548555Z[0m [34mDEBUG[0m [2mmercury::engine::market_actor[0m[2m:[0m Tick received — running arb detection [3mmarket_id[0m[2m=[0m9046452d-bcb3-4bb8-8925-8924b7439992 [3mplatform[0m[2m=[0mPolymarket [3mbid[0m[2m=[0m0.56 [3mask[0m[2m=[0m0.57 [3mmid[0m[2m=[0m0.5650 [3mbid_size[0m[2m=[0m187.8 [3mask_size[0m[2m=[0m50.27
[2m2026-04-12T20:31:12.548651Z[0m [32m INFO[0m [2mmercury::monitoring::gas_oracle[0m[2m:[0m MATIC/USD price updated [3mmatic_usd[0m[2m=[0m0.10 [3mprev[0m[2m=[0m0.50
[2m2026-04-12T20:31:12.548706Z[0m [34mDEBUG[0m [2mmercury::engine::market_actor[0m[2m:[0m Tick received — running arb detection [3mmarket_id[0m[2m=[0m9046452d-bcb3-4bb8-8925-8924b7439992 [3mplatform[0m[2m=[0mPolymarket [3mbid[0m[2m=[0m0.56 [3mask[0m[2m=[0m0.57 [3mmid[0m[2m=[0m0.5650 [3mbid_size[0m[2m=[0m187.8 [3mask_size[0m[2m=[0m50.27
[2m2026-04-12T20:31:12.548807Z[0m [34mDEBUG[0m [2mmercury[0m[2m:[0m Gas parameters updated [3mgwei[0m[2m=[0m157 [3mmatic_usd[0m[2m=[0m0.10
[2m2026-04-12T20:31:12.548848Z[0m [34mDEBUG[0m [2mmercury::engine::market_actor[0m[2m:[0m Tick received — running arb detection [3mmarket_id[0m[2m=[0m9046452d-bcb3-4bb8-8925-8924b7439992 [3mplatform[0m[2m=[0mPolymarket [3mbid[0m[2m=[0m0.56 [3mask[0m[2m=[0m0.57 [3mmid[0m[2m=[0m0.5650 [3mbid_size[0m[2m=[0m187.8 [3mask_size[0m[2m=[0m50.27
[2m2026-04-12T20:31:12.552700Z[0m [34mDEBUG[0m [2mmercury::engine::market_actor[0m[2m:[0m Tick received — running arb detection [3mmarket_id[0m[2m=[0m9046452d-bcb3-4bb8-8925-8924b7439992 [3mplatform[0m[2m=[0mPolymarket [3mbid[0m[2m=[0m0.56 [3mask[0m[2m=[0m0.57 [3mmid[0m[2m=[0m0.5650 [3mbid_size[0m[2m=[0m187.8 [3mask_size[0m[2m=[0m36.77
[2m2026-04-12T20:31:12.602078Z[0m [34mDEBUG[0m [2mmercury::engine::market_actor[0m[2m:[0m Tick received — running arb detection [3mmarket_id[0m[2m=[0m631deb8c-fbb4-489e-818e-ae698f57f50b [3mplatform[0m[2m=[0mPolymarket [3mbid[0m[2m=[0m0.63 [3mask[0m[2m=[0m0.64 [3mmid[0m[2m=[0m0.6350 [3mbid_size[0m[2m=[0m47 [3mask_size[0m[2m=[0m94.31
[2m2026-04-12T20:31:12.602275Z[0m [34mDEBUG[0m [2mmercury::engine::market_actor[0m[2m:[0m Tick received — running arb detection [3mmarket_id[0m[2m=[0m631deb8c-fbb4-489e-818e-ae698f57f50b [3mplatform[0m[2m=[0mPolymarket [3mbid[0m[2m=[0m0.63 [3mask[0m[2m=[0m0.64 [3mmid[0m[2m=[0m0.6350 [3mbid_size[0m[2m=[0m47 [3mask_size[0m[2m=[0m94.31
[2m2026-04-12T20:31:12.602402Z[0m [34mDEBUG[0m [2mmercury::engine::market_actor[0m[2m:[0m Tick received — running arb detection [3mmarket_id[0m[2m=[0m631deb8c-fbb4-489e-818e-ae698f57f50b [3mplatform[0m[2m=[0mPolymarket [3mbid[0m[2m=[0m0.63 [3mask[0m[2m=[0m0.64 [3mmid[0m[2m=[0m0.6350 [3mbid_size[0m[2m=[0m47 [3mask_size[0m[2m=[0m94.31
[2m2026-04-12T20:31:12.602528Z[0m [34mDEBUG[0m [2mmercury::engine::market_actor[0m[2m:[0m Tick received — running arb detection [3mmarket_id[0m[2m=[0m631deb8c-fbb4-489e-818e-ae698f57f50b [3mplatform[0m[2m=[0mPolymarket [3mbid[0m[2m=[0m0.63 [3mask[0m[2m=[0m0.64 [3mmid[0m[2m=[0m0.6350 [3mbid_size[0m[2m=[0m47 [3mask_size[0m[2m=[0m94.31
[2m2026-04-12T20:31:12.602582Z[0m [32m INFO[0m [2mmercury::feeds::discovery[0m[2m:[0m 15m crypto round matched [3masset[0m[2m=[0mxrp [3mround_start[0m[2m=[0m1776025800 [3mpoly[0m[2m=[0mtrue [3mkalshi[0m[2m=[0mtrue
[2m2026-04-12T20:31:12.602627Z[0m [34mDEBUG[0m [2mmercury::engine::market_actor[0m[2m:[0m Tick received — running arb detection [3mmarket_id[0m[2m=[0m2b958b37-9921-40b8-b22d-64a67138ae70 [3mplatform[0m[2m=[0mPolymarket [3mbid[0m[2m=[0m0.56 [3mask[0m[2m=[0m0.6 [3mmid[0m[2m=[0m0.58 [3mbid_size[0m[2m=[0m61.27 [3mask_size[0m[2m=[0m6.72
[2m2026-04-12T20:31:12.602648Z[0m [34mDEBUG[0m [2mmercury::engine::market_actor[0m[2m:[0m Tick received — running arb detection [3mmarket_id[0m[2m=[0m631deb8c-fbb4-489e-818e-ae698f57f50b [3mplatform[0m[2m=[0mPolymarket [3mbid[0m[2m=[0m0.63 [3mask[0m[2m=[0m0.64 [3mmid[0m[2m=[0m0.6350 [3mbid_size[0m[2m=[0m47 [3mask_size[0m[2m=[0m94.31
[2m2026-04-12T20:31:12.602789Z[0m [34mDEBUG[0m [2mmercury::engine::market_actor[0m[2m:[0m Tick received — running arb detection [3mmarket_id[0m[2m=[0m631deb8c-fbb4-489e-818e-ae698f57f50b [3mplatform[0m[2m=[0mPolymarket [3mbid[0m[2m=[0m0.63 [3mask[0m[2m=[0m0.64 [3mmid[0m[2m=[0m0.6350 [3mbid_size[0m[2m=[0m47 [3mask_size[0m[2m=[0m94.31
[2m2026-04-12T20:31:12.602826Z[0m [34mDEBUG[0m [2mmercury::engine::market_actor[0m[2m:[0m Tick received — running arb detection [3mmarket_id[0m[2m=[0m9046452d-bcb3-4bb8-8925-8924b7439992 [3mplatform[0m[2m=[0mPolymarket [3mbid[0m[2m=[0m0.56 [3mask[0m[2m=[0m0.57 [3mmid[0m[2m=[0m0.5650 [3mbid_size[0m[2m=[0m187.8 [3mask_size[0m[2m=[0m36.77
[2m2026-04-12T20:31:12.602914Z[0m [34mDEBUG[0m [2mmercury::engine::market_actor[0m[2m:[0m Tick received — running arb detection [3mmarket_id[0m[2m=[0m631deb8c-fbb4-489e-818e-ae698f57f50b [3mplatform[0m[2m=[0mPolymarket [3mbid[0m[2m=[0m0.63 [3mask[0m[2m=[0m0.64 [3mmid[0m[2m=[0m0.6350 [3mbid_size[0m[2m=[0m47 [3mask_size[0m[2m=[0m106.31
[2m2026-04-12T20:31:12.602961Z[0m [34mDEBUG[0m [2mmercury::engine::market_actor[0m[2m:[0m Tick received — running arb detection [3mmarket_id[0m[2m=[0m9046452d-bcb3-4bb8-8925-8924b7439992 [3mplatform[0m[2m=[0mPolymarket [3mbid[0m[2m=[0m0.56 [3mask[0m[2m=[0m0.57 [3mmid[0m[2m=[0m0.5650 [3mbid_size[0m[2m=[0m187.8 [3mask_size[0m[2m=[0m36.77
[2m2026-04-12T20:31:12.603040Z[0m [34mDEBUG[0m [2mmercury::engine::market_actor[0m[2m:[0m Tick received — running arb detection [3mmarket_id[0m[2m=[0m631deb8c-fbb4-489e-818e-ae698f57f50b [3mplatform[0m[2m=[0mPolymarket [3mbid[0m[2m=[0m0.63 [3mask[0m[2m=[0m0.64 [3mmid[0m[2m=[0m0.6350 [3mbid_size[0m[2m=[0m47 [3mask_size[0m[2m=[0m106.31
[2m2026-04-12T20:31:12.603478Z[0m [34mDEBUG[0m [2mmercury::engine::market_actor[0m[2m:[0m Tick received — running arb detection [3mmarket_id[0m[2m=[0m9046452d-bcb3-4bb8-8925-8924b7439992 [3mplatform[0m[2m=[0mPolymarket [3mbid[0m[2m=[0m0.56 [3mask[0m[2m=[0m0.57 [3mmid[0m[2m=[0m0.5650 [3mbid_size[0m[2m=[0m187.8 [3mask_size[0m[2m=[0m36.77
[2m2026-04-12T20:31:12.603530Z[0m [34mDEBUG[0m [2mmercury::engine::market_actor[0m[2m:[0m Tick received — running arb detection [3mmarket_id[0m[2m=[0m631deb8c-fbb4-489e-818e-ae698f57f50b [3mplatform[0m[2m=[0mPolymarket [3mbid[0m[2m=[0m0.63 [3mask[0m[2m=[0m0.64 [3mmid[0m[2m=[0m0.6350 [3mbid_size[0m[2m=[0m47 [3mask_size[0m[2m=[0m106.31
[2m2026-04-12T20:31:12.603624Z[0m [34mDEBUG[0m [2mmercury::engine::market_actor[0m[2m:[0m Tick received — running arb detection [3mmarket_id[0m[2m=[0m9046452d-bcb3-4bb8-8925-8924b7439992 [3mplatform[0m[2m=[0mPolymarket [3mbid[0m[2m=[0m0.56 [3mask[0m[2m=[0m0.57 [3mmid[0m[2m=[0m0.5650 [3mbid_size[0m[2m=[0m187.8 [3mask_size[0m[2m=[0m36.77
[2m2026-04-12T20:31:12.603753Z[0m [34mDEBUG[0m [2mmercury::engine::market_actor[0m[2m:[0m Tick received — running arb detection [3mmarket_id[0m[2m=[0m9046452d-bcb3-4bb8-8925-8924b7439992 [3mplatform[0m[2m=[0mPolymarket [3mbid[0m[2m=[0m0.56 [3mask[0m[2m=[0m0.57 [3mmid[0m[2m=[0m0.5650 [3mbid_size[0m[2m=[0m187.8 [3mask_size[0m[2m=[0m50.27
[2m2026-04-12T20:31:12.603849Z[0m [34mDEBUG[0m [2mmercury::engine::market_actor[0m[2m:[0m Tick received — running arb detection [3mmarket_id[0m[2m=[0m631deb8c-fbb4-489e-818e-ae698f57f50b [3mplatform[0m[2m=[0mPolymarket [3mbid[0m[2m=[0m0.63 [3mask[0m[2m=[0m0.64 [3mmid[0m[2m=[0m0.6350 [3mbid_size[0m[2m=[0m47 [3mask_size[0m[2m=[0m131.31
[2m2026-04-12T20:31:12.603990Z[0m [34mDEBUG[0m [2mmercury::engine::market_actor[0m[2m:[0m Tick received — running arb detection [3mmarket_id[0m[2m=[0m631deb8c-fbb4-489e-818e-ae698f57f50b [3mplatform[0m[2m=[0mPolymarket [3mbid[0m[2m=[0m0.63 [3mask[0m[2m=[0m0.64 [3mmid[0m[2m=[0m0.6350 [3mbid_size[0m[2m=[0m47 [3mask_size[0m[2m=[0m131.31
[2m2026-04-12T20:31:12.604121Z[0m [34mDEBUG[0m [2mmercury::engine::market_actor[0m[2m:[0m Tick received — running arb detection [3mmarket_id[0m[2m=[0m631deb8c-fbb4-489e-818e-ae698f57f50b [3mplatform[0m[2m=[0mPolymarket [3mbid[0m[2m=[0m0.63 [3mask[0m[2m=[0m0.64 [3mmid[0m[2m=[0m0.6350 [3mbid_size[0m[2m=[0m42 [3mask_size[0m[2m=[0m131.31
[2m2026-04-12T20:31:12.604246Z[0m [34mDEBUG[0m [2mmercury::engine::market_actor[0m[2m:[0m Tick received — running arb detection [3mmarket_id[0m[2m=[0m631deb8c-fbb4-489e-818e-ae698f57f50b [3mplatform[0m[2m=[0mPolymarket [3mbid[0m[2m=[0m0.63 [3mask[0m[2m=[0m0.64 [3mmid[0m[2m=[0m0.6350 [3mbid_size[0m[2m=[0m42 [3mask_size[0m[2m=[0m131.31
[2m2026-04-12T20:31:12.604371Z[0m [34mDEBUG[0m [2mmercury::engine::market_actor[0m[2m:[0m Tick received — running arb detection [3mmarket_id[0m[2m=[0m631deb8c-fbb4-489e-818e-ae698f57f50b [3mplatform[0m[2m=[0mPolymarket [3mbid[0m[2m=[0m0.63 [3mask[0m[2m=[0m0.64 [3mmid[0m[2m=[0m0.6350 [3mbid_size[0m[2m=[0m37 [3mask_size[0m[2m=[0m131.31
[2m2026-04-12T20:31:12.604371Z[0m [34mDEBUG[0m [2mmercury::engine::market_actor[0m[2m:[0m Tick received — running arb detection [3mmarket_id[0m[2m=[0m2b958b37-9921-40b8-b22d-64a67138ae70 [3mplatform[0m[2m=[0mPolymarket [3mbid[0m[2m=[0m0.56 [3mask[0m[2m=[0m0.6 [3mmid[0m[2m=[0m0.58 [3mbid_size[0m[2m=[0m61.27 [3mask_size[0m[2m=[0m6.72
[2m2026-04-12T20:31:12.604469Z[0m [34mDEBUG[0m [2mmercury::engine::market_actor[0m[2m:[0m Tick received — running arb detection [3mmarket_id[0m[2m=[0m9046452d-bcb3-4bb8-8925-8924b7439992 [3mplatform[0m[2m=[0mPolymarket [3mbid[0m[2m=[0m0.56 [3mask[0m[2m=[0m0.57 [3mmid[0m[2m=[0m0.5650 [3mbid_size[0m[2m=[0m187.8 [3mask_size[0m[2m=[0m50.27
[2m2026-04-12T20:31:12.604501Z[0m [34mDEBUG[0m [2mmercury::engine::market_actor[0m[2m:[0m Tick received — running arb detection [3mmarket_id[0m[2m=[0m631deb8c-fbb4-489e-818e-ae698f57f50b [3mplatform[0m[2m=[0mPolymarket [3mbid[0m[2m=[0m0.63 [3mask[0m[2m=[0m0.64 [3mmid[0m[2m=[0m0.6350 [3mbid_size[0m[2m=[0m32 [3mask_size[0m[2m=[0m131.31
[2m2026-04-12T20:31:12.604600Z[0m [34mDEBUG[0m [2mmercury::engine::market_actor[0m[2m:[0m Tick received — running arb detection [3mmarket_id[0m[2m=[0m9046452d-bcb3-4bb8-8925-8924b7439992 [3mplatform[0m[2m=[0mPolymarket [3mbid[0m[2m=[0m0.56 [3mask[0m[2m=[0m0.57 [3mmid[0m[2m=[0m0.5650 [3mbid_size[0m[2m=[0m187.8 [3mask_size[0m[2m=[0m50.27
[2m2026-04-12T20:31:12.604687Z[0m [34mDEBUG[0m [2mmercury::engine::market_actor[0m[2m:[0m Tick received — running arb detection [3mmarket_id[0m[2m=[0m631deb8c-fbb4-489e-818e-ae698f57f50b [3mplatform[0m[2m=[0mPolymarket [3mbid[0m[2m=[0m0.63 [3mask[0m[2m=[0m0.64 [3mmid[0m[2m=[0m0.6350 [3mbid_size[0m[2m=[0m32 [3mask_size[0m[2m=[0m131.31
[2m2026-04-12T20:31:12.605370Z[0m [34mDEBUG[0m [2mmercury::engine::market_actor[0m[2m:[0m Tick received — running arb detection [3mmarket_id[0m[2m=[0m631deb8c-fbb4-489e-818e-ae698f57f50b [3mplatform[0m[2m=[0mPolymarket [3mbid[0m[2m=[0m0.63 [3mask[0m[2m=[0m0.64 [3mmid[0m[2m=[0m0.6350 [3mbid_size[0m[2m=[0m32 [3mask_size[0m[2m=[0m131.31
[2m2026-04-12T20:31:12.605371Z[0m [34mDEBUG[0m [2mmercury::engine::market_actor[0m[2m:[0m Tick received — running arb detection [3mmarket_id[0m[2m=[0m9046452d-bcb3-4bb8-8925-8924b7439992 [3mplatform[0m[2m=[0mPolymarket [3mbid[0m[2m=[0m0.56 [3mask[0m[2m=[0m0.57 [3mmid[0m[2m=[0m0.5650 [3mbid_size[0m[2m=[0m187.8 [3mask_size[0m[2m=[0m50.27
[2m2026-04-12T20:31:12.613415Z[0m [34mDEBUG[0m [2mmercury::engine::market_actor[0m[2m:[0m Tick received — running arb detection [3mmarket_id[0m[2m=[0m2b958b37-9921-40b8-b22d-64a67138ae70 [3mplatform[0m[2m=[0mPolymarket [3mbid[0m[2m=[0m0.56 [3mask[0m[2m=[0m0.6 [3mmid[0m[2m=[0m0.58 [3mbid_size[0m[2m=[0m61.27 [3mask_size[0m[2m=[0m6.72
[2m2026-04-12T20:31:12.613651Z[0m [34mDEBUG[0m [2mmercury::engine::market_actor[0m[2m:[0m Tick received — running arb detection [3mmarket_id[0m[2m=[0m9046452d-bcb3-4bb8-8925-8924b7439992 [3mplatform[0m[2m=[0mPolymarket [3mbid[0m[2m=[0m0.56 [3mask[0m[2m=[0m0.57 [3mmid[0m[2m=[0m0.5650 [3mbid_size[0m[2m=[0m187.8 [3mask_size[0m[2m=[0m50.27
[2m2026-04-12T20:31:12.613732Z[0m [34mDEBUG[0m [2mmercury::engine::market_actor[0m[2m:[0m Tick received — running arb detection [3mmarket_id[0m[2m=[0m2b958b37-9921-40b8-b22d-64a67138ae70 [3mplatform[0m[2m=[0mPolymarket [3mbid[0m[2m=[0m0.56 [3mask[0m[2m=[0m0.6 [3mmid[0m[2m=[0m0.58 [3mbid_size[0m[2m=[0m61.27 [3mask_size[0m[2m=[0m6.72
[2m2026-04-12T20:31:12.613876Z[0m [34mDEBUG[0m [2mmercury::engine::market_actor[0m[2m:[0m Tick received — running arb detection [3mmarket_id[0m[2m=[0m9046452d-bcb3-4bb8-8925-8924b7439992 [3mplatform[0m[2m=[0mPolymarket [3mbid[0m[2m=[0m0.56 [3mask[0m[2m=[0m0.57 [3mmid[0m[2m=[0m0.5650 [3mbid_size[0m[2m=[0m187.8 [3mask_size[0m[2m=[0m50.27
[2m2026-04-12T20:31:12.651148Z[0m [34mDEBUG[0m [2mmercury::engine::market_actor[0m[2m:[0m Tick received — running arb detection [3mmarket_id[0m[2m=[0m631deb8c-fbb4-489e-818e-ae698f57f50b [3mplatform[0m[2m=[0mPolymarket [3mbid[0m[2m=[0m0.63 [3mask[0m[2m=[0m0.64 [3mmid[0m[2m=[0m0.6350 [3mbid_size[0m[2m=[0m27 [3mask_size[0m[2m=[0m131.31
[2m2026-04-12T20:31:12.651234Z[0m [34mDEBUG[0m [2mmercury::engine::market_actor[0m[2m:[0m Tick received — running arb detection [3mmarket_id[0m[2m=[0m2b958b37-9921-40b8-b22d-64a67138ae70 [3mplatform[0m[2m=[0mPolymarket [3mbid[0m[2m=[0m0.56 [3mask[0m[2m=[0m0.6 [3mmid[0m[2m=[0m0.58 [3mbid_size[0m[2m=[0m61.27 [3mask_size[0m[2m=[0m6.72
[2m2026-04-12T20:31:12.651447Z[0m [34mDEBUG[0m [2mmercury::engine::market_actor[0m[2m:[0m Tick received — running arb detection [3mmarket_id[0m[2m=[0m2b958b37-9921-40b8-b22d-64a67138ae70 [3mplatform[0m[2m=[0mPolymarket [3mbid[0m[2m=[0m0.56 [3mask[0m[2m=[0m0.6 [3mmid[0m[2m=[0m0.58 [3mbid_size[0m[2m=[0m61.27 [3mask_size[0m[2m=[0m6.72
[2m2026-04-12T20:31:12.651620Z[0m [34mDEBUG[0m [2mmercury::engine::market_actor[0m[2m:[0m Tick received — running arb detection [3mmarket_id[0m[2m=[0m631deb8c-fbb4-489e-818e-ae698f57f50b [3mplatform[0m[2m=[0mPolymarket [3mbid[0m[2m=[0m0.63 [3mask[0m[2m=[0m0.64 [3mmid[0m[2m=[0m0.6350 [3mbid_size[0m[2m=[0m27 [3mask_size[0m[2m=[0m131.31
[2m2026-04-12T20:31:12.651842Z[0m [34mDEBUG[0m [2mmercury::engine::market_actor[0m[2m:[0m Tick received — running arb detection [3mmarket_id[0m[2m=[0m631deb8c-fbb4-489e-818e-ae698f57f50b [3mplatform[0m[2m=[0mPolymarket [3mbid[0m[2m=[0m0.63 [3mask[0m[2m=[0m0.64 [3mmid[0m[2m=[0m0.6350 [3mbid_size[0m[2m=[0m22 [3mask_size[0m[2m=[0m131.31
[2m2026-04-12T20:31:12.652035Z[0m [34mDEBUG[0m [2mmercury::engine::market_actor[0m[2m:[0m Tick received — running arb detection [3mmarket_id[0m[2m=[0m631deb8c-fbb4-489e-818e-ae698f57f50b [3mplatform[0m[2m=[0mPolymarket [3mbid[0m[2m=[0m0.63 [3mask[0m[2m=[0m0.64 [3mmid[0m[2m=[0m0.6350 [3mbid_size[0m[2m=[0m22 [3mask_size[0m[2m=[0m131.31
[2m2026-04-12T20:31:12.660429Z[0m [34mDEBUG[0m [2mmercury::engine::market_actor[0m[2m:[0m Tick received — running arb detection [3mmarket_id[0m[2m=[0m9046452d-bcb3-4bb8-8925-8924b7439992 [3mplatform[0m[2m=[0mPolymarket [3mbid[0m[2m=[0m0.56 [3mask[0m[2m=[0m0.57 [3mmid[0m[2m=[0m0.5650 [3mbid_size[0m[2m=[0m187.8 [3mask_size[0m[2m=[0m50.27
[2m2026-04-12T20:31:12.660450Z[0m [34mDEBUG[0m [2mmercury::engine::market_actor[0m[2m:[0m Tick received — running arb detection [3mmarket_id[0m[2m=[0m631deb8c-fbb4-489e-818e-ae698f57f50b [3mplatform[0m[2m=[0mPolymarket [3mbid[0m[2m=[0m0.63 [3mask[0m[2m=[0m0.64 [3mmid[0m[2m=[0m0.6350 [3mbid_size[0m[2m=[0m22 [3mask_size[0m[2m=[0m131.31
[2m2026-04-12T20:31:12.705552Z[0m [34mDEBUG[0m [2mmercury::engine::market_actor[0m[2m:[0m Tick received — running arb detection [3mmarket_id[0m[2m=[0m631deb8c-fbb4-489e-818e-ae698f57f50b [3mplatform[0m[2m=[0mPolymarket [3mbid[0m[2m=[0m0.63 [3mask[0m[2m=[0m0.64 [3mmid[0m[2m=[0m0.6350 [3mbid_size[0m[2m=[0m22 [3mask_size[0m[2m=[0m131.31
[2m2026-04-12T20:31:12.705958Z[0m [34mDEBUG[0m [2mmercury::engine::market_actor[0m[2m:[0m Tick received — running arb detection [3mmarket_id[0m[2m=[0m631deb8c-fbb4-489e-818e-ae698f57f50b [3mplatform[0m[2m=[0mPolymarket [3mbid[0m[2m=[0m0.63 [3mask[0m[2m=[0m0.64 [3mmid[0m[2m=[0m0.6350 [3mbid_size[0m[2m=[0m10 [3mask_size[0m[2m=[0m131.31
[2m2026-04-12T20:31:12.706151Z[0m [34mDEBUG[0m [2mmercury::engine::market_actor[0m[2m:[0m Tick received — running arb detection [3mmarket_id[0m[2m=[0m631deb8c-fbb4-489e-818e-ae698f57f50b [3mplatform[0m[2m=[0mPolymarket [3mbid[0m[2m=[0m0.63 [3mask[0m[2m=[0m0.64 [3mmid[0m[2m=[0m0.6350 [3mbid_size[0m[2m=[0m10 [3mask_size[0m[2m=[0m131.31
[2m2026-04-12T20:31:12.763422Z[0m [34mDEBUG[0m [2mmercury::engine::market_actor[0m[2m:[0m Tick received — running arb detection [3mmarket_id[0m[2m=[0m631deb8c-fbb4-489e-818e-ae698f57f50b [3mplatform[0m[2m=[0mPolymarket [3mbid[0m[2m=[0m0.63 [3mask[0m[2m=[0m0.64 [3mmid[0m[2m=[0m0.6350 [3mbid_size[0m[2m=[0m10 [3mask_size[0m[2m=[0m141.31
[2m2026-04-12T20:31:12.808049Z[0m [34mDEBUG[0m [2mmercury::engine::market_actor[0m[2m:[0m Tick received — running arb detection [3mmarket_id[0m[2m=[0m631deb8c-fbb4-489e-818e-ae698f57f50b [3mplatform[0m[2m=[0mPolymarket [3mbid[0m[2m=[0m0.63 [3mask[0m[2m=[0m0.64 [3mmid[0m[2m=[0m0.6350 [3mbid_size[0m[2m=[0m10 [3mask_size[0m[2m=[0m141.31
[2m2026-04-12T20:31:12.808619Z[0m [34mDEBUG[0m [2mmercury::feeds::discovery[0m[2m:[0m No Kalshi 15m market found for this round [3masset[0m[2m=[0m"xrp" [3mround_start_ts[0m[2m=[0m1776026700 [3mtarget_close[0m[2m=[0m1776027600
[2m2026-04-12T20:31:12.808835Z[0m [32m INFO[0m [2mmercury::feeds::discovery[0m[2m:[0m 15m crypto round matched [3masset[0m[2m=[0mxrp [3mround_start[0m[2m=[0m1776026700 [3mpoly[0m[2m=[0mtrue [3mkalshi[0m[2m=[0mfalse
[2m2026-04-12T20:31:12.810692Z[0m [34mDEBUG[0m [2mmercury::engine::market_actor[0m[2m:[0m Tick received — running arb detection [3mmarket_id[0m[2m=[0m631deb8c-fbb4-489e-818e-ae698f57f50b [3mplatform[0m[2m=[0mPolymarket [3mbid[0m[2m=[0m0.63 [3mask[0m[2m=[0m0.64 [3mmid[0m[2m=[0m0.6350 [3mbid_size[0m[2m=[0m10 [3mask_size[0m[2m=[0m141.31
[2m2026-04-12T20:31:12.810966Z[0m [34mDEBUG[0m [2mmercury::engine::market_actor[0m[2m:[0m Tick received — running arb detection [3mmarket_id[0m[2m=[0m631deb8c-fbb4-489e-818e-ae698f57f50b [3mplatform[0m[2m=[0mPolymarket [3mbid[0m[2m=[0m0.63 [3mask[0m[2m=[0m0.64 [3mmid[0m[2m=[0m0.6350 [3mbid_size[0m[2m=[0m10 [3mask_size[0m[2m=[0m141.31
[2m2026-04-12T20:31:12.855502Z[0m [34mDEBUG[0m [2mmercury::feeds::polymarket[0m[2m:[0m Unknown Polymarket event type [3mevent_type[0m[2m=[0mbest_bid_ask
[2m2026-04-12T20:31:12.855966Z[0m [34mDEBUG[0m [2mmercury::engine::market_actor[0m[2m:[0m Tick received — running arb detection [3mmarket_id[0m[2m=[0m631deb8c-fbb4-489e-818e-ae698f57f50b [3mplatform[0m[2m=[0mPolymarket [3mbid[0m[2m=[0m0.63 [3mask[0m[2m=[0m0.64 [3mmid[0m[2m=[0m0.6350 [3mbid_size[0m[2m=[0m10 [3mask_size[0m[2m=[0m141.31
[2m2026-04-12T20:31:12.856147Z[0m [34mDEBUG[0m [2mmercury::engine::market_actor[0m[2m:[0m Tick received — running arb detection [3mmarket_id[0m[2m=[0m631deb8c-fbb4-489e-818e-ae698f57f50b [3mplatform[0m[2m=[0mPolymarket [3mbid[0m[2m=[0m0.62 [3mask[0m[2m=[0m0.64 [3mmid[0m[2m=[0m0.63 [3mbid_size[0m[2m=[0m76 [3mask_size[0m[2m=[0m141.31
[2m2026-04-12T20:31:12.856499Z[0m [34mDEBUG[0m [2mmercury::engine::market_actor[0m[2m:[0m Tick received — running arb detection [3mmarket_id[0m[2m=[0m631deb8c-fbb4-489e-818e-ae698f57f50b [3mplatform[0m[2m=[0mPolymarket [3mbid[0m[2m=[0m0.62 [3mask[0m[2m=[0m0.64 [3mmid[0m[2m=[0m0.63 [3mbid_size[0m[2m=[0m76 [3mask_size[0m[2m=[0m141.31
[2m2026-04-12T20:31:12.863192Z[0m [34mDEBUG[0m [2mmercury::engine::market_actor[0m[2m:[0m Tick received — running arb detection [3mmarket_id[0m[2m=[0m631deb8c-fbb4-489e-818e-ae698f57f50b [3mplatform[0m[2m=[0mPolymarket [3mbid[0m[2m=[0m0.62 [3mask[0m[2m=[0m0.64 [3mmid[0m[2m=[0m0.63 [3mbid_size[0m[2m=[0m71 [3mask_size[0m[2m=[0m141.31
[2m2026-04-12T20:31:12.863618Z[0m [34mDEBUG[0m [2mmercury::engine::market_actor[0m[2m:[0m Tick received — running arb detection [3mmarket_id[0m[2m=[0m631deb8c-fbb4-489e-818e-ae698f57f50b [3mplatform[0m[2m=[0mPolymarket [3mbid[0m[2m=[0m0.62 [3mask[0m[2m=[0m0.64 [3mmid[0m[2m=[0m0.63 [3mbid_size[0m[2m=[0m71 [3mask_size[0m[2m=[0m141.31
[2m2026-04-12T20:31:12.865269Z[0m [34mDEBUG[0m [2mmercury::engine::market_actor[0m[2m:[0m Tick received — running arb detection [3mmarket_id[0m[2m=[0m631deb8c-fbb4-489e-818e-ae698f57f50b [3mplatform[0m[2m=[0mPolymarket [3mbid[0m[2m=[0m0.62 [3mask[0m[2m=[0m0.64 [3mmid[0m[2m=[0m0.63 [3mbid_size[0m[2m=[0m71 [3mask_size[0m[2m=[0m141.31
[2m2026-04-12T20:31:12.865496Z[0m [34mDEBUG[0m [2mmercury::engine::market_actor[0m[2m:[0m Tick received — running arb detection [3mmarket_id[0m[2m=[0m631deb8c-fbb4-489e-818e-ae698f57f50b [3mplatform[0m[2m=[0mPolymarket [3mbid[0m[2m=[0m0.62 [3mask[0m[2m=[0m0.64 [3mmid[0m[2m=[0m0.63 [3mbid_size[0m[2m=[0m71 [3mask_size[0m[2m=[0m141.31
[2m2026-04-12T20:31:12.865691Z[0m [34mDEBUG[0m [2mmercury::engine::market_actor[0m[2m:[0m Tick received — running arb detection [3mmarket_id[0m[2m=[0m631deb8c-fbb4-489e-818e-ae698f57f50b [3mplatform[0m[2m=[0mPolymarket [3mbid[0m[2m=[0m0.62 [3mask[0m[2m=[0m0.64 [3mmid[0m[2m=[0m0.63 [3mbid_size[0m[2m=[0m71 [3mask_size[0m[2m=[0m141.31
[2m2026-04-12T20:31:12.865880Z[0m [34mDEBUG[0m [2mmercury::engine::market_actor[0m[2m:[0m Tick received — running arb detection [3mmarket_id[0m[2m=[0m631deb8c-fbb4-489e-818e-ae698f57f50b [3mplatform[0m[2m=[0mPolymarket [3mbid[0m[2m=[0m0.62 [3mask[0m[2m=[0m0.64 [3mmid[0m[2m=[0m0.63 [3mbid_size[0m[2m=[0m71 [3mask_size[0m[2m=[0m141.31
[2m2026-04-12T20:31:12.911833Z[0m [34mDEBUG[0m [2mmercury::engine::market_actor[0m[2m:[0m Tick received — running arb detection [3mmarket_id[0m[2m=[0m631deb8c-fbb4-489e-818e-ae698f57f50b [3mplatform[0m[2m=[0mPolymarket [3mbid[0m[2m=[0m0.62 [3mask[0m[2m=[0m0.64 [3mmid[0m[2m=[0m0.63 [3mbid_size[0m[2m=[0m76 [3mask_size[0m[2m=[0m141.31
[2m2026-04-12T20:31:12.912116Z[0m [34mDEBUG[0m [2mmercury::engine::market_actor[0m[2m:[0m Tick received — running arb detection [3mmarket_id[0m[2m=[0m631deb8c-fbb4-489e-818e-ae698f57f50b [3mplatform[0m[2m=[0mPolymarket [3mbid[0m[2m=[0m0.62 [3mask[0m[2m=[0m0.64 [3mmid[0m[2m=[0m0.63 [3mbid_size[0m[2m=[0m96 [3mask_size[0m[2m=[0m141.31
[2m2026-04-12T20:31:12.912323Z[0m [34mDEBUG[0m [2mmercury::engine::market_actor[0m[2m:[0m Tick received — running arb detection [3mmarket_id[0m[2m=[0m631deb8c-fbb4-489e-818e-ae698f57f50b [3mplatform[0m[2m=[0mPolymarket [3mbid[0m[2m=[0m0.62 [3mask[0m[2m=[0m0.64 [3mmid[0m[2m=[0m0.63 [3mbid_size[0m[2m=[0m96 [3mask_size[0m[2m=[0m141.31
[2m2026-04-12T20:31:12.912510Z[0m [34mDEBUG[0m [2mmercury::engine::market_actor[0m[2m:[0m Tick received — running arb detection [3mmarket_id[0m[2m=[0m631deb8c-fbb4-489e-818e-ae698f57f50b [3mplatform[0m[2m=[0mPolymarket [3mbid[0m[2m=[0m0.62 [3mask[0m[2m=[0m0.64 [3mmid[0m[2m=[0m0.63 [3mbid_size[0m[2m=[0m117 [3mask_size[0m[2m=[0m141.31
[2m2026-04-12T20:31:12.913396Z[0m [34mDEBUG[0m [2mmercury::engine::market_actor[0m[2m:[0m Tick received — running arb detection [3mmarket_id[0m[2m=[0m631deb8c-fbb4-489e-818e-ae698f57f50b [3mplatform[0m[2m=[0mPolymarket [3mbid[0m[2m=[0m0.62 [3mask[0m[2m=[0m0.64 [3mmid[0m[2m=[0m0.63 [3mbid_size[0m[2m=[0m97 [3mask_size[0m[2m=[0m141.31
[2m2026-04-12T20:31:12.958428Z[0m [34mDEBUG[0m [2mmercury::engine::market_actor[0m[2m:[0m Tick received — running arb detection [3mmarket_id[0m[2m=[0m631deb8c-fbb4-489e-818e-ae698f57f50b [3mplatform[0m[2m=[0mPolymarket [3mbid[0m[2m=[0m0.62 [3mask[0m[2m=[0m0.64 [3mmid[0m[2m=[0m0.63 [3mbid_size[0m[2m=[0m97 [3mask_size[0m[2m=[0m141.31
[2m2026-04-12T20:31:12.958725Z[0m [34mDEBUG[0m [2mmercury::engine::market_actor[0m[2m:[0m Tick received — running arb detection [3mmarket_id[0m[2m=[0m631deb8c-fbb4-489e-818e-ae698f57f50b [3mplatform[0m[2m=[0mPolymarket [3mbid[0m[2m=[0m0.62 [3mask[0m[2m=[0m0.64 [3mmid[0m[2m=[0m0.63 [3mbid_size[0m[2m=[0m97 [3mask_size[0m[2m=[0m141.31
[2m2026-04-12T20:31:12.969063Z[0m [34mDEBUG[0m [2mmercury::engine::market_actor[0m[2m:[0m Tick received — running arb detection [3mmarket_id[0m[2m=[0m79e1f598-7189-438f-a66e-b184b04be477 [3mplatform[0m[2m=[0mPolymarket [3mbid[0m[2m=[0m0.45 [3mask[0m[2m=[0m0.47 [3mmid[0m[2m=[0m0.46 [3mbid_size[0m[2m=[0m5.04 [3mask_size[0m[2m=[0m66.74
[2m2026-04-12T20:31:12.969063Z[0m [34mDEBUG[0m [2mmercury::engine::market_actor[0m[2m:[0m Tick received — running arb detection [3mmarket_id[0m[2m=[0m2b958b37-9921-40b8-b22d-64a67138ae70 [3mplatform[0m[2m=[0mPolymarket [3mbid[0m[2m=[0m0.56 [3mask[0m[2m=[0m0.6 [3mmid[0m[2m=[0m0.58 [3mbid_size[0m[2m=[0m61.27 [3mask_size[0m[2m=[0m6.72
[2m2026-04-12T20:31:13.011201Z[0m [34mDEBUG[0m [2mmercury::engine::market_actor[0m[2m:[0m Tick received — running arb detection [3mmarket_id[0m[2m=[0m631deb8c-fbb4-489e-818e-ae698f57f50b [3mplatform[0m[2m=[0mPolymarket [3mbid[0m[2m=[0m0.62 [3mask[0m[2m=[0m0.64 [3mmid[0m[2m=[0m0.63 [3mbid_size[0m[2m=[0m117 [3mask_size[0m[2m=[0m141.31
[2m2026-04-12T20:31:13.011477Z[0m [34mDEBUG[0m [2mmercury::engine::market_actor[0m[2m:[0m Tick received — running arb detection [3mmarket_id[0m[2m=[0m631deb8c-fbb4-489e-818e-ae698f57f50b [3mplatform[0m[2m=[0mPolymarket [3mbid[0m[2m=[0m0.62 [3mask[0m[2m=[0m0.64 [3mmid[0m[2m=[0m0.63 [3mbid_size[0m[2m=[0m117 [3mask_size[0m[2m=[0m141.31
[2m2026-04-12T20:31:13.011673Z[0m [34mDEBUG[0m [2mmercury::engine::market_actor[0m[2m:[0m Tick received — running arb detection [3mmarket_id[0m[2m=[0m631deb8c-fbb4-489e-818e-ae698f57f50b [3mplatform[0m[2m=[0mPolymarket [3mbid[0m[2m=[0m0.62 [3mask[0m[2m=[0m0.64 [3mmid[0m[2m=[0m0.63 [3mbid_size[0m[2m=[0m117 [3mask_size[0m[2m=[0m141.31
[2m2026-04-12T20:31:13.011767Z[0m [34mDEBUG[0m [2mmercury::engine::market_actor[0m[2m:[0m Tick received — running arb detection [3mmarket_id[0m[2m=[0m9046452d-bcb3-4bb8-8925-8924b7439992 [3mplatform[0m[2m=[0mPolymarket [3mbid[0m[2m=[0m0.56 [3mask[0m[2m=[0m0.57 [3mmid[0m[2m=[0m0.5650 [3mbid_size[0m[2m=[0m187.8 [3mask_size[0m[2m=[0m50.27
[2m2026-04-12T20:31:13.011854Z[0m [34mDEBUG[0m [2mmercury::engine::market_actor[0m[2m:[0m Tick received — running arb detection [3mmarket_id[0m[2m=[0m2b958b37-9921-40b8-b22d-64a67138ae70 [3mplatform[0m[2m=[0mPolymarket [3mbid[0m[2m=[0m0.56 [3mask[0m[2m=[0m0.6 [3mmid[0m[2m=[0m0.58 [3mbid_size[0m[2m=[0m61.27 [3mask_size[0m[2m=[0m6.72
[2m2026-04-12T20:31:13.011866Z[0m [34mDEBUG[0m [2mmercury::engine::market_actor[0m[2m:[0m Tick received — running arb detection [3mmarket_id[0m[2m=[0m631deb8c-fbb4-489e-818e-ae698f57f50b [3mplatform[0m[2m=[0mPolymarket [3mbid[0m[2m=[0m0.62 [3mask[0m[2m=[0m0.64 [3mmid[0m[2m=[0m0.63 [3mbid_size[0m[2m=[0m117 [3mask_size[0m[2m=[0m141.31
[2m2026-04-12T20:31:13.011995Z[0m [34mDEBUG[0m [2mmercury::engine::market_actor[0m[2m:[0m Tick received — running arb detection [3mmarket_id[0m[2m=[0m9046452d-bcb3-4bb8-8925-8924b7439992 [3mplatform[0m[2m=[0mPolymarket [3mbid[0m[2m=[0m0.56 [3mask[0m[2m=[0m0.57 [3mmid[0m[2m=[0m0.5650 [3mbid_size[0m[2m=[0m187.8 [3mask_size[0m[2m=[0m50.27
[2m2026-04-12T20:31:13.012214Z[0m [34mDEBUG[0m [2mmercury::engine::market_actor[0m[2m:[0m Tick received — running arb detection [3mmarket_id[0m[2m=[0m631deb8c-fbb4-489e-818e-ae698f57f50b [3mplatform[0m[2m=[0mPolymarket [3mbid[0m[2m=[0m0.62 [3mask[0m[2m=[0m0.64 [3mmid[0m[2m=[0m0.63 [3mbid_size[0m[2m=[0m117 [3mask_size[0m[2m=[0m141.31
[2m2026-04-12T20:31:13.012231Z[0m [34mDEBUG[0m [2mmercury::engine::market_actor[0m[2m:[0m Tick received — running arb detection [3mmarket_id[0m[2m=[0m79e1f598-7189-438f-a66e-b184b04be477 [3mplatform[0m[2m=[0mPolymarket [3mbid[0m[2m=[0m0.45 [3mask[0m[2m=[0m0.47 [3mmid[0m[2m=[0m0.46 [3mbid_size[0m[2m=[0m5.04 [3mask_size[0m[2m=[0m66.74
[2m2026-04-12T20:31:13.012512Z[0m [34mDEBUG[0m [2mmercury::engine::market_actor[0m[2m:[0m Tick received — running arb detection [3mmarket_id[0m[2m=[0m631deb8c-fbb4-489e-818e-ae698f57f50b [3mplatform[0m[2m=[0mPolymarket [3mbid[0m[2m=[0m0.62 [3mask[0m[2m=[0m0.64 [3mmid[0m[2m=[0m0.63 [3mbid_size[0m[2m=[0m97 [3mask_size[0m[2m=[0m141.31
[2m2026-04-12T20:31:13.062875Z[0m [34mDEBUG[0m [2mmercury::engine::market_actor[0m[2m:[0m Tick received — running arb detection [3mmarket_id[0m[2m=[0m631deb8c-fbb4-489e-818e-ae698f57f50b [3mplatform[0m[2m=[0mPolymarket [3mbid[0m[2m=[0m0.62 [3mask[0m[2m=[0m0.64 [3mmid[0m[2m=[0m0.63 [3mbid_size[0m[2m=[0m97 [3mask_size[0m[2m=[0m141.31
[2m2026-04-12T20:31:13.063155Z[0m [34mDEBUG[0m [2mmercury::engine::market_actor[0m[2m:[0m Tick received — running arb detection [3mmarket_id[0m[2m=[0m631deb8c-fbb4-489e-818e-ae698f57f50b [3mplatform[0m[2m=[0mPolymarket [3mbid[0m[2m=[0m0.62 [3mask[0m[2m=[0m0.64 [3mmid[0m[2m=[0m0.63 [3mbid_size[0m[2m=[0m117 [3mask_size[0m[2m=[0m141.31
[2m2026-04-12T20:31:13.063995Z[0m [34mDEBUG[0m [2mmercury::engine::market_actor[0m[2m:[0m Tick received — running arb detection [3mmarket_id[0m[2m=[0m9046452d-bcb3-4bb8-8925-8924b7439992 [3mplatform[0m[2m=[0mPolymarket [3mbid[0m[2m=[0m0.56 [3mask[0m[2m=[0m0.57 [3mmid[0m[2m=[0m0.5650 [3mbid_size[0m[2m=[0m187.8 [3mask_size[0m[2m=[0m50.27
[2m2026-04-12T20:31:13.064025Z[0m [34mDEBUG[0m [2mmercury::engine::market_actor[0m[2m:[0m Tick received — running arb detection [3mmarket_id[0m[2m=[0m79e1f598-7189-438f-a66e-b184b04be477 [3mplatform[0m[2m=[0mPolymarket [3mbid[0m[2m=[0m0.45 [3mask[0m[2m=[0m0.47 [3mmid[0m[2m=[0m0.46 [3mbid_size[0m[2m=[0m5.04 [3mask_size[0m[2m=[0m66.74
[2m2026-04-12T20:31:13.064172Z[0m [34mDEBUG[0m [2mmercury::engine::market_actor[0m[2m:[0m Tick received — running arb detection [3mmarket_id[0m[2m=[0m631deb8c-fbb4-489e-818e-ae698f57f50b [3mplatform[0m[2m=[0mPolymarket [3mbid[0m[2m=[0m0.62 [3mask[0m[2m=[0m0.64 [3mmid[0m[2m=[0m0.63 [3mbid_size[0m[2m=[0m117 [3mask_size[0m[2m=[0m141.31
[2m2026-04-12T20:31:13.064187Z[0m [34mDEBUG[0m [2mmercury::engine::market_actor[0m[2m:[0m Tick received — running arb detection [3mmarket_id[0m[2m=[0m79e1f598-7189-438f-a66e-b184b04be477 [3mplatform[0m[2m=[0mPolymarket [3mbid[0m[2m=[0m0.45 [3mask[0m[2m=[0m0.47 [3mmid[0m[2m=[0m0.46 [3mbid_size[0m[2m=[0m5.04 [3mask_size[0m[2m=[0m66.74
[2m2026-04-12T20:31:13.064313Z[0m [34mDEBUG[0m [2mmercury::engine::market_actor[0m[2m:[0m Tick received — running arb detection [3mmarket_id[0m[2m=[0m189bf673-b643-45a5-be39-c4a3275d71a0 [3mplatform[0m[2m=[0mPolymarket [3mbid[0m[2m=[0m0.99 [3mask[0m[2m=[0m0 [3mmid[0m[2m=[0m0.99 [3mbid_size[0m[2m=[0m931730.54 [3mask_size[0m[2m=[0m0
[2m2026-04-12T20:31:13.064414Z[0m [34mDEBUG[0m [2mmercury::engine::market_actor[0m[2m:[0m Tick received — running arb detection [3mmarket_id[0m[2m=[0m2b958b37-9921-40b8-b22d-64a67138ae70 [3mplatform[0m[2m=[0mPolymarket [3mbid[0m[2m=[0m0.56 [3mask[0m[2m=[0m0.6 [3mmid[0m[2m=[0m0.58 [3mbid_size[0m[2m=[0m61.27 [3mask_size[0m[2m=[0m6.72
[2m2026-04-12T20:31:13.064576Z[0m [34mDEBUG[0m [2mmercury::engine::market_actor[0m[2m:[0m Tick received — running arb detection [3mmarket_id[0m[2m=[0m9046452d-bcb3-4bb8-8925-8924b7439992 [3mplatform[0m[2m=[0mPolymarket [3mbid[0m[2m=[0m0.56 [3mask[0m[2m=[0m0.57 [3mmid[0m[2m=[0m0.5650 [3mbid_size[0m[2m=[0m187.8 [3mask_size[0m[2m=[0m50.27
[2m2026-04-12T20:31:13.064638Z[0m [34mDEBUG[0m [2mmercury::engine::market_actor[0m[2m:[0m Tick received — running arb detection [3mmarket_id[0m[2m=[0m2b958b37-9921-40b8-b22d-64a67138ae70 [3mplatform[0m[2m=[0mPolymarket [3mbid[0m[2m=[0m0.56 [3mask[0m[2m=[0m0.6 [3mmid[0m[2m=[0m0.58 [3mbid_size[0m[2m=[0m61.27 [3mask_size[0m[2m=[0m6.72
[2m2026-04-12T20:31:13.064732Z[0m [34mDEBUG[0m [2mmercury::engine::market_actor[0m[2m:[0m Tick received — running arb detection [3mmarket_id[0m[2m=[0m189bf673-b643-45a5-be39-c4a3275d71a0 [3mplatform[0m[2m=[0mPolymarket [3mbid[0m[2m=[0m0.99 [3mask[0m[2m=[0m0 [3mmid[0m[2m=[0m0.99 [3mbid_size[0m[2m=[0m931730.54 [3mask_size[0m[2m=[0m0
[2m2026-04-12T20:31:13.064812Z[0m [34mDEBUG[0m [2mmercury::engine::market_actor[0m[2m:[0m Tick received — running arb detection [3mmarket_id[0m[2m=[0m631deb8c-fbb4-489e-818e-ae698f57f50b [3mplatform[0m[2m=[0mPolymarket [3mbid[0m[2m=[0m0.62 [3mask[0m[2m=[0m0.64 [3mmid[0m[2m=[0m0.63 [3mbid_size[0m[2m=[0m117 [3mask_size[0m[2m=[0m141.31
[2m2026-04-12T20:31:13.064963Z[0m [34mDEBUG[0m [2mmercury::engine::market_actor[0m[2m:[0m Tick received — running arb detection [3mmarket_id[0m[2m=[0m39a28b31-a7f7-4e16-b2f1-1e1948be289c [3mplatform[0m[2m=[0mPolymarket [3mbid[0m[2m=[0m0.99 [3mask[0m[2m=[0m0 [3mmid[0m[2m=[0m0.99 [3mbid_size[0m[2m=[0m711089.74 [3mask_size[0m[2m=[0m0
[2m2026-04-12T20:31:13.065090Z[0m [34mDEBUG[0m [2mmercury::engine::market_actor[0m[2m:[0m Tick received — running arb detection [3mmarket_id[0m[2m=[0m631deb8c-fbb4-489e-818e-ae698f57f50b [3mplatform[0m[2m=[0mPolymarket [3mbid[0m[2m=[0m0.62 [3mask[0m[2m=[0m0.64 [3mmid[0m[2m=[0m0.63 [3mbid_size[0m[2m=[0m97 [3mask_size[0m[2m=[0m141.31
[2m2026-04-12T20:31:13.121912Z[0m [34mDEBUG[0m [2mmercury::engine::market_actor[0m[2m:[0m Tick received — running arb detection [3mmarket_id[0m[2m=[0m631deb8c-fbb4-489e-818e-ae698f57f50b [3mplatform[0m[2m=[0mPolymarket [3mbid[0m[2m=[0m0.62 [3mask[0m[2m=[0m0.64 [3mmid[0m[2m=[0m0.63 [3mbid_size[0m[2m=[0m97 [3mask_size[0m[2m=[0m141.31
[2m2026-04-12T20:31:13.122103Z[0m [34mDEBUG[0m [2mmercury::engine::market_actor[0m[2m:[0m Tick received — running arb detection [3mmarket_id[0m[2m=[0m631deb8c-fbb4-489e-818e-ae698f57f50b [3mplatform[0m[2m=[0mPolymarket [3mbid[0m[2m=[0m0.62 [3mask[0m[2m=[0m0.64 [3mmid[0m[2m=[0m0.63 [3mbid_size[0m[2m=[0m97 [3mask_size[0m[2m=[0m141.31
[2m2026-04-12T20:31:13.122268Z[0m [34mDEBUG[0m [2mmercury::engine::market_actor[0m[2m:[0m Tick received — running arb detection [3mmarket_id[0m[2m=[0m631deb8c-fbb4-489e-818e-ae698f57f50b [3mplatform[0m[2m=[0mPolymarket [3mbid[0m[2m=[0m0.62 [3mask[0m[2m=[0m0.64 [3mmid[0m[2m=[0m0.63 [3mbid_size[0m[2m=[0m117 [3mask_size[0m[2m=[0m141.31
[2m2026-04-12T20:31:13.163598Z[0m [34mDEBUG[0m [2mmercury::engine::market_actor[0m[2m:[0m Tick received — running arb detection [3mmarket_id[0m[2m=[0m631deb8c-fbb4-489e-818e-ae698f57f50b [3mplatform[0m[2m=[0mPolymarket [3mbid[0m[2m=[0m0.62 [3mask[0m[2m=[0m0.64 [3mmid[0m[2m=[0m0.63 [3mbid_size[0m[2m=[0m97 [3mask_size[0m[2m=[0m141.31
[2m2026-04-12T20:31:13.165448Z[0m [34mDEBUG[0m [2mmercury::feeds::polymarket[0m[2m:[0m Unknown Polymarket event type [3mevent_type[0m[2m=[0mbest_bid_ask
[2m2026-04-12T20:31:13.166038Z[0m [34mDEBUG[0m [2mmercury::engine::market_actor[0m[2m:[0m Tick received — running arb detection [3mmarket_id[0m[2m=[0m631deb8c-fbb4-489e-818e-ae698f57f50b [3mplatform[0m[2m=[0mPolymarket [3mbid[0m[2m=[0m0.62 [3mask[0m[2m=[0m0.64 [3mmid[0m[2m=[0m0.63 [3mbid_size[0m[2m=[0m97 [3mask_size[0m[2m=[0m138.18
[2m2026-04-12T20:31:13.166702Z[0m [34mDEBUG[0m [2mmercury::engine::market_actor[0m[2m:[0m Tick received — running arb detection [3mmarket_id[0m[2m=[0m631deb8c-fbb4-489e-818e-ae698f57f50b [3mplatform[0m[2m=[0mPolymarket [3mbid[0m[2m=[0m0.62 [3mask[0m[2m=[0m0.64 [3mmid[0m[2m=[0m0.63 [3mbid_size[0m[2m=[0m97 [3mask_size[0m[2m=[0m138.18
[2m2026-04-12T20:31:13.166828Z[0m [34mDEBUG[0m [2mmercury::feeds::polymarket[0m[2m:[0m Unknown Polymarket event type [3mevent_type[0m[2m=[0mbest_bid_ask
[2m2026-04-12T20:31:13.166928Z[0m [34mDEBUG[0m [2mmercury::engine::market_actor[0m[2m:[0m Tick received — running arb detection [3mmarket_id[0m[2m=[0m631deb8c-fbb4-489e-818e-ae698f57f50b [3mplatform[0m[2m=[0mPolymarket [3mbid[0m[2m=[0m0.62 [3mask[0m[2m=[0m0.64 [3mmid[0m[2m=[0m0.63 [3mbid_size[0m[2m=[0m97 [3mask_size[0m[2m=[0m138.18
[2m2026-04-12T20:31:13.167119Z[0m [34mDEBUG[0m [2mmercury::engine::market_actor[0m[2m:[0m Tick received — running arb detection [3mmarket_id[0m[2m=[0m631deb8c-fbb4-489e-818e-ae698f57f50b [3mplatform[0m[2m=[0mPolymarket [3mbid[0m[2m=[0m0.62 [3mask[0m[2m=[0m0.64 [3mmid[0m[2m=[0m0.63 [3mbid_size[0m[2m=[0m94.1 [3mask_size[0m[2m=[0m138.18
[2m2026-04-12T20:31:13.167678Z[0m [34mDEBUG[0m [2mmercury::engine::market_actor[0m[2m:[0m Tick received — running arb detection [3mmarket_id[0m[2m=[0m631deb8c-fbb4-489e-818e-ae698f57f50b [3mplatform[0m[2m=[0mPolymarket [3mbid[0m[2m=[0m0.62 [3mask[0m[2m=[0m0.64 [3mmid[0m[2m=[0m0.63 [3mbid_size[0m[2m=[0m94.1 [3mask_size[0m[2m=[0m138.18
[2m2026-04-12T20:31:13.168099Z[0m [34mDEBUG[0m [2mmercury::engine::market_actor[0m[2m:[0m Tick received — running arb detection [3mmarket_id[0m[2m=[0m631deb8c-fbb4-489e-818e-ae698f57f50b [3mplatform[0m[2m=[0mPolymarket [3mbid[0m[2m=[0m0.62 [3mask[0m[2m=[0m0.64 [3mmid[0m[2m=[0m0.63 [3mbid_size[0m[2m=[0m114.1 [3mask_size[0m[2m=[0m138.18
[2m2026-04-12T20:31:13.221560Z[0m [34mDEBUG[0m [2mmercury::engine::market_actor[0m[2m:[0m Tick received — running arb detection [3mmarket_id[0m[2m=[0m631deb8c-fbb4-489e-818e-ae698f57f50b [3mplatform[0m[2m=[0mPolymarket [3mbid[0m[2m=[0m0.62 [3mask[0m[2m=[0m0.64 [3mmid[0m[2m=[0m0.63 [3mbid_size[0m[2m=[0m114.1 [3mask_size[0m[2m=[0m138.18
[2m2026-04-12T20:31:13.221777Z[0m [34mDEBUG[0m [2mmercury::engine::market_actor[0m[2m:[0m Tick received — running arb detection [3mmarket_id[0m[2m=[0m631deb8c-fbb4-489e-818e-ae698f57f50b [3mplatform[0m[2m=[0mPolymarket [3mbid[0m[2m=[0m0.62 [3mask[0m[2m=[0m0.64 [3mmid[0m[2m=[0m0.63 [3mbid_size[0m[2m=[0m114.1 [3mask_size[0m[2m=[0m138.18
[2m2026-04-12T20:31:13.221800Z[0m [34mDEBUG[0m [2mmercury::engine::market_actor[0m[2m:[0m Tick received — running arb detection [3mmarket_id[0m[2m=[0m2b958b37-9921-40b8-b22d-64a67138ae70 [3mplatform[0m[2m=[0mPolymarket [3mbid[0m[2m=[0m0.56 [3mask[0m[2m=[0m0.6 [3mmid[0m[2m=[0m0.58 [3mbid_size[0m[2m=[0m61.27 [3mask_size[0m[2m=[0m6.72
[2m2026-04-12T20:31:13.221932Z[0m [34mDEBUG[0m [2mmercury::engine::market_actor[0m[2m:[0m Tick received — running arb detection [3mmarket_id[0m[2m=[0m631deb8c-fbb4-489e-818e-ae698f57f50b [3mplatform[0m[2m=[0mPolymarket [3mbid[0m[2m=[0m0.62 [3mask[0m[2m=[0m0.64 [3mmid[0m[2m=[0m0.63 [3mbid_size[0m[2m=[0m94.1 [3mask_size[0m[2m=[0m138.18
[2m2026-04-12T20:31:13.221965Z[0m [34mDEBUG[0m [2mmercury::engine::market_actor[0m[2m:[0m Tick received — running arb detection [3mmarket_id[0m[2m=[0m2b958b37-9921-40b8-b22d-64a67138ae70 [3mplatform[0m[2m=[0mPolymarket [3mbid[0m[2m=[0m0.56 [3mask[0m[2m=[0m0.6 [3mmid[0m[2m=[0m0.58 [3mbid_size[0m[2m=[0m61.27 [3mask_size[0m[2m=[0m6.72
[2m2026-04-12T20:31:13.264885Z[0m [34mDEBUG[0m [2mmercury::engine::market_actor[0m[2m:[0m Tick received — running arb detection [3mmarket_id[0m[2m=[0m631deb8c-fbb4-489e-818e-ae698f57f50b [3mplatform[0m[2m=[0mPolymarket [3mbid[0m[2m=[0m0.62 [3mask[0m[2m=[0m0.64 [3mmid[0m[2m=[0m0.63 [3mbid_size[0m[2m=[0m94.1 [3mask_size[0m[2m=[0m138.18
[2m2026-04-12T20:31:13.265041Z[0m [34mDEBUG[0m [2mmercury::engine::market_actor[0m[2m:[0m Tick received — running arb detection [3mmarket_id[0m[2m=[0m631deb8c-fbb4-489e-818e-ae698f57f50b [3mplatform[0m[2m=[0mPolymarket [3mbid[0m[2m=[0m0.62 [3mask[0m[2m=[0m0.64 [3mmid[0m[2m=[0m0.63 [3mbid_size[0m[2m=[0m99.1 [3mask_size[0m[2m=[0m138.18
[2m2026-04-12T20:31:13.265085Z[0m [34mDEBUG[0m [2mmercury::engine::market_actor[0m[2m:[0m Tick received — running arb detection [3mmarket_id[0m[2m=[0m2b958b37-9921-40b8-b22d-64a67138ae70 [3mplatform[0m[2m=[0mPolymarket [3mbid[0m[2m=[0m0.56 [3mask[0m[2m=[0m0.6 [3mmid[0m[2m=[0m0.58 [3mbid_size[0m[2m=[0m61.27 [3mask_size[0m[2m=[0m6.72
[2m2026-04-12T20:31:13.265188Z[0m [34mDEBUG[0m [2mmercury::engine::market_actor[0m[2m:[0m Tick received — running arb detection [3mmarket_id[0m[2m=[0m2b958b37-9921-40b8-b22d-64a67138ae70 [3mplatform[0m[2m=[0mPolymarket [3mbid[0m[2m=[0m0.56 [3mask[0m[2m=[0m0.6 [3mmid[0m[2m=[0m0.58 [3mbid_size[0m[2m=[0m61.27 [3mask_size[0m[2m=[0m6.72
[2m2026-04-12T20:31:13.265791Z[0m [34mDEBUG[0m [2mmercury::engine::market_actor[0m[2m:[0m Tick received — running arb detection [3mmarket_id[0m[2m=[0m631deb8c-fbb4-489e-818e-ae698f57f50b [3mplatform[0m[2m=[0mPolymarket [3mbid[0m[2m=[0m0.62 [3mask[0m[2m=[0m0.64 [3mmid[0m[2m=[0m0.63 [3mbid_size[0m[2m=[0m99.1 [3mask_size[0m[2m=[0m138.18
[2m2026-04-12T20:31:13.265904Z[0m [34mDEBUG[0m [2mmercury::engine::market_actor[0m[2m:[0m Tick received — running arb detection [3mmarket_id[0m[2m=[0m631deb8c-fbb4-489e-818e-ae698f57f50b [3mplatform[0m[2m=[0mPolymarket [3mbid[0m[2m=[0m0.62 [3mask[0m[2m=[0m0.64 [3mmid[0m[2m=[0m0.63 [3mbid_size[0m[2m=[0m99.1 [3mask_size[0m[2m=[0m113.18
[2m2026-04-12T20:31:13.267669Z[0m [34mDEBUG[0m [2mmercury::engine::market_actor[0m[2m:[0m Tick received — running arb detection [3mmarket_id[0m[2m=[0m631deb8c-fbb4-489e-818e-ae698f57f50b [3mplatform[0m[2m=[0mPolymarket [3mbid[0m[2m=[0m0.62 [3mask[0m[2m=[0m0.64 [3mmid[0m[2m=[0m0.63 [3mbid_size[0m[2m=[0m119.1 [3mask_size[0m[2m=[0m113.18
[2m2026-04-12T20:31:13.280676Z[0m [34mDEBUG[0m [2mmercury::feeds::polymarket[0m[2m:[0m Unknown Polymarket event type [3mevent_type[0m[2m=[0mbest_bid_ask
[2m2026-04-12T20:31:13.281010Z[0m [34mDEBUG[0m [2mmercury::engine::market_actor[0m[2m:[0m Tick received — running arb detection [3mmarket_id[0m[2m=[0m631deb8c-fbb4-489e-818e-ae698f57f50b [3mplatform[0m[2m=[0mPolymarket [3mbid[0m[2m=[0m0.62 [3mask[0m[2m=[0m0.64 [3mmid[0m[2m=[0m0.63 [3mbid_size[0m[2m=[0m113.83 [3mask_size[0m[2m=[0m113.18
[2m2026-04-12T20:31:13.281291Z[0m [34mDEBUG[0m [2mmercury::engine::market_actor[0m[2m:[0m Tick received — running arb detection [3mmarket_id[0m[2m=[0m631deb8c-fbb4-489e-818e-ae698f57f50b [3mplatform[0m[2m=[0mPolymarket [3mbid[0m[2m=[0m0.62 [3mask[0m[2m=[0m0.64 [3mmid[0m[2m=[0m0.63 [3mbid_size[0m[2m=[0m113.83 [3mask_size[0m[2m=[0m113.18
[2m2026-04-12T20:31:13.283031Z[0m [32m INFO[0m [2mmercury::feeds::discovery[0m[2m:[0m Polymarket general markets fetched [3mcount[0m[2m=[0m63
[2m2026-04-12T20:31:13.290575Z[0m [34mDEBUG[0m [2mmercury::engine::market_actor[0m[2m:[0m Tick received — running arb detection [3mmarket_id[0m[2m=[0m631deb8c-fbb4-489e-818e-ae698f57f50b [3mplatform[0m[2m=[0mPolymarket [3mbid[0m[2m=[0m0.62 [3mask[0m[2m=[0m0.64 [3mmid[0m[2m=[0m0.63 [3mbid_size[0m[2m=[0m93.83 [3mask_size[0m[2m=[0m113.18
[2m2026-04-12T20:31:13.329618Z[0m [34mDEBUG[0m [2mmercury::feeds::polymarket[0m[2m:[0m Unknown Polymarket event type [3mevent_type[0m[2m=[0mbest_bid_ask
[2m2026-04-12T20:31:13.330093Z[0m [34mDEBUG[0m [2mmercury::engine::market_actor[0m[2m:[0m Tick received — running arb detection [3mmarket_id[0m[2m=[0m631deb8c-fbb4-489e-818e-ae698f57f50b [3mplatform[0m[2m=[0mPolymarket [3mbid[0m[2m=[0m0.63 [3mask[0m[2m=[0m0.64 [3mmid[0m[2m=[0m0.6350 [3mbid_size[0m[2m=[0m5 [3mask_size[0m[2m=[0m113.18
[2m2026-04-12T20:31:13.330273Z[0m [34mDEBUG[0m [2mmercury::engine::market_actor[0m[2m:[0m Tick received — running arb detection [3mmarket_id[0m[2m=[0m631deb8c-fbb4-489e-818e-ae698f57f50b [3mplatform[0m[2m=[0mPolymarket [3mbid[0m[2m=[0m0.63 [3mask[0m[2m=[0m0.64 [3mmid[0m[2m=[0m0.6350 [3mbid_size[0m[2m=[0m5 [3mask_size[0m[2m=[0m113.18
[2m2026-04-12T20:31:13.330420Z[0m [34mDEBUG[0m [2mmercury::engine::market_actor[0m[2m:[0m Tick received — running arb detection [3mmarket_id[0m[2m=[0m631deb8c-fbb4-489e-818e-ae698f57f50b [3mplatform[0m[2m=[0mPolymarket [3mbid[0m[2m=[0m0.63 [3mask[0m[2m=[0m0.64 [3mmid[0m[2m=[0m0.6350 [3mbid_size[0m[2m=[0m5 [3mask_size[0m[2m=[0m113.18
[2m2026-04-12T20:31:13.330564Z[0m [34mDEBUG[0m [2mmercury::engine::market_actor[0m[2m:[0m Tick received — running arb detection [3mmarket_id[0m[2m=[0m631deb8c-fbb4-489e-818e-ae698f57f50b [3mplatform[0m[2m=[0mPolymarket [3mbid[0m[2m=[0m0.63 [3mask[0m[2m=[0m0.64 [3mmid[0m[2m=[0m0.6350 [3mbid_size[0m[2m=[0m5 [3mask_size[0m[2m=[0m113.18
[2m2026-04-12T20:31:13.370342Z[0m [34mDEBUG[0m [2mmercury::engine::market_actor[0m[2m:[0m Tick received — running arb detection [3mmarket_id[0m[2m=[0m631deb8c-fbb4-489e-818e-ae698f57f50b [3mplatform[0m[2m=[0mPolymarket [3mbid[0m[2m=[0m0.63 [3mask[0m[2m=[0m0.64 [3mmid[0m[2m=[0m0.6350 [3mbid_size[0m[2m=[0m5 [3mask_size[0m[2m=[0m113.18
[2m2026-04-12T20:31:13.370620Z[0m [34mDEBUG[0m [2mmercury::engine::market_actor[0m[2m:[0m Tick received — running arb detection [3mmarket_id[0m[2m=[0m631deb8c-fbb4-489e-818e-ae698f57f50b [3mplatform[0m[2m=[0mPolymarket [3mbid[0m[2m=[0m0.63 [3mask[0m[2m=[0m0.64 [3mmid[0m[2m=[0m0.6350 [3mbid_size[0m[2m=[0m5 [3mask_size[0m[2m=[0m113.18
[2m2026-04-12T20:31:13.370815Z[0m [34mDEBUG[0m [2mmercury::engine::market_actor[0m[2m:[0m Tick received — running arb detection [3mmarket_id[0m[2m=[0m631deb8c-fbb4-489e-818e-ae698f57f50b [3mplatform[0m[2m=[0mPolymarket [3mbid[0m[2m=[0m0.63 [3mask[0m[2m=[0m0.64 [3mmid[0m[2m=[0m0.6350 [3mbid_size[0m[2m=[0m5 [3mask_size[0m[2m=[0m113.18
[2m2026-04-12T20:31:13.442690Z[0m [34mDEBUG[0m [2mmercury::feeds::polymarket[0m[2m:[0m Unknown Polymarket event type [3mevent_type[0m[2m=[0mbest_bid_ask
[2m2026-04-12T20:31:13.443209Z[0m [34mDEBUG[0m [2mmercury::engine::market_actor[0m[2m:[0m Tick received — running arb detection [3mmarket_id[0m[2m=[0m631deb8c-fbb4-489e-818e-ae698f57f50b [3mplatform[0m[2m=[0mPolymarket [3mbid[0m[2m=[0m0.62 [3mask[0m[2m=[0m0.64 [3mmid[0m[2m=[0m0.63 [3mbid_size[0m[2m=[0m93.83 [3mask_size[0m[2m=[0m113.18
[2m2026-04-12T20:31:13.443443Z[0m [34mDEBUG[0m [2mmercury::engine::market_actor[0m[2m:[0m Tick received — running arb detection [3mmarket_id[0m[2m=[0m631deb8c-fbb4-489e-818e-ae698f57f50b [3mplatform[0m[2m=[0mPolymarket [3mbid[0m[2m=[0m0.62 [3mask[0m[2m=[0m0.64 [3mmid[0m[2m=[0m0.63 [3mbid_size[0m[2m=[0m88.83 [3mask_size[0m[2m=[0m113.18
[2m2026-04-12T20:31:13.443634Z[0m [34mDEBUG[0m [2mmercury::feeds::polymarket[0m[2m:[0m Unknown Polymarket event type [3mevent_type[0m[2m=[0mbest_bid_ask
[2m2026-04-12T20:31:13.443643Z[0m [34mDEBUG[0m [2mmercury::engine::market_actor[0m[2m:[0m Tick received — running arb detection [3mmarket_id[0m[2m=[0m631deb8c-fbb4-489e-818e-ae698f57f50b [3mplatform[0m[2m=[0mPolymarket [3mbid[0m[2m=[0m0.62 [3mask[0m[2m=[0m0.64 [3mmid[0m[2m=[0m0.63 [3mbid_size[0m[2m=[0m88.83 [3mask_size[0m[2m=[0m113.18
[2m2026-04-12T20:31:13.443720Z[0m [34mDEBUG[0m [2mmercury::engine::market_actor[0m[2m:[0m Tick received — running arb detection [3mmarket_id[0m[2m=[0m9046452d-bcb3-4bb8-8925-8924b7439992 [3mplatform[0m[2m=[0mPolymarket [3mbid[0m[2m=[0m0.56 [3mask[0m[2m=[0m0.57 [3mmid[0m[2m=[0m0.5650 [3mbid_size[0m[2m=[0m187.8 [3mask_size[0m[2m=[0m50.27
[2m2026-04-12T20:31:13.444023Z[0m [34mDEBUG[0m [2mmercury::engine::market_actor[0m[2m:[0m Tick received — running arb detection [3mmarket_id[0m[2m=[0m631deb8c-fbb4-489e-818e-ae698f57f50b [3mplatform[0m[2m=[0mPolymarket [3mbid[0m[2m=[0m0.62 [3mask[0m[2m=[0m0.63 [3mmid[0m[2m=[0m0.6250 [3mbid_size[0m[2m=[0m88.83 [3mask_size[0m[2m=[0m11.97
[2m2026-04-12T20:31:13.444232Z[0m [34mDEBUG[0m [2mmercury::engine::market_actor[0m[2m:[0m Tick received — running arb detection [3mmarket_id[0m[2m=[0m631deb8c-fbb4-489e-818e-ae698f57f50b [3mplatform[0m[2m=[0mPolymarket [3mbid[0m[2m=[0m0.62 [3mask[0m[2m=[0m0.63 [3mmid[0m[2m=[0m0.6250 [3mbid_size[0m[2m=[0m88.83 [3mask_size[0m[2m=[0m11.97
[2m2026-04-12T20:31:13.444428Z[0m [34mDEBUG[0m [2mmercury::engine::market_actor[0m[2m:[0m Tick received — running arb detection [3mmarket_id[0m[2m=[0m631deb8c-fbb4-489e-818e-ae698f57f50b [3mplatform[0m[2m=[0mPolymarket [3mbid[0m[2m=[0m0.62 [3mask[0m[2m=[0m0.63 [3mmid[0m[2m=[0m0.6250 [3mbid_size[0m[2m=[0m88.83 [3mask_size[0m[2m=[0m11.97
[2m2026-04-12T20:31:13.444633Z[0m [34mDEBUG[0m [2mmercury::engine::market_actor[0m[2m:[0m Tick received — running arb detection [3mmarket_id[0m[2m=[0m631deb8c-fbb4-489e-818e-ae698f57f50b [3mplatform[0m[2m=[0mPolymarket [3mbid[0m[2m=[0m0.62 [3mask[0m[2m=[0m0.63 [3mmid[0m[2m=[0m0.6250 [3mbid_size[0m[2m=[0m88.83 [3mask_size[0m[2m=[0m11.97
[2m2026-04-12T20:31:13.444781Z[0m [34mDEBUG[0m [2mmercury::engine::market_actor[0m[2m:[0m Tick received — running arb detection [3mmarket_id[0m[2m=[0m631deb8c-fbb4-489e-818e-ae698f57f50b [3mplatform[0m[2m=[0mPolymarket [3mbid[0m[2m=[0m0.62 [3mask[0m[2m=[0m0.63 [3mmid[0m[2m=[0m0.6250 [3mbid_size[0m[2m=[0m88.83 [3mask_size[0m[2m=[0m11.97
[2m2026-04-12T20:31:13.444928Z[0m [34mDEBUG[0m [2mmercury::engine::market_actor[0m[2m:[0m Tick received — running arb detection [3mmarket_id[0m[2m=[0m631deb8c-fbb4-489e-818e-ae698f57f50b [3mplatform[0m[2m=[0mPolymarket [3mbid[0m[2m=[0m0.62 [3mask[0m[2m=[0m0.63 [3mmid[0m[2m=[0m0.6250 [3mbid_size[0m[2m=[0m88.83 [3mask_size[0m[2m=[0m11.97
[2m2026-04-12T20:31:13.470399Z[0m [34mDEBUG[0m [2mmercury::engine::market_actor[0m[2m:[0m Tick received — running arb detection [3mmarket_id[0m[2m=[0m631deb8c-fbb4-489e-818e-ae698f57f50b [3mplatform[0m[2m=[0mPolymarket [3mbid[0m[2m=[0m0.62 [3mask[0m[2m=[0m0.63 [3mmid[0m[2m=[0m0.6250 [3mbid_size[0m[2m=[0m108.83 [3mask_size[0m[2m=[0m11.97
[2m2026-04-12T20:31:13.475422Z[0m [34mDEBUG[0m [2mmercury::engine::market_actor[0m[2m:[0m Tick received — running arb detection [3mmarket_id[0m[2m=[0m631deb8c-fbb4-489e-818e-ae698f57f50b [3mplatform[0m[2m=[0mPolymarket [3mbid[0m[2m=[0m0.62 [3mask[0m[2m=[0m0.63 [3mmid[0m[2m=[0m0.6250 [3mbid_size[0m[2m=[0m108.83 [3mask_size[0m[2m=[0m36.97
[2m2026-04-12T20:31:13.475939Z[0m [34mDEBUG[0m [2mmercury::engine::market_actor[0m[2m:[0m Tick received — running arb detection [3mmarket_id[0m[2m=[0m631deb8c-fbb4-489e-818e-ae698f57f50b [3mplatform[0m[2m=[0mPolymarket [3mbid[0m[2m=[0m0.62 [3mask[0m[2m=[0m0.63 [3mmid[0m[2m=[0m0.6250 [3mbid_size[0m[2m=[0m108.83 [3mask_size[0m[2m=[0m41.97
[2m2026-04-12T20:31:13.476120Z[0m [34mDEBUG[0m [2mmercury::engine::market_actor[0m[2m:[0m Tick received — running arb detection [3mmarket_id[0m[2m=[0m631deb8c-fbb4-489e-818e-ae698f57f50b [3mplatform[0m[2m=[0mPolymarket [3mbid[0m[2m=[0m0.62 [3mask[0m[2m=[0m0.63 [3mmid[0m[2m=[0m0.6250 [3mbid_size[0m[2m=[0m108.83 [3mask_size[0m[2m=[0m41.97
[2m2026-04-12T20:31:13.488685Z[0m [34mDEBUG[0m [2mmercury::engine::market_actor[0m[2m:[0m Tick received — running arb detection [3mmarket_id[0m[2m=[0m631deb8c-fbb4-489e-818e-ae698f57f50b [3mplatform[0m[2m=[0mPolymarket [3mbid[0m[2m=[0m0.62 [3mask[0m[2m=[0m0.63 [3mmid[0m[2m=[0m0.6250 [3mbid_size[0m[2m=[0m88.83 [3mask_size[0m[2m=[0m41.97
[2m2026-04-12T20:31:13.497445Z[0m [34mDEBUG[0m [2mmercury::engine::market_actor[0m[2m:[0m Tick received — running arb detection [3mmarket_id[0m[2m=[0m631deb8c-fbb4-489e-818e-ae698f57f50b [3mplatform[0m[2m=[0mPolymarket [3mbid[0m[2m=[0m0.62 [3mask[0m[2m=[0m0.63 [3mmid[0m[2m=[0m0.6250 [3mbid_size[0m[2m=[0m88.83 [3mask_size[0m[2m=[0m41.97
[2m2026-04-12T20:31:13.551490Z[0m [34mDEBUG[0m [2mmercury::engine::market_actor[0m[2m:[0m Tick received — running arb detection [3mmarket_id[0m[2m=[0m631deb8c-fbb4-489e-818e-ae698f57f50b [3mplatform[0m[2m=[0mPolymarket [3mbid[0m[2m=[0m0.62 [3mask[0m[2m=[0m0.63 [3mmid[0m[2m=[0m0.6250 [3mbid_size[0m[2m=[0m88.83 [3mask_size[0m[2m=[0m41.97
[2m2026-04-12T20:31:13.551613Z[0m [34mDEBUG[0m [2mmercury::feeds::polymarket[0m[2m:[0m Unknown Polymarket event type [3mevent_type[0m[2m=[0mbest_bid_ask
[2m2026-04-12T20:31:13.551693Z[0m [34mDEBUG[0m [2mmercury::engine::market_actor[0m[2m:[0m Tick received — running arb detection [3mmarket_id[0m[2m=[0m631deb8c-fbb4-489e-818e-ae698f57f50b [3mplatform[0m[2m=[0mPolymarket [3mbid[0m[2m=[0m0.62 [3mask[0m[2m=[0m0.63 [3mmid[0m[2m=[0m0.6250 [3mbid_size[0m[2m=[0m88.83 [3mask_size[0m[2m=[0m41.97
[2m2026-04-12T20:31:13.551826Z[0m [34mDEBUG[0m [2mmercury::engine::market_actor[0m[2m:[0m Tick received — running arb detection [3mmarket_id[0m[2m=[0m631deb8c-fbb4-489e-818e-ae698f57f50b [3mplatform[0m[2m=[0mPolymarket [3mbid[0m[2m=[0m0.62 [3mask[0m[2m=[0m0.63 [3mmid[0m[2m=[0m0.6250 [3mbid_size[0m[2m=[0m88.83 [3mask_size[0m[2m=[0m41.97
[2m2026-04-12T20:31:13.551951Z[0m [34mDEBUG[0m [2mmercury::engine::market_actor[0m[2m:[0m Tick received — running arb detection [3mmarket_id[0m[2m=[0m631deb8c-fbb4-489e-818e-ae698f57f50b [3mplatform[0m[2m=[0mPolymarket [3mbid[0m[2m=[0m0.62 [3mask[0m[2m=[0m0.63 [3mmid[0m[2m=[0m0.6250 [3mbid_size[0m[2m=[0m108.83 [3mask_size[0m[2m=[0m41.97
[2m2026-04-12T20:31:13.552077Z[0m [34mDEBUG[0m [2mmercury::engine::market_actor[0m[2m:[0m Tick received — running arb detection [3mmarket_id[0m[2m=[0m631deb8c-fbb4-489e-818e-ae698f57f50b [3mplatform[0m[2m=[0mPolymarket [3mbid[0m[2m=[0m0.62 [3mask[0m[2m=[0m0.63 [3mmid[0m[2m=[0m0.6250 [3mbid_size[0m[2m=[0m105.93 [3mask_size[0m[2m=[0m41.97
[2m2026-04-12T20:31:13.552279Z[0m [34mDEBUG[0m [2mmercury::feeds::polymarket[0m[2m:[0m Unknown Polymarket event type [3mevent_type[0m[2m=[0mbest_bid_ask
[2m2026-04-12T20:31:13.552294Z[0m [34mDEBUG[0m [2mmercury::engine::market_actor[0m[2m:[0m Tick received — running arb detection [3mmarket_id[0m[2m=[0m631deb8c-fbb4-489e-818e-ae698f57f50b [3mplatform[0m[2m=[0mPolymarket [3mbid[0m[2m=[0m0.62 [3mask[0m[2m=[0m0.63 [3mmid[0m[2m=[0m0.6250 [3mbid_size[0m[2m=[0m105.93 [3mask_size[0m[2m=[0m41.97
[2m2026-04-12T20:31:13.552483Z[0m [34mDEBUG[0m [2mmercury::engine::market_actor[0m[2m:[0m Tick received — running arb detection [3mmarket_id[0m[2m=[0m631deb8c-fbb4-489e-818e-ae698f57f50b [3mplatform[0m[2m=[0mPolymarket [3mbid[0m[2m=[0m0.62 [3mask[0m[2m=[0m0.63 [3mmid[0m[2m=[0m0.6250 [3mbid_size[0m[2m=[0m79.93 [3mask_size[0m[2m=[0m41.97
[2m2026-04-12T20:31:13.552947Z[0m [34mDEBUG[0m [2mmercury::engine::market_actor[0m[2m:[0m Tick received — running arb detection [3mmarket_id[0m[2m=[0m631deb8c-fbb4-489e-818e-ae698f57f50b [3mplatform[0m[2m=[0mPolymarket [3mbid[0m[2m=[0m0.62 [3mask[0m[2m=[0m0.63 [3mmid[0m[2m=[0m0.6250 [3mbid_size[0m[2m=[0m79.93 [3mask_size[0m[2m=[0m41.97
[2m2026-04-12T20:31:13.556240Z[0m [34mDEBUG[0m [2mmercury::engine::market_actor[0m[2m:[0m Tick received — running arb detection [3mmarket_id[0m[2m=[0m631deb8c-fbb4-489e-818e-ae698f57f50b [3mplatform[0m[2m=[0mPolymarket [3mbid[0m[2m=[0m0.62 [3mask[0m[2m=[0m0.63 [3mmid[0m[2m=[0m0.6250 [3mbid_size[0m[2m=[0m59.93 [3mask_size[0m[2m=[0m41.97
[2m2026-04-12T20:31:13.576340Z[0m [34mDEBUG[0m [2mmercury::engine::market_actor[0m[2m:[0m Tick received — running arb detection [3mmarket_id[0m[2m=[0m631deb8c-fbb4-489e-818e-ae698f57f50b [3mplatform[0m[2m=[0mPolymarket [3mbid[0m[2m=[0m0.62 [3mask[0m[2m=[0m0.63 [3mmid[0m[2m=[0m0.6250 [3mbid_size[0m[2m=[0m59.93 [3mask_size[0m[2m=[0m41.97
[2m2026-04-12T20:31:13.576546Z[0m [34mDEBUG[0m [2mmercury::engine::market_actor[0m[2m:[0m Tick received — running arb detection [3mmarket_id[0m[2m=[0m631deb8c-fbb4-489e-818e-ae698f57f50b [3mplatform[0m[2m=[0mPolymarket [3mbid[0m[2m=[0m0.62 [3mask[0m[2m=[0m0.63 [3mmid[0m[2m=[0m0.6250 [3mbid_size[0m[2m=[0m59.93 [3mask_size[0m[2m=[0m41.97
[2m2026-04-12T20:31:13.576664Z[0m [34mDEBUG[0m [2mmercury::engine::market_actor[0m[2m:[0m Tick received — running arb detection [3mmarket_id[0m[2m=[0m631deb8c-fbb4-489e-818e-ae698f57f50b [3mplatform[0m[2m=[0mPolymarket [3mbid[0m[2m=[0m0.62 [3mask[0m[2m=[0m0.63 [3mmid[0m[2m=[0m0.6250 [3mbid_size[0m[2m=[0m59.93 [3mask_size[0m[2m=[0m16.97
[2m2026-04-12T20:31:13.635945Z[0m [34mDEBUG[0m [2mmercury::engine::market_actor[0m[2m:[0m Tick received — running arb detection [3mmarket_id[0m[2m=[0m9046452d-bcb3-4bb8-8925-8924b7439992 [3mplatform[0m[2m=[0mPolymarket [3mbid[0m[2m=[0m0.56 [3mask[0m[2m=[0m0.57 [3mmid[0m[2m=[0m0.5650 [3mbid_size[0m[2m=[0m187.8 [3mask_size[0m[2m=[0m50.27
[2m2026-04-12T20:31:13.636071Z[0m [34mDEBUG[0m [2mmercury::engine::market_actor[0m[2m:[0m Tick received — running arb detection [3mmarket_id[0m[2m=[0m631deb8c-fbb4-489e-818e-ae698f57f50b [3mplatform[0m[2m=[0mPolymarket [3mbid[0m[2m=[0m0.62 [3mask[0m[2m=[0m0.63 [3mmid[0m[2m=[0m0.6250 [3mbid_size[0m[2m=[0m59.93 [3mask_size[0m[2m=[0m16.97
[2m2026-04-12T20:31:13.636286Z[0m [34mDEBUG[0m [2mmercury::engine::market_actor[0m[2m:[0m Tick received — running arb detection [3mmarket_id[0m[2m=[0m9046452d-bcb3-4bb8-8925-8924b7439992 [3mplatform[0m[2m=[0mPolymarket [3mbid[0m[2m=[0m0.56 [3mask[0m[2m=[0m0.57 [3mmid[0m[2m=[0m0.5650 [3mbid_size[0m[2m=[0m187.8 [3mask_size[0m[2m=[0m50.27
[2m2026-04-12T20:31:13.650709Z[0m [34mDEBUG[0m [2mmercury::engine::market_actor[0m[2m:[0m Tick received — running arb detection [3mmarket_id[0m[2m=[0m631deb8c-fbb4-489e-818e-ae698f57f50b [3mplatform[0m[2m=[0mPolymarket [3mbid[0m[2m=[0m0.62 [3mask[0m[2m=[0m0.63 [3mmid[0m[2m=[0m0.6250 [3mbid_size[0m[2m=[0m79.93 [3mask_size[0m[2m=[0m16.97
[2m2026-04-12T20:31:13.650758Z[0m [34mDEBUG[0m [2mmercury::engine::market_actor[0m[2m:[0m Tick received — running arb detection [3mmarket_id[0m[2m=[0m9046452d-bcb3-4bb8-8925-8924b7439992 [3mplatform[0m[2m=[0mPolymarket [3mbid[0m[2m=[0m0.56 [3mask[0m[2m=[0m0.57 [3mmid[0m[2m=[0m0.5650 [3mbid_size[0m[2m=[0m187.8 [3mask_size[0m[2m=[0m50.27
[2m2026-04-12T20:31:13.651079Z[0m [34mDEBUG[0m [2mmercury::engine::market_actor[0m[2m:[0m Tick received — running arb detection [3mmarket_id[0m[2m=[0m9046452d-bcb3-4bb8-8925-8924b7439992 [3mplatform[0m[2m=[0mPolymarket [3mbid[0m[2m=[0m0.56 [3mask[0m[2m=[0m0.57 [3mmid[0m[2m=[0m0.5650 [3mbid_size[0m[2m=[0m187.8 [3mask_size[0m[2m=[0m50.27
[2m2026-04-12T20:31:13.653615Z[0m [34mDEBUG[0m [2mmercury::engine::market_actor[0m[2m:[0m Tick received — running arb detection [3mmarket_id[0m[2m=[0m631deb8c-fbb4-489e-818e-ae698f57f50b [3mplatform[0m[2m=[0mPolymarket [3mbid[0m[2m=[0m0.62 [3mask[0m[2m=[0m0.63 [3mmid[0m[2m=[0m0.6250 [3mbid_size[0m[2m=[0m79.93 [3mask_size[0m[2m=[0m16.97
[2m2026-04-12T20:31:13.663288Z[0m [34mDEBUG[0m [2mmercury::engine::market_actor[0m[2m:[0m Tick received — running arb detection [3mmarket_id[0m[2m=[0m631deb8c-fbb4-489e-818e-ae698f57f50b [3mplatform[0m[2m=[0mPolymarket [3mbid[0m[2m=[0m0.62 [3mask[0m[2m=[0m0.63 [3mmid[0m[2m=[0m0.6250 [3mbid_size[0m[2m=[0m59.93 [3mask_size[0m[2m=[0m16.97
[2m2026-04-12T20:31:13.675508Z[0m [34mDEBUG[0m [2mmercury::engine::market_actor[0m[2m:[0m Tick received — running arb detection [3mmarket_id[0m[2m=[0m631deb8c-fbb4-489e-818e-ae698f57f50b [3mplatform[0m[2m=[0mPolymarket [3mbid[0m[2m=[0m0.62 [3mask[0m[2m=[0m0.63 [3mmid[0m[2m=[0m0.6250 [3mbid_size[0m[2m=[0m79.93 [3mask_size[0m[2m=[0m16.97
[2m2026-04-12T20:31:13.729373Z[0m [34mDEBUG[0m [2mmercury::feeds::polymarket[0m[2m:[0m Unknown Polymarket event type [3mevent_type[0m[2m=[0mbest_bid_ask
[2m2026-04-12T20:31:13.729796Z[0m [34mDEBUG[0m [2mmercury::engine::market_actor[0m[2m:[0m Tick received — running arb detection [3mmarket_id[0m[2m=[0m631deb8c-fbb4-489e-818e-ae698f57f50b [3mplatform[0m[2m=[0mPolymarket [3mbid[0m[2m=[0m0.62 [3mask[0m[2m=[0m0.63 [3mmid[0m[2m=[0m0.6250 [3mbid_size[0m[2m=[0m79.93 [3mask_size[0m[2m=[0m15.35
[2m2026-04-12T20:31:13.730211Z[0m [34mDEBUG[0m [2mmercury::engine::market_actor[0m[2m:[0m Tick received — running arb detection [3mmarket_id[0m[2m=[0m631deb8c-fbb4-489e-818e-ae698f57f50b [3mplatform[0m[2m=[0mPolymarket [3mbid[0m[2m=[0m0.62 [3mask[0m[2m=[0m0.63 [3mmid[0m[2m=[0m0.6250 [3mbid_size[0m[2m=[0m79.93 [3mask_size[0m[2m=[0m15.35
[2m2026-04-12T20:31:13.730366Z[0m [34mDEBUG[0m [2mmercury::engine::market_actor[0m[2m:[0m Tick received — running arb detection [3mmarket_id[0m[2m=[0m631deb8c-fbb4-489e-818e-ae698f57f50b [3mplatform[0m[2m=[0mPolymarket [3mbid[0m[2m=[0m0.62 [3mask[0m[2m=[0m0.63 [3mmid[0m[2m=[0m0.6250 [3mbid_size[0m[2m=[0m59.93 [3mask_size[0m[2m=[0m15.35
[2m2026-04-12T20:31:13.731674Z[0m [34mDEBUG[0m [2mmercury::engine::market_actor[0m[2m:[0m Tick received — running arb detection [3mmarket_id[0m[2m=[0m631deb8c-fbb4-489e-818e-ae698f57f50b [3mplatform[0m[2m=[0mPolymarket [3mbid[0m[2m=[0m0.62 [3mask[0m[2m=[0m0.63 [3mmid[0m[2m=[0m0.6250 [3mbid_size[0m[2m=[0m64.93 [3mask_size[0m[2m=[0m15.35
[2m2026-04-12T20:31:13.731827Z[0m [34mDEBUG[0m [2mmercury::engine::market_actor[0m[2m:[0m Tick received — running arb detection [3mmarket_id[0m[2m=[0m631deb8c-fbb4-489e-818e-ae698f57f50b [3mplatform[0m[2m=[0mPolymarket [3mbid[0m[2m=[0m0.62 [3mask[0m[2m=[0m0.63 [3mmid[0m[2m=[0m0.6250 [3mbid_size[0m[2m=[0m84.93 [3mask_size[0m[2m=[0m15.35
[2m2026-04-12T20:31:13.779255Z[0m [34mDEBUG[0m [2mmercury::engine::market_actor[0m[2m:[0m Tick received — running arb detection [3mmarket_id[0m[2m=[0m631deb8c-fbb4-489e-818e-ae698f57f50b [3mplatform[0m[2m=[0mPolymarket [3mbid[0m[2m=[0m0.62 [3mask[0m[2m=[0m0.63 [3mmid[0m[2m=[0m0.6250 [3mbid_size[0m[2m=[0m84.93 [3mask_size[0m[2m=[0m5
[2m2026-04-12T20:31:13.781829Z[0m [34mDEBUG[0m [2mmercury::engine::market_actor[0m[2m:[0m Tick received — running arb detection [3mmarket_id[0m[2m=[0m631deb8c-fbb4-489e-818e-ae698f57f50b [3mplatform[0m[2m=[0mPolymarket [3mbid[0m[2m=[0m0.62 [3mask[0m[2m=[0m0.63 [3mmid[0m[2m=[0m0.6250 [3mbid_size[0m[2m=[0m84.93 [3mask_size[0m[2m=[0m5
[2m2026-04-12T20:31:13.788911Z[0m [34mDEBUG[0m [2mmercury::engine::market_actor[0m[2m:[0m Tick received — running arb detection [3mmarket_id[0m[2m=[0m631deb8c-fbb4-489e-818e-ae698f57f50b [3mplatform[0m[2m=[0mPolymarket [3mbid[0m[2m=[0m0.62 [3mask[0m[2m=[0m0.63 [3mmid[0m[2m=[0m0.6250 [3mbid_size[0m[2m=[0m64.93 [3mask_size[0m[2m=[0m5
[2m2026-04-12T20:31:13.789307Z[0m [34mDEBUG[0m [2mmercury::engine::market_actor[0m[2m:[0m Tick received — running arb detection [3mmarket_id[0m[2m=[0m9046452d-bcb3-4bb8-8925-8924b7439992 [3mplatform[0m[2m=[0mPolymarket [3mbid[0m[2m=[0m0.56 [3mask[0m[2m=[0m0.57 [3mmid[0m[2m=[0m0.5650 [3mbid_size[0m[2m=[0m187.8 [3mask_size[0m[2m=[0m50.27
[2m2026-04-12T20:31:13.789450Z[0m [34mDEBUG[0m [2mmercury::engine::market_actor[0m[2m:[0m Tick received — running arb detection [3mmarket_id[0m[2m=[0m9046452d-bcb3-4bb8-8925-8924b7439992 [3mplatform[0m[2m=[0mPolymarket [3mbid[0m[2m=[0m0.56 [3mask[0m[2m=[0m0.57 [3mmid[0m[2m=[0m0.5650 [3mbid_size[0m[2m=[0m187.8 [3mask_size[0m[2m=[0m50.27
[2m2026-04-12T20:31:13.789578Z[0m [34mDEBUG[0m [2mmercury::engine::market_actor[0m[2m:[0m Tick received — running arb detection [3mmarket_id[0m[2m=[0m9046452d-bcb3-4bb8-8925-8924b7439992 [3mplatform[0m[2m=[0mPolymarket [3mbid[0m[2m=[0m0.56 [3mask[0m[2m=[0m0.57 [3mmid[0m[2m=[0m0.5650 [3mbid_size[0m[2m=[0m187.8 [3mask_size[0m[2m=[0m50.27
[2m2026-04-12T20:31:13.790693Z[0m [34mDEBUG[0m [2mmercury::engine::market_actor[0m[2m:[0m Tick received — running arb detection [3mmarket_id[0m[2m=[0m9046452d-bcb3-4bb8-8925-8924b7439992 [3mplatform[0m[2m=[0mPolymarket [3mbid[0m[2m=[0m0.56 [3mask[0m[2m=[0m0.57 [3mmid[0m[2m=[0m0.5650 [3mbid_size[0m[2m=[0m187.8 [3mask_size[0m[2m=[0m50.27
[2m2026-04-12T20:31:13.790736Z[0m [34mDEBUG[0m [2mmercury::engine::market_actor[0m[2m:[0m Tick received — running arb detection [3mmarket_id[0m[2m=[0m631deb8c-fbb4-489e-818e-ae698f57f50b [3mplatform[0m[2m=[0mPolymarket [3mbid[0m[2m=[0m0.62 [3mask[0m[2m=[0m0.63 [3mmid[0m[2m=[0m0.6250 [3mbid_size[0m[2m=[0m43.93 [3mask_size[0m[2m=[0m5
[2m2026-04-12T20:31:13.790872Z[0m [34mDEBUG[0m [2mmercury::engine::market_actor[0m[2m:[0m Tick received — running arb detection [3mmarket_id[0m[2m=[0m9046452d-bcb3-4bb8-8925-8924b7439992 [3mplatform[0m[2m=[0mPolymarket [3mbid[0m[2m=[0m0.56 [3mask[0m[2m=[0m0.57 [3mmid[0m[2m=[0m0.5650 [3mbid_size[0m[2m=[0m187.8 [3mask_size[0m[2m=[0m50.27
[2m2026-04-12T20:31:13.790887Z[0m [34mDEBUG[0m [2mmercury::engine::market_actor[0m[2m:[0m Tick received — running arb detection [3mmarket_id[0m[2m=[0m2b958b37-9921-40b8-b22d-64a67138ae70 [3mplatform[0m[2m=[0mPolymarket [3mbid[0m[2m=[0m0.56 [3mask[0m[2m=[0m0.6 [3mmid[0m[2m=[0m0.58 [3mbid_size[0m[2m=[0m61.27 [3mask_size[0m[2m=[0m6.72
[2m2026-04-12T20:31:13.791010Z[0m [34mDEBUG[0m [2mmercury::engine::market_actor[0m[2m:[0m Tick received — running arb detection [3mmarket_id[0m[2m=[0m631deb8c-fbb4-489e-818e-ae698f57f50b [3mplatform[0m[2m=[0mPolymarket [3mbid[0m[2m=[0m0.62 [3mask[0m[2m=[0m0.63 [3mmid[0m[2m=[0m0.6250 [3mbid_size[0m[2m=[0m31.93 [3mask_size[0m[2m=[0m5
[2m2026-04-12T20:31:13.791114Z[0m [34mDEBUG[0m [2mmercury::engine::market_actor[0m[2m:[0m Tick received — running arb detection [3mmarket_id[0m[2m=[0m79e1f598-7189-438f-a66e-b184b04be477 [3mplatform[0m[2m=[0mPolymarket [3mbid[0m[2m=[0m0.45 [3mask[0m[2m=[0m0.47 [3mmid[0m[2m=[0m0.46 [3mbid_size[0m[2m=[0m5.04 [3mask_size[0m[2m=[0m66.74
[2m2026-04-12T20:31:13.791223Z[0m [34mDEBUG[0m [2mmercury::feeds::polymarket[0m[2m:[0m Unknown Polymarket event type [3mevent_type[0m[2m=[0mbest_bid_ask
[2m2026-04-12T20:31:13.791249Z[0m [34mDEBUG[0m [2mmercury::engine::market_actor[0m[2m:[0m Tick received — running arb detection [3mmarket_id[0m[2m=[0m9046452d-bcb3-4bb8-8925-8924b7439992 [3mplatform[0m[2m=[0mPolymarket [3mbid[0m[2m=[0m0.56 [3mask[0m[2m=[0m0.57 [3mmid[0m[2m=[0m0.5650 [3mbid_size[0m[2m=[0m187.8 [3mask_size[0m[2m=[0m50.27
[2m2026-04-12T20:31:13.791399Z[0m [34mDEBUG[0m [2mmercury::engine::market_actor[0m[2m:[0m Tick received — running arb detection [3mmarket_id[0m[2m=[0m9046452d-bcb3-4bb8-8925-8924b7439992 [3mplatform[0m[2m=[0mPolymarket [3mbid[0m[2m=[0m0.56 [3mask[0m[2m=[0m0.57 [3mmid[0m[2m=[0m0.5650 [3mbid_size[0m[2m=[0m187.8 [3mask_size[0m[2m=[0m50.27
[2m2026-04-12T20:31:13.791527Z[0m [34mDEBUG[0m [2mmercury::engine::market_actor[0m[2m:[0m Tick received — running arb detection [3mmarket_id[0m[2m=[0m9046452d-bcb3-4bb8-8925-8924b7439992 [3mplatform[0m[2m=[0mPolymarket [3mbid[0m[2m=[0m0.56 [3mask[0m[2m=[0m0.57 [3mmid[0m[2m=[0m0.5650 [3mbid_size[0m[2m=[0m187.8 [3mask_size[0m[2m=[0m50.27
[2m2026-04-12T20:31:13.791526Z[0m [34mDEBUG[0m [2mmercury::engine::market_actor[0m[2m:[0m Tick received — running arb detection [3mmarket_id[0m[2m=[0m631deb8c-fbb4-489e-818e-ae698f57f50b [3mplatform[0m[2m=[0mPolymarket [3mbid[0m[2m=[0m0.62 [3mask[0m[2m=[0m0.63 [3mmid[0m[2m=[0m0.6250 [3mbid_size[0m[2m=[0m10 [3mask_size[0m[2m=[0m5
[2m2026-04-12T20:31:13.791607Z[0m [34mDEBUG[0m [2mmercury::engine::market_actor[0m[2m:[0m Tick received — running arb detection [3mmarket_id[0m[2m=[0m79e1f598-7189-438f-a66e-b184b04be477 [3mplatform[0m[2m=[0mPolymarket [3mbid[0m[2m=[0m0.44 [3mask[0m[2m=[0m0.47 [3mmid[0m[2m=[0m0.4550 [3mbid_size[0m[2m=[0m5.04 [3mask_size[0m[2m=[0m66.74
[2m2026-04-12T20:31:13.791710Z[0m [34mDEBUG[0m [2mmercury::engine::market_actor[0m[2m:[0m Tick received — running arb detection [3mmarket_id[0m[2m=[0m9046452d-bcb3-4bb8-8925-8924b7439992 [3mplatform[0m[2m=[0mPolymarket [3mbid[0m[2m=[0m0.56 [3mask[0m[2m=[0m0.57 [3mmid[0m[2m=[0m0.5650 [3mbid_size[0m[2m=[0m187.8 [3mask_size[0m[2m=[0m50.27
[2m2026-04-12T20:31:13.791843Z[0m [34mDEBUG[0m [2mmercury::engine::market_actor[0m[2m:[0m Tick received — running arb detection [3mmarket_id[0m[2m=[0m9046452d-bcb3-4bb8-8925-8924b7439992 [3mplatform[0m[2m=[0mPolymarket [3mbid[0m[2m=[0m0.56 [3mask[0m[2m=[0m0.57 [3mmid[0m[2m=[0m0.5650 [3mbid_size[0m[2m=[0m187.8 [3mask_size[0m[2m=[0m50.27
[2m2026-04-12T20:31:13.791868Z[0m [34mDEBUG[0m [2mmercury::feeds::polymarket[0m[2m:[0m Unknown Polymarket event type [3mevent_type[0m[2m=[0mbest_bid_ask
[2m2026-04-12T20:31:13.791976Z[0m [34mDEBUG[0m [2mmercury::engine::market_actor[0m[2m:[0m Tick received — running arb detection [3mmarket_id[0m[2m=[0m9046452d-bcb3-4bb8-8925-8924b7439992 [3mplatform[0m[2m=[0mPolymarket [3mbid[0m[2m=[0m0.56 [3mask[0m[2m=[0m0.57 [3mmid[0m[2m=[0m0.5650 [3mbid_size[0m[2m=[0m187.8 [3mask_size[0m[2m=[0m50.27
[2m2026-04-12T20:31:13.792141Z[0m [34mDEBUG[0m [2mmercury::engine::market_actor[0m[2m:[0m Tick received — running arb detection [3mmarket_id[0m[2m=[0m2b958b37-9921-40b8-b22d-64a67138ae70 [3mplatform[0m[2m=[0mPolymarket [3mbid[0m[2m=[0m0.56 [3mask[0m[2m=[0m0.61 [3mmid[0m[2m=[0m0.5850 [3mbid_size[0m[2m=[0m61.27 [3mask_size[0m[2m=[0m15.99
[2m2026-04-12T20:31:13.792183Z[0m [34mDEBUG[0m [2mmercury::engine::market_actor[0m[2m:[0m Tick received — running arb detection [3mmarket_id[0m[2m=[0m9046452d-bcb3-4bb8-8925-8924b7439992 [3mplatform[0m[2m=[0mPolymarket [3mbid[0m[2m=[0m0.56 [3mask[0m[2m=[0m0.57 [3mmid[0m[2m=[0m0.5650 [3mbid_size[0m[2m=[0m187.8 [3mask_size[0m[2m=[0m50.27
[2m2026-04-12T20:31:13.792284Z[0m [34mDEBUG[0m [2mmercury::engine::market_actor[0m[2m:[0m Tick received — running arb detection [3mmarket_id[0m[2m=[0m79e1f598-7189-438f-a66e-b184b04be477 [3mplatform[0m[2m=[0mPolymarket [3mbid[0m[2m=[0m0.44 [3mask[0m[2m=[0m0.47 [3mmid[0m[2m=[0m0.4550 [3mbid_size[0m[2m=[0m5.04 [3mask_size[0m[2m=[0m72.14
[2m2026-04-12T20:31:13.792362Z[0m [34mDEBUG[0m [2mmercury::engine::market_actor[0m[2m:[0m Tick received — running arb detection [3mmarket_id[0m[2m=[0m631deb8c-fbb4-489e-818e-ae698f57f50b [3mplatform[0m[2m=[0mPolymarket [3mbid[0m[2m=[0m0.62 [3mask[0m[2m=[0m0.63 [3mmid[0m[2m=[0m0.6250 [3mbid_size[0m[2m=[0m10 [3mask_size[0m[2m=[0m5
[2m2026-04-12T20:31:13.792505Z[0m [34mDEBUG[0m [2mmercury::engine::market_actor[0m[2m:[0m Tick received — running arb detection [3mmarket_id[0m[2m=[0m9046452d-bcb3-4bb8-8925-8924b7439992 [3mplatform[0m[2m=[0mPolymarket [3mbid[0m[2m=[0m0.56 [3mask[0m[2m=[0m0.57 [3mmid[0m[2m=[0m0.5650 [3mbid_size[0m[2m=[0m187.8 [3mask_size[0m[2m=[0m50.27
[2m2026-04-12T20:31:13.792527Z[0m [34mDEBUG[0m [2mmercury::engine::market_actor[0m[2m:[0m Tick received — running arb detection [3mmarket_id[0m[2m=[0m79e1f598-7189-438f-a66e-b184b04be477 [3mplatform[0m[2m=[0mPolymarket [3mbid[0m[2m=[0m0.44 [3mask[0m[2m=[0m0.47 [3mmid[0m[2m=[0m0.4550 [3mbid_size[0m[2m=[0m5.04 [3mask_size[0m[2m=[0m77.18
[2m2026-04-12T20:31:13.792664Z[0m [34mDEBUG[0m [2mmercury::engine::market_actor[0m[2m:[0m Tick received — running arb detection [3mmarket_id[0m[2m=[0m9046452d-bcb3-4bb8-8925-8924b7439992 [3mplatform[0m[2m=[0mPolymarket [3mbid[0m[2m=[0m0.56 [3mask[0m[2m=[0m0.57 [3mmid[0m[2m=[0m0.5650 [3mbid_size[0m[2m=[0m187.8 [3mask_size[0m[2m=[0m50.27
[2m2026-04-12T20:31:13.792791Z[0m [34mDEBUG[0m [2mmercury::engine::market_actor[0m[2m:[0m Tick received — running arb detection [3mmarket_id[0m[2m=[0m9046452d-bcb3-4bb8-8925-8924b7439992 [3mplatform[0m[2m=[0mPolymarket [3mbid[0m[2m=[0m0.56 [3mask[0m[2m=[0m0.57 [3mmid[0m[2m=[0m0.5650 [3mbid_size[0m[2m=[0m187.8 [3mask_size[0m[2m=[0m50.27
[2m2026-04-12T20:31:13.792911Z[0m [34mDEBUG[0m [2mmercury::feeds::polymarket[0m[2m:[0m Unknown Polymarket event type [3mevent_type[0m[2m=[0mbest_bid_ask
[2m2026-04-12T20:31:13.792914Z[0m [34mDEBUG[0m [2mmercury::engine::market_actor[0m[2m:[0m Tick received — running arb detection [3mmarket_id[0m[2m=[0m9046452d-bcb3-4bb8-8925-8924b7439992 [3mplatform[0m[2m=[0mPolymarket [3mbid[0m[2m=[0m0.56 [3mask[0m[2m=[0m0.57 [3mmid[0m[2m=[0m0.5650 [3mbid_size[0m[2m=[0m187.8 [3mask_size[0m[2m=[0m50.27
[2m2026-04-12T20:31:13.793037Z[0m [34mDEBUG[0m [2mmercury::engine::market_actor[0m[2m:[0m Tick received — running arb detection [3mmarket_id[0m[2m=[0m9046452d-bcb3-4bb8-8925-8924b7439992 [3mplatform[0m[2m=[0mPolymarket [3mbid[0m[2m=[0m0.56 [3mask[0m[2m=[0m0.57 [3mmid[0m[2m=[0m0.5650 [3mbid_size[0m[2m=[0m187.8 [3mask_size[0m[2m=[0m50.27
[2m2026-04-12T20:31:13.793161Z[0m [34mDEBUG[0m [2mmercury::engine::market_actor[0m[2m:[0m Tick received — running arb detection [3mmarket_id[0m[2m=[0m9046452d-bcb3-4bb8-8925-8924b7439992 [3mplatform[0m[2m=[0mPolymarket [3mbid[0m[2m=[0m0.56 [3mask[0m[2m=[0m0.57 [3mmid[0m[2m=[0m0.5650 [3mbid_size[0m[2m=[0m187.8 [3mask_size[0m[2m=[0m50.27
[2m2026-04-12T20:31:13.793193Z[0m [34mDEBUG[0m [2mmercury::engine::market_actor[0m[2m:[0m Tick received — running arb detection [3mmarket_id[0m[2m=[0m2b958b37-9921-40b8-b22d-64a67138ae70 [3mplatform[0m[2m=[0mPolymarket [3mbid[0m[2m=[0m0.56 [3mask[0m[2m=[0m0.59 [3mmid[0m[2m=[0m0.5750 [3mbid_size[0m[2m=[0m61.27 [3mask_size[0m[2m=[0m6.72
[2m2026-04-12T20:31:13.793282Z[0m [34mDEBUG[0m [2mmercury::engine::market_actor[0m[2m:[0m Tick received — running arb detection [3mmarket_id[0m[2m=[0m9046452d-bcb3-4bb8-8925-8924b7439992 [3mplatform[0m[2m=[0mPolymarket [3mbid[0m[2m=[0m0.56 [3mask[0m[2m=[0m0.57 [3mmid[0m[2m=[0m0.5650 [3mbid_size[0m[2m=[0m187.8 [3mask_size[0m[2m=[0m50.27
[2m2026-04-12T20:31:13.793404Z[0m [34mDEBUG[0m [2mmercury::engine::market_actor[0m[2m:[0m Tick received — running arb detection [3mmarket_id[0m[2m=[0m9046452d-bcb3-4bb8-8925-8924b7439992 [3mplatform[0m[2m=[0mPolymarket [3mbid[0m[2m=[0m0.56 [3mask[0m[2m=[0m0.57 [3mmid[0m[2m=[0m0.5650 [3mbid_size[0m[2m=[0m187.8 [3mask_size[0m[2m=[0m50.27
[2m2026-04-12T20:31:13.793530Z[0m [34mDEBUG[0m [2mmercury::engine::market_actor[0m[2m:[0m Tick received — running arb detection [3mmarket_id[0m[2m=[0m9046452d-bcb3-4bb8-8925-8924b7439992 [3mplatform[0m[2m=[0mPolymarket [3mbid[0m[2m=[0m0.56 [3mask[0m[2m=[0m0.57 [3mmid[0m[2m=[0m0.5650 [3mbid_size[0m[2m=[0m187.8 [3mask_size[0m[2m=[0m50.27
[2m2026-04-12T20:31:13.793652Z[0m [34mDEBUG[0m [2mmercury::engine::market_actor[0m[2m:[0m Tick received — running arb detection [3mmarket_id[0m[2m=[0m9046452d-bcb3-4bb8-8925-8924b7439992 [3mplatform[0m[2m=[0mPolymarket [3mbid[0m[2m=[0m0.56 [3mask[0m[2m=[0m0.57 [3mmid[0m[2m=[0m0.5650 [3mbid_size[0m[2m=[0m187.8 [3mask_size[0m[2m=[0m50.27
[2m2026-04-12T20:31:13.793746Z[0m [34mDEBUG[0m [2mmercury::engine::market_actor[0m[2m:[0m Tick received — running arb detection [3mmarket_id[0m[2m=[0m631deb8c-fbb4-489e-818e-ae698f57f50b [3mplatform[0m[2m=[0mPolymarket [3mbid[0m[2m=[0m0.62 [3mask[0m[2m=[0m0.63 [3mmid[0m[2m=[0m0.6250 [3mbid_size[0m[2m=[0m10 [3mask_size[0m[2m=[0m5
[2m2026-04-12T20:31:13.793774Z[0m [34mDEBUG[0m [2mmercury::engine::market_actor[0m[2m:[0m Tick received — running arb detection [3mmarket_id[0m[2m=[0m9046452d-bcb3-4bb8-8925-8924b7439992 [3mplatform[0m[2m=[0mPolymarket [3mbid[0m[2m=[0m0.56 [3mask[0m[2m=[0m0.57 [3mmid[0m[2m=[0m0.5650 [3mbid_size[0m[2m=[0m187.8 [3mask_size[0m[2m=[0m50.27
[2m2026-04-12T20:31:13.793891Z[0m [34mDEBUG[0m [2mmercury::engine::market_actor[0m[2m:[0m Tick received — running arb detection [3mmarket_id[0m[2m=[0m9046452d-bcb3-4bb8-8925-8924b7439992 [3mplatform[0m[2m=[0mPolymarket [3mbid[0m[2m=[0m0.56 [3mask[0m[2m=[0m0.57 [3mmid[0m[2m=[0m0.5650 [3mbid_size[0m[2m=[0m187.8 [3mask_size[0m[2m=[0m50.27
[2m2026-04-12T20:31:13.794013Z[0m [34mDEBUG[0m [2mmercury::engine::market_actor[0m[2m:[0m Tick received — running arb detection [3mmarket_id[0m[2m=[0m9046452d-bcb3-4bb8-8925-8924b7439992 [3mplatform[0m[2m=[0mPolymarket [3mbid[0m[2m=[0m0.56 [3mask[0m[2m=[0m0.57 [3mmid[0m[2m=[0m0.5650 [3mbid_size[0m[2m=[0m187.8 [3mask_size[0m[2m=[0m50.27
[2m2026-04-12T20:31:13.794135Z[0m [34mDEBUG[0m [2mmercury::engine::market_actor[0m[2m:[0m Tick received — running arb detection [3mmarket_id[0m[2m=[0m9046452d-bcb3-4bb8-8925-8924b7439992 [3mplatform[0m[2m=[0mPolymarket [3mbid[0m[2m=[0m0.56 [3mask[0m[2m=[0m0.57 [3mmid[0m[2m=[0m0.5650 [3mbid_size[0m[2m=[0m87.8 [3mask_size[0m[2m=[0m50.27
[2m2026-04-12T20:31:13.794188Z[0m [34mDEBUG[0m [2mmercury::engine::market_actor[0m[2m:[0m Tick received — running arb detection [3mmarket_id[0m[2m=[0m631deb8c-fbb4-489e-818e-ae698f57f50b [3mplatform[0m[2m=[0mPolymarket [3mbid[0m[2m=[0m0.62 [3mask[0m[2m=[0m0.63 [3mmid[0m[2m=[0m0.6250 [3mbid_size[0m[2m=[0m10 [3mask_size[0m[2m=[0m5
[2m2026-04-12T20:31:13.794257Z[0m [34mDEBUG[0m [2mmercury::engine::market_actor[0m[2m:[0m Tick received — running arb detection [3mmarket_id[0m[2m=[0m9046452d-bcb3-4bb8-8925-8924b7439992 [3mplatform[0m[2m=[0mPolymarket [3mbid[0m[2m=[0m0.56 [3mask[0m[2m=[0m0.57 [3mmid[0m[2m=[0m0.5650 [3mbid_size[0m[2m=[0m87.8 [3mask_size[0m[2m=[0m50.27
[2m2026-04-12T20:31:13.794350Z[0m [34mDEBUG[0m [2mmercury::engine::market_actor[0m[2m:[0m Tick received — running arb detection [3mmarket_id[0m[2m=[0m631deb8c-fbb4-489e-818e-ae698f57f50b [3mplatform[0m[2m=[0mPolymarket [3mbid[0m[2m=[0m0.62 [3mask[0m[2m=[0m0.63 [3mmid[0m[2m=[0m0.6250 [3mbid_size[0m[2m=[0m10 [3mask_size[0m[2m=[0m5
[2m2026-04-12T20:31:13.794384Z[0m [34mDEBUG[0m [2mmercury::engine::market_actor[0m[2m:[0m Tick received — running arb detection [3mmarket_id[0m[2m=[0m9046452d-bcb3-4bb8-8925-8924b7439992 [3mplatform[0m[2m=[0mPolymarket [3mbid[0m[2m=[0m0.56 [3mask[0m[2m=[0m0.57 [3mmid[0m[2m=[0m0.5650 [3mbid_size[0m[2m=[0m87.8 [3mask_size[0m[2m=[0m50.27
[2m2026-04-12T20:31:13.794508Z[0m [34mDEBUG[0m [2mmercury::engine::market_actor[0m[2m:[0m Tick received — running arb detection [3mmarket_id[0m[2m=[0m9046452d-bcb3-4bb8-8925-8924b7439992 [3mplatform[0m[2m=[0mPolymarket [3mbid[0m[2m=[0m0.56 [3mask[0m[2m=[0m0.57 [3mmid[0m[2m=[0m0.5650 [3mbid_size[0m[2m=[0m87.8 [3mask_size[0m[2m=[0m50.27
[2m2026-04-12T20:31:13.794630Z[0m [34mDEBUG[0m [2mmercury::engine::market_actor[0m[2m:[0m Tick received — running arb detection [3mmarket_id[0m[2m=[0m9046452d-bcb3-4bb8-8925-8924b7439992 [3mplatform[0m[2m=[0mPolymarket [3mbid[0m[2m=[0m0.56 [3mask[0m[2m=[0m0.57 [3mmid[0m[2m=[0m0.5650 [3mbid_size[0m[2m=[0m87.8 [3mask_size[0m[2m=[0m50.27
[2m2026-04-12T20:31:13.794685Z[0m [34mDEBUG[0m [2mmercury::engine::market_actor[0m[2m:[0m Tick received — running arb detection [3mmarket_id[0m[2m=[0m631deb8c-fbb4-489e-818e-ae698f57f50b [3mplatform[0m[2m=[0mPolymarket [3mbid[0m[2m=[0m0.62 [3mask[0m[2m=[0m0.63 [3mmid[0m[2m=[0m0.6250 [3mbid_size[0m[2m=[0m10 [3mask_size[0m[2m=[0m5
[2m2026-04-12T20:31:13.794752Z[0m [34mDEBUG[0m [2mmercury::engine::market_actor[0m[2m:[0m Tick received — running arb detection [3mmarket_id[0m[2m=[0m9046452d-bcb3-4bb8-8925-8924b7439992 [3mplatform[0m[2m=[0mPolymarket [3mbid[0m[2m=[0m0.56 [3mask[0m[2m=[0m0.57 [3mmid[0m[2m=[0m0.5650 [3mbid_size[0m[2m=[0m87.8 [3mask_size[0m[2m=[0m50.27
[2m2026-04-12T20:31:13.794817Z[0m [34mDEBUG[0m [2mmercury::engine::market_actor[0m[2m:[0m Tick received — running arb detection [3mmarket_id[0m[2m=[0m631deb8c-fbb4-489e-818e-ae698f57f50b [3mplatform[0m[2m=[0mPolymarket [3mbid[0m[2m=[0m0.62 [3mask[0m[2m=[0m0.63 [3mmid[0m[2m=[0m0.6250 [3mbid_size[0m[2m=[0m10 [3mask_size[0m[2m=[0m5
[2m2026-04-12T20:31:13.794942Z[0m [34mDEBUG[0m [2mmercury::engine::market_actor[0m[2m:[0m Tick received — running arb detection [3mmarket_id[0m[2m=[0m631deb8c-fbb4-489e-818e-ae698f57f50b [3mplatform[0m[2m=[0mPolymarket [3mbid[0m[2m=[0m0.62 [3mask[0m[2m=[0m0.63 [3mmid[0m[2m=[0m0.6250 [3mbid_size[0m[2m=[0m10 [3mask_size[0m[2m=[0m5
[2m2026-04-12T20:31:13.794973Z[0m [34mDEBUG[0m [2mmercury::engine::market_actor[0m[2m:[0m Tick received — running arb detection [3mmarket_id[0m[2m=[0m9046452d-bcb3-4bb8-8925-8924b7439992 [3mplatform[0m[2m=[0mPolymarket [3mbid[0m[2m=[0m0.56 [3mask[0m[2m=[0m0.57 [3mmid[0m[2m=[0m0.5650 [3mbid_size[0m[2m=[0m87.8 [3mask_size[0m[2m=[0m50.27
[2m2026-04-12T20:31:13.795098Z[0m [34mDEBUG[0m [2mmercury::engine::market_actor[0m[2m:[0m Tick received — running arb detection [3mmarket_id[0m[2m=[0m9046452d-bcb3-4bb8-8925-8924b7439992 [3mplatform[0m[2m=[0mPolymarket [3mbid[0m[2m=[0m0.56 [3mask[0m[2m=[0m0.57 [3mmid[0m[2m=[0m0.5650 [3mbid_size[0m[2m=[0m87.8 [3mask_size[0m[2m=[0m50.27
[2m2026-04-12T20:31:13.795136Z[0m [34mDEBUG[0m [2mmercury::engine::market_actor[0m[2m:[0m Tick received — running arb detection [3mmarket_id[0m[2m=[0m631deb8c-fbb4-489e-818e-ae698f57f50b [3mplatform[0m[2m=[0mPolymarket [3mbid[0m[2m=[0m0.62 [3mask[0m[2m=[0m0.63 [3mmid[0m[2m=[0m0.6250 [3mbid_size[0m[2m=[0m10 [3mask_size[0m[2m=[0m5
[2m2026-04-12T20:31:13.795258Z[0m [34mDEBUG[0m [2mmercury::engine::market_actor[0m[2m:[0m Tick received — running arb detection [3mmarket_id[0m[2m=[0m631deb8c-fbb4-489e-818e-ae698f57f50b [3mplatform[0m[2m=[0mPolymarket [3mbid[0m[2m=[0m0.62 [3mask[0m[2m=[0m0.63 [3mmid[0m[2m=[0m0.6250 [3mbid_size[0m[2m=[0m10 [3mask_size[0m[2m=[0m5
[2m2026-04-12T20:31:13.795336Z[0m [34mDEBUG[0m [2mmercury::engine::market_actor[0m[2m:[0m Tick received — running arb detection [3mmarket_id[0m[2m=[0m9046452d-bcb3-4bb8-8925-8924b7439992 [3mplatform[0m[2m=[0mPolymarket [3mbid[0m[2m=[0m0.56 [3mask[0m[2m=[0m0.57 [3mmid[0m[2m=[0m0.5650 [3mbid_size[0m[2m=[0m87.8 [3mask_size[0m[2m=[0m50.27
[2m2026-04-12T20:31:13.795430Z[0m [34mDEBUG[0m [2mmercury::engine::market_actor[0m[2m:[0m Tick received — running arb detection [3mmarket_id[0m[2m=[0m631deb8c-fbb4-489e-818e-ae698f57f50b [3mplatform[0m[2m=[0mPolymarket [3mbid[0m[2m=[0m0.62 [3mask[0m[2m=[0m0.63 [3mmid[0m[2m=[0m0.6250 [3mbid_size[0m[2m=[0m10 [3mask_size[0m[2m=[0m17
[2m2026-04-12T20:31:13.795469Z[0m [34mDEBUG[0m [2mmercury::engine::market_actor[0m[2m:[0m Tick received — running arb detection [3mmarket_id[0m[2m=[0m9046452d-bcb3-4bb8-8925-8924b7439992 [3mplatform[0m[2m=[0mPolymarket [3mbid[0m[2m=[0m0.56 [3mask[0m[2m=[0m0.57 [3mmid[0m[2m=[0m0.5650 [3mbid_size[0m[2m=[0m87.8 [3mask_size[0m[2m=[0m50.27
[2m2026-04-12T20:31:13.795560Z[0m [34mDEBUG[0m [2mmercury::engine::market_actor[0m[2m:[0m Tick received — running arb detection [3mmarket_id[0m[2m=[0m631deb8c-fbb4-489e-818e-ae698f57f50b [3mplatform[0m[2m=[0mPolymarket [3mbid[0m[2m=[0m0.62 [3mask[0m[2m=[0m0.63 [3mmid[0m[2m=[0m0.6250 [3mbid_size[0m[2m=[0m10 [3mask_size[0m[2m=[0m17
[2m2026-04-12T20:31:13.795654Z[0m [34mDEBUG[0m [2mmercury::engine::market_actor[0m[2m:[0m Tick received — running arb detection [3mmarket_id[0m[2m=[0m9046452d-bcb3-4bb8-8925-8924b7439992 [3mplatform[0m[2m=[0mPolymarket [3mbid[0m[2m=[0m0.56 [3mask[0m[2m=[0m0.57 [3mmid[0m[2m=[0m0.5650 [3mbid_size[0m[2m=[0m87.8 [3mask_size[0m[2m=[0m50.27
[2m2026-04-12T20:31:13.795847Z[0m [34mDEBUG[0m [2mmercury::engine::market_actor[0m[2m:[0m Tick received — running arb detection [3mmarket_id[0m[2m=[0m631deb8c-fbb4-489e-818e-ae698f57f50b [3mplatform[0m[2m=[0mPolymarket [3mbid[0m[2m=[0m0.62 [3mask[0m[2m=[0m0.63 [3mmid[0m[2m=[0m0.6250 [3mbid_size[0m[2m=[0m10 [3mask_size[0m[2m=[0m17
[2m2026-04-12T20:31:13.795928Z[0m [34mDEBUG[0m [2mmercury::engine::market_actor[0m[2m:[0m Tick received — running arb detection [3mmarket_id[0m[2m=[0m9046452d-bcb3-4bb8-8925-8924b7439992 [3mplatform[0m[2m=[0mPolymarket [3mbid[0m[2m=[0m0.56 [3mask[0m[2m=[0m0.57 [3mmid[0m[2m=[0m0.5650 [3mbid_size[0m[2m=[0m87.8 [3mask_size[0m[2m=[0m50.27
[2m2026-04-12T20:31:13.796056Z[0m [34mDEBUG[0m [2mmercury::engine::market_actor[0m[2m:[0m Tick received — running arb detection [3mmarket_id[0m[2m=[0m9046452d-bcb3-4bb8-8925-8924b7439992 [3mplatform[0m[2m=[0mPolymarket [3mbid[0m[2m=[0m0.56 [3mask[0m[2m=[0m0.57 [3mmid[0m[2m=[0m0.5650 [3mbid_size[0m[2m=[0m87.8 [3mask_size[0m[2m=[0m150.27
[2m2026-04-12T20:31:13.796082Z[0m [34mDEBUG[0m [2mmercury::engine::market_actor[0m[2m:[0m Tick received — running arb detection [3mmarket_id[0m[2m=[0m631deb8c-fbb4-489e-818e-ae698f57f50b [3mplatform[0m[2m=[0mPolymarket [3mbid[0m[2m=[0m0.62 [3mask[0m[2m=[0m0.63 [3mmid[0m[2m=[0m0.6250 [3mbid_size[0m[2m=[0m10 [3mask_size[0m[2m=[0m17
[2m2026-04-12T20:31:13.800797Z[0m [34mDEBUG[0m [2mmercury::engine::market_actor[0m[2m:[0m Tick received — running arb detection [3mmarket_id[0m[2m=[0m9046452d-bcb3-4bb8-8925-8924b7439992 [3mplatform[0m[2m=[0mPolymarket [3mbid[0m[2m=[0m0.56 [3mask[0m[2m=[0m0.57 [3mmid[0m[2m=[0m0.5650 [3mbid_size[0m[2m=[0m87.8 [3mask_size[0m[2m=[0m150.27
[2m2026-04-12T20:31:13.800934Z[0m [34mDEBUG[0m [2mmercury::engine::market_actor[0m[2m:[0m Tick received — running arb detection [3mmarket_id[0m[2m=[0m9046452d-bcb3-4bb8-8925-8924b7439992 [3mplatform[0m[2m=[0mPolymarket [3mbid[0m[2m=[0m0.56 [3mask[0m[2m=[0m0.57 [3mmid[0m[2m=[0m0.5650 [3mbid_size[0m[2m=[0m87.8 [3mask_size[0m[2m=[0m150.27
[2m2026-04-12T20:31:13.800984Z[0m [34mDEBUG[0m [2mmercury::engine::market_actor[0m[2m:[0m Tick received — running arb detection [3mmarket_id[0m[2m=[0m631deb8c-fbb4-489e-818e-ae698f57f50b [3mplatform[0m[2m=[0mPolymarket [3mbid[0m[2m=[0m0.62 [3mask[0m[2m=[0m0.63 [3mmid[0m[2m=[0m0.6250 [3mbid_size[0m[2m=[0m10 [3mask_size[0m[2m=[0m17
[2m2026-04-12T20:31:13.801044Z[0m [34mDEBUG[0m [2mmercury::engine::market_actor[0m[2m:[0m Tick received — running arb detection [3mmarket_id[0m[2m=[0m9046452d-bcb3-4bb8-8925-8924b7439992 [3mplatform[0m[2m=[0mPolymarket [3mbid[0m[2m=[0m0.56 [3mask[0m[2m=[0m0.57 [3mmid[0m[2m=[0m0.5650 [3mbid_size[0m[2m=[0m87.8 [3mask_size[0m[2m=[0m150.27
[2m2026-04-12T20:31:13.801111Z[0m [34mDEBUG[0m [2mmercury::engine::market_actor[0m[2m:[0m Tick received — running arb detection [3mmarket_id[0m[2m=[0m631deb8c-fbb4-489e-818e-ae698f57f50b [3mplatform[0m[2m=[0mPolymarket [3mbid[0m[2m=[0m0.62 [3mask[0m[2m=[0m0.63 [3mmid[0m[2m=[0m0.6250 [3mbid_size[0m[2m=[0m10 [3mask_size[0m[2m=[0m17
[2m2026-04-12T20:31:13.801226Z[0m [34mDEBUG[0m [2mmercury::engine::market_actor[0m[2m:[0m Tick received — running arb detection [3mmarket_id[0m[2m=[0m631deb8c-fbb4-489e-818e-ae698f57f50b [3mplatform[0m[2m=[0mPolymarket [3mbid[0m[2m=[0m0.62 [3mask[0m[2m=[0m0.63 [3mmid[0m[2m=[0m0.6250 [3mbid_size[0m[2m=[0m10 [3mask_size[0m[2m=[0m17
[2m2026-04-12T20:31:13.801294Z[0m [34mDEBUG[0m [2mmercury::engine::market_actor[0m[2m:[0m Tick received — running arb detection [3mmarket_id[0m[2m=[0m2b958b37-9921-40b8-b22d-64a67138ae70 [3mplatform[0m[2m=[0mPolymarket [3mbid[0m[2m=[0m0.56 [3mask[0m[2m=[0m0.59 [3mmid[0m[2m=[0m0.5750 [3mbid_size[0m[2m=[0m61.27 [3mask_size[0m[2m=[0m6.72
[2m2026-04-12T20:31:13.801340Z[0m [34mDEBUG[0m [2mmercury::engine::market_actor[0m[2m:[0m Tick received — running arb detection [3mmarket_id[0m[2m=[0m631deb8c-fbb4-489e-818e-ae698f57f50b [3mplatform[0m[2m=[0mPolymarket [3mbid[0m[2m=[0m0.62 [3mask[0m[2m=[0m0.63 [3mmid[0m[2m=[0m0.6250 [3mbid_size[0m[2m=[0m10 [3mask_size[0m[2m=[0m17
[2m2026-04-12T20:31:13.801401Z[0m [34mDEBUG[0m [2mmercury::engine::market_actor[0m[2m:[0m Tick received — running arb detection [3mmarket_id[0m[2m=[0m9046452d-bcb3-4bb8-8925-8924b7439992 [3mplatform[0m[2m=[0mPolymarket [3mbid[0m[2m=[0m0.56 [3mask[0m[2m=[0m0.57 [3mmid[0m[2m=[0m0.5650 [3mbid_size[0m[2m=[0m87.8 [3mask_size[0m[2m=[0m150.27
[2m2026-04-12T20:31:13.801545Z[0m [34mDEBUG[0m [2mmercury::engine::market_actor[0m[2m:[0m Tick received — running arb detection [3mmarket_id[0m[2m=[0m9046452d-bcb3-4bb8-8925-8924b7439992 [3mplatform[0m[2m=[0mPolymarket [3mbid[0m[2m=[0m0.56 [3mask[0m[2m=[0m0.57 [3mmid[0m[2m=[0m0.5650 [3mbid_size[0m[2m=[0m87.8 [3mask_size[0m[2m=[0m150.27
[2m2026-04-12T20:31:13.801653Z[0m [34mDEBUG[0m [2mmercury::engine::market_actor[0m[2m:[0m Tick received — running arb detection [3mmarket_id[0m[2m=[0m9046452d-bcb3-4bb8-8925-8924b7439992 [3mplatform[0m[2m=[0mPolymarket [3mbid[0m[2m=[0m0.56 [3mask[0m[2m=[0m0.57 [3mmid[0m[2m=[0m0.5650 [3mbid_size[0m[2m=[0m87.8 [3mask_size[0m[2m=[0m150.27
[2m2026-04-12T20:31:13.839787Z[0m [34mDEBUG[0m [2mmercury::engine::market_actor[0m[2m:[0m Tick received — running arb detection [3mmarket_id[0m[2m=[0m9046452d-bcb3-4bb8-8925-8924b7439992 [3mplatform[0m[2m=[0mPolymarket [3mbid[0m[2m=[0m0.56 [3mask[0m[2m=[0m0.57 [3mmid[0m[2m=[0m0.5650 [3mbid_size[0m[2m=[0m87.8 [3mask_size[0m[2m=[0m150.27
[2m2026-04-12T20:31:13.840000Z[0m [34mDEBUG[0m [2mmercury::engine::market_actor[0m[2m:[0m Tick received — running arb detection [3mmarket_id[0m[2m=[0m631deb8c-fbb4-489e-818e-ae698f57f50b [3mplatform[0m[2m=[0mPolymarket [3mbid[0m[2m=[0m0.62 [3mask[0m[2m=[0m0.63 [3mmid[0m[2m=[0m0.6250 [3mbid_size[0m[2m=[0m10 [3mask_size[0m[2m=[0m22
[2m2026-04-12T20:31:13.840059Z[0m [34mDEBUG[0m [2mmercury::engine::market_actor[0m[2m:[0m Tick received — running arb detection [3mmarket_id[0m[2m=[0m9046452d-bcb3-4bb8-8925-8924b7439992 [3mplatform[0m[2m=[0mPolymarket [3mbid[0m[2m=[0m0.56 [3mask[0m[2m=[0m0.57 [3mmid[0m[2m=[0m0.5650 [3mbid_size[0m[2m=[0m87.8 [3mask_size[0m[2m=[0m150.27
[2m2026-04-12T20:31:13.840153Z[0m [34mDEBUG[0m [2mmercury::engine::market_actor[0m[2m:[0m Tick received — running arb detection [3mmarket_id[0m[2m=[0m2b958b37-9921-40b8-b22d-64a67138ae70 [3mplatform[0m[2m=[0mPolymarket [3mbid[0m[2m=[0m0.56 [3mask[0m[2m=[0m0.59 [3mmid[0m[2m=[0m0.5750 [3mbid_size[0m[2m=[0m61.27 [3mask_size[0m[2m=[0m6.72
[2m2026-04-12T20:31:13.840240Z[0m [34mDEBUG[0m [2mmercury::engine::market_actor[0m[2m:[0m Tick received — running arb detection [3mmarket_id[0m[2m=[0m9046452d-bcb3-4bb8-8925-8924b7439992 [3mplatform[0m[2m=[0mPolymarket [3mbid[0m[2m=[0m0.56 [3mask[0m[2m=[0m0.57 [3mmid[0m[2m=[0m0.5650 [3mbid_size[0m[2m=[0m87.8 [3mask_size[0m[2m=[0m150.27
[2m2026-04-12T20:31:13.840352Z[0m [34mDEBUG[0m [2mmercury::engine::market_actor[0m[2m:[0m Tick received — running arb detection [3mmarket_id[0m[2m=[0m2b958b37-9921-40b8-b22d-64a67138ae70 [3mplatform[0m[2m=[0mPolymarket [3mbid[0m[2m=[0m0.56 [3mask[0m[2m=[0m0.59 [3mmid[0m[2m=[0m0.5750 [3mbid_size[0m[2m=[0m61.27 [3mask_size[0m[2m=[0m6.72
[2m2026-04-12T20:31:13.840424Z[0m [34mDEBUG[0m [2mmercury::engine::market_actor[0m[2m:[0m Tick received — running arb detection [3mmarket_id[0m[2m=[0m9046452d-bcb3-4bb8-8925-8924b7439992 [3mplatform[0m[2m=[0mPolymarket [3mbid[0m[2m=[0m0.56 [3mask[0m[2m=[0m0.57 [3mmid[0m[2m=[0m0.5650 [3mbid_size[0m[2m=[0m87.8 [3mask_size[0m[2m=[0m150.27
[2m2026-04-12T20:31:13.840459Z[0m [34mDEBUG[0m [2mmercury::feeds::polymarket[0m[2m:[0m Unknown Polymarket event type [3mevent_type[0m[2m=[0mbest_bid_ask
[2m2026-04-12T20:31:13.840503Z[0m [34mDEBUG[0m [2mmercury::engine::market_actor[0m[2m:[0m Tick received — running arb detection [3mmarket_id[0m[2m=[0m631deb8c-fbb4-489e-818e-ae698f57f50b [3mplatform[0m[2m=[0mPolymarket [3mbid[0m[2m=[0m0.62 [3mask[0m[2m=[0m0.63 [3mmid[0m[2m=[0m0.6250 [3mbid_size[0m[2m=[0m30 [3mask_size[0m[2m=[0m22
[2m2026-04-12T20:31:13.840610Z[0m [34mDEBUG[0m [2mmercury::engine::market_actor[0m[2m:[0m Tick received — running arb detection [3mmarket_id[0m[2m=[0m9046452d-bcb3-4bb8-8925-8924b7439992 [3mplatform[0m[2m=[0mPolymarket [3mbid[0m[2m=[0m0.56 [3mask[0m[2m=[0m0.57 [3mmid[0m[2m=[0m0.5650 [3mbid_size[0m[2m=[0m87.8 [3mask_size[0m[2m=[0m150.27
[2m2026-04-12T20:31:13.841032Z[0m [34mDEBUG[0m [2mmercury::engine::market_actor[0m[2m:[0m Tick received — running arb detection [3mmarket_id[0m[2m=[0m2b958b37-9921-40b8-b22d-64a67138ae70 [3mplatform[0m[2m=[0mPolymarket [3mbid[0m[2m=[0m0.56 [3mask[0m[2m=[0m0.6 [3mmid[0m[2m=[0m0.58 [3mbid_size[0m[2m=[0m61.27 [3mask_size[0m[2m=[0m6.72
[2m2026-04-12T20:31:13.841207Z[0m [34mDEBUG[0m [2mmercury::engine::market_actor[0m[2m:[0m Tick received — running arb detection [3mmarket_id[0m[2m=[0m79e1f598-7189-438f-a66e-b184b04be477 [3mplatform[0m[2m=[0mPolymarket [3mbid[0m[2m=[0m0.44 [3mask[0m[2m=[0m0.47 [3mmid[0m[2m=[0m0.4550 [3mbid_size[0m[2m=[0m5.04 [3mask_size[0m[2m=[0m77.18
[2m2026-04-12T20:31:13.841448Z[0m [34mDEBUG[0m [2mmercury::engine::market_actor[0m[2m:[0m Tick received — running arb detection [3mmarket_id[0m[2m=[0m9046452d-bcb3-4bb8-8925-8924b7439992 [3mplatform[0m[2m=[0mPolymarket [3mbid[0m[2m=[0m0.56 [3mask[0m[2m=[0m0.57 [3mmid[0m[2m=[0m0.5650 [3mbid_size[0m[2m=[0m87.8 [3mask_size[0m[2m=[0m150.27
[2m2026-04-12T20:31:13.841637Z[0m [34mDEBUG[0m [2mmercury::engine::market_actor[0m[2m:[0m Tick received — running arb detection [3mmarket_id[0m[2m=[0m9046452d-bcb3-4bb8-8925-8924b7439992 [3mplatform[0m[2m=[0mPolymarket [3mbid[0m[2m=[0m0.56 [3mask[0m[2m=[0m0.57 [3mmid[0m[2m=[0m0.5650 [3mbid_size[0m[2m=[0m87.8 [3mask_size[0m[2m=[0m150.27
[2m2026-04-12T20:31:13.841819Z[0m [34mDEBUG[0m [2mmercury::engine::market_actor[0m[2m:[0m Tick received — running arb detection [3mmarket_id[0m[2m=[0m9046452d-bcb3-4bb8-8925-8924b7439992 [3mplatform[0m[2m=[0mPolymarket [3mbid[0m[2m=[0m0.56 [3mask[0m[2m=[0m0.57 [3mmid[0m[2m=[0m0.5650 [3mbid_size[0m[2m=[0m82.8 [3mask_size[0m[2m=[0m150.27
[2m2026-04-12T20:31:13.842011Z[0m [34mDEBUG[0m [2mmercury::engine::market_actor[0m[2m:[0m Tick received — running arb detection [3mmarket_id[0m[2m=[0m9046452d-bcb3-4bb8-8925-8924b7439992 [3mplatform[0m[2m=[0mPolymarket [3mbid[0m[2m=[0m0.56 [3mask[0m[2m=[0m0.57 [3mmid[0m[2m=[0m0.5650 [3mbid_size[0m[2m=[0m82.8 [3mask_size[0m[2m=[0m150.27
[2m2026-04-12T20:31:13.842022Z[0m [34mDEBUG[0m [2mmercury::engine::market_actor[0m[2m:[0m Tick received — running arb detection [3mmarket_id[0m[2m=[0m631deb8c-fbb4-489e-818e-ae698f57f50b [3mplatform[0m[2m=[0mPolymarket [3mbid[0m[2m=[0m0.62 [3mask[0m[2m=[0m0.63 [3mmid[0m[2m=[0m0.6250 [3mbid_size[0m[2m=[0m35 [3mask_size[0m[2m=[0m22
[2m2026-04-12T20:31:13.842196Z[0m [34mDEBUG[0m [2mmercury::engine::market_actor[0m[2m:[0m Tick received — running arb detection [3mmarket_id[0m[2m=[0m9046452d-bcb3-4bb8-8925-8924b7439992 [3mplatform[0m[2m=[0mPolymarket [3mbid[0m[2m=[0m0.56 [3mask[0m[2m=[0m0.57 [3mmid[0m[2m=[0m0.5650 [3mbid_size[0m[2m=[0m82.8 [3mask_size[0m[2m=[0m150.27
[2m2026-04-12T20:31:13.842340Z[0m [34mDEBUG[0m [2mmercury::engine::market_actor[0m[2m:[0m Tick received — running arb detection [3mmarket_id[0m[2m=[0m9046452d-bcb3-4bb8-8925-8924b7439992 [3mplatform[0m[2m=[0mPolymarket [3mbid[0m[2m=[0m0.56 [3mask[0m[2m=[0m0.57 [3mmid[0m[2m=[0m0.5650 [3mbid_size[0m[2m=[0m82.8 [3mask_size[0m[2m=[0m150.27
[2m2026-04-12T20:31:13.842388Z[0m [34mDEBUG[0m [2mmercury::engine::market_actor[0m[2m:[0m Tick received — running arb detection [3mmarket_id[0m[2m=[0m631deb8c-fbb4-489e-818e-ae698f57f50b [3mplatform[0m[2m=[0mPolymarket [3mbid[0m[2m=[0m0.62 [3mask[0m[2m=[0m0.63 [3mmid[0m[2m=[0m0.6250 [3mbid_size[0m[2m=[0m30 [3mask_size[0m[2m=[0m22
[2m2026-04-12T20:31:13.842469Z[0m [34mDEBUG[0m [2mmercury::engine::market_actor[0m[2m:[0m Tick received — running arb detection [3mmarket_id[0m[2m=[0m9046452d-bcb3-4bb8-8925-8924b7439992 [3mplatform[0m[2m=[0mPolymarket [3mbid[0m[2m=[0m0.56 [3mask[0m[2m=[0m0.57 [3mmid[0m[2m=[0m0.5650 [3mbid_size[0m[2m=[0m82.8 [3mask_size[0m[2m=[0m150.27
[2m2026-04-12T20:31:13.842575Z[0m [34mDEBUG[0m [2mmercury::engine::market_actor[0m[2m:[0m Tick received — running arb detection [3mmarket_id[0m[2m=[0m9046452d-bcb3-4bb8-8925-8924b7439992 [3mplatform[0m[2m=[0mPolymarket [3mbid[0m[2m=[0m0.56 [3mask[0m[2m=[0m0.57 [3mmid[0m[2m=[0m0.5650 [3mbid_size[0m[2m=[0m82.8 [3mask_size[0m[2m=[0m150.27
[2m2026-04-12T20:31:13.842660Z[0m [34mDEBUG[0m [2mmercury::engine::market_actor[0m[2m:[0m Tick received — running arb detection [3mmarket_id[0m[2m=[0m9046452d-bcb3-4bb8-8925-8924b7439992 [3mplatform[0m[2m=[0mPolymarket [3mbid[0m[2m=[0m0.56 [3mask[0m[2m=[0m0.57 [3mmid[0m[2m=[0m0.5650 [3mbid_size[0m[2m=[0m82.8 [3mask_size[0m[2m=[0m150.27
[2m2026-04-12T20:31:13.842746Z[0m [34mDEBUG[0m [2mmercury::engine::market_actor[0m[2m:[0m Tick received — running arb detection [3mmarket_id[0m[2m=[0m9046452d-bcb3-4bb8-8925-8924b7439992 [3mplatform[0m[2m=[0mPolymarket [3mbid[0m[2m=[0m0.56 [3mask[0m[2m=[0m0.57 [3mmid[0m[2m=[0m0.5650 [3mbid_size[0m[2m=[0m82.8 [3mask_size[0m[2m=[0m150.27
[2m2026-04-12T20:31:13.842832Z[0m [34mDEBUG[0m [2mmercury::engine::market_actor[0m[2m:[0m Tick received — running arb detection [3mmarket_id[0m[2m=[0m9046452d-bcb3-4bb8-8925-8924b7439992 [3mplatform[0m[2m=[0mPolymarket [3mbid[0m[2m=[0m0.56 [3mask[0m[2m=[0m0.57 [3mmid[0m[2m=[0m0.5650 [3mbid_size[0m[2m=[0m77.5 [3mask_size[0m[2m=[0m150.27
[2m2026-04-12T20:31:13.842934Z[0m [34mDEBUG[0m [2mmercury::engine::market_actor[0m[2m:[0m Tick received — running arb detection [3mmarket_id[0m[2m=[0m9046452d-bcb3-4bb8-8925-8924b7439992 [3mplatform[0m[2m=[0mPolymarket [3mbid[0m[2m=[0m0.56 [3mask[0m[2m=[0m0.57 [3mmid[0m[2m=[0m0.5650 [3mbid_size[0m[2m=[0m77.5 [3mask_size[0m[2m=[0m150.27
[2m2026-04-12T20:31:13.843015Z[0m [34mDEBUG[0m [2mmercury::engine::market_actor[0m[2m:[0m Tick received — running arb detection [3mmarket_id[0m[2m=[0m9046452d-bcb3-4bb8-8925-8924b7439992 [3mplatform[0m[2m=[0mPolymarket [3mbid[0m[2m=[0m0.56 [3mask[0m[2m=[0m0.57 [3mmid[0m[2m=[0m0.5650 [3mbid_size[0m[2m=[0m77.5 [3mask_size[0m[2m=[0m150.27
[2m2026-04-12T20:31:13.843097Z[0m [34mDEBUG[0m [2mmercury::engine::market_actor[0m[2m:[0m Tick received — running arb detection [3mmarket_id[0m[2m=[0m9046452d-bcb3-4bb8-8925-8924b7439992 [3mplatform[0m[2m=[0mPolymarket [3mbid[0m[2m=[0m0.56 [3mask[0m[2m=[0m0.57 [3mmid[0m[2m=[0m0.5650 [3mbid_size[0m[2m=[0m77.5 [3mask_size[0m[2m=[0m150.27
[2m2026-04-12T20:31:13.879399Z[0m [34mDEBUG[0m [2mmercury::engine::market_actor[0m[2m:[0m Tick received — running arb detection [3mmarket_id[0m[2m=[0m631deb8c-fbb4-489e-818e-ae698f57f50b [3mplatform[0m[2m=[0mPolymarket [3mbid[0m[2m=[0m0.62 [3mask[0m[2m=[0m0.63 [3mmid[0m[2m=[0m0.6250 [3mbid_size[0m[2m=[0m30 [3mask_size[0m[2m=[0m22
[2m2026-04-12T20:31:13.879510Z[0m [34mDEBUG[0m [2mmercury::feeds::polymarket[0m[2m:[0m Unknown Polymarket event type [3mevent_type[0m[2m=[0mbest_bid_ask
[2m2026-04-12T20:31:13.879635Z[0m [34mDEBUG[0m [2mmercury::engine::market_actor[0m[2m:[0m Tick received — running arb detection [3mmarket_id[0m[2m=[0m9046452d-bcb3-4bb8-8925-8924b7439992 [3mplatform[0m[2m=[0mPolymarket [3mbid[0m[2m=[0m0.56 [3mask[0m[2m=[0m0.57 [3mmid[0m[2m=[0m0.5650 [3mbid_size[0m[2m=[0m77.5 [3mask_size[0m[2m=[0m150.27
[2m2026-04-12T20:31:13.879647Z[0m [34mDEBUG[0m [2mmercury::engine::market_actor[0m[2m:[0m Tick received — running arb detection [3mmarket_id[0m[2m=[0m631deb8c-fbb4-489e-818e-ae698f57f50b [3mplatform[0m[2m=[0mPolymarket [3mbid[0m[2m=[0m0.62 [3mask[0m[2m=[0m0.63 [3mmid[0m[2m=[0m0.6250 [3mbid_size[0m[2m=[0m30 [3mask_size[0m[2m=[0m22
[2m2026-04-12T20:31:13.879968Z[0m [34mDEBUG[0m [2mmercury::engine::market_actor[0m[2m:[0m Tick received — running arb detection [3mmarket_id[0m[2m=[0m631deb8c-fbb4-489e-818e-ae698f57f50b [3mplatform[0m[2m=[0mPolymarket [3mbid[0m[2m=[0m0.62 [3mask[0m[2m=[0m0.63 [3mmid[0m[2m=[0m0.6250 [3mbid_size[0m[2m=[0m35 [3mask_size[0m[2m=[0m22
[2m2026-04-12T20:31:13.880018Z[0m [34mDEBUG[0m [2mmercury::engine::market_actor[0m[2m:[0m Tick received — running arb detection [3mmarket_id[0m[2m=[0m2b958b37-9921-40b8-b22d-64a67138ae70 [3mplatform[0m[2m=[0mPolymarket [3mbid[0m[2m=[0m0.56 [3mask[0m[2m=[0m0.61 [3mmid[0m[2m=[0m0.5850 [3mbid_size[0m[2m=[0m61.27 [3mask_size[0m[2m=[0m15.99
[2m2026-04-12T20:31:13.880215Z[0m [34mDEBUG[0m [2mmercury::engine::market_actor[0m[2m:[0m Tick received — running arb detection [3mmarket_id[0m[2m=[0m631deb8c-fbb4-489e-818e-ae698f57f50b [3mplatform[0m[2m=[0mPolymarket [3mbid[0m[2m=[0m0.62 [3mask[0m[2m=[0m0.63 [3mmid[0m[2m=[0m0.6250 [3mbid_size[0m[2m=[0m35 [3mask_size[0m[2m=[0m22
[2m2026-04-12T20:31:13.880218Z[0m [34mDEBUG[0m [2mmercury::engine::market_actor[0m[2m:[0m Tick received — running arb detection [3mmarket_id[0m[2m=[0m9046452d-bcb3-4bb8-8925-8924b7439992 [3mplatform[0m[2m=[0mPolymarket [3mbid[0m[2m=[0m0.56 [3mask[0m[2m=[0m0.57 [3mmid[0m[2m=[0m0.5650 [3mbid_size[0m[2m=[0m77.5 [3mask_size[0m[2m=[0m150.27
[2m2026-04-12T20:31:13.880343Z[0m [34mDEBUG[0m [2mmercury::feeds::polymarket[0m[2m:[0m Unknown Polymarket event type [3mevent_type[0m[2m=[0mbest_bid_ask
[2m2026-04-12T20:31:13.880480Z[0m [34mDEBUG[0m [2mmercury::engine::market_actor[0m[2m:[0m Tick received — running arb detection [3mmarket_id[0m[2m=[0m9046452d-bcb3-4bb8-8925-8924b7439992 [3mplatform[0m[2m=[0mPolymarket [3mbid[0m[2m=[0m0.56 [3mask[0m[2m=[0m0.57 [3mmid[0m[2m=[0m0.5650 [3mbid_size[0m[2m=[0m77.5 [3mask_size[0m[2m=[0m150.27
[2m2026-04-12T20:31:13.880632Z[0m [34mDEBUG[0m [2mmercury::engine::market_actor[0m[2m:[0m Tick received — running arb detection [3mmarket_id[0m[2m=[0m9046452d-bcb3-4bb8-8925-8924b7439992 [3mplatform[0m[2m=[0mPolymarket [3mbid[0m[2m=[0m0.56 [3mask[0m[2m=[0m0.57 [3mmid[0m[2m=[0m0.5650 [3mbid_size[0m[2m=[0m77.5 [3mask_size[0m[2m=[0m150.27
[2m2026-04-12T20:31:13.880761Z[0m [34mDEBUG[0m [2mmercury::engine::market_actor[0m[2m:[0m Tick received — running arb detection [3mmarket_id[0m[2m=[0m2b958b37-9921-40b8-b22d-64a67138ae70 [3mplatform[0m[2m=[0mPolymarket [3mbid[0m[2m=[0m0.56 [3mask[0m[2m=[0m0.59 [3mmid[0m[2m=[0m0.5750 [3mbid_size[0m[2m=[0m61.27 [3mask_size[0m[2m=[0m6.72
[2m2026-04-12T20:31:13.880824Z[0m [34mDEBUG[0m [2mmercury::engine::market_actor[0m[2m:[0m Tick received — running arb detection [3mmarket_id[0m[2m=[0m9046452d-bcb3-4bb8-8925-8924b7439992 [3mplatform[0m[2m=[0mPolymarket [3mbid[0m[2m=[0m0.56 [3mask[0m[2m=[0m0.57 [3mmid[0m[2m=[0m0.5650 [3mbid_size[0m[2m=[0m77.5 [3mask_size[0m[2m=[0m150.27
[2m2026-04-12T20:31:13.880991Z[0m [34mDEBUG[0m [2mmercury::engine::market_actor[0m[2m:[0m Tick received — running arb detection [3mmarket_id[0m[2m=[0m2b958b37-9921-40b8-b22d-64a67138ae70 [3mplatform[0m[2m=[0mPolymarket [3mbid[0m[2m=[0m0.56 [3mask[0m[2m=[0m0.59 [3mmid[0m[2m=[0m0.5750 [3mbid_size[0m[2m=[0m61.27 [3mask_size[0m[2m=[0m6.72
[2m2026-04-12T20:31:13.881095Z[0m [34mDEBUG[0m [2mmercury::feeds::polymarket[0m[2m:[0m Unknown Polymarket event type [3mevent_type[0m[2m=[0mbest_bid_ask
[2m2026-04-12T20:31:13.881180Z[0m [34mDEBUG[0m [2mmercury::engine::market_actor[0m[2m:[0m Tick received — running arb detection [3mmarket_id[0m[2m=[0m2b958b37-9921-40b8-b22d-64a67138ae70 [3mplatform[0m[2m=[0mPolymarket [3mbid[0m[2m=[0m0.56 [3mask[0m[2m=[0m0.59 [3mmid[0m[2m=[0m0.5750 [3mbid_size[0m[2m=[0m61.27 [3mask_size[0m[2m=[0m6.72
[2m2026-04-12T20:31:13.881405Z[0m [34mDEBUG[0m [2mmercury::engine::market_actor[0m[2m:[0m Tick received — running arb detection [3mmarket_id[0m[2m=[0m631deb8c-fbb4-489e-818e-ae698f57f50b [3mplatform[0m[2m=[0mPolymarket [3mbid[0m[2m=[0m0.62 [3mask[0m[2m=[0m0.63 [3mmid[0m[2m=[0m0.6250 [3mbid_size[0m[2m=[0m15 [3mask_size[0m[2m=[0m22
[2m2026-04-12T20:31:13.881494Z[0m [34mDEBUG[0m [2mmercury::engine::market_actor[0m[2m:[0m Tick received — running arb detection [3mmarket_id[0m[2m=[0m79e1f598-7189-438f-a66e-b184b04be477 [3mplatform[0m[2m=[0mPolymarket [3mbid[0m[2m=[0m0.44 [3mask[0m[2m=[0m0.46 [3mmid[0m[2m=[0m0.45 [3mbid_size[0m[2m=[0m5.04 [3mask_size[0m[2m=[0m7.2
[2m2026-04-12T20:31:13.881637Z[0m [34mDEBUG[0m [2mmercury::feeds::polymarket[0m[2m:[0m Unknown Polymarket event type [3mevent_type[0m[2m=[0mbest_bid_ask
[2m2026-04-12T20:31:13.881723Z[0m [34mDEBUG[0m [2mmercury::engine::market_actor[0m[2m:[0m Tick received — running arb detection [3mmarket_id[0m[2m=[0m2b958b37-9921-40b8-b22d-64a67138ae70 [3mplatform[0m[2m=[0mPolymarket [3mbid[0m[2m=[0m0.56 [3mask[0m[2m=[0m0.59 [3mmid[0m[2m=[0m0.5750 [3mbid_size[0m[2m=[0m61.27 [3mask_size[0m[2m=[0m6.72
[2m2026-04-12T20:31:13.882011Z[0m [34mDEBUG[0m [2mmercury::engine::market_actor[0m[2m:[0m Tick received — running arb detection [3mmarket_id[0m[2m=[0m2b958b37-9921-40b8-b22d-64a67138ae70 [3mplatform[0m[2m=[0mPolymarket [3mbid[0m[2m=[0m0.55 [3mask[0m[2m=[0m0.59 [3mmid[0m[2m=[0m0.57 [3mbid_size[0m[2m=[0m105.3 [3mask_size[0m[2m=[0m6.72
[2m2026-04-12T20:31:13.882161Z[0m [34mDEBUG[0m [2mmercury::engine::market_actor[0m[2m:[0m Tick received — running arb detection [3mmarket_id[0m[2m=[0m2b958b37-9921-40b8-b22d-64a67138ae70 [3mplatform[0m[2m=[0mPolymarket [3mbid[0m[2m=[0m0.55 [3mask[0m[2m=[0m0.59 [3mmid[0m[2m=[0m0.57 [3mbid_size[0m[2m=[0m105.3 [3mask_size[0m[2m=[0m6.72
[2m2026-04-12T20:31:13.882363Z[0m [34mDEBUG[0m [2mmercury::engine::market_actor[0m[2m:[0m Tick received — running arb detection [3mmarket_id[0m[2m=[0m2b958b37-9921-40b8-b22d-64a67138ae70 [3mplatform[0m[2m=[0mPolymarket [3mbid[0m[2m=[0m0.55 [3mask[0m[2m=[0m0.59 [3mmid[0m[2m=[0m0.57 [3mbid_size[0m[2m=[0m105.3 [3mask_size[0m[2m=[0m6.72
[2m2026-04-12T20:31:13.882518Z[0m [34mDEBUG[0m [2mmercury::engine::market_actor[0m[2m:[0m Tick received — running arb detection [3mmarket_id[0m[2m=[0m2b958b37-9921-40b8-b22d-64a67138ae70 [3mplatform[0m[2m=[0mPolymarket [3mbid[0m[2m=[0m0.55 [3mask[0m[2m=[0m0.59 [3mmid[0m[2m=[0m0.57 [3mbid_size[0m[2m=[0m105.3 [3mask_size[0m[2m=[0m6.72
[2m2026-04-12T20:31:13.882643Z[0m [34mDEBUG[0m [2mmercury::engine::market_actor[0m[2m:[0m Tick received — running arb detection [3mmarket_id[0m[2m=[0m2b958b37-9921-40b8-b22d-64a67138ae70 [3mplatform[0m[2m=[0mPolymarket [3mbid[0m[2m=[0m0.55 [3mask[0m[2m=[0m0.59 [3mmid[0m[2m=[0m0.57 [3mbid_size[0m[2m=[0m105.3 [3mask_size[0m[2m=[0m6.72
[2m2026-04-12T20:31:13.882767Z[0m [34mDEBUG[0m [2mmercury::engine::market_actor[0m[2m:[0m Tick received — running arb detection [3mmarket_id[0m[2m=[0m2b958b37-9921-40b8-b22d-64a67138ae70 [3mplatform[0m[2m=[0mPolymarket [3mbid[0m[2m=[0m0.55 [3mask[0m[2m=[0m0.59 [3mmid[0m[2m=[0m0.57 [3mbid_size[0m[2m=[0m105.3 [3mask_size[0m[2m=[0m6.72
[2m2026-04-12T20:31:13.882869Z[0m [34mDEBUG[0m [2mmercury::engine::market_actor[0m[2m:[0m Tick received — running arb detection [3mmarket_id[0m[2m=[0m2b958b37-9921-40b8-b22d-64a67138ae70 [3mplatform[0m[2m=[0mPolymarket [3mbid[0m[2m=[0m0.55 [3mask[0m[2m=[0m0.59 [3mmid[0m[2m=[0m0.57 [3mbid_size[0m[2m=[0m105.3 [3mask_size[0m[2m=[0m6.72
[2m2026-04-12T20:31:13.882990Z[0m [34mDEBUG[0m [2mmercury::engine::market_actor[0m[2m:[0m Tick received — running arb detection [3mmarket_id[0m[2m=[0m2b958b37-9921-40b8-b22d-64a67138ae70 [3mplatform[0m[2m=[0mPolymarket [3mbid[0m[2m=[0m0.55 [3mask[0m[2m=[0m0.59 [3mmid[0m[2m=[0m0.57 [3mbid_size[0m[2m=[0m105.3 [3mask_size[0m[2m=[0m6.72
[2m2026-04-12T20:31:13.883074Z[0m [34mDEBUG[0m [2mmercury::engine::market_actor[0m[2m:[0m Tick received — running arb detection [3mmarket_id[0m[2m=[0m2b958b37-9921-40b8-b22d-64a67138ae70 [3mplatform[0m[2m=[0mPolymarket [3mbid[0m[2m=[0m0.55 [3mask[0m[2m=[0m0.59 [3mmid[0m[2m=[0m0.57 [3mbid_size[0m[2m=[0m5.3 [3mask_size[0m[2m=[0m6.72
[2m2026-04-12T20:31:13.883157Z[0m [34mDEBUG[0m [2mmercury::engine::market_actor[0m[2m:[0m Tick received — running arb detection [3mmarket_id[0m[2m=[0m2b958b37-9921-40b8-b22d-64a67138ae70 [3mplatform[0m[2m=[0mPolymarket [3mbid[0m[2m=[0m0.55 [3mask[0m[2m=[0m0.59 [3mmid[0m[2m=[0m0.57 [3mbid_size[0m[2m=[0m5.3 [3mask_size[0m[2m=[0m6.72
[2m2026-04-12T20:31:13.883257Z[0m [34mDEBUG[0m [2mmercury::engine::market_actor[0m[2m:[0m Tick received — running arb detection [3mmarket_id[0m[2m=[0m2b958b37-9921-40b8-b22d-64a67138ae70 [3mplatform[0m[2m=[0mPolymarket [3mbid[0m[2m=[0m0.55 [3mask[0m[2m=[0m0.59 [3mmid[0m[2m=[0m0.57 [3mbid_size[0m[2m=[0m5.3 [3mask_size[0m[2m=[0m6.72
[2m2026-04-12T20:31:13.883390Z[0m [34mDEBUG[0m [2mmercury::engine::market_actor[0m[2m:[0m Tick received — running arb detection [3mmarket_id[0m[2m=[0m2b958b37-9921-40b8-b22d-64a67138ae70 [3mplatform[0m[2m=[0mPolymarket [3mbid[0m[2m=[0m0.55 [3mask[0m[2m=[0m0.59 [3mmid[0m[2m=[0m0.57 [3mbid_size[0m[2m=[0m5.3 [3mask_size[0m[2m=[0m6.72
[2m2026-04-12T20:31:13.883429Z[0m [34mDEBUG[0m [2mmercury::engine::market_actor[0m[2m:[0m Tick received — running arb detection [3mmarket_id[0m[2m=[0m631deb8c-fbb4-489e-818e-ae698f57f50b [3mplatform[0m[2m=[0mPolymarket [3mbid[0m[2m=[0m0.62 [3mask[0m[2m=[0m0.63 [3mmid[0m[2m=[0m0.6250 [3mbid_size[0m[2m=[0m15 [3mask_size[0m[2m=[0m22
[2m2026-04-12T20:31:13.883498Z[0m [34mDEBUG[0m [2mmercury::engine::market_actor[0m[2m:[0m Tick received — running arb detection [3mmarket_id[0m[2m=[0m2b958b37-9921-40b8-b22d-64a67138ae70 [3mplatform[0m[2m=[0mPolymarket [3mbid[0m[2m=[0m0.55 [3mask[0m[2m=[0m0.59 [3mmid[0m[2m=[0m0.57 [3mbid_size[0m[2m=[0m5.3 [3mask_size[0m[2m=[0m6.72
[2m2026-04-12T20:31:13.883555Z[0m [34mDEBUG[0m [2mmercury::engine::market_actor[0m[2m:[0m Tick received — running arb detection [3mmarket_id[0m[2m=[0m9046452d-bcb3-4bb8-8925-8924b7439992 [3mplatform[0m[2m=[0mPolymarket [3mbid[0m[2m=[0m0.56 [3mask[0m[2m=[0m0.57 [3mmid[0m[2m=[0m0.5650 [3mbid_size[0m[2m=[0m77.5 [3mask_size[0m[2m=[0m150.27
[2m2026-04-12T20:31:13.883640Z[0m [34mDEBUG[0m [2mmercury::engine::market_actor[0m[2m:[0m Tick received — running arb detection [3mmarket_id[0m[2m=[0m2b958b37-9921-40b8-b22d-64a67138ae70 [3mplatform[0m[2m=[0mPolymarket [3mbid[0m[2m=[0m0.55 [3mask[0m[2m=[0m0.59 [3mmid[0m[2m=[0m0.57 [3mbid_size[0m[2m=[0m5.3 [3mask_size[0m[2m=[0m6.72
[2m2026-04-12T20:31:13.883747Z[0m [34mDEBUG[0m [2mmercury::engine::market_actor[0m[2m:[0m Tick received — running arb detection [3mmarket_id[0m[2m=[0m2b958b37-9921-40b8-b22d-64a67138ae70 [3mplatform[0m[2m=[0mPolymarket [3mbid[0m[2m=[0m0.55 [3mask[0m[2m=[0m0.59 [3mmid[0m[2m=[0m0.57 [3mbid_size[0m[2m=[0m5.3 [3mask_size[0m[2m=[0m6.72
[2m2026-04-12T20:31:13.883846Z[0m [34mDEBUG[0m [2mmercury::engine::market_actor[0m[2m:[0m Tick received — running arb detection [3mmarket_id[0m[2m=[0m9046452d-bcb3-4bb8-8925-8924b7439992 [3mplatform[0m[2m=[0mPolymarket [3mbid[0m[2m=[0m0.56 [3mask[0m[2m=[0m0.57 [3mmid[0m[2m=[0m0.5650 [3mbid_size[0m[2m=[0m77.5 [3mask_size[0m[2m=[0m150.27
[2m2026-04-12T20:31:13.883856Z[0m [34mDEBUG[0m [2mmercury::engine::market_actor[0m[2m:[0m Tick received — running arb detection [3mmarket_id[0m[2m=[0m2b958b37-9921-40b8-b22d-64a67138ae70 [3mplatform[0m[2m=[0mPolymarket [3mbid[0m[2m=[0m0.55 [3mask[0m[2m=[0m0.59 [3mmid[0m[2m=[0m0.57 [3mbid_size[0m[2m=[0m5.3 [3mask_size[0m[2m=[0m6.72
[2m2026-04-12T20:31:13.883894Z[0m [34mDEBUG[0m [2mmercury::feeds::polymarket[0m[2m:[0m Unknown Polymarket event type [3mevent_type[0m[2m=[0mbest_bid_ask
[2m2026-04-12T20:31:13.883912Z[0m [34mDEBUG[0m [2mmercury::engine::market_actor[0m[2m:[0m Tick received — running arb detection [3mmarket_id[0m[2m=[0m631deb8c-fbb4-489e-818e-ae698f57f50b [3mplatform[0m[2m=[0mPolymarket [3mbid[0m[2m=[0m0.62 [3mask[0m[2m=[0m0.63 [3mmid[0m[2m=[0m0.6250 [3mbid_size[0m[2m=[0m15 [3mask_size[0m[2m=[0m22
[2m2026-04-12T20:31:13.883965Z[0m [34mDEBUG[0m [2mmercury::engine::market_actor[0m[2m:[0m Tick received — running arb detection [3mmarket_id[0m[2m=[0m2b958b37-9921-40b8-b22d-64a67138ae70 [3mplatform[0m[2m=[0mPolymarket [3mbid[0m[2m=[0m0.55 [3mask[0m[2m=[0m0.59 [3mmid[0m[2m=[0m0.57 [3mbid_size[0m[2m=[0m5.3 [3mask_size[0m[2m=[0m6.72
[2m2026-04-12T20:31:13.884173Z[0m [34mDEBUG[0m [2mmercury::engine::market_actor[0m[2m:[0m Tick received — running arb detection [3mmarket_id[0m[2m=[0m2b958b37-9921-40b8-b22d-64a67138ae70 [3mplatform[0m[2m=[0mPolymarket [3mbid[0m[2m=[0m0.55 [3mask[0m[2m=[0m0.59 [3mmid[0m[2m=[0m0.57 [3mbid_size[0m[2m=[0m5.3 [3mask_size[0m[2m=[0m6.72
[2m2026-04-12T20:31:13.884243Z[0m [34mDEBUG[0m [2mmercury::engine::market_actor[0m[2m:[0m Tick received — running arb detection [3mmarket_id[0m[2m=[0m9046452d-bcb3-4bb8-8925-8924b7439992 [3mplatform[0m[2m=[0mPolymarket [3mbid[0m[2m=[0m0.56 [3mask[0m[2m=[0m0.57 [3mmid[0m[2m=[0m0.5650 [3mbid_size[0m[2m=[0m77.5 [3mask_size[0m[2m=[0m150.27
[2m2026-04-12T20:31:13.884375Z[0m [34mDEBUG[0m [2mmercury::engine::market_actor[0m[2m:[0m Tick received — running arb detection [3mmarket_id[0m[2m=[0m2b958b37-9921-40b8-b22d-64a67138ae70 [3mplatform[0m[2m=[0mPolymarket [3mbid[0m[2m=[0m0.55 [3mask[0m[2m=[0m0.57 [3mmid[0m[2m=[0m0.56 [3mbid_size[0m[2m=[0m5.3 [3mask_size[0m[2m=[0m30
[2m2026-04-12T20:31:13.884484Z[0m [34mDEBUG[0m [2mmercury::engine::market_actor[0m[2m:[0m Tick received — running arb detection [3mmarket_id[0m[2m=[0m631deb8c-fbb4-489e-818e-ae698f57f50b [3mplatform[0m[2m=[0mPolymarket [3mbid[0m[2m=[0m0.62 [3mask[0m[2m=[0m0.63 [3mmid[0m[2m=[0m0.6250 [3mbid_size[0m[2m=[0m15 [3mask_size[0m[2m=[0m22
[2m2026-04-12T20:31:13.884567Z[0m [34mDEBUG[0m [2mmercury::engine::market_actor[0m[2m:[0m Tick received — running arb detection [3mmarket_id[0m[2m=[0m2b958b37-9921-40b8-b22d-64a67138ae70 [3mplatform[0m[2m=[0mPolymarket [3mbid[0m[2m=[0m0.55 [3mask[0m[2m=[0m0.57 [3mmid[0m[2m=[0m0.56 [3mbid_size[0m[2m=[0m5.3 [3mask_size[0m[2m=[0m30
[2m2026-04-12T20:31:13.884735Z[0m [34mDEBUG[0m [2mmercury::engine::market_actor[0m[2m:[0m Tick received — running arb detection [3mmarket_id[0m[2m=[0m79e1f598-7189-438f-a66e-b184b04be477 [3mplatform[0m[2m=[0mPolymarket [3mbid[0m[2m=[0m0.44 [3mask[0m[2m=[0m0.46 [3mmid[0m[2m=[0m0.45 [3mbid_size[0m[2m=[0m5.04 [3mask_size[0m[2m=[0m57.2
[2m2026-04-12T20:31:13.884871Z[0m [34mDEBUG[0m [2mmercury::engine::market_actor[0m[2m:[0m Tick received — running arb detection [3mmarket_id[0m[2m=[0m9046452d-bcb3-4bb8-8925-8924b7439992 [3mplatform[0m[2m=[0mPolymarket [3mbid[0m[2m=[0m0.56 [3mask[0m[2m=[0m0.57 [3mmid[0m[2m=[0m0.5650 [3mbid_size[0m[2m=[0m77.5 [3mask_size[0m[2m=[0m150.27
[2m2026-04-12T20:31:13.885060Z[0m [34mDEBUG[0m [2mmercury::engine::market_actor[0m[2m:[0m Tick received — running arb detection [3mmarket_id[0m[2m=[0m9046452d-bcb3-4bb8-8925-8924b7439992 [3mplatform[0m[2m=[0mPolymarket [3mbid[0m[2m=[0m0.56 [3mask[0m[2m=[0m0.57 [3mmid[0m[2m=[0m0.5650 [3mbid_size[0m[2m=[0m77.5 [3mask_size[0m[2m=[0m150.27
[2m2026-04-12T20:31:13.885067Z[0m [34mDEBUG[0m [2mmercury::engine::market_actor[0m[2m:[0m Tick received — running arb detection [3mmarket_id[0m[2m=[0m2b958b37-9921-40b8-b22d-64a67138ae70 [3mplatform[0m[2m=[0mPolymarket [3mbid[0m[2m=[0m0.55 [3mask[0m[2m=[0m0.57 [3mmid[0m[2m=[0m0.56 [3mbid_size[0m[2m=[0m5.3 [3mask_size[0m[2m=[0m30
[2m2026-04-12T20:31:13.885291Z[0m [34mDEBUG[0m [2mmercury::engine::market_actor[0m[2m:[0m Tick received — running arb detection [3mmarket_id[0m[2m=[0m9046452d-bcb3-4bb8-8925-8924b7439992 [3mplatform[0m[2m=[0mPolymarket [3mbid[0m[2m=[0m0.56 [3mask[0m[2m=[0m0.57 [3mmid[0m[2m=[0m0.5650 [3mbid_size[0m[2m=[0m77.5 [3mask_size[0m[2m=[0m150.27
[2m2026-04-12T20:31:13.885410Z[0m [34mDEBUG[0m [2mmercury::engine::market_actor[0m[2m:[0m Tick received — running arb detection [3mmarket_id[0m[2m=[0m2b958b37-9921-40b8-b22d-64a67138ae70 [3mplatform[0m[2m=[0mPolymarket [3mbid[0m[2m=[0m0.55 [3mask[0m[2m=[0m0.57 [3mmid[0m[2m=[0m0.56 [3mbid_size[0m[2m=[0m5.3 [3mask_size[0m[2m=[0m30
[2m2026-04-12T20:31:13.885497Z[0m [34mDEBUG[0m [2mmercury::engine::market_actor[0m[2m:[0m Tick received — running arb detection [3mmarket_id[0m[2m=[0m9046452d-bcb3-4bb8-8925-8924b7439992 [3mplatform[0m[2m=[0mPolymarket [3mbid[0m[2m=[0m0.56 [3mask[0m[2m=[0m0.57 [3mmid[0m[2m=[0m0.5650 [3mbid_size[0m[2m=[0m77.5 [3mask_size[0m[2m=[0m150.27
[2m2026-04-12T20:31:13.885602Z[0m [34mDEBUG[0m [2mmercury::engine::market_actor[0m[2m:[0m Tick received — running arb detection [3mmarket_id[0m[2m=[0m2b958b37-9921-40b8-b22d-64a67138ae70 [3mplatform[0m[2m=[0mPolymarket [3mbid[0m[2m=[0m0.55 [3mask[0m[2m=[0m0.57 [3mmid[0m[2m=[0m0.56 [3mbid_size[0m[2m=[0m5.3 [3mask_size[0m[2m=[0m30
[2m2026-04-12T20:31:13.885781Z[0m [34mDEBUG[0m [2mmercury::engine::market_actor[0m[2m:[0m Tick received — running arb detection [3mmarket_id[0m[2m=[0m2b958b37-9921-40b8-b22d-64a67138ae70 [3mplatform[0m[2m=[0mPolymarket [3mbid[0m[2m=[0m0.55 [3mask[0m[2m=[0m0.57 [3mmid[0m[2m=[0m0.56 [3mbid_size[0m[2m=[0m5.3 [3mask_size[0m[2m=[0m30
[2m2026-04-12T20:31:13.885897Z[0m [34mDEBUG[0m [2mmercury::engine::market_actor[0m[2m:[0m Tick received — running arb detection [3mmarket_id[0m[2m=[0m9046452d-bcb3-4bb8-8925-8924b7439992 [3mplatform[0m[2m=[0mPolymarket [3mbid[0m[2m=[0m0.56 [3mask[0m[2m=[0m0.57 [3mmid[0m[2m=[0m0.5650 [3mbid_size[0m[2m=[0m77.5 [3mask_size[0m[2m=[0m150.27
[2m2026-04-12T20:31:13.886039Z[0m [34mDEBUG[0m [2mmercury::engine::market_actor[0m[2m:[0m Tick received — running arb detection [3mmarket_id[0m[2m=[0m2b958b37-9921-40b8-b22d-64a67138ae70 [3mplatform[0m[2m=[0mPolymarket [3mbid[0m[2m=[0m0.55 [3mask[0m[2m=[0m0.57 [3mmid[0m[2m=[0m0.56 [3mbid_size[0m[2m=[0m5.3 [3mask_size[0m[2m=[0m30
[2m2026-04-12T20:31:13.886069Z[0m [34mDEBUG[0m [2mmercury::engine::market_actor[0m[2m:[0m Tick received — running arb detection [3mmarket_id[0m[2m=[0m9046452d-bcb3-4bb8-8925-8924b7439992 [3mplatform[0m[2m=[0mPolymarket [3mbid[0m[2m=[0m0.56 [3mask[0m[2m=[0m0.57 [3mmid[0m[2m=[0m0.5650 [3mbid_size[0m[2m=[0m77.5 [3mask_size[0m[2m=[0m150.27
[2m2026-04-12T20:31:13.886184Z[0m [34mDEBUG[0m [2mmercury::engine::market_actor[0m[2m:[0m Tick received — running arb detection [3mmarket_id[0m[2m=[0m9046452d-bcb3-4bb8-8925-8924b7439992 [3mplatform[0m[2m=[0mPolymarket [3mbid[0m[2m=[0m0.56 [3mask[0m[2m=[0m0.57 [3mmid[0m[2m=[0m0.5650 [3mbid_size[0m[2m=[0m77.5 [3mask_size[0m[2m=[0m150.27
[2m2026-04-12T20:31:13.886224Z[0m [34mDEBUG[0m [2mmercury::engine::market_actor[0m[2m:[0m Tick received — running arb detection [3mmarket_id[0m[2m=[0m2b958b37-9921-40b8-b22d-64a67138ae70 [3mplatform[0m[2m=[0mPolymarket [3mbid[0m[2m=[0m0.55 [3mask[0m[2m=[0m0.57 [3mmid[0m[2m=[0m0.56 [3mbid_size[0m[2m=[0m5.3 [3mask_size[0m[2m=[0m30
[2m2026-04-12T20:31:13.886374Z[0m [34mDEBUG[0m [2mmercury::engine::market_actor[0m[2m:[0m Tick received — running arb detection [3mmarket_id[0m[2m=[0m631deb8c-fbb4-489e-818e-ae698f57f50b [3mplatform[0m[2m=[0mPolymarket [3mbid[0m[2m=[0m0.62 [3mask[0m[2m=[0m0.63 [3mmid[0m[2m=[0m0.6250 [3mbid_size[0m[2m=[0m15 [3mask_size[0m[2m=[0m22
[2m2026-04-12T20:31:13.886402Z[0m [34mDEBUG[0m [2mmercury::feeds::polymarket[0m[2m:[0m Unknown Polymarket event type [3mevent_type[0m[2m=[0mbest_bid_ask
[2m2026-04-12T20:31:13.886439Z[0m [34mDEBUG[0m [2mmercury::engine::market_actor[0m[2m:[0m Tick received — running arb detection [3mmarket_id[0m[2m=[0m2b958b37-9921-40b8-b22d-64a67138ae70 [3mplatform[0m[2m=[0mPolymarket [3mbid[0m[2m=[0m0.55 [3mask[0m[2m=[0m0.57 [3mmid[0m[2m=[0m0.56 [3mbid_size[0m[2m=[0m5.3 [3mask_size[0m[2m=[0m30
[2m2026-04-12T20:31:13.886601Z[0m [34mDEBUG[0m [2mmercury::engine::market_actor[0m[2m:[0m Tick received — running arb detection [3mmarket_id[0m[2m=[0m631deb8c-fbb4-489e-818e-ae698f57f50b [3mplatform[0m[2m=[0mPolymarket [3mbid[0m[2m=[0m0.62 [3mask[0m[2m=[0m0.63 [3mmid[0m[2m=[0m0.6250 [3mbid_size[0m[2m=[0m12.1 [3mask_size[0m[2m=[0m22
[2m2026-04-12T20:31:13.887005Z[0m [34mDEBUG[0m [2mmercury::engine::market_actor[0m[2m:[0m Tick received — running arb detection [3mmarket_id[0m[2m=[0m631deb8c-fbb4-489e-818e-ae698f57f50b [3mplatform[0m[2m=[0mPolymarket [3mbid[0m[2m=[0m0.62 [3mask[0m[2m=[0m0.63 [3mmid[0m[2m=[0m0.6250 [3mbid_size[0m[2m=[0m12.1 [3mask_size[0m[2m=[0m22
[2m2026-04-12T20:31:13.890580Z[0m [32m INFO[0m [2mmercury::feeds::discovery[0m[2m:[0m Kalshi general markets fetched [3mcount[0m[2m=[0m500
[2m2026-04-12T20:31:13.892449Z[0m [34mDEBUG[0m [2mmercury::engine::market_actor[0m[2m:[0m Tick received — running arb detection [3mmarket_id[0m[2m=[0m631deb8c-fbb4-489e-818e-ae698f57f50b [3mplatform[0m[2m=[0mPolymarket [3mbid[0m[2m=[0m0.62 [3mask[0m[2m=[0m0.63 [3mmid[0m[2m=[0m0.6250 [3mbid_size[0m[2m=[0m12.1 [3mask_size[0m[2m=[0m22
[2m2026-04-12T20:31:13.892652Z[0m [34mDEBUG[0m [2mmercury::engine::market_actor[0m[2m:[0m Tick received — running arb detection [3mmarket_id[0m[2m=[0m631deb8c-fbb4-489e-818e-ae698f57f50b [3mplatform[0m[2m=[0mPolymarket [3mbid[0m[2m=[0m0.62 [3mask[0m[2m=[0m0.63 [3mmid[0m[2m=[0m0.6250 [3mbid_size[0m[2m=[0m12.1 [3mask_size[0m[2m=[0m42
[2m2026-04-12T20:31:13.892654Z[0m [34mDEBUG[0m [2mmercury::engine::market_actor[0m[2m:[0m Tick received — running arb detection [3mmarket_id[0m[2m=[0m9046452d-bcb3-4bb8-8925-8924b7439992 [3mplatform[0m[2m=[0mPolymarket [3mbid[0m[2m=[0m0.56 [3mask[0m[2m=[0m0.57 [3mmid[0m[2m=[0m0.5650 [3mbid_size[0m[2m=[0m77.5 [3mask_size[0m[2m=[0m150.27
[2m2026-04-12T20:31:13.892876Z[0m [34mDEBUG[0m [2mmercury::engine::market_actor[0m[2m:[0m Tick received — running arb detection [3mmarket_id[0m[2m=[0m9046452d-bcb3-4bb8-8925-8924b7439992 [3mplatform[0m[2m=[0mPolymarket [3mbid[0m[2m=[0m0.56 [3mask[0m[2m=[0m0.57 [3mmid[0m[2m=[0m0.5650 [3mbid_size[0m[2m=[0m77.5 [3mask_size[0m[2m=[0m150.27
[2m2026-04-12T20:31:13.893074Z[0m [34mDEBUG[0m [2mmercury::engine::market_actor[0m[2m:[0m Tick received — running arb detection [3mmarket_id[0m[2m=[0m9046452d-bcb3-4bb8-8925-8924b7439992 [3mplatform[0m[2m=[0mPolymarket [3mbid[0m[2m=[0m0.56 [3mask[0m[2m=[0m0.57 [3mmid[0m[2m=[0m0.5650 [3mbid_size[0m[2m=[0m77.5 [3mask_size[0m[2m=[0m150.27
[2m2026-04-12T20:31:13.893184Z[0m [34mDEBUG[0m [2mmercury::engine::market_actor[0m[2m:[0m Tick received — running arb detection [3mmarket_id[0m[2m=[0m2b958b37-9921-40b8-b22d-64a67138ae70 [3mplatform[0m[2m=[0mPolymarket [3mbid[0m[2m=[0m0.55 [3mask[0m[2m=[0m0.57 [3mmid[0m[2m=[0m0.56 [3mbid_size[0m[2m=[0m5.3 [3mask_size[0m[2m=[0m30
[2m2026-04-12T20:31:13.893295Z[0m [34mDEBUG[0m [2mmercury::engine::market_actor[0m[2m:[0m Tick received — running arb detection [3mmarket_id[0m[2m=[0m9046452d-bcb3-4bb8-8925-8924b7439992 [3mplatform[0m[2m=[0mPolymarket [3mbid[0m[2m=[0m0.56 [3mask[0m[2m=[0m0.57 [3mmid[0m[2m=[0m0.5650 [3mbid_size[0m[2m=[0m72.5 [3mask_size[0m[2m=[0m150.27
[2m2026-04-12T20:31:13.893461Z[0m [34mDEBUG[0m [2mmercury::engine::market_actor[0m[2m:[0m Tick received — running arb detection [3mmarket_id[0m[2m=[0m631deb8c-fbb4-489e-818e-ae698f57f50b [3mplatform[0m[2m=[0mPolymarket [3mbid[0m[2m=[0m0.62 [3mask[0m[2m=[0m0.63 [3mmid[0m[2m=[0m0.6250 [3mbid_size[0m[2m=[0m12.1 [3mask_size[0m[2m=[0m42
[2m2026-04-12T20:31:13.893499Z[0m [34mDEBUG[0m [2mmercury::engine::market_actor[0m[2m:[0m Tick received — running arb detection [3mmarket_id[0m[2m=[0m9046452d-bcb3-4bb8-8925-8924b7439992 [3mplatform[0m[2m=[0mPolymarket [3mbid[0m[2m=[0m0.56 [3mask[0m[2m=[0m0.57 [3mmid[0m[2m=[0m0.5650 [3mbid_size[0m[2m=[0m72.5 [3mask_size[0m[2m=[0m155.27
[2m2026-04-12T20:31:13.893703Z[0m [34mDEBUG[0m [2mmercury::engine::market_actor[0m[2m:[0m Tick received — running arb detection [3mmarket_id[0m[2m=[0m9046452d-bcb3-4bb8-8925-8924b7439992 [3mplatform[0m[2m=[0mPolymarket [3mbid[0m[2m=[0m0.56 [3mask[0m[2m=[0m0.57 [3mmid[0m[2m=[0m0.5650 [3mbid_size[0m[2m=[0m72.5 [3mask_size[0m[2m=[0m155.27
[2m2026-04-12T20:31:13.893860Z[0m [34mDEBUG[0m [2mmercury::engine::market_actor[0m[2m:[0m Tick received — running arb detection [3mmarket_id[0m[2m=[0m9046452d-bcb3-4bb8-8925-8924b7439992 [3mplatform[0m[2m=[0mPolymarket [3mbid[0m[2m=[0m0.56 [3mask[0m[2m=[0m0.57 [3mmid[0m[2m=[0m0.5650 [3mbid_size[0m[2m=[0m72.5 [3mask_size[0m[2m=[0m155.27
[2m2026-04-12T20:31:13.893954Z[0m [34mDEBUG[0m [2mmercury::engine::market_actor[0m[2m:[0m Tick received — running arb detection [3mmarket_id[0m[2m=[0m9046452d-bcb3-4bb8-8925-8924b7439992 [3mplatform[0m[2m=[0mPolymarket [3mbid[0m[2m=[0m0.56 [3mask[0m[2m=[0m0.57 [3mmid[0m[2m=[0m0.5650 [3mbid_size[0m[2m=[0m67.5 [3mask_size[0m[2m=[0m155.27
[2m2026-04-12T20:31:13.894040Z[0m [34mDEBUG[0m [2mmercury::engine::market_actor[0m[2m:[0m Tick received — running arb detection [3mmarket_id[0m[2m=[0m9046452d-bcb3-4bb8-8925-8924b7439992 [3mplatform[0m[2m=[0mPolymarket [3mbid[0m[2m=[0m0.56 [3mask[0m[2m=[0m0.57 [3mmid[0m[2m=[0m0.5650 [3mbid_size[0m[2m=[0m67.5 [3mask_size[0m[2m=[0m155.27
[2m2026-04-12T20:31:13.894084Z[0m [34mDEBUG[0m [2mmercury::engine::market_actor[0m[2m:[0m Tick received — running arb detection [3mmarket_id[0m[2m=[0m631deb8c-fbb4-489e-818e-ae698f57f50b [3mplatform[0m[2m=[0mPolymarket [3mbid[0m[2m=[0m0.62 [3mask[0m[2m=[0m0.63 [3mmid[0m[2m=[0m0.6250 [3mbid_size[0m[2m=[0m12.1 [3mask_size[0m[2m=[0m42
[2m2026-04-12T20:31:13.897396Z[0m [34mDEBUG[0m [2mmercury::engine::market_actor[0m[2m:[0m Tick received — running arb detection [3mmarket_id[0m[2m=[0m2b958b37-9921-40b8-b22d-64a67138ae70 [3mplatform[0m[2m=[0mPolymarket [3mbid[0m[2m=[0m0.55 [3mask[0m[2m=[0m0.57 [3mmid[0m[2m=[0m0.56 [3mbid_size[0m[2m=[0m5.3 [3mask_size[0m[2m=[0m30
[2m2026-04-12T20:31:13.897457Z[0m [34mDEBUG[0m [2mmercury::engine::market_actor[0m[2m:[0m Tick received — running arb detection [3mmarket_id[0m[2m=[0m9046452d-bcb3-4bb8-8925-8924b7439992 [3mplatform[0m[2m=[0mPolymarket [3mbid[0m[2m=[0m0.56 [3mask[0m[2m=[0m0.57 [3mmid[0m[2m=[0m0.5650 [3mbid_size[0m[2m=[0m67.5 [3mask_size[0m[2m=[0m155.27
[2m2026-04-12T20:31:13.897417Z[0m [34mDEBUG[0m [2mmercury::feeds::polymarket[0m[2m:[0m Unknown Polymarket event type [3mevent_type[0m[2m=[0mbest_bid_ask
[2m2026-04-12T20:31:13.897549Z[0m [34mDEBUG[0m [2mmercury::engine::market_actor[0m[2m:[0m Tick received — running arb detection [3mmarket_id[0m[2m=[0m2b958b37-9921-40b8-b22d-64a67138ae70 [3mplatform[0m[2m=[0mPolymarket [3mbid[0m[2m=[0m0.55 [3mask[0m[2m=[0m0.57 [3mmid[0m[2m=[0m0.56 [3mbid_size[0m[2m=[0m5.3 [3mask_size[0m[2m=[0m30
[2m2026-04-12T20:31:13.897849Z[0m [34mDEBUG[0m [2mmercury::engine::market_actor[0m[2m:[0m Tick received — running arb detection [3mmarket_id[0m[2m=[0m2b958b37-9921-40b8-b22d-64a67138ae70 [3mplatform[0m[2m=[0mPolymarket [3mbid[0m[2m=[0m0.55 [3mask[0m[2m=[0m0.57 [3mmid[0m[2m=[0m0.56 [3mbid_size[0m[2m=[0m5.3 [3mask_size[0m[2m=[0m30
[2m2026-04-12T20:31:13.897989Z[0m [34mDEBUG[0m [2mmercury::engine::market_actor[0m[2m:[0m Tick received — running arb detection [3mmarket_id[0m[2m=[0m2b958b37-9921-40b8-b22d-64a67138ae70 [3mplatform[0m[2m=[0mPolymarket [3mbid[0m[2m=[0m0.55 [3mask[0m[2m=[0m0.57 [3mmid[0m[2m=[0m0.56 [3mbid_size[0m[2m=[0m5.3 [3mask_size[0m[2m=[0m30
[2m2026-04-12T20:31:13.898014Z[0m [34mDEBUG[0m [2mmercury::feeds::polymarket[0m[2m:[0m Unknown Polymarket event type [3mevent_type[0m[2m=[0mbest_bid_ask
[2m2026-04-12T20:31:13.898079Z[0m [34mDEBUG[0m [2mmercury::engine::market_actor[0m[2m:[0m Tick received — running arb detection [3mmarket_id[0m[2m=[0m2b958b37-9921-40b8-b22d-64a67138ae70 [3mplatform[0m[2m=[0mPolymarket [3mbid[0m[2m=[0m0.53 [3mask[0m[2m=[0m0.57 [3mmid[0m[2m=[0m0.55 [3mbid_size[0m[2m=[0m6.72 [3mask_size[0m[2m=[0m30
[2m2026-04-12T20:31:13.898316Z[0m [34mDEBUG[0m [2mmercury::engine::market_actor[0m[2m:[0m Tick received — running arb detection [3mmarket_id[0m[2m=[0m2b958b37-9921-40b8-b22d-64a67138ae70 [3mplatform[0m[2m=[0mPolymarket [3mbid[0m[2m=[0m0.52 [3mask[0m[2m=[0m0.57 [3mmid[0m[2m=[0m0.5450 [3mbid_size[0m[2m=[0m11.92 [3mask_size[0m[2m=[0m30
[2m2026-04-12T20:31:13.898407Z[0m [34mDEBUG[0m [2mmercury::engine::market_actor[0m[2m:[0m Tick received — running arb detection [3mmarket_id[0m[2m=[0m2b958b37-9921-40b8-b22d-64a67138ae70 [3mplatform[0m[2m=[0mPolymarket [3mbid[0m[2m=[0m0.52 [3mask[0m[2m=[0m0.57 [3mmid[0m[2m=[0m0.5450 [3mbid_size[0m[2m=[0m11.92 [3mask_size[0m[2m=[0m30
[2m2026-04-12T20:31:13.898532Z[0m [34mDEBUG[0m [2mmercury::engine::market_actor[0m[2m:[0m Tick received — running arb detection [3mmarket_id[0m[2m=[0m631deb8c-fbb4-489e-818e-ae698f57f50b [3mplatform[0m[2m=[0mPolymarket [3mbid[0m[2m=[0m0.62 [3mask[0m[2m=[0m0.63 [3mmid[0m[2m=[0m0.6250 [3mbid_size[0m[2m=[0m12.1 [3mask_size[0m[2m=[0m42
[2m2026-04-12T20:31:13.898778Z[0m [34mDEBUG[0m [2mmercury::engine::market_actor[0m[2m:[0m Tick received — running arb detection [3mmarket_id[0m[2m=[0m631deb8c-fbb4-489e-818e-ae698f57f50b [3mplatform[0m[2m=[0mPolymarket [3mbid[0m[2m=[0m0.62 [3mask[0m[2m=[0m0.63 [3mmid[0m[2m=[0m0.6250 [3mbid_size[0m[2m=[0m12.1 [3mask_size[0m[2m=[0m42
[2m2026-04-12T20:31:13.898975Z[0m [34mDEBUG[0m [2mmercury::engine::market_actor[0m[2m:[0m Tick received — running arb detection [3mmarket_id[0m[2m=[0m2b958b37-9921-40b8-b22d-64a67138ae70 [3mplatform[0m[2m=[0mPolymarket [3mbid[0m[2m=[0m0.52 [3mask[0m[2m=[0m0.57 [3mmid[0m[2m=[0m0.5450 [3mbid_size[0m[2m=[0m11.92 [3mask_size[0m[2m=[0m30
[2m2026-04-12T20:31:13.899044Z[0m [34mDEBUG[0m [2mmercury::engine::market_actor[0m[2m:[0m Tick received — running arb detection [3mmarket_id[0m[2m=[0m631deb8c-fbb4-489e-818e-ae698f57f50b [3mplatform[0m[2m=[0mPolymarket [3mbid[0m[2m=[0m0.62 [3mask[0m[2m=[0m0.63 [3mmid[0m[2m=[0m0.6250 [3mbid_size[0m[2m=[0m32.1 [3mask_size[0m[2m=[0m42
[2m2026-04-12T20:31:13.901893Z[0m [34mDEBUG[0m [2mmercury::engine::market_actor[0m[2m:[0m Tick received — running arb detection [3mmarket_id[0m[2m=[0m2b958b37-9921-40b8-b22d-64a67138ae70 [3mplatform[0m[2m=[0mPolymarket [3mbid[0m[2m=[0m0.52 [3mask[0m[2m=[0m0.57 [3mmid[0m[2m=[0m0.5450 [3mbid_size[0m[2m=[0m11.92 [3mask_size[0m[2m=[0m130
[2m2026-04-12T20:31:13.901974Z[0m [34mDEBUG[0m [2mmercury::engine::market_actor[0m[2m:[0m Tick received — running arb detection [3mmarket_id[0m[2m=[0m9046452d-bcb3-4bb8-8925-8924b7439992 [3mplatform[0m[2m=[0mPolymarket [3mbid[0m[2m=[0m0.56 [3mask[0m[2m=[0m0.57 [3mmid[0m[2m=[0m0.5650 [3mbid_size[0m[2m=[0m67.5 [3mask_size[0m[2m=[0m155.27
[2m2026-04-12T20:31:13.902215Z[0m [34mDEBUG[0m [2mmercury::engine::market_actor[0m[2m:[0m Tick received — running arb detection [3mmarket_id[0m[2m=[0m9046452d-bcb3-4bb8-8925-8924b7439992 [3mplatform[0m[2m=[0mPolymarket [3mbid[0m[2m=[0m0.56 [3mask[0m[2m=[0m0.57 [3mmid[0m[2m=[0m0.5650 [3mbid_size[0m[2m=[0m67.5 [3mask_size[0m[2m=[0m155.27
[2m2026-04-12T20:31:13.902333Z[0m [34mDEBUG[0m [2mmercury::engine::market_actor[0m[2m:[0m Tick received — running arb detection [3mmarket_id[0m[2m=[0m631deb8c-fbb4-489e-818e-ae698f57f50b [3mplatform[0m[2m=[0mPolymarket [3mbid[0m[2m=[0m0.62 [3mask[0m[2m=[0m0.63 [3mmid[0m[2m=[0m0.6250 [3mbid_size[0m[2m=[0m32.1 [3mask_size[0m[2m=[0m42
[2m2026-04-12T20:31:13.902472Z[0m [34mDEBUG[0m [2mmercury::engine::market_actor[0m[2m:[0m Tick received — running arb detection [3mmarket_id[0m[2m=[0m9046452d-bcb3-4bb8-8925-8924b7439992 [3mplatform[0m[2m=[0mPolymarket [3mbid[0m[2m=[0m0.56 [3mask[0m[2m=[0m0.57 [3mmid[0m[2m=[0m0.5650 [3mbid_size[0m[2m=[0m67.5 [3mask_size[0m[2m=[0m155.27
[2m2026-04-12T20:31:13.902644Z[0m [34mDEBUG[0m [2mmercury::engine::market_actor[0m[2m:[0m Tick received — running arb detection [3mmarket_id[0m[2m=[0m9046452d-bcb3-4bb8-8925-8924b7439992 [3mplatform[0m[2m=[0mPolymarket [3mbid[0m[2m=[0m0.56 [3mask[0m[2m=[0m0.57 [3mmid[0m[2m=[0m0.5650 [3mbid_size[0m[2m=[0m67.5 [3mask_size[0m[2m=[0m155.27
[2m2026-04-12T20:31:13.902865Z[0m [34mDEBUG[0m [2mmercury::engine::market_actor[0m[2m:[0m Tick received — running arb detection [3mmarket_id[0m[2m=[0m9046452d-bcb3-4bb8-8925-8924b7439992 [3mplatform[0m[2m=[0mPolymarket [3mbid[0m[2m=[0m0.56 [3mask[0m[2m=[0m0.57 [3mmid[0m[2m=[0m0.5650 [3mbid_size[0m[2m=[0m67.5 [3mask_size[0m[2m=[0m155.27
[2m2026-04-12T20:31:13.902880Z[0m [34mDEBUG[0m [2mmercury::engine::market_actor[0m[2m:[0m Tick received — running arb detection [3mmarket_id[0m[2m=[0m631deb8c-fbb4-489e-818e-ae698f57f50b [3mplatform[0m[2m=[0mPolymarket [3mbid[0m[2m=[0m0.62 [3mask[0m[2m=[0m0.63 [3mmid[0m[2m=[0m0.6250 [3mbid_size[0m[2m=[0m32.1 [3mask_size[0m[2m=[0m42
[2m2026-04-12T20:31:13.903145Z[0m [34mDEBUG[0m [2mmercury::engine::market_actor[0m[2m:[0m Tick received — running arb detection [3mmarket_id[0m[2m=[0m631deb8c-fbb4-489e-818e-ae698f57f50b [3mplatform[0m[2m=[0mPolymarket [3mbid[0m[2m=[0m0.62 [3mask[0m[2m=[0m0.63 [3mmid[0m[2m=[0m0.6250 [3mbid_size[0m[2m=[0m32.1 [3mask_size[0m[2m=[0m42
[2m2026-04-12T20:31:13.903279Z[0m [34mDEBUG[0m [2mmercury::engine::market_actor[0m[2m:[0m Tick received — running arb detection [3mmarket_id[0m[2m=[0m631deb8c-fbb4-489e-818e-ae698f57f50b [3mplatform[0m[2m=[0mPolymarket [3mbid[0m[2m=[0m0.62 [3mask[0m[2m=[0m0.63 [3mmid[0m[2m=[0m0.6250 [3mbid_size[0m[2m=[0m32.1 [3mask_size[0m[2m=[0m42
[2m2026-04-12T20:31:13.903433Z[0m [34mDEBUG[0m [2mmercury::engine::market_actor[0m[2m:[0m Tick received — running arb detection [3mmarket_id[0m[2m=[0m9046452d-bcb3-4bb8-8925-8924b7439992 [3mplatform[0m[2m=[0mPolymarket [3mbid[0m[2m=[0m0.56 [3mask[0m[2m=[0m0.57 [3mmid[0m[2m=[0m0.5650 [3mbid_size[0m[2m=[0m67.5 [3mask_size[0m[2m=[0m155.27
[2m2026-04-12T20:31:13.903722Z[0m [34mDEBUG[0m [2mmercury::engine::market_actor[0m[2m:[0m Tick received — running arb detection [3mmarket_id[0m[2m=[0m9046452d-bcb3-4bb8-8925-8924b7439992 [3mplatform[0m[2m=[0mPolymarket [3mbid[0m[2m=[0m0.56 [3mask[0m[2m=[0m0.57 [3mmid[0m[2m=[0m0.5650 [3mbid_size[0m[2m=[0m67.5 [3mask_size[0m[2m=[0m155.27
[2m2026-04-12T20:31:13.903902Z[0m [34mDEBUG[0m [2mmercury::engine::market_actor[0m[2m:[0m Tick received — running arb detection [3mmarket_id[0m[2m=[0m9046452d-bcb3-4bb8-8925-8924b7439992 [3mplatform[0m[2m=[0mPolymarket [3mbid[0m[2m=[0m0.56 [3mask[0m[2m=[0m0.57 [3mmid[0m[2m=[0m0.5650 [3mbid_size[0m[2m=[0m67.5 [3mask_size[0m[2m=[0m155.27
[2m2026-04-12T20:31:13.904054Z[0m [34mDEBUG[0m [2mmercury::engine::market_actor[0m[2m:[0m Tick received — running arb detection [3mmarket_id[0m[2m=[0m631deb8c-fbb4-489e-818e-ae698f57f50b [3mplatform[0m[2m=[0mPolymarket [3mbid[0m[2m=[0m0.62 [3mask[0m[2m=[0m0.63 [3mmid[0m[2m=[0m0.6250 [3mbid_size[0m[2m=[0m27.1 [3mask_size[0m[2m=[0m42
[2m2026-04-12T20:31:13.904099Z[0m [34mDEBUG[0m [2mmercury::engine::market_actor[0m[2m:[0m Tick received — running arb detection [3mmarket_id[0m[2m=[0m9046452d-bcb3-4bb8-8925-8924b7439992 [3mplatform[0m[2m=[0mPolymarket [3mbid[0m[2m=[0m0.56 [3mask[0m[2m=[0m0.57 [3mmid[0m[2m=[0m0.5650 [3mbid_size[0m[2m=[0m67.5 [3mask_size[0m[2m=[0m155.27
[2m2026-04-12T20:31:13.904301Z[0m [34mDEBUG[0m [2mmercury::engine::market_actor[0m[2m:[0m Tick received — running arb detection [3mmarket_id[0m[2m=[0m631deb8c-fbb4-489e-818e-ae698f57f50b [3mplatform[0m[2m=[0mPolymarket [3mbid[0m[2m=[0m0.62 [3mask[0m[2m=[0m0.63 [3mmid[0m[2m=[0m0.6250 [3mbid_size[0m[2m=[0m25 [3mask_size[0m[2m=[0m42
[2m2026-04-12T20:31:13.904328Z[0m [34mDEBUG[0m [2mmercury::engine::market_actor[0m[2m:[0m Tick received — running arb detection [3mmarket_id[0m[2m=[0m9046452d-bcb3-4bb8-8925-8924b7439992 [3mplatform[0m[2m=[0mPolymarket [3mbid[0m[2m=[0m0.56 [3mask[0m[2m=[0m0.57 [3mmid[0m[2m=[0m0.5650 [3mbid_size[0m[2m=[0m67.5 [3mask_size[0m[2m=[0m155.27
[2m2026-04-12T20:31:13.904420Z[0m [34mDEBUG[0m [2mmercury::engine::market_actor[0m[2m:[0m Tick received — running arb detection [3mmarket_id[0m[2m=[0m631deb8c-fbb4-489e-818e-ae698f57f50b [3mplatform[0m[2m=[0mPolymarket [3mbid[0m[2m=[0m0.62 [3mask[0m[2m=[0m0.63 [3mmid[0m[2m=[0m0.6250 [3mbid_size[0m[2m=[0m25 [3mask_size[0m[2m=[0m42
[2m2026-04-12T20:31:13.904548Z[0m [34mDEBUG[0m [2mmercury::engine::market_actor[0m[2m:[0m Tick received — running arb detection [3mmarket_id[0m[2m=[0m9046452d-bcb3-4bb8-8925-8924b7439992 [3mplatform[0m[2m=[0mPolymarket [3mbid[0m[2m=[0m0.56 [3mask[0m[2m=[0m0.57 [3mmid[0m[2m=[0m0.5650 [3mbid_size[0m[2m=[0m67.5 [3mask_size[0m[2m=[0m155.27
[2m2026-04-12T20:31:13.905620Z[0m [34mDEBUG[0m [2mmercury::engine::market_actor[0m[2m:[0m Tick received — running arb detection [3mmarket_id[0m[2m=[0m631deb8c-fbb4-489e-818e-ae698f57f50b [3mplatform[0m[2m=[0mPolymarket [3mbid[0m[2m=[0m0.62 [3mask[0m[2m=[0m0.63 [3mmid[0m[2m=[0m0.6250 [3mbid_size[0m[2m=[0m25 [3mask_size[0m[2m=[0m42
[2m2026-04-12T20:31:13.907604Z[0m [34mDEBUG[0m [2mmercury::engine::market_actor[0m[2m:[0m Tick received — running arb detection [3mmarket_id[0m[2m=[0m631deb8c-fbb4-489e-818e-ae698f57f50b [3mplatform[0m[2m=[0mPolymarket [3mbid[0m[2m=[0m0.62 [3mask[0m[2m=[0m0.63 [3mmid[0m[2m=[0m0.6250 [3mbid_size[0m[2m=[0m25 [3mask_size[0m[2m=[0m42
[2m2026-04-12T20:31:13.907755Z[0m [34mDEBUG[0m [2mmercury::engine::market_actor[0m[2m:[0m Tick received — running arb detection [3mmarket_id[0m[2m=[0m631deb8c-fbb4-489e-818e-ae698f57f50b [3mplatform[0m[2m=[0mPolymarket [3mbid[0m[2m=[0m0.62 [3mask[0m[2m=[0m0.63 [3mmid[0m[2m=[0m0.6250 [3mbid_size[0m[2m=[0m25 [3mask_size[0m[2m=[0m67
[2m2026-04-12T20:31:13.907847Z[0m [34mDEBUG[0m [2mmercury::engine::market_actor[0m[2m:[0m Tick received — running arb detection [3mmarket_id[0m[2m=[0m631deb8c-fbb4-489e-818e-ae698f57f50b [3mplatform[0m[2m=[0mPolymarket [3mbid[0m[2m=[0m0.62 [3mask[0m[2m=[0m0.63 [3mmid[0m[2m=[0m0.6250 [3mbid_size[0m[2m=[0m30 [3mask_size[0m[2m=[0m67
[2m2026-04-12T20:31:13.911691Z[0m [34mDEBUG[0m [2mmercury::engine::market_actor[0m[2m:[0m Tick received — running arb detection [3mmarket_id[0m[2m=[0m631deb8c-fbb4-489e-818e-ae698f57f50b [3mplatform[0m[2m=[0mPolymarket [3mbid[0m[2m=[0m0.62 [3mask[0m[2m=[0m0.63 [3mmid[0m[2m=[0m0.6250 [3mbid_size[0m[2m=[0m30 [3mask_size[0m[2m=[0m67
[2m2026-04-12T20:31:13.911760Z[0m [34mDEBUG[0m [2mmercury::engine::market_actor[0m[2m:[0m Tick received — running arb detection [3mmarket_id[0m[2m=[0m9046452d-bcb3-4bb8-8925-8924b7439992 [3mplatform[0m[2m=[0mPolymarket [3mbid[0m[2m=[0m0.56 [3mask[0m[2m=[0m0.57 [3mmid[0m[2m=[0m0.5650 [3mbid_size[0m[2m=[0m67.5 [3mask_size[0m[2m=[0m155.27
[2m2026-04-12T20:31:13.911776Z[0m [34mDEBUG[0m [2mmercury::engine::market_actor[0m[2m:[0m Tick received — running arb detection [3mmarket_id[0m[2m=[0m2b958b37-9921-40b8-b22d-64a67138ae70 [3mplatform[0m[2m=[0mPolymarket [3mbid[0m[2m=[0m0.52 [3mask[0m[2m=[0m0.57 [3mmid[0m[2m=[0m0.5450 [3mbid_size[0m[2m=[0m11.92 [3mask_size[0m[2m=[0m130
[2m2026-04-12T20:31:13.911930Z[0m [34mDEBUG[0m [2mmercury::engine::market_actor[0m[2m:[0m Tick received — running arb detection [3mmarket_id[0m[2m=[0m631deb8c-fbb4-489e-818e-ae698f57f50b [3mplatform[0m[2m=[0mPolymarket [3mbid[0m[2m=[0m0.62 [3mask[0m[2m=[0m0.63 [3mmid[0m[2m=[0m0.6250 [3mbid_size[0m[2m=[0m30 [3mask_size[0m[2m=[0m67
[2m2026-04-12T20:31:13.917505Z[0m [32m INFO[0m [2mmercury::feeds::discovery[0m[2m:[0m Discovery cycle complete [3mtotal[0m[2m=[0m8 [3mactive[0m[2m=[0m8
[2m2026-04-12T20:31:13.917670Z[0m [32m INFO[0m [2mmercury[0m[2m:[0m Registry updated — new platform added to existing market [3mmarket_id[0m[2m=[0m631deb8c-fbb4-489e-818e-ae698f57f50b [3mtotal_markets[0m[2m=[0m20 [3mtotal_arb_pairs[0m[2m=[0m5
[2m2026-04-12T20:31:13.917733Z[0m [32m INFO[0m [2mmercury[0m[2m:[0m NEW cross-platform market discovered and registered [3mmarket_id[0m[2m=[0ma5a7da9a-b993-4c2a-80bc-cbc1d3c50971 [3mquestion[0m[2m=[0mBitcoin Up or Down - April 12, 4:45PM-5:00PM ET [3mplatforms[0m[2m=[0m[Polymarket] [3mstatus[0m[2m=[0mActive [3mconfidence[0m[2m=[0m1.0
[2m2026-04-12T20:31:14.091298Z[0m [34mDEBUG[0m [2mmercury::feeds::polymarket[0m[2m:[0m Unknown Polymarket event type [3mevent_type[0m[2m=[0mbest_bid_ask
[2m2026-04-12T20:31:14.092125Z[0m [34mDEBUG[0m [2mmercury::feeds::polymarket[0m[2m:[0m Unknown Polymarket event type [3mevent_type[0m[2m=[0mbest_bid_ask
[2m2026-04-12T20:31:14.093195Z[0m [34mDEBUG[0m [2mmercury::feeds::polymarket[0m[2m:[0m Unknown Polymarket event type [3mevent_type[0m[2m=[0mbest_bid_ask
[2m2026-04-12T20:31:14.093879Z[0m [34mDEBUG[0m [2mmercury::feeds::polymarket[0m[2m:[0m Unknown Polymarket event type [3mevent_type[0m[2m=[0mbest_bid_ask
[2m2026-04-12T20:31:14.094361Z[0m [34mDEBUG[0m [2mmercury::feeds::polymarket[0m[2m:[0m Unknown Polymarket event type [3mevent_type[0m[2m=[0mbest_bid_ask
[2m2026-04-12T20:31:14.095158Z[0m [34mDEBUG[0m [2mmercury::feeds::polymarket[0m[2m:[0m Unknown Polymarket event type [3mevent_type[0m[2m=[0mbest_bid_ask
[2m2026-04-12T20:31:14.096968Z[0m [34mDEBUG[0m [2mmercury::feeds::polymarket[0m[2m:[0m Unknown Polymarket event type [3mevent_type[0m[2m=[0mbest_bid_ask
[2m2026-04-12T20:31:14.097270Z[0m [34mDEBUG[0m [2mmercury::feeds::polymarket[0m[2m:[0m Unknown Polymarket event type [3mevent_type[0m[2m=[0mbest_bid_ask
[2m2026-04-12T20:31:14.097957Z[0m [34mDEBUG[0m [2mmercury::feeds::polymarket[0m[2m:[0m Unknown Polymarket event type [3mevent_type[0m[2m=[0mbest_bid_ask
[2m2026-04-12T20:31:14.139486Z[0m [34mDEBUG[0m [2mmercury::feeds::polymarket[0m[2m:[0m Unknown Polymarket event type [3mevent_type[0m[2m=[0mbest_bid_ask
[2m2026-04-12T20:31:14.139994Z[0m [34mDEBUG[0m [2mmercury::feeds::polymarket[0m[2m:[0m Unknown Polymarket event type [3mevent_type[0m[2m=[0mbest_bid_ask
[2m2026-04-12T20:31:14.141572Z[0m [34mDEBUG[0m [2mmercury::feeds::polymarket[0m[2m:[0m Unknown Polymarket event type [3mevent_type[0m[2m=[0mbest_bid_ask
[2m2026-04-12T20:31:14.142520Z[0m [34mDEBUG[0m [2mmercury::feeds::polymarket[0m[2m:[0m Unknown Polymarket event type [3mevent_type[0m[2m=[0mbest_bid_ask
[2m2026-04-12T20:31:14.144597Z[0m [34mDEBUG[0m [2mmercury::feeds::polymarket[0m[2m:[0m Unknown Polymarket event type [3mevent_type[0m[2m=[0mbest_bid_ask
[2m2026-04-12T20:31:14.144981Z[0m [34mDEBUG[0m [2mmercury::feeds::polymarket[0m[2m:[0m Unknown Polymarket event type [3mevent_type[0m[2m=[0mbest_bid_ask
[2m2026-04-12T20:31:14.145661Z[0m [34mDEBUG[0m [2mmercury::feeds::polymarket[0m[2m:[0m Unknown Polymarket event type [3mevent_type[0m[2m=[0mbest_bid_ask
[2m2026-04-12T20:31:14.146604Z[0m [34mDEBUG[0m [2mmercury::feeds::polymarket[0m[2m:[0m Unknown Polymarket event type [3mevent_type[0m[2m=[0mbest_bid_ask
[2m2026-04-12T20:31:14.187625Z[0m [34mDEBUG[0m [2mmercury::feeds::polymarket[0m[2m:[0m Unknown Polymarket event type [3mevent_type[0m[2m=[0mbest_bid_ask
[2m2026-04-12T20:31:14.190307Z[0m [34mDEBUG[0m [2mmercury::feeds::polymarket[0m[2m:[0m Unknown Polymarket event type [3mevent_type[0m[2m=[0mbest_bid_ask
[2m2026-04-12T20:31:14.192152Z[0m [34mDEBUG[0m [2mmercury::feeds::polymarket[0m[2m:[0m Unknown Polymarket event type [3mevent_type[0m[2m=[0mbest_bid_ask
[2m2026-04-12T20:31:14.193181Z[0m [34mDEBUG[0m [2mmercury::feeds::polymarket[0m[2m:[0m Unknown Polymarket event type [3mevent_type[0m[2m=[0mbest_bid_ask
[2m2026-04-12T20:31:14.194617Z[0m [34mDEBUG[0m [2mmercury::feeds::polymarket[0m[2m:[0m Unknown Polymarket event type [3mevent_type[0m[2m=[0mbest_bid_ask
[2m2026-04-12T20:31:14.195525Z[0m [34mDEBUG[0m [2mmercury::feeds::polymarket[0m[2m:[0m Unknown Polymarket event type [3mevent_type[0m[2m=[0mbest_bid_ask
[2m2026-04-12T20:31:14.199432Z[0m [34mDEBUG[0m [2mmercury::feeds::polymarket[0m[2m:[0m Unknown Polymarket event type [3mevent_type[0m[2m=[0mbest_bid_ask
[2m2026-04-12T20:31:14.200638Z[0m [34mDEBUG[0m [2mmercury::feeds::polymarket[0m[2m:[0m Unknown Polymarket event type [3mevent_type[0m[2m=[0mbest_bid_ask
[2m2026-04-12T20:31:14.204176Z[0m [34mDEBUG[0m [2mmercury::feeds::polymarket[0m[2m:[0m Unknown Polymarket event type [3mevent_type[0m[2m=[0mbest_bid_ask
[2m2026-04-12T20:31:14.218823Z[0m [34mDEBUG[0m [2mmercury::feeds::polymarket[0m[2m:[0m Unknown Polymarket event type [3mevent_type[0m[2m=[0mbest_bid_ask
[2m2026-04-12T20:31:14.223838Z[0m [34mDEBUG[0m [2mmercury::feeds::polymarket[0m[2m:[0m Unknown Polymarket event type [3mevent_type[0m[2m=[0mbest_bid_ask
[2m2026-04-12T20:31:14.244871Z[0m [34mDEBUG[0m [2mmercury::feeds::polymarket[0m[2m:[0m Unknown Polymarket event type [3mevent_type[0m[2m=[0mbest_bid_ask
[2m2026-04-12T20:31:14.245309Z[0m [34mDEBUG[0m [2mmercury::feeds::polymarket[0m[2m:[0m Unknown Polymarket event type [3mevent_type[0m[2m=[0mbest_bid_ask
[2m2026-04-12T20:31:14.273606Z[0m [34mDEBUG[0m [2mmercury::feeds::polymarket[0m[2m:[0m Unknown Polymarket event type [3mevent_type[0m[2m=[0mbest_bid_ask
[2m2026-04-12T20:31:14.343706Z[0m [34mDEBUG[0m [2mmercury::feeds::polymarket[0m[2m:[0m Unknown Polymarket event type [3mevent_type[0m[2m=[0mbest_bid_ask
[2m2026-04-12T20:31:14.344840Z[0m [34mDEBUG[0m [2mmercury::feeds::polymarket[0m[2m:[0m Unknown Polymarket event type [3mevent_type[0m[2m=[0mbest_bid_ask
[2m2026-04-12T20:31:14.346847Z[0m [34mDEBUG[0m [2mmercury::feeds::polymarket[0m[2m:[0m Unknown Polymarket event type [3mevent_type[0m[2m=[0mbest_bid_ask
[2m2026-04-12T20:31:14.347855Z[0m [34mDEBUG[0m [2mmercury::feeds::polymarket[0m[2m:[0m Unknown Polymarket event type [3mevent_type[0m[2m=[0mbest_bid_ask
[2m2026-04-12T20:31:14.348760Z[0m [34mDEBUG[0m [2mmercury::feeds::polymarket[0m[2m:[0m Unknown Polymarket event type [3mevent_type[0m[2m=[0mbest_bid_ask
[2m2026-04-12T20:31:14.349789Z[0m [34mDEBUG[0m [2mmercury::feeds::polymarket[0m[2m:[0m Unknown Polymarket event type [3mevent_type[0m[2m=[0mbest_bid_ask
[2m2026-04-12T20:31:14.392971Z[0m [34mDEBUG[0m [2mmercury::feeds::polymarket[0m[2m:[0m Unknown Polymarket event type [3mevent_type[0m[2m=[0mbest_bid_ask
[2m2026-04-12T20:31:14.650280Z[0m [34mDEBUG[0m [2mmercury::feeds::polymarket[0m[2m:[0m Unknown Polymarket event type [3mevent_type[0m[2m=[0mbest_bid_ask
[2m2026-04-12T20:31:15.468904Z[0m [34mDEBUG[0m [2mmercury::feeds::polymarket[0m[2m:[0m Unknown Polymarket event type [3mevent_type[0m[2m=[0mbest_bid_ask
[2m2026-04-12T20:31:15.833700Z[0m [34mDEBUG[0m [2mmercury::feeds::polymarket[0m[2m:[0m Unknown Polymarket event type [3mevent_type[0m[2m=[0mbest_bid_ask
