   Compiling mercury v0.1.0 (/Users/isaacvalerianomuniz/MERCURY)
warning: unused import: `Timelike`
  --> src/feeds/discovery.rs:39:29
   |
39 | use chrono::{DateTime, Utc, Timelike};
   |                             ^^^^^^^^
   |
   = note: `#[warn(unused_imports)]` (part of `#[warn(unused)]`) on by default

warning: `mercury` (lib) generated 1 warning (run `cargo fix --lib -p mercury` to apply 1 suggestion)
    Finished `dev` profile [unoptimized + debuginfo] target(s) in 6.08s
     Running `target/debug/mercury --dry-run -c config/dry_run.yaml`
[2m2026-04-12T20:32:11.001731Z[0m [32m INFO[0m [2mmercury[0m[2m:[0m MERCURY v0.1.0 starting...
[2m2026-04-12T20:32:11.001880Z[0m [32m INFO[0m [2mmercury[0m[2m:[0m Configuration loaded
[2m2026-04-12T20:32:11.002144Z[0m [32m INFO[0m [2mmercury[0m[2m:[0m Secure environment injected from .env
[2m2026-04-12T20:32:11.002187Z[0m [32m INFO[0m [2mmercury[0m[2m:[0m Executing Ahead-of-Time (AOT) pre-flight checks...
[2m2026-04-12T20:32:11.799827Z[0m [32m INFO[0m [2mmercury[0m[2m:[0m All AOT pre-flight checks passed successfully.
[2m2026-04-12T20:32:11.799984Z[0m [32m INFO[0m [2mmercury[0m[2m:[0m All pre-flight checks passed.
[2m2026-04-12T20:32:11.805095Z[0m [32m INFO[0m [2mmercury::db::sqlite[0m[2m:[0m Database schema version validated: 2
[2m2026-04-12T20:32:11.805363Z[0m [32m INFO[0m [2mmercury[0m[2m:[0m Database initialized via SQLx
[2m2026-04-12T20:32:11.813833Z[0m [32m INFO[0m [2mmercury[0m[2m:[0m Telegram alerts enabled (MERCURY_NOTIFICATION bot)
[2m2026-04-12T20:32:11.813897Z[0m [32m INFO[0m [2mmercury::telegram::alerts[0m[2m:[0m Telegram alert service started
[2m2026-04-12T20:32:11.813980Z[0m [32m INFO[0m [2mmercury[0m[2m:[0m Telegram daily reports & command polling enabled (MERCURY_DAILYBOT)
[2m2026-04-12T20:32:11.814011Z[0m [32m INFO[0m [2mmercury::telegram::reports[0m[2m:[0m Telegram report & command service started
[2m2026-04-12T20:32:11.814467Z[0m [32m INFO[0m [2mmercury[0m[2m:[0m Recovered circuit breaker state from 0 recent trades
[2m2026-04-12T20:32:11.814830Z[0m [32m INFO[0m [2mmercury::risk::bankroll[0m[2m:[0m Bankroll state restored from DB [3mcumulative_profit[0m[2m=[0m0
[2m2026-04-12T20:32:11.815923Z[0m [32m INFO[0m [2mmercury::crypto::eip712[0m[2m:[0m Polymarket signer initialized [3maddress[0m[2m=[0m0x450760C560721D88205bAcc242523f18838A7dfe [3mchain_id[0m[2m=[0m137
[2m2026-04-12T20:32:11.816051Z[0m [32m INFO[0m [2mmercury[0m[2m:[0m Polymarket client initialized [3maddress[0m[2m=[0m0x450760C560721D88205bAcc242523f18838A7dfe
[2m2026-04-12T20:32:11.818020Z[0m [32m INFO[0m [2mmercury::crypto::jwt[0m[2m:[0m Kalshi auth initialized [3mapi_key_id[0m[2m=[0m88a3b3aa-8fb9-4ecd-ab56-1c642d32ed51
[2m2026-04-12T20:32:11.818086Z[0m [32m INFO[0m [2mmercury[0m[2m:[0m Kalshi client initialized
[2m2026-04-12T20:32:11.818159Z[0m [32m INFO[0m [2mmercury[0m[2m:[0m Polymarket execution: ENABLED
[2m2026-04-12T20:32:11.818208Z[0m [32m INFO[0m [2mmercury[0m[2m:[0m Kalshi execution: ENABLED
[2m2026-04-12T20:32:11.818318Z[0m [32m INFO[0m [2mmercury::execution::executor[0m[2m:[0m Execution engine started
[2m2026-04-12T20:32:11.818354Z[0m [32m INFO[0m [2mmercury::inventory::positions[0m[2m:[0m Position tracker started
[2m2026-04-12T20:32:11.818402Z[0m [32m INFO[0m [2mmercury::inventory::settlement[0m[2m:[0m Settlement monitor started
[2m2026-04-12T20:32:11.818428Z[0m [32m INFO[0m [2mmercury::inventory::unwind_watchdog[0m[2m:[0m Unwind watchdog started
[2m2026-04-12T20:32:11.818406Z[0m [32m INFO[0m [2mmercury::inventory::reconciler[0m[2m:[0m Reconciler started [3minterval_secs[0m[2m=[0m60
[2m2026-04-12T20:32:11.818490Z[0m [32m INFO[0m [2mmercury::monitoring::backup[0m[2m:[0m DB backup task started [3minterval_secs[0m[2m=[0m21600 [3mdir[0m[2m=[0mbackups
[2m2026-04-12T20:32:11.818497Z[0m [32m INFO[0m [2mmercury::monitoring::health[0m[2m:[0m Health + Prometheus metrics server listening [3maddr[0m[2m=[0m"127.0.0.1:9091"
[2m2026-04-12T20:32:11.818496Z[0m [32m INFO[0m [2mmercury::monitoring::gas_oracle[0m[2m:[0m Gas oracle started (first fetch is immediate) [3minterval_secs[0m[2m=[0m15 [3mrpc_url[0m[2m=[0mhttps://rpc.ankr.com/polygon
[2m2026-04-12T20:32:11.820087Z[0m [32m INFO[0m [2mmercury::crypto::jwt[0m[2m:[0m Kalshi auth initialized [3mapi_key_id[0m[2m=[0m88a3b3aa-8fb9-4ecd-ab56-1c642d32ed51
[2m2026-04-12T20:32:11.820230Z[0m [32m INFO[0m [2mmercury::feeds::discovery[0m[2m:[0m Market discovery started [3minterval_secs[0m[2m=[0m30
[2m2026-04-12T20:32:11.820320Z[0m [32m INFO[0m [2mmercury[0m[2m:[0m Config hot-reload watcher active on config/dry_run.yaml
[2m2026-04-12T20:32:11.824252Z[0m [32m INFO[0m [2mmercury::feeds::base[0m[2m:[0m Connecting feed handler [3mplatform[0m[2m=[0mPolymarket
[2m2026-04-12T20:32:11.824353Z[0m [32m INFO[0m [2mmercury::feeds::polymarket[0m[2m:[0m Connecting to Polymarket WebSocket [3murl[0m[2m=[0m"wss://ws-subscriptions-clob.polymarket.com/ws/market"
[2m2026-04-12T20:32:11.825838Z[0m [32m INFO[0m [2mmercury::crypto::jwt[0m[2m:[0m Kalshi auth initialized [3mapi_key_id[0m[2m=[0m88a3b3aa-8fb9-4ecd-ab56-1c642d32ed51
[2m2026-04-12T20:32:11.826254Z[0m [32m INFO[0m [2mmercury::monitoring::backup[0m[2m:[0m Database backup completed [3mpath[0m[2m=[0m/Users/isaacvalerianomuniz/MERCURY/backups/mercury_backup_20260412_203211.db
[2m2026-04-12T20:32:11.826929Z[0m [32m INFO[0m [2mmercury::monitoring::backup[0m[2m:[0m Pruned old backup [3mpath[0m[2m=[0m"backups/mercury_backup_20260412_200539.db"
[2m2026-04-12T20:32:11.827011Z[0m [32m INFO[0m [2mmercury::feeds::base[0m[2m:[0m Connecting feed handler [3mplatform[0m[2m=[0mKalshi
[2m2026-04-12T20:32:11.827012Z[0m [32m INFO[0m [2mmercury[0m[2m:[0m All subsystems initialized. MERCURY engine running. Press Ctrl+C to shutdown.
[2m2026-04-12T20:32:11.827090Z[0m [32m INFO[0m [2mmercury::feeds::kalshi[0m[2m:[0m Connecting to Kalshi WebSocket: wss://api.elections.kalshi.com/trade-api/ws/v2
[2m2026-04-12T20:32:11.827306Z[0m [32m INFO[0m [2mmercury[0m[2m:[0m Daily report scheduled [3mdelay_secs[0m[2m=[0m1668 [3mhour_utc[0m[2m=[0m21
[2m2026-04-12T20:32:11.828487Z[0m [32m INFO[0m [2mmercury[0m[2m:[0m Seeded market registry from DB [3mcount[0m[2m=[0m25
[2m2026-04-12T20:32:11.828637Z[0m [32m INFO[0m [2mmercury[0m[2m:[0m Feed connected — Arbs involving platform restored [3mplatform[0m[2m=[0mPolymarket
[2m2026-04-12T20:32:11.828734Z[0m [32m INFO[0m [2mmercury[0m[2m:[0m Evicted stale/expired markets from registry [3mcount[0m[2m=[0m4
[2m2026-04-12T20:32:11.829341Z[0m [32m INFO[0m [2mmercury[0m[2m:[0m === MERCURY STATUS === [3mregistered_markets[0m[2m=[0m21 [3marb_pairs[0m[2m=[0m5 [3mactive_actors[0m[2m=[0m0 [3mopen_positions[0m[2m=[0m0 [3min_flight_trades[0m[2m=[0m0 [3mbankroll[0m[2m=[0m10000.00 [3mdaily_pnl[0m[2m=[0m0 [3mopps_detected[0m[2m=[0m0 [3mopps_passed[0m[2m=[0m0 [3mgate1_below_spread[0m[2m=[0m0 [3mgate2_low_liquidity[0m[2m=[0m0 [3mgate3_stale_data[0m[2m=[0m0 [3mgate4_low_confidence[0m[2m=[0m0 [3mgate5_capacity[0m[2m=[0m0
[2m2026-04-12T20:32:11.829457Z[0m [33m WARN[0m [2mmercury[0m[2m:[0m No active MarketActors — feeds have not sent any ticks yet. Check WebSocket connections. [3mregistered_markets[0m[2m=[0m21
[2m2026-04-12T20:32:11.829539Z[0m [32m INFO[0m [2mmercury[0m[2m:[0m Feed connected — Arbs involving platform restored [3mplatform[0m[2m=[0mKalshi
[2m2026-04-12T20:32:12.451127Z[0m [32m INFO[0m [2mmercury::monitoring::gas_oracle[0m[2m:[0m Polygon gas price updated [3mgwei[0m[2m=[0m145 [3mprev_gwei[0m[2m=[0m50
[2m2026-04-12T20:32:12.614582Z[0m [32m INFO[0m [2mmercury::inventory::reconciler[0m[2m:[0m Reconciliation complete [3mopen_positions[0m[2m=[0m0 [3mtotal_position_value[0m[2m=[0m0
[2m2026-04-12T20:32:12.989028Z[0m [32m INFO[0m [2mmercury::monitoring::gas_oracle[0m[2m:[0m MATIC/USD price updated [3mmatic_usd[0m[2m=[0m0.10 [3mprev[0m[2m=[0m0.50
[2m2026-04-12T20:32:12.989260Z[0m [32m INFO[0m [2mmercury::feeds::discovery[0m[2m:[0m 15m crypto round matched [3masset[0m[2m=[0mbtc [3mround_start[0m[2m=[0m1776025800 [3mpoly[0m[2m=[0mtrue [3mkalshi[0m[2m=[0mtrue
[2m2026-04-12T20:32:12.989347Z[0m [34mDEBUG[0m [2mmercury[0m[2m:[0m Gas parameters updated [3mgwei[0m[2m=[0m145 [3mmatic_usd[0m[2m=[0m0.10
[2m2026-04-12T20:32:13.041892Z[0m [32m INFO[0m [2mmercury::feeds::kalshi[0m[2m:[0m Subscribed to Kalshi markets [3mcount[0m[2m=[0m9
[2m2026-04-12T20:32:13.156914Z[0m [32m INFO[0m [2mmercury[0m[2m:[0m First tick for market — spawning MarketActor [3mmarket_id[0m[2m=[0m631deb8c-fbb4-489e-818e-ae698f57f50b [3mplatform[0m[2m=[0mKalshi [3mactive_actors[0m[2m=[0m1
[2m2026-04-12T20:32:13.157125Z[0m [33m WARN[0m [2mmercury::feeds::kalshi[0m[2m:[0m Kalshi sequence gap for KXBTC15M-26APR121645-45: expected 4, got 10. Book may be out of sync.
[2m2026-04-12T20:32:13.157222Z[0m [34mDEBUG[0m [2mmercury::engine::market_actor[0m[2m:[0m MarketActor started [3mmarket_id[0m[2m=[0m631deb8c-fbb4-489e-818e-ae698f57f50b
[2m2026-04-12T20:32:13.157369Z[0m [34mDEBUG[0m [2mmercury::engine::market_actor[0m[2m:[0m Tick received — running arb detection [3mmarket_id[0m[2m=[0m631deb8c-fbb4-489e-818e-ae698f57f50b [3mplatform[0m[2m=[0mKalshi [3mbid[0m[2m=[0m0.5400 [3mask[0m[2m=[0m0.5600 [3mmid[0m[2m=[0m0.5500 [3mbid_size[0m[2m=[0m1027.25 [3mask_size[0m[2m=[0m102.23
[2m2026-04-12T20:32:13.157614Z[0m [34mDEBUG[0m [2mmercury::engine::market_actor[0m[2m:[0m Tick received — running arb detection [3mmarket_id[0m[2m=[0m631deb8c-fbb4-489e-818e-ae698f57f50b [3mplatform[0m[2m=[0mKalshi [3mbid[0m[2m=[0m0.5400 [3mask[0m[2m=[0m0.5600 [3mmid[0m[2m=[0m0.5500 [3mbid_size[0m[2m=[0m1029.01 [3mask_size[0m[2m=[0m102.23
[2m2026-04-12T20:32:13.190321Z[0m [34mDEBUG[0m [2mmercury::engine::market_actor[0m[2m:[0m Tick received — running arb detection [3mmarket_id[0m[2m=[0m631deb8c-fbb4-489e-818e-ae698f57f50b [3mplatform[0m[2m=[0mKalshi [3mbid[0m[2m=[0m0.5400 [3mask[0m[2m=[0m0.5600 [3mmid[0m[2m=[0m0.5500 [3mbid_size[0m[2m=[0m1029.01 [3mask_size[0m[2m=[0m102.23
[2m2026-04-12T20:32:13.190689Z[0m [34mDEBUG[0m [2mmercury::feeds::discovery[0m[2m:[0m No Kalshi 15m market found for this round [3masset[0m[2m=[0m"btc" [3mround_start_ts[0m[2m=[0m1776026700 [3mtarget_close[0m[2m=[0m1776027600
[2m2026-04-12T20:32:13.190742Z[0m [34mDEBUG[0m [2mmercury::engine::market_actor[0m[2m:[0m Tick received — running arb detection [3mmarket_id[0m[2m=[0m631deb8c-fbb4-489e-818e-ae698f57f50b [3mplatform[0m[2m=[0mKalshi [3mbid[0m[2m=[0m0.5400 [3mask[0m[2m=[0m0.5600 [3mmid[0m[2m=[0m0.5500 [3mbid_size[0m[2m=[0m1029.01 [3mask_size[0m[2m=[0m102.23
[2m2026-04-12T20:32:13.190952Z[0m [32m INFO[0m [2mmercury::feeds::discovery[0m[2m:[0m 15m crypto round matched [3masset[0m[2m=[0mbtc [3mround_start[0m[2m=[0m1776026700 [3mpoly[0m[2m=[0mtrue [3mkalshi[0m[2m=[0mfalse
[2m2026-04-12T20:32:13.224351Z[0m [34mDEBUG[0m [2mmercury::engine::market_actor[0m[2m:[0m Tick received — running arb detection [3mmarket_id[0m[2m=[0m631deb8c-fbb4-489e-818e-ae698f57f50b [3mplatform[0m[2m=[0mKalshi [3mbid[0m[2m=[0m0.5400 [3mask[0m[2m=[0m0.5600 [3mmid[0m[2m=[0m0.5500 [3mbid_size[0m[2m=[0m1029.01 [3mask_size[0m[2m=[0m102.23
[2m2026-04-12T20:32:13.224642Z[0m [34mDEBUG[0m [2mmercury::engine::market_actor[0m[2m:[0m Tick received — running arb detection [3mmarket_id[0m[2m=[0m631deb8c-fbb4-489e-818e-ae698f57f50b [3mplatform[0m[2m=[0mKalshi [3mbid[0m[2m=[0m0.5400 [3mask[0m[2m=[0m0.5600 [3mmid[0m[2m=[0m0.5500 [3mbid_size[0m[2m=[0m1029.01 [3mask_size[0m[2m=[0m102.23
[2m2026-04-12T20:32:13.238031Z[0m [34mDEBUG[0m [2mmercury::engine::market_actor[0m[2m:[0m Tick received — running arb detection [3mmarket_id[0m[2m=[0m631deb8c-fbb4-489e-818e-ae698f57f50b [3mplatform[0m[2m=[0mKalshi [3mbid[0m[2m=[0m0.5400 [3mask[0m[2m=[0m0.5600 [3mmid[0m[2m=[0m0.5500 [3mbid_size[0m[2m=[0m1029.01 [3mask_size[0m[2m=[0m102.23
[2m2026-04-12T20:32:13.238408Z[0m [34mDEBUG[0m [2mmercury::engine::market_actor[0m[2m:[0m Tick received — running arb detection [3mmarket_id[0m[2m=[0m631deb8c-fbb4-489e-818e-ae698f57f50b [3mplatform[0m[2m=[0mKalshi [3mbid[0m[2m=[0m0.5400 [3mask[0m[2m=[0m0.5600 [3mmid[0m[2m=[0m0.5500 [3mbid_size[0m[2m=[0m1029.01 [3mask_size[0m[2m=[0m102.23
[2m2026-04-12T20:32:13.238713Z[0m [34mDEBUG[0m [2mmercury::engine::market_actor[0m[2m:[0m Tick received — running arb detection [3mmarket_id[0m[2m=[0m631deb8c-fbb4-489e-818e-ae698f57f50b [3mplatform[0m[2m=[0mKalshi [3mbid[0m[2m=[0m0.5400 [3mask[0m[2m=[0m0.5600 [3mmid[0m[2m=[0m0.5500 [3mbid_size[0m[2m=[0m1030.77 [3mask_size[0m[2m=[0m102.23
[2m2026-04-12T20:32:13.278678Z[0m [34mDEBUG[0m [2mmercury::engine::market_actor[0m[2m:[0m Tick received — running arb detection [3mmarket_id[0m[2m=[0m631deb8c-fbb4-489e-818e-ae698f57f50b [3mplatform[0m[2m=[0mKalshi [3mbid[0m[2m=[0m0.5400 [3mask[0m[2m=[0m0.5600 [3mmid[0m[2m=[0m0.5500 [3mbid_size[0m[2m=[0m1030.77 [3mask_size[0m[2m=[0m102.23
[2m2026-04-12T20:32:13.291607Z[0m [34mDEBUG[0m [2mmercury::engine::market_actor[0m[2m:[0m Tick received — running arb detection [3mmarket_id[0m[2m=[0m631deb8c-fbb4-489e-818e-ae698f57f50b [3mplatform[0m[2m=[0mKalshi [3mbid[0m[2m=[0m0.5400 [3mask[0m[2m=[0m0.5600 [3mmid[0m[2m=[0m0.5500 [3mbid_size[0m[2m=[0m1020.30 [3mask_size[0m[2m=[0m102.23
[2m2026-04-12T20:32:13.292015Z[0m [34mDEBUG[0m [2mmercury::engine::market_actor[0m[2m:[0m Tick received — running arb detection [3mmarket_id[0m[2m=[0m631deb8c-fbb4-489e-818e-ae698f57f50b [3mplatform[0m[2m=[0mKalshi [3mbid[0m[2m=[0m0.5400 [3mask[0m[2m=[0m0.5600 [3mmid[0m[2m=[0m0.5500 [3mbid_size[0m[2m=[0m1020.30 [3mask_size[0m[2m=[0m102.23
[2m2026-04-12T20:32:13.307763Z[0m [34mDEBUG[0m [2mmercury::engine::market_actor[0m[2m:[0m Tick received — running arb detection [3mmarket_id[0m[2m=[0m631deb8c-fbb4-489e-818e-ae698f57f50b [3mplatform[0m[2m=[0mKalshi [3mbid[0m[2m=[0m0.5400 [3mask[0m[2m=[0m0.5600 [3mmid[0m[2m=[0m0.5500 [3mbid_size[0m[2m=[0m1020.30 [3mask_size[0m[2m=[0m102.23
[2m2026-04-12T20:32:13.340103Z[0m [32m INFO[0m [2mmercury::feeds::polymarket[0m[2m:[0m Subscribed to Polymarket markets [3mcount[0m[2m=[0m25
[2m2026-04-12T20:32:13.457583Z[0m [32m INFO[0m [2mmercury::feeds::discovery[0m[2m:[0m 15m crypto round matched [3masset[0m[2m=[0meth [3mround_start[0m[2m=[0m1776025800 [3mpoly[0m[2m=[0mtrue [3mkalshi[0m[2m=[0mtrue
[2m2026-04-12T20:32:13.485965Z[0m [32m INFO[0m [2mmercury[0m[2m:[0m First tick for market — spawning MarketActor [3mmarket_id[0m[2m=[0m79e1f598-7189-438f-a66e-b184b04be477 [3mplatform[0m[2m=[0mPolymarket [3mactive_actors[0m[2m=[0m2
[2m2026-04-12T20:32:13.486226Z[0m [32m INFO[0m [2mmercury[0m[2m:[0m First tick for market — spawning MarketActor [3mmarket_id[0m[2m=[0m39a28b31-a7f7-4e16-b2f1-1e1948be289c [3mplatform[0m[2m=[0mPolymarket [3mactive_actors[0m[2m=[0m3
[2m2026-04-12T20:32:13.486232Z[0m [34mDEBUG[0m [2mmercury::engine::market_actor[0m[2m:[0m MarketActor started [3mmarket_id[0m[2m=[0m79e1f598-7189-438f-a66e-b184b04be477
[2m2026-04-12T20:32:13.486300Z[0m [34mDEBUG[0m [2mmercury::engine::market_actor[0m[2m:[0m Tick received — running arb detection [3mmarket_id[0m[2m=[0m631deb8c-fbb4-489e-818e-ae698f57f50b [3mplatform[0m[2m=[0mPolymarket [3mbid[0m[2m=[0m0.6 [3mask[0m[2m=[0m0.61 [3mmid[0m[2m=[0m0.6050 [3mbid_size[0m[2m=[0m93.89 [3mask_size[0m[2m=[0m5
[2m2026-04-12T20:32:13.486390Z[0m [34mDEBUG[0m [2mmercury::engine::market_actor[0m[2m:[0m MarketActor started [3mmarket_id[0m[2m=[0m39a28b31-a7f7-4e16-b2f1-1e1948be289c
[2m2026-04-12T20:32:13.486380Z[0m [34mDEBUG[0m [2mmercury::engine::market_actor[0m[2m:[0m Tick received — running arb detection [3mmarket_id[0m[2m=[0m79e1f598-7189-438f-a66e-b184b04be477 [3mplatform[0m[2m=[0mPolymarket [3mbid[0m[2m=[0m0.45 [3mask[0m[2m=[0m0.46 [3mmid[0m[2m=[0m0.4550 [3mbid_size[0m[2m=[0m16.67 [3mask_size[0m[2m=[0m52.2
[2m2026-04-12T20:32:13.486403Z[0m [32m INFO[0m [2mmercury[0m[2m:[0m First tick for market — spawning MarketActor [3mmarket_id[0m[2m=[0ma5a7da9a-b993-4c2a-80bc-cbc1d3c50971 [3mplatform[0m[2m=[0mPolymarket [3mactive_actors[0m[2m=[0m4
[2m2026-04-12T20:32:13.486491Z[0m [34mDEBUG[0m [2mmercury::engine::spread[0m[2m:[0m Evaluated spread direction 2 [3mmarket_id[0m[2m=[0m631deb8c-fbb4-489e-818e-ae698f57f50b [3mdirection[0m[2m=[0m"NO-A/YES-B" [3mraw_spread[0m[2m=[0m-0.0700 [3mbid_a[0m[2m=[0m0.5400 [3mask_b[0m[2m=[0m0.61
[2m2026-04-12T20:32:13.486518Z[0m [34mDEBUG[0m [2mmercury::engine::market_actor[0m[2m:[0m Tick received — running arb detection [3mmarket_id[0m[2m=[0m39a28b31-a7f7-4e16-b2f1-1e1948be289c [3mplatform[0m[2m=[0mPolymarket [3mbid[0m[2m=[0m0.999 [3mask[0m[2m=[0m0 [3mmid[0m[2m=[0m0.999 [3mbid_size[0m[2m=[0m201280.32 [3mask_size[0m[2m=[0m0
[2m2026-04-12T20:32:13.486645Z[0m [34mDEBUG[0m [2mmercury::engine::market_actor[0m[2m:[0m MarketActor started [3mmarket_id[0m[2m=[0ma5a7da9a-b993-4c2a-80bc-cbc1d3c50971
[2m2026-04-12T20:32:13.486673Z[0m [32m INFO[0m [2mmercury[0m[2m:[0m First tick for market — spawning MarketActor [3mmarket_id[0m[2m=[0m2b958b37-9921-40b8-b22d-64a67138ae70 [3mplatform[0m[2m=[0mPolymarket [3mactive_actors[0m[2m=[0m5
[2m2026-04-12T20:32:13.486700Z[0m [32m INFO[0m [2mmercury::engine::detector[0m[2m:[0m ARB OPPORTUNITY DETECTED — passing to execution pipeline [3mmarket_id[0m[2m=[0m631deb8c-fbb4-489e-818e-ae698f57f50b [3mnet_spread[0m[2m=[0m0.0268829169519710456813068571 [3mraw_spread[0m[2m=[0m0.0400 [3mscore[0m[2m=[0m0.1221055391664068143991828042 [3mleg_a[0m[2m=[0mKalshi [3mleg_b[0m[2m=[0mPolymarket [3mleg_a_price[0m[2m=[0m0.5600 [3mleg_b_price[0m[2m=[0m0.4 [3mavailable_size[0m[2m=[0m93.89
[2m2026-04-12T20:32:13.486735Z[0m [34mDEBUG[0m [2mmercury::engine::market_actor[0m[2m:[0m Tick received — running arb detection [3mmarket_id[0m[2m=[0ma5a7da9a-b993-4c2a-80bc-cbc1d3c50971 [3mplatform[0m[2m=[0mPolymarket [3mbid[0m[2m=[0m0.49 [3mask[0m[2m=[0m0.5 [3mmid[0m[2m=[0m0.4950 [3mbid_size[0m[2m=[0m489.41 [3mask_size[0m[2m=[0m4406.05
[2m2026-04-12T20:32:13.486807Z[0m [34mDEBUG[0m [2mmercury::engine::market_actor[0m[2m:[0m MarketActor started [3mmarket_id[0m[2m=[0m2b958b37-9921-40b8-b22d-64a67138ae70
[2m2026-04-12T20:32:13.486850Z[0m [32m INFO[0m [2mmercury[0m[2m:[0m First tick for market — spawning MarketActor [3mmarket_id[0m[2m=[0m9046452d-bcb3-4bb8-8925-8924b7439992 [3mplatform[0m[2m=[0mPolymarket [3mactive_actors[0m[2m=[0m6
[2m2026-04-12T20:32:13.486903Z[0m [34mDEBUG[0m [2mmercury::engine::market_actor[0m[2m:[0m Tick received — running arb detection [3mmarket_id[0m[2m=[0m2b958b37-9921-40b8-b22d-64a67138ae70 [3mplatform[0m[2m=[0mPolymarket [3mbid[0m[2m=[0m0.59 [3mask[0m[2m=[0m0.61 [3mmid[0m[2m=[0m0.60 [3mbid_size[0m[2m=[0m12.12 [3mask_size[0m[2m=[0m12.21
[2m2026-04-12T20:32:13.486908Z[0m [34mDEBUG[0m [2mmercury::engine::market_actor[0m[2m:[0m Tick received — running arb detection [3mmarket_id[0m[2m=[0m631deb8c-fbb4-489e-818e-ae698f57f50b [3mplatform[0m[2m=[0mKalshi [3mbid[0m[2m=[0m0.5400 [3mask[0m[2m=[0m0.5600 [3mmid[0m[2m=[0m0.5500 [3mbid_size[0m[2m=[0m1020.30 [3mask_size[0m[2m=[0m102.23
[2m2026-04-12T20:32:13.486954Z[0m [34mDEBUG[0m [2mmercury::engine::market_actor[0m[2m:[0m MarketActor started [3mmarket_id[0m[2m=[0m9046452d-bcb3-4bb8-8925-8924b7439992
[2m2026-04-12T20:32:13.487098Z[0m [34mDEBUG[0m [2mmercury::engine::spread[0m[2m:[0m Evaluated spread direction 2 [3mmarket_id[0m[2m=[0m631deb8c-fbb4-489e-818e-ae698f57f50b [3mdirection[0m[2m=[0m"NO-A/YES-B" [3mraw_spread[0m[2m=[0m-0.0700 [3mbid_a[0m[2m=[0m0.5400 [3mask_b[0m[2m=[0m0.61
[2m2026-04-12T20:32:13.487101Z[0m [34mDEBUG[0m [2mmercury::engine::market_actor[0m[2m:[0m Tick received — running arb detection [3mmarket_id[0m[2m=[0m9046452d-bcb3-4bb8-8925-8924b7439992 [3mplatform[0m[2m=[0mPolymarket [3mbid[0m[2m=[0m0.49 [3mask[0m[2m=[0m0.5 [3mmid[0m[2m=[0m0.4950 [3mbid_size[0m[2m=[0m25.2 [3mask_size[0m[2m=[0m116.55
[2m2026-04-12T20:32:13.487256Z[0m [32m INFO[0m [2mmercury::engine::detector[0m[2m:[0m ARB OPPORTUNITY DETECTED — passing to execution pipeline [3mmarket_id[0m[2m=[0m631deb8c-fbb4-489e-818e-ae698f57f50b [3mnet_spread[0m[2m=[0m0.0268829169519710456813068571 [3mraw_spread[0m[2m=[0m0.0400 [3mscore[0m[2m=[0m0.1221055391664068143991828042 [3mleg_a[0m[2m=[0mKalshi [3mleg_b[0m[2m=[0mPolymarket [3mleg_a_price[0m[2m=[0m0.5600 [3mleg_b_price[0m[2m=[0m0.4 [3mavailable_size[0m[2m=[0m93.89
[2m2026-04-12T20:32:13.487454Z[0m [34mDEBUG[0m [2mmercury::engine::market_actor[0m[2m:[0m Tick received — running arb detection [3mmarket_id[0m[2m=[0m631deb8c-fbb4-489e-818e-ae698f57f50b [3mplatform[0m[2m=[0mKalshi [3mbid[0m[2m=[0m0.5400 [3mask[0m[2m=[0m0.5600 [3mmid[0m[2m=[0m0.5500 [3mbid_size[0m[2m=[0m1018.54 [3mask_size[0m[2m=[0m102.23
[2m2026-04-12T20:32:13.487516Z[0m [34mDEBUG[0m [2mmercury::engine::market_actor[0m[2m:[0m Tick received — running arb detection [3mmarket_id[0m[2m=[0m9046452d-bcb3-4bb8-8925-8924b7439992 [3mplatform[0m[2m=[0mPolymarket [3mbid[0m[2m=[0m0.49 [3mask[0m[2m=[0m0.5 [3mmid[0m[2m=[0m0.4950 [3mbid_size[0m[2m=[0m25.2 [3mask_size[0m[2m=[0m116.55
[2m2026-04-12T20:32:13.487582Z[0m [33m WARN[0m [2mmercury::risk::circuit_breaker[0m[2m:[0m Circuit breakers tripped [3mcount[0m[2m=[0m1
[2m2026-04-12T20:32:13.487608Z[0m [34mDEBUG[0m [2mmercury::engine::spread[0m[2m:[0m Evaluated spread direction 2 [3mmarket_id[0m[2m=[0m631deb8c-fbb4-489e-818e-ae698f57f50b [3mdirection[0m[2m=[0m"NO-A/YES-B" [3mraw_spread[0m[2m=[0m-0.0700 [3mbid_a[0m[2m=[0m0.5400 [3mask_b[0m[2m=[0m0.61
[2m2026-04-12T20:32:13.487665Z[0m [33m WARN[0m [2mmercury::engine::market_actor[0m[2m:[0m Opportunity BLOCKED by circuit breakers [3mopp_id[0m[2m=[0maa838e91-be96-44b2-9cd6-7ed8fdfd06d5 [3mmarket_id[0m[2m=[0m631deb8c-fbb4-489e-818e-ae698f57f50b [3mapproved_size[0m[2m=[0m93
[2m2026-04-12T20:32:13.487755Z[0m [32m INFO[0m [2mmercury::engine::detector[0m[2m:[0m ARB OPPORTUNITY DETECTED — passing to execution pipeline [3mmarket_id[0m[2m=[0m631deb8c-fbb4-489e-818e-ae698f57f50b [3mnet_spread[0m[2m=[0m0.0268829169519710456813068571 [3mraw_spread[0m[2m=[0m0.0400 [3mscore[0m[2m=[0m0.1221055391664068143991828042 [3mleg_a[0m[2m=[0mKalshi [3mleg_b[0m[2m=[0mPolymarket [3mleg_a_price[0m[2m=[0m0.5600 [3mleg_b_price[0m[2m=[0m0.4 [3mavailable_size[0m[2m=[0m93.89
[2m2026-04-12T20:32:13.487956Z[0m [34mDEBUG[0m [2mmercury::engine::market_actor[0m[2m:[0m Tick received — running arb detection [3mmarket_id[0m[2m=[0m631deb8c-fbb4-489e-818e-ae698f57f50b [3mplatform[0m[2m=[0mPolymarket [3mbid[0m[2m=[0m0.6 [3mask[0m[2m=[0m0.61 [3mmid[0m[2m=[0m0.6050 [3mbid_size[0m[2m=[0m93.89 [3mask_size[0m[2m=[0m5
[2m2026-04-12T20:32:13.487994Z[0m [34mDEBUG[0m [2mmercury::engine::market_actor[0m[2m:[0m Tick received — running arb detection [3mmarket_id[0m[2m=[0m9046452d-bcb3-4bb8-8925-8924b7439992 [3mplatform[0m[2m=[0mPolymarket [3mbid[0m[2m=[0m0.49 [3mask[0m[2m=[0m0.5 [3mmid[0m[2m=[0m0.4950 [3mbid_size[0m[2m=[0m25.2 [3mask_size[0m[2m=[0m116.55
[2m2026-04-12T20:32:13.488035Z[0m [33m WARN[0m [2mmercury::risk::circuit_breaker[0m[2m:[0m Circuit breakers tripped [3mcount[0m[2m=[0m1
[2m2026-04-12T20:32:13.488104Z[0m [34mDEBUG[0m [2mmercury::engine::spread[0m[2m:[0m Evaluated spread direction 2 [3mmarket_id[0m[2m=[0m631deb8c-fbb4-489e-818e-ae698f57f50b [3mdirection[0m[2m=[0m"NO-A/YES-B" [3mraw_spread[0m[2m=[0m-0.0700 [3mbid_a[0m[2m=[0m0.5400 [3mask_b[0m[2m=[0m0.61
[2m2026-04-12T20:32:13.488136Z[0m [33m WARN[0m [2mmercury::engine::market_actor[0m[2m:[0m Opportunity BLOCKED by circuit breakers [3mopp_id[0m[2m=[0m25abaf97-0546-4701-8b9d-9f1c33f5a9a2 [3mmarket_id[0m[2m=[0m631deb8c-fbb4-489e-818e-ae698f57f50b [3mapproved_size[0m[2m=[0m93
[2m2026-04-12T20:32:13.488249Z[0m [32m INFO[0m [2mmercury::engine::detector[0m[2m:[0m ARB OPPORTUNITY DETECTED — passing to execution pipeline [3mmarket_id[0m[2m=[0m631deb8c-fbb4-489e-818e-ae698f57f50b [3mnet_spread[0m[2m=[0m0.0268829169519710456813068571 [3mraw_spread[0m[2m=[0m0.0400 [3mscore[0m[2m=[0m0.1221055391664068143991828042 [3mleg_a[0m[2m=[0mKalshi [3mleg_b[0m[2m=[0mPolymarket [3mleg_a_price[0m[2m=[0m0.5600 [3mleg_b_price[0m[2m=[0m0.4 [3mavailable_size[0m[2m=[0m93.89
[2m2026-04-12T20:32:13.488447Z[0m [34mDEBUG[0m [2mmercury::engine::market_actor[0m[2m:[0m Tick received — running arb detection [3mmarket_id[0m[2m=[0m631deb8c-fbb4-489e-818e-ae698f57f50b [3mplatform[0m[2m=[0mPolymarket [3mbid[0m[2m=[0m0.6 [3mask[0m[2m=[0m0.61 [3mmid[0m[2m=[0m0.6050 [3mbid_size[0m[2m=[0m93.89 [3mask_size[0m[2m=[0m5
[2m2026-04-12T20:32:13.488496Z[0m [34mDEBUG[0m [2mmercury::engine::market_actor[0m[2m:[0m Tick received — running arb detection [3mmarket_id[0m[2m=[0m9046452d-bcb3-4bb8-8925-8924b7439992 [3mplatform[0m[2m=[0mPolymarket [3mbid[0m[2m=[0m0.49 [3mask[0m[2m=[0m0.5 [3mmid[0m[2m=[0m0.4950 [3mbid_size[0m[2m=[0m25.2 [3mask_size[0m[2m=[0m116.55
[2m2026-04-12T20:32:13.488530Z[0m [33m WARN[0m [2mmercury::risk::circuit_breaker[0m[2m:[0m Circuit breakers tripped [3mcount[0m[2m=[0m1
[2m2026-04-12T20:32:13.488590Z[0m [34mDEBUG[0m [2mmercury::engine::spread[0m[2m:[0m Evaluated spread direction 2 [3mmarket_id[0m[2m=[0m631deb8c-fbb4-489e-818e-ae698f57f50b [3mdirection[0m[2m=[0m"NO-A/YES-B" [3mraw_spread[0m[2m=[0m-0.0700 [3mbid_a[0m[2m=[0m0.5400 [3mask_b[0m[2m=[0m0.61
[2m2026-04-12T20:32:13.488613Z[0m [33m WARN[0m [2mmercury::engine::market_actor[0m[2m:[0m Opportunity BLOCKED by circuit breakers [3mopp_id[0m[2m=[0m46196581-87d2-4d7e-b01b-cfadfd2d8356 [3mmarket_id[0m[2m=[0m631deb8c-fbb4-489e-818e-ae698f57f50b [3mapproved_size[0m[2m=[0m93
[2m2026-04-12T20:32:13.488733Z[0m [32m INFO[0m [2mmercury::engine::detector[0m[2m:[0m ARB OPPORTUNITY DETECTED — passing to execution pipeline [3mmarket_id[0m[2m=[0m631deb8c-fbb4-489e-818e-ae698f57f50b [3mnet_spread[0m[2m=[0m0.0268829169519710456813068571 [3mraw_spread[0m[2m=[0m0.0400 [3mscore[0m[2m=[0m0.1221055391664068143991828042 [3mleg_a[0m[2m=[0mKalshi [3mleg_b[0m[2m=[0mPolymarket [3mleg_a_price[0m[2m=[0m0.5600 [3mleg_b_price[0m[2m=[0m0.4 [3mavailable_size[0m[2m=[0m93.89
[2m2026-04-12T20:32:13.488954Z[0m [33m WARN[0m [2mmercury::risk::circuit_breaker[0m[2m:[0m Circuit breakers tripped [3mcount[0m[2m=[0m1
[2m2026-04-12T20:32:13.489025Z[0m [33m WARN[0m [2mmercury::engine::market_actor[0m[2m:[0m Opportunity BLOCKED by circuit breakers [3mopp_id[0m[2m=[0meca50613-4d92-45d6-9872-bde484e8e8d1 [3mmarket_id[0m[2m=[0m631deb8c-fbb4-489e-818e-ae698f57f50b [3mapproved_size[0m[2m=[0m93
[2m2026-04-12T20:32:13.489084Z[0m [33m WARN[0m [2mmercury::risk::circuit_breaker[0m[2m:[0m Circuit breakers tripped [3mcount[0m[2m=[0m1
[2m2026-04-12T20:32:13.489170Z[0m [33m WARN[0m [2mmercury::engine::market_actor[0m[2m:[0m Opportunity BLOCKED by circuit breakers [3mopp_id[0m[2m=[0maba8c5c9-a598-416e-ac51-6f7ac647541d [3mmarket_id[0m[2m=[0m631deb8c-fbb4-489e-818e-ae698f57f50b [3mapproved_size[0m[2m=[0m93
[2m2026-04-12T20:32:13.492988Z[0m [34mDEBUG[0m [2mmercury::engine::market_actor[0m[2m:[0m Tick received — running arb detection [3mmarket_id[0m[2m=[0m631deb8c-fbb4-489e-818e-ae698f57f50b [3mplatform[0m[2m=[0mKalshi [3mbid[0m[2m=[0m0.5400 [3mask[0m[2m=[0m0.5600 [3mmid[0m[2m=[0m0.5500 [3mbid_size[0m[2m=[0m1016.78 [3mask_size[0m[2m=[0m102.23
[2m2026-04-12T20:32:13.493163Z[0m [34mDEBUG[0m [2mmercury::engine::spread[0m[2m:[0m Evaluated spread direction 2 [3mmarket_id[0m[2m=[0m631deb8c-fbb4-489e-818e-ae698f57f50b [3mdirection[0m[2m=[0m"NO-A/YES-B" [3mraw_spread[0m[2m=[0m-0.0700 [3mbid_a[0m[2m=[0m0.5400 [3mask_b[0m[2m=[0m0.61
[2m2026-04-12T20:32:13.493315Z[0m [32m INFO[0m [2mmercury::engine::detector[0m[2m:[0m ARB OPPORTUNITY DETECTED — passing to execution pipeline [3mmarket_id[0m[2m=[0m631deb8c-fbb4-489e-818e-ae698f57f50b [3mnet_spread[0m[2m=[0m0.0268829169519710456813068571 [3mraw_spread[0m[2m=[0m0.0400 [3mscore[0m[2m=[0m0.1221055391664068143991828042 [3mleg_a[0m[2m=[0mKalshi [3mleg_b[0m[2m=[0mPolymarket [3mleg_a_price[0m[2m=[0m0.5600 [3mleg_b_price[0m[2m=[0m0.4 [3mavailable_size[0m[2m=[0m93.89
[2m2026-04-12T20:32:13.493499Z[0m [34mDEBUG[0m [2mmercury::engine::market_actor[0m[2m:[0m Tick received — running arb detection [3mmarket_id[0m[2m=[0m631deb8c-fbb4-489e-818e-ae698f57f50b [3mplatform[0m[2m=[0mKalshi [3mbid[0m[2m=[0m0.5400 [3mask[0m[2m=[0m0.5600 [3mmid[0m[2m=[0m0.5500 [3mbid_size[0m[2m=[0m993.76 [3mask_size[0m[2m=[0m102.23
[2m2026-04-12T20:32:13.493648Z[0m [34mDEBUG[0m [2mmercury::engine::spread[0m[2m:[0m Evaluated spread direction 2 [3mmarket_id[0m[2m=[0m631deb8c-fbb4-489e-818e-ae698f57f50b [3mdirection[0m[2m=[0m"NO-A/YES-B" [3mraw_spread[0m[2m=[0m-0.0700 [3mbid_a[0m[2m=[0m0.5400 [3mask_b[0m[2m=[0m0.61
[2m2026-04-12T20:32:13.493792Z[0m [32m INFO[0m [2mmercury::engine::detector[0m[2m:[0m ARB OPPORTUNITY DETECTED — passing to execution pipeline [3mmarket_id[0m[2m=[0m631deb8c-fbb4-489e-818e-ae698f57f50b [3mnet_spread[0m[2m=[0m0.0268829169519710456813068571 [3mraw_spread[0m[2m=[0m0.0400 [3mscore[0m[2m=[0m0.1221055391664068143991828042 [3mleg_a[0m[2m=[0mKalshi [3mleg_b[0m[2m=[0mPolymarket [3mleg_a_price[0m[2m=[0m0.5600 [3mleg_b_price[0m[2m=[0m0.4 [3mavailable_size[0m[2m=[0m93.89
[2m2026-04-12T20:32:13.493983Z[0m [34mDEBUG[0m [2mmercury::engine::market_actor[0m[2m:[0m Tick received — running arb detection [3mmarket_id[0m[2m=[0m631deb8c-fbb4-489e-818e-ae698f57f50b [3mplatform[0m[2m=[0mKalshi [3mbid[0m[2m=[0m0.5400 [3mask[0m[2m=[0m0.5600 [3mmid[0m[2m=[0m0.5500 [3mbid_size[0m[2m=[0m947.49 [3mask_size[0m[2m=[0m102.23
[2m2026-04-12T20:32:13.494047Z[0m [33m WARN[0m [2mmercury::risk::circuit_breaker[0m[2m:[0m Circuit breakers tripped [3mcount[0m[2m=[0m1
[2m2026-04-12T20:32:13.494126Z[0m [33m WARN[0m [2mmercury::engine::market_actor[0m[2m:[0m Opportunity BLOCKED by circuit breakers [3mopp_id[0m[2m=[0m08cb9c87-ed69-4e06-a26b-937a952bf53b [3mmarket_id[0m[2m=[0m631deb8c-fbb4-489e-818e-ae698f57f50b [3mapproved_size[0m[2m=[0m93
[2m2026-04-12T20:32:13.494133Z[0m [34mDEBUG[0m [2mmercury::engine::spread[0m[2m:[0m Evaluated spread direction 2 [3mmarket_id[0m[2m=[0m631deb8c-fbb4-489e-818e-ae698f57f50b [3mdirection[0m[2m=[0m"NO-A/YES-B" [3mraw_spread[0m[2m=[0m-0.0700 [3mbid_a[0m[2m=[0m0.5400 [3mask_b[0m[2m=[0m0.61
[2m2026-04-12T20:32:13.494275Z[0m [32m INFO[0m [2mmercury::engine::detector[0m[2m:[0m ARB OPPORTUNITY DETECTED — passing to execution pipeline [3mmarket_id[0m[2m=[0m631deb8c-fbb4-489e-818e-ae698f57f50b [3mnet_spread[0m[2m=[0m0.0268829169519710456813068571 [3mraw_spread[0m[2m=[0m0.0400 [3mscore[0m[2m=[0m0.1221055391664068143991828042 [3mleg_a[0m[2m=[0mKalshi [3mleg_b[0m[2m=[0mPolymarket [3mleg_a_price[0m[2m=[0m0.5600 [3mleg_b_price[0m[2m=[0m0.4 [3mavailable_size[0m[2m=[0m93.89
[2m2026-04-12T20:32:13.494479Z[0m [34mDEBUG[0m [2mmercury::engine::market_actor[0m[2m:[0m Tick received — running arb detection [3mmarket_id[0m[2m=[0m631deb8c-fbb4-489e-818e-ae698f57f50b [3mplatform[0m[2m=[0mKalshi [3mbid[0m[2m=[0m0.5400 [3mask[0m[2m=[0m0.5600 [3mmid[0m[2m=[0m0.5500 [3mbid_size[0m[2m=[0m893.76 [3mask_size[0m[2m=[0m102.23
[2m2026-04-12T20:32:13.494551Z[0m [33m WARN[0m [2mmercury::risk::circuit_breaker[0m[2m:[0m Circuit breakers tripped [3mcount[0m[2m=[0m1
[2m2026-04-12T20:32:13.494628Z[0m [33m WARN[0m [2mmercury::engine::market_actor[0m[2m:[0m Opportunity BLOCKED by circuit breakers [3mopp_id[0m[2m=[0mb73dc050-64c3-42a8-9da0-6b87a92e1c42 [3mmarket_id[0m[2m=[0m631deb8c-fbb4-489e-818e-ae698f57f50b [3mapproved_size[0m[2m=[0m93
[2m2026-04-12T20:32:13.494629Z[0m [34mDEBUG[0m [2mmercury::engine::spread[0m[2m:[0m Evaluated spread direction 2 [3mmarket_id[0m[2m=[0m631deb8c-fbb4-489e-818e-ae698f57f50b [3mdirection[0m[2m=[0m"NO-A/YES-B" [3mraw_spread[0m[2m=[0m-0.0700 [3mbid_a[0m[2m=[0m0.5400 [3mask_b[0m[2m=[0m0.61
[2m2026-04-12T20:32:13.494793Z[0m [32m INFO[0m [2mmercury::engine::detector[0m[2m:[0m ARB OPPORTUNITY DETECTED — passing to execution pipeline [3mmarket_id[0m[2m=[0m631deb8c-fbb4-489e-818e-ae698f57f50b [3mnet_spread[0m[2m=[0m0.0268829169519710456813068571 [3mraw_spread[0m[2m=[0m0.0400 [3mscore[0m[2m=[0m0.1221055391664068143991828042 [3mleg_a[0m[2m=[0mKalshi [3mleg_b[0m[2m=[0mPolymarket [3mleg_a_price[0m[2m=[0m0.5600 [3mleg_b_price[0m[2m=[0m0.4 [3mavailable_size[0m[2m=[0m93.89
[2m2026-04-12T20:32:13.494983Z[0m [34mDEBUG[0m [2mmercury::engine::market_actor[0m[2m:[0m Tick received — running arb detection [3mmarket_id[0m[2m=[0m631deb8c-fbb4-489e-818e-ae698f57f50b [3mplatform[0m[2m=[0mKalshi [3mbid[0m[2m=[0m0.5400 [3mask[0m[2m=[0m0.5600 [3mmid[0m[2m=[0m0.5500 [3mbid_size[0m[2m=[0m893.76 [3mask_size[0m[2m=[0m102.23
[2m2026-04-12T20:32:13.495044Z[0m [33m WARN[0m [2mmercury::risk::circuit_breaker[0m[2m:[0m Circuit breakers tripped [3mcount[0m[2m=[0m1
[2m2026-04-12T20:32:13.495116Z[0m [33m WARN[0m [2mmercury::engine::market_actor[0m[2m:[0m Opportunity BLOCKED by circuit breakers [3mopp_id[0m[2m=[0mb4e3b4f8-d554-4994-a356-3850288337b1 [3mmarket_id[0m[2m=[0m631deb8c-fbb4-489e-818e-ae698f57f50b [3mapproved_size[0m[2m=[0m93
[2m2026-04-12T20:32:13.495131Z[0m [34mDEBUG[0m [2mmercury::engine::spread[0m[2m:[0m Evaluated spread direction 2 [3mmarket_id[0m[2m=[0m631deb8c-fbb4-489e-818e-ae698f57f50b [3mdirection[0m[2m=[0m"NO-A/YES-B" [3mraw_spread[0m[2m=[0m-0.0700 [3mbid_a[0m[2m=[0m0.5400 [3mask_b[0m[2m=[0m0.61
[2m2026-04-12T20:32:13.495268Z[0m [32m INFO[0m [2mmercury::engine::detector[0m[2m:[0m ARB OPPORTUNITY DETECTED — passing to execution pipeline [3mmarket_id[0m[2m=[0m631deb8c-fbb4-489e-818e-ae698f57f50b [3mnet_spread[0m[2m=[0m0.0268829169519710456813068571 [3mraw_spread[0m[2m=[0m0.0400 [3mscore[0m[2m=[0m0.1221055391664068143991828042 [3mleg_a[0m[2m=[0mKalshi [3mleg_b[0m[2m=[0mPolymarket [3mleg_a_price[0m[2m=[0m0.5600 [3mleg_b_price[0m[2m=[0m0.4 [3mavailable_size[0m[2m=[0m93.89
[2m2026-04-12T20:32:13.495488Z[0m [33m WARN[0m [2mmercury::risk::circuit_breaker[0m[2m:[0m Circuit breakers tripped [3mcount[0m[2m=[0m1
[2m2026-04-12T20:32:13.495559Z[0m [33m WARN[0m [2mmercury::engine::market_actor[0m[2m:[0m Opportunity BLOCKED by circuit breakers [3mopp_id[0m[2m=[0me5099d9d-9709-474f-adda-6f20f5bd0772 [3mmarket_id[0m[2m=[0m631deb8c-fbb4-489e-818e-ae698f57f50b [3mapproved_size[0m[2m=[0m93
[2m2026-04-12T20:32:13.495597Z[0m [33m WARN[0m [2mmercury::risk::circuit_breaker[0m[2m:[0m Circuit breakers tripped [3mcount[0m[2m=[0m1
[2m2026-04-12T20:32:13.495665Z[0m [33m WARN[0m [2mmercury::engine::market_actor[0m[2m:[0m Opportunity BLOCKED by circuit breakers [3mopp_id[0m[2m=[0mb0e4bc7a-3b50-47dd-a1b7-e0e4ff55149a [3mmarket_id[0m[2m=[0m631deb8c-fbb4-489e-818e-ae698f57f50b [3mapproved_size[0m[2m=[0m93
[2m2026-04-12T20:32:13.514594Z[0m [34mDEBUG[0m [2mmercury::engine::market_actor[0m[2m:[0m Tick received — running arb detection [3mmarket_id[0m[2m=[0m631deb8c-fbb4-489e-818e-ae698f57f50b [3mplatform[0m[2m=[0mKalshi [3mbid[0m[2m=[0m0.5400 [3mask[0m[2m=[0m0.5600 [3mmid[0m[2m=[0m0.5500 [3mbid_size[0m[2m=[0m895.52 [3mask_size[0m[2m=[0m102.23
[2m2026-04-12T20:32:13.514654Z[0m [34mDEBUG[0m [2mmercury::engine::market_actor[0m[2m:[0m Tick received — running arb detection [3mmarket_id[0m[2m=[0m2b958b37-9921-40b8-b22d-64a67138ae70 [3mplatform[0m[2m=[0mPolymarket [3mbid[0m[2m=[0m0.59 [3mask[0m[2m=[0m0.61 [3mmid[0m[2m=[0m0.60 [3mbid_size[0m[2m=[0m6.72 [3mask_size[0m[2m=[0m12.21
[2m2026-04-12T20:32:13.514896Z[0m [34mDEBUG[0m [2mmercury::engine::spread[0m[2m:[0m Evaluated spread direction 2 [3mmarket_id[0m[2m=[0m631deb8c-fbb4-489e-818e-ae698f57f50b [3mdirection[0m[2m=[0m"NO-A/YES-B" [3mraw_spread[0m[2m=[0m-0.0700 [3mbid_a[0m[2m=[0m0.5400 [3mask_b[0m[2m=[0m0.61
[2m2026-04-12T20:32:13.515108Z[0m [32m INFO[0m [2mmercury::engine::detector[0m[2m:[0m ARB OPPORTUNITY DETECTED — passing to execution pipeline [3mmarket_id[0m[2m=[0m631deb8c-fbb4-489e-818e-ae698f57f50b [3mnet_spread[0m[2m=[0m0.0268829169519710456813068571 [3mraw_spread[0m[2m=[0m0.0400 [3mscore[0m[2m=[0m0.1221055391664068143991828042 [3mleg_a[0m[2m=[0mKalshi [3mleg_b[0m[2m=[0mPolymarket [3mleg_a_price[0m[2m=[0m0.5600 [3mleg_b_price[0m[2m=[0m0.4 [3mavailable_size[0m[2m=[0m93.89
[2m2026-04-12T20:32:13.515448Z[0m [33m WARN[0m [2mmercury::risk::circuit_breaker[0m[2m:[0m Circuit breakers tripped [3mcount[0m[2m=[0m1
[2m2026-04-12T20:32:13.515522Z[0m [33m WARN[0m [2mmercury::engine::market_actor[0m[2m:[0m Opportunity BLOCKED by circuit breakers [3mopp_id[0m[2m=[0meb923488-843e-4673-9c08-27a8a183bd1c [3mmarket_id[0m[2m=[0m631deb8c-fbb4-489e-818e-ae698f57f50b [3mapproved_size[0m[2m=[0m93
[2m2026-04-12T20:32:13.583169Z[0m [34mDEBUG[0m [2mmercury::engine::market_actor[0m[2m:[0m Tick received — running arb detection [3mmarket_id[0m[2m=[0m631deb8c-fbb4-489e-818e-ae698f57f50b [3mplatform[0m[2m=[0mKalshi [3mbid[0m[2m=[0m0.5400 [3mask[0m[2m=[0m0.5600 [3mmid[0m[2m=[0m0.5500 [3mbid_size[0m[2m=[0m893.76 [3mask_size[0m[2m=[0m102.23
[2m2026-04-12T20:32:13.583390Z[0m [34mDEBUG[0m [2mmercury::engine::spread[0m[2m:[0m Evaluated spread direction 2 [3mmarket_id[0m[2m=[0m631deb8c-fbb4-489e-818e-ae698f57f50b [3mdirection[0m[2m=[0m"NO-A/YES-B" [3mraw_spread[0m[2m=[0m-0.0700 [3mbid_a[0m[2m=[0m0.5400 [3mask_b[0m[2m=[0m0.61
[2m2026-04-12T20:32:13.583537Z[0m [32m INFO[0m [2mmercury::engine::detector[0m[2m:[0m ARB OPPORTUNITY DETECTED — passing to execution pipeline [3mmarket_id[0m[2m=[0m631deb8c-fbb4-489e-818e-ae698f57f50b [3mnet_spread[0m[2m=[0m0.0268829169519710456813068571 [3mraw_spread[0m[2m=[0m0.0400 [3mscore[0m[2m=[0m0.1221055391664068143991828042 [3mleg_a[0m[2m=[0mKalshi [3mleg_b[0m[2m=[0mPolymarket [3mleg_a_price[0m[2m=[0m0.5600 [3mleg_b_price[0m[2m=[0m0.4 [3mavailable_size[0m[2m=[0m93.89
[2m2026-04-12T20:32:13.583714Z[0m [34mDEBUG[0m [2mmercury::engine::market_actor[0m[2m:[0m Tick received — running arb detection [3mmarket_id[0m[2m=[0m631deb8c-fbb4-489e-818e-ae698f57f50b [3mplatform[0m[2m=[0mKalshi [3mbid[0m[2m=[0m0.5400 [3mask[0m[2m=[0m0.5600 [3mmid[0m[2m=[0m0.5500 [3mbid_size[0m[2m=[0m693.76 [3mask_size[0m[2m=[0m102.23
[2m2026-04-12T20:32:13.583853Z[0m [34mDEBUG[0m [2mmercury::engine::spread[0m[2m:[0m Evaluated spread direction 2 [3mmarket_id[0m[2m=[0m631deb8c-fbb4-489e-818e-ae698f57f50b [3mdirection[0m[2m=[0m"NO-A/YES-B" [3mraw_spread[0m[2m=[0m-0.0700 [3mbid_a[0m[2m=[0m0.5400 [3mask_b[0m[2m=[0m0.61
[2m2026-04-12T20:32:13.584008Z[0m [32m INFO[0m [2mmercury::engine::detector[0m[2m:[0m ARB OPPORTUNITY DETECTED — passing to execution pipeline [3mmarket_id[0m[2m=[0m631deb8c-fbb4-489e-818e-ae698f57f50b [3mnet_spread[0m[2m=[0m0.0268829169519710456813068571 [3mraw_spread[0m[2m=[0m0.0400 [3mscore[0m[2m=[0m0.1221055391664068143991828042 [3mleg_a[0m[2m=[0mKalshi [3mleg_b[0m[2m=[0mPolymarket [3mleg_a_price[0m[2m=[0m0.5600 [3mleg_b_price[0m[2m=[0m0.4 [3mavailable_size[0m[2m=[0m93.89
[2m2026-04-12T20:32:13.584184Z[0m [34mDEBUG[0m [2mmercury::engine::market_actor[0m[2m:[0m Tick received — running arb detection [3mmarket_id[0m[2m=[0m631deb8c-fbb4-489e-818e-ae698f57f50b [3mplatform[0m[2m=[0mKalshi [3mbid[0m[2m=[0m0.5400 [3mask[0m[2m=[0m0.5600 [3mmid[0m[2m=[0m0.5500 [3mbid_size[0m[2m=[0m693.76 [3mask_size[0m[2m=[0m102.23
[2m2026-04-12T20:32:13.584278Z[0m [33m WARN[0m [2mmercury::risk::circuit_breaker[0m[2m:[0m Circuit breakers tripped [3mcount[0m[2m=[0m1
[2m2026-04-12T20:32:13.584322Z[0m [34mDEBUG[0m [2mmercury::engine::spread[0m[2m:[0m Evaluated spread direction 2 [3mmarket_id[0m[2m=[0m631deb8c-fbb4-489e-818e-ae698f57f50b [3mdirection[0m[2m=[0m"NO-A/YES-B" [3mraw_spread[0m[2m=[0m-0.0700 [3mbid_a[0m[2m=[0m0.5400 [3mask_b[0m[2m=[0m0.61
[2m2026-04-12T20:32:13.584353Z[0m [33m WARN[0m [2mmercury::engine::market_actor[0m[2m:[0m Opportunity BLOCKED by circuit breakers [3mopp_id[0m[2m=[0m0a2543a5-f6b1-47da-b15f-fdc5c9abd4a6 [3mmarket_id[0m[2m=[0m631deb8c-fbb4-489e-818e-ae698f57f50b [3mapproved_size[0m[2m=[0m93
[2m2026-04-12T20:32:13.584452Z[0m [32m INFO[0m [2mmercury::engine::detector[0m[2m:[0m ARB OPPORTUNITY DETECTED — passing to execution pipeline [3mmarket_id[0m[2m=[0m631deb8c-fbb4-489e-818e-ae698f57f50b [3mnet_spread[0m[2m=[0m0.0268829169519710456813068571 [3mraw_spread[0m[2m=[0m0.0400 [3mscore[0m[2m=[0m0.1221055391664068143991828042 [3mleg_a[0m[2m=[0mKalshi [3mleg_b[0m[2m=[0mPolymarket [3mleg_a_price[0m[2m=[0m0.5600 [3mleg_b_price[0m[2m=[0m0.4 [3mavailable_size[0m[2m=[0m93.89
[2m2026-04-12T20:32:13.584651Z[0m [33m WARN[0m [2mmercury::risk::circuit_breaker[0m[2m:[0m Circuit breakers tripped [3mcount[0m[2m=[0m1
[2m2026-04-12T20:32:13.584717Z[0m [33m WARN[0m [2mmercury::engine::market_actor[0m[2m:[0m Opportunity BLOCKED by circuit breakers [3mopp_id[0m[2m=[0m8718a49d-9acd-4e94-9de6-132c58e5f590 [3mmarket_id[0m[2m=[0m631deb8c-fbb4-489e-818e-ae698f57f50b [3mapproved_size[0m[2m=[0m93
[2m2026-04-12T20:32:13.584736Z[0m [33m WARN[0m [2mmercury::risk::circuit_breaker[0m[2m:[0m Circuit breakers tripped [3mcount[0m[2m=[0m1
[2m2026-04-12T20:32:13.584808Z[0m [33m WARN[0m [2mmercury::engine::market_actor[0m[2m:[0m Opportunity BLOCKED by circuit breakers [3mopp_id[0m[2m=[0me0589d45-855c-4f62-97fa-87a954c686c6 [3mmarket_id[0m[2m=[0m631deb8c-fbb4-489e-818e-ae698f57f50b [3mapproved_size[0m[2m=[0m93
[2m2026-04-12T20:32:13.593575Z[0m [34mDEBUG[0m [2mmercury::engine::market_actor[0m[2m:[0m Tick received — running arb detection [3mmarket_id[0m[2m=[0m631deb8c-fbb4-489e-818e-ae698f57f50b [3mplatform[0m[2m=[0mPolymarket [3mbid[0m[2m=[0m0.6 [3mask[0m[2m=[0m0.61 [3mmid[0m[2m=[0m0.6050 [3mbid_size[0m[2m=[0m93.89 [3mask_size[0m[2m=[0m5
[2m2026-04-12T20:32:13.593974Z[0m [34mDEBUG[0m [2mmercury::engine::spread[0m[2m:[0m Evaluated spread direction 2 [3mmarket_id[0m[2m=[0m631deb8c-fbb4-489e-818e-ae698f57f50b [3mdirection[0m[2m=[0m"NO-A/YES-B" [3mraw_spread[0m[2m=[0m-0.0700 [3mbid_a[0m[2m=[0m0.5400 [3mask_b[0m[2m=[0m0.61
[2m2026-04-12T20:32:13.594296Z[0m [32m INFO[0m [2mmercury::engine::detector[0m[2m:[0m ARB OPPORTUNITY DETECTED — passing to execution pipeline [3mmarket_id[0m[2m=[0m631deb8c-fbb4-489e-818e-ae698f57f50b [3mnet_spread[0m[2m=[0m0.0268829169519710456813068571 [3mraw_spread[0m[2m=[0m0.0400 [3mscore[0m[2m=[0m0.1221055391664068143991828042 [3mleg_a[0m[2m=[0mKalshi [3mleg_b[0m[2m=[0mPolymarket [3mleg_a_price[0m[2m=[0m0.5600 [3mleg_b_price[0m[2m=[0m0.4 [3mavailable_size[0m[2m=[0m93.89
[2m2026-04-12T20:32:13.594697Z[0m [33m WARN[0m [2mmercury::risk::circuit_breaker[0m[2m:[0m Circuit breakers tripped [3mcount[0m[2m=[0m1
[2m2026-04-12T20:32:13.594793Z[0m [33m WARN[0m [2mmercury::engine::market_actor[0m[2m:[0m Opportunity BLOCKED by circuit breakers [3mopp_id[0m[2m=[0m7697e52d-be67-4904-b424-84dad1728bb5 [3mmarket_id[0m[2m=[0m631deb8c-fbb4-489e-818e-ae698f57f50b [3mapproved_size[0m[2m=[0m93
[2m2026-04-12T20:32:13.651888Z[0m [34mDEBUG[0m [2mmercury::feeds::discovery[0m[2m:[0m No Kalshi 15m market found for this round [3masset[0m[2m=[0m"eth" [3mround_start_ts[0m[2m=[0m1776026700 [3mtarget_close[0m[2m=[0m1776027600
[2m2026-04-12T20:32:13.652085Z[0m [34mDEBUG[0m [2mmercury::engine::market_actor[0m[2m:[0m Tick received — running arb detection [3mmarket_id[0m[2m=[0m631deb8c-fbb4-489e-818e-ae698f57f50b [3mplatform[0m[2m=[0mKalshi [3mbid[0m[2m=[0m0.5400 [3mask[0m[2m=[0m0.5600 [3mmid[0m[2m=[0m0.5500 [3mbid_size[0m[2m=[0m693.76 [3mask_size[0m[2m=[0m102.23
[2m2026-04-12T20:32:13.652145Z[0m [32m INFO[0m [2mmercury::feeds::discovery[0m[2m:[0m 15m crypto round matched [3masset[0m[2m=[0meth [3mround_start[0m[2m=[0m1776026700 [3mpoly[0m[2m=[0mtrue [3mkalshi[0m[2m=[0mfalse
[2m2026-04-12T20:32:13.652324Z[0m [34mDEBUG[0m [2mmercury::engine::spread[0m[2m:[0m Evaluated spread direction 2 [3mmarket_id[0m[2m=[0m631deb8c-fbb4-489e-818e-ae698f57f50b [3mdirection[0m[2m=[0m"NO-A/YES-B" [3mraw_spread[0m[2m=[0m-0.0700 [3mbid_a[0m[2m=[0m0.5400 [3mask_b[0m[2m=[0m0.61
[2m2026-04-12T20:32:13.652555Z[0m [32m INFO[0m [2mmercury::engine::detector[0m[2m:[0m ARB OPPORTUNITY DETECTED — passing to execution pipeline [3mmarket_id[0m[2m=[0m631deb8c-fbb4-489e-818e-ae698f57f50b [3mnet_spread[0m[2m=[0m0.0268829169519710456813068571 [3mraw_spread[0m[2m=[0m0.0400 [3mscore[0m[2m=[0m0.1221055391664068143991828042 [3mleg_a[0m[2m=[0mKalshi [3mleg_b[0m[2m=[0mPolymarket [3mleg_a_price[0m[2m=[0m0.5600 [3mleg_b_price[0m[2m=[0m0.4 [3mavailable_size[0m[2m=[0m93.89
[2m2026-04-12T20:32:13.652817Z[0m [34mDEBUG[0m [2mmercury::engine::market_actor[0m[2m:[0m Tick received — running arb detection [3mmarket_id[0m[2m=[0m631deb8c-fbb4-489e-818e-ae698f57f50b [3mplatform[0m[2m=[0mPolymarket [3mbid[0m[2m=[0m0.6 [3mask[0m[2m=[0m0.61 [3mmid[0m[2m=[0m0.6050 [3mbid_size[0m[2m=[0m93.89 [3mask_size[0m[2m=[0m5
[2m2026-04-12T20:32:13.653013Z[0m [34mDEBUG[0m [2mmercury::engine::spread[0m[2m:[0m Evaluated spread direction 2 [3mmarket_id[0m[2m=[0m631deb8c-fbb4-489e-818e-ae698f57f50b [3mdirection[0m[2m=[0m"NO-A/YES-B" [3mraw_spread[0m[2m=[0m-0.0700 [3mbid_a[0m[2m=[0m0.5400 [3mask_b[0m[2m=[0m0.61
[2m2026-04-12T20:32:13.653207Z[0m [32m INFO[0m [2mmercury::engine::detector[0m[2m:[0m ARB OPPORTUNITY DETECTED — passing to execution pipeline [3mmarket_id[0m[2m=[0m631deb8c-fbb4-489e-818e-ae698f57f50b [3mnet_spread[0m[2m=[0m0.0268829169519710456813068571 [3mraw_spread[0m[2m=[0m0.0400 [3mscore[0m[2m=[0m0.1221055391664068143991828042 [3mleg_a[0m[2m=[0mKalshi [3mleg_b[0m[2m=[0mPolymarket [3mleg_a_price[0m[2m=[0m0.5600 [3mleg_b_price[0m[2m=[0m0.4 [3mavailable_size[0m[2m=[0m93.89
[2m2026-04-12T20:32:13.653460Z[0m [34mDEBUG[0m [2mmercury::engine::market_actor[0m[2m:[0m Tick received — running arb detection [3mmarket_id[0m[2m=[0m631deb8c-fbb4-489e-818e-ae698f57f50b [3mplatform[0m[2m=[0mKalshi [3mbid[0m[2m=[0m0.5400 [3mask[0m[2m=[0m0.5600 [3mmid[0m[2m=[0m0.5500 [3mbid_size[0m[2m=[0m695.52 [3mask_size[0m[2m=[0m102.23
[2m2026-04-12T20:32:13.653573Z[0m [33m WARN[0m [2mmercury::risk::circuit_breaker[0m[2m:[0m Circuit breakers tripped [3mcount[0m[2m=[0m1
[2m2026-04-12T20:32:13.653659Z[0m [34mDEBUG[0m [2mmercury::engine::spread[0m[2m:[0m Evaluated spread direction 2 [3mmarket_id[0m[2m=[0m631deb8c-fbb4-489e-818e-ae698f57f50b [3mdirection[0m[2m=[0m"NO-A/YES-B" [3mraw_spread[0m[2m=[0m-0.0700 [3mbid_a[0m[2m=[0m0.5400 [3mask_b[0m[2m=[0m0.61
[2m2026-04-12T20:32:13.653711Z[0m [33m WARN[0m [2mmercury::engine::market_actor[0m[2m:[0m Opportunity BLOCKED by circuit breakers [3mopp_id[0m[2m=[0m7eb895c8-7153-4727-b668-0149a37fc82d [3mmarket_id[0m[2m=[0m631deb8c-fbb4-489e-818e-ae698f57f50b [3mapproved_size[0m[2m=[0m93
[2m2026-04-12T20:32:13.653850Z[0m [32m INFO[0m [2mmercury::engine::detector[0m[2m:[0m ARB OPPORTUNITY DETECTED — passing to execution pipeline [3mmarket_id[0m[2m=[0m631deb8c-fbb4-489e-818e-ae698f57f50b [3mnet_spread[0m[2m=[0m0.0268829169519710456813068571 [3mraw_spread[0m[2m=[0m0.0400 [3mscore[0m[2m=[0m0.1221055391664068143991828042 [3mleg_a[0m[2m=[0mKalshi [3mleg_b[0m[2m=[0mPolymarket [3mleg_a_price[0m[2m=[0m0.5600 [3mleg_b_price[0m[2m=[0m0.4 [3mavailable_size[0m[2m=[0m93.89
[2m2026-04-12T20:32:13.654127Z[0m [34mDEBUG[0m [2mmercury::engine::market_actor[0m[2m:[0m Tick received — running arb detection [3mmarket_id[0m[2m=[0m631deb8c-fbb4-489e-818e-ae698f57f50b [3mplatform[0m[2m=[0mPolymarket [3mbid[0m[2m=[0m0.6 [3mask[0m[2m=[0m0.61 [3mmid[0m[2m=[0m0.6050 [3mbid_size[0m[2m=[0m93.89 [3mask_size[0m[2m=[0m5
[2m2026-04-12T20:32:13.654209Z[0m [33m WARN[0m [2mmercury::risk::circuit_breaker[0m[2m:[0m Circuit breakers tripped [3mcount[0m[2m=[0m1
[2m2026-04-12T20:32:13.654304Z[0m [33m WARN[0m [2mmercury::engine::market_actor[0m[2m:[0m Opportunity BLOCKED by circuit breakers [3mopp_id[0m[2m=[0m3bd1154c-3f4d-4c30-9b87-622e74c25be2 [3mmarket_id[0m[2m=[0m631deb8c-fbb4-489e-818e-ae698f57f50b [3mapproved_size[0m[2m=[0m93
[2m2026-04-12T20:32:13.654319Z[0m [34mDEBUG[0m [2mmercury::engine::spread[0m[2m:[0m Evaluated spread direction 2 [3mmarket_id[0m[2m=[0m631deb8c-fbb4-489e-818e-ae698f57f50b [3mdirection[0m[2m=[0m"NO-A/YES-B" [3mraw_spread[0m[2m=[0m-0.0700 [3mbid_a[0m[2m=[0m0.5400 [3mask_b[0m[2m=[0m0.61
[2m2026-04-12T20:32:13.654504Z[0m [32m INFO[0m [2mmercury::engine::detector[0m[2m:[0m ARB OPPORTUNITY DETECTED — passing to execution pipeline [3mmarket_id[0m[2m=[0m631deb8c-fbb4-489e-818e-ae698f57f50b [3mnet_spread[0m[2m=[0m0.0268829169519710456813068571 [3mraw_spread[0m[2m=[0m0.0400 [3mscore[0m[2m=[0m0.1221055391664068143991828042 [3mleg_a[0m[2m=[0mKalshi [3mleg_b[0m[2m=[0mPolymarket [3mleg_a_price[0m[2m=[0m0.5600 [3mleg_b_price[0m[2m=[0m0.4 [3mavailable_size[0m[2m=[0m93.89
[2m2026-04-12T20:32:13.654796Z[0m [33m WARN[0m [2mmercury::risk::circuit_breaker[0m[2m:[0m Circuit breakers tripped [3mcount[0m[2m=[0m1
[2m2026-04-12T20:32:13.654893Z[0m [33m WARN[0m [2mmercury::engine::market_actor[0m[2m:[0m Opportunity BLOCKED by circuit breakers [3mopp_id[0m[2m=[0m05d30fcb-f0bf-4260-9d59-a66d51936b02 [3mmarket_id[0m[2m=[0m631deb8c-fbb4-489e-818e-ae698f57f50b [3mapproved_size[0m[2m=[0m93
[2m2026-04-12T20:32:13.654941Z[0m [33m WARN[0m [2mmercury::risk::circuit_breaker[0m[2m:[0m Circuit breakers tripped [3mcount[0m[2m=[0m1
[2m2026-04-12T20:32:13.655045Z[0m [33m WARN[0m [2mmercury::engine::market_actor[0m[2m:[0m Opportunity BLOCKED by circuit breakers [3mopp_id[0m[2m=[0m827a5a4f-f633-49c5-a766-ad1aa526adaa [3mmarket_id[0m[2m=[0m631deb8c-fbb4-489e-818e-ae698f57f50b [3mapproved_size[0m[2m=[0m93
[2m2026-04-12T20:32:13.665701Z[0m [34mDEBUG[0m [2mmercury::engine::market_actor[0m[2m:[0m Tick received — running arb detection [3mmarket_id[0m[2m=[0m631deb8c-fbb4-489e-818e-ae698f57f50b [3mplatform[0m[2m=[0mKalshi [3mbid[0m[2m=[0m0.5400 [3mask[0m[2m=[0m0.5600 [3mmid[0m[2m=[0m0.5500 [3mbid_size[0m[2m=[0m695.52 [3mask_size[0m[2m=[0m102.23
[2m2026-04-12T20:32:13.666156Z[0m [34mDEBUG[0m [2mmercury::engine::spread[0m[2m:[0m Evaluated spread direction 2 [3mmarket_id[0m[2m=[0m631deb8c-fbb4-489e-818e-ae698f57f50b [3mdirection[0m[2m=[0m"NO-A/YES-B" [3mraw_spread[0m[2m=[0m-0.0700 [3mbid_a[0m[2m=[0m0.5400 [3mask_b[0m[2m=[0m0.61
[2m2026-04-12T20:32:13.666520Z[0m [32m INFO[0m [2mmercury::engine::detector[0m[2m:[0m ARB OPPORTUNITY DETECTED — passing to execution pipeline [3mmarket_id[0m[2m=[0m631deb8c-fbb4-489e-818e-ae698f57f50b [3mnet_spread[0m[2m=[0m0.0268829169519710456813068571 [3mraw_spread[0m[2m=[0m0.0400 [3mscore[0m[2m=[0m0.1221055391664068143991828042 [3mleg_a[0m[2m=[0mKalshi [3mleg_b[0m[2m=[0mPolymarket [3mleg_a_price[0m[2m=[0m0.5600 [3mleg_b_price[0m[2m=[0m0.4 [3mavailable_size[0m[2m=[0m93.89
[2m2026-04-12T20:32:13.666819Z[0m [34mDEBUG[0m [2mmercury::engine::market_actor[0m[2m:[0m Tick received — running arb detection [3mmarket_id[0m[2m=[0m631deb8c-fbb4-489e-818e-ae698f57f50b [3mplatform[0m[2m=[0mKalshi [3mbid[0m[2m=[0m0.5400 [3mask[0m[2m=[0m0.5600 [3mmid[0m[2m=[0m0.5500 [3mbid_size[0m[2m=[0m695.52 [3mask_size[0m[2m=[0m102.23
[2m2026-04-12T20:32:13.667019Z[0m [34mDEBUG[0m [2mmercury::engine::spread[0m[2m:[0m Evaluated spread direction 2 [3mmarket_id[0m[2m=[0m631deb8c-fbb4-489e-818e-ae698f57f50b [3mdirection[0m[2m=[0m"NO-A/YES-B" [3mraw_spread[0m[2m=[0m-0.0700 [3mbid_a[0m[2m=[0m0.5400 [3mask_b[0m[2m=[0m0.61
[2m2026-04-12T20:32:13.667209Z[0m [32m INFO[0m [2mmercury::engine::detector[0m[2m:[0m ARB OPPORTUNITY DETECTED — passing to execution pipeline [3mmarket_id[0m[2m=[0m631deb8c-fbb4-489e-818e-ae698f57f50b [3mnet_spread[0m[2m=[0m0.0268829169519710456813068571 [3mraw_spread[0m[2m=[0m0.0400 [3mscore[0m[2m=[0m0.1221055391664068143991828042 [3mleg_a[0m[2m=[0mKalshi [3mleg_b[0m[2m=[0mPolymarket [3mleg_a_price[0m[2m=[0m0.5600 [3mleg_b_price[0m[2m=[0m0.4 [3mavailable_size[0m[2m=[0m93.89
[2m2026-04-12T20:32:13.667457Z[0m [34mDEBUG[0m [2mmercury::engine::market_actor[0m[2m:[0m Tick received — running arb detection [3mmarket_id[0m[2m=[0m631deb8c-fbb4-489e-818e-ae698f57f50b [3mplatform[0m[2m=[0mKalshi [3mbid[0m[2m=[0m0.5400 [3mask[0m[2m=[0m0.5600 [3mmid[0m[2m=[0m0.5500 [3mbid_size[0m[2m=[0m695.52 [3mask_size[0m[2m=[0m102.23
[2m2026-04-12T20:32:13.667577Z[0m [33m WARN[0m [2mmercury::risk::circuit_breaker[0m[2m:[0m Circuit breakers tripped [3mcount[0m[2m=[0m1
[2m2026-04-12T20:32:13.667655Z[0m [34mDEBUG[0m [2mmercury::engine::spread[0m[2m:[0m Evaluated spread direction 2 [3mmarket_id[0m[2m=[0m631deb8c-fbb4-489e-818e-ae698f57f50b [3mdirection[0m[2m=[0m"NO-A/YES-B" [3mraw_spread[0m[2m=[0m-0.0700 [3mbid_a[0m[2m=[0m0.5400 [3mask_b[0m[2m=[0m0.61
[2m2026-04-12T20:32:13.667681Z[0m [33m WARN[0m [2mmercury::engine::market_actor[0m[2m:[0m Opportunity BLOCKED by circuit breakers [3mopp_id[0m[2m=[0m2e8d2c24-0a04-4371-9518-388c906f3813 [3mmarket_id[0m[2m=[0m631deb8c-fbb4-489e-818e-ae698f57f50b [3mapproved_size[0m[2m=[0m93
[2m2026-04-12T20:32:13.667848Z[0m [32m INFO[0m [2mmercury::engine::detector[0m[2m:[0m ARB OPPORTUNITY DETECTED — passing to execution pipeline [3mmarket_id[0m[2m=[0m631deb8c-fbb4-489e-818e-ae698f57f50b [3mnet_spread[0m[2m=[0m0.0268829169519710456813068571 [3mraw_spread[0m[2m=[0m0.0400 [3mscore[0m[2m=[0m0.1221055391664068143991828042 [3mleg_a[0m[2m=[0mKalshi [3mleg_b[0m[2m=[0mPolymarket [3mleg_a_price[0m[2m=[0m0.5600 [3mleg_b_price[0m[2m=[0m0.4 [3mavailable_size[0m[2m=[0m93.89
[2m2026-04-12T20:32:13.668097Z[0m [34mDEBUG[0m [2mmercury::engine::market_actor[0m[2m:[0m Tick received — running arb detection [3mmarket_id[0m[2m=[0m631deb8c-fbb4-489e-818e-ae698f57f50b [3mplatform[0m[2m=[0mKalshi [3mbid[0m[2m=[0m0.5400 [3mask[0m[2m=[0m0.5600 [3mmid[0m[2m=[0m0.5500 [3mbid_size[0m[2m=[0m695.52 [3mask_size[0m[2m=[0m102.23
[2m2026-04-12T20:32:13.668202Z[0m [33m WARN[0m [2mmercury::risk::circuit_breaker[0m[2m:[0m Circuit breakers tripped [3mcount[0m[2m=[0m1
[2m2026-04-12T20:32:13.668292Z[0m [34mDEBUG[0m [2mmercury::engine::spread[0m[2m:[0m Evaluated spread direction 2 [3mmarket_id[0m[2m=[0m631deb8c-fbb4-489e-818e-ae698f57f50b [3mdirection[0m[2m=[0m"NO-A/YES-B" [3mraw_spread[0m[2m=[0m-0.0700 [3mbid_a[0m[2m=[0m0.5400 [3mask_b[0m[2m=[0m0.61
[2m2026-04-12T20:32:13.668323Z[0m [33m WARN[0m [2mmercury::engine::market_actor[0m[2m:[0m Opportunity BLOCKED by circuit breakers [3mopp_id[0m[2m=[0m0192a15e-2b05-4f7b-a838-3ec91687c7b2 [3mmarket_id[0m[2m=[0m631deb8c-fbb4-489e-818e-ae698f57f50b [3mapproved_size[0m[2m=[0m93
[2m2026-04-12T20:32:13.668480Z[0m [32m INFO[0m [2mmercury::engine::detector[0m[2m:[0m ARB OPPORTUNITY DETECTED — passing to execution pipeline [3mmarket_id[0m[2m=[0m631deb8c-fbb4-489e-818e-ae698f57f50b [3mnet_spread[0m[2m=[0m0.0268829169519710456813068571 [3mraw_spread[0m[2m=[0m0.0400 [3mscore[0m[2m=[0m0.1221055391664068143991828042 [3mleg_a[0m[2m=[0mKalshi [3mleg_b[0m[2m=[0mPolymarket [3mleg_a_price[0m[2m=[0m0.5600 [3mleg_b_price[0m[2m=[0m0.4 [3mavailable_size[0m[2m=[0m93.89
[2m2026-04-12T20:32:13.668726Z[0m [34mDEBUG[0m [2mmercury::engine::market_actor[0m[2m:[0m Tick received — running arb detection [3mmarket_id[0m[2m=[0m631deb8c-fbb4-489e-818e-ae698f57f50b [3mplatform[0m[2m=[0mKalshi [3mbid[0m[2m=[0m0.5400 [3mask[0m[2m=[0m0.5600 [3mmid[0m[2m=[0m0.5500 [3mbid_size[0m[2m=[0m695.52 [3mask_size[0m[2m=[0m97.23
[2m2026-04-12T20:32:13.668829Z[0m [33m WARN[0m [2mmercury::risk::circuit_breaker[0m[2m:[0m Circuit breakers tripped [3mcount[0m[2m=[0m1
[2m2026-04-12T20:32:13.668922Z[0m [34mDEBUG[0m [2mmercury::engine::spread[0m[2m:[0m Evaluated spread direction 2 [3mmarket_id[0m[2m=[0m631deb8c-fbb4-489e-818e-ae698f57f50b [3mdirection[0m[2m=[0m"NO-A/YES-B" [3mraw_spread[0m[2m=[0m-0.0700 [3mbid_a[0m[2m=[0m0.5400 [3mask_b[0m[2m=[0m0.61
[2m2026-04-12T20:32:13.668931Z[0m [33m WARN[0m [2mmercury::engine::market_actor[0m[2m:[0m Opportunity BLOCKED by circuit breakers [3mopp_id[0m[2m=[0mfe8ab7fe-5c26-414a-bbce-618416bca601 [3mmarket_id[0m[2m=[0m631deb8c-fbb4-489e-818e-ae698f57f50b [3mapproved_size[0m[2m=[0m93
[2m2026-04-12T20:32:13.669127Z[0m [32m INFO[0m [2mmercury::engine::detector[0m[2m:[0m ARB OPPORTUNITY DETECTED — passing to execution pipeline [3mmarket_id[0m[2m=[0m631deb8c-fbb4-489e-818e-ae698f57f50b [3mnet_spread[0m[2m=[0m0.0273541149850869073331276355 [3mraw_spread[0m[2m=[0m0.0400 [3mscore[0m[2m=[0m0.1242457790068436308954865580 [3mleg_a[0m[2m=[0mKalshi [3mleg_b[0m[2m=[0mPolymarket [3mleg_a_price[0m[2m=[0m0.5600 [3mleg_b_price[0m[2m=[0m0.4 [3mavailable_size[0m[2m=[0m93.89
[2m2026-04-12T20:32:13.669317Z[0m [34mDEBUG[0m [2mmercury::engine::market_actor[0m[2m:[0m Tick received — running arb detection [3mmarket_id[0m[2m=[0m631deb8c-fbb4-489e-818e-ae698f57f50b [3mplatform[0m[2m=[0mKalshi [3mbid[0m[2m=[0m0.5400 [3mask[0m[2m=[0m0.5600 [3mmid[0m[2m=[0m0.5500 [3mbid_size[0m[2m=[0m693.76 [3mask_size[0m[2m=[0m97.23
[2m2026-04-12T20:32:13.669385Z[0m [33m WARN[0m [2mmercury::risk::circuit_breaker[0m[2m:[0m Circuit breakers tripped [3mcount[0m[2m=[0m1
[2m2026-04-12T20:32:13.669460Z[0m [33m WARN[0m [2mmercury::engine::market_actor[0m[2m:[0m Opportunity BLOCKED by circuit breakers [3mopp_id[0m[2m=[0m96f8615c-0e38-4352-98dc-dacac092a7f0 [3mmarket_id[0m[2m=[0m631deb8c-fbb4-489e-818e-ae698f57f50b [3mapproved_size[0m[2m=[0m93
[2m2026-04-12T20:32:13.669466Z[0m [34mDEBUG[0m [2mmercury::engine::spread[0m[2m:[0m Evaluated spread direction 2 [3mmarket_id[0m[2m=[0m631deb8c-fbb4-489e-818e-ae698f57f50b [3mdirection[0m[2m=[0m"NO-A/YES-B" [3mraw_spread[0m[2m=[0m-0.0700 [3mbid_a[0m[2m=[0m0.5400 [3mask_b[0m[2m=[0m0.61
[2m2026-04-12T20:32:13.669609Z[0m [32m INFO[0m [2mmercury::engine::detector[0m[2m:[0m ARB OPPORTUNITY DETECTED — passing to execution pipeline [3mmarket_id[0m[2m=[0m631deb8c-fbb4-489e-818e-ae698f57f50b [3mnet_spread[0m[2m=[0m0.0273541149850869073331276355 [3mraw_spread[0m[2m=[0m0.0400 [3mscore[0m[2m=[0m0.1242457790068436308954865580 [3mleg_a[0m[2m=[0mKalshi [3mleg_b[0m[2m=[0mPolymarket [3mleg_a_price[0m[2m=[0m0.5600 [3mleg_b_price[0m[2m=[0m0.4 [3mavailable_size[0m[2m=[0m93.89
[2m2026-04-12T20:32:13.669840Z[0m [33m WARN[0m [2mmercury::risk::circuit_breaker[0m[2m:[0m Circuit breakers tripped [3mcount[0m[2m=[0m1
[2m2026-04-12T20:32:13.669914Z[0m [33m WARN[0m [2mmercury::engine::market_actor[0m[2m:[0m Opportunity BLOCKED by circuit breakers [3mopp_id[0m[2m=[0m88c69440-fca1-4752-9821-69c4b895375a [3mmarket_id[0m[2m=[0m631deb8c-fbb4-489e-818e-ae698f57f50b [3mapproved_size[0m[2m=[0m93
[2m2026-04-12T20:32:13.669956Z[0m [33m WARN[0m [2mmercury::risk::circuit_breaker[0m[2m:[0m Circuit breakers tripped [3mcount[0m[2m=[0m1
[2m2026-04-12T20:32:13.670042Z[0m [33m WARN[0m [2mmercury::engine::market_actor[0m[2m:[0m Opportunity BLOCKED by circuit breakers [3mopp_id[0m[2m=[0mce951444-9458-4194-a94a-71f7b67df959 [3mmarket_id[0m[2m=[0m631deb8c-fbb4-489e-818e-ae698f57f50b [3mapproved_size[0m[2m=[0m93
[2m2026-04-12T20:32:13.692559Z[0m [34mDEBUG[0m [2mmercury::engine::market_actor[0m[2m:[0m Tick received — running arb detection [3mmarket_id[0m[2m=[0m631deb8c-fbb4-489e-818e-ae698f57f50b [3mplatform[0m[2m=[0mKalshi [3mbid[0m[2m=[0m0.5400 [3mask[0m[2m=[0m0.5600 [3mmid[0m[2m=[0m0.5500 [3mbid_size[0m[2m=[0m693.76 [3mask_size[0m[2m=[0m97.23
[2m2026-04-12T20:32:13.692999Z[0m [34mDEBUG[0m [2mmercury::engine::spread[0m[2m:[0m Evaluated spread direction 2 [3mmarket_id[0m[2m=[0m631deb8c-fbb4-489e-818e-ae698f57f50b [3mdirection[0m[2m=[0m"NO-A/YES-B" [3mraw_spread[0m[2m=[0m-0.0700 [3mbid_a[0m[2m=[0m0.5400 [3mask_b[0m[2m=[0m0.61
[2m2026-04-12T20:32:13.693211Z[0m [32m INFO[0m [2mmercury::engine::detector[0m[2m:[0m ARB OPPORTUNITY DETECTED — passing to execution pipeline [3mmarket_id[0m[2m=[0m631deb8c-fbb4-489e-818e-ae698f57f50b [3mnet_spread[0m[2m=[0m0.0273541149850869073331276355 [3mraw_spread[0m[2m=[0m0.0400 [3mscore[0m[2m=[0m0.1242457790068436308954865580 [3mleg_a[0m[2m=[0mKalshi [3mleg_b[0m[2m=[0mPolymarket [3mleg_a_price[0m[2m=[0m0.5600 [3mleg_b_price[0m[2m=[0m0.4 [3mavailable_size[0m[2m=[0m93.89
[2m2026-04-12T20:32:13.693477Z[0m [34mDEBUG[0m [2mmercury::engine::market_actor[0m[2m:[0m Tick received — running arb detection [3mmarket_id[0m[2m=[0m631deb8c-fbb4-489e-818e-ae698f57f50b [3mplatform[0m[2m=[0mPolymarket [3mbid[0m[2m=[0m0.6 [3mask[0m[2m=[0m0.61 [3mmid[0m[2m=[0m0.6050 [3mbid_size[0m[2m=[0m93.89 [3mask_size[0m[2m=[0m5
[2m2026-04-12T20:32:13.693672Z[0m [34mDEBUG[0m [2mmercury::engine::spread[0m[2m:[0m Evaluated spread direction 2 [3mmarket_id[0m[2m=[0m631deb8c-fbb4-489e-818e-ae698f57f50b [3mdirection[0m[2m=[0m"NO-A/YES-B" [3mraw_spread[0m[2m=[0m-0.0700 [3mbid_a[0m[2m=[0m0.5400 [3mask_b[0m[2m=[0m0.61
[2m2026-04-12T20:32:13.693866Z[0m [32m INFO[0m [2mmercury::engine::detector[0m[2m:[0m ARB OPPORTUNITY DETECTED — passing to execution pipeline [3mmarket_id[0m[2m=[0m631deb8c-fbb4-489e-818e-ae698f57f50b [3mnet_spread[0m[2m=[0m0.0273541149850869073331276355 [3mraw_spread[0m[2m=[0m0.0400 [3mscore[0m[2m=[0m0.1242457790068436308954865580 [3mleg_a[0m[2m=[0mKalshi [3mleg_b[0m[2m=[0mPolymarket [3mleg_a_price[0m[2m=[0m0.5600 [3mleg_b_price[0m[2m=[0m0.4 [3mavailable_size[0m[2m=[0m93.89
[2m2026-04-12T20:32:13.694120Z[0m [34mDEBUG[0m [2mmercury::engine::market_actor[0m[2m:[0m Tick received — running arb detection [3mmarket_id[0m[2m=[0m631deb8c-fbb4-489e-818e-ae698f57f50b [3mplatform[0m[2m=[0mKalshi [3mbid[0m[2m=[0m0.5400 [3mask[0m[2m=[0m0.5600 [3mmid[0m[2m=[0m0.5500 [3mbid_size[0m[2m=[0m693.76 [3mask_size[0m[2m=[0m97.23
[2m2026-04-12T20:32:13.694235Z[0m [33m WARN[0m [2mmercury::risk::circuit_breaker[0m[2m:[0m Circuit breakers tripped [3mcount[0m[2m=[0m1
[2m2026-04-12T20:32:13.694342Z[0m [33m WARN[0m [2mmercury::engine::market_actor[0m[2m:[0m Opportunity BLOCKED by circuit breakers [3mopp_id[0m[2m=[0m33d7f565-d025-48d9-9fbb-3d67a8bca489 [3mmarket_id[0m[2m=[0m631deb8c-fbb4-489e-818e-ae698f57f50b [3mapproved_size[0m[2m=[0m93
[2m2026-04-12T20:32:13.694347Z[0m [34mDEBUG[0m [2mmercury::engine::spread[0m[2m:[0m Evaluated spread direction 2 [3mmarket_id[0m[2m=[0m631deb8c-fbb4-489e-818e-ae698f57f50b [3mdirection[0m[2m=[0m"NO-A/YES-B" [3mraw_spread[0m[2m=[0m-0.0700 [3mbid_a[0m[2m=[0m0.5400 [3mask_b[0m[2m=[0m0.61
[2m2026-04-12T20:32:13.694541Z[0m [32m INFO[0m [2mmercury::engine::detector[0m[2m:[0m ARB OPPORTUNITY DETECTED — passing to execution pipeline [3mmarket_id[0m[2m=[0m631deb8c-fbb4-489e-818e-ae698f57f50b [3mnet_spread[0m[2m=[0m0.0273541149850869073331276355 [3mraw_spread[0m[2m=[0m0.0400 [3mscore[0m[2m=[0m0.1242457790068436308954865580 [3mleg_a[0m[2m=[0mKalshi [3mleg_b[0m[2m=[0mPolymarket [3mleg_a_price[0m[2m=[0m0.5600 [3mleg_b_price[0m[2m=[0m0.4 [3mavailable_size[0m[2m=[0m93.89
[2m2026-04-12T20:32:13.694800Z[0m [34mDEBUG[0m [2mmercury::engine::market_actor[0m[2m:[0m Tick received — running arb detection [3mmarket_id[0m[2m=[0m631deb8c-fbb4-489e-818e-ae698f57f50b [3mplatform[0m[2m=[0mPolymarket [3mbid[0m[2m=[0m0.6 [3mask[0m[2m=[0m0.61 [3mmid[0m[2m=[0m0.6050 [3mbid_size[0m[2m=[0m93.89 [3mask_size[0m[2m=[0m5
[2m2026-04-12T20:32:13.694895Z[0m [33m WARN[0m [2mmercury::risk::circuit_breaker[0m[2m:[0m Circuit breakers tripped [3mcount[0m[2m=[0m1
[2m2026-04-12T20:32:13.694990Z[0m [34mDEBUG[0m [2mmercury::engine::spread[0m[2m:[0m Evaluated spread direction 2 [3mmarket_id[0m[2m=[0m631deb8c-fbb4-489e-818e-ae698f57f50b [3mdirection[0m[2m=[0m"NO-A/YES-B" [3mraw_spread[0m[2m=[0m-0.0700 [3mbid_a[0m[2m=[0m0.5400 [3mask_b[0m[2m=[0m0.61
[2m2026-04-12T20:32:13.694998Z[0m [33m WARN[0m [2mmercury::engine::market_actor[0m[2m:[0m Opportunity BLOCKED by circuit breakers [3mopp_id[0m[2m=[0m58ea1f5e-4f3b-416c-867c-3412c3923e1f [3mmarket_id[0m[2m=[0m631deb8c-fbb4-489e-818e-ae698f57f50b [3mapproved_size[0m[2m=[0m93
[2m2026-04-12T20:32:13.695189Z[0m [32m INFO[0m [2mmercury::engine::detector[0m[2m:[0m ARB OPPORTUNITY DETECTED — passing to execution pipeline [3mmarket_id[0m[2m=[0m631deb8c-fbb4-489e-818e-ae698f57f50b [3mnet_spread[0m[2m=[0m0.0273541149850869073331276355 [3mraw_spread[0m[2m=[0m0.0400 [3mscore[0m[2m=[0m0.1242457790068436308954865580 [3mleg_a[0m[2m=[0mKalshi [3mleg_b[0m[2m=[0mPolymarket [3mleg_a_price[0m[2m=[0m0.5600 [3mleg_b_price[0m[2m=[0m0.4 [3mavailable_size[0m[2m=[0m93.89
[2m2026-04-12T20:32:13.695439Z[0m [34mDEBUG[0m [2mmercury::engine::market_actor[0m[2m:[0m Tick received — running arb detection [3mmarket_id[0m[2m=[0m631deb8c-fbb4-489e-818e-ae698f57f50b [3mplatform[0m[2m=[0mKalshi [3mbid[0m[2m=[0m0.5400 [3mask[0m[2m=[0m0.5600 [3mmid[0m[2m=[0m0.5500 [3mbid_size[0m[2m=[0m693.76 [3mask_size[0m[2m=[0m102.23
[2m2026-04-12T20:32:13.695554Z[0m [33m WARN[0m [2mmercury::risk::circuit_breaker[0m[2m:[0m Circuit breakers tripped [3mcount[0m[2m=[0m1
[2m2026-04-12T20:32:13.695640Z[0m [34mDEBUG[0m [2mmercury::engine::spread[0m[2m:[0m Evaluated spread direction 2 [3mmarket_id[0m[2m=[0m631deb8c-fbb4-489e-818e-ae698f57f50b [3mdirection[0m[2m=[0m"NO-A/YES-B" [3mraw_spread[0m[2m=[0m-0.0700 [3mbid_a[0m[2m=[0m0.5400 [3mask_b[0m[2m=[0m0.61
[2m2026-04-12T20:32:13.695661Z[0m [33m WARN[0m [2mmercury::engine::market_actor[0m[2m:[0m Opportunity BLOCKED by circuit breakers [3mopp_id[0m[2m=[0m2ed2e5fc-2547-43ea-9951-158743b7dfbc [3mmarket_id[0m[2m=[0m631deb8c-fbb4-489e-818e-ae698f57f50b [3mapproved_size[0m[2m=[0m93
[2m2026-04-12T20:32:13.695839Z[0m [32m INFO[0m [2mmercury::engine::detector[0m[2m:[0m ARB OPPORTUNITY DETECTED — passing to execution pipeline [3mmarket_id[0m[2m=[0m631deb8c-fbb4-489e-818e-ae698f57f50b [3mnet_spread[0m[2m=[0m0.0268829169519710456813068571 [3mraw_spread[0m[2m=[0m0.0400 [3mscore[0m[2m=[0m0.1221055391664068143991828042 [3mleg_a[0m[2m=[0mKalshi [3mleg_b[0m[2m=[0mPolymarket [3mleg_a_price[0m[2m=[0m0.5600 [3mleg_b_price[0m[2m=[0m0.4 [3mavailable_size[0m[2m=[0m93.89
[2m2026-04-12T20:32:13.696085Z[0m [34mDEBUG[0m [2mmercury::engine::market_actor[0m[2m:[0m Tick received — running arb detection [3mmarket_id[0m[2m=[0m631deb8c-fbb4-489e-818e-ae698f57f50b [3mplatform[0m[2m=[0mKalshi [3mbid[0m[2m=[0m0.5400 [3mask[0m[2m=[0m0.5600 [3mmid[0m[2m=[0m0.5500 [3mbid_size[0m[2m=[0m695.52 [3mask_size[0m[2m=[0m102.23
[2m2026-04-12T20:32:13.696176Z[0m [33m WARN[0m [2mmercury::risk::circuit_breaker[0m[2m:[0m Circuit breakers tripped [3mcount[0m[2m=[0m1
[2m2026-04-12T20:32:13.696235Z[0m [34mDEBUG[0m [2mmercury::engine::spread[0m[2m:[0m Evaluated spread direction 2 [3mmarket_id[0m[2m=[0m631deb8c-fbb4-489e-818e-ae698f57f50b [3mdirection[0m[2m=[0m"NO-A/YES-B" [3mraw_spread[0m[2m=[0m-0.0700 [3mbid_a[0m[2m=[0m0.5400 [3mask_b[0m[2m=[0m0.61
[2m2026-04-12T20:32:13.696256Z[0m [33m WARN[0m [2mmercury::engine::market_actor[0m[2m:[0m Opportunity BLOCKED by circuit breakers [3mopp_id[0m[2m=[0m00f6b840-d757-4f3b-8e70-565ff9725a2a [3mmarket_id[0m[2m=[0m631deb8c-fbb4-489e-818e-ae698f57f50b [3mapproved_size[0m[2m=[0m93
[2m2026-04-12T20:32:13.696385Z[0m [32m INFO[0m [2mmercury::engine::detector[0m[2m:[0m ARB OPPORTUNITY DETECTED — passing to execution pipeline [3mmarket_id[0m[2m=[0m631deb8c-fbb4-489e-818e-ae698f57f50b [3mnet_spread[0m[2m=[0m0.0268829169519710456813068571 [3mraw_spread[0m[2m=[0m0.0400 [3mscore[0m[2m=[0m0.1221055391664068143991828042 [3mleg_a[0m[2m=[0mKalshi [3mleg_b[0m[2m=[0mPolymarket [3mleg_a_price[0m[2m=[0m0.5600 [3mleg_b_price[0m[2m=[0m0.4 [3mavailable_size[0m[2m=[0m93.89
[2m2026-04-12T20:32:13.696575Z[0m [34mDEBUG[0m [2mmercury::engine::market_actor[0m[2m:[0m Tick received — running arb detection [3mmarket_id[0m[2m=[0m631deb8c-fbb4-489e-818e-ae698f57f50b [3mplatform[0m[2m=[0mKalshi [3mbid[0m[2m=[0m0.5400 [3mask[0m[2m=[0m0.5600 [3mmid[0m[2m=[0m0.5500 [3mbid_size[0m[2m=[0m695.52 [3mask_size[0m[2m=[0m102.23
[2m2026-04-12T20:32:13.696655Z[0m [33m WARN[0m [2mmercury::risk::circuit_breaker[0m[2m:[0m Circuit breakers tripped [3mcount[0m[2m=[0m1
[2m2026-04-12T20:32:13.696728Z[0m [34mDEBUG[0m [2mmercury::engine::spread[0m[2m:[0m Evaluated spread direction 2 [3mmarket_id[0m[2m=[0m631deb8c-fbb4-489e-818e-ae698f57f50b [3mdirection[0m[2m=[0m"NO-A/YES-B" [3mraw_spread[0m[2m=[0m-0.0700 [3mbid_a[0m[2m=[0m0.5400 [3mask_b[0m[2m=[0m0.61
[2m2026-04-12T20:32:13.696736Z[0m [33m WARN[0m [2mmercury::engine::market_actor[0m[2m:[0m Opportunity BLOCKED by circuit breakers [3mopp_id[0m[2m=[0m9100a933-bd27-45c9-bb10-820296733391 [3mmarket_id[0m[2m=[0m631deb8c-fbb4-489e-818e-ae698f57f50b [3mapproved_size[0m[2m=[0m93
[2m2026-04-12T20:32:13.696878Z[0m [32m INFO[0m [2mmercury::engine::detector[0m[2m:[0m ARB OPPORTUNITY DETECTED — passing to execution pipeline [3mmarket_id[0m[2m=[0m631deb8c-fbb4-489e-818e-ae698f57f50b [3mnet_spread[0m[2m=[0m0.0268829169519710456813068571 [3mraw_spread[0m[2m=[0m0.0400 [3mscore[0m[2m=[0m0.1221055391664068143991828042 [3mleg_a[0m[2m=[0mKalshi [3mleg_b[0m[2m=[0mPolymarket [3mleg_a_price[0m[2m=[0m0.5600 [3mleg_b_price[0m[2m=[0m0.4 [3mavailable_size[0m[2m=[0m93.89
[2m2026-04-12T20:32:13.697068Z[0m [34mDEBUG[0m [2mmercury::engine::market_actor[0m[2m:[0m Tick received — running arb detection [3mmarket_id[0m[2m=[0m631deb8c-fbb4-489e-818e-ae698f57f50b [3mplatform[0m[2m=[0mKalshi [3mbid[0m[2m=[0m0.5400 [3mask[0m[2m=[0m0.5600 [3mmid[0m[2m=[0m0.5500 [3mbid_size[0m[2m=[0m695.52 [3mask_size[0m[2m=[0m102.23
[2m2026-04-12T20:32:13.697124Z[0m [33m WARN[0m [2mmercury::risk::circuit_breaker[0m[2m:[0m Circuit breakers tripped [3mcount[0m[2m=[0m1
[2m2026-04-12T20:32:13.697190Z[0m [33m WARN[0m [2mmercury::engine::market_actor[0m[2m:[0m Opportunity BLOCKED by circuit breakers [3mopp_id[0m[2m=[0md677c70a-8596-4e39-a261-a3dbf4154c0e [3mmarket_id[0m[2m=[0m631deb8c-fbb4-489e-818e-ae698f57f50b [3mapproved_size[0m[2m=[0m93
[2m2026-04-12T20:32:13.697222Z[0m [34mDEBUG[0m [2mmercury::engine::spread[0m[2m:[0m Evaluated spread direction 2 [3mmarket_id[0m[2m=[0m631deb8c-fbb4-489e-818e-ae698f57f50b [3mdirection[0m[2m=[0m"NO-A/YES-B" [3mraw_spread[0m[2m=[0m-0.0700 [3mbid_a[0m[2m=[0m0.5400 [3mask_b[0m[2m=[0m0.61
[2m2026-04-12T20:32:13.697368Z[0m [32m INFO[0m [2mmercury::engine::detector[0m[2m:[0m ARB OPPORTUNITY DETECTED — passing to execution pipeline [3mmarket_id[0m[2m=[0m631deb8c-fbb4-489e-818e-ae698f57f50b [3mnet_spread[0m[2m=[0m0.0268829169519710456813068571 [3mraw_spread[0m[2m=[0m0.0400 [3mscore[0m[2m=[0m0.1221055391664068143991828042 [3mleg_a[0m[2m=[0mKalshi [3mleg_b[0m[2m=[0mPolymarket [3mleg_a_price[0m[2m=[0m0.5600 [3mleg_b_price[0m[2m=[0m0.4 [3mavailable_size[0m[2m=[0m93.89
[2m2026-04-12T20:32:13.697558Z[0m [34mDEBUG[0m [2mmercury::engine::market_actor[0m[2m:[0m Tick received — running arb detection [3mmarket_id[0m[2m=[0m631deb8c-fbb4-489e-818e-ae698f57f50b [3mplatform[0m[2m=[0mKalshi [3mbid[0m[2m=[0m0.5400 [3mask[0m[2m=[0m0.5600 [3mmid[0m[2m=[0m0.5500 [3mbid_size[0m[2m=[0m695.52 [3mask_size[0m[2m=[0m102.23
[2m2026-04-12T20:32:13.697638Z[0m [33m WARN[0m [2mmercury::risk::circuit_breaker[0m[2m:[0m Circuit breakers tripped [3mcount[0m[2m=[0m1
[2m2026-04-12T20:32:13.697709Z[0m [34mDEBUG[0m [2mmercury::engine::spread[0m[2m:[0m Evaluated spread direction 2 [3mmarket_id[0m[2m=[0m631deb8c-fbb4-489e-818e-ae698f57f50b [3mdirection[0m[2m=[0m"NO-A/YES-B" [3mraw_spread[0m[2m=[0m-0.0700 [3mbid_a[0m[2m=[0m0.5400 [3mask_b[0m[2m=[0m0.61
[2m2026-04-12T20:32:13.697724Z[0m [33m WARN[0m [2mmercury::engine::market_actor[0m[2m:[0m Opportunity BLOCKED by circuit breakers [3mopp_id[0m[2m=[0m6354a8ea-37de-4b63-ba7d-3ef97b72b38c [3mmarket_id[0m[2m=[0m631deb8c-fbb4-489e-818e-ae698f57f50b [3mapproved_size[0m[2m=[0m93
[2m2026-04-12T20:32:13.697862Z[0m [32m INFO[0m [2mmercury::engine::detector[0m[2m:[0m ARB OPPORTUNITY DETECTED — passing to execution pipeline [3mmarket_id[0m[2m=[0m631deb8c-fbb4-489e-818e-ae698f57f50b [3mnet_spread[0m[2m=[0m0.0268829169519710456813068571 [3mraw_spread[0m[2m=[0m0.0400 [3mscore[0m[2m=[0m0.1221055391664068143991828042 [3mleg_a[0m[2m=[0mKalshi [3mleg_b[0m[2m=[0mPolymarket [3mleg_a_price[0m[2m=[0m0.5600 [3mleg_b_price[0m[2m=[0m0.4 [3mavailable_size[0m[2m=[0m93.89
[2m2026-04-12T20:32:13.698084Z[0m [33m WARN[0m [2mmercury::risk::circuit_breaker[0m[2m:[0m Circuit breakers tripped [3mcount[0m[2m=[0m1
[2m2026-04-12T20:32:13.698158Z[0m [33m WARN[0m [2mmercury::engine::market_actor[0m[2m:[0m Opportunity BLOCKED by circuit breakers [3mopp_id[0m[2m=[0m269691e2-9a18-49e1-bfc4-977f40440478 [3mmarket_id[0m[2m=[0m631deb8c-fbb4-489e-818e-ae698f57f50b [3mapproved_size[0m[2m=[0m93
[2m2026-04-12T20:32:13.698202Z[0m [33m WARN[0m [2mmercury::risk::circuit_breaker[0m[2m:[0m Circuit breakers tripped [3mcount[0m[2m=[0m1
[2m2026-04-12T20:32:13.698290Z[0m [33m WARN[0m [2mmercury::engine::market_actor[0m[2m:[0m Opportunity BLOCKED by circuit breakers [3mopp_id[0m[2m=[0mcbd0135d-6c1b-4be3-8a14-5b5d08eba49a [3mmarket_id[0m[2m=[0m631deb8c-fbb4-489e-818e-ae698f57f50b [3mapproved_size[0m[2m=[0m93
[2m2026-04-12T20:32:13.759167Z[0m [34mDEBUG[0m [2mmercury::engine::market_actor[0m[2m:[0m Tick received — running arb detection [3mmarket_id[0m[2m=[0m631deb8c-fbb4-489e-818e-ae698f57f50b [3mplatform[0m[2m=[0mKalshi [3mbid[0m[2m=[0m0.5400 [3mask[0m[2m=[0m0.5600 [3mmid[0m[2m=[0m0.5500 [3mbid_size[0m[2m=[0m695.52 [3mask_size[0m[2m=[0m102.23
[2m2026-04-12T20:32:13.759481Z[0m [34mDEBUG[0m [2mmercury::engine::spread[0m[2m:[0m Evaluated spread direction 2 [3mmarket_id[0m[2m=[0m631deb8c-fbb4-489e-818e-ae698f57f50b [3mdirection[0m[2m=[0m"NO-A/YES-B" [3mraw_spread[0m[2m=[0m-0.0700 [3mbid_a[0m[2m=[0m0.5400 [3mask_b[0m[2m=[0m0.61
[2m2026-04-12T20:32:13.759694Z[0m [32m INFO[0m [2mmercury::engine::detector[0m[2m:[0m ARB OPPORTUNITY DETECTED — passing to execution pipeline [3mmarket_id[0m[2m=[0m631deb8c-fbb4-489e-818e-ae698f57f50b [3mnet_spread[0m[2m=[0m0.0268829169519710456813068571 [3mraw_spread[0m[2m=[0m0.0400 [3mscore[0m[2m=[0m0.1221055391664068143991828042 [3mleg_a[0m[2m=[0mKalshi [3mleg_b[0m[2m=[0mPolymarket [3mleg_a_price[0m[2m=[0m0.5600 [3mleg_b_price[0m[2m=[0m0.4 [3mavailable_size[0m[2m=[0m93.89
[2m2026-04-12T20:32:13.759942Z[0m [34mDEBUG[0m [2mmercury::engine::market_actor[0m[2m:[0m Tick received — running arb detection [3mmarket_id[0m[2m=[0m631deb8c-fbb4-489e-818e-ae698f57f50b [3mplatform[0m[2m=[0mKalshi [3mbid[0m[2m=[0m0.5400 [3mask[0m[2m=[0m0.5600 [3mmid[0m[2m=[0m0.5500 [3mbid_size[0m[2m=[0m695.52 [3mask_size[0m[2m=[0m102.23
[2m2026-04-12T20:32:13.760141Z[0m [34mDEBUG[0m [2mmercury::engine::spread[0m[2m:[0m Evaluated spread direction 2 [3mmarket_id[0m[2m=[0m631deb8c-fbb4-489e-818e-ae698f57f50b [3mdirection[0m[2m=[0m"NO-A/YES-B" [3mraw_spread[0m[2m=[0m-0.0700 [3mbid_a[0m[2m=[0m0.5400 [3mask_b[0m[2m=[0m0.61
[2m2026-04-12T20:32:13.760331Z[0m [32m INFO[0m [2mmercury::engine::detector[0m[2m:[0m ARB OPPORTUNITY DETECTED — passing to execution pipeline [3mmarket_id[0m[2m=[0m631deb8c-fbb4-489e-818e-ae698f57f50b [3mnet_spread[0m[2m=[0m0.0268829169519710456813068571 [3mraw_spread[0m[2m=[0m0.0400 [3mscore[0m[2m=[0m0.1221055391664068143991828042 [3mleg_a[0m[2m=[0mKalshi [3mleg_b[0m[2m=[0mPolymarket [3mleg_a_price[0m[2m=[0m0.5600 [3mleg_b_price[0m[2m=[0m0.4 [3mavailable_size[0m[2m=[0m93.89
[2m2026-04-12T20:32:13.760582Z[0m [34mDEBUG[0m [2mmercury::engine::market_actor[0m[2m:[0m Tick received — running arb detection [3mmarket_id[0m[2m=[0m631deb8c-fbb4-489e-818e-ae698f57f50b [3mplatform[0m[2m=[0mKalshi [3mbid[0m[2m=[0m0.5400 [3mask[0m[2m=[0m0.5600 [3mmid[0m[2m=[0m0.5500 [3mbid_size[0m[2m=[0m697.28 [3mask_size[0m[2m=[0m102.23
[2m2026-04-12T20:32:13.760699Z[0m [33m WARN[0m [2mmercury::risk::circuit_breaker[0m[2m:[0m Circuit breakers tripped [3mcount[0m[2m=[0m1
[2m2026-04-12T20:32:13.760780Z[0m [34mDEBUG[0m [2mmercury::engine::spread[0m[2m:[0m Evaluated spread direction 2 [3mmarket_id[0m[2m=[0m631deb8c-fbb4-489e-818e-ae698f57f50b [3mdirection[0m[2m=[0m"NO-A/YES-B" [3mraw_spread[0m[2m=[0m-0.0700 [3mbid_a[0m[2m=[0m0.5400 [3mask_b[0m[2m=[0m0.61
[2m2026-04-12T20:32:13.760805Z[0m [33m WARN[0m [2mmercury::engine::market_actor[0m[2m:[0m Opportunity BLOCKED by circuit breakers [3mopp_id[0m[2m=[0m6424fed2-03d0-4bb5-8f99-e603a17ff5d8 [3mmarket_id[0m[2m=[0m631deb8c-fbb4-489e-818e-ae698f57f50b [3mapproved_size[0m[2m=[0m93
[2m2026-04-12T20:32:13.760972Z[0m [32m INFO[0m [2mmercury::engine::detector[0m[2m:[0m ARB OPPORTUNITY DETECTED — passing to execution pipeline [3mmarket_id[0m[2m=[0m631deb8c-fbb4-489e-818e-ae698f57f50b [3mnet_spread[0m[2m=[0m0.0268829169519710456813068571 [3mraw_spread[0m[2m=[0m0.0400 [3mscore[0m[2m=[0m0.1221055391664068143991828042 [3mleg_a[0m[2m=[0mKalshi [3mleg_b[0m[2m=[0mPolymarket [3mleg_a_price[0m[2m=[0m0.5600 [3mleg_b_price[0m[2m=[0m0.4 [3mavailable_size[0m[2m=[0m93.89
[2m2026-04-12T20:32:13.761218Z[0m [34mDEBUG[0m [2mmercury::engine::market_actor[0m[2m:[0m Tick received — running arb detection [3mmarket_id[0m[2m=[0m631deb8c-fbb4-489e-818e-ae698f57f50b [3mplatform[0m[2m=[0mKalshi [3mbid[0m[2m=[0m0.5400 [3mask[0m[2m=[0m0.5600 [3mmid[0m[2m=[0m0.5500 [3mbid_size[0m[2m=[0m697.28 [3mask_size[0m[2m=[0m102.23
[2m2026-04-12T20:32:13.761319Z[0m [33m WARN[0m [2mmercury::risk::circuit_breaker[0m[2m:[0m Circuit breakers tripped [3mcount[0m[2m=[0m1
[2m2026-04-12T20:32:13.761425Z[0m [33m WARN[0m [2mmercury::engine::market_actor[0m[2m:[0m Opportunity BLOCKED by circuit breakers [3mopp_id[0m[2m=[0m1f12befd-385f-4f61-b285-be4c4c3fb507 [3mmarket_id[0m[2m=[0m631deb8c-fbb4-489e-818e-ae698f57f50b [3mapproved_size[0m[2m=[0m93
[2m2026-04-12T20:32:13.761420Z[0m [34mDEBUG[0m [2mmercury::engine::spread[0m[2m:[0m Evaluated spread direction 2 [3mmarket_id[0m[2m=[0m631deb8c-fbb4-489e-818e-ae698f57f50b [3mdirection[0m[2m=[0m"NO-A/YES-B" [3mraw_spread[0m[2m=[0m-0.0700 [3mbid_a[0m[2m=[0m0.5400 [3mask_b[0m[2m=[0m0.61
[2m2026-04-12T20:32:13.761606Z[0m [32m INFO[0m [2mmercury::engine::detector[0m[2m:[0m ARB OPPORTUNITY DETECTED — passing to execution pipeline [3mmarket_id[0m[2m=[0m631deb8c-fbb4-489e-818e-ae698f57f50b [3mnet_spread[0m[2m=[0m0.0268829169519710456813068571 [3mraw_spread[0m[2m=[0m0.0400 [3mscore[0m[2m=[0m0.1221055391664068143991828042 [3mleg_a[0m[2m=[0mKalshi [3mleg_b[0m[2m=[0mPolymarket [3mleg_a_price[0m[2m=[0m0.5600 [3mleg_b_price[0m[2m=[0m0.4 [3mavailable_size[0m[2m=[0m93.89
[2m2026-04-12T20:32:13.761809Z[0m [34mDEBUG[0m [2mmercury::engine::market_actor[0m[2m:[0m Tick received — running arb detection [3mmarket_id[0m[2m=[0m631deb8c-fbb4-489e-818e-ae698f57f50b [3mplatform[0m[2m=[0mKalshi [3mbid[0m[2m=[0m0.5400 [3mask[0m[2m=[0m0.5600 [3mmid[0m[2m=[0m0.5500 [3mbid_size[0m[2m=[0m697.28 [3mask_size[0m[2m=[0m102.23
[2m2026-04-12T20:32:13.761893Z[0m [33m WARN[0m [2mmercury::risk::circuit_breaker[0m[2m:[0m Circuit breakers tripped [3mcount[0m[2m=[0m1
[2m2026-04-12T20:32:13.761972Z[0m [33m WARN[0m [2mmercury::engine::market_actor[0m[2m:[0m Opportunity BLOCKED by circuit breakers [3mopp_id[0m[2m=[0m98f7748e-0355-4818-897f-24f4a71c8026 [3mmarket_id[0m[2m=[0m631deb8c-fbb4-489e-818e-ae698f57f50b [3mapproved_size[0m[2m=[0m93
[2m2026-04-12T20:32:13.761966Z[0m [34mDEBUG[0m [2mmercury::engine::spread[0m[2m:[0m Evaluated spread direction 2 [3mmarket_id[0m[2m=[0m631deb8c-fbb4-489e-818e-ae698f57f50b [3mdirection[0m[2m=[0m"NO-A/YES-B" [3mraw_spread[0m[2m=[0m-0.0700 [3mbid_a[0m[2m=[0m0.5400 [3mask_b[0m[2m=[0m0.61
[2m2026-04-12T20:32:13.762157Z[0m [32m INFO[0m [2mmercury::engine::detector[0m[2m:[0m ARB OPPORTUNITY DETECTED — passing to execution pipeline [3mmarket_id[0m[2m=[0m631deb8c-fbb4-489e-818e-ae698f57f50b [3mnet_spread[0m[2m=[0m0.0268829169519710456813068571 [3mraw_spread[0m[2m=[0m0.0400 [3mscore[0m[2m=[0m0.1221055391664068143991828042 [3mleg_a[0m[2m=[0mKalshi [3mleg_b[0m[2m=[0mPolymarket [3mleg_a_price[0m[2m=[0m0.5600 [3mleg_b_price[0m[2m=[0m0.4 [3mavailable_size[0m[2m=[0m93.89
[2m2026-04-12T20:32:13.762391Z[0m [33m WARN[0m [2mmercury::risk::circuit_breaker[0m[2m:[0m Circuit breakers tripped [3mcount[0m[2m=[0m1
[2m2026-04-12T20:32:13.762513Z[0m [33m WARN[0m [2mmercury::engine::market_actor[0m[2m:[0m Opportunity BLOCKED by circuit breakers [3mopp_id[0m[2m=[0m80ae766c-a3d5-45f0-aa78-e571ac4ef162 [3mmarket_id[0m[2m=[0m631deb8c-fbb4-489e-818e-ae698f57f50b [3mapproved_size[0m[2m=[0m93
[2m2026-04-12T20:32:13.762594Z[0m [33m WARN[0m [2mmercury::risk::circuit_breaker[0m[2m:[0m Circuit breakers tripped [3mcount[0m[2m=[0m1
[2m2026-04-12T20:32:13.762682Z[0m [33m WARN[0m [2mmercury::engine::market_actor[0m[2m:[0m Opportunity BLOCKED by circuit breakers [3mopp_id[0m[2m=[0m3c2c6d79-2d4e-42ea-8ced-16f5205a7715 [3mmarket_id[0m[2m=[0m631deb8c-fbb4-489e-818e-ae698f57f50b [3mapproved_size[0m[2m=[0m93
[2m2026-04-12T20:32:13.775274Z[0m [34mDEBUG[0m [2mmercury::engine::market_actor[0m[2m:[0m Tick received — running arb detection [3mmarket_id[0m[2m=[0m631deb8c-fbb4-489e-818e-ae698f57f50b [3mplatform[0m[2m=[0mKalshi [3mbid[0m[2m=[0m0.5400 [3mask[0m[2m=[0m0.5600 [3mmid[0m[2m=[0m0.5500 [3mbid_size[0m[2m=[0m697.28 [3mask_size[0m[2m=[0m102.23
[2m2026-04-12T20:32:13.775611Z[0m [34mDEBUG[0m [2mmercury::engine::spread[0m[2m:[0m Evaluated spread direction 2 [3mmarket_id[0m[2m=[0m631deb8c-fbb4-489e-818e-ae698f57f50b [3mdirection[0m[2m=[0m"NO-A/YES-B" [3mraw_spread[0m[2m=[0m-0.0700 [3mbid_a[0m[2m=[0m0.5400 [3mask_b[0m[2m=[0m0.61
[2m2026-04-12T20:32:13.775822Z[0m [32m INFO[0m [2mmercury::engine::detector[0m[2m:[0m ARB OPPORTUNITY DETECTED — passing to execution pipeline [3mmarket_id[0m[2m=[0m631deb8c-fbb4-489e-818e-ae698f57f50b [3mnet_spread[0m[2m=[0m0.0268829169519710456813068571 [3mraw_spread[0m[2m=[0m0.0400 [3mscore[0m[2m=[0m0.1221055391664068143991828042 [3mleg_a[0m[2m=[0mKalshi [3mleg_b[0m[2m=[0mPolymarket [3mleg_a_price[0m[2m=[0m0.5600 [3mleg_b_price[0m[2m=[0m0.4 [3mavailable_size[0m[2m=[0m93.89
[2m2026-04-12T20:32:13.776092Z[0m [34mDEBUG[0m [2mmercury::engine::market_actor[0m[2m:[0m Tick received — running arb detection [3mmarket_id[0m[2m=[0m631deb8c-fbb4-489e-818e-ae698f57f50b [3mplatform[0m[2m=[0mPolymarket [3mbid[0m[2m=[0m0.6 [3mask[0m[2m=[0m0.61 [3mmid[0m[2m=[0m0.6050 [3mbid_size[0m[2m=[0m93.89 [3mask_size[0m[2m=[0m5
[2m2026-04-12T20:32:13.776285Z[0m [34mDEBUG[0m [2mmercury::engine::spread[0m[2m:[0m Evaluated spread direction 2 [3mmarket_id[0m[2m=[0m631deb8c-fbb4-489e-818e-ae698f57f50b [3mdirection[0m[2m=[0m"NO-A/YES-B" [3mraw_spread[0m[2m=[0m-0.0700 [3mbid_a[0m[2m=[0m0.5400 [3mask_b[0m[2m=[0m0.61
[2m2026-04-12T20:32:13.776478Z[0m [32m INFO[0m [2mmercury::engine::detector[0m[2m:[0m ARB OPPORTUNITY DETECTED — passing to execution pipeline [3mmarket_id[0m[2m=[0m631deb8c-fbb4-489e-818e-ae698f57f50b [3mnet_spread[0m[2m=[0m0.0268829169519710456813068571 [3mraw_spread[0m[2m=[0m0.0400 [3mscore[0m[2m=[0m0.1221055391664068143991828042 [3mleg_a[0m[2m=[0mKalshi [3mleg_b[0m[2m=[0mPolymarket [3mleg_a_price[0m[2m=[0m0.5600 [3mleg_b_price[0m[2m=[0m0.4 [3mavailable_size[0m[2m=[0m93.89
[2m2026-04-12T20:32:13.776731Z[0m [34mDEBUG[0m [2mmercury::engine::market_actor[0m[2m:[0m Tick received — running arb detection [3mmarket_id[0m[2m=[0m631deb8c-fbb4-489e-818e-ae698f57f50b [3mplatform[0m[2m=[0mKalshi [3mbid[0m[2m=[0m0.5400 [3mask[0m[2m=[0m0.5600 [3mmid[0m[2m=[0m0.5500 [3mbid_size[0m[2m=[0m697.28 [3mask_size[0m[2m=[0m102.23
[2m2026-04-12T20:32:13.776846Z[0m [33m WARN[0m [2mmercury::risk::circuit_breaker[0m[2m:[0m Circuit breakers tripped [3mcount[0m[2m=[0m1
[2m2026-04-12T20:32:13.776930Z[0m [34mDEBUG[0m [2mmercury::engine::spread[0m[2m:[0m Evaluated spread direction 2 [3mmarket_id[0m[2m=[0m631deb8c-fbb4-489e-818e-ae698f57f50b [3mdirection[0m[2m=[0m"NO-A/YES-B" [3mraw_spread[0m[2m=[0m-0.0700 [3mbid_a[0m[2m=[0m0.5400 [3mask_b[0m[2m=[0m0.61
[2m2026-04-12T20:32:13.776953Z[0m [33m WARN[0m [2mmercury::engine::market_actor[0m[2m:[0m Opportunity BLOCKED by circuit breakers [3mopp_id[0m[2m=[0m05f8177d-8966-493c-887d-123dc6a7dd01 [3mmarket_id[0m[2m=[0m631deb8c-fbb4-489e-818e-ae698f57f50b [3mapproved_size[0m[2m=[0m93
[2m2026-04-12T20:32:13.777134Z[0m [32m INFO[0m [2mmercury::engine::detector[0m[2m:[0m ARB OPPORTUNITY DETECTED — passing to execution pipeline [3mmarket_id[0m[2m=[0m631deb8c-fbb4-489e-818e-ae698f57f50b [3mnet_spread[0m[2m=[0m0.0268829169519710456813068571 [3mraw_spread[0m[2m=[0m0.0400 [3mscore[0m[2m=[0m0.1221055391664068143991828042 [3mleg_a[0m[2m=[0mKalshi [3mleg_b[0m[2m=[0mPolymarket [3mleg_a_price[0m[2m=[0m0.5600 [3mleg_b_price[0m[2m=[0m0.4 [3mavailable_size[0m[2m=[0m93.89
[2m2026-04-12T20:32:13.777400Z[0m [34mDEBUG[0m [2mmercury::engine::market_actor[0m[2m:[0m Tick received — running arb detection [3mmarket_id[0m[2m=[0m631deb8c-fbb4-489e-818e-ae698f57f50b [3mplatform[0m[2m=[0mPolymarket [3mbid[0m[2m=[0m0.6 [3mask[0m[2m=[0m0.61 [3mmid[0m[2m=[0m0.6050 [3mbid_size[0m[2m=[0m93.89 [3mask_size[0m[2m=[0m5
[2m2026-04-12T20:32:13.777492Z[0m [33m WARN[0m [2mmercury::risk::circuit_breaker[0m[2m:[0m Circuit breakers tripped [3mcount[0m[2m=[0m1
[2m2026-04-12T20:32:13.777596Z[0m [33m WARN[0m [2mmercury::engine::market_actor[0m[2m:[0m Opportunity BLOCKED by circuit breakers [3mopp_id[0m[2m=[0mdae8b015-ecaa-44a7-8434-8e169d731aba [3mmarket_id[0m[2m=[0m631deb8c-fbb4-489e-818e-ae698f57f50b [3mapproved_size[0m[2m=[0m93
[2m2026-04-12T20:32:13.777600Z[0m [34mDEBUG[0m [2mmercury::engine::spread[0m[2m:[0m Evaluated spread direction 2 [3mmarket_id[0m[2m=[0m631deb8c-fbb4-489e-818e-ae698f57f50b [3mdirection[0m[2m=[0m"NO-A/YES-B" [3mraw_spread[0m[2m=[0m-0.0700 [3mbid_a[0m[2m=[0m0.5400 [3mask_b[0m[2m=[0m0.61
[2m2026-04-12T20:32:13.777828Z[0m [32m INFO[0m [2mmercury::engine::detector[0m[2m:[0m ARB OPPORTUNITY DETECTED — passing to execution pipeline [3mmarket_id[0m[2m=[0m631deb8c-fbb4-489e-818e-ae698f57f50b [3mnet_spread[0m[2m=[0m0.0268829169519710456813068571 [3mraw_spread[0m[2m=[0m0.0400 [3mscore[0m[2m=[0m0.1221055391664068143991828042 [3mleg_a[0m[2m=[0mKalshi [3mleg_b[0m[2m=[0mPolymarket [3mleg_a_price[0m[2m=[0m0.5600 [3mleg_b_price[0m[2m=[0m0.4 [3mavailable_size[0m[2m=[0m93.89
[2m2026-04-12T20:32:13.778050Z[0m [33m WARN[0m [2mmercury::risk::circuit_breaker[0m[2m:[0m Circuit breakers tripped [3mcount[0m[2m=[0m1
[2m2026-04-12T20:32:13.778123Z[0m [33m WARN[0m [2mmercury::engine::market_actor[0m[2m:[0m Opportunity BLOCKED by circuit breakers [3mopp_id[0m[2m=[0m24aa7df4-d317-419e-8ece-72ad11f6f8b7 [3mmarket_id[0m[2m=[0m631deb8c-fbb4-489e-818e-ae698f57f50b [3mapproved_size[0m[2m=[0m93
[2m2026-04-12T20:32:13.778184Z[0m [33m WARN[0m [2mmercury::risk::circuit_breaker[0m[2m:[0m Circuit breakers tripped [3mcount[0m[2m=[0m1
[2m2026-04-12T20:32:13.778271Z[0m [33m WARN[0m [2mmercury::engine::market_actor[0m[2m:[0m Opportunity BLOCKED by circuit breakers [3mopp_id[0m[2m=[0mf1f11cb8-bd0a-43e6-b64c-2cb88c83659b [3mmarket_id[0m[2m=[0m631deb8c-fbb4-489e-818e-ae698f57f50b [3mapproved_size[0m[2m=[0m93
[2m2026-04-12T20:32:13.778861Z[0m [34mDEBUG[0m [2mmercury::engine::market_actor[0m[2m:[0m Tick received — running arb detection [3mmarket_id[0m[2m=[0m631deb8c-fbb4-489e-818e-ae698f57f50b [3mplatform[0m[2m=[0mKalshi [3mbid[0m[2m=[0m0.5400 [3mask[0m[2m=[0m0.5600 [3mmid[0m[2m=[0m0.5500 [3mbid_size[0m[2m=[0m695.52 [3mask_size[0m[2m=[0m102.23
[2m2026-04-12T20:32:13.779032Z[0m [34mDEBUG[0m [2mmercury::engine::spread[0m[2m:[0m Evaluated spread direction 2 [3mmarket_id[0m[2m=[0m631deb8c-fbb4-489e-818e-ae698f57f50b [3mdirection[0m[2m=[0m"NO-A/YES-B" [3mraw_spread[0m[2m=[0m-0.0700 [3mbid_a[0m[2m=[0m0.5400 [3mask_b[0m[2m=[0m0.61
[2m2026-04-12T20:32:13.779188Z[0m [32m INFO[0m [2mmercury::engine::detector[0m[2m:[0m ARB OPPORTUNITY DETECTED — passing to execution pipeline [3mmarket_id[0m[2m=[0m631deb8c-fbb4-489e-818e-ae698f57f50b [3mnet_spread[0m[2m=[0m0.0268829169519710456813068571 [3mraw_spread[0m[2m=[0m0.0400 [3mscore[0m[2m=[0m0.1221055391664068143991828042 [3mleg_a[0m[2m=[0mKalshi [3mleg_b[0m[2m=[0mPolymarket [3mleg_a_price[0m[2m=[0m0.5600 [3mleg_b_price[0m[2m=[0m0.4 [3mavailable_size[0m[2m=[0m93.89
[2m2026-04-12T20:32:13.779402Z[0m [33m WARN[0m [2mmercury::risk::circuit_breaker[0m[2m:[0m Circuit breakers tripped [3mcount[0m[2m=[0m1
[2m2026-04-12T20:32:13.779472Z[0m [33m WARN[0m [2mmercury::engine::market_actor[0m[2m:[0m Opportunity BLOCKED by circuit breakers [3mopp_id[0m[2m=[0m25ba1580-3961-473b-bbac-8d8526ac246c [3mmarket_id[0m[2m=[0m631deb8c-fbb4-489e-818e-ae698f57f50b [3mapproved_size[0m[2m=[0m93
[2m2026-04-12T20:32:13.839354Z[0m [34mDEBUG[0m [2mmercury::engine::market_actor[0m[2m:[0m Tick received — running arb detection [3mmarket_id[0m[2m=[0m631deb8c-fbb4-489e-818e-ae698f57f50b [3mplatform[0m[2m=[0mKalshi [3mbid[0m[2m=[0m0.5400 [3mask[0m[2m=[0m0.5600 [3mmid[0m[2m=[0m0.5500 [3mbid_size[0m[2m=[0m697.28 [3mask_size[0m[2m=[0m102.23
[2m2026-04-12T20:32:13.839593Z[0m [34mDEBUG[0m [2mmercury::engine::spread[0m[2m:[0m Evaluated spread direction 2 [3mmarket_id[0m[2m=[0m631deb8c-fbb4-489e-818e-ae698f57f50b [3mdirection[0m[2m=[0m"NO-A/YES-B" [3mraw_spread[0m[2m=[0m-0.0700 [3mbid_a[0m[2m=[0m0.5400 [3mask_b[0m[2m=[0m0.61
[2m2026-04-12T20:32:13.839770Z[0m [32m INFO[0m [2mmercury::engine::detector[0m[2m:[0m ARB OPPORTUNITY DETECTED — passing to execution pipeline [3mmarket_id[0m[2m=[0m631deb8c-fbb4-489e-818e-ae698f57f50b [3mnet_spread[0m[2m=[0m0.0268829169519710456813068571 [3mraw_spread[0m[2m=[0m0.0400 [3mscore[0m[2m=[0m0.1221055391664068143991828042 [3mleg_a[0m[2m=[0mKalshi [3mleg_b[0m[2m=[0mPolymarket [3mleg_a_price[0m[2m=[0m0.5600 [3mleg_b_price[0m[2m=[0m0.4 [3mavailable_size[0m[2m=[0m93.89
[2m2026-04-12T20:32:13.839970Z[0m [34mDEBUG[0m [2mmercury::engine::market_actor[0m[2m:[0m Tick received — running arb detection [3mmarket_id[0m[2m=[0m631deb8c-fbb4-489e-818e-ae698f57f50b [3mplatform[0m[2m=[0mPolymarket [3mbid[0m[2m=[0m0.6 [3mask[0m[2m=[0m0.61 [3mmid[0m[2m=[0m0.6050 [3mbid_size[0m[2m=[0m93.89 [3mask_size[0m[2m=[0m5
[2m2026-04-12T20:32:13.840099Z[0m [34mDEBUG[0m [2mmercury::engine::spread[0m[2m:[0m Evaluated spread direction 2 [3mmarket_id[0m[2m=[0m631deb8c-fbb4-489e-818e-ae698f57f50b [3mdirection[0m[2m=[0m"NO-A/YES-B" [3mraw_spread[0m[2m=[0m-0.0700 [3mbid_a[0m[2m=[0m0.5400 [3mask_b[0m[2m=[0m0.61
[2m2026-04-12T20:32:13.840227Z[0m [32m INFO[0m [2mmercury::engine::detector[0m[2m:[0m ARB OPPORTUNITY DETECTED — passing to execution pipeline [3mmarket_id[0m[2m=[0m631deb8c-fbb4-489e-818e-ae698f57f50b [3mnet_spread[0m[2m=[0m0.0268829169519710456813068571 [3mraw_spread[0m[2m=[0m0.0400 [3mscore[0m[2m=[0m0.1221055391664068143991828042 [3mleg_a[0m[2m=[0mKalshi [3mleg_b[0m[2m=[0mPolymarket [3mleg_a_price[0m[2m=[0m0.5600 [3mleg_b_price[0m[2m=[0m0.4 [3mavailable_size[0m[2m=[0m93.89
[2m2026-04-12T20:32:13.840393Z[0m [34mDEBUG[0m [2mmercury::engine::market_actor[0m[2m:[0m Tick received — running arb detection [3mmarket_id[0m[2m=[0m631deb8c-fbb4-489e-818e-ae698f57f50b [3mplatform[0m[2m=[0mKalshi [3mbid[0m[2m=[0m0.5400 [3mask[0m[2m=[0m0.5600 [3mmid[0m[2m=[0m0.5500 [3mbid_size[0m[2m=[0m697.28 [3mask_size[0m[2m=[0m102.23
[2m2026-04-12T20:32:13.840477Z[0m [33m WARN[0m [2mmercury::risk::circuit_breaker[0m[2m:[0m Circuit breakers tripped [3mcount[0m[2m=[0m1
[2m2026-04-12T20:32:13.840525Z[0m [34mDEBUG[0m [2mmercury::engine::spread[0m[2m:[0m Evaluated spread direction 2 [3mmarket_id[0m[2m=[0m631deb8c-fbb4-489e-818e-ae698f57f50b [3mdirection[0m[2m=[0m"NO-A/YES-B" [3mraw_spread[0m[2m=[0m-0.0700 [3mbid_a[0m[2m=[0m0.5400 [3mask_b[0m[2m=[0m0.61
[2m2026-04-12T20:32:13.840547Z[0m [33m WARN[0m [2mmercury::engine::market_actor[0m[2m:[0m Opportunity BLOCKED by circuit breakers [3mopp_id[0m[2m=[0m01dc57a8-df88-45f3-927b-f988898a2344 [3mmarket_id[0m[2m=[0m631deb8c-fbb4-489e-818e-ae698f57f50b [3mapproved_size[0m[2m=[0m93
[2m2026-04-12T20:32:13.840651Z[0m [32m INFO[0m [2mmercury::engine::detector[0m[2m:[0m ARB OPPORTUNITY DETECTED — passing to execution pipeline [3mmarket_id[0m[2m=[0m631deb8c-fbb4-489e-818e-ae698f57f50b [3mnet_spread[0m[2m=[0m0.0268829169519710456813068571 [3mraw_spread[0m[2m=[0m0.0400 [3mscore[0m[2m=[0m0.1221055391664068143991828042 [3mleg_a[0m[2m=[0mKalshi [3mleg_b[0m[2m=[0mPolymarket [3mleg_a_price[0m[2m=[0m0.5600 [3mleg_b_price[0m[2m=[0m0.4 [3mavailable_size[0m[2m=[0m93.89
[2m2026-04-12T20:32:13.840829Z[0m [34mDEBUG[0m [2mmercury::engine::market_actor[0m[2m:[0m Tick received — running arb detection [3mmarket_id[0m[2m=[0m631deb8c-fbb4-489e-818e-ae698f57f50b [3mplatform[0m[2m=[0mPolymarket [3mbid[0m[2m=[0m0.6 [3mask[0m[2m=[0m0.61 [3mmid[0m[2m=[0m0.6050 [3mbid_size[0m[2m=[0m93.89 [3mask_size[0m[2m=[0m5
[2m2026-04-12T20:32:13.840881Z[0m [33m WARN[0m [2mmercury::risk::circuit_breaker[0m[2m:[0m Circuit breakers tripped [3mcount[0m[2m=[0m1
[2m2026-04-12T20:32:13.840949Z[0m [33m WARN[0m [2mmercury::engine::market_actor[0m[2m:[0m Opportunity BLOCKED by circuit breakers [3mopp_id[0m[2m=[0m406ab71a-2908-4fa1-823e-e70b6c4bbea4 [3mmarket_id[0m[2m=[0m631deb8c-fbb4-489e-818e-ae698f57f50b [3mapproved_size[0m[2m=[0m93
[2m2026-04-12T20:32:13.840956Z[0m [34mDEBUG[0m [2mmercury::engine::spread[0m[2m:[0m Evaluated spread direction 2 [3mmarket_id[0m[2m=[0m631deb8c-fbb4-489e-818e-ae698f57f50b [3mdirection[0m[2m=[0m"NO-A/YES-B" [3mraw_spread[0m[2m=[0m-0.0700 [3mbid_a[0m[2m=[0m0.5400 [3mask_b[0m[2m=[0m0.61
[2m2026-04-12T20:32:13.841077Z[0m [32m INFO[0m [2mmercury::engine::detector[0m[2m:[0m ARB OPPORTUNITY DETECTED — passing to execution pipeline [3mmarket_id[0m[2m=[0m631deb8c-fbb4-489e-818e-ae698f57f50b [3mnet_spread[0m[2m=[0m0.0268829169519710456813068571 [3mraw_spread[0m[2m=[0m0.0400 [3mscore[0m[2m=[0m0.1221055391664068143991828042 [3mleg_a[0m[2m=[0mKalshi [3mleg_b[0m[2m=[0mPolymarket [3mleg_a_price[0m[2m=[0m0.5600 [3mleg_b_price[0m[2m=[0m0.4 [3mavailable_size[0m[2m=[0m93.89
[2m2026-04-12T20:32:13.841241Z[0m [34mDEBUG[0m [2mmercury::engine::market_actor[0m[2m:[0m Tick received — running arb detection [3mmarket_id[0m[2m=[0m631deb8c-fbb4-489e-818e-ae698f57f50b [3mplatform[0m[2m=[0mKalshi [3mbid[0m[2m=[0m0.5400 [3mask[0m[2m=[0m0.5600 [3mmid[0m[2m=[0m0.5500 [3mbid_size[0m[2m=[0m697.28 [3mask_size[0m[2m=[0m102.23
[2m2026-04-12T20:32:13.841283Z[0m [33m WARN[0m [2mmercury::risk::circuit_breaker[0m[2m:[0m Circuit breakers tripped [3mcount[0m[2m=[0m1
[2m2026-04-12T20:32:13.841378Z[0m [34mDEBUG[0m [2mmercury::engine::spread[0m[2m:[0m Evaluated spread direction 2 [3mmarket_id[0m[2m=[0m631deb8c-fbb4-489e-818e-ae698f57f50b [3mdirection[0m[2m=[0m"NO-A/YES-B" [3mraw_spread[0m[2m=[0m-0.0700 [3mbid_a[0m[2m=[0m0.5400 [3mask_b[0m[2m=[0m0.61
[2m2026-04-12T20:32:13.841383Z[0m [33m WARN[0m [2mmercury::engine::market_actor[0m[2m:[0m Opportunity BLOCKED by circuit breakers [3mopp_id[0m[2m=[0m9aa37237-95a3-4633-bcce-8f6519b117f3 [3mmarket_id[0m[2m=[0m631deb8c-fbb4-489e-818e-ae698f57f50b [3mapproved_size[0m[2m=[0m93
[2m2026-04-12T20:32:13.841508Z[0m [32m INFO[0m [2mmercury::engine::detector[0m[2m:[0m ARB OPPORTUNITY DETECTED — passing to execution pipeline [3mmarket_id[0m[2m=[0m631deb8c-fbb4-489e-818e-ae698f57f50b [3mnet_spread[0m[2m=[0m0.0268829169519710456813068571 [3mraw_spread[0m[2m=[0m0.0400 [3mscore[0m[2m=[0m0.1221055391664068143991828042 [3mleg_a[0m[2m=[0mKalshi [3mleg_b[0m[2m=[0mPolymarket [3mleg_a_price[0m[2m=[0m0.5600 [3mleg_b_price[0m[2m=[0m0.4 [3mavailable_size[0m[2m=[0m93.89
[2m2026-04-12T20:32:13.841680Z[0m [34mDEBUG[0m [2mmercury::engine::market_actor[0m[2m:[0m Tick received — running arb detection [3mmarket_id[0m[2m=[0m631deb8c-fbb4-489e-818e-ae698f57f50b [3mplatform[0m[2m=[0mPolymarket [3mbid[0m[2m=[0m0.6 [3mask[0m[2m=[0m0.61 [3mmid[0m[2m=[0m0.6050 [3mbid_size[0m[2m=[0m93.89 [3mask_size[0m[2m=[0m5
[2m2026-04-12T20:32:13.841712Z[0m [33m WARN[0m [2mmercury::risk::circuit_breaker[0m[2m:[0m Circuit breakers tripped [3mcount[0m[2m=[0m1
[2m2026-04-12T20:32:13.841786Z[0m [33m WARN[0m [2mmercury::engine::market_actor[0m[2m:[0m Opportunity BLOCKED by circuit breakers [3mopp_id[0m[2m=[0m4671837e-8ff6-4172-9bcc-091018001285 [3mmarket_id[0m[2m=[0m631deb8c-fbb4-489e-818e-ae698f57f50b [3mapproved_size[0m[2m=[0m93
[2m2026-04-12T20:32:13.841810Z[0m [34mDEBUG[0m [2mmercury::engine::spread[0m[2m:[0m Evaluated spread direction 2 [3mmarket_id[0m[2m=[0m631deb8c-fbb4-489e-818e-ae698f57f50b [3mdirection[0m[2m=[0m"NO-A/YES-B" [3mraw_spread[0m[2m=[0m-0.0700 [3mbid_a[0m[2m=[0m0.5400 [3mask_b[0m[2m=[0m0.61
[2m2026-04-12T20:32:13.841941Z[0m [32m INFO[0m [2mmercury::engine::detector[0m[2m:[0m ARB OPPORTUNITY DETECTED — passing to execution pipeline [3mmarket_id[0m[2m=[0m631deb8c-fbb4-489e-818e-ae698f57f50b [3mnet_spread[0m[2m=[0m0.0268829169519710456813068571 [3mraw_spread[0m[2m=[0m0.0400 [3mscore[0m[2m=[0m0.1221055391664068143991828042 [3mleg_a[0m[2m=[0mKalshi [3mleg_b[0m[2m=[0mPolymarket [3mleg_a_price[0m[2m=[0m0.5600 [3mleg_b_price[0m[2m=[0m0.4 [3mavailable_size[0m[2m=[0m93.89
[2m2026-04-12T20:32:13.842136Z[0m [33m WARN[0m [2mmercury::risk::circuit_breaker[0m[2m:[0m Circuit breakers tripped [3mcount[0m[2m=[0m1
[2m2026-04-12T20:32:13.842199Z[0m [33m WARN[0m [2mmercury::engine::market_actor[0m[2m:[0m Opportunity BLOCKED by circuit breakers [3mopp_id[0m[2m=[0m8286bd7f-9ad9-4c54-bfa6-57b8dcabaa17 [3mmarket_id[0m[2m=[0m631deb8c-fbb4-489e-818e-ae698f57f50b [3mapproved_size[0m[2m=[0m93
[2m2026-04-12T20:32:13.842212Z[0m [33m WARN[0m [2mmercury::risk::circuit_breaker[0m[2m:[0m Circuit breakers tripped [3mcount[0m[2m=[0m1
[2m2026-04-12T20:32:13.842284Z[0m [33m WARN[0m [2mmercury::engine::market_actor[0m[2m:[0m Opportunity BLOCKED by circuit breakers [3mopp_id[0m[2m=[0meb08ae0a-675f-4575-bb39-e7ec0dede2b9 [3mmarket_id[0m[2m=[0m631deb8c-fbb4-489e-818e-ae698f57f50b [3mapproved_size[0m[2m=[0m93
[2m2026-04-12T20:32:13.858421Z[0m [34mDEBUG[0m [2mmercury::engine::market_actor[0m[2m:[0m Tick received — running arb detection [3mmarket_id[0m[2m=[0m631deb8c-fbb4-489e-818e-ae698f57f50b [3mplatform[0m[2m=[0mKalshi [3mbid[0m[2m=[0m0.5400 [3mask[0m[2m=[0m0.5600 [3mmid[0m[2m=[0m0.5500 [3mbid_size[0m[2m=[0m697.28 [3mask_size[0m[2m=[0m102.23
[2m2026-04-12T20:32:13.858725Z[0m [34mDEBUG[0m [2mmercury::engine::spread[0m[2m:[0m Evaluated spread direction 2 [3mmarket_id[0m[2m=[0m631deb8c-fbb4-489e-818e-ae698f57f50b [3mdirection[0m[2m=[0m"NO-A/YES-B" [3mraw_spread[0m[2m=[0m-0.0700 [3mbid_a[0m[2m=[0m0.5400 [3mask_b[0m[2m=[0m0.61
[2m2026-04-12T20:32:13.858940Z[0m [32m INFO[0m [2mmercury::engine::detector[0m[2m:[0m ARB OPPORTUNITY DETECTED — passing to execution pipeline [3mmarket_id[0m[2m=[0m631deb8c-fbb4-489e-818e-ae698f57f50b [3mnet_spread[0m[2m=[0m0.0268829169519710456813068571 [3mraw_spread[0m[2m=[0m0.0400 [3mscore[0m[2m=[0m0.1221055391664068143991828042 [3mleg_a[0m[2m=[0mKalshi [3mleg_b[0m[2m=[0mPolymarket [3mleg_a_price[0m[2m=[0m0.5600 [3mleg_b_price[0m[2m=[0m0.4 [3mavailable_size[0m[2m=[0m93.89
[2m2026-04-12T20:32:13.859244Z[0m [33m WARN[0m [2mmercury::risk::circuit_breaker[0m[2m:[0m Circuit breakers tripped [3mcount[0m[2m=[0m1
[2m2026-04-12T20:32:13.859340Z[0m [33m WARN[0m [2mmercury::engine::market_actor[0m[2m:[0m Opportunity BLOCKED by circuit breakers [3mopp_id[0m[2m=[0m12df809d-f3a2-44b9-a076-542ee9ac70a9 [3mmarket_id[0m[2m=[0m631deb8c-fbb4-489e-818e-ae698f57f50b [3mapproved_size[0m[2m=[0m93
[2m2026-04-12T20:32:13.886690Z[0m [34mDEBUG[0m [2mmercury::engine::market_actor[0m[2m:[0m Tick received — running arb detection [3mmarket_id[0m[2m=[0m631deb8c-fbb4-489e-818e-ae698f57f50b [3mplatform[0m[2m=[0mKalshi [3mbid[0m[2m=[0m0.5400 [3mask[0m[2m=[0m0.5600 [3mmid[0m[2m=[0m0.5500 [3mbid_size[0m[2m=[0m697.28 [3mask_size[0m[2m=[0m102.23
[2m2026-04-12T20:32:13.886965Z[0m [32m INFO[0m [2mmercury::feeds::discovery[0m[2m:[0m 15m crypto round matched [3masset[0m[2m=[0msol [3mround_start[0m[2m=[0m1776025800 [3mpoly[0m[2m=[0mtrue [3mkalshi[0m[2m=[0mtrue
[2m2026-04-12T20:32:13.887099Z[0m [34mDEBUG[0m [2mmercury::engine::spread[0m[2m:[0m Evaluated spread direction 2 [3mmarket_id[0m[2m=[0m631deb8c-fbb4-489e-818e-ae698f57f50b [3mdirection[0m[2m=[0m"NO-A/YES-B" [3mraw_spread[0m[2m=[0m-0.0700 [3mbid_a[0m[2m=[0m0.5400 [3mask_b[0m[2m=[0m0.61
[2m2026-04-12T20:32:13.887305Z[0m [32m INFO[0m [2mmercury::engine::detector[0m[2m:[0m ARB OPPORTUNITY DETECTED — passing to execution pipeline [3mmarket_id[0m[2m=[0m631deb8c-fbb4-489e-818e-ae698f57f50b [3mnet_spread[0m[2m=[0m0.0268829169519710456813068571 [3mraw_spread[0m[2m=[0m0.0400 [3mscore[0m[2m=[0m0.1221055391664068143991828042 [3mleg_a[0m[2m=[0mKalshi [3mleg_b[0m[2m=[0mPolymarket [3mleg_a_price[0m[2m=[0m0.5600 [3mleg_b_price[0m[2m=[0m0.4 [3mavailable_size[0m[2m=[0m93.89
[2m2026-04-12T20:32:13.887556Z[0m [34mDEBUG[0m [2mmercury::engine::market_actor[0m[2m:[0m Tick received — running arb detection [3mmarket_id[0m[2m=[0m631deb8c-fbb4-489e-818e-ae698f57f50b [3mplatform[0m[2m=[0mKalshi [3mbid[0m[2m=[0m0.5400 [3mask[0m[2m=[0m0.5600 [3mmid[0m[2m=[0m0.5500 [3mbid_size[0m[2m=[0m694.28 [3mask_size[0m[2m=[0m102.23
[2m2026-04-12T20:32:13.887757Z[0m [34mDEBUG[0m [2mmercury::engine::spread[0m[2m:[0m Evaluated spread direction 2 [3mmarket_id[0m[2m=[0m631deb8c-fbb4-489e-818e-ae698f57f50b [3mdirection[0m[2m=[0m"NO-A/YES-B" [3mraw_spread[0m[2m=[0m-0.0700 [3mbid_a[0m[2m=[0m0.5400 [3mask_b[0m[2m=[0m0.61
[2m2026-04-12T20:32:13.887947Z[0m [32m INFO[0m [2mmercury::engine::detector[0m[2m:[0m ARB OPPORTUNITY DETECTED — passing to execution pipeline [3mmarket_id[0m[2m=[0m631deb8c-fbb4-489e-818e-ae698f57f50b [3mnet_spread[0m[2m=[0m0.0268829169519710456813068571 [3mraw_spread[0m[2m=[0m0.0400 [3mscore[0m[2m=[0m0.1221055391664068143991828042 [3mleg_a[0m[2m=[0mKalshi [3mleg_b[0m[2m=[0mPolymarket [3mleg_a_price[0m[2m=[0m0.5600 [3mleg_b_price[0m[2m=[0m0.4 [3mavailable_size[0m[2m=[0m93.89
[2m2026-04-12T20:32:13.888200Z[0m [34mDEBUG[0m [2mmercury::engine::market_actor[0m[2m:[0m Tick received — running arb detection [3mmarket_id[0m[2m=[0m631deb8c-fbb4-489e-818e-ae698f57f50b [3mplatform[0m[2m=[0mKalshi [3mbid[0m[2m=[0m0.5400 [3mask[0m[2m=[0m0.5600 [3mmid[0m[2m=[0m0.5500 [3mbid_size[0m[2m=[0m694.28 [3mask_size[0m[2m=[0m102.23
[2m2026-04-12T20:32:13.888312Z[0m [33m WARN[0m [2mmercury::risk::circuit_breaker[0m[2m:[0m Circuit breakers tripped [3mcount[0m[2m=[0m1
[2m2026-04-12T20:32:13.888397Z[0m [34mDEBUG[0m [2mmercury::engine::spread[0m[2m:[0m Evaluated spread direction 2 [3mmarket_id[0m[2m=[0m631deb8c-fbb4-489e-818e-ae698f57f50b [3mdirection[0m[2m=[0m"NO-A/YES-B" [3mraw_spread[0m[2m=[0m-0.0700 [3mbid_a[0m[2m=[0m0.5400 [3mask_b[0m[2m=[0m0.61
[2m2026-04-12T20:32:13.888415Z[0m [33m WARN[0m [2mmercury::engine::market_actor[0m[2m:[0m Opportunity BLOCKED by circuit breakers [3mopp_id[0m[2m=[0m09c80ecb-c5f4-49b7-a350-bc08bbf5a06f [3mmarket_id[0m[2m=[0m631deb8c-fbb4-489e-818e-ae698f57f50b [3mapproved_size[0m[2m=[0m93
[2m2026-04-12T20:32:13.888595Z[0m [32m INFO[0m [2mmercury::engine::detector[0m[2m:[0m ARB OPPORTUNITY DETECTED — passing to execution pipeline [3mmarket_id[0m[2m=[0m631deb8c-fbb4-489e-818e-ae698f57f50b [3mnet_spread[0m[2m=[0m0.0268829169519710456813068571 [3mraw_spread[0m[2m=[0m0.0400 [3mscore[0m[2m=[0m0.1221055391664068143991828042 [3mleg_a[0m[2m=[0mKalshi [3mleg_b[0m[2m=[0mPolymarket [3mleg_a_price[0m[2m=[0m0.5600 [3mleg_b_price[0m[2m=[0m0.4 [3mavailable_size[0m[2m=[0m93.89
[2m2026-04-12T20:32:13.888842Z[0m [34mDEBUG[0m [2mmercury::engine::market_actor[0m[2m:[0m Tick received — running arb detection [3mmarket_id[0m[2m=[0m631deb8c-fbb4-489e-818e-ae698f57f50b [3mplatform[0m[2m=[0mKalshi [3mbid[0m[2m=[0m0.5400 [3mask[0m[2m=[0m0.5600 [3mmid[0m[2m=[0m0.5500 [3mbid_size[0m[2m=[0m694.28 [3mask_size[0m[2m=[0m99.23
[2m2026-04-12T20:32:13.888946Z[0m [33m WARN[0m [2mmercury::risk::circuit_breaker[0m[2m:[0m Circuit breakers tripped [3mcount[0m[2m=[0m1
[2m2026-04-12T20:32:13.889049Z[0m [33m WARN[0m [2mmercury::engine::market_actor[0m[2m:[0m Opportunity BLOCKED by circuit breakers [3mopp_id[0m[2m=[0ma96602e2-f6b3-4e19-9c23-383d237c0af2 [3mmarket_id[0m[2m=[0m631deb8c-fbb4-489e-818e-ae698f57f50b [3mapproved_size[0m[2m=[0m93
[2m2026-04-12T20:32:13.889043Z[0m [34mDEBUG[0m [2mmercury::engine::spread[0m[2m:[0m Evaluated spread direction 2 [3mmarket_id[0m[2m=[0m631deb8c-fbb4-489e-818e-ae698f57f50b [3mdirection[0m[2m=[0m"NO-A/YES-B" [3mraw_spread[0m[2m=[0m-0.0700 [3mbid_a[0m[2m=[0m0.5400 [3mask_b[0m[2m=[0m0.61
[2m2026-04-12T20:32:13.889289Z[0m [32m INFO[0m [2mmercury::engine::detector[0m[2m:[0m ARB OPPORTUNITY DETECTED — passing to execution pipeline [3mmarket_id[0m[2m=[0m631deb8c-fbb4-489e-818e-ae698f57f50b [3mnet_spread[0m[2m=[0m0.0271599375188954953139171621 [3mraw_spread[0m[2m=[0m0.0400 [3mscore[0m[2m=[0m0.1233638008998684993811576945 [3mleg_a[0m[2m=[0mKalshi [3mleg_b[0m[2m=[0mPolymarket [3mleg_a_price[0m[2m=[0m0.5600 [3mleg_b_price[0m[2m=[0m0.4 [3mavailable_size[0m[2m=[0m93.89
[2m2026-04-12T20:32:13.889519Z[0m [34mDEBUG[0m [2mmercury::engine::market_actor[0m[2m:[0m Tick received — running arb detection [3mmarket_id[0m[2m=[0m631deb8c-fbb4-489e-818e-ae698f57f50b [3mplatform[0m[2m=[0mKalshi [3mbid[0m[2m=[0m0.5400 [3mask[0m[2m=[0m0.5500 [3mmid[0m[2m=[0m0.5450 [3mbid_size[0m[2m=[0m694.28 [3mask_size[0m[2m=[0m3.00
[2m2026-04-12T20:32:13.889601Z[0m [33m WARN[0m [2mmercury::risk::circuit_breaker[0m[2m:[0m Circuit breakers tripped [3mcount[0m[2m=[0m1
[2m2026-04-12T20:32:13.889672Z[0m [34mDEBUG[0m [2mmercury::engine::spread[0m[2m:[0m Evaluated spread direction 2 [3mmarket_id[0m[2m=[0m631deb8c-fbb4-489e-818e-ae698f57f50b [3mdirection[0m[2m=[0m"NO-A/YES-B" [3mraw_spread[0m[2m=[0m-0.0700 [3mbid_a[0m[2m=[0m0.5400 [3mask_b[0m[2m=[0m0.61
[2m2026-04-12T20:32:13.889679Z[0m [33m WARN[0m [2mmercury::engine::market_actor[0m[2m:[0m Opportunity BLOCKED by circuit breakers [3mopp_id[0m[2m=[0mc1c392e0-90aa-4187-bd23-539f9f50577f [3mmarket_id[0m[2m=[0m631deb8c-fbb4-489e-818e-ae698f57f50b [3mapproved_size[0m[2m=[0m93
[2m2026-04-12T20:32:13.889786Z[0m [34mDEBUG[0m [2mmercury::engine::detector[0m[2m:[0m Opportunity rejected by gate [3mreason[0m[2m=[0mInsufficientLiquidity { available: 3.00, required: 5 } [3mmarket_id[0m[2m=[0m631deb8c-fbb4-489e-818e-ae698f57f50b [3mraw_spread[0m[2m=[0m0.0500 [3mnet_spread[0m[2m=[0m0.037000000 [3mleg_a_platform[0m[2m=[0mKalshi [3mleg_b_platform[0m[2m=[0mPolymarket
[2m2026-04-12T20:32:13.889918Z[0m [34mDEBUG[0m [2mmercury::engine::market_actor[0m[2m:[0m Tick received — running arb detection [3mmarket_id[0m[2m=[0m631deb8c-fbb4-489e-818e-ae698f57f50b [3mplatform[0m[2m=[0mKalshi [3mbid[0m[2m=[0m0.5400 [3mask[0m[2m=[0m0.5500 [3mmid[0m[2m=[0m0.5450 [3mbid_size[0m[2m=[0m694.28 [3mask_size[0m[2m=[0m3.00
[2m2026-04-12T20:32:13.890062Z[0m [34mDEBUG[0m [2mmercury::engine::spread[0m[2m:[0m Evaluated spread direction 2 [3mmarket_id[0m[2m=[0m631deb8c-fbb4-489e-818e-ae698f57f50b [3mdirection[0m[2m=[0m"NO-A/YES-B" [3mraw_spread[0m[2m=[0m-0.0700 [3mbid_a[0m[2m=[0m0.5400 [3mask_b[0m[2m=[0m0.61
[2m2026-04-12T20:32:13.890164Z[0m [34mDEBUG[0m [2mmercury::engine::detector[0m[2m:[0m Opportunity rejected by gate [3mreason[0m[2m=[0mInsufficientLiquidity { available: 3.00, required: 5 } [3mmarket_id[0m[2m=[0m631deb8c-fbb4-489e-818e-ae698f57f50b [3mraw_spread[0m[2m=[0m0.0500 [3mnet_spread[0m[2m=[0m0.037000000 [3mleg_a_platform[0m[2m=[0mKalshi [3mleg_b_platform[0m[2m=[0mPolymarket
[2m2026-04-12T20:32:13.890324Z[0m [33m WARN[0m [2mmercury::risk::circuit_breaker[0m[2m:[0m Circuit breakers tripped [3mcount[0m[2m=[0m1
[2m2026-04-12T20:32:13.890396Z[0m [33m WARN[0m [2mmercury::engine::market_actor[0m[2m:[0m Opportunity BLOCKED by circuit breakers [3mopp_id[0m[2m=[0m8ab489e5-ef8f-440a-a1d7-a601e90a2dc0 [3mmarket_id[0m[2m=[0m631deb8c-fbb4-489e-818e-ae698f57f50b [3mapproved_size[0m[2m=[0m93
[2m2026-04-12T20:32:13.905426Z[0m [34mDEBUG[0m [2mmercury::engine::market_actor[0m[2m:[0m Tick received — running arb detection [3mmarket_id[0m[2m=[0m631deb8c-fbb4-489e-818e-ae698f57f50b [3mplatform[0m[2m=[0mPolymarket [3mbid[0m[2m=[0m0.6 [3mask[0m[2m=[0m0.61 [3mmid[0m[2m=[0m0.6050 [3mbid_size[0m[2m=[0m93.89 [3mask_size[0m[2m=[0m5
[2m2026-04-12T20:32:13.905733Z[0m [34mDEBUG[0m [2mmercury::engine::spread[0m[2m:[0m Evaluated spread direction 2 [3mmarket_id[0m[2m=[0m631deb8c-fbb4-489e-818e-ae698f57f50b [3mdirection[0m[2m=[0m"NO-A/YES-B" [3mraw_spread[0m[2m=[0m-0.0700 [3mbid_a[0m[2m=[0m0.5400 [3mask_b[0m[2m=[0m0.61
[2m2026-04-12T20:32:13.905884Z[0m [34mDEBUG[0m [2mmercury::engine::detector[0m[2m:[0m Opportunity rejected by gate [3mreason[0m[2m=[0mInsufficientLiquidity { available: 3.00, required: 5 } [3mmarket_id[0m[2m=[0m631deb8c-fbb4-489e-818e-ae698f57f50b [3mraw_spread[0m[2m=[0m0.0500 [3mnet_spread[0m[2m=[0m0.037000000 [3mleg_a_platform[0m[2m=[0mKalshi [3mleg_b_platform[0m[2m=[0mPolymarket
[2m2026-04-12T20:32:13.906071Z[0m [34mDEBUG[0m [2mmercury::engine::market_actor[0m[2m:[0m Tick received — running arb detection [3mmarket_id[0m[2m=[0m631deb8c-fbb4-489e-818e-ae698f57f50b [3mplatform[0m[2m=[0mPolymarket [3mbid[0m[2m=[0m0.6 [3mask[0m[2m=[0m0.61 [3mmid[0m[2m=[0m0.6050 [3mbid_size[0m[2m=[0m93.89 [3mask_size[0m[2m=[0m5
[2m2026-04-12T20:32:13.906258Z[0m [34mDEBUG[0m [2mmercury::engine::spread[0m[2m:[0m Evaluated spread direction 2 [3mmarket_id[0m[2m=[0m631deb8c-fbb4-489e-818e-ae698f57f50b [3mdirection[0m[2m=[0m"NO-A/YES-B" [3mraw_spread[0m[2m=[0m-0.0700 [3mbid_a[0m[2m=[0m0.5400 [3mask_b[0m[2m=[0m0.61
[2m2026-04-12T20:32:13.906393Z[0m [34mDEBUG[0m [2mmercury::engine::detector[0m[2m:[0m Opportunity rejected by gate [3mreason[0m[2m=[0mInsufficientLiquidity { available: 3.00, required: 5 } [3mmarket_id[0m[2m=[0m631deb8c-fbb4-489e-818e-ae698f57f50b [3mraw_spread[0m[2m=[0m0.0500 [3mnet_spread[0m[2m=[0m0.037000000 [3mleg_a_platform[0m[2m=[0mKalshi [3mleg_b_platform[0m[2m=[0mPolymarket
[2m2026-04-12T20:32:13.906571Z[0m [34mDEBUG[0m [2mmercury::engine::market_actor[0m[2m:[0m Tick received — running arb detection [3mmarket_id[0m[2m=[0m631deb8c-fbb4-489e-818e-ae698f57f50b [3mplatform[0m[2m=[0mPolymarket [3mbid[0m[2m=[0m0.6 [3mask[0m[2m=[0m0.61 [3mmid[0m[2m=[0m0.6050 [3mbid_size[0m[2m=[0m93.89 [3mask_size[0m[2m=[0m5
[2m2026-04-12T20:32:13.906755Z[0m [34mDEBUG[0m [2mmercury::engine::spread[0m[2m:[0m Evaluated spread direction 2 [3mmarket_id[0m[2m=[0m631deb8c-fbb4-489e-818e-ae698f57f50b [3mdirection[0m[2m=[0m"NO-A/YES-B" [3mraw_spread[0m[2m=[0m-0.0700 [3mbid_a[0m[2m=[0m0.5400 [3mask_b[0m[2m=[0m0.61
[2m2026-04-12T20:32:13.906889Z[0m [34mDEBUG[0m [2mmercury::engine::detector[0m[2m:[0m Opportunity rejected by gate [3mreason[0m[2m=[0mInsufficientLiquidity { available: 3.00, required: 5 } [3mmarket_id[0m[2m=[0m631deb8c-fbb4-489e-818e-ae698f57f50b [3mraw_spread[0m[2m=[0m0.0500 [3mnet_spread[0m[2m=[0m0.037000000 [3mleg_a_platform[0m[2m=[0mKalshi [3mleg_b_platform[0m[2m=[0mPolymarket
[2m2026-04-12T20:32:13.922659Z[0m [34mDEBUG[0m [2mmercury::engine::market_actor[0m[2m:[0m Tick received — running arb detection [3mmarket_id[0m[2m=[0m631deb8c-fbb4-489e-818e-ae698f57f50b [3mplatform[0m[2m=[0mKalshi [3mbid[0m[2m=[0m0.5400 [3mask[0m[2m=[0m0.5500 [3mmid[0m[2m=[0m0.5450 [3mbid_size[0m[2m=[0m694.28 [3mask_size[0m[2m=[0m3.00
[2m2026-04-12T20:32:13.922891Z[0m [34mDEBUG[0m [2mmercury::engine::spread[0m[2m:[0m Evaluated spread direction 2 [3mmarket_id[0m[2m=[0m631deb8c-fbb4-489e-818e-ae698f57f50b [3mdirection[0m[2m=[0m"NO-A/YES-B" [3mraw_spread[0m[2m=[0m-0.0700 [3mbid_a[0m[2m=[0m0.5400 [3mask_b[0m[2m=[0m0.61
[2m2026-04-12T20:32:13.923007Z[0m [34mDEBUG[0m [2mmercury::engine::detector[0m[2m:[0m Opportunity rejected by gate [3mreason[0m[2m=[0mInsufficientLiquidity { available: 3.00, required: 5 } [3mmarket_id[0m[2m=[0m631deb8c-fbb4-489e-818e-ae698f57f50b [3mraw_spread[0m[2m=[0m0.0500 [3mnet_spread[0m[2m=[0m0.037000000 [3mleg_a_platform[0m[2m=[0mKalshi [3mleg_b_platform[0m[2m=[0mPolymarket
[2m2026-04-12T20:32:13.923143Z[0m [34mDEBUG[0m [2mmercury::engine::market_actor[0m[2m:[0m Tick received — running arb detection [3mmarket_id[0m[2m=[0m631deb8c-fbb4-489e-818e-ae698f57f50b [3mplatform[0m[2m=[0mKalshi [3mbid[0m[2m=[0m0.5400 [3mask[0m[2m=[0m0.5500 [3mmid[0m[2m=[0m0.5450 [3mbid_size[0m[2m=[0m692.52 [3mask_size[0m[2m=[0m3.00
[2m2026-04-12T20:32:13.923289Z[0m [34mDEBUG[0m [2mmercury::engine::spread[0m[2m:[0m Evaluated spread direction 2 [3mmarket_id[0m[2m=[0m631deb8c-fbb4-489e-818e-ae698f57f50b [3mdirection[0m[2m=[0m"NO-A/YES-B" [3mraw_spread[0m[2m=[0m-0.0700 [3mbid_a[0m[2m=[0m0.5400 [3mask_b[0m[2m=[0m0.61
[2m2026-04-12T20:32:13.923392Z[0m [34mDEBUG[0m [2mmercury::engine::detector[0m[2m:[0m Opportunity rejected by gate [3mreason[0m[2m=[0mInsufficientLiquidity { available: 3.00, required: 5 } [3mmarket_id[0m[2m=[0m631deb8c-fbb4-489e-818e-ae698f57f50b [3mraw_spread[0m[2m=[0m0.0500 [3mnet_spread[0m[2m=[0m0.037000000 [3mleg_a_platform[0m[2m=[0mKalshi [3mleg_b_platform[0m[2m=[0mPolymarket
[2m2026-04-12T20:32:13.923522Z[0m [34mDEBUG[0m [2mmercury::engine::market_actor[0m[2m:[0m Tick received — running arb detection [3mmarket_id[0m[2m=[0m631deb8c-fbb4-489e-818e-ae698f57f50b [3mplatform[0m[2m=[0mKalshi [3mbid[0m[2m=[0m0.5400 [3mask[0m[2m=[0m0.5500 [3mmid[0m[2m=[0m0.5450 [3mbid_size[0m[2m=[0m690.76 [3mask_size[0m[2m=[0m3.00
[2m2026-04-12T20:32:13.923668Z[0m [34mDEBUG[0m [2mmercury::engine::spread[0m[2m:[0m Evaluated spread direction 2 [3mmarket_id[0m[2m=[0m631deb8c-fbb4-489e-818e-ae698f57f50b [3mdirection[0m[2m=[0m"NO-A/YES-B" [3mraw_spread[0m[2m=[0m-0.0700 [3mbid_a[0m[2m=[0m0.5400 [3mask_b[0m[2m=[0m0.61
[2m2026-04-12T20:32:13.923770Z[0m [34mDEBUG[0m [2mmercury::engine::detector[0m[2m:[0m Opportunity rejected by gate [3mreason[0m[2m=[0mInsufficientLiquidity { available: 3.00, required: 5 } [3mmarket_id[0m[2m=[0m631deb8c-fbb4-489e-818e-ae698f57f50b [3mraw_spread[0m[2m=[0m0.0500 [3mnet_spread[0m[2m=[0m0.037000000 [3mleg_a_platform[0m[2m=[0mKalshi [3mleg_b_platform[0m[2m=[0mPolymarket
[2m2026-04-12T20:32:13.942907Z[0m [34mDEBUG[0m [2mmercury::engine::market_actor[0m[2m:[0m Tick received — running arb detection [3mmarket_id[0m[2m=[0m631deb8c-fbb4-489e-818e-ae698f57f50b [3mplatform[0m[2m=[0mKalshi [3mbid[0m[2m=[0m0.5400 [3mask[0m[2m=[0m0.5500 [3mmid[0m[2m=[0m0.5450 [3mbid_size[0m[2m=[0m690.76 [3mask_size[0m[2m=[0m3.00
[2m2026-04-12T20:32:13.943276Z[0m [34mDEBUG[0m [2mmercury::engine::spread[0m[2m:[0m Evaluated spread direction 2 [3mmarket_id[0m[2m=[0m631deb8c-fbb4-489e-818e-ae698f57f50b [3mdirection[0m[2m=[0m"NO-A/YES-B" [3mraw_spread[0m[2m=[0m-0.0700 [3mbid_a[0m[2m=[0m0.5400 [3mask_b[0m[2m=[0m0.61
[2m2026-04-12T20:32:13.943425Z[0m [34mDEBUG[0m [2mmercury::engine::detector[0m[2m:[0m Opportunity rejected by gate [3mreason[0m[2m=[0mInsufficientLiquidity { available: 3.00, required: 5 } [3mmarket_id[0m[2m=[0m631deb8c-fbb4-489e-818e-ae698f57f50b [3mraw_spread[0m[2m=[0m0.0500 [3mnet_spread[0m[2m=[0m0.037000000 [3mleg_a_platform[0m[2m=[0mKalshi [3mleg_b_platform[0m[2m=[0mPolymarket
[2m2026-04-12T20:32:13.943607Z[0m [34mDEBUG[0m [2mmercury::engine::market_actor[0m[2m:[0m Tick received — running arb detection [3mmarket_id[0m[2m=[0m631deb8c-fbb4-489e-818e-ae698f57f50b [3mplatform[0m[2m=[0mPolymarket [3mbid[0m[2m=[0m0.6 [3mask[0m[2m=[0m0.61 [3mmid[0m[2m=[0m0.6050 [3mbid_size[0m[2m=[0m98.89 [3mask_size[0m[2m=[0m5
[2m2026-04-12T20:32:13.943799Z[0m [34mDEBUG[0m [2mmercury::engine::spread[0m[2m:[0m Evaluated spread direction 2 [3mmarket_id[0m[2m=[0m631deb8c-fbb4-489e-818e-ae698f57f50b [3mdirection[0m[2m=[0m"NO-A/YES-B" [3mraw_spread[0m[2m=[0m-0.0700 [3mbid_a[0m[2m=[0m0.5400 [3mask_b[0m[2m=[0m0.61
[2m2026-04-12T20:32:13.943934Z[0m [34mDEBUG[0m [2mmercury::engine::detector[0m[2m:[0m Opportunity rejected by gate [3mreason[0m[2m=[0mInsufficientLiquidity { available: 3.00, required: 5 } [3mmarket_id[0m[2m=[0m631deb8c-fbb4-489e-818e-ae698f57f50b [3mraw_spread[0m[2m=[0m0.0500 [3mnet_spread[0m[2m=[0m0.037000000 [3mleg_a_platform[0m[2m=[0mKalshi [3mleg_b_platform[0m[2m=[0mPolymarket
[2m2026-04-12T20:32:13.944100Z[0m [34mDEBUG[0m [2mmercury::engine::market_actor[0m[2m:[0m Tick received — running arb detection [3mmarket_id[0m[2m=[0m631deb8c-fbb4-489e-818e-ae698f57f50b [3mplatform[0m[2m=[0mKalshi [3mbid[0m[2m=[0m0.5400 [3mask[0m[2m=[0m0.5500 [3mmid[0m[2m=[0m0.5450 [3mbid_size[0m[2m=[0m690.76 [3mask_size[0m[2m=[0m3.00
[2m2026-04-12T20:32:13.944288Z[0m [34mDEBUG[0m [2mmercury::engine::spread[0m[2m:[0m Evaluated spread direction 2 [3mmarket_id[0m[2m=[0m631deb8c-fbb4-489e-818e-ae698f57f50b [3mdirection[0m[2m=[0m"NO-A/YES-B" [3mraw_spread[0m[2m=[0m-0.0700 [3mbid_a[0m[2m=[0m0.5400 [3mask_b[0m[2m=[0m0.61
[2m2026-04-12T20:32:13.944420Z[0m [34mDEBUG[0m [2mmercury::engine::detector[0m[2m:[0m Opportunity rejected by gate [3mreason[0m[2m=[0mInsufficientLiquidity { available: 3.00, required: 5 } [3mmarket_id[0m[2m=[0m631deb8c-fbb4-489e-818e-ae698f57f50b [3mraw_spread[0m[2m=[0m0.0500 [3mnet_spread[0m[2m=[0m0.037000000 [3mleg_a_platform[0m[2m=[0mKalshi [3mleg_b_platform[0m[2m=[0mPolymarket
[2m2026-04-12T20:32:13.944584Z[0m [34mDEBUG[0m [2mmercury::engine::market_actor[0m[2m:[0m Tick received — running arb detection [3mmarket_id[0m[2m=[0m631deb8c-fbb4-489e-818e-ae698f57f50b [3mplatform[0m[2m=[0mKalshi [3mbid[0m[2m=[0m0.5400 [3mask[0m[2m=[0m0.5500 [3mmid[0m[2m=[0m0.5450 [3mbid_size[0m[2m=[0m690.76 [3mask_size[0m[2m=[0m3.00
[2m2026-04-12T20:32:13.944772Z[0m [34mDEBUG[0m [2mmercury::engine::spread[0m[2m:[0m Evaluated spread direction 2 [3mmarket_id[0m[2m=[0m631deb8c-fbb4-489e-818e-ae698f57f50b [3mdirection[0m[2m=[0m"NO-A/YES-B" [3mraw_spread[0m[2m=[0m-0.0700 [3mbid_a[0m[2m=[0m0.5400 [3mask_b[0m[2m=[0m0.61
[2m2026-04-12T20:32:13.944904Z[0m [34mDEBUG[0m [2mmercury::engine::detector[0m[2m:[0m Opportunity rejected by gate [3mreason[0m[2m=[0mInsufficientLiquidity { available: 3.00, required: 5 } [3mmarket_id[0m[2m=[0m631deb8c-fbb4-489e-818e-ae698f57f50b [3mraw_spread[0m[2m=[0m0.0500 [3mnet_spread[0m[2m=[0m0.037000000 [3mleg_a_platform[0m[2m=[0mKalshi [3mleg_b_platform[0m[2m=[0mPolymarket
[2m2026-04-12T20:32:13.945068Z[0m [34mDEBUG[0m [2mmercury::engine::market_actor[0m[2m:[0m Tick received — running arb detection [3mmarket_id[0m[2m=[0m631deb8c-fbb4-489e-818e-ae698f57f50b [3mplatform[0m[2m=[0mKalshi [3mbid[0m[2m=[0m0.5400 [3mask[0m[2m=[0m0.5500 [3mmid[0m[2m=[0m0.5450 [3mbid_size[0m[2m=[0m690.76 [3mask_size[0m[2m=[0m3.00
[2m2026-04-12T20:32:13.945254Z[0m [34mDEBUG[0m [2mmercury::engine::spread[0m[2m:[0m Evaluated spread direction 2 [3mmarket_id[0m[2m=[0m631deb8c-fbb4-489e-818e-ae698f57f50b [3mdirection[0m[2m=[0m"NO-A/YES-B" [3mraw_spread[0m[2m=[0m-0.0700 [3mbid_a[0m[2m=[0m0.5400 [3mask_b[0m[2m=[0m0.61
[2m2026-04-12T20:32:13.945385Z[0m [34mDEBUG[0m [2mmercury::engine::detector[0m[2m:[0m Opportunity rejected by gate [3mreason[0m[2m=[0mInsufficientLiquidity { available: 3.00, required: 5 } [3mmarket_id[0m[2m=[0m631deb8c-fbb4-489e-818e-ae698f57f50b [3mraw_spread[0m[2m=[0m0.0500 [3mnet_spread[0m[2m=[0m0.037000000 [3mleg_a_platform[0m[2m=[0mKalshi [3mleg_b_platform[0m[2m=[0mPolymarket
[2m2026-04-12T20:32:13.945563Z[0m [34mDEBUG[0m [2mmercury::engine::market_actor[0m[2m:[0m Tick received — running arb detection [3mmarket_id[0m[2m=[0m631deb8c-fbb4-489e-818e-ae698f57f50b [3mplatform[0m[2m=[0mKalshi [3mbid[0m[2m=[0m0.5400 [3mask[0m[2m=[0m0.5500 [3mmid[0m[2m=[0m0.5450 [3mbid_size[0m[2m=[0m690.76 [3mask_size[0m[2m=[0m3.00
[2m2026-04-12T20:32:13.945749Z[0m [34mDEBUG[0m [2mmercury::engine::spread[0m[2m:[0m Evaluated spread direction 2 [3mmarket_id[0m[2m=[0m631deb8c-fbb4-489e-818e-ae698f57f50b [3mdirection[0m[2m=[0m"NO-A/YES-B" [3mraw_spread[0m[2m=[0m-0.0700 [3mbid_a[0m[2m=[0m0.5400 [3mask_b[0m[2m=[0m0.61
[2m2026-04-12T20:32:13.945885Z[0m [34mDEBUG[0m [2mmercury::engine::detector[0m[2m:[0m Opportunity rejected by gate [3mreason[0m[2m=[0mInsufficientLiquidity { available: 3.00, required: 5 } [3mmarket_id[0m[2m=[0m631deb8c-fbb4-489e-818e-ae698f57f50b [3mraw_spread[0m[2m=[0m0.0500 [3mnet_spread[0m[2m=[0m0.037000000 [3mleg_a_platform[0m[2m=[0mKalshi [3mleg_b_platform[0m[2m=[0mPolymarket
[2m2026-04-12T20:32:13.967733Z[0m [34mDEBUG[0m [2mmercury::engine::market_actor[0m[2m:[0m Tick received — running arb detection [3mmarket_id[0m[2m=[0m631deb8c-fbb4-489e-818e-ae698f57f50b [3mplatform[0m[2m=[0mPolymarket [3mbid[0m[2m=[0m0.6 [3mask[0m[2m=[0m0.61 [3mmid[0m[2m=[0m0.6050 [3mbid_size[0m[2m=[0m93.89 [3mask_size[0m[2m=[0m5
[2m2026-04-12T20:32:13.967773Z[0m [34mDEBUG[0m [2mmercury::feeds::polymarket[0m[2m:[0m Unknown Polymarket event type [3mevent_type[0m[2m=[0mbest_bid_ask
[2m2026-04-12T20:32:13.967981Z[0m [34mDEBUG[0m [2mmercury::engine::spread[0m[2m:[0m Evaluated spread direction 2 [3mmarket_id[0m[2m=[0m631deb8c-fbb4-489e-818e-ae698f57f50b [3mdirection[0m[2m=[0m"NO-A/YES-B" [3mraw_spread[0m[2m=[0m-0.0700 [3mbid_a[0m[2m=[0m0.5400 [3mask_b[0m[2m=[0m0.61
[2m2026-04-12T20:32:13.968080Z[0m [34mDEBUG[0m [2mmercury::engine::detector[0m[2m:[0m Opportunity rejected by gate [3mreason[0m[2m=[0mInsufficientLiquidity { available: 3.00, required: 5 } [3mmarket_id[0m[2m=[0m631deb8c-fbb4-489e-818e-ae698f57f50b [3mraw_spread[0m[2m=[0m0.0500 [3mnet_spread[0m[2m=[0m0.037000000 [3mleg_a_platform[0m[2m=[0mKalshi [3mleg_b_platform[0m[2m=[0mPolymarket
[2m2026-04-12T20:32:13.968194Z[0m [34mDEBUG[0m [2mmercury::engine::market_actor[0m[2m:[0m Tick received — running arb detection [3mmarket_id[0m[2m=[0m9046452d-bcb3-4bb8-8925-8924b7439992 [3mplatform[0m[2m=[0mPolymarket [3mbid[0m[2m=[0m0.49 [3mask[0m[2m=[0m0.5 [3mmid[0m[2m=[0m0.4950 [3mbid_size[0m[2m=[0m25.2 [3mask_size[0m[2m=[0m116.55
[2m2026-04-12T20:32:13.968205Z[0m [34mDEBUG[0m [2mmercury::engine::market_actor[0m[2m:[0m Tick received — running arb detection [3mmarket_id[0m[2m=[0m631deb8c-fbb4-489e-818e-ae698f57f50b [3mplatform[0m[2m=[0mPolymarket [3mbid[0m[2m=[0m0.6 [3mask[0m[2m=[0m0.61 [3mmid[0m[2m=[0m0.6050 [3mbid_size[0m[2m=[0m93.89 [3mask_size[0m[2m=[0m5
[2m2026-04-12T20:32:13.968347Z[0m [34mDEBUG[0m [2mmercury::engine::market_actor[0m[2m:[0m Tick received — running arb detection [3mmarket_id[0m[2m=[0m9046452d-bcb3-4bb8-8925-8924b7439992 [3mplatform[0m[2m=[0mPolymarket [3mbid[0m[2m=[0m0.48 [3mask[0m[2m=[0m0.5 [3mmid[0m[2m=[0m0.49 [3mbid_size[0m[2m=[0m28.68 [3mask_size[0m[2m=[0m116.55
[2m2026-04-12T20:32:13.968364Z[0m [34mDEBUG[0m [2mmercury::engine::spread[0m[2m:[0m Evaluated spread direction 2 [3mmarket_id[0m[2m=[0m631deb8c-fbb4-489e-818e-ae698f57f50b [3mdirection[0m[2m=[0m"NO-A/YES-B" [3mraw_spread[0m[2m=[0m-0.0700 [3mbid_a[0m[2m=[0m0.5400 [3mask_b[0m[2m=[0m0.61
[2m2026-04-12T20:32:13.968456Z[0m [34mDEBUG[0m [2mmercury::engine::detector[0m[2m:[0m Opportunity rejected by gate [3mreason[0m[2m=[0mInsufficientLiquidity { available: 3.00, required: 5 } [3mmarket_id[0m[2m=[0m631deb8c-fbb4-489e-818e-ae698f57f50b [3mraw_spread[0m[2m=[0m0.0500 [3mnet_spread[0m[2m=[0m0.037000000 [3mleg_a_platform[0m[2m=[0mKalshi [3mleg_b_platform[0m[2m=[0mPolymarket
[2m2026-04-12T20:32:13.968577Z[0m [34mDEBUG[0m [2mmercury::engine::market_actor[0m[2m:[0m Tick received — running arb detection [3mmarket_id[0m[2m=[0m631deb8c-fbb4-489e-818e-ae698f57f50b [3mplatform[0m[2m=[0mKalshi [3mbid[0m[2m=[0m0.5400 [3mask[0m[2m=[0m0.5500 [3mmid[0m[2m=[0m0.5450 [3mbid_size[0m[2m=[0m690.76 [3mask_size[0m[2m=[0m3.00
[2m2026-04-12T20:32:13.968685Z[0m [34mDEBUG[0m [2mmercury::engine::market_actor[0m[2m:[0m Tick received — running arb detection [3mmarket_id[0m[2m=[0m9046452d-bcb3-4bb8-8925-8924b7439992 [3mplatform[0m[2m=[0mPolymarket [3mbid[0m[2m=[0m0.48 [3mask[0m[2m=[0m0.5 [3mmid[0m[2m=[0m0.49 [3mbid_size[0m[2m=[0m28.68 [3mask_size[0m[2m=[0m116.55
[2m2026-04-12T20:32:13.968706Z[0m [34mDEBUG[0m [2mmercury::engine::spread[0m[2m:[0m Evaluated spread direction 2 [3mmarket_id[0m[2m=[0m631deb8c-fbb4-489e-818e-ae698f57f50b [3mdirection[0m[2m=[0m"NO-A/YES-B" [3mraw_spread[0m[2m=[0m-0.0700 [3mbid_a[0m[2m=[0m0.5400 [3mask_b[0m[2m=[0m0.61
[2m2026-04-12T20:32:13.968806Z[0m [34mDEBUG[0m [2mmercury::engine::detector[0m[2m:[0m Opportunity rejected by gate [3mreason[0m[2m=[0mInsufficientLiquidity { available: 3.00, required: 5 } [3mmarket_id[0m[2m=[0m631deb8c-fbb4-489e-818e-ae698f57f50b [3mraw_spread[0m[2m=[0m0.0500 [3mnet_spread[0m[2m=[0m0.037000000 [3mleg_a_platform[0m[2m=[0mKalshi [3mleg_b_platform[0m[2m=[0mPolymarket
[2m2026-04-12T20:32:13.968918Z[0m [34mDEBUG[0m [2mmercury::engine::market_actor[0m[2m:[0m Tick received — running arb detection [3mmarket_id[0m[2m=[0m631deb8c-fbb4-489e-818e-ae698f57f50b [3mplatform[0m[2m=[0mKalshi [3mbid[0m[2m=[0m0.5400 [3mask[0m[2m=[0m0.5500 [3mmid[0m[2m=[0m0.5450 [3mbid_size[0m[2m=[0m690.76 [3mask_size[0m[2m=[0m3.00
[2m2026-04-12T20:32:13.969043Z[0m [34mDEBUG[0m [2mmercury::engine::spread[0m[2m:[0m Evaluated spread direction 2 [3mmarket_id[0m[2m=[0m631deb8c-fbb4-489e-818e-ae698f57f50b [3mdirection[0m[2m=[0m"NO-A/YES-B" [3mraw_spread[0m[2m=[0m-0.0700 [3mbid_a[0m[2m=[0m0.5400 [3mask_b[0m[2m=[0m0.61
[2m2026-04-12T20:32:13.969132Z[0m [34mDEBUG[0m [2mmercury::engine::detector[0m[2m:[0m Opportunity rejected by gate [3mreason[0m[2m=[0mInsufficientLiquidity { available: 3.00, required: 5 } [3mmarket_id[0m[2m=[0m631deb8c-fbb4-489e-818e-ae698f57f50b [3mraw_spread[0m[2m=[0m0.0500 [3mnet_spread[0m[2m=[0m0.037000000 [3mleg_a_platform[0m[2m=[0mKalshi [3mleg_b_platform[0m[2m=[0mPolymarket
[2m2026-04-12T20:32:13.983457Z[0m [34mDEBUG[0m [2mmercury::engine::market_actor[0m[2m:[0m Tick received — running arb detection [3mmarket_id[0m[2m=[0m631deb8c-fbb4-489e-818e-ae698f57f50b [3mplatform[0m[2m=[0mPolymarket [3mbid[0m[2m=[0m0.6 [3mask[0m[2m=[0m0.61 [3mmid[0m[2m=[0m0.6050 [3mbid_size[0m[2m=[0m93.89 [3mask_size[0m[2m=[0m5
[2m2026-04-12T20:32:13.983685Z[0m [34mDEBUG[0m [2mmercury::engine::spread[0m[2m:[0m Evaluated spread direction 2 [3mmarket_id[0m[2m=[0m631deb8c-fbb4-489e-818e-ae698f57f50b [3mdirection[0m[2m=[0m"NO-A/YES-B" [3mraw_spread[0m[2m=[0m-0.0700 [3mbid_a[0m[2m=[0m0.5400 [3mask_b[0m[2m=[0m0.61
[2m2026-04-12T20:32:13.983786Z[0m [34mDEBUG[0m [2mmercury::engine::market_actor[0m[2m:[0m Tick received — running arb detection [3mmarket_id[0m[2m=[0m9046452d-bcb3-4bb8-8925-8924b7439992 [3mplatform[0m[2m=[0mPolymarket [3mbid[0m[2m=[0m0.48 [3mask[0m[2m=[0m0.5 [3mmid[0m[2m=[0m0.49 [3mbid_size[0m[2m=[0m28.68 [3mask_size[0m[2m=[0m116.55
[2m2026-04-12T20:32:13.983797Z[0m [34mDEBUG[0m [2mmercury::engine::detector[0m[2m:[0m Opportunity rejected by gate [3mreason[0m[2m=[0mInsufficientLiquidity { available: 3.00, required: 5 } [3mmarket_id[0m[2m=[0m631deb8c-fbb4-489e-818e-ae698f57f50b [3mraw_spread[0m[2m=[0m0.0500 [3mnet_spread[0m[2m=[0m0.037000000 [3mleg_a_platform[0m[2m=[0mKalshi [3mleg_b_platform[0m[2m=[0mPolymarket
[2m2026-04-12T20:32:13.984046Z[0m [34mDEBUG[0m [2mmercury::engine::market_actor[0m[2m:[0m Tick received — running arb detection [3mmarket_id[0m[2m=[0m631deb8c-fbb4-489e-818e-ae698f57f50b [3mplatform[0m[2m=[0mPolymarket [3mbid[0m[2m=[0m0.6 [3mask[0m[2m=[0m0.61 [3mmid[0m[2m=[0m0.6050 [3mbid_size[0m[2m=[0m93.89 [3mask_size[0m[2m=[0m5
[2m2026-04-12T20:32:13.984195Z[0m [34mDEBUG[0m [2mmercury::engine::spread[0m[2m:[0m Evaluated spread direction 2 [3mmarket_id[0m[2m=[0m631deb8c-fbb4-489e-818e-ae698f57f50b [3mdirection[0m[2m=[0m"NO-A/YES-B" [3mraw_spread[0m[2m=[0m-0.0700 [3mbid_a[0m[2m=[0m0.5400 [3mask_b[0m[2m=[0m0.61
[2m2026-04-12T20:32:13.984300Z[0m [34mDEBUG[0m [2mmercury::engine::detector[0m[2m:[0m Opportunity rejected by gate [3mreason[0m[2m=[0mInsufficientLiquidity { available: 3.00, required: 5 } [3mmarket_id[0m[2m=[0m631deb8c-fbb4-489e-818e-ae698f57f50b [3mraw_spread[0m[2m=[0m0.0500 [3mnet_spread[0m[2m=[0m0.037000000 [3mleg_a_platform[0m[2m=[0mKalshi [3mleg_b_platform[0m[2m=[0mPolymarket
[2m2026-04-12T20:32:13.984439Z[0m [34mDEBUG[0m [2mmercury::engine::market_actor[0m[2m:[0m Tick received — running arb detection [3mmarket_id[0m[2m=[0m631deb8c-fbb4-489e-818e-ae698f57f50b [3mplatform[0m[2m=[0mPolymarket [3mbid[0m[2m=[0m0.6 [3mask[0m[2m=[0m0.61 [3mmid[0m[2m=[0m0.6050 [3mbid_size[0m[2m=[0m93.89 [3mask_size[0m[2m=[0m5
[2m2026-04-12T20:32:13.984580Z[0m [34mDEBUG[0m [2mmercury::engine::spread[0m[2m:[0m Evaluated spread direction 2 [3mmarket_id[0m[2m=[0m631deb8c-fbb4-489e-818e-ae698f57f50b [3mdirection[0m[2m=[0m"NO-A/YES-B" [3mraw_spread[0m[2m=[0m-0.0700 [3mbid_a[0m[2m=[0m0.5400 [3mask_b[0m[2m=[0m0.61
[2m2026-04-12T20:32:13.984682Z[0m [34mDEBUG[0m [2mmercury::engine::detector[0m[2m:[0m Opportunity rejected by gate [3mreason[0m[2m=[0mInsufficientLiquidity { available: 3.00, required: 5 } [3mmarket_id[0m[2m=[0m631deb8c-fbb4-489e-818e-ae698f57f50b [3mraw_spread[0m[2m=[0m0.0500 [3mnet_spread[0m[2m=[0m0.037000000 [3mleg_a_platform[0m[2m=[0mKalshi [3mleg_b_platform[0m[2m=[0mPolymarket
[2m2026-04-12T20:32:13.996943Z[0m [34mDEBUG[0m [2mmercury::engine::market_actor[0m[2m:[0m Tick received — running arb detection [3mmarket_id[0m[2m=[0m79e1f598-7189-438f-a66e-b184b04be477 [3mplatform[0m[2m=[0mPolymarket [3mbid[0m[2m=[0m0.45 [3mask[0m[2m=[0m0.46 [3mmid[0m[2m=[0m0.4550 [3mbid_size[0m[2m=[0m16.67 [3mask_size[0m[2m=[0m52.2
[2m2026-04-12T20:32:13.997056Z[0m [34mDEBUG[0m [2mmercury::engine::market_actor[0m[2m:[0m Tick received — running arb detection [3mmarket_id[0m[2m=[0m631deb8c-fbb4-489e-818e-ae698f57f50b [3mplatform[0m[2m=[0mKalshi [3mbid[0m[2m=[0m0.5400 [3mask[0m[2m=[0m0.5500 [3mmid[0m[2m=[0m0.5450 [3mbid_size[0m[2m=[0m690.76 [3mask_size[0m[2m=[0m3.00
[2m2026-04-12T20:32:13.997291Z[0m [34mDEBUG[0m [2mmercury::engine::spread[0m[2m:[0m Evaluated spread direction 2 [3mmarket_id[0m[2m=[0m631deb8c-fbb4-489e-818e-ae698f57f50b [3mdirection[0m[2m=[0m"NO-A/YES-B" [3mraw_spread[0m[2m=[0m-0.0700 [3mbid_a[0m[2m=[0m0.5400 [3mask_b[0m[2m=[0m0.61
[2m2026-04-12T20:32:13.997435Z[0m [34mDEBUG[0m [2mmercury::engine::detector[0m[2m:[0m Opportunity rejected by gate [3mreason[0m[2m=[0mInsufficientLiquidity { available: 3.00, required: 5 } [3mmarket_id[0m[2m=[0m631deb8c-fbb4-489e-818e-ae698f57f50b [3mraw_spread[0m[2m=[0m0.0500 [3mnet_spread[0m[2m=[0m0.037000000 [3mleg_a_platform[0m[2m=[0mKalshi [3mleg_b_platform[0m[2m=[0mPolymarket
[2m2026-04-12T20:32:13.997610Z[0m [34mDEBUG[0m [2mmercury::engine::market_actor[0m[2m:[0m Tick received — running arb detection [3mmarket_id[0m[2m=[0m631deb8c-fbb4-489e-818e-ae698f57f50b [3mplatform[0m[2m=[0mKalshi [3mbid[0m[2m=[0m0.5400 [3mask[0m[2m=[0m0.5500 [3mmid[0m[2m=[0m0.5450 [3mbid_size[0m[2m=[0m692.52 [3mask_size[0m[2m=[0m3.00
[2m2026-04-12T20:32:13.997809Z[0m [34mDEBUG[0m [2mmercury::engine::spread[0m[2m:[0m Evaluated spread direction 2 [3mmarket_id[0m[2m=[0m631deb8c-fbb4-489e-818e-ae698f57f50b [3mdirection[0m[2m=[0m"NO-A/YES-B" [3mraw_spread[0m[2m=[0m-0.0700 [3mbid_a[0m[2m=[0m0.5400 [3mask_b[0m[2m=[0m0.61
[2m2026-04-12T20:32:13.997956Z[0m [34mDEBUG[0m [2mmercury::engine::detector[0m[2m:[0m Opportunity rejected by gate [3mreason[0m[2m=[0mInsufficientLiquidity { available: 3.00, required: 5 } [3mmarket_id[0m[2m=[0m631deb8c-fbb4-489e-818e-ae698f57f50b [3mraw_spread[0m[2m=[0m0.0500 [3mnet_spread[0m[2m=[0m0.037000000 [3mleg_a_platform[0m[2m=[0mKalshi [3mleg_b_platform[0m[2m=[0mPolymarket
[2m2026-04-12T20:32:14.047769Z[0m [34mDEBUG[0m [2mmercury::engine::market_actor[0m[2m:[0m Tick received — running arb detection [3mmarket_id[0m[2m=[0m631deb8c-fbb4-489e-818e-ae698f57f50b [3mplatform[0m[2m=[0mPolymarket [3mbid[0m[2m=[0m0.6 [3mask[0m[2m=[0m0.61 [3mmid[0m[2m=[0m0.6050 [3mbid_size[0m[2m=[0m93.89 [3mask_size[0m[2m=[0m5
[2m2026-04-12T20:32:14.047782Z[0m [34mDEBUG[0m [2mmercury::engine::market_actor[0m[2m:[0m Tick received — running arb detection [3mmarket_id[0m[2m=[0m79e1f598-7189-438f-a66e-b184b04be477 [3mplatform[0m[2m=[0mPolymarket [3mbid[0m[2m=[0m0.45 [3mask[0m[2m=[0m0.46 [3mmid[0m[2m=[0m0.4550 [3mbid_size[0m[2m=[0m16.67 [3mask_size[0m[2m=[0m52.2
[2m2026-04-12T20:32:14.048019Z[0m [34mDEBUG[0m [2mmercury::engine::market_actor[0m[2m:[0m Tick received — running arb detection [3mmarket_id[0m[2m=[0m2b958b37-9921-40b8-b22d-64a67138ae70 [3mplatform[0m[2m=[0mPolymarket [3mbid[0m[2m=[0m0.59 [3mask[0m[2m=[0m0.61 [3mmid[0m[2m=[0m0.60 [3mbid_size[0m[2m=[0m6.72 [3mask_size[0m[2m=[0m12.21
[2m2026-04-12T20:32:14.048068Z[0m [34mDEBUG[0m [2mmercury::engine::spread[0m[2m:[0m Evaluated spread direction 2 [3mmarket_id[0m[2m=[0m631deb8c-fbb4-489e-818e-ae698f57f50b [3mdirection[0m[2m=[0m"NO-A/YES-B" [3mraw_spread[0m[2m=[0m-0.0700 [3mbid_a[0m[2m=[0m0.5400 [3mask_b[0m[2m=[0m0.61
[2m2026-04-12T20:32:14.048206Z[0m [34mDEBUG[0m [2mmercury::engine::detector[0m[2m:[0m Opportunity rejected by gate [3mreason[0m[2m=[0mInsufficientLiquidity { available: 3.00, required: 5 } [3mmarket_id[0m[2m=[0m631deb8c-fbb4-489e-818e-ae698f57f50b [3mraw_spread[0m[2m=[0m0.0500 [3mnet_spread[0m[2m=[0m0.037000000 [3mleg_a_platform[0m[2m=[0mKalshi [3mleg_b_platform[0m[2m=[0mPolymarket
[2m2026-04-12T20:32:14.048247Z[0m [34mDEBUG[0m [2mmercury::engine::market_actor[0m[2m:[0m Tick received — running arb detection [3mmarket_id[0m[2m=[0m9046452d-bcb3-4bb8-8925-8924b7439992 [3mplatform[0m[2m=[0mPolymarket [3mbid[0m[2m=[0m0.48 [3mask[0m[2m=[0m0.5 [3mmid[0m[2m=[0m0.49 [3mbid_size[0m[2m=[0m28.68 [3mask_size[0m[2m=[0m116.55
[2m2026-04-12T20:32:14.048392Z[0m [34mDEBUG[0m [2mmercury::engine::market_actor[0m[2m:[0m Tick received — running arb detection [3mmarket_id[0m[2m=[0m631deb8c-fbb4-489e-818e-ae698f57f50b [3mplatform[0m[2m=[0mPolymarket [3mbid[0m[2m=[0m0.6 [3mask[0m[2m=[0m0.61 [3mmid[0m[2m=[0m0.6050 [3mbid_size[0m[2m=[0m93.89 [3mask_size[0m[2m=[0m5
[2m2026-04-12T20:32:14.048539Z[0m [34mDEBUG[0m [2mmercury::engine::market_actor[0m[2m:[0m Tick received — running arb detection [3mmarket_id[0m[2m=[0m9046452d-bcb3-4bb8-8925-8924b7439992 [3mplatform[0m[2m=[0mPolymarket [3mbid[0m[2m=[0m0.48 [3mask[0m[2m=[0m0.5 [3mmid[0m[2m=[0m0.49 [3mbid_size[0m[2m=[0m28.68 [3mask_size[0m[2m=[0m116.55
[2m2026-04-12T20:32:14.048581Z[0m [34mDEBUG[0m [2mmercury::engine::spread[0m[2m:[0m Evaluated spread direction 2 [3mmarket_id[0m[2m=[0m631deb8c-fbb4-489e-818e-ae698f57f50b [3mdirection[0m[2m=[0m"NO-A/YES-B" [3mraw_spread[0m[2m=[0m-0.0700 [3mbid_a[0m[2m=[0m0.5400 [3mask_b[0m[2m=[0m0.61
[2m2026-04-12T20:32:14.048618Z[0m [34mDEBUG[0m [2mmercury::feeds::polymarket[0m[2m:[0m Unknown Polymarket event type [3mevent_type[0m[2m=[0mbest_bid_ask
[2m2026-04-12T20:32:14.048715Z[0m [34mDEBUG[0m [2mmercury::engine::detector[0m[2m:[0m Opportunity rejected by gate [3mreason[0m[2m=[0mInsufficientLiquidity { available: 3.00, required: 5 } [3mmarket_id[0m[2m=[0m631deb8c-fbb4-489e-818e-ae698f57f50b [3mraw_spread[0m[2m=[0m0.0500 [3mnet_spread[0m[2m=[0m0.037000000 [3mleg_a_platform[0m[2m=[0mKalshi [3mleg_b_platform[0m[2m=[0mPolymarket
[2m2026-04-12T20:32:14.048758Z[0m [34mDEBUG[0m [2mmercury::engine::market_actor[0m[2m:[0m Tick received — running arb detection [3mmarket_id[0m[2m=[0m2b958b37-9921-40b8-b22d-64a67138ae70 [3mplatform[0m[2m=[0mPolymarket [3mbid[0m[2m=[0m0.59 [3mask[0m[2m=[0m0.61 [3mmid[0m[2m=[0m0.60 [3mbid_size[0m[2m=[0m6.72 [3mask_size[0m[2m=[0m12.21
[2m2026-04-12T20:32:14.048900Z[0m [34mDEBUG[0m [2mmercury::engine::market_actor[0m[2m:[0m Tick received — running arb detection [3mmarket_id[0m[2m=[0m631deb8c-fbb4-489e-818e-ae698f57f50b [3mplatform[0m[2m=[0mPolymarket [3mbid[0m[2m=[0m0.6 [3mask[0m[2m=[0m0.61 [3mmid[0m[2m=[0m0.6050 [3mbid_size[0m[2m=[0m93.89 [3mask_size[0m[2m=[0m5
[2m2026-04-12T20:32:14.048946Z[0m [34mDEBUG[0m [2mmercury::engine::market_actor[0m[2m:[0m Tick received — running arb detection [3mmarket_id[0m[2m=[0m9046452d-bcb3-4bb8-8925-8924b7439992 [3mplatform[0m[2m=[0mPolymarket [3mbid[0m[2m=[0m0.49 [3mask[0m[2m=[0m0.5 [3mmid[0m[2m=[0m0.4950 [3mbid_size[0m[2m=[0m7.2 [3mask_size[0m[2m=[0m116.55
[2m2026-04-12T20:32:14.049086Z[0m [34mDEBUG[0m [2mmercury::engine::spread[0m[2m:[0m Evaluated spread direction 2 [3mmarket_id[0m[2m=[0m631deb8c-fbb4-489e-818e-ae698f57f50b [3mdirection[0m[2m=[0m"NO-A/YES-B" [3mraw_spread[0m[2m=[0m-0.0700 [3mbid_a[0m[2m=[0m0.5400 [3mask_b[0m[2m=[0m0.61
[2m2026-04-12T20:32:14.049222Z[0m [34mDEBUG[0m [2mmercury::engine::detector[0m[2m:[0m Opportunity rejected by gate [3mreason[0m[2m=[0mInsufficientLiquidity { available: 3.00, required: 5 } [3mmarket_id[0m[2m=[0m631deb8c-fbb4-489e-818e-ae698f57f50b [3mraw_spread[0m[2m=[0m0.0500 [3mnet_spread[0m[2m=[0m0.037000000 [3mleg_a_platform[0m[2m=[0mKalshi [3mleg_b_platform[0m[2m=[0mPolymarket
[2m2026-04-12T20:32:14.049394Z[0m [34mDEBUG[0m [2mmercury::engine::market_actor[0m[2m:[0m Tick received — running arb detection [3mmarket_id[0m[2m=[0m631deb8c-fbb4-489e-818e-ae698f57f50b [3mplatform[0m[2m=[0mKalshi [3mbid[0m[2m=[0m0.5400 [3mask[0m[2m=[0m0.5500 [3mmid[0m[2m=[0m0.5450 [3mbid_size[0m[2m=[0m692.52 [3mask_size[0m[2m=[0m3.00
[2m2026-04-12T20:32:14.049481Z[0m [34mDEBUG[0m [2mmercury::engine::market_actor[0m[2m:[0m Tick received — running arb detection [3mmarket_id[0m[2m=[0m9046452d-bcb3-4bb8-8925-8924b7439992 [3mplatform[0m[2m=[0mPolymarket [3mbid[0m[2m=[0m0.49 [3mask[0m[2m=[0m0.5 [3mmid[0m[2m=[0m0.4950 [3mbid_size[0m[2m=[0m25.2 [3mask_size[0m[2m=[0m116.55
[2m2026-04-12T20:32:14.049584Z[0m [34mDEBUG[0m [2mmercury::engine::spread[0m[2m:[0m Evaluated spread direction 2 [3mmarket_id[0m[2m=[0m631deb8c-fbb4-489e-818e-ae698f57f50b [3mdirection[0m[2m=[0m"NO-A/YES-B" [3mraw_spread[0m[2m=[0m-0.0700 [3mbid_a[0m[2m=[0m0.5400 [3mask_b[0m[2m=[0m0.61
[2m2026-04-12T20:32:14.049719Z[0m [34mDEBUG[0m [2mmercury::engine::detector[0m[2m:[0m Opportunity rejected by gate [3mreason[0m[2m=[0mInsufficientLiquidity { available: 3.00, required: 5 } [3mmarket_id[0m[2m=[0m631deb8c-fbb4-489e-818e-ae698f57f50b [3mraw_spread[0m[2m=[0m0.0500 [3mnet_spread[0m[2m=[0m0.037000000 [3mleg_a_platform[0m[2m=[0mKalshi [3mleg_b_platform[0m[2m=[0mPolymarket
[2m2026-04-12T20:32:14.049904Z[0m [34mDEBUG[0m [2mmercury::engine::market_actor[0m[2m:[0m Tick received — running arb detection [3mmarket_id[0m[2m=[0m631deb8c-fbb4-489e-818e-ae698f57f50b [3mplatform[0m[2m=[0mKalshi [3mbid[0m[2m=[0m0.5400 [3mask[0m[2m=[0m0.5500 [3mmid[0m[2m=[0m0.5450 [3mbid_size[0m[2m=[0m692.52 [3mask_size[0m[2m=[0m3.00
[2m2026-04-12T20:32:14.049970Z[0m [34mDEBUG[0m [2mmercury::engine::market_actor[0m[2m:[0m Tick received — running arb detection [3mmarket_id[0m[2m=[0m9046452d-bcb3-4bb8-8925-8924b7439992 [3mplatform[0m[2m=[0mPolymarket [3mbid[0m[2m=[0m0.49 [3mask[0m[2m=[0m0.5 [3mmid[0m[2m=[0m0.4950 [3mbid_size[0m[2m=[0m25.2 [3mask_size[0m[2m=[0m129.15
[2m2026-04-12T20:32:14.050050Z[0m [34mDEBUG[0m [2mmercury::engine::spread[0m[2m:[0m Evaluated spread direction 2 [3mmarket_id[0m[2m=[0m631deb8c-fbb4-489e-818e-ae698f57f50b [3mdirection[0m[2m=[0m"NO-A/YES-B" [3mraw_spread[0m[2m=[0m-0.0700 [3mbid_a[0m[2m=[0m0.5400 [3mask_b[0m[2m=[0m0.61
[2m2026-04-12T20:32:14.050153Z[0m [34mDEBUG[0m [2mmercury::engine::detector[0m[2m:[0m Opportunity rejected by gate [3mreason[0m[2m=[0mInsufficientLiquidity { available: 3.00, required: 5 } [3mmarket_id[0m[2m=[0m631deb8c-fbb4-489e-818e-ae698f57f50b [3mraw_spread[0m[2m=[0m0.0500 [3mnet_spread[0m[2m=[0m0.037000000 [3mleg_a_platform[0m[2m=[0mKalshi [3mleg_b_platform[0m[2m=[0mPolymarket
[2m2026-04-12T20:32:14.050283Z[0m [34mDEBUG[0m [2mmercury::engine::market_actor[0m[2m:[0m Tick received — running arb detection [3mmarket_id[0m[2m=[0m631deb8c-fbb4-489e-818e-ae698f57f50b [3mplatform[0m[2m=[0mKalshi [3mbid[0m[2m=[0m0.5400 [3mask[0m[2m=[0m0.5500 [3mmid[0m[2m=[0m0.5450 [3mbid_size[0m[2m=[0m695.52 [3mask_size[0m[2m=[0m3.00
[2m2026-04-12T20:32:14.050428Z[0m [34mDEBUG[0m [2mmercury::engine::spread[0m[2m:[0m Evaluated spread direction 2 [3mmarket_id[0m[2m=[0m631deb8c-fbb4-489e-818e-ae698f57f50b [3mdirection[0m[2m=[0m"NO-A/YES-B" [3mraw_spread[0m[2m=[0m-0.0700 [3mbid_a[0m[2m=[0m0.5400 [3mask_b[0m[2m=[0m0.61
[2m2026-04-12T20:32:14.050530Z[0m [34mDEBUG[0m [2mmercury::engine::detector[0m[2m:[0m Opportunity rejected by gate [3mreason[0m[2m=[0mInsufficientLiquidity { available: 3.00, required: 5 } [3mmarket_id[0m[2m=[0m631deb8c-fbb4-489e-818e-ae698f57f50b [3mraw_spread[0m[2m=[0m0.0500 [3mnet_spread[0m[2m=[0m0.037000000 [3mleg_a_platform[0m[2m=[0mKalshi [3mleg_b_platform[0m[2m=[0mPolymarket
[2m2026-04-12T20:32:14.050668Z[0m [34mDEBUG[0m [2mmercury::engine::market_actor[0m[2m:[0m Tick received — running arb detection [3mmarket_id[0m[2m=[0m631deb8c-fbb4-489e-818e-ae698f57f50b [3mplatform[0m[2m=[0mPolymarket [3mbid[0m[2m=[0m0.6 [3mask[0m[2m=[0m0.61 [3mmid[0m[2m=[0m0.6050 [3mbid_size[0m[2m=[0m93.89 [3mask_size[0m[2m=[0m5
[2m2026-04-12T20:32:14.050808Z[0m [34mDEBUG[0m [2mmercury::engine::spread[0m[2m:[0m Evaluated spread direction 2 [3mmarket_id[0m[2m=[0m631deb8c-fbb4-489e-818e-ae698f57f50b [3mdirection[0m[2m=[0m"NO-A/YES-B" [3mraw_spread[0m[2m=[0m-0.0700 [3mbid_a[0m[2m=[0m0.5400 [3mask_b[0m[2m=[0m0.61
[2m2026-04-12T20:32:14.050910Z[0m [34mDEBUG[0m [2mmercury::engine::detector[0m[2m:[0m Opportunity rejected by gate [3mreason[0m[2m=[0mInsufficientLiquidity { available: 3.00, required: 5 } [3mmarket_id[0m[2m=[0m631deb8c-fbb4-489e-818e-ae698f57f50b [3mraw_spread[0m[2m=[0m0.0500 [3mnet_spread[0m[2m=[0m0.037000000 [3mleg_a_platform[0m[2m=[0mKalshi [3mleg_b_platform[0m[2m=[0mPolymarket
[2m2026-04-12T20:32:14.052028Z[0m [34mDEBUG[0m [2mmercury::engine::market_actor[0m[2m:[0m Tick received — running arb detection [3mmarket_id[0m[2m=[0m631deb8c-fbb4-489e-818e-ae698f57f50b [3mplatform[0m[2m=[0mKalshi [3mbid[0m[2m=[0m0.5400 [3mask[0m[2m=[0m0.5500 [3mmid[0m[2m=[0m0.5450 [3mbid_size[0m[2m=[0m693.76 [3mask_size[0m[2m=[0m3.00
[2m2026-04-12T20:32:14.052205Z[0m [34mDEBUG[0m [2mmercury::engine::spread[0m[2m:[0m Evaluated spread direction 2 [3mmarket_id[0m[2m=[0m631deb8c-fbb4-489e-818e-ae698f57f50b [3mdirection[0m[2m=[0m"NO-A/YES-B" [3mraw_spread[0m[2m=[0m-0.0700 [3mbid_a[0m[2m=[0m0.5400 [3mask_b[0m[2m=[0m0.61
[2m2026-04-12T20:32:14.052313Z[0m [34mDEBUG[0m [2mmercury::engine::detector[0m[2m:[0m Opportunity rejected by gate [3mreason[0m[2m=[0mInsufficientLiquidity { available: 3.00, required: 5 } [3mmarket_id[0m[2m=[0m631deb8c-fbb4-489e-818e-ae698f57f50b [3mraw_spread[0m[2m=[0m0.0500 [3mnet_spread[0m[2m=[0m0.037000000 [3mleg_a_platform[0m[2m=[0mKalshi [3mleg_b_platform[0m[2m=[0mPolymarket
[2m2026-04-12T20:32:14.052389Z[0m [34mDEBUG[0m [2mmercury::engine::market_actor[0m[2m:[0m Tick received — running arb detection [3mmarket_id[0m[2m=[0m2b958b37-9921-40b8-b22d-64a67138ae70 [3mplatform[0m[2m=[0mPolymarket [3mbid[0m[2m=[0m0.59 [3mask[0m[2m=[0m0.61 [3mmid[0m[2m=[0m0.60 [3mbid_size[0m[2m=[0m6.72 [3mask_size[0m[2m=[0m12.21
[2m2026-04-12T20:32:14.052444Z[0m [34mDEBUG[0m [2mmercury::engine::market_actor[0m[2m:[0m Tick received — running arb detection [3mmarket_id[0m[2m=[0m631deb8c-fbb4-489e-818e-ae698f57f50b [3mplatform[0m[2m=[0mKalshi [3mbid[0m[2m=[0m0.5400 [3mask[0m[2m=[0m0.5500 [3mmid[0m[2m=[0m0.5450 [3mbid_size[0m[2m=[0m692.76 [3mask_size[0m[2m=[0m3.00
[2m2026-04-12T20:32:14.052548Z[0m [34mDEBUG[0m [2mmercury::engine::market_actor[0m[2m:[0m Tick received — running arb detection [3mmarket_id[0m[2m=[0m2b958b37-9921-40b8-b22d-64a67138ae70 [3mplatform[0m[2m=[0mPolymarket [3mbid[0m[2m=[0m0.59 [3mask[0m[2m=[0m0.61 [3mmid[0m[2m=[0m0.60 [3mbid_size[0m[2m=[0m6.72 [3mask_size[0m[2m=[0m12.21
[2m2026-04-12T20:32:14.052586Z[0m [34mDEBUG[0m [2mmercury::engine::spread[0m[2m:[0m Evaluated spread direction 2 [3mmarket_id[0m[2m=[0m631deb8c-fbb4-489e-818e-ae698f57f50b [3mdirection[0m[2m=[0m"NO-A/YES-B" [3mraw_spread[0m[2m=[0m-0.0700 [3mbid_a[0m[2m=[0m0.5400 [3mask_b[0m[2m=[0m0.61
[2m2026-04-12T20:32:14.052604Z[0m [34mDEBUG[0m [2mmercury::engine::market_actor[0m[2m:[0m Tick received — running arb detection [3mmarket_id[0m[2m=[0m79e1f598-7189-438f-a66e-b184b04be477 [3mplatform[0m[2m=[0mPolymarket [3mbid[0m[2m=[0m0.45 [3mask[0m[2m=[0m0.46 [3mmid[0m[2m=[0m0.4550 [3mbid_size[0m[2m=[0m16.67 [3mask_size[0m[2m=[0m52.2
[2m2026-04-12T20:32:14.052682Z[0m [34mDEBUG[0m [2mmercury::engine::detector[0m[2m:[0m Opportunity rejected by gate [3mreason[0m[2m=[0mInsufficientLiquidity { available: 3.00, required: 5 } [3mmarket_id[0m[2m=[0m631deb8c-fbb4-489e-818e-ae698f57f50b [3mraw_spread[0m[2m=[0m0.0500 [3mnet_spread[0m[2m=[0m0.037000000 [3mleg_a_platform[0m[2m=[0mKalshi [3mleg_b_platform[0m[2m=[0mPolymarket
[2m2026-04-12T20:32:14.052724Z[0m [34mDEBUG[0m [2mmercury::engine::market_actor[0m[2m:[0m Tick received — running arb detection [3mmarket_id[0m[2m=[0m9046452d-bcb3-4bb8-8925-8924b7439992 [3mplatform[0m[2m=[0mPolymarket [3mbid[0m[2m=[0m0.49 [3mask[0m[2m=[0m0.5 [3mmid[0m[2m=[0m0.4950 [3mbid_size[0m[2m=[0m25.2 [3mask_size[0m[2m=[0m129.15
[2m2026-04-12T20:32:14.052821Z[0m [34mDEBUG[0m [2mmercury::engine::market_actor[0m[2m:[0m Tick received — running arb detection [3mmarket_id[0m[2m=[0m631deb8c-fbb4-489e-818e-ae698f57f50b [3mplatform[0m[2m=[0mPolymarket [3mbid[0m[2m=[0m0.6 [3mask[0m[2m=[0m0.61 [3mmid[0m[2m=[0m0.6050 [3mbid_size[0m[2m=[0m93.89 [3mask_size[0m[2m=[0m5
[2m2026-04-12T20:32:14.052860Z[0m [34mDEBUG[0m [2mmercury::engine::market_actor[0m[2m:[0m Tick received — running arb detection [3mmarket_id[0m[2m=[0m79e1f598-7189-438f-a66e-b184b04be477 [3mplatform[0m[2m=[0mPolymarket [3mbid[0m[2m=[0m0.45 [3mask[0m[2m=[0m0.46 [3mmid[0m[2m=[0m0.4550 [3mbid_size[0m[2m=[0m16.67 [3mask_size[0m[2m=[0m52.2
[2m2026-04-12T20:32:14.052866Z[0m [34mDEBUG[0m [2mmercury::engine::market_actor[0m[2m:[0m Tick received — running arb detection [3mmarket_id[0m[2m=[0m9046452d-bcb3-4bb8-8925-8924b7439992 [3mplatform[0m[2m=[0mPolymarket [3mbid[0m[2m=[0m0.49 [3mask[0m[2m=[0m0.5 [3mmid[0m[2m=[0m0.4950 [3mbid_size[0m[2m=[0m25.2 [3mask_size[0m[2m=[0m129.15
[2m2026-04-12T20:32:14.052962Z[0m [34mDEBUG[0m [2mmercury::engine::spread[0m[2m:[0m Evaluated spread direction 2 [3mmarket_id[0m[2m=[0m631deb8c-fbb4-489e-818e-ae698f57f50b [3mdirection[0m[2m=[0m"NO-A/YES-B" [3mraw_spread[0m[2m=[0m-0.0700 [3mbid_a[0m[2m=[0m0.5400 [3mask_b[0m[2m=[0m0.61
[2m2026-04-12T20:32:14.053065Z[0m [34mDEBUG[0m [2mmercury::engine::detector[0m[2m:[0m Opportunity rejected by gate [3mreason[0m[2m=[0mInsufficientLiquidity { available: 3.00, required: 5 } [3mmarket_id[0m[2m=[0m631deb8c-fbb4-489e-818e-ae698f57f50b [3mraw_spread[0m[2m=[0m0.0500 [3mnet_spread[0m[2m=[0m0.037000000 [3mleg_a_platform[0m[2m=[0mKalshi [3mleg_b_platform[0m[2m=[0mPolymarket
[2m2026-04-12T20:32:14.053194Z[0m [34mDEBUG[0m [2mmercury::engine::market_actor[0m[2m:[0m Tick received — running arb detection [3mmarket_id[0m[2m=[0m631deb8c-fbb4-489e-818e-ae698f57f50b [3mplatform[0m[2m=[0mKalshi [3mbid[0m[2m=[0m0.5400 [3mask[0m[2m=[0m0.5600 [3mmid[0m[2m=[0m0.5500 [3mbid_size[0m[2m=[0m692.76 [3mask_size[0m[2m=[0m99.23
[2m2026-04-12T20:32:14.053341Z[0m [34mDEBUG[0m [2mmercury::engine::spread[0m[2m:[0m Evaluated spread direction 2 [3mmarket_id[0m[2m=[0m631deb8c-fbb4-489e-818e-ae698f57f50b [3mdirection[0m[2m=[0m"NO-A/YES-B" [3mraw_spread[0m[2m=[0m-0.0700 [3mbid_a[0m[2m=[0m0.5400 [3mask_b[0m[2m=[0m0.61
[2m2026-04-12T20:32:14.053495Z[0m [32m INFO[0m [2mmercury::engine::detector[0m[2m:[0m ARB OPPORTUNITY DETECTED — passing to execution pipeline [3mmarket_id[0m[2m=[0m631deb8c-fbb4-489e-818e-ae698f57f50b [3mnet_spread[0m[2m=[0m0.0271599375188954953139171621 [3mraw_spread[0m[2m=[0m0.0400 [3mscore[0m[2m=[0m0.1233638008998684993811576945 [3mleg_a[0m[2m=[0mKalshi [3mleg_b[0m[2m=[0mPolymarket [3mleg_a_price[0m[2m=[0m0.5600 [3mleg_b_price[0m[2m=[0m0.4 [3mavailable_size[0m[2m=[0m93.89
[2m2026-04-12T20:32:14.053689Z[0m [34mDEBUG[0m [2mmercury::engine::market_actor[0m[2m:[0m Tick received — running arb detection [3mmarket_id[0m[2m=[0m631deb8c-fbb4-489e-818e-ae698f57f50b [3mplatform[0m[2m=[0mPolymarket [3mbid[0m[2m=[0m0.6 [3mask[0m[2m=[0m0.61 [3mmid[0m[2m=[0m0.6050 [3mbid_size[0m[2m=[0m93.89 [3mask_size[0m[2m=[0m5
[2m2026-04-12T20:32:14.053832Z[0m [34mDEBUG[0m [2mmercury::engine::spread[0m[2m:[0m Evaluated spread direction 2 [3mmarket_id[0m[2m=[0m631deb8c-fbb4-489e-818e-ae698f57f50b [3mdirection[0m[2m=[0m"NO-A/YES-B" [3mraw_spread[0m[2m=[0m-0.0700 [3mbid_a[0m[2m=[0m0.5400 [3mask_b[0m[2m=[0m0.61
[2m2026-04-12T20:32:14.053976Z[0m [32m INFO[0m [2mmercury::engine::detector[0m[2m:[0m ARB OPPORTUNITY DETECTED — passing to execution pipeline [3mmarket_id[0m[2m=[0m631deb8c-fbb4-489e-818e-ae698f57f50b [3mnet_spread[0m[2m=[0m0.0271599375188954953139171621 [3mraw_spread[0m[2m=[0m0.0400 [3mscore[0m[2m=[0m0.1233638008998684993811576945 [3mleg_a[0m[2m=[0mKalshi [3mleg_b[0m[2m=[0mPolymarket [3mleg_a_price[0m[2m=[0m0.5600 [3mleg_b_price[0m[2m=[0m0.4 [3mavailable_size[0m[2m=[0m93.89
[2m2026-04-12T20:32:14.054167Z[0m [34mDEBUG[0m [2mmercury::engine::market_actor[0m[2m:[0m Tick received — running arb detection [3mmarket_id[0m[2m=[0m631deb8c-fbb4-489e-818e-ae698f57f50b [3mplatform[0m[2m=[0mKalshi [3mbid[0m[2m=[0m0.5400 [3mask[0m[2m=[0m0.5600 [3mmid[0m[2m=[0m0.5500 [3mbid_size[0m[2m=[0m692.76 [3mask_size[0m[2m=[0m102.23
[2m2026-04-12T20:32:14.054224Z[0m [33m WARN[0m [2mmercury::risk::circuit_breaker[0m[2m:[0m Circuit breakers tripped [3mcount[0m[2m=[0m1
[2m2026-04-12T20:32:14.054295Z[0m [33m WARN[0m [2mmercury::engine::market_actor[0m[2m:[0m Opportunity BLOCKED by circuit breakers [3mopp_id[0m[2m=[0m7952d153-8085-4b85-a0b3-77d536e8b9b2 [3mmarket_id[0m[2m=[0m631deb8c-fbb4-489e-818e-ae698f57f50b [3mapproved_size[0m[2m=[0m93
[2m2026-04-12T20:32:14.054316Z[0m [34mDEBUG[0m [2mmercury::engine::spread[0m[2m:[0m Evaluated spread direction 2 [3mmarket_id[0m[2m=[0m631deb8c-fbb4-489e-818e-ae698f57f50b [3mdirection[0m[2m=[0m"NO-A/YES-B" [3mraw_spread[0m[2m=[0m-0.0700 [3mbid_a[0m[2m=[0m0.5400 [3mask_b[0m[2m=[0m0.61
[2m2026-04-12T20:32:14.054453Z[0m [32m INFO[0m [2mmercury::engine::detector[0m[2m:[0m ARB OPPORTUNITY DETECTED — passing to execution pipeline [3mmarket_id[0m[2m=[0m631deb8c-fbb4-489e-818e-ae698f57f50b [3mnet_spread[0m[2m=[0m0.0268829169519710456813068571 [3mraw_spread[0m[2m=[0m0.0400 [3mscore[0m[2m=[0m0.1221055391664068143991828042 [3mleg_a[0m[2m=[0mKalshi [3mleg_b[0m[2m=[0mPolymarket [3mleg_a_price[0m[2m=[0m0.5600 [3mleg_b_price[0m[2m=[0m0.4 [3mavailable_size[0m[2m=[0m93.89
[2m2026-04-12T20:32:14.054648Z[0m [34mDEBUG[0m [2mmercury::engine::market_actor[0m[2m:[0m Tick received — running arb detection [3mmarket_id[0m[2m=[0m631deb8c-fbb4-489e-818e-ae698f57f50b [3mplatform[0m[2m=[0mPolymarket [3mbid[0m[2m=[0m0.6 [3mask[0m[2m=[0m0.61 [3mmid[0m[2m=[0m0.6050 [3mbid_size[0m[2m=[0m93.89 [3mask_size[0m[2m=[0m5
[2m2026-04-12T20:32:14.054679Z[0m [33m WARN[0m [2mmercury::risk::circuit_breaker[0m[2m:[0m Circuit breakers tripped [3mcount[0m[2m=[0m1
[2m2026-04-12T20:32:14.054755Z[0m [33m WARN[0m [2mmercury::engine::market_actor[0m[2m:[0m Opportunity BLOCKED by circuit breakers [3mopp_id[0m[2m=[0mc534aac6-43c0-4a1a-845d-2a226f907858 [3mmarket_id[0m[2m=[0m631deb8c-fbb4-489e-818e-ae698f57f50b [3mapproved_size[0m[2m=[0m93
[2m2026-04-12T20:32:14.054789Z[0m [34mDEBUG[0m [2mmercury::engine::spread[0m[2m:[0m Evaluated spread direction 2 [3mmarket_id[0m[2m=[0m631deb8c-fbb4-489e-818e-ae698f57f50b [3mdirection[0m[2m=[0m"NO-A/YES-B" [3mraw_spread[0m[2m=[0m-0.0700 [3mbid_a[0m[2m=[0m0.5400 [3mask_b[0m[2m=[0m0.61
[2m2026-04-12T20:32:14.054931Z[0m [32m INFO[0m [2mmercury::engine::detector[0m[2m:[0m ARB OPPORTUNITY DETECTED — passing to execution pipeline [3mmarket_id[0m[2m=[0m631deb8c-fbb4-489e-818e-ae698f57f50b [3mnet_spread[0m[2m=[0m0.0268829169519710456813068571 [3mraw_spread[0m[2m=[0m0.0400 [3mscore[0m[2m=[0m0.1221055391664068143991828042 [3mleg_a[0m[2m=[0mKalshi [3mleg_b[0m[2m=[0mPolymarket [3mleg_a_price[0m[2m=[0m0.5600 [3mleg_b_price[0m[2m=[0m0.4 [3mavailable_size[0m[2m=[0m93.89
[2m2026-04-12T20:32:14.055126Z[0m [34mDEBUG[0m [2mmercury::engine::market_actor[0m[2m:[0m Tick received — running arb detection [3mmarket_id[0m[2m=[0m631deb8c-fbb4-489e-818e-ae698f57f50b [3mplatform[0m[2m=[0mPolymarket [3mbid[0m[2m=[0m0.6 [3mask[0m[2m=[0m0.61 [3mmid[0m[2m=[0m0.6050 [3mbid_size[0m[2m=[0m93.89 [3mask_size[0m[2m=[0m5
[2m2026-04-12T20:32:14.055156Z[0m [33m WARN[0m [2mmercury::risk::circuit_breaker[0m[2m:[0m Circuit breakers tripped [3mcount[0m[2m=[0m1
[2m2026-04-12T20:32:14.055233Z[0m [33m WARN[0m [2mmercury::engine::market_actor[0m[2m:[0m Opportunity BLOCKED by circuit breakers [3mopp_id[0m[2m=[0m0e157bb4-2eb5-4bd3-a186-8c07ad8a053e [3mmarket_id[0m[2m=[0m631deb8c-fbb4-489e-818e-ae698f57f50b [3mapproved_size[0m[2m=[0m93
[2m2026-04-12T20:32:14.055266Z[0m [34mDEBUG[0m [2mmercury::engine::spread[0m[2m:[0m Evaluated spread direction 2 [3mmarket_id[0m[2m=[0m631deb8c-fbb4-489e-818e-ae698f57f50b [3mdirection[0m[2m=[0m"NO-A/YES-B" [3mraw_spread[0m[2m=[0m-0.0700 [3mbid_a[0m[2m=[0m0.5400 [3mask_b[0m[2m=[0m0.61
[2m2026-04-12T20:32:14.055409Z[0m [32m INFO[0m [2mmercury::engine::detector[0m[2m:[0m ARB OPPORTUNITY DETECTED — passing to execution pipeline [3mmarket_id[0m[2m=[0m631deb8c-fbb4-489e-818e-ae698f57f50b [3mnet_spread[0m[2m=[0m0.0268829169519710456813068571 [3mraw_spread[0m[2m=[0m0.0400 [3mscore[0m[2m=[0m0.1221055391664068143991828042 [3mleg_a[0m[2m=[0mKalshi [3mleg_b[0m[2m=[0mPolymarket [3mleg_a_price[0m[2m=[0m0.5600 [3mleg_b_price[0m[2m=[0m0.4 [3mavailable_size[0m[2m=[0m93.89
[2m2026-04-12T20:32:14.055639Z[0m [33m WARN[0m [2mmercury::risk::circuit_breaker[0m[2m:[0m Circuit breakers tripped [3mcount[0m[2m=[0m1
[2m2026-04-12T20:32:14.055701Z[0m [33m WARN[0m [2mmercury::engine::market_actor[0m[2m:[0m Opportunity BLOCKED by circuit breakers [3mopp_id[0m[2m=[0m273e1daa-e2b7-4311-bc86-c7d32cfe0e65 [3mmarket_id[0m[2m=[0m631deb8c-fbb4-489e-818e-ae698f57f50b [3mapproved_size[0m[2m=[0m93
[2m2026-04-12T20:32:14.055712Z[0m [33m WARN[0m [2mmercury::risk::circuit_breaker[0m[2m:[0m Circuit breakers tripped [3mcount[0m[2m=[0m1
[2m2026-04-12T20:32:14.055781Z[0m [33m WARN[0m [2mmercury::engine::market_actor[0m[2m:[0m Opportunity BLOCKED by circuit breakers [3mopp_id[0m[2m=[0m6861830b-172b-4431-a4f5-9682b2506dae [3mmarket_id[0m[2m=[0m631deb8c-fbb4-489e-818e-ae698f57f50b [3mapproved_size[0m[2m=[0m93
[2m2026-04-12T20:32:14.063939Z[0m [34mDEBUG[0m [2mmercury::engine::market_actor[0m[2m:[0m Tick received — running arb detection [3mmarket_id[0m[2m=[0m631deb8c-fbb4-489e-818e-ae698f57f50b [3mplatform[0m[2m=[0mKalshi [3mbid[0m[2m=[0m0.5400 [3mask[0m[2m=[0m0.5600 [3mmid[0m[2m=[0m0.5500 [3mbid_size[0m[2m=[0m692.76 [3mask_size[0m[2m=[0m102.23
[2m2026-04-12T20:32:14.064298Z[0m [34mDEBUG[0m [2mmercury::engine::spread[0m[2m:[0m Evaluated spread direction 2 [3mmarket_id[0m[2m=[0m631deb8c-fbb4-489e-818e-ae698f57f50b [3mdirection[0m[2m=[0m"NO-A/YES-B" [3mraw_spread[0m[2m=[0m-0.0700 [3mbid_a[0m[2m=[0m0.5400 [3mask_b[0m[2m=[0m0.61
[2m2026-04-12T20:32:14.064580Z[0m [32m INFO[0m [2mmercury::engine::detector[0m[2m:[0m ARB OPPORTUNITY DETECTED — passing to execution pipeline [3mmarket_id[0m[2m=[0m631deb8c-fbb4-489e-818e-ae698f57f50b [3mnet_spread[0m[2m=[0m0.0268829169519710456813068571 [3mraw_spread[0m[2m=[0m0.0400 [3mscore[0m[2m=[0m0.1221055391664068143991828042 [3mleg_a[0m[2m=[0mKalshi [3mleg_b[0m[2m=[0mPolymarket [3mleg_a_price[0m[2m=[0m0.5600 [3mleg_b_price[0m[2m=[0m0.4 [3mavailable_size[0m[2m=[0m93.89
[2m2026-04-12T20:32:14.064863Z[0m [33m WARN[0m [2mmercury::risk::circuit_breaker[0m[2m:[0m Circuit breakers tripped [3mcount[0m[2m=[0m1
[2m2026-04-12T20:32:14.064956Z[0m [33m WARN[0m [2mmercury::engine::market_actor[0m[2m:[0m Opportunity BLOCKED by circuit breakers [3mopp_id[0m[2m=[0m7618509b-51ef-4cd9-aa54-516b55bb6e0e [3mmarket_id[0m[2m=[0m631deb8c-fbb4-489e-818e-ae698f57f50b [3mapproved_size[0m[2m=[0m93
[2m2026-04-12T20:32:14.065671Z[0m [34mDEBUG[0m [2mmercury::engine::market_actor[0m[2m:[0m Tick received — running arb detection [3mmarket_id[0m[2m=[0m631deb8c-fbb4-489e-818e-ae698f57f50b [3mplatform[0m[2m=[0mKalshi [3mbid[0m[2m=[0m0.5400 [3mask[0m[2m=[0m0.5600 [3mmid[0m[2m=[0m0.5500 [3mbid_size[0m[2m=[0m692.76 [3mask_size[0m[2m=[0m102.23
[2m2026-04-12T20:32:14.065905Z[0m [34mDEBUG[0m [2mmercury::engine::spread[0m[2m:[0m Evaluated spread direction 2 [3mmarket_id[0m[2m=[0m631deb8c-fbb4-489e-818e-ae698f57f50b [3mdirection[0m[2m=[0m"NO-A/YES-B" [3mraw_spread[0m[2m=[0m-0.0700 [3mbid_a[0m[2m=[0m0.5400 [3mask_b[0m[2m=[0m0.61
[2m2026-04-12T20:32:14.066109Z[0m [32m INFO[0m [2mmercury::engine::detector[0m[2m:[0m ARB OPPORTUNITY DETECTED — passing to execution pipeline [3mmarket_id[0m[2m=[0m631deb8c-fbb4-489e-818e-ae698f57f50b [3mnet_spread[0m[2m=[0m0.0268829169519710456813068571 [3mraw_spread[0m[2m=[0m0.0400 [3mscore[0m[2m=[0m0.1221055391664068143991828042 [3mleg_a[0m[2m=[0mKalshi [3mleg_b[0m[2m=[0mPolymarket [3mleg_a_price[0m[2m=[0m0.5600 [3mleg_b_price[0m[2m=[0m0.4 [3mavailable_size[0m[2m=[0m93.89
[2m2026-04-12T20:32:14.066355Z[0m [34mDEBUG[0m [2mmercury::engine::market_actor[0m[2m:[0m Tick received — running arb detection [3mmarket_id[0m[2m=[0m631deb8c-fbb4-489e-818e-ae698f57f50b [3mplatform[0m[2m=[0mKalshi [3mbid[0m[2m=[0m0.5400 [3mask[0m[2m=[0m0.5600 [3mmid[0m[2m=[0m0.5500 [3mbid_size[0m[2m=[0m694.52 [3mask_size[0m[2m=[0m102.23
[2m2026-04-12T20:32:14.066563Z[0m [34mDEBUG[0m [2mmercury::engine::spread[0m[2m:[0m Evaluated spread direction 2 [3mmarket_id[0m[2m=[0m631deb8c-fbb4-489e-818e-ae698f57f50b [3mdirection[0m[2m=[0m"NO-A/YES-B" [3mraw_spread[0m[2m=[0m-0.0700 [3mbid_a[0m[2m=[0m0.5400 [3mask_b[0m[2m=[0m0.61
[2m2026-04-12T20:32:14.066757Z[0m [32m INFO[0m [2mmercury::engine::detector[0m[2m:[0m ARB OPPORTUNITY DETECTED — passing to execution pipeline [3mmarket_id[0m[2m=[0m631deb8c-fbb4-489e-818e-ae698f57f50b [3mnet_spread[0m[2m=[0m0.0268829169519710456813068571 [3mraw_spread[0m[2m=[0m0.0400 [3mscore[0m[2m=[0m0.1221055391664068143991828042 [3mleg_a[0m[2m=[0mKalshi [3mleg_b[0m[2m=[0mPolymarket [3mleg_a_price[0m[2m=[0m0.5600 [3mleg_b_price[0m[2m=[0m0.4 [3mavailable_size[0m[2m=[0m93.89
[2m2026-04-12T20:32:14.067049Z[0m [33m WARN[0m [2mmercury::risk::circuit_breaker[0m[2m:[0m Circuit breakers tripped [3mcount[0m[2m=[0m1
[2m2026-04-12T20:32:14.067153Z[0m [33m WARN[0m [2mmercury::engine::market_actor[0m[2m:[0m Opportunity BLOCKED by circuit breakers [3mopp_id[0m[2m=[0m07cf8806-bf39-4653-a3a1-0482c8595618 [3mmarket_id[0m[2m=[0m631deb8c-fbb4-489e-818e-ae698f57f50b [3mapproved_size[0m[2m=[0m93
[2m2026-04-12T20:32:14.067224Z[0m [33m WARN[0m [2mmercury::risk::circuit_breaker[0m[2m:[0m Circuit breakers tripped [3mcount[0m[2m=[0m1
[2m2026-04-12T20:32:14.067303Z[0m [33m WARN[0m [2mmercury::engine::market_actor[0m[2m:[0m Opportunity BLOCKED by circuit breakers [3mopp_id[0m[2m=[0m58f56d88-d2db-4a50-82c0-637f5a824dfd [3mmarket_id[0m[2m=[0m631deb8c-fbb4-489e-818e-ae698f57f50b [3mapproved_size[0m[2m=[0m93
[2m2026-04-12T20:32:14.078376Z[0m [34mDEBUG[0m [2mmercury::engine::market_actor[0m[2m:[0m Tick received — running arb detection [3mmarket_id[0m[2m=[0m631deb8c-fbb4-489e-818e-ae698f57f50b [3mplatform[0m[2m=[0mKalshi [3mbid[0m[2m=[0m0.5400 [3mask[0m[2m=[0m0.5600 [3mmid[0m[2m=[0m0.5500 [3mbid_size[0m[2m=[0m694.52 [3mask_size[0m[2m=[0m102.23
[2m2026-04-12T20:32:14.078675Z[0m [34mDEBUG[0m [2mmercury::engine::spread[0m[2m:[0m Evaluated spread direction 2 [3mmarket_id[0m[2m=[0m631deb8c-fbb4-489e-818e-ae698f57f50b [3mdirection[0m[2m=[0m"NO-A/YES-B" [3mraw_spread[0m[2m=[0m-0.0700 [3mbid_a[0m[2m=[0m0.5400 [3mask_b[0m[2m=[0m0.61
[2m2026-04-12T20:32:14.078899Z[0m [32m INFO[0m [2mmercury::engine::detector[0m[2m:[0m ARB OPPORTUNITY DETECTED — passing to execution pipeline [3mmarket_id[0m[2m=[0m631deb8c-fbb4-489e-818e-ae698f57f50b [3mnet_spread[0m[2m=[0m0.0268829169519710456813068571 [3mraw_spread[0m[2m=[0m0.0400 [3mscore[0m[2m=[0m0.1221055391664068143991828042 [3mleg_a[0m[2m=[0mKalshi [3mleg_b[0m[2m=[0mPolymarket [3mleg_a_price[0m[2m=[0m0.5600 [3mleg_b_price[0m[2m=[0m0.4 [3mavailable_size[0m[2m=[0m93.89
[2m2026-04-12T20:32:14.079207Z[0m [33m WARN[0m [2mmercury::risk::circuit_breaker[0m[2m:[0m Circuit breakers tripped [3mcount[0m[2m=[0m1
[2m2026-04-12T20:32:14.079303Z[0m [33m WARN[0m [2mmercury::engine::market_actor[0m[2m:[0m Opportunity BLOCKED by circuit breakers [3mopp_id[0m[2m=[0mdcf59650-254b-47ca-a572-d9fa8b1deae5 [3mmarket_id[0m[2m=[0m631deb8c-fbb4-489e-818e-ae698f57f50b [3mapproved_size[0m[2m=[0m93
[2m2026-04-12T20:32:14.092108Z[0m [34mDEBUG[0m [2mmercury::engine::market_actor[0m[2m:[0m Tick received — running arb detection [3mmarket_id[0m[2m=[0m9046452d-bcb3-4bb8-8925-8924b7439992 [3mplatform[0m[2m=[0mPolymarket [3mbid[0m[2m=[0m0.49 [3mask[0m[2m=[0m0.5 [3mmid[0m[2m=[0m0.4950 [3mbid_size[0m[2m=[0m25.2 [3mask_size[0m[2m=[0m129.15
[2m2026-04-12T20:32:14.111123Z[0m [34mDEBUG[0m [2mmercury::engine::market_actor[0m[2m:[0m Tick received — running arb detection [3mmarket_id[0m[2m=[0m9046452d-bcb3-4bb8-8925-8924b7439992 [3mplatform[0m[2m=[0mPolymarket [3mbid[0m[2m=[0m0.49 [3mask[0m[2m=[0m0.5 [3mmid[0m[2m=[0m0.4950 [3mbid_size[0m[2m=[0m25.2 [3mask_size[0m[2m=[0m129.15
[2m2026-04-12T20:32:14.146734Z[0m [34mDEBUG[0m [2mmercury::engine::market_actor[0m[2m:[0m Tick received — running arb detection [3mmarket_id[0m[2m=[0m2b958b37-9921-40b8-b22d-64a67138ae70 [3mplatform[0m[2m=[0mPolymarket [3mbid[0m[2m=[0m0.59 [3mask[0m[2m=[0m0.61 [3mmid[0m[2m=[0m0.60 [3mbid_size[0m[2m=[0m6.72 [3mask_size[0m[2m=[0m12.21
[2m2026-04-12T20:32:14.147055Z[0m [34mDEBUG[0m [2mmercury::engine::market_actor[0m[2m:[0m Tick received — running arb detection [3mmarket_id[0m[2m=[0m2b958b37-9921-40b8-b22d-64a67138ae70 [3mplatform[0m[2m=[0mPolymarket [3mbid[0m[2m=[0m0.59 [3mask[0m[2m=[0m0.61 [3mmid[0m[2m=[0m0.60 [3mbid_size[0m[2m=[0m6.72 [3mask_size[0m[2m=[0m12.21
[2m2026-04-12T20:32:14.147245Z[0m [34mDEBUG[0m [2mmercury::engine::market_actor[0m[2m:[0m Tick received — running arb detection [3mmarket_id[0m[2m=[0m2b958b37-9921-40b8-b22d-64a67138ae70 [3mplatform[0m[2m=[0mPolymarket [3mbid[0m[2m=[0m0.59 [3mask[0m[2m=[0m0.61 [3mmid[0m[2m=[0m0.60 [3mbid_size[0m[2m=[0m6.72 [3mask_size[0m[2m=[0m12.21
[2m2026-04-12T20:32:14.147429Z[0m [34mDEBUG[0m [2mmercury::engine::market_actor[0m[2m:[0m Tick received — running arb detection [3mmarket_id[0m[2m=[0m2b958b37-9921-40b8-b22d-64a67138ae70 [3mplatform[0m[2m=[0mPolymarket [3mbid[0m[2m=[0m0.59 [3mask[0m[2m=[0m0.61 [3mmid[0m[2m=[0m0.60 [3mbid_size[0m[2m=[0m6.72 [3mask_size[0m[2m=[0m12.21
[2m2026-04-12T20:32:14.147616Z[0m [34mDEBUG[0m [2mmercury::engine::market_actor[0m[2m:[0m Tick received — running arb detection [3mmarket_id[0m[2m=[0m2b958b37-9921-40b8-b22d-64a67138ae70 [3mplatform[0m[2m=[0mPolymarket [3mbid[0m[2m=[0m0.59 [3mask[0m[2m=[0m0.61 [3mmid[0m[2m=[0m0.60 [3mbid_size[0m[2m=[0m6.72 [3mask_size[0m[2m=[0m12.21
[2m2026-04-12T20:32:14.147796Z[0m [34mDEBUG[0m [2mmercury::engine::market_actor[0m[2m:[0m Tick received — running arb detection [3mmarket_id[0m[2m=[0m2b958b37-9921-40b8-b22d-64a67138ae70 [3mplatform[0m[2m=[0mPolymarket [3mbid[0m[2m=[0m0.59 [3mask[0m[2m=[0m0.61 [3mmid[0m[2m=[0m0.60 [3mbid_size[0m[2m=[0m6.72 [3mask_size[0m[2m=[0m12.21
[2m2026-04-12T20:32:14.185617Z[0m [34mDEBUG[0m [2mmercury::engine::market_actor[0m[2m:[0m Tick received — running arb detection [3mmarket_id[0m[2m=[0m9046452d-bcb3-4bb8-8925-8924b7439992 [3mplatform[0m[2m=[0mPolymarket [3mbid[0m[2m=[0m0.49 [3mask[0m[2m=[0m0.5 [3mmid[0m[2m=[0m0.4950 [3mbid_size[0m[2m=[0m25.2 [3mask_size[0m[2m=[0m129.15
[2m2026-04-12T20:32:14.185834Z[0m [34mDEBUG[0m [2mmercury::engine::market_actor[0m[2m:[0m Tick received — running arb detection [3mmarket_id[0m[2m=[0m9046452d-bcb3-4bb8-8925-8924b7439992 [3mplatform[0m[2m=[0mPolymarket [3mbid[0m[2m=[0m0.49 [3mask[0m[2m=[0m0.5 [3mmid[0m[2m=[0m0.4950 [3mbid_size[0m[2m=[0m25.2 [3mask_size[0m[2m=[0m129.15
[2m2026-04-12T20:32:14.185980Z[0m [34mDEBUG[0m [2mmercury::engine::market_actor[0m[2m:[0m Tick received — running arb detection [3mmarket_id[0m[2m=[0m9046452d-bcb3-4bb8-8925-8924b7439992 [3mplatform[0m[2m=[0mPolymarket [3mbid[0m[2m=[0m0.49 [3mask[0m[2m=[0m0.5 [3mmid[0m[2m=[0m0.4950 [3mbid_size[0m[2m=[0m25.2 [3mask_size[0m[2m=[0m129.15
[2m2026-04-12T20:32:14.186122Z[0m [34mDEBUG[0m [2mmercury::engine::market_actor[0m[2m:[0m Tick received — running arb detection [3mmarket_id[0m[2m=[0m9046452d-bcb3-4bb8-8925-8924b7439992 [3mplatform[0m[2m=[0mPolymarket [3mbid[0m[2m=[0m0.49 [3mask[0m[2m=[0m0.5 [3mmid[0m[2m=[0m0.4950 [3mbid_size[0m[2m=[0m25.2 [3mask_size[0m[2m=[0m129.15
[2m2026-04-12T20:32:14.186269Z[0m [34mDEBUG[0m [2mmercury::engine::market_actor[0m[2m:[0m Tick received — running arb detection [3mmarket_id[0m[2m=[0m9046452d-bcb3-4bb8-8925-8924b7439992 [3mplatform[0m[2m=[0mPolymarket [3mbid[0m[2m=[0m0.49 [3mask[0m[2m=[0m0.5 [3mmid[0m[2m=[0m0.4950 [3mbid_size[0m[2m=[0m25.2 [3mask_size[0m[2m=[0m129.15
[2m2026-04-12T20:32:14.186412Z[0m [34mDEBUG[0m [2mmercury::engine::market_actor[0m[2m:[0m Tick received — running arb detection [3mmarket_id[0m[2m=[0m9046452d-bcb3-4bb8-8925-8924b7439992 [3mplatform[0m[2m=[0mPolymarket [3mbid[0m[2m=[0m0.49 [3mask[0m[2m=[0m0.5 [3mmid[0m[2m=[0m0.4950 [3mbid_size[0m[2m=[0m25.2 [3mask_size[0m[2m=[0m129.15
[2m2026-04-12T20:32:14.186584Z[0m [34mDEBUG[0m [2mmercury::engine::market_actor[0m[2m:[0m Tick received — running arb detection [3mmarket_id[0m[2m=[0m9046452d-bcb3-4bb8-8925-8924b7439992 [3mplatform[0m[2m=[0mPolymarket [3mbid[0m[2m=[0m0.49 [3mask[0m[2m=[0m0.5 [3mmid[0m[2m=[0m0.4950 [3mbid_size[0m[2m=[0m25.2 [3mask_size[0m[2m=[0m129.15
[2m2026-04-12T20:32:14.186740Z[0m [34mDEBUG[0m [2mmercury::engine::market_actor[0m[2m:[0m Tick received — running arb detection [3mmarket_id[0m[2m=[0m9046452d-bcb3-4bb8-8925-8924b7439992 [3mplatform[0m[2m=[0mPolymarket [3mbid[0m[2m=[0m0.49 [3mask[0m[2m=[0m0.5 [3mmid[0m[2m=[0m0.4950 [3mbid_size[0m[2m=[0m25.2 [3mask_size[0m[2m=[0m129.15
[2m2026-04-12T20:32:14.186773Z[0m [34mDEBUG[0m [2mmercury::engine::market_actor[0m[2m:[0m Tick received — running arb detection [3mmarket_id[0m[2m=[0m631deb8c-fbb4-489e-818e-ae698f57f50b [3mplatform[0m[2m=[0mPolymarket [3mbid[0m[2m=[0m0.6 [3mask[0m[2m=[0m0.61 [3mmid[0m[2m=[0m0.6050 [3mbid_size[0m[2m=[0m93.89 [3mask_size[0m[2m=[0m5
[2m2026-04-12T20:32:14.186885Z[0m [34mDEBUG[0m [2mmercury::engine::market_actor[0m[2m:[0m Tick received — running arb detection [3mmarket_id[0m[2m=[0m9046452d-bcb3-4bb8-8925-8924b7439992 [3mplatform[0m[2m=[0mPolymarket [3mbid[0m[2m=[0m0.49 [3mask[0m[2m=[0m0.5 [3mmid[0m[2m=[0m0.4950 [3mbid_size[0m[2m=[0m25.2 [3mask_size[0m[2m=[0m129.15
[2m2026-04-12T20:32:14.186945Z[0m [34mDEBUG[0m [2mmercury::engine::spread[0m[2m:[0m Evaluated spread direction 2 [3mmarket_id[0m[2m=[0m631deb8c-fbb4-489e-818e-ae698f57f50b [3mdirection[0m[2m=[0m"NO-A/YES-B" [3mraw_spread[0m[2m=[0m-0.0700 [3mbid_a[0m[2m=[0m0.5400 [3mask_b[0m[2m=[0m0.61
[2m2026-04-12T20:32:14.187125Z[0m [32m INFO[0m [2mmercury::engine::detector[0m[2m:[0m ARB OPPORTUNITY DETECTED — passing to execution pipeline [3mmarket_id[0m[2m=[0m631deb8c-fbb4-489e-818e-ae698f57f50b [3mnet_spread[0m[2m=[0m0.0268829169519710456813068571 [3mraw_spread[0m[2m=[0m0.0400 [3mscore[0m[2m=[0m0.1221055391664068143991828042 [3mleg_a[0m[2m=[0mKalshi [3mleg_b[0m[2m=[0mPolymarket [3mleg_a_price[0m[2m=[0m0.5600 [3mleg_b_price[0m[2m=[0m0.4 [3mavailable_size[0m[2m=[0m93.89
[2m2026-04-12T20:32:14.187366Z[0m [34mDEBUG[0m [2mmercury::engine::market_actor[0m[2m:[0m Tick received — running arb detection [3mmarket_id[0m[2m=[0m631deb8c-fbb4-489e-818e-ae698f57f50b [3mplatform[0m[2m=[0mPolymarket [3mbid[0m[2m=[0m0.6 [3mask[0m[2m=[0m0.61 [3mmid[0m[2m=[0m0.6050 [3mbid_size[0m[2m=[0m93.89 [3mask_size[0m[2m=[0m5
[2m2026-04-12T20:32:14.187404Z[0m [34mDEBUG[0m [2mmercury::engine::market_actor[0m[2m:[0m Tick received — running arb detection [3mmarket_id[0m[2m=[0m9046452d-bcb3-4bb8-8925-8924b7439992 [3mplatform[0m[2m=[0mPolymarket [3mbid[0m[2m=[0m0.49 [3mask[0m[2m=[0m0.5 [3mmid[0m[2m=[0m0.4950 [3mbid_size[0m[2m=[0m25.2 [3mask_size[0m[2m=[0m129.15
[2m2026-04-12T20:32:14.187502Z[0m [34mDEBUG[0m [2mmercury::engine::spread[0m[2m:[0m Evaluated spread direction 2 [3mmarket_id[0m[2m=[0m631deb8c-fbb4-489e-818e-ae698f57f50b [3mdirection[0m[2m=[0m"NO-A/YES-B" [3mraw_spread[0m[2m=[0m-0.0700 [3mbid_a[0m[2m=[0m0.5400 [3mask_b[0m[2m=[0m0.61
[2m2026-04-12T20:32:14.187641Z[0m [32m INFO[0m [2mmercury::engine::detector[0m[2m:[0m ARB OPPORTUNITY DETECTED — passing to execution pipeline [3mmarket_id[0m[2m=[0m631deb8c-fbb4-489e-818e-ae698f57f50b [3mnet_spread[0m[2m=[0m0.0268829169519710456813068571 [3mraw_spread[0m[2m=[0m0.0400 [3mscore[0m[2m=[0m0.1221055391664068143991828042 [3mleg_a[0m[2m=[0mKalshi [3mleg_b[0m[2m=[0mPolymarket [3mleg_a_price[0m[2m=[0m0.5600 [3mleg_b_price[0m[2m=[0m0.4 [3mavailable_size[0m[2m=[0m93.89
[2m2026-04-12T20:32:14.187825Z[0m [34mDEBUG[0m [2mmercury::engine::market_actor[0m[2m:[0m Tick received — running arb detection [3mmarket_id[0m[2m=[0m631deb8c-fbb4-489e-818e-ae698f57f50b [3mplatform[0m[2m=[0mPolymarket [3mbid[0m[2m=[0m0.6 [3mask[0m[2m=[0m0.61 [3mmid[0m[2m=[0m0.6050 [3mbid_size[0m[2m=[0m93.89 [3mask_size[0m[2m=[0m5
[2m2026-04-12T20:32:14.187858Z[0m [34mDEBUG[0m [2mmercury::engine::market_actor[0m[2m:[0m Tick received — running arb detection [3mmarket_id[0m[2m=[0m9046452d-bcb3-4bb8-8925-8924b7439992 [3mplatform[0m[2m=[0mPolymarket [3mbid[0m[2m=[0m0.49 [3mask[0m[2m=[0m0.5 [3mmid[0m[2m=[0m0.4950 [3mbid_size[0m[2m=[0m25.2 [3mask_size[0m[2m=[0m129.15
[2m2026-04-12T20:32:14.187905Z[0m [33m WARN[0m [2mmercury::risk::circuit_breaker[0m[2m:[0m Circuit breakers tripped [3mcount[0m[2m=[0m1
[2m2026-04-12T20:32:14.187958Z[0m [34mDEBUG[0m [2mmercury::engine::spread[0m[2m:[0m Evaluated spread direction 2 [3mmarket_id[0m[2m=[0m631deb8c-fbb4-489e-818e-ae698f57f50b [3mdirection[0m[2m=[0m"NO-A/YES-B" [3mraw_spread[0m[2m=[0m-0.0700 [3mbid_a[0m[2m=[0m0.5400 [3mask_b[0m[2m=[0m0.61
[2m2026-04-12T20:32:14.187972Z[0m [33m WARN[0m [2mmercury::engine::market_actor[0m[2m:[0m Opportunity BLOCKED by circuit breakers [3mopp_id[0m[2m=[0mfc809d54-26b4-4d7c-bc48-1ccd7be689ea [3mmarket_id[0m[2m=[0m631deb8c-fbb4-489e-818e-ae698f57f50b [3mapproved_size[0m[2m=[0m93
[2m2026-04-12T20:32:14.188096Z[0m [32m INFO[0m [2mmercury::engine::detector[0m[2m:[0m ARB OPPORTUNITY DETECTED — passing to execution pipeline [3mmarket_id[0m[2m=[0m631deb8c-fbb4-489e-818e-ae698f57f50b [3mnet_spread[0m[2m=[0m0.0268829169519710456813068571 [3mraw_spread[0m[2m=[0m0.0400 [3mscore[0m[2m=[0m0.1221055391664068143991828042 [3mleg_a[0m[2m=[0mKalshi [3mleg_b[0m[2m=[0mPolymarket [3mleg_a_price[0m[2m=[0m0.5600 [3mleg_b_price[0m[2m=[0m0.4 [3mavailable_size[0m[2m=[0m93.89
[2m2026-04-12T20:32:14.188278Z[0m [34mDEBUG[0m [2mmercury::engine::market_actor[0m[2m:[0m Tick received — running arb detection [3mmarket_id[0m[2m=[0m631deb8c-fbb4-489e-818e-ae698f57f50b [3mplatform[0m[2m=[0mPolymarket [3mbid[0m[2m=[0m0.6 [3mask[0m[2m=[0m0.61 [3mmid[0m[2m=[0m0.6050 [3mbid_size[0m[2m=[0m93.89 [3mask_size[0m[2m=[0m5
[2m2026-04-12T20:32:14.188353Z[0m [33m WARN[0m [2mmercury::risk::circuit_breaker[0m[2m:[0m Circuit breakers tripped [3mcount[0m[2m=[0m1
[2m2026-04-12T20:32:14.188411Z[0m [34mDEBUG[0m [2mmercury::engine::spread[0m[2m:[0m Evaluated spread direction 2 [3mmarket_id[0m[2m=[0m631deb8c-fbb4-489e-818e-ae698f57f50b [3mdirection[0m[2m=[0m"NO-A/YES-B" [3mraw_spread[0m[2m=[0m-0.0700 [3mbid_a[0m[2m=[0m0.5400 [3mask_b[0m[2m=[0m0.61
[2m2026-04-12T20:32:14.188423Z[0m [33m WARN[0m [2mmercury::engine::market_actor[0m[2m:[0m Opportunity BLOCKED by circuit breakers [3mopp_id[0m[2m=[0md92e2bae-4948-4336-9600-6d3627247ed9 [3mmarket_id[0m[2m=[0m631deb8c-fbb4-489e-818e-ae698f57f50b [3mapproved_size[0m[2m=[0m93
[2m2026-04-12T20:32:14.188546Z[0m [32m INFO[0m [2mmercury::engine::detector[0m[2m:[0m ARB OPPORTUNITY DETECTED — passing to execution pipeline [3mmarket_id[0m[2m=[0m631deb8c-fbb4-489e-818e-ae698f57f50b [3mnet_spread[0m[2m=[0m0.0268829169519710456813068571 [3mraw_spread[0m[2m=[0m0.0400 [3mscore[0m[2m=[0m0.1221055391664068143991828042 [3mleg_a[0m[2m=[0mKalshi [3mleg_b[0m[2m=[0mPolymarket [3mleg_a_price[0m[2m=[0m0.5600 [3mleg_b_price[0m[2m=[0m0.4 [3mavailable_size[0m[2m=[0m93.89
[2m2026-04-12T20:32:14.188751Z[0m [33m WARN[0m [2mmercury::risk::circuit_breaker[0m[2m:[0m Circuit breakers tripped [3mcount[0m[2m=[0m1
[2m2026-04-12T20:32:14.188816Z[0m [33m WARN[0m [2mmercury::engine::market_actor[0m[2m:[0m Opportunity BLOCKED by circuit breakers [3mopp_id[0m[2m=[0mce3704b4-3b26-4b00-87ab-44954d35be0a [3mmarket_id[0m[2m=[0m631deb8c-fbb4-489e-818e-ae698f57f50b [3mapproved_size[0m[2m=[0m93
[2m2026-04-12T20:32:14.188882Z[0m [33m WARN[0m [2mmercury::risk::circuit_breaker[0m[2m:[0m Circuit breakers tripped [3mcount[0m[2m=[0m1
[2m2026-04-12T20:32:14.188960Z[0m [33m WARN[0m [2mmercury::engine::market_actor[0m[2m:[0m Opportunity BLOCKED by circuit breakers [3mopp_id[0m[2m=[0m51bd0d4b-0e90-4408-a631-5d9cd87c127a [3mmarket_id[0m[2m=[0m631deb8c-fbb4-489e-818e-ae698f57f50b [3mapproved_size[0m[2m=[0m93
[2m2026-04-12T20:32:14.189605Z[0m [34mDEBUG[0m [2mmercury::engine::market_actor[0m[2m:[0m Tick received — running arb detection [3mmarket_id[0m[2m=[0m631deb8c-fbb4-489e-818e-ae698f57f50b [3mplatform[0m[2m=[0mPolymarket [3mbid[0m[2m=[0m0.6 [3mask[0m[2m=[0m0.61 [3mmid[0m[2m=[0m0.6050 [3mbid_size[0m[2m=[0m93.89 [3mask_size[0m[2m=[0m5
[2m2026-04-12T20:32:14.189755Z[0m [34mDEBUG[0m [2mmercury::engine::spread[0m[2m:[0m Evaluated spread direction 2 [3mmarket_id[0m[2m=[0m631deb8c-fbb4-489e-818e-ae698f57f50b [3mdirection[0m[2m=[0m"NO-A/YES-B" [3mraw_spread[0m[2m=[0m-0.0700 [3mbid_a[0m[2m=[0m0.5400 [3mask_b[0m[2m=[0m0.61
[2m2026-04-12T20:32:14.189894Z[0m [32m INFO[0m [2mmercury::engine::detector[0m[2m:[0m ARB OPPORTUNITY DETECTED — passing to execution pipeline [3mmarket_id[0m[2m=[0m631deb8c-fbb4-489e-818e-ae698f57f50b [3mnet_spread[0m[2m=[0m0.0268829169519710456813068571 [3mraw_spread[0m[2m=[0m0.0400 [3mscore[0m[2m=[0m0.1221055391664068143991828042 [3mleg_a[0m[2m=[0mKalshi [3mleg_b[0m[2m=[0mPolymarket [3mleg_a_price[0m[2m=[0m0.5600 [3mleg_b_price[0m[2m=[0m0.4 [3mavailable_size[0m[2m=[0m93.89
[2m2026-04-12T20:32:14.190102Z[0m [33m WARN[0m [2mmercury::risk::circuit_breaker[0m[2m:[0m Circuit breakers tripped [3mcount[0m[2m=[0m1
[2m2026-04-12T20:32:14.190164Z[0m [33m WARN[0m [2mmercury::engine::market_actor[0m[2m:[0m Opportunity BLOCKED by circuit breakers [3mopp_id[0m[2m=[0m49ea8d56-e208-4dcc-89ff-128b5fd2f7da [3mmarket_id[0m[2m=[0m631deb8c-fbb4-489e-818e-ae698f57f50b [3mapproved_size[0m[2m=[0m93
[2m2026-04-12T20:32:14.205989Z[0m [34mDEBUG[0m [2mmercury::engine::market_actor[0m[2m:[0m Tick received — running arb detection [3mmarket_id[0m[2m=[0m631deb8c-fbb4-489e-818e-ae698f57f50b [3mplatform[0m[2m=[0mPolymarket [3mbid[0m[2m=[0m0.6 [3mask[0m[2m=[0m0.61 [3mmid[0m[2m=[0m0.6050 [3mbid_size[0m[2m=[0m98.89 [3mask_size[0m[2m=[0m5
[2m2026-04-12T20:32:14.206242Z[0m [34mDEBUG[0m [2mmercury::engine::spread[0m[2m:[0m Evaluated spread direction 2 [3mmarket_id[0m[2m=[0m631deb8c-fbb4-489e-818e-ae698f57f50b [3mdirection[0m[2m=[0m"NO-A/YES-B" [3mraw_spread[0m[2m=[0m-0.0700 [3mbid_a[0m[2m=[0m0.5400 [3mask_b[0m[2m=[0m0.61
[2m2026-04-12T20:32:14.206405Z[0m [32m INFO[0m [2mmercury::engine::detector[0m[2m:[0m ARB OPPORTUNITY DETECTED — passing to execution pipeline [3mmarket_id[0m[2m=[0m631deb8c-fbb4-489e-818e-ae698f57f50b [3mnet_spread[0m[2m=[0m0.0273720101731390002934559327 [3mraw_spread[0m[2m=[0m0.0400 [3mscore[0m[2m=[0m0.1257472370312113361951964075 [3mleg_a[0m[2m=[0mKalshi [3mleg_b[0m[2m=[0mPolymarket [3mleg_a_price[0m[2m=[0m0.5600 [3mleg_b_price[0m[2m=[0m0.4 [3mavailable_size[0m[2m=[0m98.89
[2m2026-04-12T20:32:14.206648Z[0m [33m WARN[0m [2mmercury::risk::circuit_breaker[0m[2m:[0m Circuit breakers tripped [3mcount[0m[2m=[0m1
[2m2026-04-12T20:32:14.206722Z[0m [33m WARN[0m [2mmercury::engine::market_actor[0m[2m:[0m Opportunity BLOCKED by circuit breakers [3mopp_id[0m[2m=[0me98ace7a-e0bc-4c3d-95da-142ed3016c4c [3mmarket_id[0m[2m=[0m631deb8c-fbb4-489e-818e-ae698f57f50b [3mapproved_size[0m[2m=[0m98
[2m2026-04-12T20:32:14.268112Z[0m [34mDEBUG[0m [2mmercury::engine::market_actor[0m[2m:[0m Tick received — running arb detection [3mmarket_id[0m[2m=[0m631deb8c-fbb4-489e-818e-ae698f57f50b [3mplatform[0m[2m=[0mPolymarket [3mbid[0m[2m=[0m0.6 [3mask[0m[2m=[0m0.61 [3mmid[0m[2m=[0m0.6050 [3mbid_size[0m[2m=[0m98.89 [3mask_size[0m[2m=[0m5
[2m2026-04-12T20:32:14.268343Z[0m [34mDEBUG[0m [2mmercury::engine::spread[0m[2m:[0m Evaluated spread direction 2 [3mmarket_id[0m[2m=[0m631deb8c-fbb4-489e-818e-ae698f57f50b [3mdirection[0m[2m=[0m"NO-A/YES-B" [3mraw_spread[0m[2m=[0m-0.0700 [3mbid_a[0m[2m=[0m0.5400 [3mask_b[0m[2m=[0m0.61
[2m2026-04-12T20:32:14.268502Z[0m [32m INFO[0m [2mmercury::engine::detector[0m[2m:[0m ARB OPPORTUNITY DETECTED — passing to execution pipeline [3mmarket_id[0m[2m=[0m631deb8c-fbb4-489e-818e-ae698f57f50b [3mnet_spread[0m[2m=[0m0.0273720101731390002934559327 [3mraw_spread[0m[2m=[0m0.0400 [3mscore[0m[2m=[0m0.1257472370312113361951964075 [3mleg_a[0m[2m=[0mKalshi [3mleg_b[0m[2m=[0mPolymarket [3mleg_a_price[0m[2m=[0m0.5600 [3mleg_b_price[0m[2m=[0m0.4 [3mavailable_size[0m[2m=[0m98.89
[2m2026-04-12T20:32:14.268701Z[0m [34mDEBUG[0m [2mmercury::engine::market_actor[0m[2m:[0m Tick received — running arb detection [3mmarket_id[0m[2m=[0m631deb8c-fbb4-489e-818e-ae698f57f50b [3mplatform[0m[2m=[0mPolymarket [3mbid[0m[2m=[0m0.6 [3mask[0m[2m=[0m0.61 [3mmid[0m[2m=[0m0.6050 [3mbid_size[0m[2m=[0m98.89 [3mask_size[0m[2m=[0m5
[2m2026-04-12T20:32:14.268848Z[0m [34mDEBUG[0m [2mmercury::engine::spread[0m[2m:[0m Evaluated spread direction 2 [3mmarket_id[0m[2m=[0m631deb8c-fbb4-489e-818e-ae698f57f50b [3mdirection[0m[2m=[0m"NO-A/YES-B" [3mraw_spread[0m[2m=[0m-0.0700 [3mbid_a[0m[2m=[0m0.5400 [3mask_b[0m[2m=[0m0.61
[2m2026-04-12T20:32:14.268991Z[0m [32m INFO[0m [2mmercury::engine::detector[0m[2m:[0m ARB OPPORTUNITY DETECTED — passing to execution pipeline [3mmarket_id[0m[2m=[0m631deb8c-fbb4-489e-818e-ae698f57f50b [3mnet_spread[0m[2m=[0m0.0273720101731390002934559327 [3mraw_spread[0m[2m=[0m0.0400 [3mscore[0m[2m=[0m0.1257472370312113361951964075 [3mleg_a[0m[2m=[0mKalshi [3mleg_b[0m[2m=[0mPolymarket [3mleg_a_price[0m[2m=[0m0.5600 [3mleg_b_price[0m[2m=[0m0.4 [3mavailable_size[0m[2m=[0m98.89
[2m2026-04-12T20:32:14.269222Z[0m [33m WARN[0m [2mmercury::risk::circuit_breaker[0m[2m:[0m Circuit breakers tripped [3mcount[0m[2m=[0m1
[2m2026-04-12T20:32:14.269297Z[0m [33m WARN[0m [2mmercury::engine::market_actor[0m[2m:[0m Opportunity BLOCKED by circuit breakers [3mopp_id[0m[2m=[0mc550ed09-b9ae-4c2c-9b62-661a00557b30 [3mmarket_id[0m[2m=[0m631deb8c-fbb4-489e-818e-ae698f57f50b [3mapproved_size[0m[2m=[0m98
[2m2026-04-12T20:32:14.269357Z[0m [33m WARN[0m [2mmercury::risk::circuit_breaker[0m[2m:[0m Circuit breakers tripped [3mcount[0m[2m=[0m1
[2m2026-04-12T20:32:14.269445Z[0m [33m WARN[0m [2mmercury::engine::market_actor[0m[2m:[0m Opportunity BLOCKED by circuit breakers [3mopp_id[0m[2m=[0m9240872a-876a-4548-9dfb-7fd7dc2ac23c [3mmarket_id[0m[2m=[0m631deb8c-fbb4-489e-818e-ae698f57f50b [3mapproved_size[0m[2m=[0m98
[2m2026-04-12T20:32:14.282723Z[0m [34mDEBUG[0m [2mmercury::feeds::discovery[0m[2m:[0m No Kalshi 15m market found for this round [3masset[0m[2m=[0m"sol" [3mround_start_ts[0m[2m=[0m1776026700 [3mtarget_close[0m[2m=[0m1776027600
[2m2026-04-12T20:32:14.282984Z[0m [32m INFO[0m [2mmercury::feeds::discovery[0m[2m:[0m 15m crypto round matched [3masset[0m[2m=[0msol [3mround_start[0m[2m=[0m1776026700 [3mpoly[0m[2m=[0mtrue [3mkalshi[0m[2m=[0mfalse
[2m2026-04-12T20:32:14.310411Z[0m [34mDEBUG[0m [2mmercury::engine::market_actor[0m[2m:[0m Tick received — running arb detection [3mmarket_id[0m[2m=[0m631deb8c-fbb4-489e-818e-ae698f57f50b [3mplatform[0m[2m=[0mPolymarket [3mbid[0m[2m=[0m0.6 [3mask[0m[2m=[0m0.61 [3mmid[0m[2m=[0m0.6050 [3mbid_size[0m[2m=[0m98.89 [3mask_size[0m[2m=[0m5
[2m2026-04-12T20:32:14.310710Z[0m [34mDEBUG[0m [2mmercury::engine::spread[0m[2m:[0m Evaluated spread direction 2 [3mmarket_id[0m[2m=[0m631deb8c-fbb4-489e-818e-ae698f57f50b [3mdirection[0m[2m=[0m"NO-A/YES-B" [3mraw_spread[0m[2m=[0m-0.0700 [3mbid_a[0m[2m=[0m0.5400 [3mask_b[0m[2m=[0m0.61
[2m2026-04-12T20:32:14.310915Z[0m [32m INFO[0m [2mmercury::engine::detector[0m[2m:[0m ARB OPPORTUNITY DETECTED — passing to execution pipeline [3mmarket_id[0m[2m=[0m631deb8c-fbb4-489e-818e-ae698f57f50b [3mnet_spread[0m[2m=[0m0.0273720101731390002934559327 [3mraw_spread[0m[2m=[0m0.0400 [3mscore[0m[2m=[0m0.1257472370312113361951964075 [3mleg_a[0m[2m=[0mKalshi [3mleg_b[0m[2m=[0mPolymarket [3mleg_a_price[0m[2m=[0m0.5600 [3mleg_b_price[0m[2m=[0m0.4 [3mavailable_size[0m[2m=[0m98.89
[2m2026-04-12T20:32:14.311172Z[0m [34mDEBUG[0m [2mmercury::engine::market_actor[0m[2m:[0m Tick received — running arb detection [3mmarket_id[0m[2m=[0m631deb8c-fbb4-489e-818e-ae698f57f50b [3mplatform[0m[2m=[0mPolymarket [3mbid[0m[2m=[0m0.6 [3mask[0m[2m=[0m0.61 [3mmid[0m[2m=[0m0.6050 [3mbid_size[0m[2m=[0m98.89 [3mask_size[0m[2m=[0m5
[2m2026-04-12T20:32:14.311362Z[0m [34mDEBUG[0m [2mmercury::engine::spread[0m[2m:[0m Evaluated spread direction 2 [3mmarket_id[0m[2m=[0m631deb8c-fbb4-489e-818e-ae698f57f50b [3mdirection[0m[2m=[0m"NO-A/YES-B" [3mraw_spread[0m[2m=[0m-0.0700 [3mbid_a[0m[2m=[0m0.5400 [3mask_b[0m[2m=[0m0.61
[2m2026-04-12T20:32:14.311546Z[0m [32m INFO[0m [2mmercury::engine::detector[0m[2m:[0m ARB OPPORTUNITY DETECTED — passing to execution pipeline [3mmarket_id[0m[2m=[0m631deb8c-fbb4-489e-818e-ae698f57f50b [3mnet_spread[0m[2m=[0m0.0273720101731390002934559327 [3mraw_spread[0m[2m=[0m0.0400 [3mscore[0m[2m=[0m0.1257472370312113361951964075 [3mleg_a[0m[2m=[0mKalshi [3mleg_b[0m[2m=[0mPolymarket [3mleg_a_price[0m[2m=[0m0.5600 [3mleg_b_price[0m[2m=[0m0.4 [3mavailable_size[0m[2m=[0m98.89
[2m2026-04-12T20:32:14.311844Z[0m [33m WARN[0m [2mmercury::risk::circuit_breaker[0m[2m:[0m Circuit breakers tripped [3mcount[0m[2m=[0m1
[2m2026-04-12T20:32:14.311941Z[0m [33m WARN[0m [2mmercury::engine::market_actor[0m[2m:[0m Opportunity BLOCKED by circuit breakers [3mopp_id[0m[2m=[0mce04d36a-324c-4cca-8676-e9695f443ece [3mmarket_id[0m[2m=[0m631deb8c-fbb4-489e-818e-ae698f57f50b [3mapproved_size[0m[2m=[0m98
[2m2026-04-12T20:32:14.312013Z[0m [33m WARN[0m [2mmercury::risk::circuit_breaker[0m[2m:[0m Circuit breakers tripped [3mcount[0m[2m=[0m1
[2m2026-04-12T20:32:14.312198Z[0m [33m WARN[0m [2mmercury::engine::market_actor[0m[2m:[0m Opportunity BLOCKED by circuit breakers [3mopp_id[0m[2m=[0m271077b8-ce14-4da1-a3f5-f894d97ff3d8 [3mmarket_id[0m[2m=[0m631deb8c-fbb4-489e-818e-ae698f57f50b [3mapproved_size[0m[2m=[0m98
[2m2026-04-12T20:32:14.326192Z[0m [34mDEBUG[0m [2mmercury::feeds::polymarket[0m[2m:[0m Unknown Polymarket event type [3mevent_type[0m[2m=[0mbest_bid_ask
[2m2026-04-12T20:32:14.326601Z[0m [34mDEBUG[0m [2mmercury::engine::market_actor[0m[2m:[0m Tick received — running arb detection [3mmarket_id[0m[2m=[0m9046452d-bcb3-4bb8-8925-8924b7439992 [3mplatform[0m[2m=[0mPolymarket [3mbid[0m[2m=[0m0.49 [3mask[0m[2m=[0m0.5 [3mmid[0m[2m=[0m0.4950 [3mbid_size[0m[2m=[0m19.2 [3mask_size[0m[2m=[0m129.15
[2m2026-04-12T20:32:14.327083Z[0m [34mDEBUG[0m [2mmercury::engine::market_actor[0m[2m:[0m Tick received — running arb detection [3mmarket_id[0m[2m=[0m9046452d-bcb3-4bb8-8925-8924b7439992 [3mplatform[0m[2m=[0mPolymarket [3mbid[0m[2m=[0m0.49 [3mask[0m[2m=[0m0.5 [3mmid[0m[2m=[0m0.4950 [3mbid_size[0m[2m=[0m19.2 [3mask_size[0m[2m=[0m129.15
[2m2026-04-12T20:32:14.346415Z[0m [34mDEBUG[0m [2mmercury::engine::market_actor[0m[2m:[0m Tick received — running arb detection [3mmarket_id[0m[2m=[0m9046452d-bcb3-4bb8-8925-8924b7439992 [3mplatform[0m[2m=[0mPolymarket [3mbid[0m[2m=[0m0.49 [3mask[0m[2m=[0m0.5 [3mmid[0m[2m=[0m0.4950 [3mbid_size[0m[2m=[0m7.2 [3mask_size[0m[2m=[0m129.15
[2m2026-04-12T20:32:14.390646Z[0m [34mDEBUG[0m [2mmercury::engine::market_actor[0m[2m:[0m Tick received — running arb detection [3mmarket_id[0m[2m=[0m631deb8c-fbb4-489e-818e-ae698f57f50b [3mplatform[0m[2m=[0mPolymarket [3mbid[0m[2m=[0m0.6 [3mask[0m[2m=[0m0.61 [3mmid[0m[2m=[0m0.6050 [3mbid_size[0m[2m=[0m98.89 [3mask_size[0m[2m=[0m5
[2m2026-04-12T20:32:14.390881Z[0m [34mDEBUG[0m [2mmercury::engine::spread[0m[2m:[0m Evaluated spread direction 2 [3mmarket_id[0m[2m=[0m631deb8c-fbb4-489e-818e-ae698f57f50b [3mdirection[0m[2m=[0m"NO-A/YES-B" [3mraw_spread[0m[2m=[0m-0.0700 [3mbid_a[0m[2m=[0m0.5400 [3mask_b[0m[2m=[0m0.61
[2m2026-04-12T20:32:14.391041Z[0m [32m INFO[0m [2mmercury::engine::detector[0m[2m:[0m ARB OPPORTUNITY DETECTED — passing to execution pipeline [3mmarket_id[0m[2m=[0m631deb8c-fbb4-489e-818e-ae698f57f50b [3mnet_spread[0m[2m=[0m0.0273720101731390002934559327 [3mraw_spread[0m[2m=[0m0.0400 [3mscore[0m[2m=[0m0.1257472370312113361951964075 [3mleg_a[0m[2m=[0mKalshi [3mleg_b[0m[2m=[0mPolymarket [3mleg_a_price[0m[2m=[0m0.5600 [3mleg_b_price[0m[2m=[0m0.4 [3mavailable_size[0m[2m=[0m98.89
[2m2026-04-12T20:32:14.391240Z[0m [34mDEBUG[0m [2mmercury::engine::market_actor[0m[2m:[0m Tick received — running arb detection [3mmarket_id[0m[2m=[0m631deb8c-fbb4-489e-818e-ae698f57f50b [3mplatform[0m[2m=[0mPolymarket [3mbid[0m[2m=[0m0.6 [3mask[0m[2m=[0m0.61 [3mmid[0m[2m=[0m0.6050 [3mbid_size[0m[2m=[0m98.89 [3mask_size[0m[2m=[0m5
[2m2026-04-12T20:32:14.391388Z[0m [34mDEBUG[0m [2mmercury::engine::spread[0m[2m:[0m Evaluated spread direction 2 [3mmarket_id[0m[2m=[0m631deb8c-fbb4-489e-818e-ae698f57f50b [3mdirection[0m[2m=[0m"NO-A/YES-B" [3mraw_spread[0m[2m=[0m-0.0700 [3mbid_a[0m[2m=[0m0.5400 [3mask_b[0m[2m=[0m0.61
[2m2026-04-12T20:32:14.391531Z[0m [32m INFO[0m [2mmercury::engine::detector[0m[2m:[0m ARB OPPORTUNITY DETECTED — passing to execution pipeline [3mmarket_id[0m[2m=[0m631deb8c-fbb4-489e-818e-ae698f57f50b [3mnet_spread[0m[2m=[0m0.0273720101731390002934559327 [3mraw_spread[0m[2m=[0m0.0400 [3mscore[0m[2m=[0m0.1257472370312113361951964075 [3mleg_a[0m[2m=[0mKalshi [3mleg_b[0m[2m=[0mPolymarket [3mleg_a_price[0m[2m=[0m0.5600 [3mleg_b_price[0m[2m=[0m0.4 [3mavailable_size[0m[2m=[0m98.89
[2m2026-04-12T20:32:14.391731Z[0m [34mDEBUG[0m [2mmercury::engine::market_actor[0m[2m:[0m Tick received — running arb detection [3mmarket_id[0m[2m=[0m631deb8c-fbb4-489e-818e-ae698f57f50b [3mplatform[0m[2m=[0mPolymarket [3mbid[0m[2m=[0m0.6 [3mask[0m[2m=[0m0.61 [3mmid[0m[2m=[0m0.6050 [3mbid_size[0m[2m=[0m93.89 [3mask_size[0m[2m=[0m5
[2m2026-04-12T20:32:14.391824Z[0m [33m WARN[0m [2mmercury::risk::circuit_breaker[0m[2m:[0m Circuit breakers tripped [3mcount[0m[2m=[0m1
[2m2026-04-12T20:32:14.391901Z[0m [34mDEBUG[0m [2mmercury::engine::spread[0m[2m:[0m Evaluated spread direction 2 [3mmarket_id[0m[2m=[0m631deb8c-fbb4-489e-818e-ae698f57f50b [3mdirection[0m[2m=[0m"NO-A/YES-B" [3mraw_spread[0m[2m=[0m-0.0700 [3mbid_a[0m[2m=[0m0.5400 [3mask_b[0m[2m=[0m0.61
[2m2026-04-12T20:32:14.391926Z[0m [33m WARN[0m [2mmercury::engine::market_actor[0m[2m:[0m Opportunity BLOCKED by circuit breakers [3mopp_id[0m[2m=[0mf9041925-f189-4ec8-8703-caaf04f9e65d [3mmarket_id[0m[2m=[0m631deb8c-fbb4-489e-818e-ae698f57f50b [3mapproved_size[0m[2m=[0m98
[2m2026-04-12T20:32:14.392031Z[0m [32m INFO[0m [2mmercury::engine::detector[0m[2m:[0m ARB OPPORTUNITY DETECTED — passing to execution pipeline [3mmarket_id[0m[2m=[0m631deb8c-fbb4-489e-818e-ae698f57f50b [3mnet_spread[0m[2m=[0m0.0268829169519710456813068571 [3mraw_spread[0m[2m=[0m0.0400 [3mscore[0m[2m=[0m0.1221055391664068143991828042 [3mleg_a[0m[2m=[0mKalshi [3mleg_b[0m[2m=[0mPolymarket [3mleg_a_price[0m[2m=[0m0.5600 [3mleg_b_price[0m[2m=[0m0.4 [3mavailable_size[0m[2m=[0m93.89
[2m2026-04-12T20:32:14.392244Z[0m [33m WARN[0m [2mmercury::risk::circuit_breaker[0m[2m:[0m Circuit breakers tripped [3mcount[0m[2m=[0m1
[2m2026-04-12T20:32:14.392309Z[0m [33m WARN[0m [2mmercury::engine::market_actor[0m[2m:[0m Opportunity BLOCKED by circuit breakers [3mopp_id[0m[2m=[0m7e4d8d23-bca6-4006-a31a-9103b1f86207 [3mmarket_id[0m[2m=[0m631deb8c-fbb4-489e-818e-ae698f57f50b [3mapproved_size[0m[2m=[0m93
[2m2026-04-12T20:32:14.392368Z[0m [33m WARN[0m [2mmercury::risk::circuit_breaker[0m[2m:[0m Circuit breakers tripped [3mcount[0m[2m=[0m1
[2m2026-04-12T20:32:14.392447Z[0m [33m WARN[0m [2mmercury::engine::market_actor[0m[2m:[0m Opportunity BLOCKED by circuit breakers [3mopp_id[0m[2m=[0m7f800fa6-33d8-42df-8719-41314dee743f [3mmarket_id[0m[2m=[0m631deb8c-fbb4-489e-818e-ae698f57f50b [3mapproved_size[0m[2m=[0m98
[2m2026-04-12T20:32:14.392542Z[0m [34mDEBUG[0m [2mmercury::engine::market_actor[0m[2m:[0m Tick received — running arb detection [3mmarket_id[0m[2m=[0m631deb8c-fbb4-489e-818e-ae698f57f50b [3mplatform[0m[2m=[0mPolymarket [3mbid[0m[2m=[0m0.6 [3mask[0m[2m=[0m0.61 [3mmid[0m[2m=[0m0.6050 [3mbid_size[0m[2m=[0m93.89 [3mask_size[0m[2m=[0m5
[2m2026-04-12T20:32:14.392689Z[0m [34mDEBUG[0m [2mmercury::engine::spread[0m[2m:[0m Evaluated spread direction 2 [3mmarket_id[0m[2m=[0m631deb8c-fbb4-489e-818e-ae698f57f50b [3mdirection[0m[2m=[0m"NO-A/YES-B" [3mraw_spread[0m[2m=[0m-0.0700 [3mbid_a[0m[2m=[0m0.5400 [3mask_b[0m[2m=[0m0.61
[2m2026-04-12T20:32:14.392820Z[0m [32m INFO[0m [2mmercury::engine::detector[0m[2m:[0m ARB OPPORTUNITY DETECTED — passing to execution pipeline [3mmarket_id[0m[2m=[0m631deb8c-fbb4-489e-818e-ae698f57f50b [3mnet_spread[0m[2m=[0m0.0268829169519710456813068571 [3mraw_spread[0m[2m=[0m0.0400 [3mscore[0m[2m=[0m0.1221055391664068143991828042 [3mleg_a[0m[2m=[0mKalshi [3mleg_b[0m[2m=[0mPolymarket [3mleg_a_price[0m[2m=[0m0.5600 [3mleg_b_price[0m[2m=[0m0.4 [3mavailable_size[0m[2m=[0m93.89
[2m2026-04-12T20:32:14.392988Z[0m [34mDEBUG[0m [2mmercury::engine::market_actor[0m[2m:[0m Tick received — running arb detection [3mmarket_id[0m[2m=[0m631deb8c-fbb4-489e-818e-ae698f57f50b [3mplatform[0m[2m=[0mPolymarket [3mbid[0m[2m=[0m0.6 [3mask[0m[2m=[0m0.61 [3mmid[0m[2m=[0m0.6050 [3mbid_size[0m[2m=[0m93.89 [3mask_size[0m[2m=[0m5
[2m2026-04-12T20:32:14.393116Z[0m [34mDEBUG[0m [2mmercury::engine::spread[0m[2m:[0m Evaluated spread direction 2 [3mmarket_id[0m[2m=[0m631deb8c-fbb4-489e-818e-ae698f57f50b [3mdirection[0m[2m=[0m"NO-A/YES-B" [3mraw_spread[0m[2m=[0m-0.0700 [3mbid_a[0m[2m=[0m0.5400 [3mask_b[0m[2m=[0m0.61
[2m2026-04-12T20:32:14.393241Z[0m [32m INFO[0m [2mmercury::engine::detector[0m[2m:[0m ARB OPPORTUNITY DETECTED — passing to execution pipeline [3mmarket_id[0m[2m=[0m631deb8c-fbb4-489e-818e-ae698f57f50b [3mnet_spread[0m[2m=[0m0.0268829169519710456813068571 [3mraw_spread[0m[2m=[0m0.0400 [3mscore[0m[2m=[0m0.1221055391664068143991828042 [3mleg_a[0m[2m=[0mKalshi [3mleg_b[0m[2m=[0mPolymarket [3mleg_a_price[0m[2m=[0m0.5600 [3mleg_b_price[0m[2m=[0m0.4 [3mavailable_size[0m[2m=[0m93.89
[2m2026-04-12T20:32:14.393430Z[0m [33m WARN[0m [2mmercury::risk::circuit_breaker[0m[2m:[0m Circuit breakers tripped [3mcount[0m[2m=[0m1
[2m2026-04-12T20:32:14.393492Z[0m [33m WARN[0m [2mmercury::engine::market_actor[0m[2m:[0m Opportunity BLOCKED by circuit breakers [3mopp_id[0m[2m=[0m6511dfef-e4bb-4553-bad4-9ab0a7680755 [3mmarket_id[0m[2m=[0m631deb8c-fbb4-489e-818e-ae698f57f50b [3mapproved_size[0m[2m=[0m93
[2m2026-04-12T20:32:14.393544Z[0m [33m WARN[0m [2mmercury::risk::circuit_breaker[0m[2m:[0m Circuit breakers tripped [3mcount[0m[2m=[0m1
[2m2026-04-12T20:32:14.393604Z[0m [33m WARN[0m [2mmercury::engine::market_actor[0m[2m:[0m Opportunity BLOCKED by circuit breakers [3mopp_id[0m[2m=[0md9a090b6-c581-4354-9e12-b18847ebe1c1 [3mmarket_id[0m[2m=[0m631deb8c-fbb4-489e-818e-ae698f57f50b [3mapproved_size[0m[2m=[0m93
[2m2026-04-12T20:32:14.405123Z[0m [34mDEBUG[0m [2mmercury::engine::market_actor[0m[2m:[0m Tick received — running arb detection [3mmarket_id[0m[2m=[0m631deb8c-fbb4-489e-818e-ae698f57f50b [3mplatform[0m[2m=[0mPolymarket [3mbid[0m[2m=[0m0.6 [3mask[0m[2m=[0m0.61 [3mmid[0m[2m=[0m0.6050 [3mbid_size[0m[2m=[0m93.89 [3mask_size[0m[2m=[0m5
[2m2026-04-12T20:32:14.405417Z[0m [34mDEBUG[0m [2mmercury::engine::spread[0m[2m:[0m Evaluated spread direction 2 [3mmarket_id[0m[2m=[0m631deb8c-fbb4-489e-818e-ae698f57f50b [3mdirection[0m[2m=[0m"NO-A/YES-B" [3mraw_spread[0m[2m=[0m-0.0700 [3mbid_a[0m[2m=[0m0.5400 [3mask_b[0m[2m=[0m0.61
[2m2026-04-12T20:32:14.405633Z[0m [32m INFO[0m [2mmercury::engine::detector[0m[2m:[0m ARB OPPORTUNITY DETECTED — passing to execution pipeline [3mmarket_id[0m[2m=[0m631deb8c-fbb4-489e-818e-ae698f57f50b [3mnet_spread[0m[2m=[0m0.0268829169519710456813068571 [3mraw_spread[0m[2m=[0m0.0400 [3mscore[0m[2m=[0m0.1221055391664068143991828042 [3mleg_a[0m[2m=[0mKalshi [3mleg_b[0m[2m=[0mPolymarket [3mleg_a_price[0m[2m=[0m0.5600 [3mleg_b_price[0m[2m=[0m0.4 [3mavailable_size[0m[2m=[0m93.89
[2m2026-04-12T20:32:14.405942Z[0m [33m WARN[0m [2mmercury::risk::circuit_breaker[0m[2m:[0m Circuit breakers tripped [3mcount[0m[2m=[0m1
[2m2026-04-12T20:32:14.406043Z[0m [33m WARN[0m [2mmercury::engine::market_actor[0m[2m:[0m Opportunity BLOCKED by circuit breakers [3mopp_id[0m[2m=[0m742bf8a2-9d1d-4e26-9798-b14f022640b5 [3mmarket_id[0m[2m=[0m631deb8c-fbb4-489e-818e-ae698f57f50b [3mapproved_size[0m[2m=[0m93
[2m2026-04-12T20:32:14.406204Z[0m [34mDEBUG[0m [2mmercury::engine::market_actor[0m[2m:[0m Tick received — running arb detection [3mmarket_id[0m[2m=[0m631deb8c-fbb4-489e-818e-ae698f57f50b [3mplatform[0m[2m=[0mPolymarket [3mbid[0m[2m=[0m0.6 [3mask[0m[2m=[0m0.61 [3mmid[0m[2m=[0m0.6050 [3mbid_size[0m[2m=[0m93.89 [3mask_size[0m[2m=[0m5
[2m2026-04-12T20:32:14.406448Z[0m [34mDEBUG[0m [2mmercury::engine::spread[0m[2m:[0m Evaluated spread direction 2 [3mmarket_id[0m[2m=[0m631deb8c-fbb4-489e-818e-ae698f57f50b [3mdirection[0m[2m=[0m"NO-A/YES-B" [3mraw_spread[0m[2m=[0m-0.0700 [3mbid_a[0m[2m=[0m0.5400 [3mask_b[0m[2m=[0m0.61
[2m2026-04-12T20:32:14.406604Z[0m [32m INFO[0m [2mmercury::engine::detector[0m[2m:[0m ARB OPPORTUNITY DETECTED — passing to execution pipeline [3mmarket_id[0m[2m=[0m631deb8c-fbb4-489e-818e-ae698f57f50b [3mnet_spread[0m[2m=[0m0.0268829169519710456813068571 [3mraw_spread[0m[2m=[0m0.0400 [3mscore[0m[2m=[0m0.1221055391664068143991828042 [3mleg_a[0m[2m=[0mKalshi [3mleg_b[0m[2m=[0mPolymarket [3mleg_a_price[0m[2m=[0m0.5600 [3mleg_b_price[0m[2m=[0m0.4 [3mavailable_size[0m[2m=[0m93.89
[2m2026-04-12T20:32:14.406829Z[0m [33m WARN[0m [2mmercury::risk::circuit_breaker[0m[2m:[0m Circuit breakers tripped [3mcount[0m[2m=[0m1
[2m2026-04-12T20:32:14.406900Z[0m [33m WARN[0m [2mmercury::engine::market_actor[0m[2m:[0m Opportunity BLOCKED by circuit breakers [3mopp_id[0m[2m=[0m8df56659-4721-4f23-9562-a8fd11848ab6 [3mmarket_id[0m[2m=[0m631deb8c-fbb4-489e-818e-ae698f57f50b [3mapproved_size[0m[2m=[0m93
[2m2026-04-12T20:32:14.417339Z[0m [34mDEBUG[0m [2mmercury::engine::market_actor[0m[2m:[0m Tick received — running arb detection [3mmarket_id[0m[2m=[0m631deb8c-fbb4-489e-818e-ae698f57f50b [3mplatform[0m[2m=[0mPolymarket [3mbid[0m[2m=[0m0.6 [3mask[0m[2m=[0m0.61 [3mmid[0m[2m=[0m0.6050 [3mbid_size[0m[2m=[0m93.89 [3mask_size[0m[2m=[0m5
[2m2026-04-12T20:32:14.417599Z[0m [34mDEBUG[0m [2mmercury::engine::spread[0m[2m:[0m Evaluated spread direction 2 [3mmarket_id[0m[2m=[0m631deb8c-fbb4-489e-818e-ae698f57f50b [3mdirection[0m[2m=[0m"NO-A/YES-B" [3mraw_spread[0m[2m=[0m-0.0700 [3mbid_a[0m[2m=[0m0.5400 [3mask_b[0m[2m=[0m0.61
[2m2026-04-12T20:32:14.417766Z[0m [32m INFO[0m [2mmercury::engine::detector[0m[2m:[0m ARB OPPORTUNITY DETECTED — passing to execution pipeline [3mmarket_id[0m[2m=[0m631deb8c-fbb4-489e-818e-ae698f57f50b [3mnet_spread[0m[2m=[0m0.0268829169519710456813068571 [3mraw_spread[0m[2m=[0m0.0400 [3mscore[0m[2m=[0m0.1221055391664068143991828042 [3mleg_a[0m[2m=[0mKalshi [3mleg_b[0m[2m=[0mPolymarket [3mleg_a_price[0m[2m=[0m0.5600 [3mleg_b_price[0m[2m=[0m0.4 [3mavailable_size[0m[2m=[0m93.89
[2m2026-04-12T20:32:14.418001Z[0m [33m WARN[0m [2mmercury::risk::circuit_breaker[0m[2m:[0m Circuit breakers tripped [3mcount[0m[2m=[0m1
[2m2026-04-12T20:32:14.418072Z[0m [33m WARN[0m [2mmercury::engine::market_actor[0m[2m:[0m Opportunity BLOCKED by circuit breakers [3mopp_id[0m[2m=[0m7725fe05-a217-49b9-b8da-9b7801ba8208 [3mmarket_id[0m[2m=[0m631deb8c-fbb4-489e-818e-ae698f57f50b [3mapproved_size[0m[2m=[0m93
[2m2026-04-12T20:32:14.462993Z[0m [32m INFO[0m [2mmercury::feeds::discovery[0m[2m:[0m 15m crypto round matched [3masset[0m[2m=[0mxrp [3mround_start[0m[2m=[0m1776025800 [3mpoly[0m[2m=[0mtrue [3mkalshi[0m[2m=[0mtrue
[2m2026-04-12T20:32:14.604782Z[0m [34mDEBUG[0m [2mmercury::engine::market_actor[0m[2m:[0m Tick received — running arb detection [3mmarket_id[0m[2m=[0m79e1f598-7189-438f-a66e-b184b04be477 [3mplatform[0m[2m=[0mPolymarket [3mbid[0m[2m=[0m0.45 [3mask[0m[2m=[0m0.46 [3mmid[0m[2m=[0m0.4550 [3mbid_size[0m[2m=[0m16.67 [3mask_size[0m[2m=[0m52.2
[2m2026-04-12T20:32:14.605060Z[0m [34mDEBUG[0m [2mmercury::engine::market_actor[0m[2m:[0m Tick received — running arb detection [3mmarket_id[0m[2m=[0m79e1f598-7189-438f-a66e-b184b04be477 [3mplatform[0m[2m=[0mPolymarket [3mbid[0m[2m=[0m0.45 [3mask[0m[2m=[0m0.46 [3mmid[0m[2m=[0m0.4550 [3mbid_size[0m[2m=[0m16.67 [3mask_size[0m[2m=[0m45
[2m2026-04-12T20:32:14.610777Z[0m [34mDEBUG[0m [2mmercury::engine::market_actor[0m[2m:[0m Tick received — running arb detection [3mmarket_id[0m[2m=[0m631deb8c-fbb4-489e-818e-ae698f57f50b [3mplatform[0m[2m=[0mPolymarket [3mbid[0m[2m=[0m0.6 [3mask[0m[2m=[0m0.61 [3mmid[0m[2m=[0m0.6050 [3mbid_size[0m[2m=[0m93.89 [3mask_size[0m[2m=[0m5
[2m2026-04-12T20:32:14.611012Z[0m [34mDEBUG[0m [2mmercury::engine::spread[0m[2m:[0m Evaluated spread direction 2 [3mmarket_id[0m[2m=[0m631deb8c-fbb4-489e-818e-ae698f57f50b [3mdirection[0m[2m=[0m"NO-A/YES-B" [3mraw_spread[0m[2m=[0m-0.0700 [3mbid_a[0m[2m=[0m0.5400 [3mask_b[0m[2m=[0m0.61
[2m2026-04-12T20:32:14.611175Z[0m [32m INFO[0m [2mmercury::engine::detector[0m[2m:[0m ARB OPPORTUNITY DETECTED — passing to execution pipeline [3mmarket_id[0m[2m=[0m631deb8c-fbb4-489e-818e-ae698f57f50b [3mnet_spread[0m[2m=[0m0.0268829169519710456813068571 [3mraw_spread[0m[2m=[0m0.0400 [3mscore[0m[2m=[0m0.1221055391664068143991828042 [3mleg_a[0m[2m=[0mKalshi [3mleg_b[0m[2m=[0mPolymarket [3mleg_a_price[0m[2m=[0m0.5600 [3mleg_b_price[0m[2m=[0m0.4 [3mavailable_size[0m[2m=[0m93.89
[2m2026-04-12T20:32:14.611385Z[0m [34mDEBUG[0m [2mmercury::engine::market_actor[0m[2m:[0m Tick received — running arb detection [3mmarket_id[0m[2m=[0m631deb8c-fbb4-489e-818e-ae698f57f50b [3mplatform[0m[2m=[0mPolymarket [3mbid[0m[2m=[0m0.6 [3mask[0m[2m=[0m0.61 [3mmid[0m[2m=[0m0.6050 [3mbid_size[0m[2m=[0m93.89 [3mask_size[0m[2m=[0m5
[2m2026-04-12T20:32:14.611535Z[0m [34mDEBUG[0m [2mmercury::engine::spread[0m[2m:[0m Evaluated spread direction 2 [3mmarket_id[0m[2m=[0m631deb8c-fbb4-489e-818e-ae698f57f50b [3mdirection[0m[2m=[0m"NO-A/YES-B" [3mraw_spread[0m[2m=[0m-0.0700 [3mbid_a[0m[2m=[0m0.5400 [3mask_b[0m[2m=[0m0.61
[2m2026-04-12T20:32:14.611688Z[0m [32m INFO[0m [2mmercury::engine::detector[0m[2m:[0m ARB OPPORTUNITY DETECTED — passing to execution pipeline [3mmarket_id[0m[2m=[0m631deb8c-fbb4-489e-818e-ae698f57f50b [3mnet_spread[0m[2m=[0m0.0268829169519710456813068571 [3mraw_spread[0m[2m=[0m0.0400 [3mscore[0m[2m=[0m0.1221055391664068143991828042 [3mleg_a[0m[2m=[0mKalshi [3mleg_b[0m[2m=[0mPolymarket [3mleg_a_price[0m[2m=[0m0.5600 [3mleg_b_price[0m[2m=[0m0.4 [3mavailable_size[0m[2m=[0m93.89
[2m2026-04-12T20:32:14.611922Z[0m [33m WARN[0m [2mmercury::risk::circuit_breaker[0m[2m:[0m Circuit breakers tripped [3mcount[0m[2m=[0m1
[2m2026-04-12T20:32:14.611997Z[0m [33m WARN[0m [2mmercury::engine::market_actor[0m[2m:[0m Opportunity BLOCKED by circuit breakers [3mopp_id[0m[2m=[0maaaafc95-e443-4242-97d5-77ac2d2bfa65 [3mmarket_id[0m[2m=[0m631deb8c-fbb4-489e-818e-ae698f57f50b [3mapproved_size[0m[2m=[0m93
[2m2026-04-12T20:32:14.612050Z[0m [33m WARN[0m [2mmercury::risk::circuit_breaker[0m[2m:[0m Circuit breakers tripped [3mcount[0m[2m=[0m1
[2m2026-04-12T20:32:14.612130Z[0m [33m WARN[0m [2mmercury::engine::market_actor[0m[2m:[0m Opportunity BLOCKED by circuit breakers [3mopp_id[0m[2m=[0mc8c1d57c-1d41-4aff-a7e7-34c7a8371e8c [3mmarket_id[0m[2m=[0m631deb8c-fbb4-489e-818e-ae698f57f50b [3mapproved_size[0m[2m=[0m93
[2m2026-04-12T20:32:14.644648Z[0m [34mDEBUG[0m [2mmercury::engine::market_actor[0m[2m:[0m Tick received — running arb detection [3mmarket_id[0m[2m=[0m631deb8c-fbb4-489e-818e-ae698f57f50b [3mplatform[0m[2m=[0mKalshi [3mbid[0m[2m=[0m0.5400 [3mask[0m[2m=[0m0.5600 [3mmid[0m[2m=[0m0.5500 [3mbid_size[0m[2m=[0m694.52 [3mask_size[0m[2m=[0m102.23
[2m2026-04-12T20:32:14.644958Z[0m [34mDEBUG[0m [2mmercury::engine::spread[0m[2m:[0m Evaluated spread direction 2 [3mmarket_id[0m[2m=[0m631deb8c-fbb4-489e-818e-ae698f57f50b [3mdirection[0m[2m=[0m"NO-A/YES-B" [3mraw_spread[0m[2m=[0m-0.0700 [3mbid_a[0m[2m=[0m0.5400 [3mask_b[0m[2m=[0m0.61
[2m2026-04-12T20:32:14.645176Z[0m [32m INFO[0m [2mmercury::engine::detector[0m[2m:[0m ARB OPPORTUNITY DETECTED — passing to execution pipeline [3mmarket_id[0m[2m=[0m631deb8c-fbb4-489e-818e-ae698f57f50b [3mnet_spread[0m[2m=[0m0.0268829169519710456813068571 [3mraw_spread[0m[2m=[0m0.0400 [3mscore[0m[2m=[0m0.1221055391664068143991828042 [3mleg_a[0m[2m=[0mKalshi [3mleg_b[0m[2m=[0mPolymarket [3mleg_a_price[0m[2m=[0m0.5600 [3mleg_b_price[0m[2m=[0m0.4 [3mavailable_size[0m[2m=[0m93.89
[2m2026-04-12T20:32:14.645481Z[0m [33m WARN[0m [2mmercury::risk::circuit_breaker[0m[2m:[0m Circuit breakers tripped [3mcount[0m[2m=[0m1
[2m2026-04-12T20:32:14.645597Z[0m [33m WARN[0m [2mmercury::engine::market_actor[0m[2m:[0m Opportunity BLOCKED by circuit breakers [3mopp_id[0m[2m=[0m0e498e44-1495-406a-8c15-067f6ab92ad6 [3mmarket_id[0m[2m=[0m631deb8c-fbb4-489e-818e-ae698f57f50b [3mapproved_size[0m[2m=[0m93
[2m2026-04-12T20:32:14.659924Z[0m [34mDEBUG[0m [2mmercury::engine::market_actor[0m[2m:[0m Tick received — running arb detection [3mmarket_id[0m[2m=[0m631deb8c-fbb4-489e-818e-ae698f57f50b [3mplatform[0m[2m=[0mKalshi [3mbid[0m[2m=[0m0.5400 [3mask[0m[2m=[0m0.5600 [3mmid[0m[2m=[0m0.5500 [3mbid_size[0m[2m=[0m692.76 [3mask_size[0m[2m=[0m102.23
[2m2026-04-12T20:32:14.660182Z[0m [34mDEBUG[0m [2mmercury::feeds::discovery[0m[2m:[0m No Kalshi 15m market found for this round [3masset[0m[2m=[0m"xrp" [3mround_start_ts[0m[2m=[0m1776026700 [3mtarget_close[0m[2m=[0m1776027600
[2m2026-04-12T20:32:14.660219Z[0m [34mDEBUG[0m [2mmercury::engine::spread[0m[2m:[0m Evaluated spread direction 2 [3mmarket_id[0m[2m=[0m631deb8c-fbb4-489e-818e-ae698f57f50b [3mdirection[0m[2m=[0m"NO-A/YES-B" [3mraw_spread[0m[2m=[0m-0.0700 [3mbid_a[0m[2m=[0m0.5400 [3mask_b[0m[2m=[0m0.61
[2m2026-04-12T20:32:14.660394Z[0m [32m INFO[0m [2mmercury::feeds::discovery[0m[2m:[0m 15m crypto round matched [3masset[0m[2m=[0mxrp [3mround_start[0m[2m=[0m1776026700 [3mpoly[0m[2m=[0mtrue [3mkalshi[0m[2m=[0mfalse
[2m2026-04-12T20:32:14.660427Z[0m [32m INFO[0m [2mmercury::engine::detector[0m[2m:[0m ARB OPPORTUNITY DETECTED — passing to execution pipeline [3mmarket_id[0m[2m=[0m631deb8c-fbb4-489e-818e-ae698f57f50b [3mnet_spread[0m[2m=[0m0.0268829169519710456813068571 [3mraw_spread[0m[2m=[0m0.0400 [3mscore[0m[2m=[0m0.1221055391664068143991828042 [3mleg_a[0m[2m=[0mKalshi [3mleg_b[0m[2m=[0mPolymarket [3mleg_a_price[0m[2m=[0m0.5600 [3mleg_b_price[0m[2m=[0m0.4 [3mavailable_size[0m[2m=[0m93.89
[2m2026-04-12T20:32:14.660665Z[0m [34mDEBUG[0m [2mmercury::engine::market_actor[0m[2m:[0m Tick received — running arb detection [3mmarket_id[0m[2m=[0m631deb8c-fbb4-489e-818e-ae698f57f50b [3mplatform[0m[2m=[0mKalshi [3mbid[0m[2m=[0m0.5400 [3mask[0m[2m=[0m0.5600 [3mmid[0m[2m=[0m0.5500 [3mbid_size[0m[2m=[0m692.76 [3mask_size[0m[2m=[0m64.12
[2m2026-04-12T20:32:14.660821Z[0m [34mDEBUG[0m [2mmercury::engine::spread[0m[2m:[0m Evaluated spread direction 2 [3mmarket_id[0m[2m=[0m631deb8c-fbb4-489e-818e-ae698f57f50b [3mdirection[0m[2m=[0m"NO-A/YES-B" [3mraw_spread[0m[2m=[0m-0.0700 [3mbid_a[0m[2m=[0m0.5400 [3mask_b[0m[2m=[0m0.61
[2m2026-04-12T20:32:14.660956Z[0m [32m INFO[0m [2mmercury::engine::detector[0m[2m:[0m ARB OPPORTUNITY DETECTED — passing to execution pipeline [3mmarket_id[0m[2m=[0m631deb8c-fbb4-489e-818e-ae698f57f50b [3mnet_spread[0m[2m=[0m0.0276860792264504054897067998 [3mraw_spread[0m[2m=[0m0.0400 [3mscore[0m[2m=[0m0.1151950293318019246928569427 [3mleg_a[0m[2m=[0mKalshi [3mleg_b[0m[2m=[0mPolymarket [3mleg_a_price[0m[2m=[0m0.5600 [3mleg_b_price[0m[2m=[0m0.4 [3mavailable_size[0m[2m=[0m64.12
[2m2026-04-12T20:32:14.661183Z[0m [33m WARN[0m [2mmercury::risk::circuit_breaker[0m[2m:[0m Circuit breakers tripped [3mcount[0m[2m=[0m1
[2m2026-04-12T20:32:14.661257Z[0m [33m WARN[0m [2mmercury::engine::market_actor[0m[2m:[0m Opportunity BLOCKED by circuit breakers [3mopp_id[0m[2m=[0maa19a964-f078-4167-ae6a-eabd27fbe836 [3mmarket_id[0m[2m=[0m631deb8c-fbb4-489e-818e-ae698f57f50b [3mapproved_size[0m[2m=[0m64
[2m2026-04-12T20:32:14.661311Z[0m [33m WARN[0m [2mmercury::risk::circuit_breaker[0m[2m:[0m Circuit breakers tripped [3mcount[0m[2m=[0m1
[2m2026-04-12T20:32:14.661398Z[0m [33m WARN[0m [2mmercury::engine::market_actor[0m[2m:[0m Opportunity BLOCKED by circuit breakers [3mopp_id[0m[2m=[0m543d3519-a34c-4816-ba11-86a0b49b2a1f [3mmarket_id[0m[2m=[0m631deb8c-fbb4-489e-818e-ae698f57f50b [3mapproved_size[0m[2m=[0m93
[2m2026-04-12T20:32:14.701161Z[0m [34mDEBUG[0m [2mmercury::engine::market_actor[0m[2m:[0m Tick received — running arb detection [3mmarket_id[0m[2m=[0m631deb8c-fbb4-489e-818e-ae698f57f50b [3mplatform[0m[2m=[0mKalshi [3mbid[0m[2m=[0m0.5400 [3mask[0m[2m=[0m0.5600 [3mmid[0m[2m=[0m0.5500 [3mbid_size[0m[2m=[0m694.52 [3mask_size[0m[2m=[0m64.12
[2m2026-04-12T20:32:14.701391Z[0m [34mDEBUG[0m [2mmercury::engine::spread[0m[2m:[0m Evaluated spread direction 2 [3mmarket_id[0m[2m=[0m631deb8c-fbb4-489e-818e-ae698f57f50b [3mdirection[0m[2m=[0m"NO-A/YES-B" [3mraw_spread[0m[2m=[0m-0.0700 [3mbid_a[0m[2m=[0m0.5400 [3mask_b[0m[2m=[0m0.61
[2m2026-04-12T20:32:14.701533Z[0m [32m INFO[0m [2mmercury::engine::detector[0m[2m:[0m ARB OPPORTUNITY DETECTED — passing to execution pipeline [3mmarket_id[0m[2m=[0m631deb8c-fbb4-489e-818e-ae698f57f50b [3mnet_spread[0m[2m=[0m0.0276860792264504054897067998 [3mraw_spread[0m[2m=[0m0.0400 [3mscore[0m[2m=[0m0.1151950293318019246928569427 [3mleg_a[0m[2m=[0mKalshi [3mleg_b[0m[2m=[0mPolymarket [3mleg_a_price[0m[2m=[0m0.5600 [3mleg_b_price[0m[2m=[0m0.4 [3mavailable_size[0m[2m=[0m64.12
[2m2026-04-12T20:32:14.701736Z[0m [34mDEBUG[0m [2mmercury::engine::market_actor[0m[2m:[0m Tick received — running arb detection [3mmarket_id[0m[2m=[0m631deb8c-fbb4-489e-818e-ae698f57f50b [3mplatform[0m[2m=[0mPolymarket [3mbid[0m[2m=[0m0.6 [3mask[0m[2m=[0m0.61 [3mmid[0m[2m=[0m0.6050 [3mbid_size[0m[2m=[0m93.89 [3mask_size[0m[2m=[0m5
[2m2026-04-12T20:32:14.701882Z[0m [34mDEBUG[0m [2mmercury::engine::spread[0m[2m:[0m Evaluated spread direction 2 [3mmarket_id[0m[2m=[0m631deb8c-fbb4-489e-818e-ae698f57f50b [3mdirection[0m[2m=[0m"NO-A/YES-B" [3mraw_spread[0m[2m=[0m-0.0700 [3mbid_a[0m[2m=[0m0.5400 [3mask_b[0m[2m=[0m0.61
[2m2026-04-12T20:32:14.702011Z[0m [32m INFO[0m [2mmercury::engine::detector[0m[2m:[0m ARB OPPORTUNITY DETECTED — passing to execution pipeline [3mmarket_id[0m[2m=[0m631deb8c-fbb4-489e-818e-ae698f57f50b [3mnet_spread[0m[2m=[0m0.0276860792264504054897067998 [3mraw_spread[0m[2m=[0m0.0400 [3mscore[0m[2m=[0m0.1151950293318019246928569427 [3mleg_a[0m[2m=[0mKalshi [3mleg_b[0m[2m=[0mPolymarket [3mleg_a_price[0m[2m=[0m0.5600 [3mleg_b_price[0m[2m=[0m0.4 [3mavailable_size[0m[2m=[0m64.12
[2m2026-04-12T20:32:14.702210Z[0m [34mDEBUG[0m [2mmercury::engine::market_actor[0m[2m:[0m Tick received — running arb detection [3mmarket_id[0m[2m=[0m631deb8c-fbb4-489e-818e-ae698f57f50b [3mplatform[0m[2m=[0mPolymarket [3mbid[0m[2m=[0m0.6 [3mask[0m[2m=[0m0.61 [3mmid[0m[2m=[0m0.6050 [3mbid_size[0m[2m=[0m93.89 [3mask_size[0m[2m=[0m5
[2m2026-04-12T20:32:14.702270Z[0m [33m WARN[0m [2mmercury::risk::circuit_breaker[0m[2m:[0m Circuit breakers tripped [3mcount[0m[2m=[0m1
[2m2026-04-12T20:32:14.702343Z[0m [33m WARN[0m [2mmercury::engine::market_actor[0m[2m:[0m Opportunity BLOCKED by circuit breakers [3mopp_id[0m[2m=[0m9ad7fc00-10a0-44a5-be5a-3f87753eb61c [3mmarket_id[0m[2m=[0m631deb8c-fbb4-489e-818e-ae698f57f50b [3mapproved_size[0m[2m=[0m64
[2m2026-04-12T20:32:14.702354Z[0m [34mDEBUG[0m [2mmercury::engine::spread[0m[2m:[0m Evaluated spread direction 2 [3mmarket_id[0m[2m=[0m631deb8c-fbb4-489e-818e-ae698f57f50b [3mdirection[0m[2m=[0m"NO-A/YES-B" [3mraw_spread[0m[2m=[0m-0.0700 [3mbid_a[0m[2m=[0m0.5400 [3mask_b[0m[2m=[0m0.61
[2m2026-04-12T20:32:14.702476Z[0m [32m INFO[0m [2mmercury::engine::detector[0m[2m:[0m ARB OPPORTUNITY DETECTED — passing to execution pipeline [3mmarket_id[0m[2m=[0m631deb8c-fbb4-489e-818e-ae698f57f50b [3mnet_spread[0m[2m=[0m0.0276860792264504054897067998 [3mraw_spread[0m[2m=[0m0.0400 [3mscore[0m[2m=[0m0.1151950293318019246928569427 [3mleg_a[0m[2m=[0mKalshi [3mleg_b[0m[2m=[0mPolymarket [3mleg_a_price[0m[2m=[0m0.5600 [3mleg_b_price[0m[2m=[0m0.4 [3mavailable_size[0m[2m=[0m64.12
[2m2026-04-12T20:32:14.702693Z[0m [33m WARN[0m [2mmercury::risk::circuit_breaker[0m[2m:[0m Circuit breakers tripped [3mcount[0m[2m=[0m1
[2m2026-04-12T20:32:14.702765Z[0m [33m WARN[0m [2mmercury::engine::market_actor[0m[2m:[0m Opportunity BLOCKED by circuit breakers [3mopp_id[0m[2m=[0me557b1cd-fb87-43bb-be54-1540c4182cf5 [3mmarket_id[0m[2m=[0m631deb8c-fbb4-489e-818e-ae698f57f50b [3mapproved_size[0m[2m=[0m64
[2m2026-04-12T20:32:14.702823Z[0m [33m WARN[0m [2mmercury::risk::circuit_breaker[0m[2m:[0m Circuit breakers tripped [3mcount[0m[2m=[0m1
[2m2026-04-12T20:32:14.702912Z[0m [33m WARN[0m [2mmercury::engine::market_actor[0m[2m:[0m Opportunity BLOCKED by circuit breakers [3mopp_id[0m[2m=[0m1635c4ac-8441-4ca5-8680-134abe8a6315 [3mmarket_id[0m[2m=[0m631deb8c-fbb4-489e-818e-ae698f57f50b [3mapproved_size[0m[2m=[0m64
[2m2026-04-12T20:32:14.716958Z[0m [34mDEBUG[0m [2mmercury::engine::market_actor[0m[2m:[0m Tick received — running arb detection [3mmarket_id[0m[2m=[0m631deb8c-fbb4-489e-818e-ae698f57f50b [3mplatform[0m[2m=[0mKalshi [3mbid[0m[2m=[0m0.5400 [3mask[0m[2m=[0m0.5600 [3mmid[0m[2m=[0m0.5500 [3mbid_size[0m[2m=[0m694.52 [3mask_size[0m[2m=[0m64.12
[2m2026-04-12T20:32:14.717263Z[0m [34mDEBUG[0m [2mmercury::engine::spread[0m[2m:[0m Evaluated spread direction 2 [3mmarket_id[0m[2m=[0m631deb8c-fbb4-489e-818e-ae698f57f50b [3mdirection[0m[2m=[0m"NO-A/YES-B" [3mraw_spread[0m[2m=[0m-0.0700 [3mbid_a[0m[2m=[0m0.5400 [3mask_b[0m[2m=[0m0.61
[2m2026-04-12T20:32:14.717457Z[0m [32m INFO[0m [2mmercury::engine::detector[0m[2m:[0m ARB OPPORTUNITY DETECTED — passing to execution pipeline [3mmarket_id[0m[2m=[0m631deb8c-fbb4-489e-818e-ae698f57f50b [3mnet_spread[0m[2m=[0m0.0276860792264504054897067998 [3mraw_spread[0m[2m=[0m0.0400 [3mscore[0m[2m=[0m0.1151950293318019246928569427 [3mleg_a[0m[2m=[0mKalshi [3mleg_b[0m[2m=[0mPolymarket [3mleg_a_price[0m[2m=[0m0.5600 [3mleg_b_price[0m[2m=[0m0.4 [3mavailable_size[0m[2m=[0m64.12
[2m2026-04-12T20:32:14.717706Z[0m [34mDEBUG[0m [2mmercury::engine::market_actor[0m[2m:[0m Tick received — running arb detection [3mmarket_id[0m[2m=[0m631deb8c-fbb4-489e-818e-ae698f57f50b [3mplatform[0m[2m=[0mKalshi [3mbid[0m[2m=[0m0.5400 [3mask[0m[2m=[0m0.5600 [3mmid[0m[2m=[0m0.5500 [3mbid_size[0m[2m=[0m694.52 [3mask_size[0m[2m=[0m64.12
[2m2026-04-12T20:32:14.717901Z[0m [34mDEBUG[0m [2mmercury::engine::spread[0m[2m:[0m Evaluated spread direction 2 [3mmarket_id[0m[2m=[0m631deb8c-fbb4-489e-818e-ae698f57f50b [3mdirection[0m[2m=[0m"NO-A/YES-B" [3mraw_spread[0m[2m=[0m-0.0700 [3mbid_a[0m[2m=[0m0.5400 [3mask_b[0m[2m=[0m0.61
[2m2026-04-12T20:32:14.718070Z[0m [32m INFO[0m [2mmercury::engine::detector[0m[2m:[0m ARB OPPORTUNITY DETECTED — passing to execution pipeline [3mmarket_id[0m[2m=[0m631deb8c-fbb4-489e-818e-ae698f57f50b [3mnet_spread[0m[2m=[0m0.0276860792264504054897067998 [3mraw_spread[0m[2m=[0m0.0400 [3mscore[0m[2m=[0m0.1151950293318019246928569427 [3mleg_a[0m[2m=[0mKalshi [3mleg_b[0m[2m=[0mPolymarket [3mleg_a_price[0m[2m=[0m0.5600 [3mleg_b_price[0m[2m=[0m0.4 [3mavailable_size[0m[2m=[0m64.12
[2m2026-04-12T20:32:14.718319Z[0m [34mDEBUG[0m [2mmercury::engine::market_actor[0m[2m:[0m Tick received — running arb detection [3mmarket_id[0m[2m=[0m631deb8c-fbb4-489e-818e-ae698f57f50b [3mplatform[0m[2m=[0mKalshi [3mbid[0m[2m=[0m0.5400 [3mask[0m[2m=[0m0.5600 [3mmid[0m[2m=[0m0.5500 [3mbid_size[0m[2m=[0m794.52 [3mask_size[0m[2m=[0m64.12
[2m2026-04-12T20:32:14.718434Z[0m [33m WARN[0m [2mmercury::risk::circuit_breaker[0m[2m:[0m Circuit breakers tripped [3mcount[0m[2m=[0m1
[2m2026-04-12T20:32:14.718514Z[0m [34mDEBUG[0m [2mmercury::engine::spread[0m[2m:[0m Evaluated spread direction 2 [3mmarket_id[0m[2m=[0m631deb8c-fbb4-489e-818e-ae698f57f50b [3mdirection[0m[2m=[0m"NO-A/YES-B" [3mraw_spread[0m[2m=[0m-0.0700 [3mbid_a[0m[2m=[0m0.5400 [3mask_b[0m[2m=[0m0.61
[2m2026-04-12T20:32:14.718539Z[0m [33m WARN[0m [2mmercury::engine::market_actor[0m[2m:[0m Opportunity BLOCKED by circuit breakers [3mopp_id[0m[2m=[0m27ca2e10-bca8-46de-938c-cc1dc3168231 [3mmarket_id[0m[2m=[0m631deb8c-fbb4-489e-818e-ae698f57f50b [3mapproved_size[0m[2m=[0m64
[2m2026-04-12T20:32:14.718689Z[0m [32m INFO[0m [2mmercury::engine::detector[0m[2m:[0m ARB OPPORTUNITY DETECTED — passing to execution pipeline [3mmarket_id[0m[2m=[0m631deb8c-fbb4-489e-818e-ae698f57f50b [3mnet_spread[0m[2m=[0m0.0276860792264504054897067998 [3mraw_spread[0m[2m=[0m0.0400 [3mscore[0m[2m=[0m0.1151950293318019246928569427 [3mleg_a[0m[2m=[0mKalshi [3mleg_b[0m[2m=[0mPolymarket [3mleg_a_price[0m[2m=[0m0.5600 [3mleg_b_price[0m[2m=[0m0.4 [3mavailable_size[0m[2m=[0m64.12
[2m2026-04-12T20:32:14.718938Z[0m [34mDEBUG[0m [2mmercury::engine::market_actor[0m[2m:[0m Tick received — running arb detection [3mmarket_id[0m[2m=[0m631deb8c-fbb4-489e-818e-ae698f57f50b [3mplatform[0m[2m=[0mKalshi [3mbid[0m[2m=[0m0.5400 [3mask[0m[2m=[0m0.5600 [3mmid[0m[2m=[0m0.5500 [3mbid_size[0m[2m=[0m794.52 [3mask_size[0m[2m=[0m64.12
[2m2026-04-12T20:32:14.719038Z[0m [33m WARN[0m [2mmercury::risk::circuit_breaker[0m[2m:[0m Circuit breakers tripped [3mcount[0m[2m=[0m1
[2m2026-04-12T20:32:14.719155Z[0m [33m WARN[0m [2mmercury::engine::market_actor[0m[2m:[0m Opportunity BLOCKED by circuit breakers [3mopp_id[0m[2m=[0mfcf99a03-5955-4ad1-911e-6dc68313ae01 [3mmarket_id[0m[2m=[0m631deb8c-fbb4-489e-818e-ae698f57f50b [3mapproved_size[0m[2m=[0m64
[2m2026-04-12T20:32:14.719151Z[0m [34mDEBUG[0m [2mmercury::engine::spread[0m[2m:[0m Evaluated spread direction 2 [3mmarket_id[0m[2m=[0m631deb8c-fbb4-489e-818e-ae698f57f50b [3mdirection[0m[2m=[0m"NO-A/YES-B" [3mraw_spread[0m[2m=[0m-0.0700 [3mbid_a[0m[2m=[0m0.5400 [3mask_b[0m[2m=[0m0.61
[2m2026-04-12T20:32:14.719310Z[0m [32m INFO[0m [2mmercury::engine::detector[0m[2m:[0m ARB OPPORTUNITY DETECTED — passing to execution pipeline [3mmarket_id[0m[2m=[0m631deb8c-fbb4-489e-818e-ae698f57f50b [3mnet_spread[0m[2m=[0m0.0276860792264504054897067998 [3mraw_spread[0m[2m=[0m0.0400 [3mscore[0m[2m=[0m0.1151950293318019246928569427 [3mleg_a[0m[2m=[0mKalshi [3mleg_b[0m[2m=[0mPolymarket [3mleg_a_price[0m[2m=[0m0.5600 [3mleg_b_price[0m[2m=[0m0.4 [3mavailable_size[0m[2m=[0m64.12
[2m2026-04-12T20:32:14.719500Z[0m [34mDEBUG[0m [2mmercury::engine::market_actor[0m[2m:[0m Tick received — running arb detection [3mmarket_id[0m[2m=[0m631deb8c-fbb4-489e-818e-ae698f57f50b [3mplatform[0m[2m=[0mKalshi [3mbid[0m[2m=[0m0.5400 [3mask[0m[2m=[0m0.5600 [3mmid[0m[2m=[0m0.5500 [3mbid_size[0m[2m=[0m792.76 [3mask_size[0m[2m=[0m64.12
[2m2026-04-12T20:32:14.719586Z[0m [33m WARN[0m [2mmercury::risk::circuit_breaker[0m[2m:[0m Circuit breakers tripped [3mcount[0m[2m=[0m1
[2m2026-04-12T20:32:14.719649Z[0m [34mDEBUG[0m [2mmercury::engine::spread[0m[2m:[0m Evaluated spread direction 2 [3mmarket_id[0m[2m=[0m631deb8c-fbb4-489e-818e-ae698f57f50b [3mdirection[0m[2m=[0m"NO-A/YES-B" [3mraw_spread[0m[2m=[0m-0.0700 [3mbid_a[0m[2m=[0m0.5400 [3mask_b[0m[2m=[0m0.61
[2m2026-04-12T20:32:14.719666Z[0m [33m WARN[0m [2mmercury::engine::market_actor[0m[2m:[0m Opportunity BLOCKED by circuit breakers [3mopp_id[0m[2m=[0m4d999699-bb79-428b-924e-2cd7868ffba0 [3mmarket_id[0m[2m=[0m631deb8c-fbb4-489e-818e-ae698f57f50b [3mapproved_size[0m[2m=[0m64
[2m2026-04-12T20:32:14.719783Z[0m [32m INFO[0m [2mmercury::engine::detector[0m[2m:[0m ARB OPPORTUNITY DETECTED — passing to execution pipeline [3mmarket_id[0m[2m=[0m631deb8c-fbb4-489e-818e-ae698f57f50b [3mnet_spread[0m[2m=[0m0.0276860792264504054897067998 [3mraw_spread[0m[2m=[0m0.0400 [3mscore[0m[2m=[0m0.1151950293318019246928569427 [3mleg_a[0m[2m=[0mKalshi [3mleg_b[0m[2m=[0mPolymarket [3mleg_a_price[0m[2m=[0m0.5600 [3mleg_b_price[0m[2m=[0m0.4 [3mavailable_size[0m[2m=[0m64.12
[2m2026-04-12T20:32:14.719975Z[0m [34mDEBUG[0m [2mmercury::engine::market_actor[0m[2m:[0m Tick received — running arb detection [3mmarket_id[0m[2m=[0m631deb8c-fbb4-489e-818e-ae698f57f50b [3mplatform[0m[2m=[0mKalshi [3mbid[0m[2m=[0m0.5400 [3mask[0m[2m=[0m0.5600 [3mmid[0m[2m=[0m0.5500 [3mbid_size[0m[2m=[0m792.76 [3mask_size[0m[2m=[0m62.12
[2m2026-04-12T20:32:14.720051Z[0m [33m WARN[0m [2mmercury::risk::circuit_breaker[0m[2m:[0m Circuit breakers tripped [3mcount[0m[2m=[0m1
[2m2026-04-12T20:32:14.720129Z[0m [33m WARN[0m [2mmercury::engine::market_actor[0m[2m:[0m Opportunity BLOCKED by circuit breakers [3mopp_id[0m[2m=[0m921cd14a-a0d8-4e75-9e50-f64cb3c731ae [3mmarket_id[0m[2m=[0m631deb8c-fbb4-489e-818e-ae698f57f50b [3mapproved_size[0m[2m=[0m64
[2m2026-04-12T20:32:14.720125Z[0m [34mDEBUG[0m [2mmercury::engine::spread[0m[2m:[0m Evaluated spread direction 2 [3mmarket_id[0m[2m=[0m631deb8c-fbb4-489e-818e-ae698f57f50b [3mdirection[0m[2m=[0m"NO-A/YES-B" [3mraw_spread[0m[2m=[0m-0.0700 [3mbid_a[0m[2m=[0m0.5400 [3mask_b[0m[2m=[0m0.61
[2m2026-04-12T20:32:14.720321Z[0m [32m INFO[0m [2mmercury::engine::detector[0m[2m:[0m ARB OPPORTUNITY DETECTED — passing to execution pipeline [3mmarket_id[0m[2m=[0m631deb8c-fbb4-489e-818e-ae698f57f50b [3mnet_spread[0m[2m=[0m0.027684987121699935608499678 [3mraw_spread[0m[2m=[0m0.0400 [3mscore[0m[2m=[0m0.1143131943570185940798793159 [3mleg_a[0m[2m=[0mKalshi [3mleg_b[0m[2m=[0mPolymarket [3mleg_a_price[0m[2m=[0m0.5600 [3mleg_b_price[0m[2m=[0m0.4 [3mavailable_size[0m[2m=[0m62.12
[2m2026-04-12T20:32:14.720524Z[0m [34mDEBUG[0m [2mmercury::engine::market_actor[0m[2m:[0m Tick received — running arb detection [3mmarket_id[0m[2m=[0m631deb8c-fbb4-489e-818e-ae698f57f50b [3mplatform[0m[2m=[0mKalshi [3mbid[0m[2m=[0m0.5400 [3mask[0m[2m=[0m0.5600 [3mmid[0m[2m=[0m0.5500 [3mbid_size[0m[2m=[0m794.52 [3mask_size[0m[2m=[0m62.12
[2m2026-04-12T20:32:14.720606Z[0m [33m WARN[0m [2mmercury::risk::circuit_breaker[0m[2m:[0m Circuit breakers tripped [3mcount[0m[2m=[0m1
[2m2026-04-12T20:32:14.720684Z[0m [33m WARN[0m [2mmercury::engine::market_actor[0m[2m:[0m Opportunity BLOCKED by circuit breakers [3mopp_id[0m[2m=[0md277a12a-92b8-4e70-a072-22c98f5e0c3f [3mmarket_id[0m[2m=[0m631deb8c-fbb4-489e-818e-ae698f57f50b [3mapproved_size[0m[2m=[0m64
[2m2026-04-12T20:32:14.720679Z[0m [34mDEBUG[0m [2mmercury::engine::spread[0m[2m:[0m Evaluated spread direction 2 [3mmarket_id[0m[2m=[0m631deb8c-fbb4-489e-818e-ae698f57f50b [3mdirection[0m[2m=[0m"NO-A/YES-B" [3mraw_spread[0m[2m=[0m-0.0700 [3mbid_a[0m[2m=[0m0.5400 [3mask_b[0m[2m=[0m0.61
[2m2026-04-12T20:32:14.720861Z[0m [32m INFO[0m [2mmercury::engine::detector[0m[2m:[0m ARB OPPORTUNITY DETECTED — passing to execution pipeline [3mmarket_id[0m[2m=[0m631deb8c-fbb4-489e-818e-ae698f57f50b [3mnet_spread[0m[2m=[0m0.027684987121699935608499678 [3mraw_spread[0m[2m=[0m0.0400 [3mscore[0m[2m=[0m0.1143131943570185940798793159 [3mleg_a[0m[2m=[0mKalshi [3mleg_b[0m[2m=[0mPolymarket [3mleg_a_price[0m[2m=[0m0.5600 [3mleg_b_price[0m[2m=[0m0.4 [3mavailable_size[0m[2m=[0m62.12
[2m2026-04-12T20:32:14.721066Z[0m [34mDEBUG[0m [2mmercury::engine::market_actor[0m[2m:[0m Tick received — running arb detection [3mmarket_id[0m[2m=[0m631deb8c-fbb4-489e-818e-ae698f57f50b [3mplatform[0m[2m=[0mKalshi [3mbid[0m[2m=[0m0.5400 [3mask[0m[2m=[0m0.5600 [3mmid[0m[2m=[0m0.5500 [3mbid_size[0m[2m=[0m794.52 [3mask_size[0m[2m=[0m62.12
[2m2026-04-12T20:32:14.721153Z[0m [33m WARN[0m [2mmercury::risk::circuit_breaker[0m[2m:[0m Circuit breakers tripped [3mcount[0m[2m=[0m1
[2m2026-04-12T20:32:14.721231Z[0m [33m WARN[0m [2mmercury::engine::market_actor[0m[2m:[0m Opportunity BLOCKED by circuit breakers [3mopp_id[0m[2m=[0m68f4a432-e4ec-43d3-9f9a-a15de5e6f16d [3mmarket_id[0m[2m=[0m631deb8c-fbb4-489e-818e-ae698f57f50b [3mapproved_size[0m[2m=[0m62
[2m2026-04-12T20:32:14.721225Z[0m [34mDEBUG[0m [2mmercury::engine::spread[0m[2m:[0m Evaluated spread direction 2 [3mmarket_id[0m[2m=[0m631deb8c-fbb4-489e-818e-ae698f57f50b [3mdirection[0m[2m=[0m"NO-A/YES-B" [3mraw_spread[0m[2m=[0m-0.0700 [3mbid_a[0m[2m=[0m0.5400 [3mask_b[0m[2m=[0m0.61
[2m2026-04-12T20:32:14.721402Z[0m [32m INFO[0m [2mmercury::engine::detector[0m[2m:[0m ARB OPPORTUNITY DETECTED — passing to execution pipeline [3mmarket_id[0m[2m=[0m631deb8c-fbb4-489e-818e-ae698f57f50b [3mnet_spread[0m[2m=[0m0.027684987121699935608499678 [3mraw_spread[0m[2m=[0m0.0400 [3mscore[0m[2m=[0m0.1143131943570185940798793159 [3mleg_a[0m[2m=[0mKalshi [3mleg_b[0m[2m=[0mPolymarket [3mleg_a_price[0m[2m=[0m0.5600 [3mleg_b_price[0m[2m=[0m0.4 [3mavailable_size[0m[2m=[0m62.12
[2m2026-04-12T20:32:14.721604Z[0m [34mDEBUG[0m [2mmercury::engine::market_actor[0m[2m:[0m Tick received — running arb detection [3mmarket_id[0m[2m=[0m631deb8c-fbb4-489e-818e-ae698f57f50b [3mplatform[0m[2m=[0mKalshi [3mbid[0m[2m=[0m0.5400 [3mask[0m[2m=[0m0.5600 [3mmid[0m[2m=[0m0.5500 [3mbid_size[0m[2m=[0m794.52 [3mask_size[0m[2m=[0m62.12
[2m2026-04-12T20:32:14.721684Z[0m [33m WARN[0m [2mmercury::risk::circuit_breaker[0m[2m:[0m Circuit breakers tripped [3mcount[0m[2m=[0m1
[2m2026-04-12T20:32:14.721763Z[0m [33m WARN[0m [2mmercury::engine::market_actor[0m[2m:[0m Opportunity BLOCKED by circuit breakers [3mopp_id[0m[2m=[0mcb0c21e3-2b3b-4c2f-929b-069b16c2efb8 [3mmarket_id[0m[2m=[0m631deb8c-fbb4-489e-818e-ae698f57f50b [3mapproved_size[0m[2m=[0m62
[2m2026-04-12T20:32:14.721763Z[0m [34mDEBUG[0m [2mmercury::engine::spread[0m[2m:[0m Evaluated spread direction 2 [3mmarket_id[0m[2m=[0m631deb8c-fbb4-489e-818e-ae698f57f50b [3mdirection[0m[2m=[0m"NO-A/YES-B" [3mraw_spread[0m[2m=[0m-0.0700 [3mbid_a[0m[2m=[0m0.5400 [3mask_b[0m[2m=[0m0.61
[2m2026-04-12T20:32:14.721914Z[0m [32m INFO[0m [2mmercury::engine::detector[0m[2m:[0m ARB OPPORTUNITY DETECTED — passing to execution pipeline [3mmarket_id[0m[2m=[0m631deb8c-fbb4-489e-818e-ae698f57f50b [3mnet_spread[0m[2m=[0m0.027684987121699935608499678 [3mraw_spread[0m[2m=[0m0.0400 [3mscore[0m[2m=[0m0.1143131943570185940798793159 [3mleg_a[0m[2m=[0mKalshi [3mleg_b[0m[2m=[0mPolymarket [3mleg_a_price[0m[2m=[0m0.5600 [3mleg_b_price[0m[2m=[0m0.4 [3mavailable_size[0m[2m=[0m62.12
[2m2026-04-12T20:32:14.722133Z[0m [33m WARN[0m [2mmercury::risk::circuit_breaker[0m[2m:[0m Circuit breakers tripped [3mcount[0m[2m=[0m1
[2m2026-04-12T20:32:14.722205Z[0m [33m WARN[0m [2mmercury::engine::market_actor[0m[2m:[0m Opportunity BLOCKED by circuit breakers [3mopp_id[0m[2m=[0mdcfbe9df-31c8-4dc5-b667-6a13fc862040 [3mmarket_id[0m[2m=[0m631deb8c-fbb4-489e-818e-ae698f57f50b [3mapproved_size[0m[2m=[0m62
[2m2026-04-12T20:32:14.722283Z[0m [33m WARN[0m [2mmercury::risk::circuit_breaker[0m[2m:[0m Circuit breakers tripped [3mcount[0m[2m=[0m1
[2m2026-04-12T20:32:14.722368Z[0m [33m WARN[0m [2mmercury::engine::market_actor[0m[2m:[0m Opportunity BLOCKED by circuit breakers [3mopp_id[0m[2m=[0m28015274-6bfb-4b03-8431-7e98b138fda1 [3mmarket_id[0m[2m=[0m631deb8c-fbb4-489e-818e-ae698f57f50b [3mapproved_size[0m[2m=[0m62
[2m2026-04-12T20:32:14.726567Z[0m [34mDEBUG[0m [2mmercury::engine::market_actor[0m[2m:[0m Tick received — running arb detection [3mmarket_id[0m[2m=[0m631deb8c-fbb4-489e-818e-ae698f57f50b [3mplatform[0m[2m=[0mKalshi [3mbid[0m[2m=[0m0.5400 [3mask[0m[2m=[0m0.5600 [3mmid[0m[2m=[0m0.5500 [3mbid_size[0m[2m=[0m794.52 [3mask_size[0m[2m=[0m62.12
[2m2026-04-12T20:32:14.726796Z[0m [34mDEBUG[0m [2mmercury::engine::spread[0m[2m:[0m Evaluated spread direction 2 [3mmarket_id[0m[2m=[0m631deb8c-fbb4-489e-818e-ae698f57f50b [3mdirection[0m[2m=[0m"NO-A/YES-B" [3mraw_spread[0m[2m=[0m-0.0700 [3mbid_a[0m[2m=[0m0.5400 [3mask_b[0m[2m=[0m0.61
[2m2026-04-12T20:32:14.726982Z[0m [32m INFO[0m [2mmercury::engine::detector[0m[2m:[0m ARB OPPORTUNITY DETECTED — passing to execution pipeline [3mmarket_id[0m[2m=[0m631deb8c-fbb4-489e-818e-ae698f57f50b [3mnet_spread[0m[2m=[0m0.027684987121699935608499678 [3mraw_spread[0m[2m=[0m0.0400 [3mscore[0m[2m=[0m0.1143131943570185940798793159 [3mleg_a[0m[2m=[0mKalshi [3mleg_b[0m[2m=[0mPolymarket [3mleg_a_price[0m[2m=[0m0.5600 [3mleg_b_price[0m[2m=[0m0.4 [3mavailable_size[0m[2m=[0m62.12
[2m2026-04-12T20:32:14.727264Z[0m [33m WARN[0m [2mmercury::risk::circuit_breaker[0m[2m:[0m Circuit breakers tripped [3mcount[0m[2m=[0m1
[2m2026-04-12T20:32:14.727358Z[0m [33m WARN[0m [2mmercury::engine::market_actor[0m[2m:[0m Opportunity BLOCKED by circuit breakers [3mopp_id[0m[2m=[0m79c29f28-ab79-4e65-8ef3-7737be84c26d [3mmarket_id[0m[2m=[0m631deb8c-fbb4-489e-818e-ae698f57f50b [3mapproved_size[0m[2m=[0m62
[2m2026-04-12T20:32:14.744706Z[0m [34mDEBUG[0m [2mmercury::engine::market_actor[0m[2m:[0m Tick received — running arb detection [3mmarket_id[0m[2m=[0m631deb8c-fbb4-489e-818e-ae698f57f50b [3mplatform[0m[2m=[0mKalshi [3mbid[0m[2m=[0m0.5400 [3mask[0m[2m=[0m0.5600 [3mmid[0m[2m=[0m0.5500 [3mbid_size[0m[2m=[0m794.52 [3mask_size[0m[2m=[0m62.12
[2m2026-04-12T20:32:14.745149Z[0m [34mDEBUG[0m [2mmercury::engine::spread[0m[2m:[0m Evaluated spread direction 2 [3mmarket_id[0m[2m=[0m631deb8c-fbb4-489e-818e-ae698f57f50b [3mdirection[0m[2m=[0m"NO-A/YES-B" [3mraw_spread[0m[2m=[0m-0.0700 [3mbid_a[0m[2m=[0m0.5400 [3mask_b[0m[2m=[0m0.61
[2m2026-04-12T20:32:14.745453Z[0m [32m INFO[0m [2mmercury::engine::detector[0m[2m:[0m ARB OPPORTUNITY DETECTED — passing to execution pipeline [3mmarket_id[0m[2m=[0m631deb8c-fbb4-489e-818e-ae698f57f50b [3mnet_spread[0m[2m=[0m0.027684987121699935608499678 [3mraw_spread[0m[2m=[0m0.0400 [3mscore[0m[2m=[0m0.1143131943570185940798793159 [3mleg_a[0m[2m=[0mKalshi [3mleg_b[0m[2m=[0mPolymarket [3mleg_a_price[0m[2m=[0m0.5600 [3mleg_b_price[0m[2m=[0m0.4 [3mavailable_size[0m[2m=[0m62.12
[2m2026-04-12T20:32:14.745827Z[0m [33m WARN[0m [2mmercury::risk::circuit_breaker[0m[2m:[0m Circuit breakers tripped [3mcount[0m[2m=[0m1
[2m2026-04-12T20:32:14.745922Z[0m [33m WARN[0m [2mmercury::engine::market_actor[0m[2m:[0m Opportunity BLOCKED by circuit breakers [3mopp_id[0m[2m=[0m7e172349-c633-47e2-847f-ab9093dfa1e3 [3mmarket_id[0m[2m=[0m631deb8c-fbb4-489e-818e-ae698f57f50b [3mapproved_size[0m[2m=[0m62
[2m2026-04-12T20:32:14.806862Z[0m [34mDEBUG[0m [2mmercury::engine::market_actor[0m[2m:[0m Tick received — running arb detection [3mmarket_id[0m[2m=[0m631deb8c-fbb4-489e-818e-ae698f57f50b [3mplatform[0m[2m=[0mKalshi [3mbid[0m[2m=[0m0.5400 [3mask[0m[2m=[0m0.5600 [3mmid[0m[2m=[0m0.5500 [3mbid_size[0m[2m=[0m794.52 [3mask_size[0m[2m=[0m62.12
[2m2026-04-12T20:32:14.807193Z[0m [34mDEBUG[0m [2mmercury::engine::spread[0m[2m:[0m Evaluated spread direction 2 [3mmarket_id[0m[2m=[0m631deb8c-fbb4-489e-818e-ae698f57f50b [3mdirection[0m[2m=[0m"NO-A/YES-B" [3mraw_spread[0m[2m=[0m-0.0700 [3mbid_a[0m[2m=[0m0.5400 [3mask_b[0m[2m=[0m0.61
[2m2026-04-12T20:32:14.807461Z[0m [32m INFO[0m [2mmercury::engine::detector[0m[2m:[0m ARB OPPORTUNITY DETECTED — passing to execution pipeline [3mmarket_id[0m[2m=[0m631deb8c-fbb4-489e-818e-ae698f57f50b [3mnet_spread[0m[2m=[0m0.027684987121699935608499678 [3mraw_spread[0m[2m=[0m0.0400 [3mscore[0m[2m=[0m0.1143131943570185940798793159 [3mleg_a[0m[2m=[0mKalshi [3mleg_b[0m[2m=[0mPolymarket [3mleg_a_price[0m[2m=[0m0.5600 [3mleg_b_price[0m[2m=[0m0.4 [3mavailable_size[0m[2m=[0m62.12
[2m2026-04-12T20:32:14.807733Z[0m [34mDEBUG[0m [2mmercury::engine::market_actor[0m[2m:[0m Tick received — running arb detection [3mmarket_id[0m[2m=[0m631deb8c-fbb4-489e-818e-ae698f57f50b [3mplatform[0m[2m=[0mPolymarket [3mbid[0m[2m=[0m0.6 [3mask[0m[2m=[0m0.61 [3mmid[0m[2m=[0m0.6050 [3mbid_size[0m[2m=[0m93.89 [3mask_size[0m[2m=[0m5
[2m2026-04-12T20:32:14.807934Z[0m [34mDEBUG[0m [2mmercury::engine::spread[0m[2m:[0m Evaluated spread direction 2 [3mmarket_id[0m[2m=[0m631deb8c-fbb4-489e-818e-ae698f57f50b [3mdirection[0m[2m=[0m"NO-A/YES-B" [3mraw_spread[0m[2m=[0m-0.0700 [3mbid_a[0m[2m=[0m0.5400 [3mask_b[0m[2m=[0m0.61
[2m2026-04-12T20:32:14.808114Z[0m [32m INFO[0m [2mmercury::engine::detector[0m[2m:[0m ARB OPPORTUNITY DETECTED — passing to execution pipeline [3mmarket_id[0m[2m=[0m631deb8c-fbb4-489e-818e-ae698f57f50b [3mnet_spread[0m[2m=[0m0.027684987121699935608499678 [3mraw_spread[0m[2m=[0m0.0400 [3mscore[0m[2m=[0m0.1143131943570185940798793159 [3mleg_a[0m[2m=[0mKalshi [3mleg_b[0m[2m=[0mPolymarket [3mleg_a_price[0m[2m=[0m0.5600 [3mleg_b_price[0m[2m=[0m0.4 [3mavailable_size[0m[2m=[0m62.12
[2m2026-04-12T20:32:14.808377Z[0m [34mDEBUG[0m [2mmercury::engine::market_actor[0m[2m:[0m Tick received — running arb detection [3mmarket_id[0m[2m=[0m631deb8c-fbb4-489e-818e-ae698f57f50b [3mplatform[0m[2m=[0mPolymarket [3mbid[0m[2m=[0m0.6 [3mask[0m[2m=[0m0.61 [3mmid[0m[2m=[0m0.6050 [3mbid_size[0m[2m=[0m93.89 [3mask_size[0m[2m=[0m5
[2m2026-04-12T20:32:14.808498Z[0m [33m WARN[0m [2mmercury::risk::circuit_breaker[0m[2m:[0m Circuit breakers tripped [3mcount[0m[2m=[0m1
[2m2026-04-12T20:32:14.808584Z[0m [34mDEBUG[0m [2mmercury::engine::spread[0m[2m:[0m Evaluated spread direction 2 [3mmarket_id[0m[2m=[0m631deb8c-fbb4-489e-818e-ae698f57f50b [3mdirection[0m[2m=[0m"NO-A/YES-B" [3mraw_spread[0m[2m=[0m-0.0700 [3mbid_a[0m[2m=[0m0.5400 [3mask_b[0m[2m=[0m0.61
[2m2026-04-12T20:32:14.808609Z[0m [33m WARN[0m [2mmercury::engine::market_actor[0m[2m:[0m Opportunity BLOCKED by circuit breakers [3mopp_id[0m[2m=[0m4767f743-ba10-47d7-84b7-d944e54636ef [3mmarket_id[0m[2m=[0m631deb8c-fbb4-489e-818e-ae698f57f50b [3mapproved_size[0m[2m=[0m62
[2m2026-04-12T20:32:14.808767Z[0m [32m INFO[0m [2mmercury::engine::detector[0m[2m:[0m ARB OPPORTUNITY DETECTED — passing to execution pipeline [3mmarket_id[0m[2m=[0m631deb8c-fbb4-489e-818e-ae698f57f50b [3mnet_spread[0m[2m=[0m0.027684987121699935608499678 [3mraw_spread[0m[2m=[0m0.0400 [3mscore[0m[2m=[0m0.1143131943570185940798793159 [3mleg_a[0m[2m=[0mKalshi [3mleg_b[0m[2m=[0mPolymarket [3mleg_a_price[0m[2m=[0m0.5600 [3mleg_b_price[0m[2m=[0m0.4 [3mavailable_size[0m[2m=[0m62.12
[2m2026-04-12T20:32:14.809084Z[0m [34mDEBUG[0m [2mmercury::engine::market_actor[0m[2m:[0m Tick received — running arb detection [3mmarket_id[0m[2m=[0m631deb8c-fbb4-489e-818e-ae698f57f50b [3mplatform[0m[2m=[0mPolymarket [3mbid[0m[2m=[0m0.6 [3mask[0m[2m=[0m0.61 [3mmid[0m[2m=[0m0.6050 [3mbid_size[0m[2m=[0m93.89 [3mask_size[0m[2m=[0m5
[2m2026-04-12T20:32:14.809169Z[0m [33m WARN[0m [2mmercury::risk::circuit_breaker[0m[2m:[0m Circuit breakers tripped [3mcount[0m[2m=[0m1
[2m2026-04-12T20:32:14.809298Z[0m [33m WARN[0m [2mmercury::engine::market_actor[0m[2m:[0m Opportunity BLOCKED by circuit breakers [3mopp_id[0m[2m=[0m013debfe-a3a8-4a31-b236-1552db780192 [3mmarket_id[0m[2m=[0m631deb8c-fbb4-489e-818e-ae698f57f50b [3mapproved_size[0m[2m=[0m62
[2m2026-04-12T20:32:14.809322Z[0m [34mDEBUG[0m [2mmercury::engine::spread[0m[2m:[0m Evaluated spread direction 2 [3mmarket_id[0m[2m=[0m631deb8c-fbb4-489e-818e-ae698f57f50b [3mdirection[0m[2m=[0m"NO-A/YES-B" [3mraw_spread[0m[2m=[0m-0.0700 [3mbid_a[0m[2m=[0m0.5400 [3mask_b[0m[2m=[0m0.61
[2m2026-04-12T20:32:14.809461Z[0m [32m INFO[0m [2mmercury::engine::detector[0m[2m:[0m ARB OPPORTUNITY DETECTED — passing to execution pipeline [3mmarket_id[0m[2m=[0m631deb8c-fbb4-489e-818e-ae698f57f50b [3mnet_spread[0m[2m=[0m0.027684987121699935608499678 [3mraw_spread[0m[2m=[0m0.0400 [3mscore[0m[2m=[0m0.1143131943570185940798793159 [3mleg_a[0m[2m=[0mKalshi [3mleg_b[0m[2m=[0mPolymarket [3mleg_a_price[0m[2m=[0m0.5600 [3mleg_b_price[0m[2m=[0m0.4 [3mavailable_size[0m[2m=[0m62.12
[2m2026-04-12T20:32:14.809687Z[0m [33m WARN[0m [2mmercury::risk::circuit_breaker[0m[2m:[0m Circuit breakers tripped [3mcount[0m[2m=[0m1
[2m2026-04-12T20:32:14.809761Z[0m [33m WARN[0m [2mmercury::engine::market_actor[0m[2m:[0m Opportunity BLOCKED by circuit breakers [3mopp_id[0m[2m=[0m5bfc4e9a-c560-4f7d-a176-66530da5e2d1 [3mmarket_id[0m[2m=[0m631deb8c-fbb4-489e-818e-ae698f57f50b [3mapproved_size[0m[2m=[0m62
[2m2026-04-12T20:32:14.809808Z[0m [33m WARN[0m [2mmercury::risk::circuit_breaker[0m[2m:[0m Circuit breakers tripped [3mcount[0m[2m=[0m1
[2m2026-04-12T20:32:14.809890Z[0m [33m WARN[0m [2mmercury::engine::market_actor[0m[2m:[0m Opportunity BLOCKED by circuit breakers [3mopp_id[0m[2m=[0m70a42bfd-2a02-4657-9941-0f12be32a80f [3mmarket_id[0m[2m=[0m631deb8c-fbb4-489e-818e-ae698f57f50b [3mapproved_size[0m[2m=[0m62
[2m2026-04-12T20:32:14.862839Z[0m [34mDEBUG[0m [2mmercury::engine::market_actor[0m[2m:[0m Tick received — running arb detection [3mmarket_id[0m[2m=[0m631deb8c-fbb4-489e-818e-ae698f57f50b [3mplatform[0m[2m=[0mPolymarket [3mbid[0m[2m=[0m0.6 [3mask[0m[2m=[0m0.61 [3mmid[0m[2m=[0m0.6050 [3mbid_size[0m[2m=[0m93.89 [3mask_size[0m[2m=[0m5
[2m2026-04-12T20:32:14.863076Z[0m [34mDEBUG[0m [2mmercury::engine::spread[0m[2m:[0m Evaluated spread direction 2 [3mmarket_id[0m[2m=[0m631deb8c-fbb4-489e-818e-ae698f57f50b [3mdirection[0m[2m=[0m"NO-A/YES-B" [3mraw_spread[0m[2m=[0m-0.0700 [3mbid_a[0m[2m=[0m0.5400 [3mask_b[0m[2m=[0m0.61
[2m2026-04-12T20:32:14.863102Z[0m [34mDEBUG[0m [2mmercury::engine::market_actor[0m[2m:[0m Tick received — running arb detection [3mmarket_id[0m[2m=[0ma5a7da9a-b993-4c2a-80bc-cbc1d3c50971 [3mplatform[0m[2m=[0mPolymarket [3mbid[0m[2m=[0m0.49 [3mask[0m[2m=[0m0.5 [3mmid[0m[2m=[0m0.4950 [3mbid_size[0m[2m=[0m489.41 [3mask_size[0m[2m=[0m4406.05
[2m2026-04-12T20:32:14.863228Z[0m [32m INFO[0m [2mmercury::engine::detector[0m[2m:[0m ARB OPPORTUNITY DETECTED — passing to execution pipeline [3mmarket_id[0m[2m=[0m631deb8c-fbb4-489e-818e-ae698f57f50b [3mnet_spread[0m[2m=[0m0.027684987121699935608499678 [3mraw_spread[0m[2m=[0m0.0400 [3mscore[0m[2m=[0m0.1143131943570185940798793159 [3mleg_a[0m[2m=[0mKalshi [3mleg_b[0m[2m=[0mPolymarket [3mleg_a_price[0m[2m=[0m0.5600 [3mleg_b_price[0m[2m=[0m0.4 [3mavailable_size[0m[2m=[0m62.12
[2m2026-04-12T20:32:14.863430Z[0m [34mDEBUG[0m [2mmercury::engine::market_actor[0m[2m:[0m Tick received — running arb detection [3mmarket_id[0m[2m=[0m631deb8c-fbb4-489e-818e-ae698f57f50b [3mplatform[0m[2m=[0mPolymarket [3mbid[0m[2m=[0m0.6 [3mask[0m[2m=[0m0.61 [3mmid[0m[2m=[0m0.6050 [3mbid_size[0m[2m=[0m93.89 [3mask_size[0m[2m=[0m5
[2m2026-04-12T20:32:14.863580Z[0m [34mDEBUG[0m [2mmercury::engine::spread[0m[2m:[0m Evaluated spread direction 2 [3mmarket_id[0m[2m=[0m631deb8c-fbb4-489e-818e-ae698f57f50b [3mdirection[0m[2m=[0m"NO-A/YES-B" [3mraw_spread[0m[2m=[0m-0.0700 [3mbid_a[0m[2m=[0m0.5400 [3mask_b[0m[2m=[0m0.61
[2m2026-04-12T20:32:14.863714Z[0m [32m INFO[0m [2mmercury::engine::detector[0m[2m:[0m ARB OPPORTUNITY DETECTED — passing to execution pipeline [3mmarket_id[0m[2m=[0m631deb8c-fbb4-489e-818e-ae698f57f50b [3mnet_spread[0m[2m=[0m0.027684987121699935608499678 [3mraw_spread[0m[2m=[0m0.0400 [3mscore[0m[2m=[0m0.1143131943570185940798793159 [3mleg_a[0m[2m=[0mKalshi [3mleg_b[0m[2m=[0mPolymarket [3mleg_a_price[0m[2m=[0m0.5600 [3mleg_b_price[0m[2m=[0m0.4 [3mavailable_size[0m[2m=[0m62.12
[2m2026-04-12T20:32:14.863912Z[0m [34mDEBUG[0m [2mmercury::engine::market_actor[0m[2m:[0m Tick received — running arb detection [3mmarket_id[0m[2m=[0m631deb8c-fbb4-489e-818e-ae698f57f50b [3mplatform[0m[2m=[0mPolymarket [3mbid[0m[2m=[0m0.6 [3mask[0m[2m=[0m0.61 [3mmid[0m[2m=[0m0.6050 [3mbid_size[0m[2m=[0m93.89 [3mask_size[0m[2m=[0m5
[2m2026-04-12T20:32:14.864005Z[0m [33m WARN[0m [2mmercury::risk::circuit_breaker[0m[2m:[0m Circuit breakers tripped [3mcount[0m[2m=[0m1
[2m2026-04-12T20:32:14.864061Z[0m [34mDEBUG[0m [2mmercury::engine::spread[0m[2m:[0m Evaluated spread direction 2 [3mmarket_id[0m[2m=[0m631deb8c-fbb4-489e-818e-ae698f57f50b [3mdirection[0m[2m=[0m"NO-A/YES-B" [3mraw_spread[0m[2m=[0m-0.0700 [3mbid_a[0m[2m=[0m0.5400 [3mask_b[0m[2m=[0m0.61
[2m2026-04-12T20:32:14.864110Z[0m [33m WARN[0m [2mmercury::engine::market_actor[0m[2m:[0m Opportunity BLOCKED by circuit breakers [3mopp_id[0m[2m=[0m38ca390d-0dd1-4c79-a087-f7d0896f1995 [3mmarket_id[0m[2m=[0m631deb8c-fbb4-489e-818e-ae698f57f50b [3mapproved_size[0m[2m=[0m62
[2m2026-04-12T20:32:14.864198Z[0m [32m INFO[0m [2mmercury::engine::detector[0m[2m:[0m ARB OPPORTUNITY DETECTED — passing to execution pipeline [3mmarket_id[0m[2m=[0m631deb8c-fbb4-489e-818e-ae698f57f50b [3mnet_spread[0m[2m=[0m0.027684987121699935608499678 [3mraw_spread[0m[2m=[0m0.0400 [3mscore[0m[2m=[0m0.1143131943570185940798793159 [3mleg_a[0m[2m=[0mKalshi [3mleg_b[0m[2m=[0mPolymarket [3mleg_a_price[0m[2m=[0m0.5600 [3mleg_b_price[0m[2m=[0m0.4 [3mavailable_size[0m[2m=[0m62.12
[2m2026-04-12T20:32:14.864421Z[0m [33m WARN[0m [2mmercury::risk::circuit_breaker[0m[2m:[0m Circuit breakers tripped [3mcount[0m[2m=[0m1
[2m2026-04-12T20:32:14.864492Z[0m [33m WARN[0m [2mmercury::engine::market_actor[0m[2m:[0m Opportunity BLOCKED by circuit breakers [3mopp_id[0m[2m=[0mf0d23778-d473-4036-a060-777ea029a473 [3mmarket_id[0m[2m=[0m631deb8c-fbb4-489e-818e-ae698f57f50b [3mapproved_size[0m[2m=[0m62
[2m2026-04-12T20:32:14.864558Z[0m [33m WARN[0m [2mmercury::risk::circuit_breaker[0m[2m:[0m Circuit breakers tripped [3mcount[0m[2m=[0m1
[2m2026-04-12T20:32:14.864646Z[0m [33m WARN[0m [2mmercury::engine::market_actor[0m[2m:[0m Opportunity BLOCKED by circuit breakers [3mopp_id[0m[2m=[0ma56b63df-a9b7-42f5-a050-f44bb4f8bffc [3mmarket_id[0m[2m=[0m631deb8c-fbb4-489e-818e-ae698f57f50b [3mapproved_size[0m[2m=[0m62
[2m2026-04-12T20:32:14.870730Z[0m [34mDEBUG[0m [2mmercury::feeds::polymarket[0m[2m:[0m Unknown Polymarket event type [3mevent_type[0m[2m=[0mbest_bid_ask
[2m2026-04-12T20:32:14.871437Z[0m [34mDEBUG[0m [2mmercury::engine::market_actor[0m[2m:[0m Tick received — running arb detection [3mmarket_id[0m[2m=[0m631deb8c-fbb4-489e-818e-ae698f57f50b [3mplatform[0m[2m=[0mPolymarket [3mbid[0m[2m=[0m0.6 [3mask[0m[2m=[0m0.61 [3mmid[0m[2m=[0m0.6050 [3mbid_size[0m[2m=[0m68.89 [3mask_size[0m[2m=[0m5
[2m2026-04-12T20:32:14.871732Z[0m [34mDEBUG[0m [2mmercury::engine::spread[0m[2m:[0m Evaluated spread direction 2 [3mmarket_id[0m[2m=[0m631deb8c-fbb4-489e-818e-ae698f57f50b [3mdirection[0m[2m=[0m"NO-A/YES-B" [3mraw_spread[0m[2m=[0m-0.0700 [3mbid_a[0m[2m=[0m0.5400 [3mask_b[0m[2m=[0m0.61
[2m2026-04-12T20:32:14.871933Z[0m [32m INFO[0m [2mmercury::engine::detector[0m[2m:[0m ARB OPPORTUNITY DETECTED — passing to execution pipeline [3mmarket_id[0m[2m=[0m631deb8c-fbb4-489e-818e-ae698f57f50b [3mnet_spread[0m[2m=[0m0.027684987121699935608499678 [3mraw_spread[0m[2m=[0m0.0400 [3mscore[0m[2m=[0m0.1143131943570185940798793159 [3mleg_a[0m[2m=[0mKalshi [3mleg_b[0m[2m=[0mPolymarket [3mleg_a_price[0m[2m=[0m0.5600 [3mleg_b_price[0m[2m=[0m0.4 [3mavailable_size[0m[2m=[0m62.12
[2m2026-04-12T20:32:14.872197Z[0m [34mDEBUG[0m [2mmercury::engine::market_actor[0m[2m:[0m Tick received — running arb detection [3mmarket_id[0m[2m=[0m631deb8c-fbb4-489e-818e-ae698f57f50b [3mplatform[0m[2m=[0mPolymarket [3mbid[0m[2m=[0m0.6 [3mask[0m[2m=[0m0.61 [3mmid[0m[2m=[0m0.6050 [3mbid_size[0m[2m=[0m68.89 [3mask_size[0m[2m=[0m5
[2m2026-04-12T20:32:14.872397Z[0m [34mDEBUG[0m [2mmercury::engine::spread[0m[2m:[0m Evaluated spread direction 2 [3mmarket_id[0m[2m=[0m631deb8c-fbb4-489e-818e-ae698f57f50b [3mdirection[0m[2m=[0m"NO-A/YES-B" [3mraw_spread[0m[2m=[0m-0.0700 [3mbid_a[0m[2m=[0m0.5400 [3mask_b[0m[2m=[0m0.61
[2m2026-04-12T20:32:14.872574Z[0m [32m INFO[0m [2mmercury::engine::detector[0m[2m:[0m ARB OPPORTUNITY DETECTED — passing to execution pipeline [3mmarket_id[0m[2m=[0m631deb8c-fbb4-489e-818e-ae698f57f50b [3mnet_spread[0m[2m=[0m0.027684987121699935608499678 [3mraw_spread[0m[2m=[0m0.0400 [3mscore[0m[2m=[0m0.1143131943570185940798793159 [3mleg_a[0m[2m=[0mKalshi [3mleg_b[0m[2m=[0mPolymarket [3mleg_a_price[0m[2m=[0m0.5600 [3mleg_b_price[0m[2m=[0m0.4 [3mavailable_size[0m[2m=[0m62.12
[2m2026-04-12T20:32:14.872876Z[0m [33m WARN[0m [2mmercury::risk::circuit_breaker[0m[2m:[0m Circuit breakers tripped [3mcount[0m[2m=[0m1
[2m2026-04-12T20:32:14.872974Z[0m [33m WARN[0m [2mmercury::engine::market_actor[0m[2m:[0m Opportunity BLOCKED by circuit breakers [3mopp_id[0m[2m=[0me9842567-2f9c-4924-8601-3176d6db992c [3mmarket_id[0m[2m=[0m631deb8c-fbb4-489e-818e-ae698f57f50b [3mapproved_size[0m[2m=[0m62
[2m2026-04-12T20:32:14.873026Z[0m [33m WARN[0m [2mmercury::risk::circuit_breaker[0m[2m:[0m Circuit breakers tripped [3mcount[0m[2m=[0m1
[2m2026-04-12T20:32:14.873135Z[0m [33m WARN[0m [2mmercury::engine::market_actor[0m[2m:[0m Opportunity BLOCKED by circuit breakers [3mopp_id[0m[2m=[0m68c634bf-3322-4043-9c3c-f96f5ebb276f [3mmarket_id[0m[2m=[0m631deb8c-fbb4-489e-818e-ae698f57f50b [3mapproved_size[0m[2m=[0m62
[2m2026-04-12T20:32:14.881597Z[0m [34mDEBUG[0m [2mmercury::engine::market_actor[0m[2m:[0m Tick received — running arb detection [3mmarket_id[0m[2m=[0m631deb8c-fbb4-489e-818e-ae698f57f50b [3mplatform[0m[2m=[0mKalshi [3mbid[0m[2m=[0m0.5400 [3mask[0m[2m=[0m0.5600 [3mmid[0m[2m=[0m0.5500 [3mbid_size[0m[2m=[0m394.52 [3mask_size[0m[2m=[0m62.12
[2m2026-04-12T20:32:14.881902Z[0m [34mDEBUG[0m [2mmercury::engine::spread[0m[2m:[0m Evaluated spread direction 2 [3mmarket_id[0m[2m=[0m631deb8c-fbb4-489e-818e-ae698f57f50b [3mdirection[0m[2m=[0m"NO-A/YES-B" [3mraw_spread[0m[2m=[0m-0.0700 [3mbid_a[0m[2m=[0m0.5400 [3mask_b[0m[2m=[0m0.61
[2m2026-04-12T20:32:14.882108Z[0m [32m INFO[0m [2mmercury::engine::detector[0m[2m:[0m ARB OPPORTUNITY DETECTED — passing to execution pipeline [3mmarket_id[0m[2m=[0m631deb8c-fbb4-489e-818e-ae698f57f50b [3mnet_spread[0m[2m=[0m0.027684987121699935608499678 [3mraw_spread[0m[2m=[0m0.0400 [3mscore[0m[2m=[0m0.1143131943570185940798793159 [3mleg_a[0m[2m=[0mKalshi [3mleg_b[0m[2m=[0mPolymarket [3mleg_a_price[0m[2m=[0m0.5600 [3mleg_b_price[0m[2m=[0m0.4 [3mavailable_size[0m[2m=[0m62.12
[2m2026-04-12T20:32:14.882361Z[0m [34mDEBUG[0m [2mmercury::engine::market_actor[0m[2m:[0m Tick received — running arb detection [3mmarket_id[0m[2m=[0m631deb8c-fbb4-489e-818e-ae698f57f50b [3mplatform[0m[2m=[0mKalshi [3mbid[0m[2m=[0m0.5500 [3mask[0m[2m=[0m0.5600 [3mmid[0m[2m=[0m0.5550 [3mbid_size[0m[2m=[0m400.00 [3mask_size[0m[2m=[0m62.12
[2m2026-04-12T20:32:14.882560Z[0m [34mDEBUG[0m [2mmercury::engine::spread[0m[2m:[0m Evaluated spread direction 2 [3mmarket_id[0m[2m=[0m631deb8c-fbb4-489e-818e-ae698f57f50b [3mdirection[0m[2m=[0m"NO-A/YES-B" [3mraw_spread[0m[2m=[0m-0.0600 [3mbid_a[0m[2m=[0m0.5500 [3mask_b[0m[2m=[0m0.61
[2m2026-04-12T20:32:14.882735Z[0m [32m INFO[0m [2mmercury::engine::detector[0m[2m:[0m ARB OPPORTUNITY DETECTED — passing to execution pipeline [3mmarket_id[0m[2m=[0m631deb8c-fbb4-489e-818e-ae698f57f50b [3mnet_spread[0m[2m=[0m0.027684987121699935608499678 [3mraw_spread[0m[2m=[0m0.0400 [3mscore[0m[2m=[0m0.1143131943570185940798793159 [3mleg_a[0m[2m=[0mKalshi [3mleg_b[0m[2m=[0mPolymarket [3mleg_a_price[0m[2m=[0m0.5600 [3mleg_b_price[0m[2m=[0m0.4 [3mavailable_size[0m[2m=[0m62.12
[2m2026-04-12T20:32:14.883013Z[0m [34mDEBUG[0m [2mmercury::engine::market_actor[0m[2m:[0m Tick received — running arb detection [3mmarket_id[0m[2m=[0m631deb8c-fbb4-489e-818e-ae698f57f50b [3mplatform[0m[2m=[0mKalshi [3mbid[0m[2m=[0m0.5500 [3mask[0m[2m=[0m0.5600 [3mmid[0m[2m=[0m0.5550 [3mbid_size[0m[2m=[0m400.00 [3mask_size[0m[2m=[0m62.12
[2m2026-04-12T20:32:14.883124Z[0m [33m WARN[0m [2mmercury::risk::circuit_breaker[0m[2m:[0m Circuit breakers tripped [3mcount[0m[2m=[0m1
[2m2026-04-12T20:32:14.883172Z[0m [34mDEBUG[0m [2mmercury::engine::spread[0m[2m:[0m Evaluated spread direction 2 [3mmarket_id[0m[2m=[0m631deb8c-fbb4-489e-818e-ae698f57f50b [3mdirection[0m[2m=[0m"NO-A/YES-B" [3mraw_spread[0m[2m=[0m-0.0600 [3mbid_a[0m[2m=[0m0.5500 [3mask_b[0m[2m=[0m0.61
[2m2026-04-12T20:32:14.883214Z[0m [33m WARN[0m [2mmercury::engine::market_actor[0m[2m:[0m Opportunity BLOCKED by circuit breakers [3mopp_id[0m[2m=[0meb0a3be3-c598-4165-8763-497f7a11ab95 [3mmarket_id[0m[2m=[0m631deb8c-fbb4-489e-818e-ae698f57f50b [3mapproved_size[0m[2m=[0m62
[2m2026-04-12T20:32:14.883299Z[0m [32m INFO[0m [2mmercury::engine::detector[0m[2m:[0m ARB OPPORTUNITY DETECTED — passing to execution pipeline [3mmarket_id[0m[2m=[0m631deb8c-fbb4-489e-818e-ae698f57f50b [3mnet_spread[0m[2m=[0m0.027684987121699935608499678 [3mraw_spread[0m[2m=[0m0.0400 [3mscore[0m[2m=[0m0.1143131943570185940798793159 [3mleg_a[0m[2m=[0mKalshi [3mleg_b[0m[2m=[0mPolymarket [3mleg_a_price[0m[2m=[0m0.5600 [3mleg_b_price[0m[2m=[0m0.4 [3mavailable_size[0m[2m=[0m62.12
[2m2026-04-12T20:32:14.883517Z[0m [33m WARN[0m [2mmercury::risk::circuit_breaker[0m[2m:[0m Circuit breakers tripped [3mcount[0m[2m=[0m1
[2m2026-04-12T20:32:14.883589Z[0m [33m WARN[0m [2mmercury::engine::market_actor[0m[2m:[0m Opportunity BLOCKED by circuit breakers [3mopp_id[0m[2m=[0mf9b1db7d-cf4e-49d3-bdd0-e41e6d0c9e9b [3mmarket_id[0m[2m=[0m631deb8c-fbb4-489e-818e-ae698f57f50b [3mapproved_size[0m[2m=[0m62
[2m2026-04-12T20:32:14.883661Z[0m [33m WARN[0m [2mmercury::risk::circuit_breaker[0m[2m:[0m Circuit breakers tripped [3mcount[0m[2m=[0m1
[2m2026-04-12T20:32:14.883748Z[0m [33m WARN[0m [2mmercury::engine::market_actor[0m[2m:[0m Opportunity BLOCKED by circuit breakers [3mopp_id[0m[2m=[0mb53aa787-3174-45a6-b2f0-4a69fbeea4fe [3mmarket_id[0m[2m=[0m631deb8c-fbb4-489e-818e-ae698f57f50b [3mapproved_size[0m[2m=[0m62
[2m2026-04-12T20:32:14.901797Z[0m [34mDEBUG[0m [2mmercury::engine::market_actor[0m[2m:[0m Tick received — running arb detection [3mmarket_id[0m[2m=[0m631deb8c-fbb4-489e-818e-ae698f57f50b [3mplatform[0m[2m=[0mKalshi [3mbid[0m[2m=[0m0.5500 [3mask[0m[2m=[0m0.5600 [3mmid[0m[2m=[0m0.5550 [3mbid_size[0m[2m=[0m400.00 [3mask_size[0m[2m=[0m62.12
[2m2026-04-12T20:32:14.902093Z[0m [34mDEBUG[0m [2mmercury::engine::spread[0m[2m:[0m Evaluated spread direction 2 [3mmarket_id[0m[2m=[0m631deb8c-fbb4-489e-818e-ae698f57f50b [3mdirection[0m[2m=[0m"NO-A/YES-B" [3mraw_spread[0m[2m=[0m-0.0600 [3mbid_a[0m[2m=[0m0.5500 [3mask_b[0m[2m=[0m0.61
[2m2026-04-12T20:32:14.902287Z[0m [32m INFO[0m [2mmercury::engine::detector[0m[2m:[0m ARB OPPORTUNITY DETECTED — passing to execution pipeline [3mmarket_id[0m[2m=[0m631deb8c-fbb4-489e-818e-ae698f57f50b [3mnet_spread[0m[2m=[0m0.027684987121699935608499678 [3mraw_spread[0m[2m=[0m0.0400 [3mscore[0m[2m=[0m0.1143131943570185940798793159 [3mleg_a[0m[2m=[0mKalshi [3mleg_b[0m[2m=[0mPolymarket [3mleg_a_price[0m[2m=[0m0.5600 [3mleg_b_price[0m[2m=[0m0.4 [3mavailable_size[0m[2m=[0m62.12
[2m2026-04-12T20:32:14.902587Z[0m [33m WARN[0m [2mmercury::risk::circuit_breaker[0m[2m:[0m Circuit breakers tripped [3mcount[0m[2m=[0m1
[2m2026-04-12T20:32:14.902683Z[0m [33m WARN[0m [2mmercury::engine::market_actor[0m[2m:[0m Opportunity BLOCKED by circuit breakers [3mopp_id[0m[2m=[0m3681297d-653b-4ca2-88fa-54ebdb23f936 [3mmarket_id[0m[2m=[0m631deb8c-fbb4-489e-818e-ae698f57f50b [3mapproved_size[0m[2m=[0m62
[2m2026-04-12T20:32:14.915696Z[0m [34mDEBUG[0m [2mmercury::engine::market_actor[0m[2m:[0m Tick received — running arb detection [3mmarket_id[0m[2m=[0m631deb8c-fbb4-489e-818e-ae698f57f50b [3mplatform[0m[2m=[0mKalshi [3mbid[0m[2m=[0m0.5500 [3mask[0m[2m=[0m0.5600 [3mmid[0m[2m=[0m0.5550 [3mbid_size[0m[2m=[0m400.00 [3mask_size[0m[2m=[0m62.12
[2m2026-04-12T20:32:14.916158Z[0m [34mDEBUG[0m [2mmercury::engine::spread[0m[2m:[0m Evaluated spread direction 2 [3mmarket_id[0m[2m=[0m631deb8c-fbb4-489e-818e-ae698f57f50b [3mdirection[0m[2m=[0m"NO-A/YES-B" [3mraw_spread[0m[2m=[0m-0.0600 [3mbid_a[0m[2m=[0m0.5500 [3mask_b[0m[2m=[0m0.61
[2m2026-04-12T20:32:14.916466Z[0m [32m INFO[0m [2mmercury::engine::detector[0m[2m:[0m ARB OPPORTUNITY DETECTED — passing to execution pipeline [3mmarket_id[0m[2m=[0m631deb8c-fbb4-489e-818e-ae698f57f50b [3mnet_spread[0m[2m=[0m0.027684987121699935608499678 [3mraw_spread[0m[2m=[0m0.0400 [3mscore[0m[2m=[0m0.1143131943570185940798793159 [3mleg_a[0m[2m=[0mKalshi [3mleg_b[0m[2m=[0mPolymarket [3mleg_a_price[0m[2m=[0m0.5600 [3mleg_b_price[0m[2m=[0m0.4 [3mavailable_size[0m[2m=[0m62.12
[2m2026-04-12T20:32:14.916822Z[0m [33m WARN[0m [2mmercury::risk::circuit_breaker[0m[2m:[0m Circuit breakers tripped [3mcount[0m[2m=[0m1
[2m2026-04-12T20:32:14.916918Z[0m [33m WARN[0m [2mmercury::engine::market_actor[0m[2m:[0m Opportunity BLOCKED by circuit breakers [3mopp_id[0m[2m=[0m21d7e37f-d36f-4c82-9e82-2fdef56b4887 [3mmarket_id[0m[2m=[0m631deb8c-fbb4-489e-818e-ae698f57f50b [3mapproved_size[0m[2m=[0m62
[2m2026-04-12T20:32:14.930994Z[0m [34mDEBUG[0m [2mmercury::engine::market_actor[0m[2m:[0m Tick received — running arb detection [3mmarket_id[0m[2m=[0m631deb8c-fbb4-489e-818e-ae698f57f50b [3mplatform[0m[2m=[0mKalshi [3mbid[0m[2m=[0m0.5500 [3mask[0m[2m=[0m0.5600 [3mmid[0m[2m=[0m0.5550 [3mbid_size[0m[2m=[0m400.00 [3mask_size[0m[2m=[0m62.12
[2m2026-04-12T20:32:14.931423Z[0m [34mDEBUG[0m [2mmercury::engine::spread[0m[2m:[0m Evaluated spread direction 2 [3mmarket_id[0m[2m=[0m631deb8c-fbb4-489e-818e-ae698f57f50b [3mdirection[0m[2m=[0m"NO-A/YES-B" [3mraw_spread[0m[2m=[0m-0.0600 [3mbid_a[0m[2m=[0m0.5500 [3mask_b[0m[2m=[0m0.61
[2m2026-04-12T20:32:14.931619Z[0m [32m INFO[0m [2mmercury::engine::detector[0m[2m:[0m ARB OPPORTUNITY DETECTED — passing to execution pipeline [3mmarket_id[0m[2m=[0m631deb8c-fbb4-489e-818e-ae698f57f50b [3mnet_spread[0m[2m=[0m0.027684987121699935608499678 [3mraw_spread[0m[2m=[0m0.0400 [3mscore[0m[2m=[0m0.1143131943570185940798793159 [3mleg_a[0m[2m=[0mKalshi [3mleg_b[0m[2m=[0mPolymarket [3mleg_a_price[0m[2m=[0m0.5600 [3mleg_b_price[0m[2m=[0m0.4 [3mavailable_size[0m[2m=[0m62.12
[2m2026-04-12T20:32:14.931874Z[0m [34mDEBUG[0m [2mmercury::engine::market_actor[0m[2m:[0m Tick received — running arb detection [3mmarket_id[0m[2m=[0m631deb8c-fbb4-489e-818e-ae698f57f50b [3mplatform[0m[2m=[0mKalshi [3mbid[0m[2m=[0m0.5500 [3mask[0m[2m=[0m0.5600 [3mmid[0m[2m=[0m0.5550 [3mbid_size[0m[2m=[0m400.00 [3mask_size[0m[2m=[0m62.12
[2m2026-04-12T20:32:14.932082Z[0m [34mDEBUG[0m [2mmercury::engine::spread[0m[2m:[0m Evaluated spread direction 2 [3mmarket_id[0m[2m=[0m631deb8c-fbb4-489e-818e-ae698f57f50b [3mdirection[0m[2m=[0m"NO-A/YES-B" [3mraw_spread[0m[2m=[0m-0.0600 [3mbid_a[0m[2m=[0m0.5500 [3mask_b[0m[2m=[0m0.61
[2m2026-04-12T20:32:14.932258Z[0m [32m INFO[0m [2mmercury::engine::detector[0m[2m:[0m ARB OPPORTUNITY DETECTED — passing to execution pipeline [3mmarket_id[0m[2m=[0m631deb8c-fbb4-489e-818e-ae698f57f50b [3mnet_spread[0m[2m=[0m0.027684987121699935608499678 [3mraw_spread[0m[2m=[0m0.0400 [3mscore[0m[2m=[0m0.1143131943570185940798793159 [3mleg_a[0m[2m=[0mKalshi [3mleg_b[0m[2m=[0mPolymarket [3mleg_a_price[0m[2m=[0m0.5600 [3mleg_b_price[0m[2m=[0m0.4 [3mavailable_size[0m[2m=[0m62.12
[2m2026-04-12T20:32:14.932510Z[0m [34mDEBUG[0m [2mmercury::engine::market_actor[0m[2m:[0m Tick received — running arb detection [3mmarket_id[0m[2m=[0m631deb8c-fbb4-489e-818e-ae698f57f50b [3mplatform[0m[2m=[0mKalshi [3mbid[0m[2m=[0m0.5500 [3mask[0m[2m=[0m0.5600 [3mmid[0m[2m=[0m0.5550 [3mbid_size[0m[2m=[0m400.00 [3mask_size[0m[2m=[0m62.12
[2m2026-04-12T20:32:14.932626Z[0m [33m WARN[0m [2mmercury::risk::circuit_breaker[0m[2m:[0m Circuit breakers tripped [3mcount[0m[2m=[0m1
[2m2026-04-12T20:32:14.932710Z[0m [34mDEBUG[0m [2mmercury::engine::spread[0m[2m:[0m Evaluated spread direction 2 [3mmarket_id[0m[2m=[0m631deb8c-fbb4-489e-818e-ae698f57f50b [3mdirection[0m[2m=[0m"NO-A/YES-B" [3mraw_spread[0m[2m=[0m-0.0600 [3mbid_a[0m[2m=[0m0.5500 [3mask_b[0m[2m=[0m0.61
[2m2026-04-12T20:32:14.932732Z[0m [33m WARN[0m [2mmercury::engine::market_actor[0m[2m:[0m Opportunity BLOCKED by circuit breakers [3mopp_id[0m[2m=[0m0bf4dd8d-cdeb-46da-a826-08c384a16279 [3mmarket_id[0m[2m=[0m631deb8c-fbb4-489e-818e-ae698f57f50b [3mapproved_size[0m[2m=[0m62
[2m2026-04-12T20:32:14.932896Z[0m [32m INFO[0m [2mmercury::engine::detector[0m[2m:[0m ARB OPPORTUNITY DETECTED — passing to execution pipeline [3mmarket_id[0m[2m=[0m631deb8c-fbb4-489e-818e-ae698f57f50b [3mnet_spread[0m[2m=[0m0.027684987121699935608499678 [3mraw_spread[0m[2m=[0m0.0400 [3mscore[0m[2m=[0m0.1143131943570185940798793159 [3mleg_a[0m[2m=[0mKalshi [3mleg_b[0m[2m=[0mPolymarket [3mleg_a_price[0m[2m=[0m0.5600 [3mleg_b_price[0m[2m=[0m0.4 [3mavailable_size[0m[2m=[0m62.12
[2m2026-04-12T20:32:14.933157Z[0m [34mDEBUG[0m [2mmercury::engine::market_actor[0m[2m:[0m Tick received — running arb detection [3mmarket_id[0m[2m=[0m631deb8c-fbb4-489e-818e-ae698f57f50b [3mplatform[0m[2m=[0mKalshi [3mbid[0m[2m=[0m0.5500 [3mask[0m[2m=[0m0.5600 [3mmid[0m[2m=[0m0.5550 [3mbid_size[0m[2m=[0m400.00 [3mask_size[0m[2m=[0m62.12
[2m2026-04-12T20:32:14.933257Z[0m [33m WARN[0m [2mmercury::risk::circuit_breaker[0m[2m:[0m Circuit breakers tripped [3mcount[0m[2m=[0m1
[2m2026-04-12T20:32:14.933359Z[0m [33m WARN[0m [2mmercury::engine::market_actor[0m[2m:[0m Opportunity BLOCKED by circuit breakers [3mopp_id[0m[2m=[0m90e86d7f-8d2d-47a5-9e33-ec591b628cdc [3mmarket_id[0m[2m=[0m631deb8c-fbb4-489e-818e-ae698f57f50b [3mapproved_size[0m[2m=[0m62
[2m2026-04-12T20:32:14.933355Z[0m [34mDEBUG[0m [2mmercury::engine::spread[0m[2m:[0m Evaluated spread direction 2 [3mmarket_id[0m[2m=[0m631deb8c-fbb4-489e-818e-ae698f57f50b [3mdirection[0m[2m=[0m"NO-A/YES-B" [3mraw_spread[0m[2m=[0m-0.0600 [3mbid_a[0m[2m=[0m0.5500 [3mask_b[0m[2m=[0m0.61
[2m2026-04-12T20:32:14.933585Z[0m [32m INFO[0m [2mmercury::engine::detector[0m[2m:[0m ARB OPPORTUNITY DETECTED — passing to execution pipeline [3mmarket_id[0m[2m=[0m631deb8c-fbb4-489e-818e-ae698f57f50b [3mnet_spread[0m[2m=[0m0.027684987121699935608499678 [3mraw_spread[0m[2m=[0m0.0400 [3mscore[0m[2m=[0m0.1143131943570185940798793159 [3mleg_a[0m[2m=[0mKalshi [3mleg_b[0m[2m=[0mPolymarket [3mleg_a_price[0m[2m=[0m0.5600 [3mleg_b_price[0m[2m=[0m0.4 [3mavailable_size[0m[2m=[0m62.12
[2m2026-04-12T20:32:14.933850Z[0m [34mDEBUG[0m [2mmercury::engine::market_actor[0m[2m:[0m Tick received — running arb detection [3mmarket_id[0m[2m=[0m631deb8c-fbb4-489e-818e-ae698f57f50b [3mplatform[0m[2m=[0mKalshi [3mbid[0m[2m=[0m0.5500 [3mask[0m[2m=[0m0.5600 [3mmid[0m[2m=[0m0.5550 [3mbid_size[0m[2m=[0m400.00 [3mask_size[0m[2m=[0m62.12
[2m2026-04-12T20:32:14.933950Z[0m [33m WARN[0m [2mmercury::risk::circuit_breaker[0m[2m:[0m Circuit breakers tripped [3mcount[0m[2m=[0m1
[2m2026-04-12T20:32:14.934053Z[0m [33m WARN[0m [2mmercury::engine::market_actor[0m[2m:[0m Opportunity BLOCKED by circuit breakers [3mopp_id[0m[2m=[0me6fd6edd-b75c-44bc-b61d-181f2346047e [3mmarket_id[0m[2m=[0m631deb8c-fbb4-489e-818e-ae698f57f50b [3mapproved_size[0m[2m=[0m62
[2m2026-04-12T20:32:14.934056Z[0m [34mDEBUG[0m [2mmercury::engine::spread[0m[2m:[0m Evaluated spread direction 2 [3mmarket_id[0m[2m=[0m631deb8c-fbb4-489e-818e-ae698f57f50b [3mdirection[0m[2m=[0m"NO-A/YES-B" [3mraw_spread[0m[2m=[0m-0.0600 [3mbid_a[0m[2m=[0m0.5500 [3mask_b[0m[2m=[0m0.61
[2m2026-04-12T20:32:14.934251Z[0m [32m INFO[0m [2mmercury::engine::detector[0m[2m:[0m ARB OPPORTUNITY DETECTED — passing to execution pipeline [3mmarket_id[0m[2m=[0m631deb8c-fbb4-489e-818e-ae698f57f50b [3mnet_spread[0m[2m=[0m0.027684987121699935608499678 [3mraw_spread[0m[2m=[0m0.0400 [3mscore[0m[2m=[0m0.1143131943570185940798793159 [3mleg_a[0m[2m=[0mKalshi [3mleg_b[0m[2m=[0mPolymarket [3mleg_a_price[0m[2m=[0m0.5600 [3mleg_b_price[0m[2m=[0m0.4 [3mavailable_size[0m[2m=[0m62.12
[2m2026-04-12T20:32:14.934508Z[0m [34mDEBUG[0m [2mmercury::engine::market_actor[0m[2m:[0m Tick received — running arb detection [3mmarket_id[0m[2m=[0m631deb8c-fbb4-489e-818e-ae698f57f50b [3mplatform[0m[2m=[0mKalshi [3mbid[0m[2m=[0m0.5500 [3mask[0m[2m=[0m0.5600 [3mmid[0m[2m=[0m0.5550 [3mbid_size[0m[2m=[0m400.00 [3mask_size[0m[2m=[0m62.12
[2m2026-04-12T20:32:14.934593Z[0m [33m WARN[0m [2mmercury::risk::circuit_breaker[0m[2m:[0m Circuit breakers tripped [3mcount[0m[2m=[0m1
[2m2026-04-12T20:32:14.934661Z[0m [34mDEBUG[0m [2mmercury::engine::spread[0m[2m:[0m Evaluated spread direction 2 [3mmarket_id[0m[2m=[0m631deb8c-fbb4-489e-818e-ae698f57f50b [3mdirection[0m[2m=[0m"NO-A/YES-B" [3mraw_spread[0m[2m=[0m-0.0600 [3mbid_a[0m[2m=[0m0.5500 [3mask_b[0m[2m=[0m0.61
[2m2026-04-12T20:32:14.934673Z[0m [33m WARN[0m [2mmercury::engine::market_actor[0m[2m:[0m Opportunity BLOCKED by circuit breakers [3mopp_id[0m[2m=[0m68c6aacf-9cc1-479b-b689-8edd6cfecd37 [3mmarket_id[0m[2m=[0m631deb8c-fbb4-489e-818e-ae698f57f50b [3mapproved_size[0m[2m=[0m62
[2m2026-04-12T20:32:14.934801Z[0m [32m INFO[0m [2mmercury::engine::detector[0m[2m:[0m ARB OPPORTUNITY DETECTED — passing to execution pipeline [3mmarket_id[0m[2m=[0m631deb8c-fbb4-489e-818e-ae698f57f50b [3mnet_spread[0m[2m=[0m0.027684987121699935608499678 [3mraw_spread[0m[2m=[0m0.0400 [3mscore[0m[2m=[0m0.1143131943570185940798793159 [3mleg_a[0m[2m=[0mKalshi [3mleg_b[0m[2m=[0mPolymarket [3mleg_a_price[0m[2m=[0m0.5600 [3mleg_b_price[0m[2m=[0m0.4 [3mavailable_size[0m[2m=[0m62.12
[2m2026-04-12T20:32:14.935021Z[0m [33m WARN[0m [2mmercury::risk::circuit_breaker[0m[2m:[0m Circuit breakers tripped [3mcount[0m[2m=[0m1
[2m2026-04-12T20:32:14.935094Z[0m [33m WARN[0m [2mmercury::engine::market_actor[0m[2m:[0m Opportunity BLOCKED by circuit breakers [3mopp_id[0m[2m=[0ma12ea918-fb8f-44dd-94b6-79a81d0b9262 [3mmarket_id[0m[2m=[0m631deb8c-fbb4-489e-818e-ae698f57f50b [3mapproved_size[0m[2m=[0m62
[2m2026-04-12T20:32:14.935160Z[0m [33m WARN[0m [2mmercury::risk::circuit_breaker[0m[2m:[0m Circuit breakers tripped [3mcount[0m[2m=[0m1
[2m2026-04-12T20:32:14.935247Z[0m [33m WARN[0m [2mmercury::engine::market_actor[0m[2m:[0m Opportunity BLOCKED by circuit breakers [3mopp_id[0m[2m=[0md5325f03-acfd-4ac0-8076-4fa4ea4e9ec1 [3mmarket_id[0m[2m=[0m631deb8c-fbb4-489e-818e-ae698f57f50b [3mapproved_size[0m[2m=[0m62
[2m2026-04-12T20:32:14.942702Z[0m [34mDEBUG[0m [2mmercury::engine::market_actor[0m[2m:[0m Tick received — running arb detection [3mmarket_id[0m[2m=[0m631deb8c-fbb4-489e-818e-ae698f57f50b [3mplatform[0m[2m=[0mPolymarket [3mbid[0m[2m=[0m0.6 [3mask[0m[2m=[0m0.61 [3mmid[0m[2m=[0m0.6050 [3mbid_size[0m[2m=[0m68.89 [3mask_size[0m[2m=[0m5
[2m2026-04-12T20:32:14.943044Z[0m [34mDEBUG[0m [2mmercury::engine::spread[0m[2m:[0m Evaluated spread direction 2 [3mmarket_id[0m[2m=[0m631deb8c-fbb4-489e-818e-ae698f57f50b [3mdirection[0m[2m=[0m"NO-A/YES-B" [3mraw_spread[0m[2m=[0m-0.0600 [3mbid_a[0m[2m=[0m0.5500 [3mask_b[0m[2m=[0m0.61
[2m2026-04-12T20:32:14.943327Z[0m [32m INFO[0m [2mmercury::engine::detector[0m[2m:[0m ARB OPPORTUNITY DETECTED — passing to execution pipeline [3mmarket_id[0m[2m=[0m631deb8c-fbb4-489e-818e-ae698f57f50b [3mnet_spread[0m[2m=[0m0.027684987121699935608499678 [3mraw_spread[0m[2m=[0m0.0400 [3mscore[0m[2m=[0m0.1143131943570185940798793159 [3mleg_a[0m[2m=[0mKalshi [3mleg_b[0m[2m=[0mPolymarket [3mleg_a_price[0m[2m=[0m0.5600 [3mleg_b_price[0m[2m=[0m0.4 [3mavailable_size[0m[2m=[0m62.12
[2m2026-04-12T20:32:14.943658Z[0m [34mDEBUG[0m [2mmercury::engine::market_actor[0m[2m:[0m Tick received — running arb detection [3mmarket_id[0m[2m=[0m631deb8c-fbb4-489e-818e-ae698f57f50b [3mplatform[0m[2m=[0mPolymarket [3mbid[0m[2m=[0m0.6 [3mask[0m[2m=[0m0.61 [3mmid[0m[2m=[0m0.6050 [3mbid_size[0m[2m=[0m68.89 [3mask_size[0m[2m=[0m5
[2m2026-04-12T20:32:14.943857Z[0m [34mDEBUG[0m [2mmercury::engine::spread[0m[2m:[0m Evaluated spread direction 2 [3mmarket_id[0m[2m=[0m631deb8c-fbb4-489e-818e-ae698f57f50b [3mdirection[0m[2m=[0m"NO-A/YES-B" [3mraw_spread[0m[2m=[0m-0.0600 [3mbid_a[0m[2m=[0m0.5500 [3mask_b[0m[2m=[0m0.61
[2m2026-04-12T20:32:14.944033Z[0m [32m INFO[0m [2mmercury::engine::detector[0m[2m:[0m ARB OPPORTUNITY DETECTED — passing to execution pipeline [3mmarket_id[0m[2m=[0m631deb8c-fbb4-489e-818e-ae698f57f50b [3mnet_spread[0m[2m=[0m0.027684987121699935608499678 [3mraw_spread[0m[2m=[0m0.0400 [3mscore[0m[2m=[0m0.1143131943570185940798793159 [3mleg_a[0m[2m=[0mKalshi [3mleg_b[0m[2m=[0mPolymarket [3mleg_a_price[0m[2m=[0m0.5600 [3mleg_b_price[0m[2m=[0m0.4 [3mavailable_size[0m[2m=[0m62.12
[2m2026-04-12T20:32:14.944284Z[0m [34mDEBUG[0m [2mmercury::engine::market_actor[0m[2m:[0m Tick received — running arb detection [3mmarket_id[0m[2m=[0m631deb8c-fbb4-489e-818e-ae698f57f50b [3mplatform[0m[2m=[0mKalshi [3mbid[0m[2m=[0m0.5500 [3mask[0m[2m=[0m0.5600 [3mmid[0m[2m=[0m0.5550 [3mbid_size[0m[2m=[0m400.00 [3mask_size[0m[2m=[0m62.12
[2m2026-04-12T20:32:14.944398Z[0m [33m WARN[0m [2mmercury::risk::circuit_breaker[0m[2m:[0m Circuit breakers tripped [3mcount[0m[2m=[0m1
[2m2026-04-12T20:32:14.944484Z[0m [34mDEBUG[0m [2mmercury::engine::spread[0m[2m:[0m Evaluated spread direction 2 [3mmarket_id[0m[2m=[0m631deb8c-fbb4-489e-818e-ae698f57f50b [3mdirection[0m[2m=[0m"NO-A/YES-B" [3mraw_spread[0m[2m=[0m-0.0600 [3mbid_a[0m[2m=[0m0.5500 [3mask_b[0m[2m=[0m0.61
[2m2026-04-12T20:32:14.944503Z[0m [33m WARN[0m [2mmercury::engine::market_actor[0m[2m:[0m Opportunity BLOCKED by circuit breakers [3mopp_id[0m[2m=[0m7dc12ca3-1c09-443b-91f7-6f1dc637bb99 [3mmarket_id[0m[2m=[0m631deb8c-fbb4-489e-818e-ae698f57f50b [3mapproved_size[0m[2m=[0m62
[2m2026-04-12T20:32:14.944666Z[0m [32m INFO[0m [2mmercury::engine::detector[0m[2m:[0m ARB OPPORTUNITY DETECTED — passing to execution pipeline [3mmarket_id[0m[2m=[0m631deb8c-fbb4-489e-818e-ae698f57f50b [3mnet_spread[0m[2m=[0m0.027684987121699935608499678 [3mraw_spread[0m[2m=[0m0.0400 [3mscore[0m[2m=[0m0.1143131943570185940798793159 [3mleg_a[0m[2m=[0mKalshi [3mleg_b[0m[2m=[0mPolymarket [3mleg_a_price[0m[2m=[0m0.5600 [3mleg_b_price[0m[2m=[0m0.4 [3mavailable_size[0m[2m=[0m62.12
[2m2026-04-12T20:32:14.944952Z[0m [33m WARN[0m [2mmercury::risk::circuit_breaker[0m[2m:[0m Circuit breakers tripped [3mcount[0m[2m=[0m1
[2m2026-04-12T20:32:14.945046Z[0m [33m WARN[0m [2mmercury::engine::market_actor[0m[2m:[0m Opportunity BLOCKED by circuit breakers [3mopp_id[0m[2m=[0m658babcb-9d52-4741-af92-afe74095bbc9 [3mmarket_id[0m[2m=[0m631deb8c-fbb4-489e-818e-ae698f57f50b [3mapproved_size[0m[2m=[0m62
[2m2026-04-12T20:32:14.945111Z[0m [33m WARN[0m [2mmercury::risk::circuit_breaker[0m[2m:[0m Circuit breakers tripped [3mcount[0m[2m=[0m1
[2m2026-04-12T20:32:14.945218Z[0m [33m WARN[0m [2mmercury::engine::market_actor[0m[2m:[0m Opportunity BLOCKED by circuit breakers [3mopp_id[0m[2m=[0m1c7e4297-4aba-4363-865c-ae56c8938093 [3mmarket_id[0m[2m=[0m631deb8c-fbb4-489e-818e-ae698f57f50b [3mapproved_size[0m[2m=[0m62
[2m2026-04-12T20:32:15.000124Z[0m [34mDEBUG[0m [2mmercury::engine::market_actor[0m[2m:[0m Tick received — running arb detection [3mmarket_id[0m[2m=[0m9046452d-bcb3-4bb8-8925-8924b7439992 [3mplatform[0m[2m=[0mPolymarket [3mbid[0m[2m=[0m0.49 [3mask[0m[2m=[0m0.5 [3mmid[0m[2m=[0m0.4950 [3mbid_size[0m[2m=[0m7.2 [3mask_size[0m[2m=[0m129.15
[2m2026-04-12T20:32:15.000363Z[0m [34mDEBUG[0m [2mmercury::engine::market_actor[0m[2m:[0m Tick received — running arb detection [3mmarket_id[0m[2m=[0m79e1f598-7189-438f-a66e-b184b04be477 [3mplatform[0m[2m=[0mPolymarket [3mbid[0m[2m=[0m0.45 [3mask[0m[2m=[0m0.46 [3mmid[0m[2m=[0m0.4550 [3mbid_size[0m[2m=[0m16.67 [3mask_size[0m[2m=[0m45
[2m2026-04-12T20:32:15.000497Z[0m [34mDEBUG[0m [2mmercury::engine::market_actor[0m[2m:[0m Tick received — running arb detection [3mmarket_id[0m[2m=[0m2b958b37-9921-40b8-b22d-64a67138ae70 [3mplatform[0m[2m=[0mPolymarket [3mbid[0m[2m=[0m0.59 [3mask[0m[2m=[0m0.61 [3mmid[0m[2m=[0m0.60 [3mbid_size[0m[2m=[0m6.72 [3mask_size[0m[2m=[0m12.21
[2m2026-04-12T20:32:15.000691Z[0m [34mDEBUG[0m [2mmercury::engine::market_actor[0m[2m:[0m Tick received — running arb detection [3mmarket_id[0m[2m=[0m2b958b37-9921-40b8-b22d-64a67138ae70 [3mplatform[0m[2m=[0mPolymarket [3mbid[0m[2m=[0m0.59 [3mask[0m[2m=[0m0.61 [3mmid[0m[2m=[0m0.60 [3mbid_size[0m[2m=[0m6.72 [3mask_size[0m[2m=[0m12.21
[2m2026-04-12T20:32:15.000890Z[0m [34mDEBUG[0m [2mmercury::engine::market_actor[0m[2m:[0m Tick received — running arb detection [3mmarket_id[0m[2m=[0m9046452d-bcb3-4bb8-8925-8924b7439992 [3mplatform[0m[2m=[0mPolymarket [3mbid[0m[2m=[0m0.49 [3mask[0m[2m=[0m0.5 [3mmid[0m[2m=[0m0.4950 [3mbid_size[0m[2m=[0m7.2 [3mask_size[0m[2m=[0m129.15
[2m2026-04-12T20:32:15.007758Z[0m [34mDEBUG[0m [2mmercury::engine::market_actor[0m[2m:[0m Tick received — running arb detection [3mmarket_id[0m[2m=[0m631deb8c-fbb4-489e-818e-ae698f57f50b [3mplatform[0m[2m=[0mPolymarket [3mbid[0m[2m=[0m0.6 [3mask[0m[2m=[0m0.61 [3mmid[0m[2m=[0m0.6050 [3mbid_size[0m[2m=[0m68.89 [3mask_size[0m[2m=[0m5
[2m2026-04-12T20:32:15.008108Z[0m [34mDEBUG[0m [2mmercury::engine::spread[0m[2m:[0m Evaluated spread direction 2 [3mmarket_id[0m[2m=[0m631deb8c-fbb4-489e-818e-ae698f57f50b [3mdirection[0m[2m=[0m"NO-A/YES-B" [3mraw_spread[0m[2m=[0m-0.0600 [3mbid_a[0m[2m=[0m0.5500 [3mask_b[0m[2m=[0m0.61
[2m2026-04-12T20:32:15.008305Z[0m [32m INFO[0m [2mmercury::engine::detector[0m[2m:[0m ARB OPPORTUNITY DETECTED — passing to execution pipeline [3mmarket_id[0m[2m=[0m631deb8c-fbb4-489e-818e-ae698f57f50b [3mnet_spread[0m[2m=[0m0.027684987121699935608499678 [3mraw_spread[0m[2m=[0m0.0400 [3mscore[0m[2m=[0m0.1143131943570185940798793159 [3mleg_a[0m[2m=[0mKalshi [3mleg_b[0m[2m=[0mPolymarket [3mleg_a_price[0m[2m=[0m0.5600 [3mleg_b_price[0m[2m=[0m0.4 [3mavailable_size[0m[2m=[0m62.12
[2m2026-04-12T20:32:15.008564Z[0m [34mDEBUG[0m [2mmercury::engine::market_actor[0m[2m:[0m Tick received — running arb detection [3mmarket_id[0m[2m=[0m631deb8c-fbb4-489e-818e-ae698f57f50b [3mplatform[0m[2m=[0mPolymarket [3mbid[0m[2m=[0m0.6 [3mask[0m[2m=[0m0.61 [3mmid[0m[2m=[0m0.6050 [3mbid_size[0m[2m=[0m68.89 [3mask_size[0m[2m=[0m5
[2m2026-04-12T20:32:15.008762Z[0m [34mDEBUG[0m [2mmercury::engine::spread[0m[2m:[0m Evaluated spread direction 2 [3mmarket_id[0m[2m=[0m631deb8c-fbb4-489e-818e-ae698f57f50b [3mdirection[0m[2m=[0m"NO-A/YES-B" [3mraw_spread[0m[2m=[0m-0.0600 [3mbid_a[0m[2m=[0m0.5500 [3mask_b[0m[2m=[0m0.61
[2m2026-04-12T20:32:15.008938Z[0m [32m INFO[0m [2mmercury::engine::detector[0m[2m:[0m ARB OPPORTUNITY DETECTED — passing to execution pipeline [3mmarket_id[0m[2m=[0m631deb8c-fbb4-489e-818e-ae698f57f50b [3mnet_spread[0m[2m=[0m0.027684987121699935608499678 [3mraw_spread[0m[2m=[0m0.0400 [3mscore[0m[2m=[0m0.1143131943570185940798793159 [3mleg_a[0m[2m=[0mKalshi [3mleg_b[0m[2m=[0mPolymarket [3mleg_a_price[0m[2m=[0m0.5600 [3mleg_b_price[0m[2m=[0m0.4 [3mavailable_size[0m[2m=[0m62.12
[2m2026-04-12T20:32:15.009197Z[0m [34mDEBUG[0m [2mmercury::engine::market_actor[0m[2m:[0m Tick received — running arb detection [3mmarket_id[0m[2m=[0m631deb8c-fbb4-489e-818e-ae698f57f50b [3mplatform[0m[2m=[0mPolymarket [3mbid[0m[2m=[0m0.6 [3mask[0m[2m=[0m0.61 [3mmid[0m[2m=[0m0.6050 [3mbid_size[0m[2m=[0m68.89 [3mask_size[0m[2m=[0m5
[2m2026-04-12T20:32:15.009301Z[0m [33m WARN[0m [2mmercury::risk::circuit_breaker[0m[2m:[0m Circuit breakers tripped [3mcount[0m[2m=[0m1
[2m2026-04-12T20:32:15.009388Z[0m [34mDEBUG[0m [2mmercury::engine::spread[0m[2m:[0m Evaluated spread direction 2 [3mmarket_id[0m[2m=[0m631deb8c-fbb4-489e-818e-ae698f57f50b [3mdirection[0m[2m=[0m"NO-A/YES-B" [3mraw_spread[0m[2m=[0m-0.0600 [3mbid_a[0m[2m=[0m0.5500 [3mask_b[0m[2m=[0m0.61
[2m2026-04-12T20:32:15.009411Z[0m [33m WARN[0m [2mmercury::engine::market_actor[0m[2m:[0m Opportunity BLOCKED by circuit breakers [3mopp_id[0m[2m=[0m38717152-34c3-4630-8b7d-5169b229c859 [3mmarket_id[0m[2m=[0m631deb8c-fbb4-489e-818e-ae698f57f50b [3mapproved_size[0m[2m=[0m62
[2m2026-04-12T20:32:15.009565Z[0m [32m INFO[0m [2mmercury::engine::detector[0m[2m:[0m ARB OPPORTUNITY DETECTED — passing to execution pipeline [3mmarket_id[0m[2m=[0m631deb8c-fbb4-489e-818e-ae698f57f50b [3mnet_spread[0m[2m=[0m0.027684987121699935608499678 [3mraw_spread[0m[2m=[0m0.0400 [3mscore[0m[2m=[0m0.1143131943570185940798793159 [3mleg_a[0m[2m=[0mKalshi [3mleg_b[0m[2m=[0mPolymarket [3mleg_a_price[0m[2m=[0m0.5600 [3mleg_b_price[0m[2m=[0m0.4 [3mavailable_size[0m[2m=[0m62.12
[2m2026-04-12T20:32:15.009821Z[0m [34mDEBUG[0m [2mmercury::engine::market_actor[0m[2m:[0m Tick received — running arb detection [3mmarket_id[0m[2m=[0m631deb8c-fbb4-489e-818e-ae698f57f50b [3mplatform[0m[2m=[0mPolymarket [3mbid[0m[2m=[0m0.6 [3mask[0m[2m=[0m0.61 [3mmid[0m[2m=[0m0.6050 [3mbid_size[0m[2m=[0m68.89 [3mask_size[0m[2m=[0m5
[2m2026-04-12T20:32:15.009917Z[0m [33m WARN[0m [2mmercury::risk::circuit_breaker[0m[2m:[0m Circuit breakers tripped [3mcount[0m[2m=[0m1
[2m2026-04-12T20:32:15.010009Z[0m [34mDEBUG[0m [2mmercury::engine::spread[0m[2m:[0m Evaluated spread direction 2 [3mmarket_id[0m[2m=[0m631deb8c-fbb4-489e-818e-ae698f57f50b [3mdirection[0m[2m=[0m"NO-A/YES-B" [3mraw_spread[0m[2m=[0m-0.0600 [3mbid_a[0m[2m=[0m0.5500 [3mask_b[0m[2m=[0m0.61
[2m2026-04-12T20:32:15.010020Z[0m [33m WARN[0m [2mmercury::engine::market_actor[0m[2m:[0m Opportunity BLOCKED by circuit breakers [3mopp_id[0m[2m=[0m6cd24ec3-88cf-4e30-8a4f-a8a581fa76fa [3mmarket_id[0m[2m=[0m631deb8c-fbb4-489e-818e-ae698f57f50b [3mapproved_size[0m[2m=[0m62
[2m2026-04-12T20:32:15.010190Z[0m [32m INFO[0m [2mmercury::engine::detector[0m[2m:[0m ARB OPPORTUNITY DETECTED — passing to execution pipeline [3mmarket_id[0m[2m=[0m631deb8c-fbb4-489e-818e-ae698f57f50b [3mnet_spread[0m[2m=[0m0.027684987121699935608499678 [3mraw_spread[0m[2m=[0m0.0400 [3mscore[0m[2m=[0m0.1143131943570185940798793159 [3mleg_a[0m[2m=[0mKalshi [3mleg_b[0m[2m=[0mPolymarket [3mleg_a_price[0m[2m=[0m0.5600 [3mleg_b_price[0m[2m=[0m0.4 [3mavailable_size[0m[2m=[0m62.12
[2m2026-04-12T20:32:15.010486Z[0m [33m WARN[0m [2mmercury::risk::circuit_breaker[0m[2m:[0m Circuit breakers tripped [3mcount[0m[2m=[0m1
[2m2026-04-12T20:32:15.010560Z[0m [33m WARN[0m [2mmercury::engine::market_actor[0m[2m:[0m Opportunity BLOCKED by circuit breakers [3mopp_id[0m[2m=[0mbb023225-3aa3-4d96-abc1-69338ec6000c [3mmarket_id[0m[2m=[0m631deb8c-fbb4-489e-818e-ae698f57f50b [3mapproved_size[0m[2m=[0m62
[2m2026-04-12T20:32:15.010620Z[0m [33m WARN[0m [2mmercury::risk::circuit_breaker[0m[2m:[0m Circuit breakers tripped [3mcount[0m[2m=[0m1
[2m2026-04-12T20:32:15.010706Z[0m [33m WARN[0m [2mmercury::engine::market_actor[0m[2m:[0m Opportunity BLOCKED by circuit breakers [3mopp_id[0m[2m=[0m65aa21ba-2b1d-472c-96fd-397b8c38d9ac [3mmarket_id[0m[2m=[0m631deb8c-fbb4-489e-818e-ae698f57f50b [3mapproved_size[0m[2m=[0m62
[2m2026-04-12T20:32:15.045085Z[0m [34mDEBUG[0m [2mmercury::engine::market_actor[0m[2m:[0m Tick received — running arb detection [3mmarket_id[0m[2m=[0ma5a7da9a-b993-4c2a-80bc-cbc1d3c50971 [3mplatform[0m[2m=[0mPolymarket [3mbid[0m[2m=[0m0.49 [3mask[0m[2m=[0m0.5 [3mmid[0m[2m=[0m0.4950 [3mbid_size[0m[2m=[0m489.41 [3mask_size[0m[2m=[0m4406.05
[2m2026-04-12T20:32:15.045098Z[0m [34mDEBUG[0m [2mmercury::engine::market_actor[0m[2m:[0m Tick received — running arb detection [3mmarket_id[0m[2m=[0m2b958b37-9921-40b8-b22d-64a67138ae70 [3mplatform[0m[2m=[0mPolymarket [3mbid[0m[2m=[0m0.59 [3mask[0m[2m=[0m0.61 [3mmid[0m[2m=[0m0.60 [3mbid_size[0m[2m=[0m6.72 [3mask_size[0m[2m=[0m12.21
[2m2026-04-12T20:32:15.045157Z[0m [34mDEBUG[0m [2mmercury::engine::market_actor[0m[2m:[0m Tick received — running arb detection [3mmarket_id[0m[2m=[0m79e1f598-7189-438f-a66e-b184b04be477 [3mplatform[0m[2m=[0mPolymarket [3mbid[0m[2m=[0m0.45 [3mask[0m[2m=[0m0.46 [3mmid[0m[2m=[0m0.4550 [3mbid_size[0m[2m=[0m16.67 [3mask_size[0m[2m=[0m45
[2m2026-04-12T20:32:15.045167Z[0m [34mDEBUG[0m [2mmercury::engine::market_actor[0m[2m:[0m Tick received — running arb detection [3mmarket_id[0m[2m=[0m631deb8c-fbb4-489e-818e-ae698f57f50b [3mplatform[0m[2m=[0mPolymarket [3mbid[0m[2m=[0m0.6 [3mask[0m[2m=[0m0.61 [3mmid[0m[2m=[0m0.6050 [3mbid_size[0m[2m=[0m68.89 [3mask_size[0m[2m=[0m5
[2m2026-04-12T20:32:15.045351Z[0m [34mDEBUG[0m [2mmercury::engine::spread[0m[2m:[0m Evaluated spread direction 2 [3mmarket_id[0m[2m=[0m631deb8c-fbb4-489e-818e-ae698f57f50b [3mdirection[0m[2m=[0m"NO-A/YES-B" [3mraw_spread[0m[2m=[0m-0.0600 [3mbid_a[0m[2m=[0m0.5500 [3mask_b[0m[2m=[0m0.61
[2m2026-04-12T20:32:15.045455Z[0m [32m INFO[0m [2mmercury::engine::detector[0m[2m:[0m ARB OPPORTUNITY DETECTED — passing to execution pipeline [3mmarket_id[0m[2m=[0m631deb8c-fbb4-489e-818e-ae698f57f50b [3mnet_spread[0m[2m=[0m0.027684987121699935608499678 [3mraw_spread[0m[2m=[0m0.0400 [3mscore[0m[2m=[0m0.1143131943570185940798793159 [3mleg_a[0m[2m=[0mKalshi [3mleg_b[0m[2m=[0mPolymarket [3mleg_a_price[0m[2m=[0m0.5600 [3mleg_b_price[0m[2m=[0m0.4 [3mavailable_size[0m[2m=[0m62.12
[2m2026-04-12T20:32:15.045616Z[0m [33m WARN[0m [2mmercury::risk::circuit_breaker[0m[2m:[0m Circuit breakers tripped [3mcount[0m[2m=[0m1
[2m2026-04-12T20:32:15.045667Z[0m [33m WARN[0m [2mmercury::engine::market_actor[0m[2m:[0m Opportunity BLOCKED by circuit breakers [3mopp_id[0m[2m=[0mef8487fe-fed6-4c29-ae12-aa0a044acd50 [3mmarket_id[0m[2m=[0m631deb8c-fbb4-489e-818e-ae698f57f50b [3mapproved_size[0m[2m=[0m62
[2m2026-04-12T20:32:15.048837Z[0m [34mDEBUG[0m [2mmercury::engine::market_actor[0m[2m:[0m Tick received — running arb detection [3mmarket_id[0m[2m=[0m9046452d-bcb3-4bb8-8925-8924b7439992 [3mplatform[0m[2m=[0mPolymarket [3mbid[0m[2m=[0m0.49 [3mask[0m[2m=[0m0.5 [3mmid[0m[2m=[0m0.4950 [3mbid_size[0m[2m=[0m7.2 [3mask_size[0m[2m=[0m129.15
[2m2026-04-12T20:32:15.048898Z[0m [34mDEBUG[0m [2mmercury::engine::market_actor[0m[2m:[0m Tick received — running arb detection [3mmarket_id[0m[2m=[0m631deb8c-fbb4-489e-818e-ae698f57f50b [3mplatform[0m[2m=[0mPolymarket [3mbid[0m[2m=[0m0.6 [3mask[0m[2m=[0m0.61 [3mmid[0m[2m=[0m0.6050 [3mbid_size[0m[2m=[0m68.89 [3mask_size[0m[2m=[0m5
[2m2026-04-12T20:32:15.048953Z[0m [34mDEBUG[0m [2mmercury::engine::market_actor[0m[2m:[0m Tick received — running arb detection [3mmarket_id[0m[2m=[0m9046452d-bcb3-4bb8-8925-8924b7439992 [3mplatform[0m[2m=[0mPolymarket [3mbid[0m[2m=[0m0.49 [3mask[0m[2m=[0m0.5 [3mmid[0m[2m=[0m0.4950 [3mbid_size[0m[2m=[0m7.2 [3mask_size[0m[2m=[0m129.15
[2m2026-04-12T20:32:15.048956Z[0m [34mDEBUG[0m [2mmercury::engine::market_actor[0m[2m:[0m Tick received — running arb detection [3mmarket_id[0m[2m=[0m2b958b37-9921-40b8-b22d-64a67138ae70 [3mplatform[0m[2m=[0mPolymarket [3mbid[0m[2m=[0m0.59 [3mask[0m[2m=[0m0.61 [3mmid[0m[2m=[0m0.60 [3mbid_size[0m[2m=[0m6.72 [3mask_size[0m[2m=[0m12.21
[2m2026-04-12T20:32:15.049021Z[0m [34mDEBUG[0m [2mmercury::engine::spread[0m[2m:[0m Evaluated spread direction 2 [3mmarket_id[0m[2m=[0m631deb8c-fbb4-489e-818e-ae698f57f50b [3mdirection[0m[2m=[0m"NO-A/YES-B" [3mraw_spread[0m[2m=[0m-0.0600 [3mbid_a[0m[2m=[0m0.5500 [3mask_b[0m[2m=[0m0.61
[2m2026-04-12T20:32:15.049119Z[0m [32m INFO[0m [2mmercury::engine::detector[0m[2m:[0m ARB OPPORTUNITY DETECTED — passing to execution pipeline [3mmarket_id[0m[2m=[0m631deb8c-fbb4-489e-818e-ae698f57f50b [3mnet_spread[0m[2m=[0m0.027684987121699935608499678 [3mraw_spread[0m[2m=[0m0.0400 [3mscore[0m[2m=[0m0.1143131943570185940798793159 [3mleg_a[0m[2m=[0mKalshi [3mleg_b[0m[2m=[0mPolymarket [3mleg_a_price[0m[2m=[0m0.5600 [3mleg_b_price[0m[2m=[0m0.4 [3mavailable_size[0m[2m=[0m62.12
[2m2026-04-12T20:32:15.049269Z[0m [33m WARN[0m [2mmercury::risk::circuit_breaker[0m[2m:[0m Circuit breakers tripped [3mcount[0m[2m=[0m1
[2m2026-04-12T20:32:15.049317Z[0m [33m WARN[0m [2mmercury::engine::market_actor[0m[2m:[0m Opportunity BLOCKED by circuit breakers [3mopp_id[0m[2m=[0m065cbb55-c10a-449f-9812-ac3cfbb1975b [3mmarket_id[0m[2m=[0m631deb8c-fbb4-489e-818e-ae698f57f50b [3mapproved_size[0m[2m=[0m62
[2m2026-04-12T20:32:15.060399Z[0m [34mDEBUG[0m [2mmercury::engine::market_actor[0m[2m:[0m Tick received — running arb detection [3mmarket_id[0m[2m=[0m631deb8c-fbb4-489e-818e-ae698f57f50b [3mplatform[0m[2m=[0mPolymarket [3mbid[0m[2m=[0m0.6 [3mask[0m[2m=[0m0.61 [3mmid[0m[2m=[0m0.6050 [3mbid_size[0m[2m=[0m68.89 [3mask_size[0m[2m=[0m5
[2m2026-04-12T20:32:15.060551Z[0m [34mDEBUG[0m [2mmercury::engine::spread[0m[2m:[0m Evaluated spread direction 2 [3mmarket_id[0m[2m=[0m631deb8c-fbb4-489e-818e-ae698f57f50b [3mdirection[0m[2m=[0m"NO-A/YES-B" [3mraw_spread[0m[2m=[0m-0.0600 [3mbid_a[0m[2m=[0m0.5500 [3mask_b[0m[2m=[0m0.61
[2m2026-04-12T20:32:15.060649Z[0m [32m INFO[0m [2mmercury::engine::detector[0m[2m:[0m ARB OPPORTUNITY DETECTED — passing to execution pipeline [3mmarket_id[0m[2m=[0m631deb8c-fbb4-489e-818e-ae698f57f50b [3mnet_spread[0m[2m=[0m0.027684987121699935608499678 [3mraw_spread[0m[2m=[0m0.0400 [3mscore[0m[2m=[0m0.1143131943570185940798793159 [3mleg_a[0m[2m=[0mKalshi [3mleg_b[0m[2m=[0mPolymarket [3mleg_a_price[0m[2m=[0m0.5600 [3mleg_b_price[0m[2m=[0m0.4 [3mavailable_size[0m[2m=[0m62.12
[2m2026-04-12T20:32:15.060780Z[0m [34mDEBUG[0m [2mmercury::engine::market_actor[0m[2m:[0m Tick received — running arb detection [3mmarket_id[0m[2m=[0m631deb8c-fbb4-489e-818e-ae698f57f50b [3mplatform[0m[2m=[0mPolymarket [3mbid[0m[2m=[0m0.6 [3mask[0m[2m=[0m0.61 [3mmid[0m[2m=[0m0.6050 [3mbid_size[0m[2m=[0m68.89 [3mask_size[0m[2m=[0m5
[2m2026-04-12T20:32:15.060875Z[0m [34mDEBUG[0m [2mmercury::engine::spread[0m[2m:[0m Evaluated spread direction 2 [3mmarket_id[0m[2m=[0m631deb8c-fbb4-489e-818e-ae698f57f50b [3mdirection[0m[2m=[0m"NO-A/YES-B" [3mraw_spread[0m[2m=[0m-0.0600 [3mbid_a[0m[2m=[0m0.5500 [3mask_b[0m[2m=[0m0.61
[2m2026-04-12T20:32:15.060961Z[0m [32m INFO[0m [2mmercury::engine::detector[0m[2m:[0m ARB OPPORTUNITY DETECTED — passing to execution pipeline [3mmarket_id[0m[2m=[0m631deb8c-fbb4-489e-818e-ae698f57f50b [3mnet_spread[0m[2m=[0m0.027684987121699935608499678 [3mraw_spread[0m[2m=[0m0.0400 [3mscore[0m[2m=[0m0.1143131943570185940798793159 [3mleg_a[0m[2m=[0mKalshi [3mleg_b[0m[2m=[0mPolymarket [3mleg_a_price[0m[2m=[0m0.5600 [3mleg_b_price[0m[2m=[0m0.4 [3mavailable_size[0m[2m=[0m62.12
[2m2026-04-12T20:32:15.061110Z[0m [33m WARN[0m [2mmercury::risk::circuit_breaker[0m[2m:[0m Circuit breakers tripped [3mcount[0m[2m=[0m1
[2m2026-04-12T20:32:15.061158Z[0m [33m WARN[0m [2mmercury::engine::market_actor[0m[2m:[0m Opportunity BLOCKED by circuit breakers [3mopp_id[0m[2m=[0m49d24a0a-962c-43f5-9fd9-1258e71280b1 [3mmarket_id[0m[2m=[0m631deb8c-fbb4-489e-818e-ae698f57f50b [3mapproved_size[0m[2m=[0m62
[2m2026-04-12T20:32:15.061165Z[0m [33m WARN[0m [2mmercury::risk::circuit_breaker[0m[2m:[0m Circuit breakers tripped [3mcount[0m[2m=[0m1
[2m2026-04-12T20:32:15.061225Z[0m [33m WARN[0m [2mmercury::engine::market_actor[0m[2m:[0m Opportunity BLOCKED by circuit breakers [3mopp_id[0m[2m=[0mb446b37b-6953-44c2-97f9-550f9970223d [3mmarket_id[0m[2m=[0m631deb8c-fbb4-489e-818e-ae698f57f50b [3mapproved_size[0m[2m=[0m62
[2m2026-04-12T20:32:15.091384Z[0m [32m INFO[0m [2mmercury::feeds::discovery[0m[2m:[0m Polymarket general markets fetched [3mcount[0m[2m=[0m63
[2m2026-04-12T20:32:15.124029Z[0m [34mDEBUG[0m [2mmercury::engine::market_actor[0m[2m:[0m Tick received — running arb detection [3mmarket_id[0m[2m=[0m631deb8c-fbb4-489e-818e-ae698f57f50b [3mplatform[0m[2m=[0mPolymarket [3mbid[0m[2m=[0m0.6 [3mask[0m[2m=[0m0.61 [3mmid[0m[2m=[0m0.6050 [3mbid_size[0m[2m=[0m68.89 [3mask_size[0m[2m=[0m5
[2m2026-04-12T20:32:15.124227Z[0m [34mDEBUG[0m [2mmercury::engine::spread[0m[2m:[0m Evaluated spread direction 2 [3mmarket_id[0m[2m=[0m631deb8c-fbb4-489e-818e-ae698f57f50b [3mdirection[0m[2m=[0m"NO-A/YES-B" [3mraw_spread[0m[2m=[0m-0.0600 [3mbid_a[0m[2m=[0m0.5500 [3mask_b[0m[2m=[0m0.61
[2m2026-04-12T20:32:15.124347Z[0m [32m INFO[0m [2mmercury::engine::detector[0m[2m:[0m ARB OPPORTUNITY DETECTED — passing to execution pipeline [3mmarket_id[0m[2m=[0m631deb8c-fbb4-489e-818e-ae698f57f50b [3mnet_spread[0m[2m=[0m0.027684987121699935608499678 [3mraw_spread[0m[2m=[0m0.0400 [3mscore[0m[2m=[0m0.1143131943570185940798793159 [3mleg_a[0m[2m=[0mKalshi [3mleg_b[0m[2m=[0mPolymarket [3mleg_a_price[0m[2m=[0m0.5600 [3mleg_b_price[0m[2m=[0m0.4 [3mavailable_size[0m[2m=[0m62.12
[2m2026-04-12T20:32:15.124542Z[0m [33m WARN[0m [2mmercury::risk::circuit_breaker[0m[2m:[0m Circuit breakers tripped [3mcount[0m[2m=[0m1
[2m2026-04-12T20:32:15.124602Z[0m [33m WARN[0m [2mmercury::engine::market_actor[0m[2m:[0m Opportunity BLOCKED by circuit breakers [3mopp_id[0m[2m=[0mf22dd8e4-6fe3-4171-8ce7-4112cc06a2e0 [3mmarket_id[0m[2m=[0m631deb8c-fbb4-489e-818e-ae698f57f50b [3mapproved_size[0m[2m=[0m62
[2m2026-04-12T20:32:15.130909Z[0m [34mDEBUG[0m [2mmercury::engine::market_actor[0m[2m:[0m Tick received — running arb detection [3mmarket_id[0m[2m=[0m631deb8c-fbb4-489e-818e-ae698f57f50b [3mplatform[0m[2m=[0mKalshi [3mbid[0m[2m=[0m0.5500 [3mask[0m[2m=[0m0.5600 [3mmid[0m[2m=[0m0.5550 [3mbid_size[0m[2m=[0m400.00 [3mask_size[0m[2m=[0m62.12
[2m2026-04-12T20:32:15.131208Z[0m [34mDEBUG[0m [2mmercury::engine::spread[0m[2m:[0m Evaluated spread direction 2 [3mmarket_id[0m[2m=[0m631deb8c-fbb4-489e-818e-ae698f57f50b [3mdirection[0m[2m=[0m"NO-A/YES-B" [3mraw_spread[0m[2m=[0m-0.0600 [3mbid_a[0m[2m=[0m0.5500 [3mask_b[0m[2m=[0m0.61
[2m2026-04-12T20:32:15.131408Z[0m [32m INFO[0m [2mmercury::engine::detector[0m[2m:[0m ARB OPPORTUNITY DETECTED — passing to execution pipeline [3mmarket_id[0m[2m=[0m631deb8c-fbb4-489e-818e-ae698f57f50b [3mnet_spread[0m[2m=[0m0.027684987121699935608499678 [3mraw_spread[0m[2m=[0m0.0400 [3mscore[0m[2m=[0m0.1143131943570185940798793159 [3mleg_a[0m[2m=[0mKalshi [3mleg_b[0m[2m=[0mPolymarket [3mleg_a_price[0m[2m=[0m0.5600 [3mleg_b_price[0m[2m=[0m0.4 [3mavailable_size[0m[2m=[0m62.12
[2m2026-04-12T20:32:15.131661Z[0m [34mDEBUG[0m [2mmercury::engine::market_actor[0m[2m:[0m Tick received — running arb detection [3mmarket_id[0m[2m=[0m631deb8c-fbb4-489e-818e-ae698f57f50b [3mplatform[0m[2m=[0mKalshi [3mbid[0m[2m=[0m0.5500 [3mask[0m[2m=[0m0.5600 [3mmid[0m[2m=[0m0.5550 [3mbid_size[0m[2m=[0m400.00 [3mask_size[0m[2m=[0m62.12
[2m2026-04-12T20:32:15.131866Z[0m [34mDEBUG[0m [2mmercury::engine::spread[0m[2m:[0m Evaluated spread direction 2 [3mmarket_id[0m[2m=[0m631deb8c-fbb4-489e-818e-ae698f57f50b [3mdirection[0m[2m=[0m"NO-A/YES-B" [3mraw_spread[0m[2m=[0m-0.0600 [3mbid_a[0m[2m=[0m0.5500 [3mask_b[0m[2m=[0m0.61
[2m2026-04-12T20:32:15.132046Z[0m [32m INFO[0m [2mmercury::engine::detector[0m[2m:[0m ARB OPPORTUNITY DETECTED — passing to execution pipeline [3mmarket_id[0m[2m=[0m631deb8c-fbb4-489e-818e-ae698f57f50b [3mnet_spread[0m[2m=[0m0.027684987121699935608499678 [3mraw_spread[0m[2m=[0m0.0400 [3mscore[0m[2m=[0m0.1143131943570185940798793159 [3mleg_a[0m[2m=[0mKalshi [3mleg_b[0m[2m=[0mPolymarket [3mleg_a_price[0m[2m=[0m0.5600 [3mleg_b_price[0m[2m=[0m0.4 [3mavailable_size[0m[2m=[0m62.12
[2m2026-04-12T20:32:15.132295Z[0m [34mDEBUG[0m [2mmercury::engine::market_actor[0m[2m:[0m Tick received — running arb detection [3mmarket_id[0m[2m=[0m631deb8c-fbb4-489e-818e-ae698f57f50b [3mplatform[0m[2m=[0mKalshi [3mbid[0m[2m=[0m0.5500 [3mask[0m[2m=[0m0.5600 [3mmid[0m[2m=[0m0.5550 [3mbid_size[0m[2m=[0m400.00 [3mask_size[0m[2m=[0m62.12
[2m2026-04-12T20:32:15.132366Z[0m [33m WARN[0m [2mmercury::risk::circuit_breaker[0m[2m:[0m Circuit breakers tripped [3mcount[0m[2m=[0m1
[2m2026-04-12T20:32:15.132478Z[0m [33m WARN[0m [2mmercury::engine::market_actor[0m[2m:[0m Opportunity BLOCKED by circuit breakers [3mopp_id[0m[2m=[0m8f3777aa-d32d-42fd-a171-c56aba2aeede [3mmarket_id[0m[2m=[0m631deb8c-fbb4-489e-818e-ae698f57f50b [3mapproved_size[0m[2m=[0m62
[2m2026-04-12T20:32:15.132496Z[0m [34mDEBUG[0m [2mmercury::engine::spread[0m[2m:[0m Evaluated spread direction 2 [3mmarket_id[0m[2m=[0m631deb8c-fbb4-489e-818e-ae698f57f50b [3mdirection[0m[2m=[0m"NO-A/YES-B" [3mraw_spread[0m[2m=[0m-0.0600 [3mbid_a[0m[2m=[0m0.5500 [3mask_b[0m[2m=[0m0.61
[2m2026-04-12T20:32:15.132672Z[0m [32m INFO[0m [2mmercury::engine::detector[0m[2m:[0m ARB OPPORTUNITY DETECTED — passing to execution pipeline [3mmarket_id[0m[2m=[0m631deb8c-fbb4-489e-818e-ae698f57f50b [3mnet_spread[0m[2m=[0m0.027684987121699935608499678 [3mraw_spread[0m[2m=[0m0.0400 [3mscore[0m[2m=[0m0.1143131943570185940798793159 [3mleg_a[0m[2m=[0mKalshi [3mleg_b[0m[2m=[0mPolymarket [3mleg_a_price[0m[2m=[0m0.5600 [3mleg_b_price[0m[2m=[0m0.4 [3mavailable_size[0m[2m=[0m62.12
[2m2026-04-12T20:32:15.132921Z[0m [34mDEBUG[0m [2mmercury::engine::market_actor[0m[2m:[0m Tick received — running arb detection [3mmarket_id[0m[2m=[0m631deb8c-fbb4-489e-818e-ae698f57f50b [3mplatform[0m[2m=[0mKalshi [3mbid[0m[2m=[0m0.5500 [3mask[0m[2m=[0m0.5600 [3mmid[0m[2m=[0m0.5550 [3mbid_size[0m[2m=[0m400.00 [3mask_size[0m[2m=[0m62.12
[2m2026-04-12T20:32:15.133004Z[0m [33m WARN[0m [2mmercury::risk::circuit_breaker[0m[2m:[0m Circuit breakers tripped [3mcount[0m[2m=[0m1
[2m2026-04-12T20:32:15.133117Z[0m [33m WARN[0m [2mmercury::engine::market_actor[0m[2m:[0m Opportunity BLOCKED by circuit breakers [3mopp_id[0m[2m=[0mdd33bd50-34d9-45d2-a26f-58133e0f1ecb [3mmarket_id[0m[2m=[0m631deb8c-fbb4-489e-818e-ae698f57f50b [3mapproved_size[0m[2m=[0m62
[2m2026-04-12T20:32:15.133121Z[0m [34mDEBUG[0m [2mmercury::engine::spread[0m[2m:[0m Evaluated spread direction 2 [3mmarket_id[0m[2m=[0m631deb8c-fbb4-489e-818e-ae698f57f50b [3mdirection[0m[2m=[0m"NO-A/YES-B" [3mraw_spread[0m[2m=[0m-0.0600 [3mbid_a[0m[2m=[0m0.5500 [3mask_b[0m[2m=[0m0.61
[2m2026-04-12T20:32:15.133299Z[0m [32m INFO[0m [2mmercury::engine::detector[0m[2m:[0m ARB OPPORTUNITY DETECTED — passing to execution pipeline [3mmarket_id[0m[2m=[0m631deb8c-fbb4-489e-818e-ae698f57f50b [3mnet_spread[0m[2m=[0m0.027684987121699935608499678 [3mraw_spread[0m[2m=[0m0.0400 [3mscore[0m[2m=[0m0.1143131943570185940798793159 [3mleg_a[0m[2m=[0mKalshi [3mleg_b[0m[2m=[0mPolymarket [3mleg_a_price[0m[2m=[0m0.5600 [3mleg_b_price[0m[2m=[0m0.4 [3mavailable_size[0m[2m=[0m62.12
[2m2026-04-12T20:32:15.133490Z[0m [34mDEBUG[0m [2mmercury::engine::market_actor[0m[2m:[0m Tick received — running arb detection [3mmarket_id[0m[2m=[0m631deb8c-fbb4-489e-818e-ae698f57f50b [3mplatform[0m[2m=[0mKalshi [3mbid[0m[2m=[0m0.5500 [3mask[0m[2m=[0m0.5600 [3mmid[0m[2m=[0m0.5550 [3mbid_size[0m[2m=[0m400.00 [3mask_size[0m[2m=[0m62.12
[2m2026-04-12T20:32:15.133539Z[0m [33m WARN[0m [2mmercury::risk::circuit_breaker[0m[2m:[0m Circuit breakers tripped [3mcount[0m[2m=[0m1
[2m2026-04-12T20:32:15.133617Z[0m [33m WARN[0m [2mmercury::engine::market_actor[0m[2m:[0m Opportunity BLOCKED by circuit breakers [3mopp_id[0m[2m=[0m9284bbe7-7b9d-41ad-a55a-c9b815be894d [3mmarket_id[0m[2m=[0m631deb8c-fbb4-489e-818e-ae698f57f50b [3mapproved_size[0m[2m=[0m62
[2m2026-04-12T20:32:15.133646Z[0m [34mDEBUG[0m [2mmercury::engine::spread[0m[2m:[0m Evaluated spread direction 2 [3mmarket_id[0m[2m=[0m631deb8c-fbb4-489e-818e-ae698f57f50b [3mdirection[0m[2m=[0m"NO-A/YES-B" [3mraw_spread[0m[2m=[0m-0.0600 [3mbid_a[0m[2m=[0m0.5500 [3mask_b[0m[2m=[0m0.61
[2m2026-04-12T20:32:15.133781Z[0m [32m INFO[0m [2mmercury::engine::detector[0m[2m:[0m ARB OPPORTUNITY DETECTED — passing to execution pipeline [3mmarket_id[0m[2m=[0m631deb8c-fbb4-489e-818e-ae698f57f50b [3mnet_spread[0m[2m=[0m0.027684987121699935608499678 [3mraw_spread[0m[2m=[0m0.0400 [3mscore[0m[2m=[0m0.1143131943570185940798793159 [3mleg_a[0m[2m=[0mKalshi [3mleg_b[0m[2m=[0mPolymarket [3mleg_a_price[0m[2m=[0m0.5600 [3mleg_b_price[0m[2m=[0m0.4 [3mavailable_size[0m[2m=[0m62.12
[2m2026-04-12T20:32:15.133973Z[0m [34mDEBUG[0m [2mmercury::engine::market_actor[0m[2m:[0m Tick received — running arb detection [3mmarket_id[0m[2m=[0m631deb8c-fbb4-489e-818e-ae698f57f50b [3mplatform[0m[2m=[0mKalshi [3mbid[0m[2m=[0m0.5500 [3mask[0m[2m=[0m0.5600 [3mmid[0m[2m=[0m0.5550 [3mbid_size[0m[2m=[0m400.00 [3mask_size[0m[2m=[0m62.12
[2m2026-04-12T20:32:15.134020Z[0m [33m WARN[0m [2mmercury::risk::circuit_breaker[0m[2m:[0m Circuit breakers tripped [3mcount[0m[2m=[0m1
[2m2026-04-12T20:32:15.134103Z[0m [33m WARN[0m [2mmercury::engine::market_actor[0m[2m:[0m Opportunity BLOCKED by circuit breakers [3mopp_id[0m[2m=[0m783d2bb3-79da-4543-9eed-65fb4532eff0 [3mmarket_id[0m[2m=[0m631deb8c-fbb4-489e-818e-ae698f57f50b [3mapproved_size[0m[2m=[0m62
[2m2026-04-12T20:32:15.134126Z[0m [34mDEBUG[0m [2mmercury::engine::spread[0m[2m:[0m Evaluated spread direction 2 [3mmarket_id[0m[2m=[0m631deb8c-fbb4-489e-818e-ae698f57f50b [3mdirection[0m[2m=[0m"NO-A/YES-B" [3mraw_spread[0m[2m=[0m-0.0600 [3mbid_a[0m[2m=[0m0.5500 [3mask_b[0m[2m=[0m0.61
[2m2026-04-12T20:32:15.134255Z[0m [32m INFO[0m [2mmercury::engine::detector[0m[2m:[0m ARB OPPORTUNITY DETECTED — passing to execution pipeline [3mmarket_id[0m[2m=[0m631deb8c-fbb4-489e-818e-ae698f57f50b [3mnet_spread[0m[2m=[0m0.027684987121699935608499678 [3mraw_spread[0m[2m=[0m0.0400 [3mscore[0m[2m=[0m0.1143131943570185940798793159 [3mleg_a[0m[2m=[0mKalshi [3mleg_b[0m[2m=[0mPolymarket [3mleg_a_price[0m[2m=[0m0.5600 [3mleg_b_price[0m[2m=[0m0.4 [3mavailable_size[0m[2m=[0m62.12
[2m2026-04-12T20:32:15.134446Z[0m [34mDEBUG[0m [2mmercury::engine::market_actor[0m[2m:[0m Tick received — running arb detection [3mmarket_id[0m[2m=[0m631deb8c-fbb4-489e-818e-ae698f57f50b [3mplatform[0m[2m=[0mKalshi [3mbid[0m[2m=[0m0.5500 [3mask[0m[2m=[0m0.5600 [3mmid[0m[2m=[0m0.5550 [3mbid_size[0m[2m=[0m400.00 [3mask_size[0m[2m=[0m62.12
[2m2026-04-12T20:32:15.134482Z[0m [33m WARN[0m [2mmercury::risk::circuit_breaker[0m[2m:[0m Circuit breakers tripped [3mcount[0m[2m=[0m1
[2m2026-04-12T20:32:15.134556Z[0m [33m WARN[0m [2mmercury::engine::market_actor[0m[2m:[0m Opportunity BLOCKED by circuit breakers [3mopp_id[0m[2m=[0m2aca73a0-bfb2-4572-b776-b468598d6910 [3mmarket_id[0m[2m=[0m631deb8c-fbb4-489e-818e-ae698f57f50b [3mapproved_size[0m[2m=[0m62
[2m2026-04-12T20:32:15.134594Z[0m [34mDEBUG[0m [2mmercury::engine::spread[0m[2m:[0m Evaluated spread direction 2 [3mmarket_id[0m[2m=[0m631deb8c-fbb4-489e-818e-ae698f57f50b [3mdirection[0m[2m=[0m"NO-A/YES-B" [3mraw_spread[0m[2m=[0m-0.0600 [3mbid_a[0m[2m=[0m0.5500 [3mask_b[0m[2m=[0m0.61
[2m2026-04-12T20:32:15.134725Z[0m [32m INFO[0m [2mmercury::engine::detector[0m[2m:[0m ARB OPPORTUNITY DETECTED — passing to execution pipeline [3mmarket_id[0m[2m=[0m631deb8c-fbb4-489e-818e-ae698f57f50b [3mnet_spread[0m[2m=[0m0.027684987121699935608499678 [3mraw_spread[0m[2m=[0m0.0400 [3mscore[0m[2m=[0m0.1143131943570185940798793159 [3mleg_a[0m[2m=[0mKalshi [3mleg_b[0m[2m=[0mPolymarket [3mleg_a_price[0m[2m=[0m0.5600 [3mleg_b_price[0m[2m=[0m0.4 [3mavailable_size[0m[2m=[0m62.12
[2m2026-04-12T20:32:15.134919Z[0m [34mDEBUG[0m [2mmercury::engine::market_actor[0m[2m:[0m Tick received — running arb detection [3mmarket_id[0m[2m=[0m631deb8c-fbb4-489e-818e-ae698f57f50b [3mplatform[0m[2m=[0mKalshi [3mbid[0m[2m=[0m0.5500 [3mask[0m[2m=[0m0.5600 [3mmid[0m[2m=[0m0.5550 [3mbid_size[0m[2m=[0m400.00 [3mask_size[0m[2m=[0m62.12
[2m2026-04-12T20:32:15.134953Z[0m [33m WARN[0m [2mmercury::risk::circuit_breaker[0m[2m:[0m Circuit breakers tripped [3mcount[0m[2m=[0m1
[2m2026-04-12T20:32:15.135029Z[0m [33m WARN[0m [2mmercury::engine::market_actor[0m[2m:[0m Opportunity BLOCKED by circuit breakers [3mopp_id[0m[2m=[0mb01fb8d3-ad39-45ff-8ebb-28e0edb5ca48 [3mmarket_id[0m[2m=[0m631deb8c-fbb4-489e-818e-ae698f57f50b [3mapproved_size[0m[2m=[0m62
[2m2026-04-12T20:32:15.135069Z[0m [34mDEBUG[0m [2mmercury::engine::spread[0m[2m:[0m Evaluated spread direction 2 [3mmarket_id[0m[2m=[0m631deb8c-fbb4-489e-818e-ae698f57f50b [3mdirection[0m[2m=[0m"NO-A/YES-B" [3mraw_spread[0m[2m=[0m-0.0600 [3mbid_a[0m[2m=[0m0.5500 [3mask_b[0m[2m=[0m0.61
[2m2026-04-12T20:32:15.135196Z[0m [32m INFO[0m [2mmercury::engine::detector[0m[2m:[0m ARB OPPORTUNITY DETECTED — passing to execution pipeline [3mmarket_id[0m[2m=[0m631deb8c-fbb4-489e-818e-ae698f57f50b [3mnet_spread[0m[2m=[0m0.027684987121699935608499678 [3mraw_spread[0m[2m=[0m0.0400 [3mscore[0m[2m=[0m0.1143131943570185940798793159 [3mleg_a[0m[2m=[0mKalshi [3mleg_b[0m[2m=[0mPolymarket [3mleg_a_price[0m[2m=[0m0.5600 [3mleg_b_price[0m[2m=[0m0.4 [3mavailable_size[0m[2m=[0m62.12
[2m2026-04-12T20:32:15.135387Z[0m [34mDEBUG[0m [2mmercury::engine::market_actor[0m[2m:[0m Tick received — running arb detection [3mmarket_id[0m[2m=[0m631deb8c-fbb4-489e-818e-ae698f57f50b [3mplatform[0m[2m=[0mKalshi [3mbid[0m[2m=[0m0.5500 [3mask[0m[2m=[0m0.5600 [3mmid[0m[2m=[0m0.5550 [3mbid_size[0m[2m=[0m400.00 [3mask_size[0m[2m=[0m62.12
[2m2026-04-12T20:32:15.135421Z[0m [33m WARN[0m [2mmercury::risk::circuit_breaker[0m[2m:[0m Circuit breakers tripped [3mcount[0m[2m=[0m1
[2m2026-04-12T20:32:15.135496Z[0m [33m WARN[0m [2mmercury::engine::market_actor[0m[2m:[0m Opportunity BLOCKED by circuit breakers [3mopp_id[0m[2m=[0ma1ee2beb-cc5a-439b-acff-805d7b1e58ca [3mmarket_id[0m[2m=[0m631deb8c-fbb4-489e-818e-ae698f57f50b [3mapproved_size[0m[2m=[0m62
[2m2026-04-12T20:32:15.135536Z[0m [34mDEBUG[0m [2mmercury::engine::spread[0m[2m:[0m Evaluated spread direction 2 [3mmarket_id[0m[2m=[0m631deb8c-fbb4-489e-818e-ae698f57f50b [3mdirection[0m[2m=[0m"NO-A/YES-B" [3mraw_spread[0m[2m=[0m-0.0600 [3mbid_a[0m[2m=[0m0.5500 [3mask_b[0m[2m=[0m0.61
[2m2026-04-12T20:32:15.135670Z[0m [32m INFO[0m [2mmercury::engine::detector[0m[2m:[0m ARB OPPORTUNITY DETECTED — passing to execution pipeline [3mmarket_id[0m[2m=[0m631deb8c-fbb4-489e-818e-ae698f57f50b [3mnet_spread[0m[2m=[0m0.027684987121699935608499678 [3mraw_spread[0m[2m=[0m0.0400 [3mscore[0m[2m=[0m0.1143131943570185940798793159 [3mleg_a[0m[2m=[0mKalshi [3mleg_b[0m[2m=[0mPolymarket [3mleg_a_price[0m[2m=[0m0.5600 [3mleg_b_price[0m[2m=[0m0.4 [3mavailable_size[0m[2m=[0m62.12
[2m2026-04-12T20:32:15.135870Z[0m [34mDEBUG[0m [2mmercury::engine::market_actor[0m[2m:[0m Tick received — running arb detection [3mmarket_id[0m[2m=[0m631deb8c-fbb4-489e-818e-ae698f57f50b [3mplatform[0m[2m=[0mKalshi [3mbid[0m[2m=[0m0.5500 [3mask[0m[2m=[0m0.5600 [3mmid[0m[2m=[0m0.5550 [3mbid_size[0m[2m=[0m400.00 [3mask_size[0m[2m=[0m62.12
[2m2026-04-12T20:32:15.135903Z[0m [33m WARN[0m [2mmercury::risk::circuit_breaker[0m[2m:[0m Circuit breakers tripped [3mcount[0m[2m=[0m1
[2m2026-04-12T20:32:15.135990Z[0m [33m WARN[0m [2mmercury::engine::market_actor[0m[2m:[0m Opportunity BLOCKED by circuit breakers [3mopp_id[0m[2m=[0m7a34a83e-d8d5-4d2f-bc99-a830f8c4dfba [3mmarket_id[0m[2m=[0m631deb8c-fbb4-489e-818e-ae698f57f50b [3mapproved_size[0m[2m=[0m62
[2m2026-04-12T20:32:15.136027Z[0m [34mDEBUG[0m [2mmercury::engine::spread[0m[2m:[0m Evaluated spread direction 2 [3mmarket_id[0m[2m=[0m631deb8c-fbb4-489e-818e-ae698f57f50b [3mdirection[0m[2m=[0m"NO-A/YES-B" [3mraw_spread[0m[2m=[0m-0.0600 [3mbid_a[0m[2m=[0m0.5500 [3mask_b[0m[2m=[0m0.61
[2m2026-04-12T20:32:15.136168Z[0m [32m INFO[0m [2mmercury::engine::detector[0m[2m:[0m ARB OPPORTUNITY DETECTED — passing to execution pipeline [3mmarket_id[0m[2m=[0m631deb8c-fbb4-489e-818e-ae698f57f50b [3mnet_spread[0m[2m=[0m0.027684987121699935608499678 [3mraw_spread[0m[2m=[0m0.0400 [3mscore[0m[2m=[0m0.1143131943570185940798793159 [3mleg_a[0m[2m=[0mKalshi [3mleg_b[0m[2m=[0mPolymarket [3mleg_a_price[0m[2m=[0m0.5600 [3mleg_b_price[0m[2m=[0m0.4 [3mavailable_size[0m[2m=[0m62.12
[2m2026-04-12T20:32:15.136364Z[0m [34mDEBUG[0m [2mmercury::engine::market_actor[0m[2m:[0m Tick received — running arb detection [3mmarket_id[0m[2m=[0m631deb8c-fbb4-489e-818e-ae698f57f50b [3mplatform[0m[2m=[0mKalshi [3mbid[0m[2m=[0m0.5500 [3mask[0m[2m=[0m0.5600 [3mmid[0m[2m=[0m0.5550 [3mbid_size[0m[2m=[0m400.00 [3mask_size[0m[2m=[0m62.12
[2m2026-04-12T20:32:15.136436Z[0m [33m WARN[0m [2mmercury::risk::circuit_breaker[0m[2m:[0m Circuit breakers tripped [3mcount[0m[2m=[0m1
[2m2026-04-12T20:32:15.136517Z[0m [33m WARN[0m [2mmercury::engine::market_actor[0m[2m:[0m Opportunity BLOCKED by circuit breakers [3mopp_id[0m[2m=[0mb255b184-f455-4dd7-93af-843b7ed92c38 [3mmarket_id[0m[2m=[0m631deb8c-fbb4-489e-818e-ae698f57f50b [3mapproved_size[0m[2m=[0m62
[2m2026-04-12T20:32:15.136520Z[0m [34mDEBUG[0m [2mmercury::engine::spread[0m[2m:[0m Evaluated spread direction 2 [3mmarket_id[0m[2m=[0m631deb8c-fbb4-489e-818e-ae698f57f50b [3mdirection[0m[2m=[0m"NO-A/YES-B" [3mraw_spread[0m[2m=[0m-0.0600 [3mbid_a[0m[2m=[0m0.5500 [3mask_b[0m[2m=[0m0.61
[2m2026-04-12T20:32:15.136688Z[0m [32m INFO[0m [2mmercury::engine::detector[0m[2m:[0m ARB OPPORTUNITY DETECTED — passing to execution pipeline [3mmarket_id[0m[2m=[0m631deb8c-fbb4-489e-818e-ae698f57f50b [3mnet_spread[0m[2m=[0m0.027684987121699935608499678 [3mraw_spread[0m[2m=[0m0.0400 [3mscore[0m[2m=[0m0.1143131943570185940798793159 [3mleg_a[0m[2m=[0mKalshi [3mleg_b[0m[2m=[0mPolymarket [3mleg_a_price[0m[2m=[0m0.5600 [3mleg_b_price[0m[2m=[0m0.4 [3mavailable_size[0m[2m=[0m62.12
[2m2026-04-12T20:32:15.136845Z[0m [34mDEBUG[0m [2mmercury::engine::market_actor[0m[2m:[0m Tick received — running arb detection [3mmarket_id[0m[2m=[0m631deb8c-fbb4-489e-818e-ae698f57f50b [3mplatform[0m[2m=[0mKalshi [3mbid[0m[2m=[0m0.5500 [3mask[0m[2m=[0m0.5600 [3mmid[0m[2m=[0m0.5550 [3mbid_size[0m[2m=[0m400.00 [3mask_size[0m[2m=[0m62.12
[2m2026-04-12T20:32:15.136883Z[0m [33m WARN[0m [2mmercury::risk::circuit_breaker[0m[2m:[0m Circuit breakers tripped [3mcount[0m[2m=[0m1
[2m2026-04-12T20:32:15.136944Z[0m [33m WARN[0m [2mmercury::engine::market_actor[0m[2m:[0m Opportunity BLOCKED by circuit breakers [3mopp_id[0m[2m=[0m86627992-6f22-46be-93e1-6c135074c4d0 [3mmarket_id[0m[2m=[0m631deb8c-fbb4-489e-818e-ae698f57f50b [3mapproved_size[0m[2m=[0m62
[2m2026-04-12T20:32:15.136972Z[0m [34mDEBUG[0m [2mmercury::engine::spread[0m[2m:[0m Evaluated spread direction 2 [3mmarket_id[0m[2m=[0m631deb8c-fbb4-489e-818e-ae698f57f50b [3mdirection[0m[2m=[0m"NO-A/YES-B" [3mraw_spread[0m[2m=[0m-0.0600 [3mbid_a[0m[2m=[0m0.5500 [3mask_b[0m[2m=[0m0.61
[2m2026-04-12T20:32:15.137087Z[0m [32m INFO[0m [2mmercury::engine::detector[0m[2m:[0m ARB OPPORTUNITY DETECTED — passing to execution pipeline [3mmarket_id[0m[2m=[0m631deb8c-fbb4-489e-818e-ae698f57f50b [3mnet_spread[0m[2m=[0m0.027684987121699935608499678 [3mraw_spread[0m[2m=[0m0.0400 [3mscore[0m[2m=[0m0.1143131943570185940798793159 [3mleg_a[0m[2m=[0mKalshi [3mleg_b[0m[2m=[0mPolymarket [3mleg_a_price[0m[2m=[0m0.5600 [3mleg_b_price[0m[2m=[0m0.4 [3mavailable_size[0m[2m=[0m62.12
[2m2026-04-12T20:32:15.137245Z[0m [34mDEBUG[0m [2mmercury::engine::market_actor[0m[2m:[0m Tick received — running arb detection [3mmarket_id[0m[2m=[0m631deb8c-fbb4-489e-818e-ae698f57f50b [3mplatform[0m[2m=[0mKalshi [3mbid[0m[2m=[0m0.5500 [3mask[0m[2m=[0m0.5600 [3mmid[0m[2m=[0m0.5550 [3mbid_size[0m[2m=[0m400.00 [3mask_size[0m[2m=[0m62.12
[2m2026-04-12T20:32:15.137280Z[0m [33m WARN[0m [2mmercury::risk::circuit_breaker[0m[2m:[0m Circuit breakers tripped [3mcount[0m[2m=[0m1
[2m2026-04-12T20:32:15.137340Z[0m [33m WARN[0m [2mmercury::engine::market_actor[0m[2m:[0m Opportunity BLOCKED by circuit breakers [3mopp_id[0m[2m=[0m748b0aa0-9e91-48ee-b7aa-281f65da29ab [3mmarket_id[0m[2m=[0m631deb8c-fbb4-489e-818e-ae698f57f50b [3mapproved_size[0m[2m=[0m62
[2m2026-04-12T20:32:15.137368Z[0m [34mDEBUG[0m [2mmercury::engine::spread[0m[2m:[0m Evaluated spread direction 2 [3mmarket_id[0m[2m=[0m631deb8c-fbb4-489e-818e-ae698f57f50b [3mdirection[0m[2m=[0m"NO-A/YES-B" [3mraw_spread[0m[2m=[0m-0.0600 [3mbid_a[0m[2m=[0m0.5500 [3mask_b[0m[2m=[0m0.61
[2m2026-04-12T20:32:15.137480Z[0m [32m INFO[0m [2mmercury::engine::detector[0m[2m:[0m ARB OPPORTUNITY DETECTED — passing to execution pipeline [3mmarket_id[0m[2m=[0m631deb8c-fbb4-489e-818e-ae698f57f50b [3mnet_spread[0m[2m=[0m0.027684987121699935608499678 [3mraw_spread[0m[2m=[0m0.0400 [3mscore[0m[2m=[0m0.1143131943570185940798793159 [3mleg_a[0m[2m=[0mKalshi [3mleg_b[0m[2m=[0mPolymarket [3mleg_a_price[0m[2m=[0m0.5600 [3mleg_b_price[0m[2m=[0m0.4 [3mavailable_size[0m[2m=[0m62.12
[2m2026-04-12T20:32:15.137639Z[0m [34mDEBUG[0m [2mmercury::engine::market_actor[0m[2m:[0m Tick received — running arb detection [3mmarket_id[0m[2m=[0m631deb8c-fbb4-489e-818e-ae698f57f50b [3mplatform[0m[2m=[0mKalshi [3mbid[0m[2m=[0m0.5500 [3mask[0m[2m=[0m0.5600 [3mmid[0m[2m=[0m0.5550 [3mbid_size[0m[2m=[0m400.00 [3mask_size[0m[2m=[0m62.12
[2m2026-04-12T20:32:15.137673Z[0m [33m WARN[0m [2mmercury::risk::circuit_breaker[0m[2m:[0m Circuit breakers tripped [3mcount[0m[2m=[0m1
[2m2026-04-12T20:32:15.137737Z[0m [33m WARN[0m [2mmercury::engine::market_actor[0m[2m:[0m Opportunity BLOCKED by circuit breakers [3mopp_id[0m[2m=[0m8e31da96-aac2-46df-853a-67b42ca24093 [3mmarket_id[0m[2m=[0m631deb8c-fbb4-489e-818e-ae698f57f50b [3mapproved_size[0m[2m=[0m62
[2m2026-04-12T20:32:15.137763Z[0m [34mDEBUG[0m [2mmercury::engine::spread[0m[2m:[0m Evaluated spread direction 2 [3mmarket_id[0m[2m=[0m631deb8c-fbb4-489e-818e-ae698f57f50b [3mdirection[0m[2m=[0m"NO-A/YES-B" [3mraw_spread[0m[2m=[0m-0.0600 [3mbid_a[0m[2m=[0m0.5500 [3mask_b[0m[2m=[0m0.61
[2m2026-04-12T20:32:15.137870Z[0m [32m INFO[0m [2mmercury::engine::detector[0m[2m:[0m ARB OPPORTUNITY DETECTED — passing to execution pipeline [3mmarket_id[0m[2m=[0m631deb8c-fbb4-489e-818e-ae698f57f50b [3mnet_spread[0m[2m=[0m0.027684987121699935608499678 [3mraw_spread[0m[2m=[0m0.0400 [3mscore[0m[2m=[0m0.1143131943570185940798793159 [3mleg_a[0m[2m=[0mKalshi [3mleg_b[0m[2m=[0mPolymarket [3mleg_a_price[0m[2m=[0m0.5600 [3mleg_b_price[0m[2m=[0m0.4 [3mavailable_size[0m[2m=[0m62.12
[2m2026-04-12T20:32:15.138027Z[0m [34mDEBUG[0m [2mmercury::engine::market_actor[0m[2m:[0m Tick received — running arb detection [3mmarket_id[0m[2m=[0m631deb8c-fbb4-489e-818e-ae698f57f50b [3mplatform[0m[2m=[0mKalshi [3mbid[0m[2m=[0m0.5500 [3mask[0m[2m=[0m0.5600 [3mmid[0m[2m=[0m0.5550 [3mbid_size[0m[2m=[0m400.00 [3mask_size[0m[2m=[0m62.12
[2m2026-04-12T20:32:15.138053Z[0m [33m WARN[0m [2mmercury::risk::circuit_breaker[0m[2m:[0m Circuit breakers tripped [3mcount[0m[2m=[0m1
[2m2026-04-12T20:32:15.138123Z[0m [33m WARN[0m [2mmercury::engine::market_actor[0m[2m:[0m Opportunity BLOCKED by circuit breakers [3mopp_id[0m[2m=[0me86e4402-c098-47ac-944a-9d60f56fef2f [3mmarket_id[0m[2m=[0m631deb8c-fbb4-489e-818e-ae698f57f50b [3mapproved_size[0m[2m=[0m62
[2m2026-04-12T20:32:15.138152Z[0m [34mDEBUG[0m [2mmercury::engine::spread[0m[2m:[0m Evaluated spread direction 2 [3mmarket_id[0m[2m=[0m631deb8c-fbb4-489e-818e-ae698f57f50b [3mdirection[0m[2m=[0m"NO-A/YES-B" [3mraw_spread[0m[2m=[0m-0.0600 [3mbid_a[0m[2m=[0m0.5500 [3mask_b[0m[2m=[0m0.61
[2m2026-04-12T20:32:15.138264Z[0m [32m INFO[0m [2mmercury::engine::detector[0m[2m:[0m ARB OPPORTUNITY DETECTED — passing to execution pipeline [3mmarket_id[0m[2m=[0m631deb8c-fbb4-489e-818e-ae698f57f50b [3mnet_spread[0m[2m=[0m0.027684987121699935608499678 [3mraw_spread[0m[2m=[0m0.0400 [3mscore[0m[2m=[0m0.1143131943570185940798793159 [3mleg_a[0m[2m=[0mKalshi [3mleg_b[0m[2m=[0mPolymarket [3mleg_a_price[0m[2m=[0m0.5600 [3mleg_b_price[0m[2m=[0m0.4 [3mavailable_size[0m[2m=[0m62.12
[2m2026-04-12T20:32:15.138418Z[0m [34mDEBUG[0m [2mmercury::engine::market_actor[0m[2m:[0m Tick received — running arb detection [3mmarket_id[0m[2m=[0m631deb8c-fbb4-489e-818e-ae698f57f50b [3mplatform[0m[2m=[0mKalshi [3mbid[0m[2m=[0m0.5500 [3mask[0m[2m=[0m0.5600 [3mmid[0m[2m=[0m0.5550 [3mbid_size[0m[2m=[0m400.00 [3mask_size[0m[2m=[0m62.12
[2m2026-04-12T20:32:15.138445Z[0m [33m WARN[0m [2mmercury::risk::circuit_breaker[0m[2m:[0m Circuit breakers tripped [3mcount[0m[2m=[0m1
[2m2026-04-12T20:32:15.138505Z[0m [33m WARN[0m [2mmercury::engine::market_actor[0m[2m:[0m Opportunity BLOCKED by circuit breakers [3mopp_id[0m[2m=[0m4b51dd9f-e748-439a-b8e8-c8dda8aeb8cb [3mmarket_id[0m[2m=[0m631deb8c-fbb4-489e-818e-ae698f57f50b [3mapproved_size[0m[2m=[0m62
[2m2026-04-12T20:32:15.138538Z[0m [34mDEBUG[0m [2mmercury::engine::spread[0m[2m:[0m Evaluated spread direction 2 [3mmarket_id[0m[2m=[0m631deb8c-fbb4-489e-818e-ae698f57f50b [3mdirection[0m[2m=[0m"NO-A/YES-B" [3mraw_spread[0m[2m=[0m-0.0600 [3mbid_a[0m[2m=[0m0.5500 [3mask_b[0m[2m=[0m0.61
[2m2026-04-12T20:32:15.138645Z[0m [32m INFO[0m [2mmercury::engine::detector[0m[2m:[0m ARB OPPORTUNITY DETECTED — passing to execution pipeline [3mmarket_id[0m[2m=[0m631deb8c-fbb4-489e-818e-ae698f57f50b [3mnet_spread[0m[2m=[0m0.027684987121699935608499678 [3mraw_spread[0m[2m=[0m0.0400 [3mscore[0m[2m=[0m0.1143131943570185940798793159 [3mleg_a[0m[2m=[0mKalshi [3mleg_b[0m[2m=[0mPolymarket [3mleg_a_price[0m[2m=[0m0.5600 [3mleg_b_price[0m[2m=[0m0.4 [3mavailable_size[0m[2m=[0m62.12
[2m2026-04-12T20:32:15.138800Z[0m [34mDEBUG[0m [2mmercury::engine::market_actor[0m[2m:[0m Tick received — running arb detection [3mmarket_id[0m[2m=[0m631deb8c-fbb4-489e-818e-ae698f57f50b [3mplatform[0m[2m=[0mKalshi [3mbid[0m[2m=[0m0.5500 [3mask[0m[2m=[0m0.5600 [3mmid[0m[2m=[0m0.5550 [3mbid_size[0m[2m=[0m400.00 [3mask_size[0m[2m=[0m62.12
[2m2026-04-12T20:32:15.138827Z[0m [33m WARN[0m [2mmercury::risk::circuit_breaker[0m[2m:[0m Circuit breakers tripped [3mcount[0m[2m=[0m1
[2m2026-04-12T20:32:15.138886Z[0m [33m WARN[0m [2mmercury::engine::market_actor[0m[2m:[0m Opportunity BLOCKED by circuit breakers [3mopp_id[0m[2m=[0m09512829-61e3-4d6f-af09-9a219d87c3b8 [3mmarket_id[0m[2m=[0m631deb8c-fbb4-489e-818e-ae698f57f50b [3mapproved_size[0m[2m=[0m62
[2m2026-04-12T20:32:15.138923Z[0m [34mDEBUG[0m [2mmercury::engine::spread[0m[2m:[0m Evaluated spread direction 2 [3mmarket_id[0m[2m=[0m631deb8c-fbb4-489e-818e-ae698f57f50b [3mdirection[0m[2m=[0m"NO-A/YES-B" [3mraw_spread[0m[2m=[0m-0.0600 [3mbid_a[0m[2m=[0m0.5500 [3mask_b[0m[2m=[0m0.61
[2m2026-04-12T20:32:15.139043Z[0m [32m INFO[0m [2mmercury::engine::detector[0m[2m:[0m ARB OPPORTUNITY DETECTED — passing to execution pipeline [3mmarket_id[0m[2m=[0m631deb8c-fbb4-489e-818e-ae698f57f50b [3mnet_spread[0m[2m=[0m0.027684987121699935608499678 [3mraw_spread[0m[2m=[0m0.0400 [3mscore[0m[2m=[0m0.1143131943570185940798793159 [3mleg_a[0m[2m=[0mKalshi [3mleg_b[0m[2m=[0mPolymarket [3mleg_a_price[0m[2m=[0m0.5600 [3mleg_b_price[0m[2m=[0m0.4 [3mavailable_size[0m[2m=[0m62.12
[2m2026-04-12T20:32:15.139204Z[0m [34mDEBUG[0m [2mmercury::engine::market_actor[0m[2m:[0m Tick received — running arb detection [3mmarket_id[0m[2m=[0m631deb8c-fbb4-489e-818e-ae698f57f50b [3mplatform[0m[2m=[0mKalshi [3mbid[0m[2m=[0m0.5500 [3mask[0m[2m=[0m0.5600 [3mmid[0m[2m=[0m0.5550 [3mbid_size[0m[2m=[0m400.00 [3mask_size[0m[2m=[0m62.12
[2m2026-04-12T20:32:15.139232Z[0m [33m WARN[0m [2mmercury::risk::circuit_breaker[0m[2m:[0m Circuit breakers tripped [3mcount[0m[2m=[0m1
[2m2026-04-12T20:32:15.139291Z[0m [33m WARN[0m [2mmercury::engine::market_actor[0m[2m:[0m Opportunity BLOCKED by circuit breakers [3mopp_id[0m[2m=[0m85e16ddb-fecd-4d69-b7de-9c8a6d548fdd [3mmarket_id[0m[2m=[0m631deb8c-fbb4-489e-818e-ae698f57f50b [3mapproved_size[0m[2m=[0m62
[2m2026-04-12T20:32:15.139325Z[0m [34mDEBUG[0m [2mmercury::engine::spread[0m[2m:[0m Evaluated spread direction 2 [3mmarket_id[0m[2m=[0m631deb8c-fbb4-489e-818e-ae698f57f50b [3mdirection[0m[2m=[0m"NO-A/YES-B" [3mraw_spread[0m[2m=[0m-0.0600 [3mbid_a[0m[2m=[0m0.5500 [3mask_b[0m[2m=[0m0.61
[2m2026-04-12T20:32:15.139436Z[0m [32m INFO[0m [2mmercury::engine::detector[0m[2m:[0m ARB OPPORTUNITY DETECTED — passing to execution pipeline [3mmarket_id[0m[2m=[0m631deb8c-fbb4-489e-818e-ae698f57f50b [3mnet_spread[0m[2m=[0m0.027684987121699935608499678 [3mraw_spread[0m[2m=[0m0.0400 [3mscore[0m[2m=[0m0.1143131943570185940798793159 [3mleg_a[0m[2m=[0mKalshi [3mleg_b[0m[2m=[0mPolymarket [3mleg_a_price[0m[2m=[0m0.5600 [3mleg_b_price[0m[2m=[0m0.4 [3mavailable_size[0m[2m=[0m62.12
[2m2026-04-12T20:32:15.139594Z[0m [34mDEBUG[0m [2mmercury::engine::market_actor[0m[2m:[0m Tick received — running arb detection [3mmarket_id[0m[2m=[0m631deb8c-fbb4-489e-818e-ae698f57f50b [3mplatform[0m[2m=[0mKalshi [3mbid[0m[2m=[0m0.5500 [3mask[0m[2m=[0m0.5600 [3mmid[0m[2m=[0m0.5550 [3mbid_size[0m[2m=[0m400.00 [3mask_size[0m[2m=[0m62.12
[2m2026-04-12T20:32:15.139631Z[0m [33m WARN[0m [2mmercury::risk::circuit_breaker[0m[2m:[0m Circuit breakers tripped [3mcount[0m[2m=[0m1
[2m2026-04-12T20:32:15.139696Z[0m [33m WARN[0m [2mmercury::engine::market_actor[0m[2m:[0m Opportunity BLOCKED by circuit breakers [3mopp_id[0m[2m=[0m93ef03f3-b08e-4d19-b30e-ef55829adc9c [3mmarket_id[0m[2m=[0m631deb8c-fbb4-489e-818e-ae698f57f50b [3mapproved_size[0m[2m=[0m62
[2m2026-04-12T20:32:15.139720Z[0m [34mDEBUG[0m [2mmercury::engine::spread[0m[2m:[0m Evaluated spread direction 2 [3mmarket_id[0m[2m=[0m631deb8c-fbb4-489e-818e-ae698f57f50b [3mdirection[0m[2m=[0m"NO-A/YES-B" [3mraw_spread[0m[2m=[0m-0.0600 [3mbid_a[0m[2m=[0m0.5500 [3mask_b[0m[2m=[0m0.61
[2m2026-04-12T20:32:15.139834Z[0m [32m INFO[0m [2mmercury::engine::detector[0m[2m:[0m ARB OPPORTUNITY DETECTED — passing to execution pipeline [3mmarket_id[0m[2m=[0m631deb8c-fbb4-489e-818e-ae698f57f50b [3mnet_spread[0m[2m=[0m0.027684987121699935608499678 [3mraw_spread[0m[2m=[0m0.0400 [3mscore[0m[2m=[0m0.1143131943570185940798793159 [3mleg_a[0m[2m=[0mKalshi [3mleg_b[0m[2m=[0mPolymarket [3mleg_a_price[0m[2m=[0m0.5600 [3mleg_b_price[0m[2m=[0m0.4 [3mavailable_size[0m[2m=[0m62.12
[2m2026-04-12T20:32:15.139989Z[0m [34mDEBUG[0m [2mmercury::engine::market_actor[0m[2m:[0m Tick received — running arb detection [3mmarket_id[0m[2m=[0m631deb8c-fbb4-489e-818e-ae698f57f50b [3mplatform[0m[2m=[0mKalshi [3mbid[0m[2m=[0m0.5500 [3mask[0m[2m=[0m0.5600 [3mmid[0m[2m=[0m0.5550 [3mbid_size[0m[2m=[0m400.00 [3mask_size[0m[2m=[0m62.12
[2m2026-04-12T20:32:15.140019Z[0m [33m WARN[0m [2mmercury::risk::circuit_breaker[0m[2m:[0m Circuit breakers tripped [3mcount[0m[2m=[0m1
[2m2026-04-12T20:32:15.140112Z[0m [33m WARN[0m [2mmercury::engine::market_actor[0m[2m:[0m Opportunity BLOCKED by circuit breakers [3mopp_id[0m[2m=[0mc98e8fe3-7b0d-4674-a851-fe0a5f468ccc [3mmarket_id[0m[2m=[0m631deb8c-fbb4-489e-818e-ae698f57f50b [3mapproved_size[0m[2m=[0m62
[2m2026-04-12T20:32:15.140147Z[0m [34mDEBUG[0m [2mmercury::engine::spread[0m[2m:[0m Evaluated spread direction 2 [3mmarket_id[0m[2m=[0m631deb8c-fbb4-489e-818e-ae698f57f50b [3mdirection[0m[2m=[0m"NO-A/YES-B" [3mraw_spread[0m[2m=[0m-0.0600 [3mbid_a[0m[2m=[0m0.5500 [3mask_b[0m[2m=[0m0.61
[2m2026-04-12T20:32:15.140257Z[0m [32m INFO[0m [2mmercury::engine::detector[0m[2m:[0m ARB OPPORTUNITY DETECTED — passing to execution pipeline [3mmarket_id[0m[2m=[0m631deb8c-fbb4-489e-818e-ae698f57f50b [3mnet_spread[0m[2m=[0m0.027684987121699935608499678 [3mraw_spread[0m[2m=[0m0.0400 [3mscore[0m[2m=[0m0.1143131943570185940798793159 [3mleg_a[0m[2m=[0mKalshi [3mleg_b[0m[2m=[0mPolymarket [3mleg_a_price[0m[2m=[0m0.5600 [3mleg_b_price[0m[2m=[0m0.4 [3mavailable_size[0m[2m=[0m62.12
[2m2026-04-12T20:32:15.140412Z[0m [34mDEBUG[0m [2mmercury::engine::market_actor[0m[2m:[0m Tick received — running arb detection [3mmarket_id[0m[2m=[0m631deb8c-fbb4-489e-818e-ae698f57f50b [3mplatform[0m[2m=[0mKalshi [3mbid[0m[2m=[0m0.5500 [3mask[0m[2m=[0m0.5600 [3mmid[0m[2m=[0m0.5550 [3mbid_size[0m[2m=[0m400.00 [3mask_size[0m[2m=[0m60.12
[2m2026-04-12T20:32:15.140438Z[0m [33m WARN[0m [2mmercury::risk::circuit_breaker[0m[2m:[0m Circuit breakers tripped [3mcount[0m[2m=[0m1
[2m2026-04-12T20:32:15.140517Z[0m [33m WARN[0m [2mmercury::engine::market_actor[0m[2m:[0m Opportunity BLOCKED by circuit breakers [3mopp_id[0m[2m=[0mfce40bd6-2b78-4904-b870-66f06216117c [3mmarket_id[0m[2m=[0m631deb8c-fbb4-489e-818e-ae698f57f50b [3mapproved_size[0m[2m=[0m62
[2m2026-04-12T20:32:15.140559Z[0m [34mDEBUG[0m [2mmercury::engine::spread[0m[2m:[0m Evaluated spread direction 2 [3mmarket_id[0m[2m=[0m631deb8c-fbb4-489e-818e-ae698f57f50b [3mdirection[0m[2m=[0m"NO-A/YES-B" [3mraw_spread[0m[2m=[0m-0.0600 [3mbid_a[0m[2m=[0m0.5500 [3mask_b[0m[2m=[0m0.61
[2m2026-04-12T20:32:15.140685Z[0m [32m INFO[0m [2mmercury::engine::detector[0m[2m:[0m ARB OPPORTUNITY DETECTED — passing to execution pipeline [3mmarket_id[0m[2m=[0m631deb8c-fbb4-489e-818e-ae698f57f50b [3mnet_spread[0m[2m=[0m0.0276838223552894211576846307 [3mraw_spread[0m[2m=[0m0.0400 [3mscore[0m[2m=[0m0.1134024198726807039291967368 [3mleg_a[0m[2m=[0mKalshi [3mleg_b[0m[2m=[0mPolymarket [3mleg_a_price[0m[2m=[0m0.5600 [3mleg_b_price[0m[2m=[0m0.4 [3mavailable_size[0m[2m=[0m60.12
[2m2026-04-12T20:32:15.140848Z[0m [34mDEBUG[0m [2mmercury::engine::market_actor[0m[2m:[0m Tick received — running arb detection [3mmarket_id[0m[2m=[0m631deb8c-fbb4-489e-818e-ae698f57f50b [3mplatform[0m[2m=[0mKalshi [3mbid[0m[2m=[0m0.5500 [3mask[0m[2m=[0m0.5600 [3mmid[0m[2m=[0m0.5550 [3mbid_size[0m[2m=[0m400.00 [3mask_size[0m[2m=[0m60.12
[2m2026-04-12T20:32:15.140878Z[0m [33m WARN[0m [2mmercury::risk::circuit_breaker[0m[2m:[0m Circuit breakers tripped [3mcount[0m[2m=[0m1
[2m2026-04-12T20:32:15.140943Z[0m [33m WARN[0m [2mmercury::engine::market_actor[0m[2m:[0m Opportunity BLOCKED by circuit breakers [3mopp_id[0m[2m=[0mbf506f4a-cb67-4ebd-8451-9a586039b3b8 [3mmarket_id[0m[2m=[0m631deb8c-fbb4-489e-818e-ae698f57f50b [3mapproved_size[0m[2m=[0m62
[2m2026-04-12T20:32:15.140974Z[0m [34mDEBUG[0m [2mmercury::engine::spread[0m[2m:[0m Evaluated spread direction 2 [3mmarket_id[0m[2m=[0m631deb8c-fbb4-489e-818e-ae698f57f50b [3mdirection[0m[2m=[0m"NO-A/YES-B" [3mraw_spread[0m[2m=[0m-0.0600 [3mbid_a[0m[2m=[0m0.5500 [3mask_b[0m[2m=[0m0.61
[2m2026-04-12T20:32:15.141089Z[0m [32m INFO[0m [2mmercury::engine::detector[0m[2m:[0m ARB OPPORTUNITY DETECTED — passing to execution pipeline [3mmarket_id[0m[2m=[0m631deb8c-fbb4-489e-818e-ae698f57f50b [3mnet_spread[0m[2m=[0m0.0276838223552894211576846307 [3mraw_spread[0m[2m=[0m0.0400 [3mscore[0m[2m=[0m0.1134024198726807039291967368 [3mleg_a[0m[2m=[0mKalshi [3mleg_b[0m[2m=[0mPolymarket [3mleg_a_price[0m[2m=[0m0.5600 [3mleg_b_price[0m[2m=[0m0.4 [3mavailable_size[0m[2m=[0m60.12
[2m2026-04-12T20:32:15.141247Z[0m [34mDEBUG[0m [2mmercury::engine::market_actor[0m[2m:[0m Tick received — running arb detection [3mmarket_id[0m[2m=[0m631deb8c-fbb4-489e-818e-ae698f57f50b [3mplatform[0m[2m=[0mKalshi [3mbid[0m[2m=[0m0.5500 [3mask[0m[2m=[0m0.5600 [3mmid[0m[2m=[0m0.5550 [3mbid_size[0m[2m=[0m400.00 [3mask_size[0m[2m=[0m60.12
[2m2026-04-12T20:32:15.141278Z[0m [33m WARN[0m [2mmercury::risk::circuit_breaker[0m[2m:[0m Circuit breakers tripped [3mcount[0m[2m=[0m1
[2m2026-04-12T20:32:15.141354Z[0m [33m WARN[0m [2mmercury::engine::market_actor[0m[2m:[0m Opportunity BLOCKED by circuit breakers [3mopp_id[0m[2m=[0md8ea87f7-c49b-4c2d-9fff-21fda00c41a2 [3mmarket_id[0m[2m=[0m631deb8c-fbb4-489e-818e-ae698f57f50b [3mapproved_size[0m[2m=[0m60
[2m2026-04-12T20:32:15.141380Z[0m [34mDEBUG[0m [2mmercury::engine::spread[0m[2m:[0m Evaluated spread direction 2 [3mmarket_id[0m[2m=[0m631deb8c-fbb4-489e-818e-ae698f57f50b [3mdirection[0m[2m=[0m"NO-A/YES-B" [3mraw_spread[0m[2m=[0m-0.0600 [3mbid_a[0m[2m=[0m0.5500 [3mask_b[0m[2m=[0m0.61
[2m2026-04-12T20:32:15.141475Z[0m [32m INFO[0m [2mmercury::engine::detector[0m[2m:[0m ARB OPPORTUNITY DETECTED — passing to execution pipeline [3mmarket_id[0m[2m=[0m631deb8c-fbb4-489e-818e-ae698f57f50b [3mnet_spread[0m[2m=[0m0.0276838223552894211576846307 [3mraw_spread[0m[2m=[0m0.0400 [3mscore[0m[2m=[0m0.1134024198726807039291967368 [3mleg_a[0m[2m=[0mKalshi [3mleg_b[0m[2m=[0mPolymarket [3mleg_a_price[0m[2m=[0m0.5600 [3mleg_b_price[0m[2m=[0m0.4 [3mavailable_size[0m[2m=[0m60.12
[2m2026-04-12T20:32:15.141609Z[0m [34mDEBUG[0m [2mmercury::engine::market_actor[0m[2m:[0m Tick received — running arb detection [3mmarket_id[0m[2m=[0m631deb8c-fbb4-489e-818e-ae698f57f50b [3mplatform[0m[2m=[0mKalshi [3mbid[0m[2m=[0m0.5500 [3mask[0m[2m=[0m0.5600 [3mmid[0m[2m=[0m0.5550 [3mbid_size[0m[2m=[0m400.00 [3mask_size[0m[2m=[0m60.12
[2m2026-04-12T20:32:15.141633Z[0m [33m WARN[0m [2mmercury::risk::circuit_breaker[0m[2m:[0m Circuit breakers tripped [3mcount[0m[2m=[0m1
[2m2026-04-12T20:32:15.141685Z[0m [33m WARN[0m [2mmercury::engine::market_actor[0m[2m:[0m Opportunity BLOCKED by circuit breakers [3mopp_id[0m[2m=[0m4f369ad7-99f8-4196-878d-88ba2cca01e2 [3mmarket_id[0m[2m=[0m631deb8c-fbb4-489e-818e-ae698f57f50b [3mapproved_size[0m[2m=[0m60
[2m2026-04-12T20:32:15.141713Z[0m [34mDEBUG[0m [2mmercury::engine::spread[0m[2m:[0m Evaluated spread direction 2 [3mmarket_id[0m[2m=[0m631deb8c-fbb4-489e-818e-ae698f57f50b [3mdirection[0m[2m=[0m"NO-A/YES-B" [3mraw_spread[0m[2m=[0m-0.0600 [3mbid_a[0m[2m=[0m0.5500 [3mask_b[0m[2m=[0m0.61
[2m2026-04-12T20:32:15.141807Z[0m [32m INFO[0m [2mmercury::engine::detector[0m[2m:[0m ARB OPPORTUNITY DETECTED — passing to execution pipeline [3mmarket_id[0m[2m=[0m631deb8c-fbb4-489e-818e-ae698f57f50b [3mnet_spread[0m[2m=[0m0.0276838223552894211576846307 [3mraw_spread[0m[2m=[0m0.0400 [3mscore[0m[2m=[0m0.1134024198726807039291967368 [3mleg_a[0m[2m=[0mKalshi [3mleg_b[0m[2m=[0mPolymarket [3mleg_a_price[0m[2m=[0m0.5600 [3mleg_b_price[0m[2m=[0m0.4 [3mavailable_size[0m[2m=[0m60.12
[2m2026-04-12T20:32:15.141944Z[0m [34mDEBUG[0m [2mmercury::engine::market_actor[0m[2m:[0m Tick received — running arb detection [3mmarket_id[0m[2m=[0m631deb8c-fbb4-489e-818e-ae698f57f50b [3mplatform[0m[2m=[0mKalshi [3mbid[0m[2m=[0m0.5500 [3mask[0m[2m=[0m0.5600 [3mmid[0m[2m=[0m0.5550 [3mbid_size[0m[2m=[0m400.00 [3mask_size[0m[2m=[0m60.12
[2m2026-04-12T20:32:15.141966Z[0m [33m WARN[0m [2mmercury::risk::circuit_breaker[0m[2m:[0m Circuit breakers tripped [3mcount[0m[2m=[0m1
[2m2026-04-12T20:32:15.142043Z[0m [33m WARN[0m [2mmercury::engine::market_actor[0m[2m:[0m Opportunity BLOCKED by circuit breakers [3mopp_id[0m[2m=[0m67c31fd5-5e4e-4196-9799-f63bad23d107 [3mmarket_id[0m[2m=[0m631deb8c-fbb4-489e-818e-ae698f57f50b [3mapproved_size[0m[2m=[0m60
[2m2026-04-12T20:32:15.142067Z[0m [34mDEBUG[0m [2mmercury::engine::spread[0m[2m:[0m Evaluated spread direction 2 [3mmarket_id[0m[2m=[0m631deb8c-fbb4-489e-818e-ae698f57f50b [3mdirection[0m[2m=[0m"NO-A/YES-B" [3mraw_spread[0m[2m=[0m-0.0600 [3mbid_a[0m[2m=[0m0.5500 [3mask_b[0m[2m=[0m0.61
[2m2026-04-12T20:32:15.142159Z[0m [32m INFO[0m [2mmercury::engine::detector[0m[2m:[0m ARB OPPORTUNITY DETECTED — passing to execution pipeline [3mmarket_id[0m[2m=[0m631deb8c-fbb4-489e-818e-ae698f57f50b [3mnet_spread[0m[2m=[0m0.0276838223552894211576846307 [3mraw_spread[0m[2m=[0m0.0400 [3mscore[0m[2m=[0m0.1134024198726807039291967368 [3mleg_a[0m[2m=[0mKalshi [3mleg_b[0m[2m=[0mPolymarket [3mleg_a_price[0m[2m=[0m0.5600 [3mleg_b_price[0m[2m=[0m0.4 [3mavailable_size[0m[2m=[0m60.12
[2m2026-04-12T20:32:15.142289Z[0m [34mDEBUG[0m [2mmercury::engine::market_actor[0m[2m:[0m Tick received — running arb detection [3mmarket_id[0m[2m=[0m631deb8c-fbb4-489e-818e-ae698f57f50b [3mplatform[0m[2m=[0mKalshi [3mbid[0m[2m=[0m0.5500 [3mask[0m[2m=[0m0.5600 [3mmid[0m[2m=[0m0.5550 [3mbid_size[0m[2m=[0m400.00 [3mask_size[0m[2m=[0m60.12
[2m2026-04-12T20:32:15.142311Z[0m [33m WARN[0m [2mmercury::risk::circuit_breaker[0m[2m:[0m Circuit breakers tripped [3mcount[0m[2m=[0m1
[2m2026-04-12T20:32:15.142367Z[0m [33m WARN[0m [2mmercury::engine::market_actor[0m[2m:[0m Opportunity BLOCKED by circuit breakers [3mopp_id[0m[2m=[0mb2e84a0a-6956-44b9-95c0-9a7fd6486616 [3mmarket_id[0m[2m=[0m631deb8c-fbb4-489e-818e-ae698f57f50b [3mapproved_size[0m[2m=[0m60
[2m2026-04-12T20:32:15.142392Z[0m [34mDEBUG[0m [2mmercury::engine::spread[0m[2m:[0m Evaluated spread direction 2 [3mmarket_id[0m[2m=[0m631deb8c-fbb4-489e-818e-ae698f57f50b [3mdirection[0m[2m=[0m"NO-A/YES-B" [3mraw_spread[0m[2m=[0m-0.0600 [3mbid_a[0m[2m=[0m0.5500 [3mask_b[0m[2m=[0m0.61
[2m2026-04-12T20:32:15.142483Z[0m [32m INFO[0m [2mmercury::engine::detector[0m[2m:[0m ARB OPPORTUNITY DETECTED — passing to execution pipeline [3mmarket_id[0m[2m=[0m631deb8c-fbb4-489e-818e-ae698f57f50b [3mnet_spread[0m[2m=[0m0.0276838223552894211576846307 [3mraw_spread[0m[2m=[0m0.0400 [3mscore[0m[2m=[0m0.1134024198726807039291967368 [3mleg_a[0m[2m=[0mKalshi [3mleg_b[0m[2m=[0mPolymarket [3mleg_a_price[0m[2m=[0m0.5600 [3mleg_b_price[0m[2m=[0m0.4 [3mavailable_size[0m[2m=[0m60.12
[2m2026-04-12T20:32:15.142614Z[0m [34mDEBUG[0m [2mmercury::engine::market_actor[0m[2m:[0m Tick received — running arb detection [3mmarket_id[0m[2m=[0m631deb8c-fbb4-489e-818e-ae698f57f50b [3mplatform[0m[2m=[0mKalshi [3mbid[0m[2m=[0m0.5500 [3mask[0m[2m=[0m0.5600 [3mmid[0m[2m=[0m0.5550 [3mbid_size[0m[2m=[0m400.00 [3mask_size[0m[2m=[0m60.12
[2m2026-04-12T20:32:15.142636Z[0m [33m WARN[0m [2mmercury::risk::circuit_breaker[0m[2m:[0m Circuit breakers tripped [3mcount[0m[2m=[0m1
[2m2026-04-12T20:32:15.142692Z[0m [33m WARN[0m [2mmercury::engine::market_actor[0m[2m:[0m Opportunity BLOCKED by circuit breakers [3mopp_id[0m[2m=[0m73d4987f-7f75-46ee-949b-9f350c57fd89 [3mmarket_id[0m[2m=[0m631deb8c-fbb4-489e-818e-ae698f57f50b [3mapproved_size[0m[2m=[0m60
[2m2026-04-12T20:32:15.142717Z[0m [34mDEBUG[0m [2mmercury::engine::spread[0m[2m:[0m Evaluated spread direction 2 [3mmarket_id[0m[2m=[0m631deb8c-fbb4-489e-818e-ae698f57f50b [3mdirection[0m[2m=[0m"NO-A/YES-B" [3mraw_spread[0m[2m=[0m-0.0600 [3mbid_a[0m[2m=[0m0.5500 [3mask_b[0m[2m=[0m0.61
[2m2026-04-12T20:32:15.142808Z[0m [32m INFO[0m [2mmercury::engine::detector[0m[2m:[0m ARB OPPORTUNITY DETECTED — passing to execution pipeline [3mmarket_id[0m[2m=[0m631deb8c-fbb4-489e-818e-ae698f57f50b [3mnet_spread[0m[2m=[0m0.0276838223552894211576846307 [3mraw_spread[0m[2m=[0m0.0400 [3mscore[0m[2m=[0m0.1134024198726807039291967368 [3mleg_a[0m[2m=[0mKalshi [3mleg_b[0m[2m=[0mPolymarket [3mleg_a_price[0m[2m=[0m0.5600 [3mleg_b_price[0m[2m=[0m0.4 [3mavailable_size[0m[2m=[0m60.12
[2m2026-04-12T20:32:15.142940Z[0m [34mDEBUG[0m [2mmercury::engine::market_actor[0m[2m:[0m Tick received — running arb detection [3mmarket_id[0m[2m=[0m631deb8c-fbb4-489e-818e-ae698f57f50b [3mplatform[0m[2m=[0mKalshi [3mbid[0m[2m=[0m0.5500 [3mask[0m[2m=[0m0.5600 [3mmid[0m[2m=[0m0.5550 [3mbid_size[0m[2m=[0m401.76 [3mask_size[0m[2m=[0m60.12
[2m2026-04-12T20:32:15.142963Z[0m [33m WARN[0m [2mmercury::risk::circuit_breaker[0m[2m:[0m Circuit breakers tripped [3mcount[0m[2m=[0m1
[2m2026-04-12T20:32:15.143033Z[0m [33m WARN[0m [2mmercury::engine::market_actor[0m[2m:[0m Opportunity BLOCKED by circuit breakers [3mopp_id[0m[2m=[0m608cb7e9-16d9-42bd-92a7-f2ada9c24d48 [3mmarket_id[0m[2m=[0m631deb8c-fbb4-489e-818e-ae698f57f50b [3mapproved_size[0m[2m=[0m60
[2m2026-04-12T20:32:15.143062Z[0m [34mDEBUG[0m [2mmercury::engine::spread[0m[2m:[0m Evaluated spread direction 2 [3mmarket_id[0m[2m=[0m631deb8c-fbb4-489e-818e-ae698f57f50b [3mdirection[0m[2m=[0m"NO-A/YES-B" [3mraw_spread[0m[2m=[0m-0.0600 [3mbid_a[0m[2m=[0m0.5500 [3mask_b[0m[2m=[0m0.61
[2m2026-04-12T20:32:15.143155Z[0m [32m INFO[0m [2mmercury::engine::detector[0m[2m:[0m ARB OPPORTUNITY DETECTED — passing to execution pipeline [3mmarket_id[0m[2m=[0m631deb8c-fbb4-489e-818e-ae698f57f50b [3mnet_spread[0m[2m=[0m0.0276838223552894211576846307 [3mraw_spread[0m[2m=[0m0.0400 [3mscore[0m[2m=[0m0.1134024198726807039291967368 [3mleg_a[0m[2m=[0mKalshi [3mleg_b[0m[2m=[0mPolymarket [3mleg_a_price[0m[2m=[0m0.5600 [3mleg_b_price[0m[2m=[0m0.4 [3mavailable_size[0m[2m=[0m60.12
[2m2026-04-12T20:32:15.143288Z[0m [34mDEBUG[0m [2mmercury::engine::market_actor[0m[2m:[0m Tick received — running arb detection [3mmarket_id[0m[2m=[0m631deb8c-fbb4-489e-818e-ae698f57f50b [3mplatform[0m[2m=[0mKalshi [3mbid[0m[2m=[0m0.5500 [3mask[0m[2m=[0m0.5600 [3mmid[0m[2m=[0m0.5550 [3mbid_size[0m[2m=[0m401.76 [3mask_size[0m[2m=[0m60.12
[2m2026-04-12T20:32:15.143313Z[0m [33m WARN[0m [2mmercury::risk::circuit_breaker[0m[2m:[0m Circuit breakers tripped [3mcount[0m[2m=[0m1
[2m2026-04-12T20:32:15.143364Z[0m [33m WARN[0m [2mmercury::engine::market_actor[0m[2m:[0m Opportunity BLOCKED by circuit breakers [3mopp_id[0m[2m=[0m738da424-44df-42c0-ad6b-f5fa07fe39d8 [3mmarket_id[0m[2m=[0m631deb8c-fbb4-489e-818e-ae698f57f50b [3mapproved_size[0m[2m=[0m60
[2m2026-04-12T20:32:15.143394Z[0m [34mDEBUG[0m [2mmercury::engine::spread[0m[2m:[0m Evaluated spread direction 2 [3mmarket_id[0m[2m=[0m631deb8c-fbb4-489e-818e-ae698f57f50b [3mdirection[0m[2m=[0m"NO-A/YES-B" [3mraw_spread[0m[2m=[0m-0.0600 [3mbid_a[0m[2m=[0m0.5500 [3mask_b[0m[2m=[0m0.61
[2m2026-04-12T20:32:15.143490Z[0m [32m INFO[0m [2mmercury::engine::detector[0m[2m:[0m ARB OPPORTUNITY DETECTED — passing to execution pipeline [3mmarket_id[0m[2m=[0m631deb8c-fbb4-489e-818e-ae698f57f50b [3mnet_spread[0m[2m=[0m0.0276838223552894211576846307 [3mraw_spread[0m[2m=[0m0.0400 [3mscore[0m[2m=[0m0.1134024198726807039291967368 [3mleg_a[0m[2m=[0mKalshi [3mleg_b[0m[2m=[0mPolymarket [3mleg_a_price[0m[2m=[0m0.5600 [3mleg_b_price[0m[2m=[0m0.4 [3mavailable_size[0m[2m=[0m60.12
[2m2026-04-12T20:32:15.143626Z[0m [34mDEBUG[0m [2mmercury::engine::market_actor[0m[2m:[0m Tick received — running arb detection [3mmarket_id[0m[2m=[0m631deb8c-fbb4-489e-818e-ae698f57f50b [3mplatform[0m[2m=[0mKalshi [3mbid[0m[2m=[0m0.5500 [3mask[0m[2m=[0m0.5600 [3mmid[0m[2m=[0m0.5550 [3mbid_size[0m[2m=[0m401.76 [3mask_size[0m[2m=[0m60.12
[2m2026-04-12T20:32:15.143649Z[0m [33m WARN[0m [2mmercury::risk::circuit_breaker[0m[2m:[0m Circuit breakers tripped [3mcount[0m[2m=[0m1
[2m2026-04-12T20:32:15.143706Z[0m [33m WARN[0m [2mmercury::engine::market_actor[0m[2m:[0m Opportunity BLOCKED by circuit breakers [3mopp_id[0m[2m=[0m26659e3d-bbac-42ea-a9de-99aad406b851 [3mmarket_id[0m[2m=[0m631deb8c-fbb4-489e-818e-ae698f57f50b [3mapproved_size[0m[2m=[0m60
[2m2026-04-12T20:32:15.143732Z[0m [34mDEBUG[0m [2mmercury::engine::spread[0m[2m:[0m Evaluated spread direction 2 [3mmarket_id[0m[2m=[0m631deb8c-fbb4-489e-818e-ae698f57f50b [3mdirection[0m[2m=[0m"NO-A/YES-B" [3mraw_spread[0m[2m=[0m-0.0600 [3mbid_a[0m[2m=[0m0.5500 [3mask_b[0m[2m=[0m0.61
[2m2026-04-12T20:32:15.143828Z[0m [32m INFO[0m [2mmercury::engine::detector[0m[2m:[0m ARB OPPORTUNITY DETECTED — passing to execution pipeline [3mmarket_id[0m[2m=[0m631deb8c-fbb4-489e-818e-ae698f57f50b [3mnet_spread[0m[2m=[0m0.0276838223552894211576846307 [3mraw_spread[0m[2m=[0m0.0400 [3mscore[0m[2m=[0m0.1134024198726807039291967368 [3mleg_a[0m[2m=[0mKalshi [3mleg_b[0m[2m=[0mPolymarket [3mleg_a_price[0m[2m=[0m0.5600 [3mleg_b_price[0m[2m=[0m0.4 [3mavailable_size[0m[2m=[0m60.12
[2m2026-04-12T20:32:15.143961Z[0m [34mDEBUG[0m [2mmercury::engine::market_actor[0m[2m:[0m Tick received — running arb detection [3mmarket_id[0m[2m=[0m631deb8c-fbb4-489e-818e-ae698f57f50b [3mplatform[0m[2m=[0mKalshi [3mbid[0m[2m=[0m0.5500 [3mask[0m[2m=[0m0.5600 [3mmid[0m[2m=[0m0.5550 [3mbid_size[0m[2m=[0m401.76 [3mask_size[0m[2m=[0m60.12
[2m2026-04-12T20:32:15.143984Z[0m [33m WARN[0m [2mmercury::risk::circuit_breaker[0m[2m:[0m Circuit breakers tripped [3mcount[0m[2m=[0m1
[2m2026-04-12T20:32:15.144041Z[0m [33m WARN[0m [2mmercury::engine::market_actor[0m[2m:[0m Opportunity BLOCKED by circuit breakers [3mopp_id[0m[2m=[0m66353197-9bce-4d31-a3bf-e16f2477e9d5 [3mmarket_id[0m[2m=[0m631deb8c-fbb4-489e-818e-ae698f57f50b [3mapproved_size[0m[2m=[0m60
[2m2026-04-12T20:32:15.144066Z[0m [34mDEBUG[0m [2mmercury::engine::spread[0m[2m:[0m Evaluated spread direction 2 [3mmarket_id[0m[2m=[0m631deb8c-fbb4-489e-818e-ae698f57f50b [3mdirection[0m[2m=[0m"NO-A/YES-B" [3mraw_spread[0m[2m=[0m-0.0600 [3mbid_a[0m[2m=[0m0.5500 [3mask_b[0m[2m=[0m0.61
[2m2026-04-12T20:32:15.144159Z[0m [32m INFO[0m [2mmercury::engine::detector[0m[2m:[0m ARB OPPORTUNITY DETECTED — passing to execution pipeline [3mmarket_id[0m[2m=[0m631deb8c-fbb4-489e-818e-ae698f57f50b [3mnet_spread[0m[2m=[0m0.0276838223552894211576846307 [3mraw_spread[0m[2m=[0m0.0400 [3mscore[0m[2m=[0m0.1134024198726807039291967368 [3mleg_a[0m[2m=[0mKalshi [3mleg_b[0m[2m=[0mPolymarket [3mleg_a_price[0m[2m=[0m0.5600 [3mleg_b_price[0m[2m=[0m0.4 [3mavailable_size[0m[2m=[0m60.12
[2m2026-04-12T20:32:15.144292Z[0m [34mDEBUG[0m [2mmercury::engine::market_actor[0m[2m:[0m Tick received — running arb detection [3mmarket_id[0m[2m=[0m631deb8c-fbb4-489e-818e-ae698f57f50b [3mplatform[0m[2m=[0mKalshi [3mbid[0m[2m=[0m0.5500 [3mask[0m[2m=[0m0.5600 [3mmid[0m[2m=[0m0.5550 [3mbid_size[0m[2m=[0m401.76 [3mask_size[0m[2m=[0m60.12
[2m2026-04-12T20:32:15.144315Z[0m [33m WARN[0m [2mmercury::risk::circuit_breaker[0m[2m:[0m Circuit breakers tripped [3mcount[0m[2m=[0m1
[2m2026-04-12T20:32:15.144371Z[0m [33m WARN[0m [2mmercury::engine::market_actor[0m[2m:[0m Opportunity BLOCKED by circuit breakers [3mopp_id[0m[2m=[0mcef0cb37-418c-47d7-b36a-0527ec68ce88 [3mmarket_id[0m[2m=[0m631deb8c-fbb4-489e-818e-ae698f57f50b [3mapproved_size[0m[2m=[0m60
[2m2026-04-12T20:32:15.144396Z[0m [34mDEBUG[0m [2mmercury::engine::spread[0m[2m:[0m Evaluated spread direction 2 [3mmarket_id[0m[2m=[0m631deb8c-fbb4-489e-818e-ae698f57f50b [3mdirection[0m[2m=[0m"NO-A/YES-B" [3mraw_spread[0m[2m=[0m-0.0600 [3mbid_a[0m[2m=[0m0.5500 [3mask_b[0m[2m=[0m0.61
[2m2026-04-12T20:32:15.144489Z[0m [32m INFO[0m [2mmercury::engine::detector[0m[2m:[0m ARB OPPORTUNITY DETECTED — passing to execution pipeline [3mmarket_id[0m[2m=[0m631deb8c-fbb4-489e-818e-ae698f57f50b [3mnet_spread[0m[2m=[0m0.0276838223552894211576846307 [3mraw_spread[0m[2m=[0m0.0400 [3mscore[0m[2m=[0m0.1134024198726807039291967368 [3mleg_a[0m[2m=[0mKalshi [3mleg_b[0m[2m=[0mPolymarket [3mleg_a_price[0m[2m=[0m0.5600 [3mleg_b_price[0m[2m=[0m0.4 [3mavailable_size[0m[2m=[0m60.12
[2m2026-04-12T20:32:15.144622Z[0m [34mDEBUG[0m [2mmercury::engine::market_actor[0m[2m:[0m Tick received — running arb detection [3mmarket_id[0m[2m=[0m631deb8c-fbb4-489e-818e-ae698f57f50b [3mplatform[0m[2m=[0mKalshi [3mbid[0m[2m=[0m0.5500 [3mask[0m[2m=[0m0.5600 [3mmid[0m[2m=[0m0.5550 [3mbid_size[0m[2m=[0m401.76 [3mask_size[0m[2m=[0m60.12
[2m2026-04-12T20:32:15.144645Z[0m [33m WARN[0m [2mmercury::risk::circuit_breaker[0m[2m:[0m Circuit breakers tripped [3mcount[0m[2m=[0m1
[2m2026-04-12T20:32:15.144701Z[0m [33m WARN[0m [2mmercury::engine::market_actor[0m[2m:[0m Opportunity BLOCKED by circuit breakers [3mopp_id[0m[2m=[0m52d17c72-797a-4018-a443-34ca64dda462 [3mmarket_id[0m[2m=[0m631deb8c-fbb4-489e-818e-ae698f57f50b [3mapproved_size[0m[2m=[0m60
[2m2026-04-12T20:32:15.144727Z[0m [34mDEBUG[0m [2mmercury::engine::spread[0m[2m:[0m Evaluated spread direction 2 [3mmarket_id[0m[2m=[0m631deb8c-fbb4-489e-818e-ae698f57f50b [3mdirection[0m[2m=[0m"NO-A/YES-B" [3mraw_spread[0m[2m=[0m-0.0600 [3mbid_a[0m[2m=[0m0.5500 [3mask_b[0m[2m=[0m0.61
[2m2026-04-12T20:32:15.144820Z[0m [32m INFO[0m [2mmercury::engine::detector[0m[2m:[0m ARB OPPORTUNITY DETECTED — passing to execution pipeline [3mmarket_id[0m[2m=[0m631deb8c-fbb4-489e-818e-ae698f57f50b [3mnet_spread[0m[2m=[0m0.0276838223552894211576846307 [3mraw_spread[0m[2m=[0m0.0400 [3mscore[0m[2m=[0m0.1134024198726807039291967368 [3mleg_a[0m[2m=[0mKalshi [3mleg_b[0m[2m=[0mPolymarket [3mleg_a_price[0m[2m=[0m0.5600 [3mleg_b_price[0m[2m=[0m0.4 [3mavailable_size[0m[2m=[0m60.12
[2m2026-04-12T20:32:15.144953Z[0m [34mDEBUG[0m [2mmercury::engine::market_actor[0m[2m:[0m Tick received — running arb detection [3mmarket_id[0m[2m=[0m631deb8c-fbb4-489e-818e-ae698f57f50b [3mplatform[0m[2m=[0mKalshi [3mbid[0m[2m=[0m0.5500 [3mask[0m[2m=[0m0.5600 [3mmid[0m[2m=[0m0.5550 [3mbid_size[0m[2m=[0m401.76 [3mask_size[0m[2m=[0m60.12
[2m2026-04-12T20:32:15.144975Z[0m [33m WARN[0m [2mmercury::risk::circuit_breaker[0m[2m:[0m Circuit breakers tripped [3mcount[0m[2m=[0m1
[2m2026-04-12T20:32:15.145032Z[0m [33m WARN[0m [2mmercury::engine::market_actor[0m[2m:[0m Opportunity BLOCKED by circuit breakers [3mopp_id[0m[2m=[0m2f31c999-4626-4bb6-a10c-257ce27f09bd [3mmarket_id[0m[2m=[0m631deb8c-fbb4-489e-818e-ae698f57f50b [3mapproved_size[0m[2m=[0m60
[2m2026-04-12T20:32:15.145057Z[0m [34mDEBUG[0m [2mmercury::engine::spread[0m[2m:[0m Evaluated spread direction 2 [3mmarket_id[0m[2m=[0m631deb8c-fbb4-489e-818e-ae698f57f50b [3mdirection[0m[2m=[0m"NO-A/YES-B" [3mraw_spread[0m[2m=[0m-0.0600 [3mbid_a[0m[2m=[0m0.5500 [3mask_b[0m[2m=[0m0.61
[2m2026-04-12T20:32:15.145147Z[0m [32m INFO[0m [2mmercury::engine::detector[0m[2m:[0m ARB OPPORTUNITY DETECTED — passing to execution pipeline [3mmarket_id[0m[2m=[0m631deb8c-fbb4-489e-818e-ae698f57f50b [3mnet_spread[0m[2m=[0m0.0276838223552894211576846307 [3mraw_spread[0m[2m=[0m0.0400 [3mscore[0m[2m=[0m0.1134024198726807039291967368 [3mleg_a[0m[2m=[0mKalshi [3mleg_b[0m[2m=[0mPolymarket [3mleg_a_price[0m[2m=[0m0.5600 [3mleg_b_price[0m[2m=[0m0.4 [3mavailable_size[0m[2m=[0m60.12
[2m2026-04-12T20:32:15.145281Z[0m [34mDEBUG[0m [2mmercury::engine::market_actor[0m[2m:[0m Tick received — running arb detection [3mmarket_id[0m[2m=[0m631deb8c-fbb4-489e-818e-ae698f57f50b [3mplatform[0m[2m=[0mKalshi [3mbid[0m[2m=[0m0.5500 [3mask[0m[2m=[0m0.5600 [3mmid[0m[2m=[0m0.5550 [3mbid_size[0m[2m=[0m401.76 [3mask_size[0m[2m=[0m60.12
[2m2026-04-12T20:32:15.145316Z[0m [33m WARN[0m [2mmercury::risk::circuit_breaker[0m[2m:[0m Circuit breakers tripped [3mcount[0m[2m=[0m1
[2m2026-04-12T20:32:15.145367Z[0m [33m WARN[0m [2mmercury::engine::market_actor[0m[2m:[0m Opportunity BLOCKED by circuit breakers [3mopp_id[0m[2m=[0m76ec4bd5-83c6-4a94-8e0c-e43c70cda1ef [3mmarket_id[0m[2m=[0m631deb8c-fbb4-489e-818e-ae698f57f50b [3mapproved_size[0m[2m=[0m60
[2m2026-04-12T20:32:15.145388Z[0m [34mDEBUG[0m [2mmercury::engine::spread[0m[2m:[0m Evaluated spread direction 2 [3mmarket_id[0m[2m=[0m631deb8c-fbb4-489e-818e-ae698f57f50b [3mdirection[0m[2m=[0m"NO-A/YES-B" [3mraw_spread[0m[2m=[0m-0.0600 [3mbid_a[0m[2m=[0m0.5500 [3mask_b[0m[2m=[0m0.61
[2m2026-04-12T20:32:15.145482Z[0m [32m INFO[0m [2mmercury::engine::detector[0m[2m:[0m ARB OPPORTUNITY DETECTED — passing to execution pipeline [3mmarket_id[0m[2m=[0m631deb8c-fbb4-489e-818e-ae698f57f50b [3mnet_spread[0m[2m=[0m0.0276838223552894211576846307 [3mraw_spread[0m[2m=[0m0.0400 [3mscore[0m[2m=[0m0.1134024198726807039291967368 [3mleg_a[0m[2m=[0mKalshi [3mleg_b[0m[2m=[0mPolymarket [3mleg_a_price[0m[2m=[0m0.5600 [3mleg_b_price[0m[2m=[0m0.4 [3mavailable_size[0m[2m=[0m60.12
[2m2026-04-12T20:32:15.145615Z[0m [34mDEBUG[0m [2mmercury::engine::market_actor[0m[2m:[0m Tick received — running arb detection [3mmarket_id[0m[2m=[0m631deb8c-fbb4-489e-818e-ae698f57f50b [3mplatform[0m[2m=[0mKalshi [3mbid[0m[2m=[0m0.5500 [3mask[0m[2m=[0m0.5600 [3mmid[0m[2m=[0m0.5550 [3mbid_size[0m[2m=[0m401.76 [3mask_size[0m[2m=[0m60.12
[2m2026-04-12T20:32:15.145633Z[0m [33m WARN[0m [2mmercury::risk::circuit_breaker[0m[2m:[0m Circuit breakers tripped [3mcount[0m[2m=[0m1
[2m2026-04-12T20:32:15.145702Z[0m [33m WARN[0m [2mmercury::engine::market_actor[0m[2m:[0m Opportunity BLOCKED by circuit breakers [3mopp_id[0m[2m=[0m75fd7d89-3958-4dd9-a9df-5c9be432a988 [3mmarket_id[0m[2m=[0m631deb8c-fbb4-489e-818e-ae698f57f50b [3mapproved_size[0m[2m=[0m60
[2m2026-04-12T20:32:15.145737Z[0m [34mDEBUG[0m [2mmercury::engine::spread[0m[2m:[0m Evaluated spread direction 2 [3mmarket_id[0m[2m=[0m631deb8c-fbb4-489e-818e-ae698f57f50b [3mdirection[0m[2m=[0m"NO-A/YES-B" [3mraw_spread[0m[2m=[0m-0.0600 [3mbid_a[0m[2m=[0m0.5500 [3mask_b[0m[2m=[0m0.61
[2m2026-04-12T20:32:15.145839Z[0m [32m INFO[0m [2mmercury::engine::detector[0m[2m:[0m ARB OPPORTUNITY DETECTED — passing to execution pipeline [3mmarket_id[0m[2m=[0m631deb8c-fbb4-489e-818e-ae698f57f50b [3mnet_spread[0m[2m=[0m0.0276838223552894211576846307 [3mraw_spread[0m[2m=[0m0.0400 [3mscore[0m[2m=[0m0.1134024198726807039291967368 [3mleg_a[0m[2m=[0mKalshi [3mleg_b[0m[2m=[0mPolymarket [3mleg_a_price[0m[2m=[0m0.5600 [3mleg_b_price[0m[2m=[0m0.4 [3mavailable_size[0m[2m=[0m60.12
[2m2026-04-12T20:32:15.145993Z[0m [34mDEBUG[0m [2mmercury::engine::market_actor[0m[2m:[0m Tick received — running arb detection [3mmarket_id[0m[2m=[0m631deb8c-fbb4-489e-818e-ae698f57f50b [3mplatform[0m[2m=[0mKalshi [3mbid[0m[2m=[0m0.5500 [3mask[0m[2m=[0m0.5600 [3mmid[0m[2m=[0m0.5550 [3mbid_size[0m[2m=[0m401.76 [3mask_size[0m[2m=[0m60.12
[2m2026-04-12T20:32:15.146053Z[0m [33m WARN[0m [2mmercury::risk::circuit_breaker[0m[2m:[0m Circuit breakers tripped [3mcount[0m[2m=[0m1
[2m2026-04-12T20:32:15.146097Z[0m [34mDEBUG[0m [2mmercury::engine::spread[0m[2m:[0m Evaluated spread direction 2 [3mmarket_id[0m[2m=[0m631deb8c-fbb4-489e-818e-ae698f57f50b [3mdirection[0m[2m=[0m"NO-A/YES-B" [3mraw_spread[0m[2m=[0m-0.0600 [3mbid_a[0m[2m=[0m0.5500 [3mask_b[0m[2m=[0m0.61
[2m2026-04-12T20:32:15.146114Z[0m [33m WARN[0m [2mmercury::engine::market_actor[0m[2m:[0m Opportunity BLOCKED by circuit breakers [3mopp_id[0m[2m=[0md64ce22f-6a8c-4a0a-b83b-6b9ad3a967e9 [3mmarket_id[0m[2m=[0m631deb8c-fbb4-489e-818e-ae698f57f50b [3mapproved_size[0m[2m=[0m60
[2m2026-04-12T20:32:15.146189Z[0m [32m INFO[0m [2mmercury::engine::detector[0m[2m:[0m ARB OPPORTUNITY DETECTED — passing to execution pipeline [3mmarket_id[0m[2m=[0m631deb8c-fbb4-489e-818e-ae698f57f50b [3mnet_spread[0m[2m=[0m0.0276838223552894211576846307 [3mraw_spread[0m[2m=[0m0.0400 [3mscore[0m[2m=[0m0.1134024198726807039291967368 [3mleg_a[0m[2m=[0mKalshi [3mleg_b[0m[2m=[0mPolymarket [3mleg_a_price[0m[2m=[0m0.5600 [3mleg_b_price[0m[2m=[0m0.4 [3mavailable_size[0m[2m=[0m60.12
[2m2026-04-12T20:32:15.146320Z[0m [34mDEBUG[0m [2mmercury::engine::market_actor[0m[2m:[0m Tick received — running arb detection [3mmarket_id[0m[2m=[0m631deb8c-fbb4-489e-818e-ae698f57f50b [3mplatform[0m[2m=[0mKalshi [3mbid[0m[2m=[0m0.5500 [3mask[0m[2m=[0m0.5600 [3mmid[0m[2m=[0m0.5550 [3mbid_size[0m[2m=[0m401.76 [3mask_size[0m[2m=[0m60.12
[2m2026-04-12T20:32:15.146347Z[0m [33m WARN[0m [2mmercury::risk::circuit_breaker[0m[2m:[0m Circuit breakers tripped [3mcount[0m[2m=[0m1
[2m2026-04-12T20:32:15.146401Z[0m [33m WARN[0m [2mmercury::engine::market_actor[0m[2m:[0m Opportunity BLOCKED by circuit breakers [3mopp_id[0m[2m=[0m96a7d175-a24c-499a-be03-1cecbe64b170 [3mmarket_id[0m[2m=[0m631deb8c-fbb4-489e-818e-ae698f57f50b [3mapproved_size[0m[2m=[0m60
[2m2026-04-12T20:32:15.146429Z[0m [34mDEBUG[0m [2mmercury::engine::spread[0m[2m:[0m Evaluated spread direction 2 [3mmarket_id[0m[2m=[0m631deb8c-fbb4-489e-818e-ae698f57f50b [3mdirection[0m[2m=[0m"NO-A/YES-B" [3mraw_spread[0m[2m=[0m-0.0600 [3mbid_a[0m[2m=[0m0.5500 [3mask_b[0m[2m=[0m0.61
[2m2026-04-12T20:32:15.146521Z[0m [32m INFO[0m [2mmercury::engine::detector[0m[2m:[0m ARB OPPORTUNITY DETECTED — passing to execution pipeline [3mmarket_id[0m[2m=[0m631deb8c-fbb4-489e-818e-ae698f57f50b [3mnet_spread[0m[2m=[0m0.0276838223552894211576846307 [3mraw_spread[0m[2m=[0m0.0400 [3mscore[0m[2m=[0m0.1134024198726807039291967368 [3mleg_a[0m[2m=[0mKalshi [3mleg_b[0m[2m=[0mPolymarket [3mleg_a_price[0m[2m=[0m0.5600 [3mleg_b_price[0m[2m=[0m0.4 [3mavailable_size[0m[2m=[0m60.12
[2m2026-04-12T20:32:15.146650Z[0m [34mDEBUG[0m [2mmercury::engine::market_actor[0m[2m:[0m Tick received — running arb detection [3mmarket_id[0m[2m=[0m631deb8c-fbb4-489e-818e-ae698f57f50b [3mplatform[0m[2m=[0mKalshi [3mbid[0m[2m=[0m0.5500 [3mask[0m[2m=[0m0.5600 [3mmid[0m[2m=[0m0.5550 [3mbid_size[0m[2m=[0m401.76 [3mask_size[0m[2m=[0m60.12
[2m2026-04-12T20:32:15.146675Z[0m [33m WARN[0m [2mmercury::risk::circuit_breaker[0m[2m:[0m Circuit breakers tripped [3mcount[0m[2m=[0m1
[2m2026-04-12T20:32:15.146727Z[0m [33m WARN[0m [2mmercury::engine::market_actor[0m[2m:[0m Opportunity BLOCKED by circuit breakers [3mopp_id[0m[2m=[0mb0ed0c64-2367-414a-998f-013052d6b988 [3mmarket_id[0m[2m=[0m631deb8c-fbb4-489e-818e-ae698f57f50b [3mapproved_size[0m[2m=[0m60
[2m2026-04-12T20:32:15.146751Z[0m [34mDEBUG[0m [2mmercury::engine::spread[0m[2m:[0m Evaluated spread direction 2 [3mmarket_id[0m[2m=[0m631deb8c-fbb4-489e-818e-ae698f57f50b [3mdirection[0m[2m=[0m"NO-A/YES-B" [3mraw_spread[0m[2m=[0m-0.0600 [3mbid_a[0m[2m=[0m0.5500 [3mask_b[0m[2m=[0m0.61
[2m2026-04-12T20:32:15.146846Z[0m [32m INFO[0m [2mmercury::engine::detector[0m[2m:[0m ARB OPPORTUNITY DETECTED — passing to execution pipeline [3mmarket_id[0m[2m=[0m631deb8c-fbb4-489e-818e-ae698f57f50b [3mnet_spread[0m[2m=[0m0.0276838223552894211576846307 [3mraw_spread[0m[2m=[0m0.0400 [3mscore[0m[2m=[0m0.1134024198726807039291967368 [3mleg_a[0m[2m=[0mKalshi [3mleg_b[0m[2m=[0mPolymarket [3mleg_a_price[0m[2m=[0m0.5600 [3mleg_b_price[0m[2m=[0m0.4 [3mavailable_size[0m[2m=[0m60.12
[2m2026-04-12T20:32:15.146993Z[0m [34mDEBUG[0m [2mmercury::engine::market_actor[0m[2m:[0m Tick received — running arb detection [3mmarket_id[0m[2m=[0m631deb8c-fbb4-489e-818e-ae698f57f50b [3mplatform[0m[2m=[0mKalshi [3mbid[0m[2m=[0m0.5500 [3mask[0m[2m=[0m0.5600 [3mmid[0m[2m=[0m0.5550 [3mbid_size[0m[2m=[0m401.76 [3mask_size[0m[2m=[0m60.12
[2m2026-04-12T20:32:15.147016Z[0m [33m WARN[0m [2mmercury::risk::circuit_breaker[0m[2m:[0m Circuit breakers tripped [3mcount[0m[2m=[0m1
[2m2026-04-12T20:32:15.147063Z[0m [33m WARN[0m [2mmercury::engine::market_actor[0m[2m:[0m Opportunity BLOCKED by circuit breakers [3mopp_id[0m[2m=[0md9b551bd-c923-4a9b-a92a-649450476025 [3mmarket_id[0m[2m=[0m631deb8c-fbb4-489e-818e-ae698f57f50b [3mapproved_size[0m[2m=[0m60
[2m2026-04-12T20:32:15.147088Z[0m [34mDEBUG[0m [2mmercury::engine::spread[0m[2m:[0m Evaluated spread direction 2 [3mmarket_id[0m[2m=[0m631deb8c-fbb4-489e-818e-ae698f57f50b [3mdirection[0m[2m=[0m"NO-A/YES-B" [3mraw_spread[0m[2m=[0m-0.0600 [3mbid_a[0m[2m=[0m0.5500 [3mask_b[0m[2m=[0m0.61
[2m2026-04-12T20:32:15.147177Z[0m [32m INFO[0m [2mmercury::engine::detector[0m[2m:[0m ARB OPPORTUNITY DETECTED — passing to execution pipeline [3mmarket_id[0m[2m=[0m631deb8c-fbb4-489e-818e-ae698f57f50b [3mnet_spread[0m[2m=[0m0.0276838223552894211576846307 [3mraw_spread[0m[2m=[0m0.0400 [3mscore[0m[2m=[0m0.1134024198726807039291967368 [3mleg_a[0m[2m=[0mKalshi [3mleg_b[0m[2m=[0mPolymarket [3mleg_a_price[0m[2m=[0m0.5600 [3mleg_b_price[0m[2m=[0m0.4 [3mavailable_size[0m[2m=[0m60.12
[2m2026-04-12T20:32:15.147301Z[0m [34mDEBUG[0m [2mmercury::engine::market_actor[0m[2m:[0m Tick received — running arb detection [3mmarket_id[0m[2m=[0m631deb8c-fbb4-489e-818e-ae698f57f50b [3mplatform[0m[2m=[0mKalshi [3mbid[0m[2m=[0m0.5500 [3mask[0m[2m=[0m0.5600 [3mmid[0m[2m=[0m0.5550 [3mbid_size[0m[2m=[0m401.76 [3mask_size[0m[2m=[0m62.12
[2m2026-04-12T20:32:15.147324Z[0m [33m WARN[0m [2mmercury::risk::circuit_breaker[0m[2m:[0m Circuit breakers tripped [3mcount[0m[2m=[0m1
[2m2026-04-12T20:32:15.147370Z[0m [33m WARN[0m [2mmercury::engine::market_actor[0m[2m:[0m Opportunity BLOCKED by circuit breakers [3mopp_id[0m[2m=[0m0f1b2b5f-f055-4aaf-9699-d29951679813 [3mmarket_id[0m[2m=[0m631deb8c-fbb4-489e-818e-ae698f57f50b [3mapproved_size[0m[2m=[0m60
[2m2026-04-12T20:32:15.147396Z[0m [34mDEBUG[0m [2mmercury::engine::spread[0m[2m:[0m Evaluated spread direction 2 [3mmarket_id[0m[2m=[0m631deb8c-fbb4-489e-818e-ae698f57f50b [3mdirection[0m[2m=[0m"NO-A/YES-B" [3mraw_spread[0m[2m=[0m-0.0600 [3mbid_a[0m[2m=[0m0.5500 [3mask_b[0m[2m=[0m0.61
[2m2026-04-12T20:32:15.147484Z[0m [32m INFO[0m [2mmercury::engine::detector[0m[2m:[0m ARB OPPORTUNITY DETECTED — passing to execution pipeline [3mmarket_id[0m[2m=[0m631deb8c-fbb4-489e-818e-ae698f57f50b [3mnet_spread[0m[2m=[0m0.027684987121699935608499678 [3mraw_spread[0m[2m=[0m0.0400 [3mscore[0m[2m=[0m0.1143131943570185940798793159 [3mleg_a[0m[2m=[0mKalshi [3mleg_b[0m[2m=[0mPolymarket [3mleg_a_price[0m[2m=[0m0.5600 [3mleg_b_price[0m[2m=[0m0.4 [3mavailable_size[0m[2m=[0m62.12
[2m2026-04-12T20:32:15.147608Z[0m [34mDEBUG[0m [2mmercury::engine::market_actor[0m[2m:[0m Tick received — running arb detection [3mmarket_id[0m[2m=[0m631deb8c-fbb4-489e-818e-ae698f57f50b [3mplatform[0m[2m=[0mKalshi [3mbid[0m[2m=[0m0.5500 [3mask[0m[2m=[0m0.5600 [3mmid[0m[2m=[0m0.5550 [3mbid_size[0m[2m=[0m401.76 [3mask_size[0m[2m=[0m62.12
[2m2026-04-12T20:32:15.147630Z[0m [33m WARN[0m [2mmercury::risk::circuit_breaker[0m[2m:[0m Circuit breakers tripped [3mcount[0m[2m=[0m1
[2m2026-04-12T20:32:15.147679Z[0m [33m WARN[0m [2mmercury::engine::market_actor[0m[2m:[0m Opportunity BLOCKED by circuit breakers [3mopp_id[0m[2m=[0m9d50b16c-6f1e-46a5-82ee-38bc643c17ff [3mmarket_id[0m[2m=[0m631deb8c-fbb4-489e-818e-ae698f57f50b [3mapproved_size[0m[2m=[0m60
[2m2026-04-12T20:32:15.147702Z[0m [34mDEBUG[0m [2mmercury::engine::spread[0m[2m:[0m Evaluated spread direction 2 [3mmarket_id[0m[2m=[0m631deb8c-fbb4-489e-818e-ae698f57f50b [3mdirection[0m[2m=[0m"NO-A/YES-B" [3mraw_spread[0m[2m=[0m-0.0600 [3mbid_a[0m[2m=[0m0.5500 [3mask_b[0m[2m=[0m0.61
[2m2026-04-12T20:32:15.147789Z[0m [32m INFO[0m [2mmercury::engine::detector[0m[2m:[0m ARB OPPORTUNITY DETECTED — passing to execution pipeline [3mmarket_id[0m[2m=[0m631deb8c-fbb4-489e-818e-ae698f57f50b [3mnet_spread[0m[2m=[0m0.027684987121699935608499678 [3mraw_spread[0m[2m=[0m0.0400 [3mscore[0m[2m=[0m0.1143131943570185940798793159 [3mleg_a[0m[2m=[0mKalshi [3mleg_b[0m[2m=[0mPolymarket [3mleg_a_price[0m[2m=[0m0.5600 [3mleg_b_price[0m[2m=[0m0.4 [3mavailable_size[0m[2m=[0m62.12
[2m2026-04-12T20:32:15.147914Z[0m [34mDEBUG[0m [2mmercury::engine::market_actor[0m[2m:[0m Tick received — running arb detection [3mmarket_id[0m[2m=[0m631deb8c-fbb4-489e-818e-ae698f57f50b [3mplatform[0m[2m=[0mKalshi [3mbid[0m[2m=[0m0.5500 [3mask[0m[2m=[0m0.5600 [3mmid[0m[2m=[0m0.5550 [3mbid_size[0m[2m=[0m401.76 [3mask_size[0m[2m=[0m62.12
[2m2026-04-12T20:32:15.147937Z[0m [33m WARN[0m [2mmercury::risk::circuit_breaker[0m[2m:[0m Circuit breakers tripped [3mcount[0m[2m=[0m1
[2m2026-04-12T20:32:15.147983Z[0m [33m WARN[0m [2mmercury::engine::market_actor[0m[2m:[0m Opportunity BLOCKED by circuit breakers [3mopp_id[0m[2m=[0m253b849d-6e52-4dd2-bd7a-3f40ac40c3b7 [3mmarket_id[0m[2m=[0m631deb8c-fbb4-489e-818e-ae698f57f50b [3mapproved_size[0m[2m=[0m62
[2m2026-04-12T20:32:15.148008Z[0m [34mDEBUG[0m [2mmercury::engine::spread[0m[2m:[0m Evaluated spread direction 2 [3mmarket_id[0m[2m=[0m631deb8c-fbb4-489e-818e-ae698f57f50b [3mdirection[0m[2m=[0m"NO-A/YES-B" [3mraw_spread[0m[2m=[0m-0.0600 [3mbid_a[0m[2m=[0m0.5500 [3mask_b[0m[2m=[0m0.61
[2m2026-04-12T20:32:15.148095Z[0m [32m INFO[0m [2mmercury::engine::detector[0m[2m:[0m ARB OPPORTUNITY DETECTED — passing to execution pipeline [3mmarket_id[0m[2m=[0m631deb8c-fbb4-489e-818e-ae698f57f50b [3mnet_spread[0m[2m=[0m0.027684987121699935608499678 [3mraw_spread[0m[2m=[0m0.0400 [3mscore[0m[2m=[0m0.1143131943570185940798793159 [3mleg_a[0m[2m=[0mKalshi [3mleg_b[0m[2m=[0mPolymarket [3mleg_a_price[0m[2m=[0m0.5600 [3mleg_b_price[0m[2m=[0m0.4 [3mavailable_size[0m[2m=[0m62.12
[2m2026-04-12T20:32:15.148220Z[0m [34mDEBUG[0m [2mmercury::engine::market_actor[0m[2m:[0m Tick received — running arb detection [3mmarket_id[0m[2m=[0m631deb8c-fbb4-489e-818e-ae698f57f50b [3mplatform[0m[2m=[0mKalshi [3mbid[0m[2m=[0m0.5500 [3mask[0m[2m=[0m0.5600 [3mmid[0m[2m=[0m0.5550 [3mbid_size[0m[2m=[0m401.76 [3mask_size[0m[2m=[0m62.12
[2m2026-04-12T20:32:15.148247Z[0m [33m WARN[0m [2mmercury::risk::circuit_breaker[0m[2m:[0m Circuit breakers tripped [3mcount[0m[2m=[0m1
[2m2026-04-12T20:32:15.148299Z[0m [33m WARN[0m [2mmercury::engine::market_actor[0m[2m:[0m Opportunity BLOCKED by circuit breakers [3mopp_id[0m[2m=[0m3216b2a7-3c00-4f80-b6db-26540af0c7c3 [3mmarket_id[0m[2m=[0m631deb8c-fbb4-489e-818e-ae698f57f50b [3mapproved_size[0m[2m=[0m62
[2m2026-04-12T20:32:15.148326Z[0m [34mDEBUG[0m [2mmercury::engine::spread[0m[2m:[0m Evaluated spread direction 2 [3mmarket_id[0m[2m=[0m631deb8c-fbb4-489e-818e-ae698f57f50b [3mdirection[0m[2m=[0m"NO-A/YES-B" [3mraw_spread[0m[2m=[0m-0.0600 [3mbid_a[0m[2m=[0m0.5500 [3mask_b[0m[2m=[0m0.61
[2m2026-04-12T20:32:15.148413Z[0m [32m INFO[0m [2mmercury::engine::detector[0m[2m:[0m ARB OPPORTUNITY DETECTED — passing to execution pipeline [3mmarket_id[0m[2m=[0m631deb8c-fbb4-489e-818e-ae698f57f50b [3mnet_spread[0m[2m=[0m0.027684987121699935608499678 [3mraw_spread[0m[2m=[0m0.0400 [3mscore[0m[2m=[0m0.1143131943570185940798793159 [3mleg_a[0m[2m=[0mKalshi [3mleg_b[0m[2m=[0mPolymarket [3mleg_a_price[0m[2m=[0m0.5600 [3mleg_b_price[0m[2m=[0m0.4 [3mavailable_size[0m[2m=[0m62.12
[2m2026-04-12T20:32:15.148540Z[0m [34mDEBUG[0m [2mmercury::engine::market_actor[0m[2m:[0m Tick received — running arb detection [3mmarket_id[0m[2m=[0m631deb8c-fbb4-489e-818e-ae698f57f50b [3mplatform[0m[2m=[0mKalshi [3mbid[0m[2m=[0m0.5500 [3mask[0m[2m=[0m0.5600 [3mmid[0m[2m=[0m0.5550 [3mbid_size[0m[2m=[0m401.76 [3mask_size[0m[2m=[0m62.12
[2m2026-04-12T20:32:15.148563Z[0m [33m WARN[0m [2mmercury::risk::circuit_breaker[0m[2m:[0m Circuit breakers tripped [3mcount[0m[2m=[0m1
[2m2026-04-12T20:32:15.148610Z[0m [33m WARN[0m [2mmercury::engine::market_actor[0m[2m:[0m Opportunity BLOCKED by circuit breakers [3mopp_id[0m[2m=[0m4896885f-6560-4557-acb8-d3d752642109 [3mmarket_id[0m[2m=[0m631deb8c-fbb4-489e-818e-ae698f57f50b [3mapproved_size[0m[2m=[0m62
[2m2026-04-12T20:32:15.148635Z[0m [34mDEBUG[0m [2mmercury::engine::spread[0m[2m:[0m Evaluated spread direction 2 [3mmarket_id[0m[2m=[0m631deb8c-fbb4-489e-818e-ae698f57f50b [3mdirection[0m[2m=[0m"NO-A/YES-B" [3mraw_spread[0m[2m=[0m-0.0600 [3mbid_a[0m[2m=[0m0.5500 [3mask_b[0m[2m=[0m0.61
[2m2026-04-12T20:32:15.148722Z[0m [32m INFO[0m [2mmercury::engine::detector[0m[2m:[0m ARB OPPORTUNITY DETECTED — passing to execution pipeline [3mmarket_id[0m[2m=[0m631deb8c-fbb4-489e-818e-ae698f57f50b [3mnet_spread[0m[2m=[0m0.027684987121699935608499678 [3mraw_spread[0m[2m=[0m0.0400 [3mscore[0m[2m=[0m0.1143131943570185940798793159 [3mleg_a[0m[2m=[0mKalshi [3mleg_b[0m[2m=[0mPolymarket [3mleg_a_price[0m[2m=[0m0.5600 [3mleg_b_price[0m[2m=[0m0.4 [3mavailable_size[0m[2m=[0m62.12
[2m2026-04-12T20:32:15.148847Z[0m [34mDEBUG[0m [2mmercury::engine::market_actor[0m[2m:[0m Tick received — running arb detection [3mmarket_id[0m[2m=[0m631deb8c-fbb4-489e-818e-ae698f57f50b [3mplatform[0m[2m=[0mKalshi [3mbid[0m[2m=[0m0.5500 [3mask[0m[2m=[0m0.5600 [3mmid[0m[2m=[0m0.5550 [3mbid_size[0m[2m=[0m401.76 [3mask_size[0m[2m=[0m62.12
[2m2026-04-12T20:32:15.148869Z[0m [33m WARN[0m [2mmercury::risk::circuit_breaker[0m[2m:[0m Circuit breakers tripped [3mcount[0m[2m=[0m1
[2m2026-04-12T20:32:15.148916Z[0m [33m WARN[0m [2mmercury::engine::market_actor[0m[2m:[0m Opportunity BLOCKED by circuit breakers [3mopp_id[0m[2m=[0mf4c9e174-d4f6-4dd7-bd52-f2dfe9af8952 [3mmarket_id[0m[2m=[0m631deb8c-fbb4-489e-818e-ae698f57f50b [3mapproved_size[0m[2m=[0m62
[2m2026-04-12T20:32:15.148942Z[0m [34mDEBUG[0m [2mmercury::engine::spread[0m[2m:[0m Evaluated spread direction 2 [3mmarket_id[0m[2m=[0m631deb8c-fbb4-489e-818e-ae698f57f50b [3mdirection[0m[2m=[0m"NO-A/YES-B" [3mraw_spread[0m[2m=[0m-0.0600 [3mbid_a[0m[2m=[0m0.5500 [3mask_b[0m[2m=[0m0.61
[2m2026-04-12T20:32:15.149028Z[0m [32m INFO[0m [2mmercury::engine::detector[0m[2m:[0m ARB OPPORTUNITY DETECTED — passing to execution pipeline [3mmarket_id[0m[2m=[0m631deb8c-fbb4-489e-818e-ae698f57f50b [3mnet_spread[0m[2m=[0m0.027684987121699935608499678 [3mraw_spread[0m[2m=[0m0.0400 [3mscore[0m[2m=[0m0.1143131943570185940798793159 [3mleg_a[0m[2m=[0mKalshi [3mleg_b[0m[2m=[0mPolymarket [3mleg_a_price[0m[2m=[0m0.5600 [3mleg_b_price[0m[2m=[0m0.4 [3mavailable_size[0m[2m=[0m62.12
[2m2026-04-12T20:32:15.149153Z[0m [34mDEBUG[0m [2mmercury::engine::market_actor[0m[2m:[0m Tick received — running arb detection [3mmarket_id[0m[2m=[0m631deb8c-fbb4-489e-818e-ae698f57f50b [3mplatform[0m[2m=[0mKalshi [3mbid[0m[2m=[0m0.5500 [3mask[0m[2m=[0m0.5600 [3mmid[0m[2m=[0m0.5550 [3mbid_size[0m[2m=[0m401.76 [3mask_size[0m[2m=[0m62.12
[2m2026-04-12T20:32:15.149190Z[0m [33m WARN[0m [2mmercury::risk::circuit_breaker[0m[2m:[0m Circuit breakers tripped [3mcount[0m[2m=[0m1
[2m2026-04-12T20:32:15.149238Z[0m [33m WARN[0m [2mmercury::engine::market_actor[0m[2m:[0m Opportunity BLOCKED by circuit breakers [3mopp_id[0m[2m=[0m18d43968-944f-43f5-84af-b62d40946662 [3mmarket_id[0m[2m=[0m631deb8c-fbb4-489e-818e-ae698f57f50b [3mapproved_size[0m[2m=[0m62
[2m2026-04-12T20:32:15.149255Z[0m [34mDEBUG[0m [2mmercury::engine::spread[0m[2m:[0m Evaluated spread direction 2 [3mmarket_id[0m[2m=[0m631deb8c-fbb4-489e-818e-ae698f57f50b [3mdirection[0m[2m=[0m"NO-A/YES-B" [3mraw_spread[0m[2m=[0m-0.0600 [3mbid_a[0m[2m=[0m0.5500 [3mask_b[0m[2m=[0m0.61
[2m2026-04-12T20:32:15.149338Z[0m [32m INFO[0m [2mmercury::engine::detector[0m[2m:[0m ARB OPPORTUNITY DETECTED — passing to execution pipeline [3mmarket_id[0m[2m=[0m631deb8c-fbb4-489e-818e-ae698f57f50b [3mnet_spread[0m[2m=[0m0.027684987121699935608499678 [3mraw_spread[0m[2m=[0m0.0400 [3mscore[0m[2m=[0m0.1143131943570185940798793159 [3mleg_a[0m[2m=[0mKalshi [3mleg_b[0m[2m=[0mPolymarket [3mleg_a_price[0m[2m=[0m0.5600 [3mleg_b_price[0m[2m=[0m0.4 [3mavailable_size[0m[2m=[0m62.12
[2m2026-04-12T20:32:15.149462Z[0m [34mDEBUG[0m [2mmercury::engine::market_actor[0m[2m:[0m Tick received — running arb detection [3mmarket_id[0m[2m=[0m631deb8c-fbb4-489e-818e-ae698f57f50b [3mplatform[0m[2m=[0mKalshi [3mbid[0m[2m=[0m0.5500 [3mask[0m[2m=[0m0.5600 [3mmid[0m[2m=[0m0.5550 [3mbid_size[0m[2m=[0m401.76 [3mask_size[0m[2m=[0m62.12
[2m2026-04-12T20:32:15.149488Z[0m [33m WARN[0m [2mmercury::risk::circuit_breaker[0m[2m:[0m Circuit breakers tripped [3mcount[0m[2m=[0m1
[2m2026-04-12T20:32:15.149546Z[0m [33m WARN[0m [2mmercury::engine::market_actor[0m[2m:[0m Opportunity BLOCKED by circuit breakers [3mopp_id[0m[2m=[0ma353eeac-1063-48f0-bfd4-b8518d7f6f31 [3mmarket_id[0m[2m=[0m631deb8c-fbb4-489e-818e-ae698f57f50b [3mapproved_size[0m[2m=[0m62
[2m2026-04-12T20:32:15.149564Z[0m [34mDEBUG[0m [2mmercury::engine::spread[0m[2m:[0m Evaluated spread direction 2 [3mmarket_id[0m[2m=[0m631deb8c-fbb4-489e-818e-ae698f57f50b [3mdirection[0m[2m=[0m"NO-A/YES-B" [3mraw_spread[0m[2m=[0m-0.0600 [3mbid_a[0m[2m=[0m0.5500 [3mask_b[0m[2m=[0m0.61
[2m2026-04-12T20:32:15.149651Z[0m [32m INFO[0m [2mmercury::engine::detector[0m[2m:[0m ARB OPPORTUNITY DETECTED — passing to execution pipeline [3mmarket_id[0m[2m=[0m631deb8c-fbb4-489e-818e-ae698f57f50b [3mnet_spread[0m[2m=[0m0.027684987121699935608499678 [3mraw_spread[0m[2m=[0m0.0400 [3mscore[0m[2m=[0m0.1143131943570185940798793159 [3mleg_a[0m[2m=[0mKalshi [3mleg_b[0m[2m=[0mPolymarket [3mleg_a_price[0m[2m=[0m0.5600 [3mleg_b_price[0m[2m=[0m0.4 [3mavailable_size[0m[2m=[0m62.12
[2m2026-04-12T20:32:15.149775Z[0m [34mDEBUG[0m [2mmercury::engine::market_actor[0m[2m:[0m Tick received — running arb detection [3mmarket_id[0m[2m=[0m631deb8c-fbb4-489e-818e-ae698f57f50b [3mplatform[0m[2m=[0mKalshi [3mbid[0m[2m=[0m0.5500 [3mask[0m[2m=[0m0.5600 [3mmid[0m[2m=[0m0.5550 [3mbid_size[0m[2m=[0m401.76 [3mask_size[0m[2m=[0m62.12
[2m2026-04-12T20:32:15.149799Z[0m [33m WARN[0m [2mmercury::risk::circuit_breaker[0m[2m:[0m Circuit breakers tripped [3mcount[0m[2m=[0m1
[2m2026-04-12T20:32:15.149845Z[0m [33m WARN[0m [2mmercury::engine::market_actor[0m[2m:[0m Opportunity BLOCKED by circuit breakers [3mopp_id[0m[2m=[0mf3aaf45e-13a8-43b6-91af-17f5e3ff2e22 [3mmarket_id[0m[2m=[0m631deb8c-fbb4-489e-818e-ae698f57f50b [3mapproved_size[0m[2m=[0m62
[2m2026-04-12T20:32:15.149870Z[0m [34mDEBUG[0m [2mmercury::engine::spread[0m[2m:[0m Evaluated spread direction 2 [3mmarket_id[0m[2m=[0m631deb8c-fbb4-489e-818e-ae698f57f50b [3mdirection[0m[2m=[0m"NO-A/YES-B" [3mraw_spread[0m[2m=[0m-0.0600 [3mbid_a[0m[2m=[0m0.5500 [3mask_b[0m[2m=[0m0.61
[2m2026-04-12T20:32:15.149958Z[0m [32m INFO[0m [2mmercury::engine::detector[0m[2m:[0m ARB OPPORTUNITY DETECTED — passing to execution pipeline [3mmarket_id[0m[2m=[0m631deb8c-fbb4-489e-818e-ae698f57f50b [3mnet_spread[0m[2m=[0m0.027684987121699935608499678 [3mraw_spread[0m[2m=[0m0.0400 [3mscore[0m[2m=[0m0.1143131943570185940798793159 [3mleg_a[0m[2m=[0mKalshi [3mleg_b[0m[2m=[0mPolymarket [3mleg_a_price[0m[2m=[0m0.5600 [3mleg_b_price[0m[2m=[0m0.4 [3mavailable_size[0m[2m=[0m62.12
[2m2026-04-12T20:32:15.150082Z[0m [34mDEBUG[0m [2mmercury::engine::market_actor[0m[2m:[0m Tick received — running arb detection [3mmarket_id[0m[2m=[0m631deb8c-fbb4-489e-818e-ae698f57f50b [3mplatform[0m[2m=[0mKalshi [3mbid[0m[2m=[0m0.5500 [3mask[0m[2m=[0m0.5600 [3mmid[0m[2m=[0m0.5550 [3mbid_size[0m[2m=[0m401.76 [3mask_size[0m[2m=[0m62.12
[2m2026-04-12T20:32:15.150105Z[0m [33m WARN[0m [2mmercury::risk::circuit_breaker[0m[2m:[0m Circuit breakers tripped [3mcount[0m[2m=[0m1
[2m2026-04-12T20:32:15.150150Z[0m [33m WARN[0m [2mmercury::engine::market_actor[0m[2m:[0m Opportunity BLOCKED by circuit breakers [3mopp_id[0m[2m=[0mdf703042-6903-4f9d-ae1d-a9189fe17e6e [3mmarket_id[0m[2m=[0m631deb8c-fbb4-489e-818e-ae698f57f50b [3mapproved_size[0m[2m=[0m62
[2m2026-04-12T20:32:15.150177Z[0m [34mDEBUG[0m [2mmercury::engine::spread[0m[2m:[0m Evaluated spread direction 2 [3mmarket_id[0m[2m=[0m631deb8c-fbb4-489e-818e-ae698f57f50b [3mdirection[0m[2m=[0m"NO-A/YES-B" [3mraw_spread[0m[2m=[0m-0.0600 [3mbid_a[0m[2m=[0m0.5500 [3mask_b[0m[2m=[0m0.61
[2m2026-04-12T20:32:15.150263Z[0m [32m INFO[0m [2mmercury::engine::detector[0m[2m:[0m ARB OPPORTUNITY DETECTED — passing to execution pipeline [3mmarket_id[0m[2m=[0m631deb8c-fbb4-489e-818e-ae698f57f50b [3mnet_spread[0m[2m=[0m0.027684987121699935608499678 [3mraw_spread[0m[2m=[0m0.0400 [3mscore[0m[2m=[0m0.1143131943570185940798793159 [3mleg_a[0m[2m=[0mKalshi [3mleg_b[0m[2m=[0mPolymarket [3mleg_a_price[0m[2m=[0m0.5600 [3mleg_b_price[0m[2m=[0m0.4 [3mavailable_size[0m[2m=[0m62.12
[2m2026-04-12T20:32:15.150387Z[0m [34mDEBUG[0m [2mmercury::engine::market_actor[0m[2m:[0m Tick received — running arb detection [3mmarket_id[0m[2m=[0m631deb8c-fbb4-489e-818e-ae698f57f50b [3mplatform[0m[2m=[0mKalshi [3mbid[0m[2m=[0m0.5500 [3mask[0m[2m=[0m0.5600 [3mmid[0m[2m=[0m0.5550 [3mbid_size[0m[2m=[0m401.76 [3mask_size[0m[2m=[0m62.12
[2m2026-04-12T20:32:15.150409Z[0m [33m WARN[0m [2mmercury::risk::circuit_breaker[0m[2m:[0m Circuit breakers tripped [3mcount[0m[2m=[0m1
[2m2026-04-12T20:32:15.150458Z[0m [33m WARN[0m [2mmercury::engine::market_actor[0m[2m:[0m Opportunity BLOCKED by circuit breakers [3mopp_id[0m[2m=[0mc2a145a1-a46e-4c6d-8ab7-f645c5033894 [3mmarket_id[0m[2m=[0m631deb8c-fbb4-489e-818e-ae698f57f50b [3mapproved_size[0m[2m=[0m62
[2m2026-04-12T20:32:15.150484Z[0m [34mDEBUG[0m [2mmercury::engine::spread[0m[2m:[0m Evaluated spread direction 2 [3mmarket_id[0m[2m=[0m631deb8c-fbb4-489e-818e-ae698f57f50b [3mdirection[0m[2m=[0m"NO-A/YES-B" [3mraw_spread[0m[2m=[0m-0.0600 [3mbid_a[0m[2m=[0m0.5500 [3mask_b[0m[2m=[0m0.61
[2m2026-04-12T20:32:15.150570Z[0m [32m INFO[0m [2mmercury::engine::detector[0m[2m:[0m ARB OPPORTUNITY DETECTED — passing to execution pipeline [3mmarket_id[0m[2m=[0m631deb8c-fbb4-489e-818e-ae698f57f50b [3mnet_spread[0m[2m=[0m0.027684987121699935608499678 [3mraw_spread[0m[2m=[0m0.0400 [3mscore[0m[2m=[0m0.1143131943570185940798793159 [3mleg_a[0m[2m=[0mKalshi [3mleg_b[0m[2m=[0mPolymarket [3mleg_a_price[0m[2m=[0m0.5600 [3mleg_b_price[0m[2m=[0m0.4 [3mavailable_size[0m[2m=[0m62.12
[2m2026-04-12T20:32:15.150694Z[0m [34mDEBUG[0m [2mmercury::engine::market_actor[0m[2m:[0m Tick received — running arb detection [3mmarket_id[0m[2m=[0m631deb8c-fbb4-489e-818e-ae698f57f50b [3mplatform[0m[2m=[0mKalshi [3mbid[0m[2m=[0m0.5500 [3mask[0m[2m=[0m0.5600 [3mmid[0m[2m=[0m0.5550 [3mbid_size[0m[2m=[0m401.76 [3mask_size[0m[2m=[0m62.12
[2m2026-04-12T20:32:15.150719Z[0m [33m WARN[0m [2mmercury::risk::circuit_breaker[0m[2m:[0m Circuit breakers tripped [3mcount[0m[2m=[0m1
[2m2026-04-12T20:32:15.150766Z[0m [33m WARN[0m [2mmercury::engine::market_actor[0m[2m:[0m Opportunity BLOCKED by circuit breakers [3mopp_id[0m[2m=[0mf08f31e7-7e0d-4c21-b74a-471393512b46 [3mmarket_id[0m[2m=[0m631deb8c-fbb4-489e-818e-ae698f57f50b [3mapproved_size[0m[2m=[0m62
[2m2026-04-12T20:32:15.150792Z[0m [34mDEBUG[0m [2mmercury::engine::spread[0m[2m:[0m Evaluated spread direction 2 [3mmarket_id[0m[2m=[0m631deb8c-fbb4-489e-818e-ae698f57f50b [3mdirection[0m[2m=[0m"NO-A/YES-B" [3mraw_spread[0m[2m=[0m-0.0600 [3mbid_a[0m[2m=[0m0.5500 [3mask_b[0m[2m=[0m0.61
[2m2026-04-12T20:32:15.150879Z[0m [32m INFO[0m [2mmercury::engine::detector[0m[2m:[0m ARB OPPORTUNITY DETECTED — passing to execution pipeline [3mmarket_id[0m[2m=[0m631deb8c-fbb4-489e-818e-ae698f57f50b [3mnet_spread[0m[2m=[0m0.027684987121699935608499678 [3mraw_spread[0m[2m=[0m0.0400 [3mscore[0m[2m=[0m0.1143131943570185940798793159 [3mleg_a[0m[2m=[0mKalshi [3mleg_b[0m[2m=[0mPolymarket [3mleg_a_price[0m[2m=[0m0.5600 [3mleg_b_price[0m[2m=[0m0.4 [3mavailable_size[0m[2m=[0m62.12
[2m2026-04-12T20:32:15.151017Z[0m [34mDEBUG[0m [2mmercury::engine::market_actor[0m[2m:[0m Tick received — running arb detection [3mmarket_id[0m[2m=[0m631deb8c-fbb4-489e-818e-ae698f57f50b [3mplatform[0m[2m=[0mKalshi [3mbid[0m[2m=[0m0.5500 [3mask[0m[2m=[0m0.5600 [3mmid[0m[2m=[0m0.5550 [3mbid_size[0m[2m=[0m401.76 [3mask_size[0m[2m=[0m62.12
[2m2026-04-12T20:32:15.151040Z[0m [33m WARN[0m [2mmercury::risk::circuit_breaker[0m[2m:[0m Circuit breakers tripped [3mcount[0m[2m=[0m1
[2m2026-04-12T20:32:15.151084Z[0m [33m WARN[0m [2mmercury::engine::market_actor[0m[2m:[0m Opportunity BLOCKED by circuit breakers [3mopp_id[0m[2m=[0m462e35fe-f069-4a00-bca4-c80f00138c86 [3mmarket_id[0m[2m=[0m631deb8c-fbb4-489e-818e-ae698f57f50b [3mapproved_size[0m[2m=[0m62
[2m2026-04-12T20:32:15.151110Z[0m [34mDEBUG[0m [2mmercury::engine::spread[0m[2m:[0m Evaluated spread direction 2 [3mmarket_id[0m[2m=[0m631deb8c-fbb4-489e-818e-ae698f57f50b [3mdirection[0m[2m=[0m"NO-A/YES-B" [3mraw_spread[0m[2m=[0m-0.0600 [3mbid_a[0m[2m=[0m0.5500 [3mask_b[0m[2m=[0m0.61
[2m2026-04-12T20:32:15.151195Z[0m [32m INFO[0m [2mmercury::engine::detector[0m[2m:[0m ARB OPPORTUNITY DETECTED — passing to execution pipeline [3mmarket_id[0m[2m=[0m631deb8c-fbb4-489e-818e-ae698f57f50b [3mnet_spread[0m[2m=[0m0.027684987121699935608499678 [3mraw_spread[0m[2m=[0m0.0400 [3mscore[0m[2m=[0m0.1143131943570185940798793159 [3mleg_a[0m[2m=[0mKalshi [3mleg_b[0m[2m=[0mPolymarket [3mleg_a_price[0m[2m=[0m0.5600 [3mleg_b_price[0m[2m=[0m0.4 [3mavailable_size[0m[2m=[0m62.12
[2m2026-04-12T20:32:15.151317Z[0m [34mDEBUG[0m [2mmercury::engine::market_actor[0m[2m:[0m Tick received — running arb detection [3mmarket_id[0m[2m=[0m631deb8c-fbb4-489e-818e-ae698f57f50b [3mplatform[0m[2m=[0mKalshi [3mbid[0m[2m=[0m0.5500 [3mask[0m[2m=[0m0.5600 [3mmid[0m[2m=[0m0.5550 [3mbid_size[0m[2m=[0m401.76 [3mask_size[0m[2m=[0m62.12
[2m2026-04-12T20:32:15.151337Z[0m [33m WARN[0m [2mmercury::risk::circuit_breaker[0m[2m:[0m Circuit breakers tripped [3mcount[0m[2m=[0m1
[2m2026-04-12T20:32:15.151384Z[0m [33m WARN[0m [2mmercury::engine::market_actor[0m[2m:[0m Opportunity BLOCKED by circuit breakers [3mopp_id[0m[2m=[0m6eaad24c-c121-43d5-ac76-e1b0c7b991cd [3mmarket_id[0m[2m=[0m631deb8c-fbb4-489e-818e-ae698f57f50b [3mapproved_size[0m[2m=[0m62
[2m2026-04-12T20:32:15.151410Z[0m [34mDEBUG[0m [2mmercury::engine::spread[0m[2m:[0m Evaluated spread direction 2 [3mmarket_id[0m[2m=[0m631deb8c-fbb4-489e-818e-ae698f57f50b [3mdirection[0m[2m=[0m"NO-A/YES-B" [3mraw_spread[0m[2m=[0m-0.0600 [3mbid_a[0m[2m=[0m0.5500 [3mask_b[0m[2m=[0m0.61
[2m2026-04-12T20:32:15.151496Z[0m [32m INFO[0m [2mmercury::engine::detector[0m[2m:[0m ARB OPPORTUNITY DETECTED — passing to execution pipeline [3mmarket_id[0m[2m=[0m631deb8c-fbb4-489e-818e-ae698f57f50b [3mnet_spread[0m[2m=[0m0.027684987121699935608499678 [3mraw_spread[0m[2m=[0m0.0400 [3mscore[0m[2m=[0m0.1143131943570185940798793159 [3mleg_a[0m[2m=[0mKalshi [3mleg_b[0m[2m=[0mPolymarket [3mleg_a_price[0m[2m=[0m0.5600 [3mleg_b_price[0m[2m=[0m0.4 [3mavailable_size[0m[2m=[0m62.12
[2m2026-04-12T20:32:15.151618Z[0m [34mDEBUG[0m [2mmercury::engine::market_actor[0m[2m:[0m Tick received — running arb detection [3mmarket_id[0m[2m=[0m631deb8c-fbb4-489e-818e-ae698f57f50b [3mplatform[0m[2m=[0mKalshi [3mbid[0m[2m=[0m0.5500 [3mask[0m[2m=[0m0.5600 [3mmid[0m[2m=[0m0.5550 [3mbid_size[0m[2m=[0m401.76 [3mask_size[0m[2m=[0m109.12
[2m2026-04-12T20:32:15.151639Z[0m [33m WARN[0m [2mmercury::risk::circuit_breaker[0m[2m:[0m Circuit breakers tripped [3mcount[0m[2m=[0m1
[2m2026-04-12T20:32:15.151685Z[0m [33m WARN[0m [2mmercury::engine::market_actor[0m[2m:[0m Opportunity BLOCKED by circuit breakers [3mopp_id[0m[2m=[0m66b9fff8-b0af-4ccd-a908-8cebcfe308b0 [3mmarket_id[0m[2m=[0m631deb8c-fbb4-489e-818e-ae698f57f50b [3mapproved_size[0m[2m=[0m62
[2m2026-04-12T20:32:15.151713Z[0m [34mDEBUG[0m [2mmercury::engine::spread[0m[2m:[0m Evaluated spread direction 2 [3mmarket_id[0m[2m=[0m631deb8c-fbb4-489e-818e-ae698f57f50b [3mdirection[0m[2m=[0m"NO-A/YES-B" [3mraw_spread[0m[2m=[0m-0.0600 [3mbid_a[0m[2m=[0m0.5500 [3mask_b[0m[2m=[0m0.61
[2m2026-04-12T20:32:15.151799Z[0m [32m INFO[0m [2mmercury::engine::detector[0m[2m:[0m ARB OPPORTUNITY DETECTED — passing to execution pipeline [3mmarket_id[0m[2m=[0m631deb8c-fbb4-489e-818e-ae698f57f50b [3mnet_spread[0m[2m=[0m0.0240133009530791788856304986 [3mraw_spread[0m[2m=[0m0.0400 [3mscore[0m[2m=[0m0.1016365611411343907471031663 [3mleg_a[0m[2m=[0mKalshi [3mleg_b[0m[2m=[0mPolymarket [3mleg_a_price[0m[2m=[0m0.5600 [3mleg_b_price[0m[2m=[0m0.4 [3mavailable_size[0m[2m=[0m68.89
[2m2026-04-12T20:32:15.151926Z[0m [34mDEBUG[0m [2mmercury::engine::market_actor[0m[2m:[0m Tick received — running arb detection [3mmarket_id[0m[2m=[0m631deb8c-fbb4-489e-818e-ae698f57f50b [3mplatform[0m[2m=[0mPolymarket [3mbid[0m[2m=[0m0.6 [3mask[0m[2m=[0m0.61 [3mmid[0m[2m=[0m0.6050 [3mbid_size[0m[2m=[0m68.89 [3mask_size[0m[2m=[0m5
[2m2026-04-12T20:32:15.151942Z[0m [33m WARN[0m [2mmercury::risk::circuit_breaker[0m[2m:[0m Circuit breakers tripped [3mcount[0m[2m=[0m1
[2m2026-04-12T20:32:15.151997Z[0m [33m WARN[0m [2mmercury::engine::market_actor[0m[2m:[0m Opportunity BLOCKED by circuit breakers [3mopp_id[0m[2m=[0m60cf5f52-5a8c-4c2b-bc45-cd76e4b82ccf [3mmarket_id[0m[2m=[0m631deb8c-fbb4-489e-818e-ae698f57f50b [3mapproved_size[0m[2m=[0m62
[2m2026-04-12T20:32:15.152020Z[0m [34mDEBUG[0m [2mmercury::engine::spread[0m[2m:[0m Evaluated spread direction 2 [3mmarket_id[0m[2m=[0m631deb8c-fbb4-489e-818e-ae698f57f50b [3mdirection[0m[2m=[0m"NO-A/YES-B" [3mraw_spread[0m[2m=[0m-0.0600 [3mbid_a[0m[2m=[0m0.5500 [3mask_b[0m[2m=[0m0.61
[2m2026-04-12T20:32:15.152106Z[0m [32m INFO[0m [2mmercury::engine::detector[0m[2m:[0m ARB OPPORTUNITY DETECTED — passing to execution pipeline [3mmarket_id[0m[2m=[0m631deb8c-fbb4-489e-818e-ae698f57f50b [3mnet_spread[0m[2m=[0m0.0240133009530791788856304986 [3mraw_spread[0m[2m=[0m0.0400 [3mscore[0m[2m=[0m0.1016365611411343907471031663 [3mleg_a[0m[2m=[0mKalshi [3mleg_b[0m[2m=[0mPolymarket [3mleg_a_price[0m[2m=[0m0.5600 [3mleg_b_price[0m[2m=[0m0.4 [3mavailable_size[0m[2m=[0m68.89
[2m2026-04-12T20:32:15.152233Z[0m [34mDEBUG[0m [2mmercury::engine::market_actor[0m[2m:[0m Tick received — running arb detection [3mmarket_id[0m[2m=[0m631deb8c-fbb4-489e-818e-ae698f57f50b [3mplatform[0m[2m=[0mPolymarket [3mbid[0m[2m=[0m0.6 [3mask[0m[2m=[0m0.61 [3mmid[0m[2m=[0m0.6050 [3mbid_size[0m[2m=[0m68.89 [3mask_size[0m[2m=[0m5
[2m2026-04-12T20:32:15.152250Z[0m [33m WARN[0m [2mmercury::risk::circuit_breaker[0m[2m:[0m Circuit breakers tripped [3mcount[0m[2m=[0m1
[2m2026-04-12T20:32:15.152308Z[0m [33m WARN[0m [2mmercury::engine::market_actor[0m[2m:[0m Opportunity BLOCKED by circuit breakers [3mopp_id[0m[2m=[0mceca4ce7-75f2-4041-9439-89ee38c21235 [3mmarket_id[0m[2m=[0m631deb8c-fbb4-489e-818e-ae698f57f50b [3mapproved_size[0m[2m=[0m68
[2m2026-04-12T20:32:15.152331Z[0m [34mDEBUG[0m [2mmercury::engine::spread[0m[2m:[0m Evaluated spread direction 2 [3mmarket_id[0m[2m=[0m631deb8c-fbb4-489e-818e-ae698f57f50b [3mdirection[0m[2m=[0m"NO-A/YES-B" [3mraw_spread[0m[2m=[0m-0.0600 [3mbid_a[0m[2m=[0m0.5500 [3mask_b[0m[2m=[0m0.61
[2m2026-04-12T20:32:15.152417Z[0m [32m INFO[0m [2mmercury::engine::detector[0m[2m:[0m ARB OPPORTUNITY DETECTED — passing to execution pipeline [3mmarket_id[0m[2m=[0m631deb8c-fbb4-489e-818e-ae698f57f50b [3mnet_spread[0m[2m=[0m0.0240133009530791788856304986 [3mraw_spread[0m[2m=[0m0.0400 [3mscore[0m[2m=[0m0.1016365611411343907471031663 [3mleg_a[0m[2m=[0mKalshi [3mleg_b[0m[2m=[0mPolymarket [3mleg_a_price[0m[2m=[0m0.5600 [3mleg_b_price[0m[2m=[0m0.4 [3mavailable_size[0m[2m=[0m68.89
[2m2026-04-12T20:32:15.152539Z[0m [34mDEBUG[0m [2mmercury::engine::market_actor[0m[2m:[0m Tick received — running arb detection [3mmarket_id[0m[2m=[0m631deb8c-fbb4-489e-818e-ae698f57f50b [3mplatform[0m[2m=[0mKalshi [3mbid[0m[2m=[0m0.5500 [3mask[0m[2m=[0m0.5600 [3mmid[0m[2m=[0m0.5550 [3mbid_size[0m[2m=[0m401.76 [3mask_size[0m[2m=[0m109.12
[2m2026-04-12T20:32:15.152564Z[0m [33m WARN[0m [2mmercury::risk::circuit_breaker[0m[2m:[0m Circuit breakers tripped [3mcount[0m[2m=[0m1
[2m2026-04-12T20:32:15.152610Z[0m [33m WARN[0m [2mmercury::engine::market_actor[0m[2m:[0m Opportunity BLOCKED by circuit breakers [3mopp_id[0m[2m=[0mc0fd1dc3-7c21-4bea-9c91-989044f107cc [3mmarket_id[0m[2m=[0m631deb8c-fbb4-489e-818e-ae698f57f50b [3mapproved_size[0m[2m=[0m68
[2m2026-04-12T20:32:15.152632Z[0m [34mDEBUG[0m [2mmercury::engine::spread[0m[2m:[0m Evaluated spread direction 2 [3mmarket_id[0m[2m=[0m631deb8c-fbb4-489e-818e-ae698f57f50b [3mdirection[0m[2m=[0m"NO-A/YES-B" [3mraw_spread[0m[2m=[0m-0.0600 [3mbid_a[0m[2m=[0m0.5500 [3mask_b[0m[2m=[0m0.61
[2m2026-04-12T20:32:15.152717Z[0m [32m INFO[0m [2mmercury::engine::detector[0m[2m:[0m ARB OPPORTUNITY DETECTED — passing to execution pipeline [3mmarket_id[0m[2m=[0m631deb8c-fbb4-489e-818e-ae698f57f50b [3mnet_spread[0m[2m=[0m0.0240133009530791788856304986 [3mraw_spread[0m[2m=[0m0.0400 [3mscore[0m[2m=[0m0.1016365611411343907471031663 [3mleg_a[0m[2m=[0mKalshi [3mleg_b[0m[2m=[0mPolymarket [3mleg_a_price[0m[2m=[0m0.5600 [3mleg_b_price[0m[2m=[0m0.4 [3mavailable_size[0m[2m=[0m68.89
[2m2026-04-12T20:32:15.152839Z[0m [34mDEBUG[0m [2mmercury::engine::market_actor[0m[2m:[0m Tick received — running arb detection [3mmarket_id[0m[2m=[0m631deb8c-fbb4-489e-818e-ae698f57f50b [3mplatform[0m[2m=[0mKalshi [3mbid[0m[2m=[0m0.5500 [3mask[0m[2m=[0m0.5600 [3mmid[0m[2m=[0m0.5550 [3mbid_size[0m[2m=[0m401.76 [3mask_size[0m[2m=[0m109.12
[2m2026-04-12T20:32:15.152861Z[0m [33m WARN[0m [2mmercury::risk::circuit_breaker[0m[2m:[0m Circuit breakers tripped [3mcount[0m[2m=[0m1
[2m2026-04-12T20:32:15.152906Z[0m [33m WARN[0m [2mmercury::engine::market_actor[0m[2m:[0m Opportunity BLOCKED by circuit breakers [3mopp_id[0m[2m=[0m6bdc222e-84aa-41c6-8d54-29cfa84a6bcf [3mmarket_id[0m[2m=[0m631deb8c-fbb4-489e-818e-ae698f57f50b [3mapproved_size[0m[2m=[0m68
[2m2026-04-12T20:32:15.152932Z[0m [34mDEBUG[0m [2mmercury::engine::spread[0m[2m:[0m Evaluated spread direction 2 [3mmarket_id[0m[2m=[0m631deb8c-fbb4-489e-818e-ae698f57f50b [3mdirection[0m[2m=[0m"NO-A/YES-B" [3mraw_spread[0m[2m=[0m-0.0600 [3mbid_a[0m[2m=[0m0.5500 [3mask_b[0m[2m=[0m0.61
[2m2026-04-12T20:32:15.153031Z[0m [32m INFO[0m [2mmercury::engine::detector[0m[2m:[0m ARB OPPORTUNITY DETECTED — passing to execution pipeline [3mmarket_id[0m[2m=[0m631deb8c-fbb4-489e-818e-ae698f57f50b [3mnet_spread[0m[2m=[0m0.0240133009530791788856304986 [3mraw_spread[0m[2m=[0m0.0400 [3mscore[0m[2m=[0m0.1016365611411343907471031663 [3mleg_a[0m[2m=[0mKalshi [3mleg_b[0m[2m=[0mPolymarket [3mleg_a_price[0m[2m=[0m0.5600 [3mleg_b_price[0m[2m=[0m0.4 [3mavailable_size[0m[2m=[0m68.89
[2m2026-04-12T20:32:15.153153Z[0m [34mDEBUG[0m [2mmercury::engine::market_actor[0m[2m:[0m Tick received — running arb detection [3mmarket_id[0m[2m=[0m631deb8c-fbb4-489e-818e-ae698f57f50b [3mplatform[0m[2m=[0mKalshi [3mbid[0m[2m=[0m0.5500 [3mask[0m[2m=[0m0.5600 [3mmid[0m[2m=[0m0.5550 [3mbid_size[0m[2m=[0m401.76 [3mask_size[0m[2m=[0m109.12
[2m2026-04-12T20:32:15.153175Z[0m [33m WARN[0m [2mmercury::risk::circuit_breaker[0m[2m:[0m Circuit breakers tripped [3mcount[0m[2m=[0m1
[2m2026-04-12T20:32:15.153220Z[0m [33m WARN[0m [2mmercury::engine::market_actor[0m[2m:[0m Opportunity BLOCKED by circuit breakers [3mopp_id[0m[2m=[0m4dbca1a8-0204-4911-b377-1bf02eb5bd33 [3mmarket_id[0m[2m=[0m631deb8c-fbb4-489e-818e-ae698f57f50b [3mapproved_size[0m[2m=[0m68
[2m2026-04-12T20:32:15.153246Z[0m [34mDEBUG[0m [2mmercury::engine::spread[0m[2m:[0m Evaluated spread direction 2 [3mmarket_id[0m[2m=[0m631deb8c-fbb4-489e-818e-ae698f57f50b [3mdirection[0m[2m=[0m"NO-A/YES-B" [3mraw_spread[0m[2m=[0m-0.0600 [3mbid_a[0m[2m=[0m0.5500 [3mask_b[0m[2m=[0m0.61
[2m2026-04-12T20:32:15.153335Z[0m [32m INFO[0m [2mmercury::engine::detector[0m[2m:[0m ARB OPPORTUNITY DETECTED — passing to execution pipeline [3mmarket_id[0m[2m=[0m631deb8c-fbb4-489e-818e-ae698f57f50b [3mnet_spread[0m[2m=[0m0.0240133009530791788856304986 [3mraw_spread[0m[2m=[0m0.0400 [3mscore[0m[2m=[0m0.1016365611411343907471031663 [3mleg_a[0m[2m=[0mKalshi [3mleg_b[0m[2m=[0mPolymarket [3mleg_a_price[0m[2m=[0m0.5600 [3mleg_b_price[0m[2m=[0m0.4 [3mavailable_size[0m[2m=[0m68.89
[2m2026-04-12T20:32:15.153456Z[0m [34mDEBUG[0m [2mmercury::engine::market_actor[0m[2m:[0m Tick received — running arb detection [3mmarket_id[0m[2m=[0m631deb8c-fbb4-489e-818e-ae698f57f50b [3mplatform[0m[2m=[0mKalshi [3mbid[0m[2m=[0m0.5500 [3mask[0m[2m=[0m0.5600 [3mmid[0m[2m=[0m0.5550 [3mbid_size[0m[2m=[0m401.76 [3mask_size[0m[2m=[0m109.12
[2m2026-04-12T20:32:15.153479Z[0m [33m WARN[0m [2mmercury::risk::circuit_breaker[0m[2m:[0m Circuit breakers tripped [3mcount[0m[2m=[0m1
[2m2026-04-12T20:32:15.153524Z[0m [33m WARN[0m [2mmercury::engine::market_actor[0m[2m:[0m Opportunity BLOCKED by circuit breakers [3mopp_id[0m[2m=[0ma98e2af0-41a3-4dec-a185-0a244a5f7252 [3mmarket_id[0m[2m=[0m631deb8c-fbb4-489e-818e-ae698f57f50b [3mapproved_size[0m[2m=[0m68
[2m2026-04-12T20:32:15.153550Z[0m [34mDEBUG[0m [2mmercury::engine::spread[0m[2m:[0m Evaluated spread direction 2 [3mmarket_id[0m[2m=[0m631deb8c-fbb4-489e-818e-ae698f57f50b [3mdirection[0m[2m=[0m"NO-A/YES-B" [3mraw_spread[0m[2m=[0m-0.0600 [3mbid_a[0m[2m=[0m0.5500 [3mask_b[0m[2m=[0m0.61
[2m2026-04-12T20:32:15.153635Z[0m [32m INFO[0m [2mmercury::engine::detector[0m[2m:[0m ARB OPPORTUNITY DETECTED — passing to execution pipeline [3mmarket_id[0m[2m=[0m631deb8c-fbb4-489e-818e-ae698f57f50b [3mnet_spread[0m[2m=[0m0.0240133009530791788856304986 [3mraw_spread[0m[2m=[0m0.0400 [3mscore[0m[2m=[0m0.1016365611411343907471031663 [3mleg_a[0m[2m=[0mKalshi [3mleg_b[0m[2m=[0mPolymarket [3mleg_a_price[0m[2m=[0m0.5600 [3mleg_b_price[0m[2m=[0m0.4 [3mavailable_size[0m[2m=[0m68.89
[2m2026-04-12T20:32:15.153758Z[0m [34mDEBUG[0m [2mmercury::engine::market_actor[0m[2m:[0m Tick received — running arb detection [3mmarket_id[0m[2m=[0m631deb8c-fbb4-489e-818e-ae698f57f50b [3mplatform[0m[2m=[0mKalshi [3mbid[0m[2m=[0m0.5500 [3mask[0m[2m=[0m0.5600 [3mmid[0m[2m=[0m0.5550 [3mbid_size[0m[2m=[0m401.76 [3mask_size[0m[2m=[0m109.12
[2m2026-04-12T20:32:15.153779Z[0m [33m WARN[0m [2mmercury::risk::circuit_breaker[0m[2m:[0m Circuit breakers tripped [3mcount[0m[2m=[0m1
[2m2026-04-12T20:32:15.153826Z[0m [33m WARN[0m [2mmercury::engine::market_actor[0m[2m:[0m Opportunity BLOCKED by circuit breakers [3mopp_id[0m[2m=[0m5337a98f-ef93-42b0-be90-96c91fce7298 [3mmarket_id[0m[2m=[0m631deb8c-fbb4-489e-818e-ae698f57f50b [3mapproved_size[0m[2m=[0m68
[2m2026-04-12T20:32:15.153853Z[0m [34mDEBUG[0m [2mmercury::engine::spread[0m[2m:[0m Evaluated spread direction 2 [3mmarket_id[0m[2m=[0m631deb8c-fbb4-489e-818e-ae698f57f50b [3mdirection[0m[2m=[0m"NO-A/YES-B" [3mraw_spread[0m[2m=[0m-0.0600 [3mbid_a[0m[2m=[0m0.5500 [3mask_b[0m[2m=[0m0.61
[2m2026-04-12T20:32:15.153938Z[0m [32m INFO[0m [2mmercury::engine::detector[0m[2m:[0m ARB OPPORTUNITY DETECTED — passing to execution pipeline [3mmarket_id[0m[2m=[0m631deb8c-fbb4-489e-818e-ae698f57f50b [3mnet_spread[0m[2m=[0m0.0240133009530791788856304986 [3mraw_spread[0m[2m=[0m0.0400 [3mscore[0m[2m=[0m0.1016365611411343907471031663 [3mleg_a[0m[2m=[0mKalshi [3mleg_b[0m[2m=[0mPolymarket [3mleg_a_price[0m[2m=[0m0.5600 [3mleg_b_price[0m[2m=[0m0.4 [3mavailable_size[0m[2m=[0m68.89
[2m2026-04-12T20:32:15.154059Z[0m [34mDEBUG[0m [2mmercury::engine::market_actor[0m[2m:[0m Tick received — running arb detection [3mmarket_id[0m[2m=[0m631deb8c-fbb4-489e-818e-ae698f57f50b [3mplatform[0m[2m=[0mKalshi [3mbid[0m[2m=[0m0.5500 [3mask[0m[2m=[0m0.5600 [3mmid[0m[2m=[0m0.5550 [3mbid_size[0m[2m=[0m401.76 [3mask_size[0m[2m=[0m109.12
[2m2026-04-12T20:32:15.154080Z[0m [33m WARN[0m [2mmercury::risk::circuit_breaker[0m[2m:[0m Circuit breakers tripped [3mcount[0m[2m=[0m1
[2m2026-04-12T20:32:15.154127Z[0m [33m WARN[0m [2mmercury::engine::market_actor[0m[2m:[0m Opportunity BLOCKED by circuit breakers [3mopp_id[0m[2m=[0m9e9ab55d-08fa-43ff-b12a-b3f7d9539ee2 [3mmarket_id[0m[2m=[0m631deb8c-fbb4-489e-818e-ae698f57f50b [3mapproved_size[0m[2m=[0m68
[2m2026-04-12T20:32:15.154154Z[0m [34mDEBUG[0m [2mmercury::engine::spread[0m[2m:[0m Evaluated spread direction 2 [3mmarket_id[0m[2m=[0m631deb8c-fbb4-489e-818e-ae698f57f50b [3mdirection[0m[2m=[0m"NO-A/YES-B" [3mraw_spread[0m[2m=[0m-0.0600 [3mbid_a[0m[2m=[0m0.5500 [3mask_b[0m[2m=[0m0.61
[2m2026-04-12T20:32:15.154239Z[0m [32m INFO[0m [2mmercury::engine::detector[0m[2m:[0m ARB OPPORTUNITY DETECTED — passing to execution pipeline [3mmarket_id[0m[2m=[0m631deb8c-fbb4-489e-818e-ae698f57f50b [3mnet_spread[0m[2m=[0m0.0240133009530791788856304986 [3mraw_spread[0m[2m=[0m0.0400 [3mscore[0m[2m=[0m0.1016365611411343907471031663 [3mleg_a[0m[2m=[0mKalshi [3mleg_b[0m[2m=[0mPolymarket [3mleg_a_price[0m[2m=[0m0.5600 [3mleg_b_price[0m[2m=[0m0.4 [3mavailable_size[0m[2m=[0m68.89
[2m2026-04-12T20:32:15.154383Z[0m [33m WARN[0m [2mmercury::risk::circuit_breaker[0m[2m:[0m Circuit breakers tripped [3mcount[0m[2m=[0m1
[2m2026-04-12T20:32:15.154429Z[0m [33m WARN[0m [2mmercury::engine::market_actor[0m[2m:[0m Opportunity BLOCKED by circuit breakers [3mopp_id[0m[2m=[0mdccd95c3-f418-48d9-8ed9-cb6723c62652 [3mmarket_id[0m[2m=[0m631deb8c-fbb4-489e-818e-ae698f57f50b [3mapproved_size[0m[2m=[0m68
[2m2026-04-12T20:32:15.154436Z[0m [33m WARN[0m [2mmercury::risk::circuit_breaker[0m[2m:[0m Circuit breakers tripped [3mcount[0m[2m=[0m1
[2m2026-04-12T20:32:15.154487Z[0m [33m WARN[0m [2mmercury::engine::market_actor[0m[2m:[0m Opportunity BLOCKED by circuit breakers [3mopp_id[0m[2m=[0m2ffa02ba-f081-4480-83ca-a9f3aee4ac52 [3mmarket_id[0m[2m=[0m631deb8c-fbb4-489e-818e-ae698f57f50b [3mapproved_size[0m[2m=[0m68
[2m2026-04-12T20:32:15.173151Z[0m [34mDEBUG[0m [2mmercury::engine::market_actor[0m[2m:[0m Tick received — running arb detection [3mmarket_id[0m[2m=[0m631deb8c-fbb4-489e-818e-ae698f57f50b [3mplatform[0m[2m=[0mKalshi [3mbid[0m[2m=[0m0.5500 [3mask[0m[2m=[0m0.5600 [3mmid[0m[2m=[0m0.5550 [3mbid_size[0m[2m=[0m401.76 [3mask_size[0m[2m=[0m109.12
[2m2026-04-12T20:32:15.173390Z[0m [34mDEBUG[0m [2mmercury::engine::spread[0m[2m:[0m Evaluated spread direction 2 [3mmarket_id[0m[2m=[0m631deb8c-fbb4-489e-818e-ae698f57f50b [3mdirection[0m[2m=[0m"NO-A/YES-B" [3mraw_spread[0m[2m=[0m-0.0600 [3mbid_a[0m[2m=[0m0.5500 [3mask_b[0m[2m=[0m0.61
[2m2026-04-12T20:32:15.173542Z[0m [32m INFO[0m [2mmercury::engine::detector[0m[2m:[0m ARB OPPORTUNITY DETECTED — passing to execution pipeline [3mmarket_id[0m[2m=[0m631deb8c-fbb4-489e-818e-ae698f57f50b [3mnet_spread[0m[2m=[0m0.0240133009530791788856304986 [3mraw_spread[0m[2m=[0m0.0400 [3mscore[0m[2m=[0m0.1016365611411343907471031663 [3mleg_a[0m[2m=[0mKalshi [3mleg_b[0m[2m=[0mPolymarket [3mleg_a_price[0m[2m=[0m0.5600 [3mleg_b_price[0m[2m=[0m0.4 [3mavailable_size[0m[2m=[0m68.89
[2m2026-04-12T20:32:15.173776Z[0m [33m WARN[0m [2mmercury::risk::circuit_breaker[0m[2m:[0m Circuit breakers tripped [3mcount[0m[2m=[0m1
[2m2026-04-12T20:32:15.173850Z[0m [33m WARN[0m [2mmercury::engine::market_actor[0m[2m:[0m Opportunity BLOCKED by circuit breakers [3mopp_id[0m[2m=[0mda262265-827c-43dd-9057-308d71c7e565 [3mmarket_id[0m[2m=[0m631deb8c-fbb4-489e-818e-ae698f57f50b [3mapproved_size[0m[2m=[0m68
[2m2026-04-12T20:32:15.197273Z[0m [34mDEBUG[0m [2mmercury::engine::market_actor[0m[2m:[0m Tick received — running arb detection [3mmarket_id[0m[2m=[0m631deb8c-fbb4-489e-818e-ae698f57f50b [3mplatform[0m[2m=[0mPolymarket [3mbid[0m[2m=[0m0.6 [3mask[0m[2m=[0m0.61 [3mmid[0m[2m=[0m0.6050 [3mbid_size[0m[2m=[0m68.89 [3mask_size[0m[2m=[0m5
[2m2026-04-12T20:32:15.197564Z[0m [34mDEBUG[0m [2mmercury::engine::spread[0m[2m:[0m Evaluated spread direction 2 [3mmarket_id[0m[2m=[0m631deb8c-fbb4-489e-818e-ae698f57f50b [3mdirection[0m[2m=[0m"NO-A/YES-B" [3mraw_spread[0m[2m=[0m-0.0600 [3mbid_a[0m[2m=[0m0.5500 [3mask_b[0m[2m=[0m0.61
[2m2026-04-12T20:32:15.197760Z[0m [32m INFO[0m [2mmercury::engine::detector[0m[2m:[0m ARB OPPORTUNITY DETECTED — passing to execution pipeline [3mmarket_id[0m[2m=[0m631deb8c-fbb4-489e-818e-ae698f57f50b [3mnet_spread[0m[2m=[0m0.0240133009530791788856304986 [3mraw_spread[0m[2m=[0m0.0400 [3mscore[0m[2m=[0m0.1016365611411343907471031663 [3mleg_a[0m[2m=[0mKalshi [3mleg_b[0m[2m=[0mPolymarket [3mleg_a_price[0m[2m=[0m0.5600 [3mleg_b_price[0m[2m=[0m0.4 [3mavailable_size[0m[2m=[0m68.89
[2m2026-04-12T20:32:15.198058Z[0m [33m WARN[0m [2mmercury::risk::circuit_breaker[0m[2m:[0m Circuit breakers tripped [3mcount[0m[2m=[0m1
[2m2026-04-12T20:32:15.198151Z[0m [33m WARN[0m [2mmercury::engine::market_actor[0m[2m:[0m Opportunity BLOCKED by circuit breakers [3mopp_id[0m[2m=[0mf47d1df8-5266-4c31-b4d4-0b2aeabc8a17 [3mmarket_id[0m[2m=[0m631deb8c-fbb4-489e-818e-ae698f57f50b [3mapproved_size[0m[2m=[0m68
[2m2026-04-12T20:32:15.215792Z[0m [34mDEBUG[0m [2mmercury::engine::market_actor[0m[2m:[0m Tick received — running arb detection [3mmarket_id[0m[2m=[0m631deb8c-fbb4-489e-818e-ae698f57f50b [3mplatform[0m[2m=[0mPolymarket [3mbid[0m[2m=[0m0.6 [3mask[0m[2m=[0m0.61 [3mmid[0m[2m=[0m0.6050 [3mbid_size[0m[2m=[0m68.89 [3mask_size[0m[2m=[0m5
[2m2026-04-12T20:32:15.216097Z[0m [34mDEBUG[0m [2mmercury::engine::spread[0m[2m:[0m Evaluated spread direction 2 [3mmarket_id[0m[2m=[0m631deb8c-fbb4-489e-818e-ae698f57f50b [3mdirection[0m[2m=[0m"NO-A/YES-B" [3mraw_spread[0m[2m=[0m-0.0600 [3mbid_a[0m[2m=[0m0.5500 [3mask_b[0m[2m=[0m0.61
[2m2026-04-12T20:32:15.216308Z[0m [32m INFO[0m [2mmercury::engine::detector[0m[2m:[0m ARB OPPORTUNITY DETECTED — passing to execution pipeline [3mmarket_id[0m[2m=[0m631deb8c-fbb4-489e-818e-ae698f57f50b [3mnet_spread[0m[2m=[0m0.0240133009530791788856304986 [3mraw_spread[0m[2m=[0m0.0400 [3mscore[0m[2m=[0m0.1016365611411343907471031663 [3mleg_a[0m[2m=[0mKalshi [3mleg_b[0m[2m=[0mPolymarket [3mleg_a_price[0m[2m=[0m0.5600 [3mleg_b_price[0m[2m=[0m0.4 [3mavailable_size[0m[2m=[0m68.89
[2m2026-04-12T20:32:15.216559Z[0m [34mDEBUG[0m [2mmercury::engine::market_actor[0m[2m:[0m Tick received — running arb detection [3mmarket_id[0m[2m=[0m631deb8c-fbb4-489e-818e-ae698f57f50b [3mplatform[0m[2m=[0mKalshi [3mbid[0m[2m=[0m0.5500 [3mask[0m[2m=[0m0.5600 [3mmid[0m[2m=[0m0.5550 [3mbid_size[0m[2m=[0m403.52 [3mask_size[0m[2m=[0m109.12
[2m2026-04-12T20:32:15.216764Z[0m [34mDEBUG[0m [2mmercury::engine::spread[0m[2m:[0m Evaluated spread direction 2 [3mmarket_id[0m[2m=[0m631deb8c-fbb4-489e-818e-ae698f57f50b [3mdirection[0m[2m=[0m"NO-A/YES-B" [3mraw_spread[0m[2m=[0m-0.0600 [3mbid_a[0m[2m=[0m0.5500 [3mask_b[0m[2m=[0m0.61
[2m2026-04-12T20:32:15.216941Z[0m [32m INFO[0m [2mmercury::engine::detector[0m[2m:[0m ARB OPPORTUNITY DETECTED — passing to execution pipeline [3mmarket_id[0m[2m=[0m631deb8c-fbb4-489e-818e-ae698f57f50b [3mnet_spread[0m[2m=[0m0.0240133009530791788856304986 [3mraw_spread[0m[2m=[0m0.0400 [3mscore[0m[2m=[0m0.1016365611411343907471031663 [3mleg_a[0m[2m=[0mKalshi [3mleg_b[0m[2m=[0mPolymarket [3mleg_a_price[0m[2m=[0m0.5600 [3mleg_b_price[0m[2m=[0m0.4 [3mavailable_size[0m[2m=[0m68.89
[2m2026-04-12T20:32:15.217189Z[0m [34mDEBUG[0m [2mmercury::engine::market_actor[0m[2m:[0m Tick received — running arb detection [3mmarket_id[0m[2m=[0m631deb8c-fbb4-489e-818e-ae698f57f50b [3mplatform[0m[2m=[0mKalshi [3mbid[0m[2m=[0m0.5500 [3mask[0m[2m=[0m0.5600 [3mmid[0m[2m=[0m0.5550 [3mbid_size[0m[2m=[0m403.52 [3mask_size[0m[2m=[0m109.12
[2m2026-04-12T20:32:15.217307Z[0m [33m WARN[0m [2mmercury::risk::circuit_breaker[0m[2m:[0m Circuit breakers tripped [3mcount[0m[2m=[0m1
[2m2026-04-12T20:32:15.217387Z[0m [34mDEBUG[0m [2mmercury::engine::spread[0m[2m:[0m Evaluated spread direction 2 [3mmarket_id[0m[2m=[0m631deb8c-fbb4-489e-818e-ae698f57f50b [3mdirection[0m[2m=[0m"NO-A/YES-B" [3mraw_spread[0m[2m=[0m-0.0600 [3mbid_a[0m[2m=[0m0.5500 [3mask_b[0m[2m=[0m0.61
[2m2026-04-12T20:32:15.217412Z[0m [33m WARN[0m [2mmercury::engine::market_actor[0m[2m:[0m Opportunity BLOCKED by circuit breakers [3mopp_id[0m[2m=[0mb0ac769f-6aba-488e-94cf-64aba46fa4ee [3mmarket_id[0m[2m=[0m631deb8c-fbb4-489e-818e-ae698f57f50b [3mapproved_size[0m[2m=[0m68
[2m2026-04-12T20:32:15.217567Z[0m [32m INFO[0m [2mmercury::engine::detector[0m[2m:[0m ARB OPPORTUNITY DETECTED — passing to execution pipeline [3mmarket_id[0m[2m=[0m631deb8c-fbb4-489e-818e-ae698f57f50b [3mnet_spread[0m[2m=[0m0.0240133009530791788856304986 [3mraw_spread[0m[2m=[0m0.0400 [3mscore[0m[2m=[0m0.1016365611411343907471031663 [3mleg_a[0m[2m=[0mKalshi [3mleg_b[0m[2m=[0mPolymarket [3mleg_a_price[0m[2m=[0m0.5600 [3mleg_b_price[0m[2m=[0m0.4 [3mavailable_size[0m[2m=[0m68.89
[2m2026-04-12T20:32:15.217758Z[0m [34mDEBUG[0m [2mmercury::engine::market_actor[0m[2m:[0m Tick received — running arb detection [3mmarket_id[0m[2m=[0m631deb8c-fbb4-489e-818e-ae698f57f50b [3mplatform[0m[2m=[0mKalshi [3mbid[0m[2m=[0m0.5500 [3mask[0m[2m=[0m0.5600 [3mmid[0m[2m=[0m0.5550 [3mbid_size[0m[2m=[0m404.52 [3mask_size[0m[2m=[0m109.12
[2m2026-04-12T20:32:15.217845Z[0m [33m WARN[0m [2mmercury::risk::circuit_breaker[0m[2m:[0m Circuit breakers tripped [3mcount[0m[2m=[0m1
[2m2026-04-12T20:32:15.217911Z[0m [34mDEBUG[0m [2mmercury::engine::spread[0m[2m:[0m Evaluated spread direction 2 [3mmarket_id[0m[2m=[0m631deb8c-fbb4-489e-818e-ae698f57f50b [3mdirection[0m[2m=[0m"NO-A/YES-B" [3mraw_spread[0m[2m=[0m-0.0600 [3mbid_a[0m[2m=[0m0.5500 [3mask_b[0m[2m=[0m0.61
[2m2026-04-12T20:32:15.217925Z[0m [33m WARN[0m [2mmercury::engine::market_actor[0m[2m:[0m Opportunity BLOCKED by circuit breakers [3mopp_id[0m[2m=[0m8088dddd-3cb8-4fb2-b9d1-641c3a6470d8 [3mmarket_id[0m[2m=[0m631deb8c-fbb4-489e-818e-ae698f57f50b [3mapproved_size[0m[2m=[0m68
[2m2026-04-12T20:32:15.218053Z[0m [32m INFO[0m [2mmercury::engine::detector[0m[2m:[0m ARB OPPORTUNITY DETECTED — passing to execution pipeline [3mmarket_id[0m[2m=[0m631deb8c-fbb4-489e-818e-ae698f57f50b [3mnet_spread[0m[2m=[0m0.0240133009530791788856304986 [3mraw_spread[0m[2m=[0m0.0400 [3mscore[0m[2m=[0m0.1016365611411343907471031663 [3mleg_a[0m[2m=[0mKalshi [3mleg_b[0m[2m=[0mPolymarket [3mleg_a_price[0m[2m=[0m0.5600 [3mleg_b_price[0m[2m=[0m0.4 [3mavailable_size[0m[2m=[0m68.89
[2m2026-04-12T20:32:15.218242Z[0m [34mDEBUG[0m [2mmercury::engine::market_actor[0m[2m:[0m Tick received — running arb detection [3mmarket_id[0m[2m=[0m631deb8c-fbb4-489e-818e-ae698f57f50b [3mplatform[0m[2m=[0mKalshi [3mbid[0m[2m=[0m0.5500 [3mask[0m[2m=[0m0.5600 [3mmid[0m[2m=[0m0.5550 [3mbid_size[0m[2m=[0m404.52 [3mask_size[0m[2m=[0m109.12
[2m2026-04-12T20:32:15.218332Z[0m [33m WARN[0m [2mmercury::risk::circuit_breaker[0m[2m:[0m Circuit breakers tripped [3mcount[0m[2m=[0m1
[2m2026-04-12T20:32:15.218396Z[0m [34mDEBUG[0m [2mmercury::engine::spread[0m[2m:[0m Evaluated spread direction 2 [3mmarket_id[0m[2m=[0m631deb8c-fbb4-489e-818e-ae698f57f50b [3mdirection[0m[2m=[0m"NO-A/YES-B" [3mraw_spread[0m[2m=[0m-0.0600 [3mbid_a[0m[2m=[0m0.5500 [3mask_b[0m[2m=[0m0.61
[2m2026-04-12T20:32:15.218412Z[0m [33m WARN[0m [2mmercury::engine::market_actor[0m[2m:[0m Opportunity BLOCKED by circuit breakers [3mopp_id[0m[2m=[0m4700a33b-3fe1-4768-9db1-155a0cf90db3 [3mmarket_id[0m[2m=[0m631deb8c-fbb4-489e-818e-ae698f57f50b [3mapproved_size[0m[2m=[0m68
[2m2026-04-12T20:32:15.218537Z[0m [32m INFO[0m [2mmercury::engine::detector[0m[2m:[0m ARB OPPORTUNITY DETECTED — passing to execution pipeline [3mmarket_id[0m[2m=[0m631deb8c-fbb4-489e-818e-ae698f57f50b [3mnet_spread[0m[2m=[0m0.0240133009530791788856304986 [3mraw_spread[0m[2m=[0m0.0400 [3mscore[0m[2m=[0m0.1016365611411343907471031663 [3mleg_a[0m[2m=[0mKalshi [3mleg_b[0m[2m=[0mPolymarket [3mleg_a_price[0m[2m=[0m0.5600 [3mleg_b_price[0m[2m=[0m0.4 [3mavailable_size[0m[2m=[0m68.89
[2m2026-04-12T20:32:15.218816Z[0m [33m WARN[0m [2mmercury::risk::circuit_breaker[0m[2m:[0m Circuit breakers tripped [3mcount[0m[2m=[0m1
[2m2026-04-12T20:32:15.218900Z[0m [33m WARN[0m [2mmercury::engine::market_actor[0m[2m:[0m Opportunity BLOCKED by circuit breakers [3mopp_id[0m[2m=[0m511f819b-6c54-4965-9d78-af63b20916f9 [3mmarket_id[0m[2m=[0m631deb8c-fbb4-489e-818e-ae698f57f50b [3mapproved_size[0m[2m=[0m68
[2m2026-04-12T20:32:15.218956Z[0m [33m WARN[0m [2mmercury::risk::circuit_breaker[0m[2m:[0m Circuit breakers tripped [3mcount[0m[2m=[0m1
[2m2026-04-12T20:32:15.219042Z[0m [33m WARN[0m [2mmercury::engine::market_actor[0m[2m:[0m Opportunity BLOCKED by circuit breakers [3mopp_id[0m[2m=[0m7ac92603-5c6c-462f-9e59-3389350769c7 [3mmarket_id[0m[2m=[0m631deb8c-fbb4-489e-818e-ae698f57f50b [3mapproved_size[0m[2m=[0m68
[2m2026-04-12T20:32:15.228688Z[0m [34mDEBUG[0m [2mmercury::engine::market_actor[0m[2m:[0m Tick received — running arb detection [3mmarket_id[0m[2m=[0m631deb8c-fbb4-489e-818e-ae698f57f50b [3mplatform[0m[2m=[0mKalshi [3mbid[0m[2m=[0m0.5500 [3mask[0m[2m=[0m0.5600 [3mmid[0m[2m=[0m0.5550 [3mbid_size[0m[2m=[0m404.52 [3mask_size[0m[2m=[0m109.12
[2m2026-04-12T20:32:15.228991Z[0m [34mDEBUG[0m [2mmercury::engine::spread[0m[2m:[0m Evaluated spread direction 2 [3mmarket_id[0m[2m=[0m631deb8c-fbb4-489e-818e-ae698f57f50b [3mdirection[0m[2m=[0m"NO-A/YES-B" [3mraw_spread[0m[2m=[0m-0.0600 [3mbid_a[0m[2m=[0m0.5500 [3mask_b[0m[2m=[0m0.61
[2m2026-04-12T20:32:15.229203Z[0m [32m INFO[0m [2mmercury::engine::detector[0m[2m:[0m ARB OPPORTUNITY DETECTED — passing to execution pipeline [3mmarket_id[0m[2m=[0m631deb8c-fbb4-489e-818e-ae698f57f50b [3mnet_spread[0m[2m=[0m0.0240133009530791788856304986 [3mraw_spread[0m[2m=[0m0.0400 [3mscore[0m[2m=[0m0.1016365611411343907471031663 [3mleg_a[0m[2m=[0mKalshi [3mleg_b[0m[2m=[0mPolymarket [3mleg_a_price[0m[2m=[0m0.5600 [3mleg_b_price[0m[2m=[0m0.4 [3mavailable_size[0m[2m=[0m68.89
[2m2026-04-12T20:32:15.229498Z[0m [33m WARN[0m [2mmercury::risk::circuit_breaker[0m[2m:[0m Circuit breakers tripped [3mcount[0m[2m=[0m1
[2m2026-04-12T20:32:15.229591Z[0m [33m WARN[0m [2mmercury::engine::market_actor[0m[2m:[0m Opportunity BLOCKED by circuit breakers [3mopp_id[0m[2m=[0m0f4439ce-7713-40e1-9e0c-be76dc4a54f9 [3mmarket_id[0m[2m=[0m631deb8c-fbb4-489e-818e-ae698f57f50b [3mapproved_size[0m[2m=[0m68
[2m2026-04-12T20:32:15.239286Z[0m [34mDEBUG[0m [2mmercury::engine::market_actor[0m[2m:[0m Tick received — running arb detection [3mmarket_id[0m[2m=[0m631deb8c-fbb4-489e-818e-ae698f57f50b [3mplatform[0m[2m=[0mKalshi [3mbid[0m[2m=[0m0.5500 [3mask[0m[2m=[0m0.5600 [3mmid[0m[2m=[0m0.5550 [3mbid_size[0m[2m=[0m4.52 [3mask_size[0m[2m=[0m109.12
[2m2026-04-12T20:32:15.239591Z[0m [34mDEBUG[0m [2mmercury::engine::spread[0m[2m:[0m Evaluated spread direction 2 [3mmarket_id[0m[2m=[0m631deb8c-fbb4-489e-818e-ae698f57f50b [3mdirection[0m[2m=[0m"NO-A/YES-B" [3mraw_spread[0m[2m=[0m-0.0600 [3mbid_a[0m[2m=[0m0.5500 [3mask_b[0m[2m=[0m0.61
[2m2026-04-12T20:32:15.239786Z[0m [32m INFO[0m [2mmercury::engine::detector[0m[2m:[0m ARB OPPORTUNITY DETECTED — passing to execution pipeline [3mmarket_id[0m[2m=[0m631deb8c-fbb4-489e-818e-ae698f57f50b [3mnet_spread[0m[2m=[0m0.0240133009530791788856304986 [3mraw_spread[0m[2m=[0m0.0400 [3mscore[0m[2m=[0m0.1016365611411343907471031663 [3mleg_a[0m[2m=[0mKalshi [3mleg_b[0m[2m=[0mPolymarket [3mleg_a_price[0m[2m=[0m0.5600 [3mleg_b_price[0m[2m=[0m0.4 [3mavailable_size[0m[2m=[0m68.89
[2m2026-04-12T20:32:15.240034Z[0m [34mDEBUG[0m [2mmercury::engine::market_actor[0m[2m:[0m Tick received — running arb detection [3mmarket_id[0m[2m=[0m631deb8c-fbb4-489e-818e-ae698f57f50b [3mplatform[0m[2m=[0mKalshi [3mbid[0m[2m=[0m0.5500 [3mask[0m[2m=[0m0.5600 [3mmid[0m[2m=[0m0.5550 [3mbid_size[0m[2m=[0m4.52 [3mask_size[0m[2m=[0m109.12
[2m2026-04-12T20:32:15.240234Z[0m [34mDEBUG[0m [2mmercury::engine::spread[0m[2m:[0m Evaluated spread direction 2 [3mmarket_id[0m[2m=[0m631deb8c-fbb4-489e-818e-ae698f57f50b [3mdirection[0m[2m=[0m"NO-A/YES-B" [3mraw_spread[0m[2m=[0m-0.0600 [3mbid_a[0m[2m=[0m0.5500 [3mask_b[0m[2m=[0m0.61
[2m2026-04-12T20:32:15.240371Z[0m [34mDEBUG[0m [2mmercury::engine::market_actor[0m[2m:[0m Tick received — running arb detection [3mmarket_id[0m[2m=[0m2b958b37-9921-40b8-b22d-64a67138ae70 [3mplatform[0m[2m=[0mPolymarket [3mbid[0m[2m=[0m0.59 [3mask[0m[2m=[0m0.61 [3mmid[0m[2m=[0m0.60 [3mbid_size[0m[2m=[0m6.72 [3mask_size[0m[2m=[0m12.21
[2m2026-04-12T20:32:15.240412Z[0m [32m INFO[0m [2mmercury::engine::detector[0m[2m:[0m ARB OPPORTUNITY DETECTED — passing to execution pipeline [3mmarket_id[0m[2m=[0m631deb8c-fbb4-489e-818e-ae698f57f50b [3mnet_spread[0m[2m=[0m0.0240133009530791788856304986 [3mraw_spread[0m[2m=[0m0.0400 [3mscore[0m[2m=[0m0.1016365611411343907471031663 [3mleg_a[0m[2m=[0mKalshi [3mleg_b[0m[2m=[0mPolymarket [3mleg_a_price[0m[2m=[0m0.5600 [3mleg_b_price[0m[2m=[0m0.4 [3mavailable_size[0m[2m=[0m68.89
[2m2026-04-12T20:32:15.240708Z[0m [33m WARN[0m [2mmercury::risk::circuit_breaker[0m[2m:[0m Circuit breakers tripped [3mcount[0m[2m=[0m1
[2m2026-04-12T20:32:15.240707Z[0m [34mDEBUG[0m [2mmercury::engine::market_actor[0m[2m:[0m Tick received — running arb detection [3mmarket_id[0m[2m=[0m2b958b37-9921-40b8-b22d-64a67138ae70 [3mplatform[0m[2m=[0mPolymarket [3mbid[0m[2m=[0m0.59 [3mask[0m[2m=[0m0.61 [3mmid[0m[2m=[0m0.60 [3mbid_size[0m[2m=[0m6.72 [3mask_size[0m[2m=[0m12.21
[2m2026-04-12T20:32:15.240803Z[0m [33m WARN[0m [2mmercury::engine::market_actor[0m[2m:[0m Opportunity BLOCKED by circuit breakers [3mopp_id[0m[2m=[0m3005b9f8-3013-4dfd-ab3e-05479443a34b [3mmarket_id[0m[2m=[0m631deb8c-fbb4-489e-818e-ae698f57f50b [3mapproved_size[0m[2m=[0m68
[2m2026-04-12T20:32:15.240889Z[0m [33m WARN[0m [2mmercury::risk::circuit_breaker[0m[2m:[0m Circuit breakers tripped [3mcount[0m[2m=[0m1
[2m2026-04-12T20:32:15.241003Z[0m [33m WARN[0m [2mmercury::engine::market_actor[0m[2m:[0m Opportunity BLOCKED by circuit breakers [3mopp_id[0m[2m=[0m840b18f9-af5b-4642-b8c0-39d2e4dccd04 [3mmarket_id[0m[2m=[0m631deb8c-fbb4-489e-818e-ae698f57f50b [3mapproved_size[0m[2m=[0m68
[2m2026-04-12T20:32:15.250177Z[0m [34mDEBUG[0m [2mmercury::engine::market_actor[0m[2m:[0m Tick received — running arb detection [3mmarket_id[0m[2m=[0m631deb8c-fbb4-489e-818e-ae698f57f50b [3mplatform[0m[2m=[0mKalshi [3mbid[0m[2m=[0m0.5500 [3mask[0m[2m=[0m0.5600 [3mmid[0m[2m=[0m0.5550 [3mbid_size[0m[2m=[0m2.76 [3mask_size[0m[2m=[0m109.12
[2m2026-04-12T20:32:15.250618Z[0m [34mDEBUG[0m [2mmercury::engine::spread[0m[2m:[0m Evaluated spread direction 2 [3mmarket_id[0m[2m=[0m631deb8c-fbb4-489e-818e-ae698f57f50b [3mdirection[0m[2m=[0m"NO-A/YES-B" [3mraw_spread[0m[2m=[0m-0.0600 [3mbid_a[0m[2m=[0m0.5500 [3mask_b[0m[2m=[0m0.61
[2m2026-04-12T20:32:15.250817Z[0m [32m INFO[0m [2mmercury::engine::detector[0m[2m:[0m ARB OPPORTUNITY DETECTED — passing to execution pipeline [3mmarket_id[0m[2m=[0m631deb8c-fbb4-489e-818e-ae698f57f50b [3mnet_spread[0m[2m=[0m0.0240133009530791788856304986 [3mraw_spread[0m[2m=[0m0.0400 [3mscore[0m[2m=[0m0.1016365611411343907471031663 [3mleg_a[0m[2m=[0mKalshi [3mleg_b[0m[2m=[0mPolymarket [3mleg_a_price[0m[2m=[0m0.5600 [3mleg_b_price[0m[2m=[0m0.4 [3mavailable_size[0m[2m=[0m68.89
[2m2026-04-12T20:32:15.251069Z[0m [34mDEBUG[0m [2mmercury::engine::market_actor[0m[2m:[0m Tick received — running arb detection [3mmarket_id[0m[2m=[0m631deb8c-fbb4-489e-818e-ae698f57f50b [3mplatform[0m[2m=[0mKalshi [3mbid[0m[2m=[0m0.5500 [3mask[0m[2m=[0m0.5600 [3mmid[0m[2m=[0m0.5550 [3mbid_size[0m[2m=[0m2.43 [3mask_size[0m[2m=[0m109.12
[2m2026-04-12T20:32:15.251267Z[0m [34mDEBUG[0m [2mmercury::engine::spread[0m[2m:[0m Evaluated spread direction 2 [3mmarket_id[0m[2m=[0m631deb8c-fbb4-489e-818e-ae698f57f50b [3mdirection[0m[2m=[0m"NO-A/YES-B" [3mraw_spread[0m[2m=[0m-0.0600 [3mbid_a[0m[2m=[0m0.5500 [3mask_b[0m[2m=[0m0.61
[2m2026-04-12T20:32:15.251442Z[0m [32m INFO[0m [2mmercury::engine::detector[0m[2m:[0m ARB OPPORTUNITY DETECTED — passing to execution pipeline [3mmarket_id[0m[2m=[0m631deb8c-fbb4-489e-818e-ae698f57f50b [3mnet_spread[0m[2m=[0m0.0240133009530791788856304986 [3mraw_spread[0m[2m=[0m0.0400 [3mscore[0m[2m=[0m0.1016365611411343907471031663 [3mleg_a[0m[2m=[0mKalshi [3mleg_b[0m[2m=[0mPolymarket [3mleg_a_price[0m[2m=[0m0.5600 [3mleg_b_price[0m[2m=[0m0.4 [3mavailable_size[0m[2m=[0m68.89
[2m2026-04-12T20:32:15.251739Z[0m [33m WARN[0m [2mmercury::risk::circuit_breaker[0m[2m:[0m Circuit breakers tripped [3mcount[0m[2m=[0m1
[2m2026-04-12T20:32:15.251836Z[0m [33m WARN[0m [2mmercury::engine::market_actor[0m[2m:[0m Opportunity BLOCKED by circuit breakers [3mopp_id[0m[2m=[0m7f695768-65e6-4f3a-b24b-dad1f11744c8 [3mmarket_id[0m[2m=[0m631deb8c-fbb4-489e-818e-ae698f57f50b [3mapproved_size[0m[2m=[0m68
[2m2026-04-12T20:32:15.251900Z[0m [33m WARN[0m [2mmercury::risk::circuit_breaker[0m[2m:[0m Circuit breakers tripped [3mcount[0m[2m=[0m1
[2m2026-04-12T20:32:15.252022Z[0m [33m WARN[0m [2mmercury::engine::market_actor[0m[2m:[0m Opportunity BLOCKED by circuit breakers [3mopp_id[0m[2m=[0m67601004-2044-49eb-8c4b-1962039ffba2 [3mmarket_id[0m[2m=[0m631deb8c-fbb4-489e-818e-ae698f57f50b [3mapproved_size[0m[2m=[0m68
[2m2026-04-12T20:32:15.289974Z[0m [34mDEBUG[0m [2mmercury::engine::market_actor[0m[2m:[0m Tick received — running arb detection [3mmarket_id[0m[2m=[0m631deb8c-fbb4-489e-818e-ae698f57f50b [3mplatform[0m[2m=[0mKalshi [3mbid[0m[2m=[0m0.5500 [3mask[0m[2m=[0m0.5600 [3mmid[0m[2m=[0m0.5550 [3mbid_size[0m[2m=[0m2.43 [3mask_size[0m[2m=[0m109.12
[2m2026-04-12T20:32:15.290323Z[0m [34mDEBUG[0m [2mmercury::engine::spread[0m[2m:[0m Evaluated spread direction 2 [3mmarket_id[0m[2m=[0m631deb8c-fbb4-489e-818e-ae698f57f50b [3mdirection[0m[2m=[0m"NO-A/YES-B" [3mraw_spread[0m[2m=[0m-0.0600 [3mbid_a[0m[2m=[0m0.5500 [3mask_b[0m[2m=[0m0.61
[2m2026-04-12T20:32:15.290524Z[0m [32m INFO[0m [2mmercury::engine::detector[0m[2m:[0m ARB OPPORTUNITY DETECTED — passing to execution pipeline [3mmarket_id[0m[2m=[0m631deb8c-fbb4-489e-818e-ae698f57f50b [3mnet_spread[0m[2m=[0m0.0240133009530791788856304986 [3mraw_spread[0m[2m=[0m0.0400 [3mscore[0m[2m=[0m0.1016365611411343907471031663 [3mleg_a[0m[2m=[0mKalshi [3mleg_b[0m[2m=[0mPolymarket [3mleg_a_price[0m[2m=[0m0.5600 [3mleg_b_price[0m[2m=[0m0.4 [3mavailable_size[0m[2m=[0m68.89
[2m2026-04-12T20:32:15.290772Z[0m [34mDEBUG[0m [2mmercury::engine::market_actor[0m[2m:[0m Tick received — running arb detection [3mmarket_id[0m[2m=[0m631deb8c-fbb4-489e-818e-ae698f57f50b [3mplatform[0m[2m=[0mKalshi [3mbid[0m[2m=[0m0.5500 [3mask[0m[2m=[0m0.5600 [3mmid[0m[2m=[0m0.5550 [3mbid_size[0m[2m=[0m202.43 [3mask_size[0m[2m=[0m109.12
[2m2026-04-12T20:32:15.290978Z[0m [34mDEBUG[0m [2mmercury::engine::spread[0m[2m:[0m Evaluated spread direction 2 [3mmarket_id[0m[2m=[0m631deb8c-fbb4-489e-818e-ae698f57f50b [3mdirection[0m[2m=[0m"NO-A/YES-B" [3mraw_spread[0m[2m=[0m-0.0600 [3mbid_a[0m[2m=[0m0.5500 [3mask_b[0m[2m=[0m0.61
[2m2026-04-12T20:32:15.291157Z[0m [32m INFO[0m [2mmercury::engine::detector[0m[2m:[0m ARB OPPORTUNITY DETECTED — passing to execution pipeline [3mmarket_id[0m[2m=[0m631deb8c-fbb4-489e-818e-ae698f57f50b [3mnet_spread[0m[2m=[0m0.0240133009530791788856304986 [3mraw_spread[0m[2m=[0m0.0400 [3mscore[0m[2m=[0m0.1016365611411343907471031663 [3mleg_a[0m[2m=[0mKalshi [3mleg_b[0m[2m=[0mPolymarket [3mleg_a_price[0m[2m=[0m0.5600 [3mleg_b_price[0m[2m=[0m0.4 [3mavailable_size[0m[2m=[0m68.89
[2m2026-04-12T20:32:15.291457Z[0m [33m WARN[0m [2mmercury::risk::circuit_breaker[0m[2m:[0m Circuit breakers tripped [3mcount[0m[2m=[0m1
[2m2026-04-12T20:32:15.291552Z[0m [33m WARN[0m [2mmercury::engine::market_actor[0m[2m:[0m Opportunity BLOCKED by circuit breakers [3mopp_id[0m[2m=[0m9ce55b5f-179f-4ca4-b303-240b12be7e67 [3mmarket_id[0m[2m=[0m631deb8c-fbb4-489e-818e-ae698f57f50b [3mapproved_size[0m[2m=[0m68
[2m2026-04-12T20:32:15.291626Z[0m [33m WARN[0m [2mmercury::risk::circuit_breaker[0m[2m:[0m Circuit breakers tripped [3mcount[0m[2m=[0m1
[2m2026-04-12T20:32:15.291743Z[0m [33m WARN[0m [2mmercury::engine::market_actor[0m[2m:[0m Opportunity BLOCKED by circuit breakers [3mopp_id[0m[2m=[0m8cdd162b-32d2-40aa-b80c-cdce2176f0f4 [3mmarket_id[0m[2m=[0m631deb8c-fbb4-489e-818e-ae698f57f50b [3mapproved_size[0m[2m=[0m68
[2m2026-04-12T20:32:15.295850Z[0m [34mDEBUG[0m [2mmercury::engine::market_actor[0m[2m:[0m Tick received — running arb detection [3mmarket_id[0m[2m=[0m631deb8c-fbb4-489e-818e-ae698f57f50b [3mplatform[0m[2m=[0mKalshi [3mbid[0m[2m=[0m0.5500 [3mask[0m[2m=[0m0.5600 [3mmid[0m[2m=[0m0.5550 [3mbid_size[0m[2m=[0m203.43 [3mask_size[0m[2m=[0m109.12
[2m2026-04-12T20:32:15.296211Z[0m [34mDEBUG[0m [2mmercury::engine::spread[0m[2m:[0m Evaluated spread direction 2 [3mmarket_id[0m[2m=[0m631deb8c-fbb4-489e-818e-ae698f57f50b [3mdirection[0m[2m=[0m"NO-A/YES-B" [3mraw_spread[0m[2m=[0m-0.0600 [3mbid_a[0m[2m=[0m0.5500 [3mask_b[0m[2m=[0m0.61
[2m2026-04-12T20:32:15.296418Z[0m [32m INFO[0m [2mmercury::engine::detector[0m[2m:[0m ARB OPPORTUNITY DETECTED — passing to execution pipeline [3mmarket_id[0m[2m=[0m631deb8c-fbb4-489e-818e-ae698f57f50b [3mnet_spread[0m[2m=[0m0.0240133009530791788856304986 [3mraw_spread[0m[2m=[0m0.0400 [3mscore[0m[2m=[0m0.1016365611411343907471031663 [3mleg_a[0m[2m=[0mKalshi [3mleg_b[0m[2m=[0mPolymarket [3mleg_a_price[0m[2m=[0m0.5600 [3mleg_b_price[0m[2m=[0m0.4 [3mavailable_size[0m[2m=[0m68.89
[2m2026-04-12T20:32:15.296732Z[0m [33m WARN[0m [2mmercury::risk::circuit_breaker[0m[2m:[0m Circuit breakers tripped [3mcount[0m[2m=[0m1
[2m2026-04-12T20:32:15.296829Z[0m [33m WARN[0m [2mmercury::engine::market_actor[0m[2m:[0m Opportunity BLOCKED by circuit breakers [3mopp_id[0m[2m=[0m6023642b-1440-4982-8e4f-51227429a7af [3mmarket_id[0m[2m=[0m631deb8c-fbb4-489e-818e-ae698f57f50b [3mapproved_size[0m[2m=[0m68
[2m2026-04-12T20:32:15.381302Z[0m [34mDEBUG[0m [2mmercury::engine::market_actor[0m[2m:[0m Tick received — running arb detection [3mmarket_id[0m[2m=[0m2b958b37-9921-40b8-b22d-64a67138ae70 [3mplatform[0m[2m=[0mPolymarket [3mbid[0m[2m=[0m0.59 [3mask[0m[2m=[0m0.61 [3mmid[0m[2m=[0m0.60 [3mbid_size[0m[2m=[0m6.72 [3mask_size[0m[2m=[0m12.21
[2m2026-04-12T20:32:15.381476Z[0m [34mDEBUG[0m [2mmercury::engine::market_actor[0m[2m:[0m Tick received — running arb detection [3mmarket_id[0m[2m=[0m631deb8c-fbb4-489e-818e-ae698f57f50b [3mplatform[0m[2m=[0mPolymarket [3mbid[0m[2m=[0m0.6 [3mask[0m[2m=[0m0.61 [3mmid[0m[2m=[0m0.6050 [3mbid_size[0m[2m=[0m68.89 [3mask_size[0m[2m=[0m5
[2m2026-04-12T20:32:15.381580Z[0m [34mDEBUG[0m [2mmercury::engine::market_actor[0m[2m:[0m Tick received — running arb detection [3mmarket_id[0m[2m=[0m2b958b37-9921-40b8-b22d-64a67138ae70 [3mplatform[0m[2m=[0mPolymarket [3mbid[0m[2m=[0m0.59 [3mask[0m[2m=[0m0.61 [3mmid[0m[2m=[0m0.60 [3mbid_size[0m[2m=[0m6.72 [3mask_size[0m[2m=[0m12.21
[2m2026-04-12T20:32:15.381723Z[0m [34mDEBUG[0m [2mmercury::engine::spread[0m[2m:[0m Evaluated spread direction 2 [3mmarket_id[0m[2m=[0m631deb8c-fbb4-489e-818e-ae698f57f50b [3mdirection[0m[2m=[0m"NO-A/YES-B" [3mraw_spread[0m[2m=[0m-0.0600 [3mbid_a[0m[2m=[0m0.5500 [3mask_b[0m[2m=[0m0.61
[2m2026-04-12T20:32:15.381927Z[0m [32m INFO[0m [2mmercury::engine::detector[0m[2m:[0m ARB OPPORTUNITY DETECTED — passing to execution pipeline [3mmarket_id[0m[2m=[0m631deb8c-fbb4-489e-818e-ae698f57f50b [3mnet_spread[0m[2m=[0m0.0240133009530791788856304986 [3mraw_spread[0m[2m=[0m0.0400 [3mscore[0m[2m=[0m0.1016365611411343907471031663 [3mleg_a[0m[2m=[0mKalshi [3mleg_b[0m[2m=[0mPolymarket [3mleg_a_price[0m[2m=[0m0.5600 [3mleg_b_price[0m[2m=[0m0.4 [3mavailable_size[0m[2m=[0m68.89
[2m2026-04-12T20:32:15.382193Z[0m [34mDEBUG[0m [2mmercury::engine::market_actor[0m[2m:[0m Tick received — running arb detection [3mmarket_id[0m[2m=[0m631deb8c-fbb4-489e-818e-ae698f57f50b [3mplatform[0m[2m=[0mPolymarket [3mbid[0m[2m=[0m0.6 [3mask[0m[2m=[0m0.61 [3mmid[0m[2m=[0m0.6050 [3mbid_size[0m[2m=[0m68.89 [3mask_size[0m[2m=[0m5
[2m2026-04-12T20:32:15.382389Z[0m [34mDEBUG[0m [2mmercury::engine::spread[0m[2m:[0m Evaluated spread direction 2 [3mmarket_id[0m[2m=[0m631deb8c-fbb4-489e-818e-ae698f57f50b [3mdirection[0m[2m=[0m"NO-A/YES-B" [3mraw_spread[0m[2m=[0m-0.0600 [3mbid_a[0m[2m=[0m0.5500 [3mask_b[0m[2m=[0m0.61
[2m2026-04-12T20:32:15.382569Z[0m [32m INFO[0m [2mmercury::engine::detector[0m[2m:[0m ARB OPPORTUNITY DETECTED — passing to execution pipeline [3mmarket_id[0m[2m=[0m631deb8c-fbb4-489e-818e-ae698f57f50b [3mnet_spread[0m[2m=[0m0.0240133009530791788856304986 [3mraw_spread[0m[2m=[0m0.0400 [3mscore[0m[2m=[0m0.1016365611411343907471031663 [3mleg_a[0m[2m=[0mKalshi [3mleg_b[0m[2m=[0mPolymarket [3mleg_a_price[0m[2m=[0m0.5600 [3mleg_b_price[0m[2m=[0m0.4 [3mavailable_size[0m[2m=[0m68.89
[2m2026-04-12T20:32:15.382835Z[0m [34mDEBUG[0m [2mmercury::engine::market_actor[0m[2m:[0m Tick received — running arb detection [3mmarket_id[0m[2m=[0m631deb8c-fbb4-489e-818e-ae698f57f50b [3mplatform[0m[2m=[0mPolymarket [3mbid[0m[2m=[0m0.6 [3mask[0m[2m=[0m0.61 [3mmid[0m[2m=[0m0.6050 [3mbid_size[0m[2m=[0m68.89 [3mask_size[0m[2m=[0m5
[2m2026-04-12T20:32:15.382941Z[0m [33m WARN[0m [2mmercury::risk::circuit_breaker[0m[2m:[0m Circuit breakers tripped [3mcount[0m[2m=[0m1
[2m2026-04-12T20:32:15.383031Z[0m [34mDEBUG[0m [2mmercury::engine::spread[0m[2m:[0m Evaluated spread direction 2 [3mmarket_id[0m[2m=[0m631deb8c-fbb4-489e-818e-ae698f57f50b [3mdirection[0m[2m=[0m"NO-A/YES-B" [3mraw_spread[0m[2m=[0m-0.0600 [3mbid_a[0m[2m=[0m0.5500 [3mask_b[0m[2m=[0m0.61
[2m2026-04-12T20:32:15.383046Z[0m [33m WARN[0m [2mmercury::engine::market_actor[0m[2m:[0m Opportunity BLOCKED by circuit breakers [3mopp_id[0m[2m=[0macc05967-3c8c-4316-abc1-892c0f80e1db [3mmarket_id[0m[2m=[0m631deb8c-fbb4-489e-818e-ae698f57f50b [3mapproved_size[0m[2m=[0m68
[2m2026-04-12T20:32:15.383211Z[0m [32m INFO[0m [2mmercury::engine::detector[0m[2m:[0m ARB OPPORTUNITY DETECTED — passing to execution pipeline [3mmarket_id[0m[2m=[0m631deb8c-fbb4-489e-818e-ae698f57f50b [3mnet_spread[0m[2m=[0m0.0240133009530791788856304986 [3mraw_spread[0m[2m=[0m0.0400 [3mscore[0m[2m=[0m0.1016365611411343907471031663 [3mleg_a[0m[2m=[0mKalshi [3mleg_b[0m[2m=[0mPolymarket [3mleg_a_price[0m[2m=[0m0.5600 [3mleg_b_price[0m[2m=[0m0.4 [3mavailable_size[0m[2m=[0m68.89
[2m2026-04-12T20:32:15.383493Z[0m [34mDEBUG[0m [2mmercury::engine::market_actor[0m[2m:[0m Tick received — running arb detection [3mmarket_id[0m[2m=[0m631deb8c-fbb4-489e-818e-ae698f57f50b [3mplatform[0m[2m=[0mPolymarket [3mbid[0m[2m=[0m0.6 [3mask[0m[2m=[0m0.61 [3mmid[0m[2m=[0m0.6050 [3mbid_size[0m[2m=[0m68.89 [3mask_size[0m[2m=[0m5
[2m2026-04-12T20:32:15.383545Z[0m [33m WARN[0m [2mmercury::risk::circuit_breaker[0m[2m:[0m Circuit breakers tripped [3mcount[0m[2m=[0m1
[2m2026-04-12T20:32:15.383630Z[0m [33m WARN[0m [2mmercury::engine::market_actor[0m[2m:[0m Opportunity BLOCKED by circuit breakers [3mopp_id[0m[2m=[0mca2baa1c-f4b6-4bec-8670-9871367296f7 [3mmarket_id[0m[2m=[0m631deb8c-fbb4-489e-818e-ae698f57f50b [3mapproved_size[0m[2m=[0m68
[2m2026-04-12T20:32:15.383641Z[0m [34mDEBUG[0m [2mmercury::engine::spread[0m[2m:[0m Evaluated spread direction 2 [3mmarket_id[0m[2m=[0m631deb8c-fbb4-489e-818e-ae698f57f50b [3mdirection[0m[2m=[0m"NO-A/YES-B" [3mraw_spread[0m[2m=[0m-0.0600 [3mbid_a[0m[2m=[0m0.5500 [3mask_b[0m[2m=[0m0.61
[2m2026-04-12T20:32:15.383772Z[0m [32m INFO[0m [2mmercury::engine::detector[0m[2m:[0m ARB OPPORTUNITY DETECTED — passing to execution pipeline [3mmarket_id[0m[2m=[0m631deb8c-fbb4-489e-818e-ae698f57f50b [3mnet_spread[0m[2m=[0m0.0240133009530791788856304986 [3mraw_spread[0m[2m=[0m0.0400 [3mscore[0m[2m=[0m0.1016365611411343907471031663 [3mleg_a[0m[2m=[0mKalshi [3mleg_b[0m[2m=[0mPolymarket [3mleg_a_price[0m[2m=[0m0.5600 [3mleg_b_price[0m[2m=[0m0.4 [3mavailable_size[0m[2m=[0m68.89
[2m2026-04-12T20:32:15.383992Z[0m [33m WARN[0m [2mmercury::risk::circuit_breaker[0m[2m:[0m Circuit breakers tripped [3mcount[0m[2m=[0m1
[2m2026-04-12T20:32:15.384065Z[0m [33m WARN[0m [2mmercury::engine::market_actor[0m[2m:[0m Opportunity BLOCKED by circuit breakers [3mopp_id[0m[2m=[0m42c4fa61-feac-4fda-86b5-c86716bc8339 [3mmarket_id[0m[2m=[0m631deb8c-fbb4-489e-818e-ae698f57f50b [3mapproved_size[0m[2m=[0m68
[2m2026-04-12T20:32:15.384107Z[0m [33m WARN[0m [2mmercury::risk::circuit_breaker[0m[2m:[0m Circuit breakers tripped [3mcount[0m[2m=[0m1
[2m2026-04-12T20:32:15.384196Z[0m [33m WARN[0m [2mmercury::engine::market_actor[0m[2m:[0m Opportunity BLOCKED by circuit breakers [3mopp_id[0m[2m=[0m14495953-1b2c-448a-9c7a-d7b75aa93d3b [3mmarket_id[0m[2m=[0m631deb8c-fbb4-489e-818e-ae698f57f50b [3mapproved_size[0m[2m=[0m68
[2m2026-04-12T20:32:15.446727Z[0m [34mDEBUG[0m [2mmercury::engine::market_actor[0m[2m:[0m Tick received — running arb detection [3mmarket_id[0m[2m=[0m631deb8c-fbb4-489e-818e-ae698f57f50b [3mplatform[0m[2m=[0mKalshi [3mbid[0m[2m=[0m0.5500 [3mask[0m[2m=[0m0.5600 [3mmid[0m[2m=[0m0.5550 [3mbid_size[0m[2m=[0m203.43 [3mask_size[0m[2m=[0m109.12
[2m2026-04-12T20:32:15.447045Z[0m [34mDEBUG[0m [2mmercury::engine::spread[0m[2m:[0m Evaluated spread direction 2 [3mmarket_id[0m[2m=[0m631deb8c-fbb4-489e-818e-ae698f57f50b [3mdirection[0m[2m=[0m"NO-A/YES-B" [3mraw_spread[0m[2m=[0m-0.0600 [3mbid_a[0m[2m=[0m0.5500 [3mask_b[0m[2m=[0m0.61
[2m2026-04-12T20:32:15.447243Z[0m [32m INFO[0m [2mmercury::engine::detector[0m[2m:[0m ARB OPPORTUNITY DETECTED — passing to execution pipeline [3mmarket_id[0m[2m=[0m631deb8c-fbb4-489e-818e-ae698f57f50b [3mnet_spread[0m[2m=[0m0.0240133009530791788856304986 [3mraw_spread[0m[2m=[0m0.0400 [3mscore[0m[2m=[0m0.1016365611411343907471031663 [3mleg_a[0m[2m=[0mKalshi [3mleg_b[0m[2m=[0mPolymarket [3mleg_a_price[0m[2m=[0m0.5600 [3mleg_b_price[0m[2m=[0m0.4 [3mavailable_size[0m[2m=[0m68.89
[2m2026-04-12T20:32:15.447494Z[0m [34mDEBUG[0m [2mmercury::engine::market_actor[0m[2m:[0m Tick received — running arb detection [3mmarket_id[0m[2m=[0m631deb8c-fbb4-489e-818e-ae698f57f50b [3mplatform[0m[2m=[0mKalshi [3mbid[0m[2m=[0m0.5500 [3mask[0m[2m=[0m0.5600 [3mmid[0m[2m=[0m0.5550 [3mbid_size[0m[2m=[0m283.43 [3mask_size[0m[2m=[0m109.12
[2m2026-04-12T20:32:15.447699Z[0m [34mDEBUG[0m [2mmercury::engine::spread[0m[2m:[0m Evaluated spread direction 2 [3mmarket_id[0m[2m=[0m631deb8c-fbb4-489e-818e-ae698f57f50b [3mdirection[0m[2m=[0m"NO-A/YES-B" [3mraw_spread[0m[2m=[0m-0.0600 [3mbid_a[0m[2m=[0m0.5500 [3mask_b[0m[2m=[0m0.61
[2m2026-04-12T20:32:15.447879Z[0m [32m INFO[0m [2mmercury::engine::detector[0m[2m:[0m ARB OPPORTUNITY DETECTED — passing to execution pipeline [3mmarket_id[0m[2m=[0m631deb8c-fbb4-489e-818e-ae698f57f50b [3mnet_spread[0m[2m=[0m0.0240133009530791788856304986 [3mraw_spread[0m[2m=[0m0.0400 [3mscore[0m[2m=[0m0.1016365611411343907471031663 [3mleg_a[0m[2m=[0mKalshi [3mleg_b[0m[2m=[0mPolymarket [3mleg_a_price[0m[2m=[0m0.5600 [3mleg_b_price[0m[2m=[0m0.4 [3mavailable_size[0m[2m=[0m68.89
[2m2026-04-12T20:32:15.448133Z[0m [34mDEBUG[0m [2mmercury::engine::market_actor[0m[2m:[0m Tick received — running arb detection [3mmarket_id[0m[2m=[0m631deb8c-fbb4-489e-818e-ae698f57f50b [3mplatform[0m[2m=[0mKalshi [3mbid[0m[2m=[0m0.5500 [3mask[0m[2m=[0m0.5600 [3mmid[0m[2m=[0m0.5550 [3mbid_size[0m[2m=[0m285.19 [3mask_size[0m[2m=[0m109.12
[2m2026-04-12T20:32:15.448259Z[0m [33m WARN[0m [2mmercury::risk::circuit_breaker[0m[2m:[0m Circuit breakers tripped [3mcount[0m[2m=[0m1
[2m2026-04-12T20:32:15.448336Z[0m [34mDEBUG[0m [2mmercury::engine::spread[0m[2m:[0m Evaluated spread direction 2 [3mmarket_id[0m[2m=[0m631deb8c-fbb4-489e-818e-ae698f57f50b [3mdirection[0m[2m=[0m"NO-A/YES-B" [3mraw_spread[0m[2m=[0m-0.0600 [3mbid_a[0m[2m=[0m0.5500 [3mask_b[0m[2m=[0m0.61
[2m2026-04-12T20:32:15.448366Z[0m [33m WARN[0m [2mmercury::engine::market_actor[0m[2m:[0m Opportunity BLOCKED by circuit breakers [3mopp_id[0m[2m=[0m938bcda0-8c80-426a-9cd8-b5f6b2375109 [3mmarket_id[0m[2m=[0m631deb8c-fbb4-489e-818e-ae698f57f50b [3mapproved_size[0m[2m=[0m68
[2m2026-04-12T20:32:15.448514Z[0m [32m INFO[0m [2mmercury::engine::detector[0m[2m:[0m ARB OPPORTUNITY DETECTED — passing to execution pipeline [3mmarket_id[0m[2m=[0m631deb8c-fbb4-489e-818e-ae698f57f50b [3mnet_spread[0m[2m=[0m0.0240133009530791788856304986 [3mraw_spread[0m[2m=[0m0.0400 [3mscore[0m[2m=[0m0.1016365611411343907471031663 [3mleg_a[0m[2m=[0mKalshi [3mleg_b[0m[2m=[0mPolymarket [3mleg_a_price[0m[2m=[0m0.5600 [3mleg_b_price[0m[2m=[0m0.4 [3mavailable_size[0m[2m=[0m68.89
[2m2026-04-12T20:32:15.448784Z[0m [34mDEBUG[0m [2mmercury::engine::market_actor[0m[2m:[0m Tick received — running arb detection [3mmarket_id[0m[2m=[0m631deb8c-fbb4-489e-818e-ae698f57f50b [3mplatform[0m[2m=[0mKalshi [3mbid[0m[2m=[0m0.5500 [3mask[0m[2m=[0m0.5600 [3mmid[0m[2m=[0m0.5550 [3mbid_size[0m[2m=[0m284.19 [3mask_size[0m[2m=[0m109.12
[2m2026-04-12T20:32:15.448891Z[0m [33m WARN[0m [2mmercury::risk::circuit_breaker[0m[2m:[0m Circuit breakers tripped [3mcount[0m[2m=[0m1
[2m2026-04-12T20:32:15.448969Z[0m [33m WARN[0m [2mmercury::engine::market_actor[0m[2m:[0m Opportunity BLOCKED by circuit breakers [3mopp_id[0m[2m=[0m36c4d9b7-2eba-4975-81d6-46cb8a9449e7 [3mmarket_id[0m[2m=[0m631deb8c-fbb4-489e-818e-ae698f57f50b [3mapproved_size[0m[2m=[0m68
[2m2026-04-12T20:32:15.448971Z[0m [34mDEBUG[0m [2mmercury::engine::spread[0m[2m:[0m Evaluated spread direction 2 [3mmarket_id[0m[2m=[0m631deb8c-fbb4-489e-818e-ae698f57f50b [3mdirection[0m[2m=[0m"NO-A/YES-B" [3mraw_spread[0m[2m=[0m-0.0600 [3mbid_a[0m[2m=[0m0.5500 [3mask_b[0m[2m=[0m0.61
[2m2026-04-12T20:32:15.449111Z[0m [32m INFO[0m [2mmercury::engine::detector[0m[2m:[0m ARB OPPORTUNITY DETECTED — passing to execution pipeline [3mmarket_id[0m[2m=[0m631deb8c-fbb4-489e-818e-ae698f57f50b [3mnet_spread[0m[2m=[0m0.0240133009530791788856304986 [3mraw_spread[0m[2m=[0m0.0400 [3mscore[0m[2m=[0m0.1016365611411343907471031663 [3mleg_a[0m[2m=[0mKalshi [3mleg_b[0m[2m=[0mPolymarket [3mleg_a_price[0m[2m=[0m0.5600 [3mleg_b_price[0m[2m=[0m0.4 [3mavailable_size[0m[2m=[0m68.89
[2m2026-04-12T20:32:15.449302Z[0m [34mDEBUG[0m [2mmercury::engine::market_actor[0m[2m:[0m Tick received — running arb detection [3mmarket_id[0m[2m=[0m631deb8c-fbb4-489e-818e-ae698f57f50b [3mplatform[0m[2m=[0mKalshi [3mbid[0m[2m=[0m0.5500 [3mask[0m[2m=[0m0.5600 [3mmid[0m[2m=[0m0.5550 [3mbid_size[0m[2m=[0m284.19 [3mask_size[0m[2m=[0m109.12
[2m2026-04-12T20:32:15.449389Z[0m [33m WARN[0m [2mmercury::risk::circuit_breaker[0m[2m:[0m Circuit breakers tripped [3mcount[0m[2m=[0m1
[2m2026-04-12T20:32:15.449457Z[0m [34mDEBUG[0m [2mmercury::engine::spread[0m[2m:[0m Evaluated spread direction 2 [3mmarket_id[0m[2m=[0m631deb8c-fbb4-489e-818e-ae698f57f50b [3mdirection[0m[2m=[0m"NO-A/YES-B" [3mraw_spread[0m[2m=[0m-0.0600 [3mbid_a[0m[2m=[0m0.5500 [3mask_b[0m[2m=[0m0.61
[2m2026-04-12T20:32:15.449469Z[0m [33m WARN[0m [2mmercury::engine::market_actor[0m[2m:[0m Opportunity BLOCKED by circuit breakers [3mopp_id[0m[2m=[0m405c03fa-12e3-4534-a2d1-043f76c0cd18 [3mmarket_id[0m[2m=[0m631deb8c-fbb4-489e-818e-ae698f57f50b [3mapproved_size[0m[2m=[0m68
[2m2026-04-12T20:32:15.449599Z[0m [32m INFO[0m [2mmercury::engine::detector[0m[2m:[0m ARB OPPORTUNITY DETECTED — passing to execution pipeline [3mmarket_id[0m[2m=[0m631deb8c-fbb4-489e-818e-ae698f57f50b [3mnet_spread[0m[2m=[0m0.0240133009530791788856304986 [3mraw_spread[0m[2m=[0m0.0400 [3mscore[0m[2m=[0m0.1016365611411343907471031663 [3mleg_a[0m[2m=[0mKalshi [3mleg_b[0m[2m=[0mPolymarket [3mleg_a_price[0m[2m=[0m0.5600 [3mleg_b_price[0m[2m=[0m0.4 [3mavailable_size[0m[2m=[0m68.89
[2m2026-04-12T20:32:15.449790Z[0m [34mDEBUG[0m [2mmercury::engine::market_actor[0m[2m:[0m Tick received — running arb detection [3mmarket_id[0m[2m=[0m631deb8c-fbb4-489e-818e-ae698f57f50b [3mplatform[0m[2m=[0mKalshi [3mbid[0m[2m=[0m0.5500 [3mask[0m[2m=[0m0.5600 [3mmid[0m[2m=[0m0.5550 [3mbid_size[0m[2m=[0m284.19 [3mask_size[0m[2m=[0m109.12
[2m2026-04-12T20:32:15.449879Z[0m [33m WARN[0m [2mmercury::risk::circuit_breaker[0m[2m:[0m Circuit breakers tripped [3mcount[0m[2m=[0m1
[2m2026-04-12T20:32:15.449945Z[0m [34mDEBUG[0m [2mmercury::engine::spread[0m[2m:[0m Evaluated spread direction 2 [3mmarket_id[0m[2m=[0m631deb8c-fbb4-489e-818e-ae698f57f50b [3mdirection[0m[2m=[0m"NO-A/YES-B" [3mraw_spread[0m[2m=[0m-0.0600 [3mbid_a[0m[2m=[0m0.5500 [3mask_b[0m[2m=[0m0.61
[2m2026-04-12T20:32:15.449962Z[0m [33m WARN[0m [2mmercury::engine::market_actor[0m[2m:[0m Opportunity BLOCKED by circuit breakers [3mopp_id[0m[2m=[0m08bd8753-bcf8-4e38-9486-95a8eb4ec810 [3mmarket_id[0m[2m=[0m631deb8c-fbb4-489e-818e-ae698f57f50b [3mapproved_size[0m[2m=[0m68
[2m2026-04-12T20:32:15.450086Z[0m [32m INFO[0m [2mmercury::engine::detector[0m[2m:[0m ARB OPPORTUNITY DETECTED — passing to execution pipeline [3mmarket_id[0m[2m=[0m631deb8c-fbb4-489e-818e-ae698f57f50b [3mnet_spread[0m[2m=[0m0.0240133009530791788856304986 [3mraw_spread[0m[2m=[0m0.0400 [3mscore[0m[2m=[0m0.1016365611411343907471031663 [3mleg_a[0m[2m=[0mKalshi [3mleg_b[0m[2m=[0mPolymarket [3mleg_a_price[0m[2m=[0m0.5600 [3mleg_b_price[0m[2m=[0m0.4 [3mavailable_size[0m[2m=[0m68.89
[2m2026-04-12T20:32:15.450277Z[0m [34mDEBUG[0m [2mmercury::engine::market_actor[0m[2m:[0m Tick received — running arb detection [3mmarket_id[0m[2m=[0m631deb8c-fbb4-489e-818e-ae698f57f50b [3mplatform[0m[2m=[0mKalshi [3mbid[0m[2m=[0m0.5500 [3mask[0m[2m=[0m0.5600 [3mmid[0m[2m=[0m0.5550 [3mbid_size[0m[2m=[0m684.19 [3mask_size[0m[2m=[0m109.12
[2m2026-04-12T20:32:15.450365Z[0m [33m WARN[0m [2mmercury::risk::circuit_breaker[0m[2m:[0m Circuit breakers tripped [3mcount[0m[2m=[0m1
[2m2026-04-12T20:32:15.450431Z[0m [34mDEBUG[0m [2mmercury::engine::spread[0m[2m:[0m Evaluated spread direction 2 [3mmarket_id[0m[2m=[0m631deb8c-fbb4-489e-818e-ae698f57f50b [3mdirection[0m[2m=[0m"NO-A/YES-B" [3mraw_spread[0m[2m=[0m-0.0600 [3mbid_a[0m[2m=[0m0.5500 [3mask_b[0m[2m=[0m0.61
[2m2026-04-12T20:32:15.450444Z[0m [33m WARN[0m [2mmercury::engine::market_actor[0m[2m:[0m Opportunity BLOCKED by circuit breakers [3mopp_id[0m[2m=[0m691b9765-db2e-4a68-9eab-7131c88bb34c [3mmarket_id[0m[2m=[0m631deb8c-fbb4-489e-818e-ae698f57f50b [3mapproved_size[0m[2m=[0m68
[2m2026-04-12T20:32:15.450571Z[0m [32m INFO[0m [2mmercury::engine::detector[0m[2m:[0m ARB OPPORTUNITY DETECTED — passing to execution pipeline [3mmarket_id[0m[2m=[0m631deb8c-fbb4-489e-818e-ae698f57f50b [3mnet_spread[0m[2m=[0m0.0240133009530791788856304986 [3mraw_spread[0m[2m=[0m0.0400 [3mscore[0m[2m=[0m0.1016365611411343907471031663 [3mleg_a[0m[2m=[0mKalshi [3mleg_b[0m[2m=[0mPolymarket [3mleg_a_price[0m[2m=[0m0.5600 [3mleg_b_price[0m[2m=[0m0.4 [3mavailable_size[0m[2m=[0m68.89
[2m2026-04-12T20:32:15.450762Z[0m [34mDEBUG[0m [2mmercury::engine::market_actor[0m[2m:[0m Tick received — running arb detection [3mmarket_id[0m[2m=[0m631deb8c-fbb4-489e-818e-ae698f57f50b [3mplatform[0m[2m=[0mKalshi [3mbid[0m[2m=[0m0.5500 [3mask[0m[2m=[0m0.5600 [3mmid[0m[2m=[0m0.5550 [3mbid_size[0m[2m=[0m484.19 [3mask_size[0m[2m=[0m109.12
[2m2026-04-12T20:32:15.450822Z[0m [33m WARN[0m [2mmercury::risk::circuit_breaker[0m[2m:[0m Circuit breakers tripped [3mcount[0m[2m=[0m1
[2m2026-04-12T20:32:15.450893Z[0m [33m WARN[0m [2mmercury::engine::market_actor[0m[2m:[0m Opportunity BLOCKED by circuit breakers [3mopp_id[0m[2m=[0mbad31bc6-9c08-4d30-aa1e-d1cc25881e98 [3mmarket_id[0m[2m=[0m631deb8c-fbb4-489e-818e-ae698f57f50b [3mapproved_size[0m[2m=[0m68
[2m2026-04-12T20:32:15.450925Z[0m [34mDEBUG[0m [2mmercury::engine::spread[0m[2m:[0m Evaluated spread direction 2 [3mmarket_id[0m[2m=[0m631deb8c-fbb4-489e-818e-ae698f57f50b [3mdirection[0m[2m=[0m"NO-A/YES-B" [3mraw_spread[0m[2m=[0m-0.0600 [3mbid_a[0m[2m=[0m0.5500 [3mask_b[0m[2m=[0m0.61
[2m2026-04-12T20:32:15.451056Z[0m [32m INFO[0m [2mmercury::engine::detector[0m[2m:[0m ARB OPPORTUNITY DETECTED — passing to execution pipeline [3mmarket_id[0m[2m=[0m631deb8c-fbb4-489e-818e-ae698f57f50b [3mnet_spread[0m[2m=[0m0.0240133009530791788856304986 [3mraw_spread[0m[2m=[0m0.0400 [3mscore[0m[2m=[0m0.1016365611411343907471031663 [3mleg_a[0m[2m=[0mKalshi [3mleg_b[0m[2m=[0mPolymarket [3mleg_a_price[0m[2m=[0m0.5600 [3mleg_b_price[0m[2m=[0m0.4 [3mavailable_size[0m[2m=[0m68.89
[2m2026-04-12T20:32:15.451249Z[0m [34mDEBUG[0m [2mmercury::engine::market_actor[0m[2m:[0m Tick received — running arb detection [3mmarket_id[0m[2m=[0m631deb8c-fbb4-489e-818e-ae698f57f50b [3mplatform[0m[2m=[0mKalshi [3mbid[0m[2m=[0m0.5500 [3mask[0m[2m=[0m0.5600 [3mmid[0m[2m=[0m0.5550 [3mbid_size[0m[2m=[0m484.19 [3mask_size[0m[2m=[0m109.12
[2m2026-04-12T20:32:15.451334Z[0m [33m WARN[0m [2mmercury::risk::circuit_breaker[0m[2m:[0m Circuit breakers tripped [3mcount[0m[2m=[0m1
[2m2026-04-12T20:32:15.451402Z[0m [34mDEBUG[0m [2mmercury::engine::spread[0m[2m:[0m Evaluated spread direction 2 [3mmarket_id[0m[2m=[0m631deb8c-fbb4-489e-818e-ae698f57f50b [3mdirection[0m[2m=[0m"NO-A/YES-B" [3mraw_spread[0m[2m=[0m-0.0600 [3mbid_a[0m[2m=[0m0.5500 [3mask_b[0m[2m=[0m0.61
[2m2026-04-12T20:32:15.451414Z[0m [33m WARN[0m [2mmercury::engine::market_actor[0m[2m:[0m Opportunity BLOCKED by circuit breakers [3mopp_id[0m[2m=[0me6c3e706-ad17-4b35-a6c0-731d6029eb32 [3mmarket_id[0m[2m=[0m631deb8c-fbb4-489e-818e-ae698f57f50b [3mapproved_size[0m[2m=[0m68
[2m2026-04-12T20:32:15.451543Z[0m [32m INFO[0m [2mmercury::engine::detector[0m[2m:[0m ARB OPPORTUNITY DETECTED — passing to execution pipeline [3mmarket_id[0m[2m=[0m631deb8c-fbb4-489e-818e-ae698f57f50b [3mnet_spread[0m[2m=[0m0.0240133009530791788856304986 [3mraw_spread[0m[2m=[0m0.0400 [3mscore[0m[2m=[0m0.1016365611411343907471031663 [3mleg_a[0m[2m=[0mKalshi [3mleg_b[0m[2m=[0mPolymarket [3mleg_a_price[0m[2m=[0m0.5600 [3mleg_b_price[0m[2m=[0m0.4 [3mavailable_size[0m[2m=[0m68.89
[2m2026-04-12T20:32:15.451734Z[0m [34mDEBUG[0m [2mmercury::engine::market_actor[0m[2m:[0m Tick received — running arb detection [3mmarket_id[0m[2m=[0m631deb8c-fbb4-489e-818e-ae698f57f50b [3mplatform[0m[2m=[0mKalshi [3mbid[0m[2m=[0m0.5500 [3mask[0m[2m=[0m0.5600 [3mmid[0m[2m=[0m0.5550 [3mbid_size[0m[2m=[0m484.19 [3mask_size[0m[2m=[0m109.12
[2m2026-04-12T20:32:15.451821Z[0m [33m WARN[0m [2mmercury::risk::circuit_breaker[0m[2m:[0m Circuit breakers tripped [3mcount[0m[2m=[0m1
[2m2026-04-12T20:32:15.451887Z[0m [34mDEBUG[0m [2mmercury::engine::spread[0m[2m:[0m Evaluated spread direction 2 [3mmarket_id[0m[2m=[0m631deb8c-fbb4-489e-818e-ae698f57f50b [3mdirection[0m[2m=[0m"NO-A/YES-B" [3mraw_spread[0m[2m=[0m-0.0600 [3mbid_a[0m[2m=[0m0.5500 [3mask_b[0m[2m=[0m0.61
[2m2026-04-12T20:32:15.451901Z[0m [33m WARN[0m [2mmercury::engine::market_actor[0m[2m:[0m Opportunity BLOCKED by circuit breakers [3mopp_id[0m[2m=[0m91511131-cec6-4c95-a0aa-901464905209 [3mmarket_id[0m[2m=[0m631deb8c-fbb4-489e-818e-ae698f57f50b [3mapproved_size[0m[2m=[0m68
[2m2026-04-12T20:32:15.452027Z[0m [32m INFO[0m [2mmercury::engine::detector[0m[2m:[0m ARB OPPORTUNITY DETECTED — passing to execution pipeline [3mmarket_id[0m[2m=[0m631deb8c-fbb4-489e-818e-ae698f57f50b [3mnet_spread[0m[2m=[0m0.0240133009530791788856304986 [3mraw_spread[0m[2m=[0m0.0400 [3mscore[0m[2m=[0m0.1016365611411343907471031663 [3mleg_a[0m[2m=[0mKalshi [3mleg_b[0m[2m=[0mPolymarket [3mleg_a_price[0m[2m=[0m0.5600 [3mleg_b_price[0m[2m=[0m0.4 [3mavailable_size[0m[2m=[0m68.89
[2m2026-04-12T20:32:15.452217Z[0m [34mDEBUG[0m [2mmercury::engine::market_actor[0m[2m:[0m Tick received — running arb detection [3mmarket_id[0m[2m=[0m631deb8c-fbb4-489e-818e-ae698f57f50b [3mplatform[0m[2m=[0mKalshi [3mbid[0m[2m=[0m0.5500 [3mask[0m[2m=[0m0.5600 [3mmid[0m[2m=[0m0.5550 [3mbid_size[0m[2m=[0m482.76 [3mask_size[0m[2m=[0m109.12
[2m2026-04-12T20:32:15.452307Z[0m [33m WARN[0m [2mmercury::risk::circuit_breaker[0m[2m:[0m Circuit breakers tripped [3mcount[0m[2m=[0m1
[2m2026-04-12T20:32:15.452405Z[0m [33m WARN[0m [2mmercury::engine::market_actor[0m[2m:[0m Opportunity BLOCKED by circuit breakers [3mopp_id[0m[2m=[0m49b4160f-2344-4498-95be-3e1da6d692f6 [3mmarket_id[0m[2m=[0m631deb8c-fbb4-489e-818e-ae698f57f50b [3mapproved_size[0m[2m=[0m68
[2m2026-04-12T20:32:15.452405Z[0m [34mDEBUG[0m [2mmercury::engine::spread[0m[2m:[0m Evaluated spread direction 2 [3mmarket_id[0m[2m=[0m631deb8c-fbb4-489e-818e-ae698f57f50b [3mdirection[0m[2m=[0m"NO-A/YES-B" [3mraw_spread[0m[2m=[0m-0.0600 [3mbid_a[0m[2m=[0m0.5500 [3mask_b[0m[2m=[0m0.61
[2m2026-04-12T20:32:15.452547Z[0m [32m INFO[0m [2mmercury::engine::detector[0m[2m:[0m ARB OPPORTUNITY DETECTED — passing to execution pipeline [3mmarket_id[0m[2m=[0m631deb8c-fbb4-489e-818e-ae698f57f50b [3mnet_spread[0m[2m=[0m0.0240133009530791788856304986 [3mraw_spread[0m[2m=[0m0.0400 [3mscore[0m[2m=[0m0.1016365611411343907471031663 [3mleg_a[0m[2m=[0mKalshi [3mleg_b[0m[2m=[0mPolymarket [3mleg_a_price[0m[2m=[0m0.5600 [3mleg_b_price[0m[2m=[0m0.4 [3mavailable_size[0m[2m=[0m68.89
[2m2026-04-12T20:32:15.452719Z[0m [34mDEBUG[0m [2mmercury::engine::market_actor[0m[2m:[0m Tick received — running arb detection [3mmarket_id[0m[2m=[0m631deb8c-fbb4-489e-818e-ae698f57f50b [3mplatform[0m[2m=[0mKalshi [3mbid[0m[2m=[0m0.5500 [3mask[0m[2m=[0m0.5600 [3mmid[0m[2m=[0m0.5550 [3mbid_size[0m[2m=[0m402.76 [3mask_size[0m[2m=[0m109.12
[2m2026-04-12T20:32:15.452800Z[0m [33m WARN[0m [2mmercury::risk::circuit_breaker[0m[2m:[0m Circuit breakers tripped [3mcount[0m[2m=[0m1
[2m2026-04-12T20:32:15.452856Z[0m [34mDEBUG[0m [2mmercury::engine::spread[0m[2m:[0m Evaluated spread direction 2 [3mmarket_id[0m[2m=[0m631deb8c-fbb4-489e-818e-ae698f57f50b [3mdirection[0m[2m=[0m"NO-A/YES-B" [3mraw_spread[0m[2m=[0m-0.0600 [3mbid_a[0m[2m=[0m0.5500 [3mask_b[0m[2m=[0m0.61
[2m2026-04-12T20:32:15.452871Z[0m [33m WARN[0m [2mmercury::engine::market_actor[0m[2m:[0m Opportunity BLOCKED by circuit breakers [3mopp_id[0m[2m=[0me6885c26-38dd-4d01-b516-66f2787346d8 [3mmarket_id[0m[2m=[0m631deb8c-fbb4-489e-818e-ae698f57f50b [3mapproved_size[0m[2m=[0m68
[2m2026-04-12T20:32:15.452981Z[0m [32m INFO[0m [2mmercury::engine::detector[0m[2m:[0m ARB OPPORTUNITY DETECTED — passing to execution pipeline [3mmarket_id[0m[2m=[0m631deb8c-fbb4-489e-818e-ae698f57f50b [3mnet_spread[0m[2m=[0m0.0240133009530791788856304986 [3mraw_spread[0m[2m=[0m0.0400 [3mscore[0m[2m=[0m0.1016365611411343907471031663 [3mleg_a[0m[2m=[0mKalshi [3mleg_b[0m[2m=[0mPolymarket [3mleg_a_price[0m[2m=[0m0.5600 [3mleg_b_price[0m[2m=[0m0.4 [3mavailable_size[0m[2m=[0m68.89
[2m2026-04-12T20:32:15.453152Z[0m [34mDEBUG[0m [2mmercury::engine::market_actor[0m[2m:[0m Tick received — running arb detection [3mmarket_id[0m[2m=[0m631deb8c-fbb4-489e-818e-ae698f57f50b [3mplatform[0m[2m=[0mKalshi [3mbid[0m[2m=[0m0.5500 [3mask[0m[2m=[0m0.5600 [3mmid[0m[2m=[0m0.5550 [3mbid_size[0m[2m=[0m402.76 [3mask_size[0m[2m=[0m62.12
[2m2026-04-12T20:32:15.453214Z[0m [33m WARN[0m [2mmercury::risk::circuit_breaker[0m[2m:[0m Circuit breakers tripped [3mcount[0m[2m=[0m1
[2m2026-04-12T20:32:15.453285Z[0m [33m WARN[0m [2mmercury::engine::market_actor[0m[2m:[0m Opportunity BLOCKED by circuit breakers [3mopp_id[0m[2m=[0mcdb950d7-cd16-4029-845f-bca742e27b74 [3mmarket_id[0m[2m=[0m631deb8c-fbb4-489e-818e-ae698f57f50b [3mapproved_size[0m[2m=[0m68
[2m2026-04-12T20:32:15.453288Z[0m [34mDEBUG[0m [2mmercury::engine::spread[0m[2m:[0m Evaluated spread direction 2 [3mmarket_id[0m[2m=[0m631deb8c-fbb4-489e-818e-ae698f57f50b [3mdirection[0m[2m=[0m"NO-A/YES-B" [3mraw_spread[0m[2m=[0m-0.0600 [3mbid_a[0m[2m=[0m0.5500 [3mask_b[0m[2m=[0m0.61
[2m2026-04-12T20:32:15.453421Z[0m [32m INFO[0m [2mmercury::engine::detector[0m[2m:[0m ARB OPPORTUNITY DETECTED — passing to execution pipeline [3mmarket_id[0m[2m=[0m631deb8c-fbb4-489e-818e-ae698f57f50b [3mnet_spread[0m[2m=[0m0.027684987121699935608499678 [3mraw_spread[0m[2m=[0m0.0400 [3mscore[0m[2m=[0m0.1143131943570185940798793159 [3mleg_a[0m[2m=[0mKalshi [3mleg_b[0m[2m=[0mPolymarket [3mleg_a_price[0m[2m=[0m0.5600 [3mleg_b_price[0m[2m=[0m0.4 [3mavailable_size[0m[2m=[0m62.12
[2m2026-04-12T20:32:15.453591Z[0m [34mDEBUG[0m [2mmercury::engine::market_actor[0m[2m:[0m Tick received — running arb detection [3mmarket_id[0m[2m=[0m631deb8c-fbb4-489e-818e-ae698f57f50b [3mplatform[0m[2m=[0mKalshi [3mbid[0m[2m=[0m0.5500 [3mask[0m[2m=[0m0.5600 [3mmid[0m[2m=[0m0.5550 [3mbid_size[0m[2m=[0m402.76 [3mask_size[0m[2m=[0m62.12
[2m2026-04-12T20:32:15.453642Z[0m [33m WARN[0m [2mmercury::risk::circuit_breaker[0m[2m:[0m Circuit breakers tripped [3mcount[0m[2m=[0m1
[2m2026-04-12T20:32:15.453705Z[0m [33m WARN[0m [2mmercury::engine::market_actor[0m[2m:[0m Opportunity BLOCKED by circuit breakers [3mopp_id[0m[2m=[0m80a4b476-7457-424e-8bd6-32522653af01 [3mmarket_id[0m[2m=[0m631deb8c-fbb4-489e-818e-ae698f57f50b [3mapproved_size[0m[2m=[0m68
[2m2026-04-12T20:32:15.453727Z[0m [34mDEBUG[0m [2mmercury::engine::spread[0m[2m:[0m Evaluated spread direction 2 [3mmarket_id[0m[2m=[0m631deb8c-fbb4-489e-818e-ae698f57f50b [3mdirection[0m[2m=[0m"NO-A/YES-B" [3mraw_spread[0m[2m=[0m-0.0600 [3mbid_a[0m[2m=[0m0.5500 [3mask_b[0m[2m=[0m0.61
[2m2026-04-12T20:32:15.453842Z[0m [32m INFO[0m [2mmercury::engine::detector[0m[2m:[0m ARB OPPORTUNITY DETECTED — passing to execution pipeline [3mmarket_id[0m[2m=[0m631deb8c-fbb4-489e-818e-ae698f57f50b [3mnet_spread[0m[2m=[0m0.027684987121699935608499678 [3mraw_spread[0m[2m=[0m0.0400 [3mscore[0m[2m=[0m0.1143131943570185940798793159 [3mleg_a[0m[2m=[0mKalshi [3mleg_b[0m[2m=[0mPolymarket [3mleg_a_price[0m[2m=[0m0.5600 [3mleg_b_price[0m[2m=[0m0.4 [3mavailable_size[0m[2m=[0m62.12
[2m2026-04-12T20:32:15.454027Z[0m [34mDEBUG[0m [2mmercury::engine::market_actor[0m[2m:[0m Tick received — running arb detection [3mmarket_id[0m[2m=[0m631deb8c-fbb4-489e-818e-ae698f57f50b [3mplatform[0m[2m=[0mKalshi [3mbid[0m[2m=[0m0.5500 [3mask[0m[2m=[0m0.5600 [3mmid[0m[2m=[0m0.5550 [3mbid_size[0m[2m=[0m2.76 [3mask_size[0m[2m=[0m62.12
[2m2026-04-12T20:32:15.454059Z[0m [33m WARN[0m [2mmercury::risk::circuit_breaker[0m[2m:[0m Circuit breakers tripped [3mcount[0m[2m=[0m1
[2m2026-04-12T20:32:15.454125Z[0m [33m WARN[0m [2mmercury::engine::market_actor[0m[2m:[0m Opportunity BLOCKED by circuit breakers [3mopp_id[0m[2m=[0m1bce7500-abc8-4cf8-80eb-b62fbc11e975 [3mmarket_id[0m[2m=[0m631deb8c-fbb4-489e-818e-ae698f57f50b [3mapproved_size[0m[2m=[0m62
[2m2026-04-12T20:32:15.454159Z[0m [34mDEBUG[0m [2mmercury::engine::spread[0m[2m:[0m Evaluated spread direction 2 [3mmarket_id[0m[2m=[0m631deb8c-fbb4-489e-818e-ae698f57f50b [3mdirection[0m[2m=[0m"NO-A/YES-B" [3mraw_spread[0m[2m=[0m-0.0600 [3mbid_a[0m[2m=[0m0.5500 [3mask_b[0m[2m=[0m0.61
[2m2026-04-12T20:32:15.454278Z[0m [32m INFO[0m [2mmercury::engine::detector[0m[2m:[0m ARB OPPORTUNITY DETECTED — passing to execution pipeline [3mmarket_id[0m[2m=[0m631deb8c-fbb4-489e-818e-ae698f57f50b [3mnet_spread[0m[2m=[0m0.027684987121699935608499678 [3mraw_spread[0m[2m=[0m0.0400 [3mscore[0m[2m=[0m0.1143131943570185940798793159 [3mleg_a[0m[2m=[0mKalshi [3mleg_b[0m[2m=[0mPolymarket [3mleg_a_price[0m[2m=[0m0.5600 [3mleg_b_price[0m[2m=[0m0.4 [3mavailable_size[0m[2m=[0m62.12
[2m2026-04-12T20:32:15.454443Z[0m [34mDEBUG[0m [2mmercury::engine::market_actor[0m[2m:[0m Tick received — running arb detection [3mmarket_id[0m[2m=[0m631deb8c-fbb4-489e-818e-ae698f57f50b [3mplatform[0m[2m=[0mKalshi [3mbid[0m[2m=[0m0.5500 [3mask[0m[2m=[0m0.5600 [3mmid[0m[2m=[0m0.5550 [3mbid_size[0m[2m=[0m2.76 [3mask_size[0m[2m=[0m62.12
[2m2026-04-12T20:32:15.454473Z[0m [33m WARN[0m [2mmercury::risk::circuit_breaker[0m[2m:[0m Circuit breakers tripped [3mcount[0m[2m=[0m1
[2m2026-04-12T20:32:15.454558Z[0m [33m WARN[0m [2mmercury::engine::market_actor[0m[2m:[0m Opportunity BLOCKED by circuit breakers [3mopp_id[0m[2m=[0m4cb877bf-7a40-4f0f-bf93-316a3eee8569 [3mmarket_id[0m[2m=[0m631deb8c-fbb4-489e-818e-ae698f57f50b [3mapproved_size[0m[2m=[0m62
[2m2026-04-12T20:32:15.454593Z[0m [34mDEBUG[0m [2mmercury::engine::spread[0m[2m:[0m Evaluated spread direction 2 [3mmarket_id[0m[2m=[0m631deb8c-fbb4-489e-818e-ae698f57f50b [3mdirection[0m[2m=[0m"NO-A/YES-B" [3mraw_spread[0m[2m=[0m-0.0600 [3mbid_a[0m[2m=[0m0.5500 [3mask_b[0m[2m=[0m0.61
[2m2026-04-12T20:32:15.454720Z[0m [32m INFO[0m [2mmercury::engine::detector[0m[2m:[0m ARB OPPORTUNITY DETECTED — passing to execution pipeline [3mmarket_id[0m[2m=[0m631deb8c-fbb4-489e-818e-ae698f57f50b [3mnet_spread[0m[2m=[0m0.027684987121699935608499678 [3mraw_spread[0m[2m=[0m0.0400 [3mscore[0m[2m=[0m0.1143131943570185940798793159 [3mleg_a[0m[2m=[0mKalshi [3mleg_b[0m[2m=[0mPolymarket [3mleg_a_price[0m[2m=[0m0.5600 [3mleg_b_price[0m[2m=[0m0.4 [3mavailable_size[0m[2m=[0m62.12
[2m2026-04-12T20:32:15.454891Z[0m [34mDEBUG[0m [2mmercury::engine::market_actor[0m[2m:[0m Tick received — running arb detection [3mmarket_id[0m[2m=[0m631deb8c-fbb4-489e-818e-ae698f57f50b [3mplatform[0m[2m=[0mKalshi [3mbid[0m[2m=[0m0.5500 [3mask[0m[2m=[0m0.5600 [3mmid[0m[2m=[0m0.5550 [3mbid_size[0m[2m=[0m2.76 [3mask_size[0m[2m=[0m62.12
[2m2026-04-12T20:32:15.454921Z[0m [33m WARN[0m [2mmercury::risk::circuit_breaker[0m[2m:[0m Circuit breakers tripped [3mcount[0m[2m=[0m1
[2m2026-04-12T20:32:15.454984Z[0m [33m WARN[0m [2mmercury::engine::market_actor[0m[2m:[0m Opportunity BLOCKED by circuit breakers [3mopp_id[0m[2m=[0mb156b849-be4b-4067-83d2-0a6b8033cb46 [3mmarket_id[0m[2m=[0m631deb8c-fbb4-489e-818e-ae698f57f50b [3mapproved_size[0m[2m=[0m62
[2m2026-04-12T20:32:15.455022Z[0m [34mDEBUG[0m [2mmercury::engine::spread[0m[2m:[0m Evaluated spread direction 2 [3mmarket_id[0m[2m=[0m631deb8c-fbb4-489e-818e-ae698f57f50b [3mdirection[0m[2m=[0m"NO-A/YES-B" [3mraw_spread[0m[2m=[0m-0.0600 [3mbid_a[0m[2m=[0m0.5500 [3mask_b[0m[2m=[0m0.61
[2m2026-04-12T20:32:15.455133Z[0m [32m INFO[0m [2mmercury::engine::detector[0m[2m:[0m ARB OPPORTUNITY DETECTED — passing to execution pipeline [3mmarket_id[0m[2m=[0m631deb8c-fbb4-489e-818e-ae698f57f50b [3mnet_spread[0m[2m=[0m0.027684987121699935608499678 [3mraw_spread[0m[2m=[0m0.0400 [3mscore[0m[2m=[0m0.1143131943570185940798793159 [3mleg_a[0m[2m=[0mKalshi [3mleg_b[0m[2m=[0mPolymarket [3mleg_a_price[0m[2m=[0m0.5600 [3mleg_b_price[0m[2m=[0m0.4 [3mavailable_size[0m[2m=[0m62.12
[2m2026-04-12T20:32:15.455298Z[0m [34mDEBUG[0m [2mmercury::engine::market_actor[0m[2m:[0m Tick received — running arb detection [3mmarket_id[0m[2m=[0m631deb8c-fbb4-489e-818e-ae698f57f50b [3mplatform[0m[2m=[0mKalshi [3mbid[0m[2m=[0m0.5500 [3mask[0m[2m=[0m0.5600 [3mmid[0m[2m=[0m0.5550 [3mbid_size[0m[2m=[0m202.76 [3mask_size[0m[2m=[0m62.12
[2m2026-04-12T20:32:15.455357Z[0m [33m WARN[0m [2mmercury::risk::circuit_breaker[0m[2m:[0m Circuit breakers tripped [3mcount[0m[2m=[0m1
[2m2026-04-12T20:32:15.455426Z[0m [33m WARN[0m [2mmercury::engine::market_actor[0m[2m:[0m Opportunity BLOCKED by circuit breakers [3mopp_id[0m[2m=[0m768a7e1e-889a-4497-aca4-e378829b343b [3mmarket_id[0m[2m=[0m631deb8c-fbb4-489e-818e-ae698f57f50b [3mapproved_size[0m[2m=[0m62
[2m2026-04-12T20:32:15.455435Z[0m [34mDEBUG[0m [2mmercury::engine::spread[0m[2m:[0m Evaluated spread direction 2 [3mmarket_id[0m[2m=[0m631deb8c-fbb4-489e-818e-ae698f57f50b [3mdirection[0m[2m=[0m"NO-A/YES-B" [3mraw_spread[0m[2m=[0m-0.0600 [3mbid_a[0m[2m=[0m0.5500 [3mask_b[0m[2m=[0m0.61
[2m2026-04-12T20:32:15.455548Z[0m [32m INFO[0m [2mmercury::engine::detector[0m[2m:[0m ARB OPPORTUNITY DETECTED — passing to execution pipeline [3mmarket_id[0m[2m=[0m631deb8c-fbb4-489e-818e-ae698f57f50b [3mnet_spread[0m[2m=[0m0.027684987121699935608499678 [3mraw_spread[0m[2m=[0m0.0400 [3mscore[0m[2m=[0m0.1143131943570185940798793159 [3mleg_a[0m[2m=[0mKalshi [3mleg_b[0m[2m=[0mPolymarket [3mleg_a_price[0m[2m=[0m0.5600 [3mleg_b_price[0m[2m=[0m0.4 [3mavailable_size[0m[2m=[0m62.12
[2m2026-04-12T20:32:15.455714Z[0m [34mDEBUG[0m [2mmercury::engine::market_actor[0m[2m:[0m Tick received — running arb detection [3mmarket_id[0m[2m=[0m631deb8c-fbb4-489e-818e-ae698f57f50b [3mplatform[0m[2m=[0mKalshi [3mbid[0m[2m=[0m0.5500 [3mask[0m[2m=[0m0.5600 [3mmid[0m[2m=[0m0.5550 [3mbid_size[0m[2m=[0m204.52 [3mask_size[0m[2m=[0m62.12
[2m2026-04-12T20:32:15.455753Z[0m [33m WARN[0m [2mmercury::risk::circuit_breaker[0m[2m:[0m Circuit breakers tripped [3mcount[0m[2m=[0m1
[2m2026-04-12T20:32:15.455817Z[0m [33m WARN[0m [2mmercury::engine::market_actor[0m[2m:[0m Opportunity BLOCKED by circuit breakers [3mopp_id[0m[2m=[0ma44aac0f-c785-4089-bef8-f9829dfbdae3 [3mmarket_id[0m[2m=[0m631deb8c-fbb4-489e-818e-ae698f57f50b [3mapproved_size[0m[2m=[0m62
[2m2026-04-12T20:32:15.455857Z[0m [34mDEBUG[0m [2mmercury::engine::spread[0m[2m:[0m Evaluated spread direction 2 [3mmarket_id[0m[2m=[0m631deb8c-fbb4-489e-818e-ae698f57f50b [3mdirection[0m[2m=[0m"NO-A/YES-B" [3mraw_spread[0m[2m=[0m-0.0600 [3mbid_a[0m[2m=[0m0.5500 [3mask_b[0m[2m=[0m0.61
[2m2026-04-12T20:32:15.455984Z[0m [32m INFO[0m [2mmercury::engine::detector[0m[2m:[0m ARB OPPORTUNITY DETECTED — passing to execution pipeline [3mmarket_id[0m[2m=[0m631deb8c-fbb4-489e-818e-ae698f57f50b [3mnet_spread[0m[2m=[0m0.027684987121699935608499678 [3mraw_spread[0m[2m=[0m0.0400 [3mscore[0m[2m=[0m0.1143131943570185940798793159 [3mleg_a[0m[2m=[0mKalshi [3mleg_b[0m[2m=[0mPolymarket [3mleg_a_price[0m[2m=[0m0.5600 [3mleg_b_price[0m[2m=[0m0.4 [3mavailable_size[0m[2m=[0m62.12
[2m2026-04-12T20:32:15.456153Z[0m [34mDEBUG[0m [2mmercury::engine::market_actor[0m[2m:[0m Tick received — running arb detection [3mmarket_id[0m[2m=[0m631deb8c-fbb4-489e-818e-ae698f57f50b [3mplatform[0m[2m=[0mKalshi [3mbid[0m[2m=[0m0.5500 [3mask[0m[2m=[0m0.5600 [3mmid[0m[2m=[0m0.5550 [3mbid_size[0m[2m=[0m284.52 [3mask_size[0m[2m=[0m62.12
[2m2026-04-12T20:32:15.456186Z[0m [33m WARN[0m [2mmercury::risk::circuit_breaker[0m[2m:[0m Circuit breakers tripped [3mcount[0m[2m=[0m1
[2m2026-04-12T20:32:15.456248Z[0m [33m WARN[0m [2mmercury::engine::market_actor[0m[2m:[0m Opportunity BLOCKED by circuit breakers [3mopp_id[0m[2m=[0m67724781-d8e6-46eb-86f0-d43714784bfc [3mmarket_id[0m[2m=[0m631deb8c-fbb4-489e-818e-ae698f57f50b [3mapproved_size[0m[2m=[0m62
[2m2026-04-12T20:32:15.456279Z[0m [34mDEBUG[0m [2mmercury::engine::spread[0m[2m:[0m Evaluated spread direction 2 [3mmarket_id[0m[2m=[0m631deb8c-fbb4-489e-818e-ae698f57f50b [3mdirection[0m[2m=[0m"NO-A/YES-B" [3mraw_spread[0m[2m=[0m-0.0600 [3mbid_a[0m[2m=[0m0.5500 [3mask_b[0m[2m=[0m0.61
[2m2026-04-12T20:32:15.456394Z[0m [32m INFO[0m [2mmercury::engine::detector[0m[2m:[0m ARB OPPORTUNITY DETECTED — passing to execution pipeline [3mmarket_id[0m[2m=[0m631deb8c-fbb4-489e-818e-ae698f57f50b [3mnet_spread[0m[2m=[0m0.027684987121699935608499678 [3mraw_spread[0m[2m=[0m0.0400 [3mscore[0m[2m=[0m0.1143131943570185940798793159 [3mleg_a[0m[2m=[0mKalshi [3mleg_b[0m[2m=[0mPolymarket [3mleg_a_price[0m[2m=[0m0.5600 [3mleg_b_price[0m[2m=[0m0.4 [3mavailable_size[0m[2m=[0m62.12
[2m2026-04-12T20:32:15.456592Z[0m [33m WARN[0m [2mmercury::risk::circuit_breaker[0m[2m:[0m Circuit breakers tripped [3mcount[0m[2m=[0m1
[2m2026-04-12T20:32:15.456658Z[0m [33m WARN[0m [2mmercury::engine::market_actor[0m[2m:[0m Opportunity BLOCKED by circuit breakers [3mopp_id[0m[2m=[0me17fd1a0-1e89-40da-b0db-dfb969db7239 [3mmarket_id[0m[2m=[0m631deb8c-fbb4-489e-818e-ae698f57f50b [3mapproved_size[0m[2m=[0m62
[2m2026-04-12T20:32:15.456666Z[0m [33m WARN[0m [2mmercury::risk::circuit_breaker[0m[2m:[0m Circuit breakers tripped [3mcount[0m[2m=[0m1
[2m2026-04-12T20:32:15.456735Z[0m [33m WARN[0m [2mmercury::engine::market_actor[0m[2m:[0m Opportunity BLOCKED by circuit breakers [3mopp_id[0m[2m=[0mc0475f8b-327e-4d03-b827-ff2659ecd964 [3mmarket_id[0m[2m=[0m631deb8c-fbb4-489e-818e-ae698f57f50b [3mapproved_size[0m[2m=[0m62
[2m2026-04-12T20:32:15.460639Z[0m [34mDEBUG[0m [2mmercury::engine::market_actor[0m[2m:[0m Tick received — running arb detection [3mmarket_id[0m[2m=[0m39a28b31-a7f7-4e16-b2f1-1e1948be289c [3mplatform[0m[2m=[0mPolymarket [3mbid[0m[2m=[0m0.999 [3mask[0m[2m=[0m0 [3mmid[0m[2m=[0m0.999 [3mbid_size[0m[2m=[0m200970.32 [3mask_size[0m[2m=[0m0
[2m2026-04-12T20:32:15.460812Z[0m [34mDEBUG[0m [2mmercury::engine::market_actor[0m[2m:[0m Tick received — running arb detection [3mmarket_id[0m[2m=[0m39a28b31-a7f7-4e16-b2f1-1e1948be289c [3mplatform[0m[2m=[0mPolymarket [3mbid[0m[2m=[0m0.999 [3mask[0m[2m=[0m0 [3mmid[0m[2m=[0m0.999 [3mbid_size[0m[2m=[0m200176.32 [3mask_size[0m[2m=[0m0
[2m2026-04-12T20:32:15.460943Z[0m [34mDEBUG[0m [2mmercury::engine::market_actor[0m[2m:[0m Tick received — running arb detection [3mmarket_id[0m[2m=[0m631deb8c-fbb4-489e-818e-ae698f57f50b [3mplatform[0m[2m=[0mKalshi [3mbid[0m[2m=[0m0.5500 [3mask[0m[2m=[0m0.5600 [3mmid[0m[2m=[0m0.5550 [3mbid_size[0m[2m=[0m284.52 [3mask_size[0m[2m=[0m62.12
[2m2026-04-12T20:32:15.460964Z[0m [34mDEBUG[0m [2mmercury::engine::market_actor[0m[2m:[0m Tick received — running arb detection [3mmarket_id[0m[2m=[0m39a28b31-a7f7-4e16-b2f1-1e1948be289c [3mplatform[0m[2m=[0mPolymarket [3mbid[0m[2m=[0m0.999 [3mask[0m[2m=[0m0 [3mmid[0m[2m=[0m0.999 [3mbid_size[0m[2m=[0m200061.32 [3mask_size[0m[2m=[0m0
[2m2026-04-12T20:32:15.461131Z[0m [34mDEBUG[0m [2mmercury::engine::spread[0m[2m:[0m Evaluated spread direction 2 [3mmarket_id[0m[2m=[0m631deb8c-fbb4-489e-818e-ae698f57f50b [3mdirection[0m[2m=[0m"NO-A/YES-B" [3mraw_spread[0m[2m=[0m-0.0600 [3mbid_a[0m[2m=[0m0.5500 [3mask_b[0m[2m=[0m0.61
[2m2026-04-12T20:32:15.461281Z[0m [34mDEBUG[0m [2mmercury::feeds::polymarket[0m[2m:[0m Unknown Polymarket event type [3mevent_type[0m[2m=[0mbest_bid_ask
[2m2026-04-12T20:32:15.461273Z[0m [32m INFO[0m [2mmercury::engine::detector[0m[2m:[0m ARB OPPORTUNITY DETECTED — passing to execution pipeline [3mmarket_id[0m[2m=[0m631deb8c-fbb4-489e-818e-ae698f57f50b [3mnet_spread[0m[2m=[0m0.027684987121699935608499678 [3mraw_spread[0m[2m=[0m0.0400 [3mscore[0m[2m=[0m0.1143131943570185940798793159 [3mleg_a[0m[2m=[0mKalshi [3mleg_b[0m[2m=[0mPolymarket [3mleg_a_price[0m[2m=[0m0.5600 [3mleg_b_price[0m[2m=[0m0.4 [3mavailable_size[0m[2m=[0m62.12
[2m2026-04-12T20:32:15.461474Z[0m [34mDEBUG[0m [2mmercury::engine::market_actor[0m[2m:[0m Tick received — running arb detection [3mmarket_id[0m[2m=[0m631deb8c-fbb4-489e-818e-ae698f57f50b [3mplatform[0m[2m=[0mPolymarket [3mbid[0m[2m=[0m0.6 [3mask[0m[2m=[0m0.61 [3mmid[0m[2m=[0m0.6050 [3mbid_size[0m[2m=[0m68.89 [3mask_size[0m[2m=[0m5
[2m2026-04-12T20:32:15.461494Z[0m [34mDEBUG[0m [2mmercury::engine::market_actor[0m[2m:[0m Tick received — running arb detection [3mmarket_id[0m[2m=[0m39a28b31-a7f7-4e16-b2f1-1e1948be289c [3mplatform[0m[2m=[0mPolymarket [3mbid[0m[2m=[0m0.999 [3mask[0m[2m=[0m0 [3mmid[0m[2m=[0m0.999 [3mbid_size[0m[2m=[0m199473.32 [3mask_size[0m[2m=[0m0
[2m2026-04-12T20:32:15.461635Z[0m [34mDEBUG[0m [2mmercury::engine::spread[0m[2m:[0m Evaluated spread direction 2 [3mmarket_id[0m[2m=[0m631deb8c-fbb4-489e-818e-ae698f57f50b [3mdirection[0m[2m=[0m"NO-A/YES-B" [3mraw_spread[0m[2m=[0m-0.0600 [3mbid_a[0m[2m=[0m0.5500 [3mask_b[0m[2m=[0m0.61
[2m2026-04-12T20:32:15.461774Z[0m [32m INFO[0m [2mmercury::engine::detector[0m[2m:[0m ARB OPPORTUNITY DETECTED — passing to execution pipeline [3mmarket_id[0m[2m=[0m631deb8c-fbb4-489e-818e-ae698f57f50b [3mnet_spread[0m[2m=[0m0.027684987121699935608499678 [3mraw_spread[0m[2m=[0m0.0400 [3mscore[0m[2m=[0m0.1143131943570185940798793159 [3mleg_a[0m[2m=[0mKalshi [3mleg_b[0m[2m=[0mPolymarket [3mleg_a_price[0m[2m=[0m0.5600 [3mleg_b_price[0m[2m=[0m0.4 [3mavailable_size[0m[2m=[0m62.12
[2m2026-04-12T20:32:15.461972Z[0m [34mDEBUG[0m [2mmercury::engine::market_actor[0m[2m:[0m Tick received — running arb detection [3mmarket_id[0m[2m=[0m631deb8c-fbb4-489e-818e-ae698f57f50b [3mplatform[0m[2m=[0mPolymarket [3mbid[0m[2m=[0m0.6 [3mask[0m[2m=[0m0.61 [3mmid[0m[2m=[0m0.6050 [3mbid_size[0m[2m=[0m68.89 [3mask_size[0m[2m=[0m5
[2m2026-04-12T20:32:15.462021Z[0m [34mDEBUG[0m [2mmercury::engine::market_actor[0m[2m:[0m Tick received — running arb detection [3mmarket_id[0m[2m=[0m39a28b31-a7f7-4e16-b2f1-1e1948be289c [3mplatform[0m[2m=[0mPolymarket [3mbid[0m[2m=[0m0.999 [3mask[0m[2m=[0m0 [3mmid[0m[2m=[0m0.999 [3mbid_size[0m[2m=[0m198745.32 [3mask_size[0m[2m=[0m0
[2m2026-04-12T20:32:15.462073Z[0m [33m WARN[0m [2mmercury::risk::circuit_breaker[0m[2m:[0m Circuit breakers tripped [3mcount[0m[2m=[0m1
[2m2026-04-12T20:32:15.462120Z[0m [34mDEBUG[0m [2mmercury::engine::spread[0m[2m:[0m Evaluated spread direction 2 [3mmarket_id[0m[2m=[0m631deb8c-fbb4-489e-818e-ae698f57f50b [3mdirection[0m[2m=[0m"NO-A/YES-B" [3mraw_spread[0m[2m=[0m-0.0600 [3mbid_a[0m[2m=[0m0.5500 [3mask_b[0m[2m=[0m0.61
[2m2026-04-12T20:32:15.462199Z[0m [33m WARN[0m [2mmercury::engine::market_actor[0m[2m:[0m Opportunity BLOCKED by circuit breakers [3mopp_id[0m[2m=[0m5022ae97-59da-4594-9b44-2575444f03e6 [3mmarket_id[0m[2m=[0m631deb8c-fbb4-489e-818e-ae698f57f50b [3mapproved_size[0m[2m=[0m62
[2m2026-04-12T20:32:15.462250Z[0m [32m INFO[0m [2mmercury::engine::detector[0m[2m:[0m ARB OPPORTUNITY DETECTED — passing to execution pipeline [3mmarket_id[0m[2m=[0m631deb8c-fbb4-489e-818e-ae698f57f50b [3mnet_spread[0m[2m=[0m0.027684987121699935608499678 [3mraw_spread[0m[2m=[0m0.0400 [3mscore[0m[2m=[0m0.1143131943570185940798793159 [3mleg_a[0m[2m=[0mKalshi [3mleg_b[0m[2m=[0mPolymarket [3mleg_a_price[0m[2m=[0m0.5600 [3mleg_b_price[0m[2m=[0m0.4 [3mavailable_size[0m[2m=[0m62.12
[2m2026-04-12T20:32:15.462444Z[0m [34mDEBUG[0m [2mmercury::engine::market_actor[0m[2m:[0m Tick received — running arb detection [3mmarket_id[0m[2m=[0m631deb8c-fbb4-489e-818e-ae698f57f50b [3mplatform[0m[2m=[0mKalshi [3mbid[0m[2m=[0m0.5500 [3mask[0m[2m=[0m0.5600 [3mmid[0m[2m=[0m0.5550 [3mbid_size[0m[2m=[0m284.52 [3mask_size[0m[2m=[0m62.12
[2m2026-04-12T20:32:15.462462Z[0m [34mDEBUG[0m [2mmercury::engine::market_actor[0m[2m:[0m Tick received — running arb detection [3mmarket_id[0m[2m=[0m39a28b31-a7f7-4e16-b2f1-1e1948be289c [3mplatform[0m[2m=[0mPolymarket [3mbid[0m[2m=[0m0.999 [3mask[0m[2m=[0m0 [3mmid[0m[2m=[0m0.999 [3mbid_size[0m[2m=[0m198679.32 [3mask_size[0m[2m=[0m0
[2m2026-04-12T20:32:15.462493Z[0m [33m WARN[0m [2mmercury::risk::circuit_breaker[0m[2m:[0m Circuit breakers tripped [3mcount[0m[2m=[0m1
[2m2026-04-12T20:32:15.462584Z[0m [33m WARN[0m [2mmercury::engine::market_actor[0m[2m:[0m Opportunity BLOCKED by circuit breakers [3mopp_id[0m[2m=[0m7c3ec397-6d95-483b-8840-c6a2da8638ee [3mmarket_id[0m[2m=[0m631deb8c-fbb4-489e-818e-ae698f57f50b [3mapproved_size[0m[2m=[0m62
[2m2026-04-12T20:32:15.462599Z[0m [34mDEBUG[0m [2mmercury::engine::spread[0m[2m:[0m Evaluated spread direction 2 [3mmarket_id[0m[2m=[0m631deb8c-fbb4-489e-818e-ae698f57f50b [3mdirection[0m[2m=[0m"NO-A/YES-B" [3mraw_spread[0m[2m=[0m-0.0600 [3mbid_a[0m[2m=[0m0.5500 [3mask_b[0m[2m=[0m0.61
[2m2026-04-12T20:32:15.462728Z[0m [32m INFO[0m [2mmercury::engine::detector[0m[2m:[0m ARB OPPORTUNITY DETECTED — passing to execution pipeline [3mmarket_id[0m[2m=[0m631deb8c-fbb4-489e-818e-ae698f57f50b [3mnet_spread[0m[2m=[0m0.027684987121699935608499678 [3mraw_spread[0m[2m=[0m0.0400 [3mscore[0m[2m=[0m0.1143131943570185940798793159 [3mleg_a[0m[2m=[0mKalshi [3mleg_b[0m[2m=[0mPolymarket [3mleg_a_price[0m[2m=[0m0.5600 [3mleg_b_price[0m[2m=[0m0.4 [3mavailable_size[0m[2m=[0m62.12
[2m2026-04-12T20:32:15.462918Z[0m [34mDEBUG[0m [2mmercury::engine::market_actor[0m[2m:[0m Tick received — running arb detection [3mmarket_id[0m[2m=[0m631deb8c-fbb4-489e-818e-ae698f57f50b [3mplatform[0m[2m=[0mKalshi [3mbid[0m[2m=[0m0.5500 [3mask[0m[2m=[0m0.5600 [3mmid[0m[2m=[0m0.5550 [3mbid_size[0m[2m=[0m684.52 [3mask_size[0m[2m=[0m62.12
[2m2026-04-12T20:32:15.462973Z[0m [33m WARN[0m [2mmercury::risk::circuit_breaker[0m[2m:[0m Circuit breakers tripped [3mcount[0m[2m=[0m1
[2m2026-04-12T20:32:15.463045Z[0m [33m WARN[0m [2mmercury::engine::market_actor[0m[2m:[0m Opportunity BLOCKED by circuit breakers [3mopp_id[0m[2m=[0mb3ab793a-cd00-45f8-a931-47cb5d6c8ccb [3mmarket_id[0m[2m=[0m631deb8c-fbb4-489e-818e-ae698f57f50b [3mapproved_size[0m[2m=[0m62
[2m2026-04-12T20:32:15.463069Z[0m [34mDEBUG[0m [2mmercury::engine::spread[0m[2m:[0m Evaluated spread direction 2 [3mmarket_id[0m[2m=[0m631deb8c-fbb4-489e-818e-ae698f57f50b [3mdirection[0m[2m=[0m"NO-A/YES-B" [3mraw_spread[0m[2m=[0m-0.0600 [3mbid_a[0m[2m=[0m0.5500 [3mask_b[0m[2m=[0m0.61
[2m2026-04-12T20:32:15.463194Z[0m [32m INFO[0m [2mmercury::engine::detector[0m[2m:[0m ARB OPPORTUNITY DETECTED — passing to execution pipeline [3mmarket_id[0m[2m=[0m631deb8c-fbb4-489e-818e-ae698f57f50b [3mnet_spread[0m[2m=[0m0.027684987121699935608499678 [3mraw_spread[0m[2m=[0m0.0400 [3mscore[0m[2m=[0m0.1143131943570185940798793159 [3mleg_a[0m[2m=[0mKalshi [3mleg_b[0m[2m=[0mPolymarket [3mleg_a_price[0m[2m=[0m0.5600 [3mleg_b_price[0m[2m=[0m0.4 [3mavailable_size[0m[2m=[0m62.12
[2m2026-04-12T20:32:15.463389Z[0m [34mDEBUG[0m [2mmercury::engine::market_actor[0m[2m:[0m Tick received — running arb detection [3mmarket_id[0m[2m=[0m631deb8c-fbb4-489e-818e-ae698f57f50b [3mplatform[0m[2m=[0mPolymarket [3mbid[0m[2m=[0m0.6 [3mask[0m[2m=[0m0.61 [3mmid[0m[2m=[0m0.6050 [3mbid_size[0m[2m=[0m68.89 [3mask_size[0m[2m=[0m5
[2m2026-04-12T20:32:15.463419Z[0m [33m WARN[0m [2mmercury::risk::circuit_breaker[0m[2m:[0m Circuit breakers tripped [3mcount[0m[2m=[0m1
[2m2026-04-12T20:32:15.463514Z[0m [33m WARN[0m [2mmercury::engine::market_actor[0m[2m:[0m Opportunity BLOCKED by circuit breakers [3mopp_id[0m[2m=[0m5d50ce8d-3ffe-4636-9a0e-691a78f49d84 [3mmarket_id[0m[2m=[0m631deb8c-fbb4-489e-818e-ae698f57f50b [3mapproved_size[0m[2m=[0m62
[2m2026-04-12T20:32:15.463545Z[0m [34mDEBUG[0m [2mmercury::engine::spread[0m[2m:[0m Evaluated spread direction 2 [3mmarket_id[0m[2m=[0m631deb8c-fbb4-489e-818e-ae698f57f50b [3mdirection[0m[2m=[0m"NO-A/YES-B" [3mraw_spread[0m[2m=[0m-0.0600 [3mbid_a[0m[2m=[0m0.5500 [3mask_b[0m[2m=[0m0.61
[2m2026-04-12T20:32:15.463657Z[0m [32m INFO[0m [2mmercury::engine::detector[0m[2m:[0m ARB OPPORTUNITY DETECTED — passing to execution pipeline [3mmarket_id[0m[2m=[0m631deb8c-fbb4-489e-818e-ae698f57f50b [3mnet_spread[0m[2m=[0m0.027684987121699935608499678 [3mraw_spread[0m[2m=[0m0.0400 [3mscore[0m[2m=[0m0.1143131943570185940798793159 [3mleg_a[0m[2m=[0mKalshi [3mleg_b[0m[2m=[0mPolymarket [3mleg_a_price[0m[2m=[0m0.5600 [3mleg_b_price[0m[2m=[0m0.4 [3mavailable_size[0m[2m=[0m62.12
[2m2026-04-12T20:32:15.463820Z[0m [34mDEBUG[0m [2mmercury::engine::market_actor[0m[2m:[0m Tick received — running arb detection [3mmarket_id[0m[2m=[0m631deb8c-fbb4-489e-818e-ae698f57f50b [3mplatform[0m[2m=[0mKalshi [3mbid[0m[2m=[0m0.5500 [3mask[0m[2m=[0m0.5600 [3mmid[0m[2m=[0m0.5550 [3mbid_size[0m[2m=[0m684.52 [3mask_size[0m[2m=[0m62.12
[2m2026-04-12T20:32:15.463851Z[0m [33m WARN[0m [2mmercury::risk::circuit_breaker[0m[2m:[0m Circuit breakers tripped [3mcount[0m[2m=[0m1
[2m2026-04-12T20:32:15.463912Z[0m [33m WARN[0m [2mmercury::engine::market_actor[0m[2m:[0m Opportunity BLOCKED by circuit breakers [3mopp_id[0m[2m=[0mca35c92b-4a42-4b10-89c0-42e0661e4978 [3mmarket_id[0m[2m=[0m631deb8c-fbb4-489e-818e-ae698f57f50b [3mapproved_size[0m[2m=[0m62
[2m2026-04-12T20:32:15.463946Z[0m [34mDEBUG[0m [2mmercury::engine::spread[0m[2m:[0m Evaluated spread direction 2 [3mmarket_id[0m[2m=[0m631deb8c-fbb4-489e-818e-ae698f57f50b [3mdirection[0m[2m=[0m"NO-A/YES-B" [3mraw_spread[0m[2m=[0m-0.0600 [3mbid_a[0m[2m=[0m0.5500 [3mask_b[0m[2m=[0m0.61
[2m2026-04-12T20:32:15.464058Z[0m [32m INFO[0m [2mmercury::engine::detector[0m[2m:[0m ARB OPPORTUNITY DETECTED — passing to execution pipeline [3mmarket_id[0m[2m=[0m631deb8c-fbb4-489e-818e-ae698f57f50b [3mnet_spread[0m[2m=[0m0.027684987121699935608499678 [3mraw_spread[0m[2m=[0m0.0400 [3mscore[0m[2m=[0m0.1143131943570185940798793159 [3mleg_a[0m[2m=[0mKalshi [3mleg_b[0m[2m=[0mPolymarket [3mleg_a_price[0m[2m=[0m0.5600 [3mleg_b_price[0m[2m=[0m0.4 [3mavailable_size[0m[2m=[0m62.12
[2m2026-04-12T20:32:15.464227Z[0m [34mDEBUG[0m [2mmercury::engine::market_actor[0m[2m:[0m Tick received — running arb detection [3mmarket_id[0m[2m=[0m631deb8c-fbb4-489e-818e-ae698f57f50b [3mplatform[0m[2m=[0mPolymarket [3mbid[0m[2m=[0m0.59 [3mask[0m[2m=[0m0.61 [3mmid[0m[2m=[0m0.60 [3mbid_size[0m[2m=[0m21.24 [3mask_size[0m[2m=[0m5
[2m2026-04-12T20:32:15.464250Z[0m [33m WARN[0m [2mmercury::risk::circuit_breaker[0m[2m:[0m Circuit breakers tripped [3mcount[0m[2m=[0m1
[2m2026-04-12T20:32:15.464324Z[0m [33m WARN[0m [2mmercury::engine::market_actor[0m[2m:[0m Opportunity BLOCKED by circuit breakers [3mopp_id[0m[2m=[0m11088ef4-5589-4a3c-a183-67d5f35b4b5a [3mmarket_id[0m[2m=[0m631deb8c-fbb4-489e-818e-ae698f57f50b [3mapproved_size[0m[2m=[0m62
[2m2026-04-12T20:32:15.464355Z[0m [34mDEBUG[0m [2mmercury::engine::spread[0m[2m:[0m Evaluated spread direction 2 [3mmarket_id[0m[2m=[0m631deb8c-fbb4-489e-818e-ae698f57f50b [3mdirection[0m[2m=[0m"NO-A/YES-B" [3mraw_spread[0m[2m=[0m-0.0600 [3mbid_a[0m[2m=[0m0.5500 [3mask_b[0m[2m=[0m0.61
[2m2026-04-12T20:32:15.464466Z[0m [34mDEBUG[0m [2mmercury::engine::market_actor[0m[2m:[0m Tick received — running arb detection [3mmarket_id[0m[2m=[0m631deb8c-fbb4-489e-818e-ae698f57f50b [3mplatform[0m[2m=[0mPolymarket [3mbid[0m[2m=[0m0.59 [3mask[0m[2m=[0m0.61 [3mmid[0m[2m=[0m0.60 [3mbid_size[0m[2m=[0m21.24 [3mask_size[0m[2m=[0m5
[2m2026-04-12T20:32:15.464590Z[0m [34mDEBUG[0m [2mmercury::engine::spread[0m[2m:[0m Evaluated spread direction 2 [3mmarket_id[0m[2m=[0m631deb8c-fbb4-489e-818e-ae698f57f50b [3mdirection[0m[2m=[0m"NO-A/YES-B" [3mraw_spread[0m[2m=[0m-0.0600 [3mbid_a[0m[2m=[0m0.5500 [3mask_b[0m[2m=[0m0.61
[2m2026-04-12T20:32:15.464700Z[0m [34mDEBUG[0m [2mmercury::engine::market_actor[0m[2m:[0m Tick received — running arb detection [3mmarket_id[0m[2m=[0m631deb8c-fbb4-489e-818e-ae698f57f50b [3mplatform[0m[2m=[0mPolymarket [3mbid[0m[2m=[0m0.59 [3mask[0m[2m=[0m0.61 [3mmid[0m[2m=[0m0.60 [3mbid_size[0m[2m=[0m21.24 [3mask_size[0m[2m=[0m5
[2m2026-04-12T20:32:15.464822Z[0m [34mDEBUG[0m [2mmercury::engine::spread[0m[2m:[0m Evaluated spread direction 2 [3mmarket_id[0m[2m=[0m631deb8c-fbb4-489e-818e-ae698f57f50b [3mdirection[0m[2m=[0m"NO-A/YES-B" [3mraw_spread[0m[2m=[0m-0.0600 [3mbid_a[0m[2m=[0m0.5500 [3mask_b[0m[2m=[0m0.61
[2m2026-04-12T20:32:15.464933Z[0m [34mDEBUG[0m [2mmercury::engine::market_actor[0m[2m:[0m Tick received — running arb detection [3mmarket_id[0m[2m=[0m631deb8c-fbb4-489e-818e-ae698f57f50b [3mplatform[0m[2m=[0mPolymarket [3mbid[0m[2m=[0m0.59 [3mask[0m[2m=[0m0.61 [3mmid[0m[2m=[0m0.60 [3mbid_size[0m[2m=[0m21.24 [3mask_size[0m[2m=[0m5
[2m2026-04-12T20:32:15.465055Z[0m [34mDEBUG[0m [2mmercury::engine::spread[0m[2m:[0m Evaluated spread direction 2 [3mmarket_id[0m[2m=[0m631deb8c-fbb4-489e-818e-ae698f57f50b [3mdirection[0m[2m=[0m"NO-A/YES-B" [3mraw_spread[0m[2m=[0m-0.0600 [3mbid_a[0m[2m=[0m0.5500 [3mask_b[0m[2m=[0m0.61
[2m2026-04-12T20:32:15.465183Z[0m [33m WARN[0m [2mmercury::risk::circuit_breaker[0m[2m:[0m Circuit breakers tripped [3mcount[0m[2m=[0m1
[2m2026-04-12T20:32:15.465242Z[0m [33m WARN[0m [2mmercury::engine::market_actor[0m[2m:[0m Opportunity BLOCKED by circuit breakers [3mopp_id[0m[2m=[0m6bafab01-bb8c-418a-a651-310bc6daf8da [3mmarket_id[0m[2m=[0m631deb8c-fbb4-489e-818e-ae698f57f50b [3mapproved_size[0m[2m=[0m62
[2m2026-04-12T20:32:15.465970Z[0m [34mDEBUG[0m [2mmercury::engine::market_actor[0m[2m:[0m Tick received — running arb detection [3mmarket_id[0m[2m=[0m631deb8c-fbb4-489e-818e-ae698f57f50b [3mplatform[0m[2m=[0mKalshi [3mbid[0m[2m=[0m0.5500 [3mask[0m[2m=[0m0.5600 [3mmid[0m[2m=[0m0.5550 [3mbid_size[0m[2m=[0m682.76 [3mask_size[0m[2m=[0m62.12
[2m2026-04-12T20:32:15.466108Z[0m [34mDEBUG[0m [2mmercury::engine::spread[0m[2m:[0m Evaluated spread direction 2 [3mmarket_id[0m[2m=[0m631deb8c-fbb4-489e-818e-ae698f57f50b [3mdirection[0m[2m=[0m"NO-A/YES-B" [3mraw_spread[0m[2m=[0m-0.0600 [3mbid_a[0m[2m=[0m0.5500 [3mask_b[0m[2m=[0m0.61
[2m2026-04-12T20:32:15.466210Z[0m [34mDEBUG[0m [2mmercury::engine::market_actor[0m[2m:[0m Tick received — running arb detection [3mmarket_id[0m[2m=[0m631deb8c-fbb4-489e-818e-ae698f57f50b [3mplatform[0m[2m=[0mKalshi [3mbid[0m[2m=[0m0.5500 [3mask[0m[2m=[0m0.5600 [3mmid[0m[2m=[0m0.5550 [3mbid_size[0m[2m=[0m482.76 [3mask_size[0m[2m=[0m62.12
[2m2026-04-12T20:32:15.466336Z[0m [34mDEBUG[0m [2mmercury::engine::spread[0m[2m:[0m Evaluated spread direction 2 [3mmarket_id[0m[2m=[0m631deb8c-fbb4-489e-818e-ae698f57f50b [3mdirection[0m[2m=[0m"NO-A/YES-B" [3mraw_spread[0m[2m=[0m-0.0600 [3mbid_a[0m[2m=[0m0.5500 [3mask_b[0m[2m=[0m0.61
[2m2026-04-12T20:32:15.600350Z[0m [34mDEBUG[0m [2mmercury::engine::market_actor[0m[2m:[0m Tick received — running arb detection [3mmarket_id[0m[2m=[0m631deb8c-fbb4-489e-818e-ae698f57f50b [3mplatform[0m[2m=[0mPolymarket [3mbid[0m[2m=[0m0.59 [3mask[0m[2m=[0m0.61 [3mmid[0m[2m=[0m0.60 [3mbid_size[0m[2m=[0m21.24 [3mask_size[0m[2m=[0m10
[2m2026-04-12T20:32:15.600644Z[0m [34mDEBUG[0m [2mmercury::engine::spread[0m[2m:[0m Evaluated spread direction 2 [3mmarket_id[0m[2m=[0m631deb8c-fbb4-489e-818e-ae698f57f50b [3mdirection[0m[2m=[0m"NO-A/YES-B" [3mraw_spread[0m[2m=[0m-0.0600 [3mbid_a[0m[2m=[0m0.5500 [3mask_b[0m[2m=[0m0.61
[2m2026-04-12T20:32:15.600773Z[0m [34mDEBUG[0m [2mmercury::feeds::polymarket[0m[2m:[0m Unknown Polymarket event type [3mevent_type[0m[2m=[0mbest_bid_ask
[2m2026-04-12T20:32:15.600821Z[0m [34mDEBUG[0m [2mmercury::engine::market_actor[0m[2m:[0m Tick received — running arb detection [3mmarket_id[0m[2m=[0m631deb8c-fbb4-489e-818e-ae698f57f50b [3mplatform[0m[2m=[0mPolymarket [3mbid[0m[2m=[0m0.59 [3mask[0m[2m=[0m0.61 [3mmid[0m[2m=[0m0.60 [3mbid_size[0m[2m=[0m21.24 [3mask_size[0m[2m=[0m16
[2m2026-04-12T20:32:15.601015Z[0m [34mDEBUG[0m [2mmercury::engine::spread[0m[2m:[0m Evaluated spread direction 2 [3mmarket_id[0m[2m=[0m631deb8c-fbb4-489e-818e-ae698f57f50b [3mdirection[0m[2m=[0m"NO-A/YES-B" [3mraw_spread[0m[2m=[0m-0.0600 [3mbid_a[0m[2m=[0m0.5500 [3mask_b[0m[2m=[0m0.61
[2m2026-04-12T20:32:15.601181Z[0m [34mDEBUG[0m [2mmercury::engine::market_actor[0m[2m:[0m Tick received — running arb detection [3mmarket_id[0m[2m=[0m631deb8c-fbb4-489e-818e-ae698f57f50b [3mplatform[0m[2m=[0mPolymarket [3mbid[0m[2m=[0m0.59 [3mask[0m[2m=[0m0.61 [3mmid[0m[2m=[0m0.60 [3mbid_size[0m[2m=[0m21.24 [3mask_size[0m[2m=[0m16
[2m2026-04-12T20:32:15.601377Z[0m [34mDEBUG[0m [2mmercury::engine::spread[0m[2m:[0m Evaluated spread direction 2 [3mmarket_id[0m[2m=[0m631deb8c-fbb4-489e-818e-ae698f57f50b [3mdirection[0m[2m=[0m"NO-A/YES-B" [3mraw_spread[0m[2m=[0m-0.0600 [3mbid_a[0m[2m=[0m0.5500 [3mask_b[0m[2m=[0m0.61
[2m2026-04-12T20:32:15.601541Z[0m [34mDEBUG[0m [2mmercury::engine::market_actor[0m[2m:[0m Tick received — running arb detection [3mmarket_id[0m[2m=[0m631deb8c-fbb4-489e-818e-ae698f57f50b [3mplatform[0m[2m=[0mPolymarket [3mbid[0m[2m=[0m0.59 [3mask[0m[2m=[0m0.61 [3mmid[0m[2m=[0m0.60 [3mbid_size[0m[2m=[0m21.24 [3mask_size[0m[2m=[0m16
[2m2026-04-12T20:32:15.601705Z[0m [34mDEBUG[0m [2mmercury::engine::spread[0m[2m:[0m Evaluated spread direction 2 [3mmarket_id[0m[2m=[0m631deb8c-fbb4-489e-818e-ae698f57f50b [3mdirection[0m[2m=[0m"NO-A/YES-B" [3mraw_spread[0m[2m=[0m-0.0600 [3mbid_a[0m[2m=[0m0.5500 [3mask_b[0m[2m=[0m0.61
[2m2026-04-12T20:32:15.601832Z[0m [34mDEBUG[0m [2mmercury::engine::market_actor[0m[2m:[0m Tick received — running arb detection [3mmarket_id[0m[2m=[0m631deb8c-fbb4-489e-818e-ae698f57f50b [3mplatform[0m[2m=[0mPolymarket [3mbid[0m[2m=[0m0.59 [3mask[0m[2m=[0m0.61 [3mmid[0m[2m=[0m0.60 [3mbid_size[0m[2m=[0m21.24 [3mask_size[0m[2m=[0m16
[2m2026-04-12T20:32:15.601978Z[0m [34mDEBUG[0m [2mmercury::engine::spread[0m[2m:[0m Evaluated spread direction 2 [3mmarket_id[0m[2m=[0m631deb8c-fbb4-489e-818e-ae698f57f50b [3mdirection[0m[2m=[0m"NO-A/YES-B" [3mraw_spread[0m[2m=[0m-0.0600 [3mbid_a[0m[2m=[0m0.5500 [3mask_b[0m[2m=[0m0.61
[2m2026-04-12T20:32:15.602110Z[0m [34mDEBUG[0m [2mmercury::engine::market_actor[0m[2m:[0m Tick received — running arb detection [3mmarket_id[0m[2m=[0m631deb8c-fbb4-489e-818e-ae698f57f50b [3mplatform[0m[2m=[0mPolymarket [3mbid[0m[2m=[0m0.6 [3mask[0m[2m=[0m0.61 [3mmid[0m[2m=[0m0.6050 [3mbid_size[0m[2m=[0m22.5 [3mask_size[0m[2m=[0m16
[2m2026-04-12T20:32:15.602257Z[0m [34mDEBUG[0m [2mmercury::engine::spread[0m[2m:[0m Evaluated spread direction 2 [3mmarket_id[0m[2m=[0m631deb8c-fbb4-489e-818e-ae698f57f50b [3mdirection[0m[2m=[0m"NO-A/YES-B" [3mraw_spread[0m[2m=[0m-0.0600 [3mbid_a[0m[2m=[0m0.5500 [3mask_b[0m[2m=[0m0.61
[2m2026-04-12T20:32:15.602383Z[0m [34mDEBUG[0m [2mmercury::engine::market_actor[0m[2m:[0m Tick received — running arb detection [3mmarket_id[0m[2m=[0m631deb8c-fbb4-489e-818e-ae698f57f50b [3mplatform[0m[2m=[0mPolymarket [3mbid[0m[2m=[0m0.6 [3mask[0m[2m=[0m0.61 [3mmid[0m[2m=[0m0.6050 [3mbid_size[0m[2m=[0m34.5 [3mask_size[0m[2m=[0m16
[2m2026-04-12T20:32:15.602528Z[0m [34mDEBUG[0m [2mmercury::engine::spread[0m[2m:[0m Evaluated spread direction 2 [3mmarket_id[0m[2m=[0m631deb8c-fbb4-489e-818e-ae698f57f50b [3mdirection[0m[2m=[0m"NO-A/YES-B" [3mraw_spread[0m[2m=[0m-0.0600 [3mbid_a[0m[2m=[0m0.5500 [3mask_b[0m[2m=[0m0.61
[2m2026-04-12T20:32:15.602674Z[0m [32m INFO[0m [2mmercury::engine::detector[0m[2m:[0m ARB OPPORTUNITY DETECTED — passing to execution pipeline [3mmarket_id[0m[2m=[0m631deb8c-fbb4-489e-818e-ae698f57f50b [3mnet_spread[0m[2m=[0m0.0222117095943335479716677398 [3mraw_spread[0m[2m=[0m0.0400 [3mscore[0m[2m=[0m0.0786507601908644425588910919 [3mleg_a[0m[2m=[0mKalshi [3mleg_b[0m[2m=[0mPolymarket [3mleg_a_price[0m[2m=[0m0.5600 [3mleg_b_price[0m[2m=[0m0.4 [3mavailable_size[0m[2m=[0m34.5
[2m2026-04-12T20:32:15.602869Z[0m [34mDEBUG[0m [2mmercury::engine::market_actor[0m[2m:[0m Tick received — running arb detection [3mmarket_id[0m[2m=[0m631deb8c-fbb4-489e-818e-ae698f57f50b [3mplatform[0m[2m=[0mPolymarket [3mbid[0m[2m=[0m0.6 [3mask[0m[2m=[0m0.61 [3mmid[0m[2m=[0m0.6050 [3mbid_size[0m[2m=[0m34.5 [3mask_size[0m[2m=[0m16
[2m2026-04-12T20:32:15.603018Z[0m [34mDEBUG[0m [2mmercury::engine::spread[0m[2m:[0m Evaluated spread direction 2 [3mmarket_id[0m[2m=[0m631deb8c-fbb4-489e-818e-ae698f57f50b [3mdirection[0m[2m=[0m"NO-A/YES-B" [3mraw_spread[0m[2m=[0m-0.0600 [3mbid_a[0m[2m=[0m0.5500 [3mask_b[0m[2m=[0m0.61
[2m2026-04-12T20:32:15.603153Z[0m [32m INFO[0m [2mmercury::engine::detector[0m[2m:[0m ARB OPPORTUNITY DETECTED — passing to execution pipeline [3mmarket_id[0m[2m=[0m631deb8c-fbb4-489e-818e-ae698f57f50b [3mnet_spread[0m[2m=[0m0.0232387540244687701223438506 [3mraw_spread[0m[2m=[0m0.0400 [3mscore[0m[2m=[0m0.0822874827419523471763986745 [3mleg_a[0m[2m=[0mKalshi [3mleg_b[0m[2m=[0mPolymarket [3mleg_a_price[0m[2m=[0m0.5600 [3mleg_b_price[0m[2m=[0m0.4 [3mavailable_size[0m[2m=[0m34.5
[2m2026-04-12T20:32:15.603355Z[0m [34mDEBUG[0m [2mmercury::engine::market_actor[0m[2m:[0m Tick received — running arb detection [3mmarket_id[0m[2m=[0m631deb8c-fbb4-489e-818e-ae698f57f50b [3mplatform[0m[2m=[0mPolymarket [3mbid[0m[2m=[0m0.6 [3mask[0m[2m=[0m0.61 [3mmid[0m[2m=[0m0.6050 [3mbid_size[0m[2m=[0m55.5 [3mask_size[0m[2m=[0m16
[2m2026-04-12T20:32:15.603436Z[0m [33m WARN[0m [2mmercury::risk::circuit_breaker[0m[2m:[0m Circuit breakers tripped [3mcount[0m[2m=[0m1
[2m2026-04-12T20:32:15.603505Z[0m [34mDEBUG[0m [2mmercury::engine::spread[0m[2m:[0m Evaluated spread direction 2 [3mmarket_id[0m[2m=[0m631deb8c-fbb4-489e-818e-ae698f57f50b [3mdirection[0m[2m=[0m"NO-A/YES-B" [3mraw_spread[0m[2m=[0m-0.0600 [3mbid_a[0m[2m=[0m0.5500 [3mask_b[0m[2m=[0m0.61
[2m2026-04-12T20:32:15.603511Z[0m [33m WARN[0m [2mmercury::engine::market_actor[0m[2m:[0m Opportunity BLOCKED by circuit breakers [3mopp_id[0m[2m=[0md4268b7a-8de2-4a8d-a558-fa79fa6ba85e [3mmarket_id[0m[2m=[0m631deb8c-fbb4-489e-818e-ae698f57f50b [3mapproved_size[0m[2m=[0m34
[2m2026-04-12T20:32:15.603651Z[0m [32m INFO[0m [2mmercury::engine::detector[0m[2m:[0m ARB OPPORTUNITY DETECTED — passing to execution pipeline [3mmarket_id[0m[2m=[0m631deb8c-fbb4-489e-818e-ae698f57f50b [3mnet_spread[0m[2m=[0m0.0266193077913715389568576947 [3mraw_spread[0m[2m=[0m0.0400 [3mscore[0m[2m=[0m0.1069133358374464198208064167 [3mleg_a[0m[2m=[0mKalshi [3mleg_b[0m[2m=[0mPolymarket [3mleg_a_price[0m[2m=[0m0.5600 [3mleg_b_price[0m[2m=[0m0.4 [3mavailable_size[0m[2m=[0m55.5
[2m2026-04-12T20:32:15.603850Z[0m [34mDEBUG[0m [2mmercury::engine::market_actor[0m[2m:[0m Tick received — running arb detection [3mmarket_id[0m[2m=[0m631deb8c-fbb4-489e-818e-ae698f57f50b [3mplatform[0m[2m=[0mPolymarket [3mbid[0m[2m=[0m0.6 [3mask[0m[2m=[0m0.61 [3mmid[0m[2m=[0m0.6050 [3mbid_size[0m[2m=[0m55.5 [3mask_size[0m[2m=[0m16
[2m2026-04-12T20:32:15.603900Z[0m [33m WARN[0m [2mmercury::risk::circuit_breaker[0m[2m:[0m Circuit breakers tripped [3mcount[0m[2m=[0m1
[2m2026-04-12T20:32:15.603964Z[0m [33m WARN[0m [2mmercury::engine::market_actor[0m[2m:[0m Opportunity BLOCKED by circuit breakers [3mopp_id[0m[2m=[0m91299064-3728-4c0b-9818-275c21a3c959 [3mmarket_id[0m[2m=[0m631deb8c-fbb4-489e-818e-ae698f57f50b [3mapproved_size[0m[2m=[0m34
[2m2026-04-12T20:32:15.603996Z[0m [34mDEBUG[0m [2mmercury::engine::spread[0m[2m:[0m Evaluated spread direction 2 [3mmarket_id[0m[2m=[0m631deb8c-fbb4-489e-818e-ae698f57f50b [3mdirection[0m[2m=[0m"NO-A/YES-B" [3mraw_spread[0m[2m=[0m-0.0600 [3mbid_a[0m[2m=[0m0.5500 [3mask_b[0m[2m=[0m0.61
[2m2026-04-12T20:32:15.604133Z[0m [32m INFO[0m [2mmercury::engine::detector[0m[2m:[0m ARB OPPORTUNITY DETECTED — passing to execution pipeline [3mmarket_id[0m[2m=[0m631deb8c-fbb4-489e-818e-ae698f57f50b [3mnet_spread[0m[2m=[0m0.0266193077913715389568576947 [3mraw_spread[0m[2m=[0m0.0400 [3mscore[0m[2m=[0m0.1069133358374464198208064167 [3mleg_a[0m[2m=[0mKalshi [3mleg_b[0m[2m=[0mPolymarket [3mleg_a_price[0m[2m=[0m0.5600 [3mleg_b_price[0m[2m=[0m0.4 [3mavailable_size[0m[2m=[0m55.5
[2m2026-04-12T20:32:15.604330Z[0m [34mDEBUG[0m [2mmercury::engine::market_actor[0m[2m:[0m Tick received — running arb detection [3mmarket_id[0m[2m=[0m631deb8c-fbb4-489e-818e-ae698f57f50b [3mplatform[0m[2m=[0mPolymarket [3mbid[0m[2m=[0m0.6 [3mask[0m[2m=[0m0.61 [3mmid[0m[2m=[0m0.6050 [3mbid_size[0m[2m=[0m55.5 [3mask_size[0m[2m=[0m16
[2m2026-04-12T20:32:15.604391Z[0m [33m WARN[0m [2mmercury::risk::circuit_breaker[0m[2m:[0m Circuit breakers tripped [3mcount[0m[2m=[0m1
[2m2026-04-12T20:32:15.604470Z[0m [33m WARN[0m [2mmercury::engine::market_actor[0m[2m:[0m Opportunity BLOCKED by circuit breakers [3mopp_id[0m[2m=[0m2e868e85-05f0-4eca-8bc1-4bf260d8fb36 [3mmarket_id[0m[2m=[0m631deb8c-fbb4-489e-818e-ae698f57f50b [3mapproved_size[0m[2m=[0m55
[2m2026-04-12T20:32:15.604476Z[0m [34mDEBUG[0m [2mmercury::engine::spread[0m[2m:[0m Evaluated spread direction 2 [3mmarket_id[0m[2m=[0m631deb8c-fbb4-489e-818e-ae698f57f50b [3mdirection[0m[2m=[0m"NO-A/YES-B" [3mraw_spread[0m[2m=[0m-0.0600 [3mbid_a[0m[2m=[0m0.5500 [3mask_b[0m[2m=[0m0.61
[2m2026-04-12T20:32:15.604612Z[0m [32m INFO[0m [2mmercury::engine::detector[0m[2m:[0m ARB OPPORTUNITY DETECTED — passing to execution pipeline [3mmarket_id[0m[2m=[0m631deb8c-fbb4-489e-818e-ae698f57f50b [3mnet_spread[0m[2m=[0m0.0266193077913715389568576947 [3mraw_spread[0m[2m=[0m0.0400 [3mscore[0m[2m=[0m0.1069133358374464198208064167 [3mleg_a[0m[2m=[0mKalshi [3mleg_b[0m[2m=[0mPolymarket [3mleg_a_price[0m[2m=[0m0.5600 [3mleg_b_price[0m[2m=[0m0.4 [3mavailable_size[0m[2m=[0m55.5
[2m2026-04-12T20:32:15.604805Z[0m [34mDEBUG[0m [2mmercury::engine::market_actor[0m[2m:[0m Tick received — running arb detection [3mmarket_id[0m[2m=[0m631deb8c-fbb4-489e-818e-ae698f57f50b [3mplatform[0m[2m=[0mPolymarket [3mbid[0m[2m=[0m0.6 [3mask[0m[2m=[0m0.61 [3mmid[0m[2m=[0m0.6050 [3mbid_size[0m[2m=[0m55.5 [3mask_size[0m[2m=[0m16
[2m2026-04-12T20:32:15.604847Z[0m [33m WARN[0m [2mmercury::risk::circuit_breaker[0m[2m:[0m Circuit breakers tripped [3mcount[0m[2m=[0m1
[2m2026-04-12T20:32:15.604931Z[0m [33m WARN[0m [2mmercury::engine::market_actor[0m[2m:[0m Opportunity BLOCKED by circuit breakers [3mopp_id[0m[2m=[0m89693dad-6aa8-4517-93b9-567da99bbd25 [3mmarket_id[0m[2m=[0m631deb8c-fbb4-489e-818e-ae698f57f50b [3mapproved_size[0m[2m=[0m55
[2m2026-04-12T20:32:15.604957Z[0m [34mDEBUG[0m [2mmercury::engine::spread[0m[2m:[0m Evaluated spread direction 2 [3mmarket_id[0m[2m=[0m631deb8c-fbb4-489e-818e-ae698f57f50b [3mdirection[0m[2m=[0m"NO-A/YES-B" [3mraw_spread[0m[2m=[0m-0.0600 [3mbid_a[0m[2m=[0m0.5500 [3mask_b[0m[2m=[0m0.61
[2m2026-04-12T20:32:15.605089Z[0m [32m INFO[0m [2mmercury::engine::detector[0m[2m:[0m ARB OPPORTUNITY DETECTED — passing to execution pipeline [3mmarket_id[0m[2m=[0m631deb8c-fbb4-489e-818e-ae698f57f50b [3mnet_spread[0m[2m=[0m0.0266193077913715389568576947 [3mraw_spread[0m[2m=[0m0.0400 [3mscore[0m[2m=[0m0.1069133358374464198208064167 [3mleg_a[0m[2m=[0mKalshi [3mleg_b[0m[2m=[0mPolymarket [3mleg_a_price[0m[2m=[0m0.5600 [3mleg_b_price[0m[2m=[0m0.4 [3mavailable_size[0m[2m=[0m55.5
[2m2026-04-12T20:32:15.605284Z[0m [34mDEBUG[0m [2mmercury::engine::market_actor[0m[2m:[0m Tick received — running arb detection [3mmarket_id[0m[2m=[0m631deb8c-fbb4-489e-818e-ae698f57f50b [3mplatform[0m[2m=[0mPolymarket [3mbid[0m[2m=[0m0.6 [3mask[0m[2m=[0m0.61 [3mmid[0m[2m=[0m0.6050 [3mbid_size[0m[2m=[0m55.5 [3mask_size[0m[2m=[0m16
[2m2026-04-12T20:32:15.605320Z[0m [33m WARN[0m [2mmercury::risk::circuit_breaker[0m[2m:[0m Circuit breakers tripped [3mcount[0m[2m=[0m1
[2m2026-04-12T20:32:15.605400Z[0m [33m WARN[0m [2mmercury::engine::market_actor[0m[2m:[0m Opportunity BLOCKED by circuit breakers [3mopp_id[0m[2m=[0m08e254a4-037b-4bf9-84fa-95bfb1124e0f [3mmarket_id[0m[2m=[0m631deb8c-fbb4-489e-818e-ae698f57f50b [3mapproved_size[0m[2m=[0m55
[2m2026-04-12T20:32:15.605443Z[0m [34mDEBUG[0m [2mmercury::engine::spread[0m[2m:[0m Evaluated spread direction 2 [3mmarket_id[0m[2m=[0m631deb8c-fbb4-489e-818e-ae698f57f50b [3mdirection[0m[2m=[0m"NO-A/YES-B" [3mraw_spread[0m[2m=[0m-0.0600 [3mbid_a[0m[2m=[0m0.5500 [3mask_b[0m[2m=[0m0.61
[2m2026-04-12T20:32:15.605591Z[0m [32m INFO[0m [2mmercury::engine::detector[0m[2m:[0m ARB OPPORTUNITY DETECTED — passing to execution pipeline [3mmarket_id[0m[2m=[0m631deb8c-fbb4-489e-818e-ae698f57f50b [3mnet_spread[0m[2m=[0m0.0266193077913715389568576947 [3mraw_spread[0m[2m=[0m0.0400 [3mscore[0m[2m=[0m0.1069133358374464198208064167 [3mleg_a[0m[2m=[0mKalshi [3mleg_b[0m[2m=[0mPolymarket [3mleg_a_price[0m[2m=[0m0.5600 [3mleg_b_price[0m[2m=[0m0.4 [3mavailable_size[0m[2m=[0m55.5
[2m2026-04-12T20:32:15.605762Z[0m [34mDEBUG[0m [2mmercury::engine::market_actor[0m[2m:[0m Tick received — running arb detection [3mmarket_id[0m[2m=[0m631deb8c-fbb4-489e-818e-ae698f57f50b [3mplatform[0m[2m=[0mPolymarket [3mbid[0m[2m=[0m0.6 [3mask[0m[2m=[0m0.61 [3mmid[0m[2m=[0m0.6050 [3mbid_size[0m[2m=[0m55.5 [3mask_size[0m[2m=[0m10
[2m2026-04-12T20:32:15.605800Z[0m [33m WARN[0m [2mmercury::risk::circuit_breaker[0m[2m:[0m Circuit breakers tripped [3mcount[0m[2m=[0m1
[2m2026-04-12T20:32:15.605862Z[0m [33m WARN[0m [2mmercury::engine::market_actor[0m[2m:[0m Opportunity BLOCKED by circuit breakers [3mopp_id[0m[2m=[0m48bac316-5663-4eb3-9fb9-05ef91323345 [3mmarket_id[0m[2m=[0m631deb8c-fbb4-489e-818e-ae698f57f50b [3mapproved_size[0m[2m=[0m55
[2m2026-04-12T20:32:15.605888Z[0m [34mDEBUG[0m [2mmercury::engine::spread[0m[2m:[0m Evaluated spread direction 2 [3mmarket_id[0m[2m=[0m631deb8c-fbb4-489e-818e-ae698f57f50b [3mdirection[0m[2m=[0m"NO-A/YES-B" [3mraw_spread[0m[2m=[0m-0.0600 [3mbid_a[0m[2m=[0m0.5500 [3mask_b[0m[2m=[0m0.61
[2m2026-04-12T20:32:15.606009Z[0m [32m INFO[0m [2mmercury::engine::detector[0m[2m:[0m ARB OPPORTUNITY DETECTED — passing to execution pipeline [3mmarket_id[0m[2m=[0m631deb8c-fbb4-489e-818e-ae698f57f50b [3mnet_spread[0m[2m=[0m0.0266193077913715389568576947 [3mraw_spread[0m[2m=[0m0.0400 [3mscore[0m[2m=[0m0.1069133358374464198208064167 [3mleg_a[0m[2m=[0mKalshi [3mleg_b[0m[2m=[0mPolymarket [3mleg_a_price[0m[2m=[0m0.5600 [3mleg_b_price[0m[2m=[0m0.4 [3mavailable_size[0m[2m=[0m55.5
[2m2026-04-12T20:32:15.606180Z[0m [34mDEBUG[0m [2mmercury::engine::market_actor[0m[2m:[0m Tick received — running arb detection [3mmarket_id[0m[2m=[0m631deb8c-fbb4-489e-818e-ae698f57f50b [3mplatform[0m[2m=[0mPolymarket [3mbid[0m[2m=[0m0.6 [3mask[0m[2m=[0m0.61 [3mmid[0m[2m=[0m0.6050 [3mbid_size[0m[2m=[0m34.5 [3mask_size[0m[2m=[0m10
[2m2026-04-12T20:32:15.606222Z[0m [33m WARN[0m [2mmercury::risk::circuit_breaker[0m[2m:[0m Circuit breakers tripped [3mcount[0m[2m=[0m1
[2m2026-04-12T20:32:15.606280Z[0m [33m WARN[0m [2mmercury::engine::market_actor[0m[2m:[0m Opportunity BLOCKED by circuit breakers [3mopp_id[0m[2m=[0m62ade90b-3515-40c3-8026-abd6b7e3a373 [3mmarket_id[0m[2m=[0m631deb8c-fbb4-489e-818e-ae698f57f50b [3mapproved_size[0m[2m=[0m55
[2m2026-04-12T20:32:15.606309Z[0m [34mDEBUG[0m [2mmercury::engine::spread[0m[2m:[0m Evaluated spread direction 2 [3mmarket_id[0m[2m=[0m631deb8c-fbb4-489e-818e-ae698f57f50b [3mdirection[0m[2m=[0m"NO-A/YES-B" [3mraw_spread[0m[2m=[0m-0.0600 [3mbid_a[0m[2m=[0m0.5500 [3mask_b[0m[2m=[0m0.61
[2m2026-04-12T20:32:15.606425Z[0m [32m INFO[0m [2mmercury::engine::detector[0m[2m:[0m ARB OPPORTUNITY DETECTED — passing to execution pipeline [3mmarket_id[0m[2m=[0m631deb8c-fbb4-489e-818e-ae698f57f50b [3mnet_spread[0m[2m=[0m0.0232387540244687701223438506 [3mraw_spread[0m[2m=[0m0.0400 [3mscore[0m[2m=[0m0.0822874827419523471763986745 [3mleg_a[0m[2m=[0mKalshi [3mleg_b[0m[2m=[0mPolymarket [3mleg_a_price[0m[2m=[0m0.5600 [3mleg_b_price[0m[2m=[0m0.4 [3mavailable_size[0m[2m=[0m34.5
[2m2026-04-12T20:32:15.606597Z[0m [34mDEBUG[0m [2mmercury::engine::market_actor[0m[2m:[0m Tick received — running arb detection [3mmarket_id[0m[2m=[0m631deb8c-fbb4-489e-818e-ae698f57f50b [3mplatform[0m[2m=[0mPolymarket [3mbid[0m[2m=[0m0.6 [3mask[0m[2m=[0m0.61 [3mmid[0m[2m=[0m0.6050 [3mbid_size[0m[2m=[0m34.5 [3mask_size[0m[2m=[0m5
[2m2026-04-12T20:32:15.606631Z[0m [33m WARN[0m [2mmercury::risk::circuit_breaker[0m[2m:[0m Circuit breakers tripped [3mcount[0m[2m=[0m1
[2m2026-04-12T20:32:15.606702Z[0m [33m WARN[0m [2mmercury::engine::market_actor[0m[2m:[0m Opportunity BLOCKED by circuit breakers [3mopp_id[0m[2m=[0m3c991a6f-091c-4bfa-ab48-40a735eafd78 [3mmarket_id[0m[2m=[0m631deb8c-fbb4-489e-818e-ae698f57f50b [3mapproved_size[0m[2m=[0m55
[2m2026-04-12T20:32:15.606727Z[0m [34mDEBUG[0m [2mmercury::engine::spread[0m[2m:[0m Evaluated spread direction 2 [3mmarket_id[0m[2m=[0m631deb8c-fbb4-489e-818e-ae698f57f50b [3mdirection[0m[2m=[0m"NO-A/YES-B" [3mraw_spread[0m[2m=[0m-0.0600 [3mbid_a[0m[2m=[0m0.5500 [3mask_b[0m[2m=[0m0.61
[2m2026-04-12T20:32:15.606845Z[0m [32m INFO[0m [2mmercury::engine::detector[0m[2m:[0m ARB OPPORTUNITY DETECTED — passing to execution pipeline [3mmarket_id[0m[2m=[0m631deb8c-fbb4-489e-818e-ae698f57f50b [3mnet_spread[0m[2m=[0m0.0232387540244687701223438506 [3mraw_spread[0m[2m=[0m0.0400 [3mscore[0m[2m=[0m0.0822874827419523471763986745 [3mleg_a[0m[2m=[0mKalshi [3mleg_b[0m[2m=[0mPolymarket [3mleg_a_price[0m[2m=[0m0.5600 [3mleg_b_price[0m[2m=[0m0.4 [3mavailable_size[0m[2m=[0m34.5
[2m2026-04-12T20:32:15.607014Z[0m [34mDEBUG[0m [2mmercury::engine::market_actor[0m[2m:[0m Tick received — running arb detection [3mmarket_id[0m[2m=[0m631deb8c-fbb4-489e-818e-ae698f57f50b [3mplatform[0m[2m=[0mPolymarket [3mbid[0m[2m=[0m0.6 [3mask[0m[2m=[0m0.61 [3mmid[0m[2m=[0m0.6050 [3mbid_size[0m[2m=[0m39.5 [3mask_size[0m[2m=[0m5
[2m2026-04-12T20:32:15.607039Z[0m [33m WARN[0m [2mmercury::risk::circuit_breaker[0m[2m:[0m Circuit breakers tripped [3mcount[0m[2m=[0m1
[2m2026-04-12T20:32:15.607114Z[0m [33m WARN[0m [2mmercury::engine::market_actor[0m[2m:[0m Opportunity BLOCKED by circuit breakers [3mopp_id[0m[2m=[0mdfd68a9e-8239-40eb-9a93-54fbb1ed2785 [3mmarket_id[0m[2m=[0m631deb8c-fbb4-489e-818e-ae698f57f50b [3mapproved_size[0m[2m=[0m34
[2m2026-04-12T20:32:15.607153Z[0m [34mDEBUG[0m [2mmercury::engine::spread[0m[2m:[0m Evaluated spread direction 2 [3mmarket_id[0m[2m=[0m631deb8c-fbb4-489e-818e-ae698f57f50b [3mdirection[0m[2m=[0m"NO-A/YES-B" [3mraw_spread[0m[2m=[0m-0.0600 [3mbid_a[0m[2m=[0m0.5500 [3mask_b[0m[2m=[0m0.61
[2m2026-04-12T20:32:15.607275Z[0m [32m INFO[0m [2mmercury::engine::detector[0m[2m:[0m ARB OPPORTUNITY DETECTED — passing to execution pipeline [3mmarket_id[0m[2m=[0m631deb8c-fbb4-489e-818e-ae698f57f50b [3mnet_spread[0m[2m=[0m0.0240436477784932388924661944 [3mraw_spread[0m[2m=[0m0.0400 [3mscore[0m[2m=[0m0.0883916784831717726717395381 [3mleg_a[0m[2m=[0mKalshi [3mleg_b[0m[2m=[0mPolymarket [3mleg_a_price[0m[2m=[0m0.5600 [3mleg_b_price[0m[2m=[0m0.4 [3mavailable_size[0m[2m=[0m39.5
[2m2026-04-12T20:32:15.607446Z[0m [34mDEBUG[0m [2mmercury::engine::market_actor[0m[2m:[0m Tick received — running arb detection [3mmarket_id[0m[2m=[0m631deb8c-fbb4-489e-818e-ae698f57f50b [3mplatform[0m[2m=[0mPolymarket [3mbid[0m[2m=[0m0.6 [3mask[0m[2m=[0m0.61 [3mmid[0m[2m=[0m0.6050 [3mbid_size[0m[2m=[0m44.5 [3mask_size[0m[2m=[0m5
[2m2026-04-12T20:32:15.607469Z[0m [33m WARN[0m [2mmercury::risk::circuit_breaker[0m[2m:[0m Circuit breakers tripped [3mcount[0m[2m=[0m1
[2m2026-04-12T20:32:15.607548Z[0m [33m WARN[0m [2mmercury::engine::market_actor[0m[2m:[0m Opportunity BLOCKED by circuit breakers [3mopp_id[0m[2m=[0mc1d8113b-01e2-4274-a1b8-4f7d4f83a2aa [3mmarket_id[0m[2m=[0m631deb8c-fbb4-489e-818e-ae698f57f50b [3mapproved_size[0m[2m=[0m34
[2m2026-04-12T20:32:15.607615Z[0m [34mDEBUG[0m [2mmercury::engine::spread[0m[2m:[0m Evaluated spread direction 2 [3mmarket_id[0m[2m=[0m631deb8c-fbb4-489e-818e-ae698f57f50b [3mdirection[0m[2m=[0m"NO-A/YES-B" [3mraw_spread[0m[2m=[0m-0.0600 [3mbid_a[0m[2m=[0m0.5500 [3mask_b[0m[2m=[0m0.61
[2m2026-04-12T20:32:15.607758Z[0m [32m INFO[0m [2mmercury::engine::detector[0m[2m:[0m ARB OPPORTUNITY DETECTED — passing to execution pipeline [3mmarket_id[0m[2m=[0m631deb8c-fbb4-489e-818e-ae698f57f50b [3mnet_spread[0m[2m=[0m0.0248485415325177076625885383 [3mraw_spread[0m[2m=[0m0.0400 [3mscore[0m[2m=[0m0.0943123707533672331174533072 [3mleg_a[0m[2m=[0mKalshi [3mleg_b[0m[2m=[0mPolymarket [3mleg_a_price[0m[2m=[0m0.5600 [3mleg_b_price[0m[2m=[0m0.4 [3mavailable_size[0m[2m=[0m44.5
[2m2026-04-12T20:32:15.607939Z[0m [34mDEBUG[0m [2mmercury::engine::market_actor[0m[2m:[0m Tick received — running arb detection [3mmarket_id[0m[2m=[0m631deb8c-fbb4-489e-818e-ae698f57f50b [3mplatform[0m[2m=[0mPolymarket [3mbid[0m[2m=[0m0.6 [3mask[0m[2m=[0m0.61 [3mmid[0m[2m=[0m0.6050 [3mbid_size[0m[2m=[0m49.5 [3mask_size[0m[2m=[0m5
[2m2026-04-12T20:32:15.607966Z[0m [33m WARN[0m [2mmercury::risk::circuit_breaker[0m[2m:[0m Circuit breakers tripped [3mcount[0m[2m=[0m1
[2m2026-04-12T20:32:15.608037Z[0m [33m WARN[0m [2mmercury::engine::market_actor[0m[2m:[0m Opportunity BLOCKED by circuit breakers [3mopp_id[0m[2m=[0m72be93f9-a9d7-4108-aca9-21e1b53a48af [3mmarket_id[0m[2m=[0m631deb8c-fbb4-489e-818e-ae698f57f50b [3mapproved_size[0m[2m=[0m39
[2m2026-04-12T20:32:15.608072Z[0m [34mDEBUG[0m [2mmercury::engine::spread[0m[2m:[0m Evaluated spread direction 2 [3mmarket_id[0m[2m=[0m631deb8c-fbb4-489e-818e-ae698f57f50b [3mdirection[0m[2m=[0m"NO-A/YES-B" [3mraw_spread[0m[2m=[0m-0.0600 [3mbid_a[0m[2m=[0m0.5500 [3mask_b[0m[2m=[0m0.61
[2m2026-04-12T20:32:15.608198Z[0m [32m INFO[0m [2mmercury::engine::detector[0m[2m:[0m ARB OPPORTUNITY DETECTED — passing to execution pipeline [3mmarket_id[0m[2m=[0m631deb8c-fbb4-489e-818e-ae698f57f50b [3mnet_spread[0m[2m=[0m0.0256534352865421764327108821 [3mraw_spread[0m[2m=[0m0.0400 [3mscore[0m[2m=[0m0.1000990033687893630128413895 [3mleg_a[0m[2m=[0mKalshi [3mleg_b[0m[2m=[0mPolymarket [3mleg_a_price[0m[2m=[0m0.5600 [3mleg_b_price[0m[2m=[0m0.4 [3mavailable_size[0m[2m=[0m49.5
[2m2026-04-12T20:32:15.608371Z[0m [34mDEBUG[0m [2mmercury::engine::market_actor[0m[2m:[0m Tick received — running arb detection [3mmarket_id[0m[2m=[0m631deb8c-fbb4-489e-818e-ae698f57f50b [3mplatform[0m[2m=[0mPolymarket [3mbid[0m[2m=[0m0.6 [3mask[0m[2m=[0m0.61 [3mmid[0m[2m=[0m0.6050 [3mbid_size[0m[2m=[0m49.5 [3mask_size[0m[2m=[0m10
[2m2026-04-12T20:32:15.608424Z[0m [33m WARN[0m [2mmercury::risk::circuit_breaker[0m[2m:[0m Circuit breakers tripped [3mcount[0m[2m=[0m1
[2m2026-04-12T20:32:15.608493Z[0m [33m WARN[0m [2mmercury::engine::market_actor[0m[2m:[0m Opportunity BLOCKED by circuit breakers [3mopp_id[0m[2m=[0m08377fce-5240-4aa4-b124-d1ed02fbd53a [3mmarket_id[0m[2m=[0m631deb8c-fbb4-489e-818e-ae698f57f50b [3mapproved_size[0m[2m=[0m44
[2m2026-04-12T20:32:15.608501Z[0m [34mDEBUG[0m [2mmercury::engine::spread[0m[2m:[0m Evaluated spread direction 2 [3mmarket_id[0m[2m=[0m631deb8c-fbb4-489e-818e-ae698f57f50b [3mdirection[0m[2m=[0m"NO-A/YES-B" [3mraw_spread[0m[2m=[0m-0.0600 [3mbid_a[0m[2m=[0m0.5500 [3mask_b[0m[2m=[0m0.61
[2m2026-04-12T20:32:15.608619Z[0m [32m INFO[0m [2mmercury::engine::detector[0m[2m:[0m ARB OPPORTUNITY DETECTED — passing to execution pipeline [3mmarket_id[0m[2m=[0m631deb8c-fbb4-489e-818e-ae698f57f50b [3mnet_spread[0m[2m=[0m0.0256534352865421764327108821 [3mraw_spread[0m[2m=[0m0.0400 [3mscore[0m[2m=[0m0.1000990033687893630128413895 [3mleg_a[0m[2m=[0mKalshi [3mleg_b[0m[2m=[0mPolymarket [3mleg_a_price[0m[2m=[0m0.5600 [3mleg_b_price[0m[2m=[0m0.4 [3mavailable_size[0m[2m=[0m49.5
[2m2026-04-12T20:32:15.608805Z[0m [34mDEBUG[0m [2mmercury::engine::market_actor[0m[2m:[0m Tick received — running arb detection [3mmarket_id[0m[2m=[0m631deb8c-fbb4-489e-818e-ae698f57f50b [3mplatform[0m[2m=[0mPolymarket [3mbid[0m[2m=[0m0.6 [3mask[0m[2m=[0m0.61 [3mmid[0m[2m=[0m0.6050 [3mbid_size[0m[2m=[0m49.5 [3mask_size[0m[2m=[0m10
[2m2026-04-12T20:32:15.608837Z[0m [33m WARN[0m [2mmercury::risk::circuit_breaker[0m[2m:[0m Circuit breakers tripped [3mcount[0m[2m=[0m1
[2m2026-04-12T20:32:15.608897Z[0m [33m WARN[0m [2mmercury::engine::market_actor[0m[2m:[0m Opportunity BLOCKED by circuit breakers [3mopp_id[0m[2m=[0m9870e23f-da63-4157-86d7-b69414784441 [3mmarket_id[0m[2m=[0m631deb8c-fbb4-489e-818e-ae698f57f50b [3mapproved_size[0m[2m=[0m49
[2m2026-04-12T20:32:15.608929Z[0m [34mDEBUG[0m [2mmercury::engine::spread[0m[2m:[0m Evaluated spread direction 2 [3mmarket_id[0m[2m=[0m631deb8c-fbb4-489e-818e-ae698f57f50b [3mdirection[0m[2m=[0m"NO-A/YES-B" [3mraw_spread[0m[2m=[0m-0.0600 [3mbid_a[0m[2m=[0m0.5500 [3mask_b[0m[2m=[0m0.61
[2m2026-04-12T20:32:15.609052Z[0m [32m INFO[0m [2mmercury::engine::detector[0m[2m:[0m ARB OPPORTUNITY DETECTED — passing to execution pipeline [3mmarket_id[0m[2m=[0m631deb8c-fbb4-489e-818e-ae698f57f50b [3mnet_spread[0m[2m=[0m0.0256534352865421764327108821 [3mraw_spread[0m[2m=[0m0.0400 [3mscore[0m[2m=[0m0.1000990033687893630128413895 [3mleg_a[0m[2m=[0mKalshi [3mleg_b[0m[2m=[0mPolymarket [3mleg_a_price[0m[2m=[0m0.5600 [3mleg_b_price[0m[2m=[0m0.4 [3mavailable_size[0m[2m=[0m49.5
[2m2026-04-12T20:32:15.609224Z[0m [34mDEBUG[0m [2mmercury::engine::market_actor[0m[2m:[0m Tick received — running arb detection [3mmarket_id[0m[2m=[0m631deb8c-fbb4-489e-818e-ae698f57f50b [3mplatform[0m[2m=[0mPolymarket [3mbid[0m[2m=[0m0.6 [3mask[0m[2m=[0m0.61 [3mmid[0m[2m=[0m0.6050 [3mbid_size[0m[2m=[0m49.5 [3mask_size[0m[2m=[0m10
[2m2026-04-12T20:32:15.609278Z[0m [33m WARN[0m [2mmercury::risk::circuit_breaker[0m[2m:[0m Circuit breakers tripped [3mcount[0m[2m=[0m1
[2m2026-04-12T20:32:15.609347Z[0m [33m WARN[0m [2mmercury::engine::market_actor[0m[2m:[0m Opportunity BLOCKED by circuit breakers [3mopp_id[0m[2m=[0m4ee8a9ca-da05-47cb-bd0b-ce28d4a93e9c [3mmarket_id[0m[2m=[0m631deb8c-fbb4-489e-818e-ae698f57f50b [3mapproved_size[0m[2m=[0m49
[2m2026-04-12T20:32:15.609352Z[0m [34mDEBUG[0m [2mmercury::engine::spread[0m[2m:[0m Evaluated spread direction 2 [3mmarket_id[0m[2m=[0m631deb8c-fbb4-489e-818e-ae698f57f50b [3mdirection[0m[2m=[0m"NO-A/YES-B" [3mraw_spread[0m[2m=[0m-0.0600 [3mbid_a[0m[2m=[0m0.5500 [3mask_b[0m[2m=[0m0.61
[2m2026-04-12T20:32:15.609474Z[0m [32m INFO[0m [2mmercury::engine::detector[0m[2m:[0m ARB OPPORTUNITY DETECTED — passing to execution pipeline [3mmarket_id[0m[2m=[0m631deb8c-fbb4-489e-818e-ae698f57f50b [3mnet_spread[0m[2m=[0m0.0256534352865421764327108821 [3mraw_spread[0m[2m=[0m0.0400 [3mscore[0m[2m=[0m0.1000990033687893630128413895 [3mleg_a[0m[2m=[0mKalshi [3mleg_b[0m[2m=[0mPolymarket [3mleg_a_price[0m[2m=[0m0.5600 [3mleg_b_price[0m[2m=[0m0.4 [3mavailable_size[0m[2m=[0m49.5
[2m2026-04-12T20:32:15.609645Z[0m [34mDEBUG[0m [2mmercury::engine::market_actor[0m[2m:[0m Tick received — running arb detection [3mmarket_id[0m[2m=[0m631deb8c-fbb4-489e-818e-ae698f57f50b [3mplatform[0m[2m=[0mPolymarket [3mbid[0m[2m=[0m0.6 [3mask[0m[2m=[0m0.61 [3mmid[0m[2m=[0m0.6050 [3mbid_size[0m[2m=[0m49.5 [3mask_size[0m[2m=[0m16
[2m2026-04-12T20:32:15.609678Z[0m [33m WARN[0m [2mmercury::risk::circuit_breaker[0m[2m:[0m Circuit breakers tripped [3mcount[0m[2m=[0m1
[2m2026-04-12T20:32:15.609745Z[0m [33m WARN[0m [2mmercury::engine::market_actor[0m[2m:[0m Opportunity BLOCKED by circuit breakers [3mopp_id[0m[2m=[0md93335ad-9918-4721-b560-a62b0d761d43 [3mmarket_id[0m[2m=[0m631deb8c-fbb4-489e-818e-ae698f57f50b [3mapproved_size[0m[2m=[0m49
[2m2026-04-12T20:32:15.609784Z[0m [34mDEBUG[0m [2mmercury::engine::spread[0m[2m:[0m Evaluated spread direction 2 [3mmarket_id[0m[2m=[0m631deb8c-fbb4-489e-818e-ae698f57f50b [3mdirection[0m[2m=[0m"NO-A/YES-B" [3mraw_spread[0m[2m=[0m-0.0600 [3mbid_a[0m[2m=[0m0.5500 [3mask_b[0m[2m=[0m0.61
[2m2026-04-12T20:32:15.609908Z[0m [32m INFO[0m [2mmercury::engine::detector[0m[2m:[0m ARB OPPORTUNITY DETECTED — passing to execution pipeline [3mmarket_id[0m[2m=[0m631deb8c-fbb4-489e-818e-ae698f57f50b [3mnet_spread[0m[2m=[0m0.0256534352865421764327108821 [3mraw_spread[0m[2m=[0m0.0400 [3mscore[0m[2m=[0m0.1000990033687893630128413895 [3mleg_a[0m[2m=[0mKalshi [3mleg_b[0m[2m=[0mPolymarket [3mleg_a_price[0m[2m=[0m0.5600 [3mleg_b_price[0m[2m=[0m0.4 [3mavailable_size[0m[2m=[0m49.5
[2m2026-04-12T20:32:15.610083Z[0m [34mDEBUG[0m [2mmercury::engine::market_actor[0m[2m:[0m Tick received — running arb detection [3mmarket_id[0m[2m=[0m631deb8c-fbb4-489e-818e-ae698f57f50b [3mplatform[0m[2m=[0mPolymarket [3mbid[0m[2m=[0m0.6 [3mask[0m[2m=[0m0.61 [3mmid[0m[2m=[0m0.6050 [3mbid_size[0m[2m=[0m49.5 [3mask_size[0m[2m=[0m16
[2m2026-04-12T20:32:15.610106Z[0m [33m WARN[0m [2mmercury::risk::circuit_breaker[0m[2m:[0m Circuit breakers tripped [3mcount[0m[2m=[0m1
[2m2026-04-12T20:32:15.610179Z[0m [33m WARN[0m [2mmercury::engine::market_actor[0m[2m:[0m Opportunity BLOCKED by circuit breakers [3mopp_id[0m[2m=[0m9c501a2d-b764-4f9f-a47c-b6791506ac0b [3mmarket_id[0m[2m=[0m631deb8c-fbb4-489e-818e-ae698f57f50b [3mapproved_size[0m[2m=[0m49
[2m2026-04-12T20:32:15.610216Z[0m [34mDEBUG[0m [2mmercury::engine::spread[0m[2m:[0m Evaluated spread direction 2 [3mmarket_id[0m[2m=[0m631deb8c-fbb4-489e-818e-ae698f57f50b [3mdirection[0m[2m=[0m"NO-A/YES-B" [3mraw_spread[0m[2m=[0m-0.0600 [3mbid_a[0m[2m=[0m0.5500 [3mask_b[0m[2m=[0m0.61
[2m2026-04-12T20:32:15.610338Z[0m [32m INFO[0m [2mmercury::engine::detector[0m[2m:[0m ARB OPPORTUNITY DETECTED — passing to execution pipeline [3mmarket_id[0m[2m=[0m631deb8c-fbb4-489e-818e-ae698f57f50b [3mnet_spread[0m[2m=[0m0.0256534352865421764327108821 [3mraw_spread[0m[2m=[0m0.0400 [3mscore[0m[2m=[0m0.1000990033687893630128413895 [3mleg_a[0m[2m=[0mKalshi [3mleg_b[0m[2m=[0mPolymarket [3mleg_a_price[0m[2m=[0m0.5600 [3mleg_b_price[0m[2m=[0m0.4 [3mavailable_size[0m[2m=[0m49.5
[2m2026-04-12T20:32:15.610510Z[0m [34mDEBUG[0m [2mmercury::engine::market_actor[0m[2m:[0m Tick received — running arb detection [3mmarket_id[0m[2m=[0m631deb8c-fbb4-489e-818e-ae698f57f50b [3mplatform[0m[2m=[0mPolymarket [3mbid[0m[2m=[0m0.6 [3mask[0m[2m=[0m0.61 [3mmid[0m[2m=[0m0.6050 [3mbid_size[0m[2m=[0m49.5 [3mask_size[0m[2m=[0m16
[2m2026-04-12T20:32:15.610532Z[0m [33m WARN[0m [2mmercury::risk::circuit_breaker[0m[2m:[0m Circuit breakers tripped [3mcount[0m[2m=[0m1
[2m2026-04-12T20:32:15.610605Z[0m [33m WARN[0m [2mmercury::engine::market_actor[0m[2m:[0m Opportunity BLOCKED by circuit breakers [3mopp_id[0m[2m=[0mca125414-2fe0-4238-8709-3c6ea0485fa1 [3mmarket_id[0m[2m=[0m631deb8c-fbb4-489e-818e-ae698f57f50b [3mapproved_size[0m[2m=[0m49
[2m2026-04-12T20:32:15.610638Z[0m [34mDEBUG[0m [2mmercury::engine::spread[0m[2m:[0m Evaluated spread direction 2 [3mmarket_id[0m[2m=[0m631deb8c-fbb4-489e-818e-ae698f57f50b [3mdirection[0m[2m=[0m"NO-A/YES-B" [3mraw_spread[0m[2m=[0m-0.0600 [3mbid_a[0m[2m=[0m0.5500 [3mask_b[0m[2m=[0m0.61
[2m2026-04-12T20:32:15.610761Z[0m [32m INFO[0m [2mmercury::engine::detector[0m[2m:[0m ARB OPPORTUNITY DETECTED — passing to execution pipeline [3mmarket_id[0m[2m=[0m631deb8c-fbb4-489e-818e-ae698f57f50b [3mnet_spread[0m[2m=[0m0.0256534352865421764327108821 [3mraw_spread[0m[2m=[0m0.0400 [3mscore[0m[2m=[0m0.1000990033687893630128413895 [3mleg_a[0m[2m=[0mKalshi [3mleg_b[0m[2m=[0mPolymarket [3mleg_a_price[0m[2m=[0m0.5600 [3mleg_b_price[0m[2m=[0m0.4 [3mavailable_size[0m[2m=[0m49.5
[2m2026-04-12T20:32:15.610936Z[0m [34mDEBUG[0m [2mmercury::engine::market_actor[0m[2m:[0m Tick received — running arb detection [3mmarket_id[0m[2m=[0m631deb8c-fbb4-489e-818e-ae698f57f50b [3mplatform[0m[2m=[0mPolymarket [3mbid[0m[2m=[0m0.6 [3mask[0m[2m=[0m0.61 [3mmid[0m[2m=[0m0.6050 [3mbid_size[0m[2m=[0m49.5 [3mask_size[0m[2m=[0m11
[2m2026-04-12T20:32:15.610957Z[0m [33m WARN[0m [2mmercury::risk::circuit_breaker[0m[2m:[0m Circuit breakers tripped [3mcount[0m[2m=[0m1
[2m2026-04-12T20:32:15.611031Z[0m [33m WARN[0m [2mmercury::engine::market_actor[0m[2m:[0m Opportunity BLOCKED by circuit breakers [3mopp_id[0m[2m=[0maf27dd94-357b-49df-8518-68cf6aad192a [3mmarket_id[0m[2m=[0m631deb8c-fbb4-489e-818e-ae698f57f50b [3mapproved_size[0m[2m=[0m49
[2m2026-04-12T20:32:15.611064Z[0m [34mDEBUG[0m [2mmercury::engine::spread[0m[2m:[0m Evaluated spread direction 2 [3mmarket_id[0m[2m=[0m631deb8c-fbb4-489e-818e-ae698f57f50b [3mdirection[0m[2m=[0m"NO-A/YES-B" [3mraw_spread[0m[2m=[0m-0.0600 [3mbid_a[0m[2m=[0m0.5500 [3mask_b[0m[2m=[0m0.61
[2m2026-04-12T20:32:15.611187Z[0m [32m INFO[0m [2mmercury::engine::detector[0m[2m:[0m ARB OPPORTUNITY DETECTED — passing to execution pipeline [3mmarket_id[0m[2m=[0m631deb8c-fbb4-489e-818e-ae698f57f50b [3mnet_spread[0m[2m=[0m0.0256534352865421764327108821 [3mraw_spread[0m[2m=[0m0.0400 [3mscore[0m[2m=[0m0.1000990033687893630128413895 [3mleg_a[0m[2m=[0mKalshi [3mleg_b[0m[2m=[0mPolymarket [3mleg_a_price[0m[2m=[0m0.5600 [3mleg_b_price[0m[2m=[0m0.4 [3mavailable_size[0m[2m=[0m49.5
[2m2026-04-12T20:32:15.611359Z[0m [34mDEBUG[0m [2mmercury::engine::market_actor[0m[2m:[0m Tick received — running arb detection [3mmarket_id[0m[2m=[0m631deb8c-fbb4-489e-818e-ae698f57f50b [3mplatform[0m[2m=[0mPolymarket [3mbid[0m[2m=[0m0.6 [3mask[0m[2m=[0m0.61 [3mmid[0m[2m=[0m0.6050 [3mbid_size[0m[2m=[0m49.5 [3mask_size[0m[2m=[0m11
[2m2026-04-12T20:32:15.611380Z[0m [33m WARN[0m [2mmercury::risk::circuit_breaker[0m[2m:[0m Circuit breakers tripped [3mcount[0m[2m=[0m1
[2m2026-04-12T20:32:15.611453Z[0m [33m WARN[0m [2mmercury::engine::market_actor[0m[2m:[0m Opportunity BLOCKED by circuit breakers [3mopp_id[0m[2m=[0mcc5a222c-6077-4192-9017-5411c05e2a1c [3mmarket_id[0m[2m=[0m631deb8c-fbb4-489e-818e-ae698f57f50b [3mapproved_size[0m[2m=[0m49
[2m2026-04-12T20:32:15.611487Z[0m [34mDEBUG[0m [2mmercury::engine::spread[0m[2m:[0m Evaluated spread direction 2 [3mmarket_id[0m[2m=[0m631deb8c-fbb4-489e-818e-ae698f57f50b [3mdirection[0m[2m=[0m"NO-A/YES-B" [3mraw_spread[0m[2m=[0m-0.0600 [3mbid_a[0m[2m=[0m0.5500 [3mask_b[0m[2m=[0m0.61
[2m2026-04-12T20:32:15.611609Z[0m [32m INFO[0m [2mmercury::engine::detector[0m[2m:[0m ARB OPPORTUNITY DETECTED — passing to execution pipeline [3mmarket_id[0m[2m=[0m631deb8c-fbb4-489e-818e-ae698f57f50b [3mnet_spread[0m[2m=[0m0.0256534352865421764327108821 [3mraw_spread[0m[2m=[0m0.0400 [3mscore[0m[2m=[0m0.1000990033687893630128413895 [3mleg_a[0m[2m=[0mKalshi [3mleg_b[0m[2m=[0mPolymarket [3mleg_a_price[0m[2m=[0m0.5600 [3mleg_b_price[0m[2m=[0m0.4 [3mavailable_size[0m[2m=[0m49.5
[2m2026-04-12T20:32:15.611782Z[0m [34mDEBUG[0m [2mmercury::engine::market_actor[0m[2m:[0m Tick received — running arb detection [3mmarket_id[0m[2m=[0m631deb8c-fbb4-489e-818e-ae698f57f50b [3mplatform[0m[2m=[0mPolymarket [3mbid[0m[2m=[0m0.6 [3mask[0m[2m=[0m0.61 [3mmid[0m[2m=[0m0.6050 [3mbid_size[0m[2m=[0m49.5 [3mask_size[0m[2m=[0m11
[2m2026-04-12T20:32:15.611801Z[0m [33m WARN[0m [2mmercury::risk::circuit_breaker[0m[2m:[0m Circuit breakers tripped [3mcount[0m[2m=[0m1
[2m2026-04-12T20:32:15.611892Z[0m [33m WARN[0m [2mmercury::engine::market_actor[0m[2m:[0m Opportunity BLOCKED by circuit breakers [3mopp_id[0m[2m=[0m597f58a6-188b-47b9-92ca-34ca1749004e [3mmarket_id[0m[2m=[0m631deb8c-fbb4-489e-818e-ae698f57f50b [3mapproved_size[0m[2m=[0m49
[2m2026-04-12T20:32:15.611927Z[0m [34mDEBUG[0m [2mmercury::engine::spread[0m[2m:[0m Evaluated spread direction 2 [3mmarket_id[0m[2m=[0m631deb8c-fbb4-489e-818e-ae698f57f50b [3mdirection[0m[2m=[0m"NO-A/YES-B" [3mraw_spread[0m[2m=[0m-0.0600 [3mbid_a[0m[2m=[0m0.5500 [3mask_b[0m[2m=[0m0.61
[2m2026-04-12T20:32:15.612050Z[0m [32m INFO[0m [2mmercury::engine::detector[0m[2m:[0m ARB OPPORTUNITY DETECTED — passing to execution pipeline [3mmarket_id[0m[2m=[0m631deb8c-fbb4-489e-818e-ae698f57f50b [3mnet_spread[0m[2m=[0m0.0256534352865421764327108821 [3mraw_spread[0m[2m=[0m0.0400 [3mscore[0m[2m=[0m0.1000990033687893630128413895 [3mleg_a[0m[2m=[0mKalshi [3mleg_b[0m[2m=[0mPolymarket [3mleg_a_price[0m[2m=[0m0.5600 [3mleg_b_price[0m[2m=[0m0.4 [3mavailable_size[0m[2m=[0m49.5
[2m2026-04-12T20:32:15.612249Z[0m [33m WARN[0m [2mmercury::risk::circuit_breaker[0m[2m:[0m Circuit breakers tripped [3mcount[0m[2m=[0m1
[2m2026-04-12T20:32:15.612312Z[0m [33m WARN[0m [2mmercury::engine::market_actor[0m[2m:[0m Opportunity BLOCKED by circuit breakers [3mopp_id[0m[2m=[0m50ce1f25-a00f-40de-bd2d-0b8152c0adf6 [3mmarket_id[0m[2m=[0m631deb8c-fbb4-489e-818e-ae698f57f50b [3mapproved_size[0m[2m=[0m49
[2m2026-04-12T20:32:15.612320Z[0m [33m WARN[0m [2mmercury::risk::circuit_breaker[0m[2m:[0m Circuit breakers tripped [3mcount[0m[2m=[0m1
[2m2026-04-12T20:32:15.612389Z[0m [33m WARN[0m [2mmercury::engine::market_actor[0m[2m:[0m Opportunity BLOCKED by circuit breakers [3mopp_id[0m[2m=[0m5511f8a1-86e1-47dd-a53f-56ad5507779f [3mmarket_id[0m[2m=[0m631deb8c-fbb4-489e-818e-ae698f57f50b [3mapproved_size[0m[2m=[0m49
[2m2026-04-12T20:32:15.628201Z[0m [34mDEBUG[0m [2mmercury::engine::market_actor[0m[2m:[0m Tick received — running arb detection [3mmarket_id[0m[2m=[0m631deb8c-fbb4-489e-818e-ae698f57f50b [3mplatform[0m[2m=[0mPolymarket [3mbid[0m[2m=[0m0.6 [3mask[0m[2m=[0m0.61 [3mmid[0m[2m=[0m0.6050 [3mbid_size[0m[2m=[0m49.5 [3mask_size[0m[2m=[0m11
[2m2026-04-12T20:32:15.628568Z[0m [34mDEBUG[0m [2mmercury::engine::spread[0m[2m:[0m Evaluated spread direction 2 [3mmarket_id[0m[2m=[0m631deb8c-fbb4-489e-818e-ae698f57f50b [3mdirection[0m[2m=[0m"NO-A/YES-B" [3mraw_spread[0m[2m=[0m-0.0600 [3mbid_a[0m[2m=[0m0.5500 [3mask_b[0m[2m=[0m0.61
[2m2026-04-12T20:32:15.628796Z[0m [32m INFO[0m [2mmercury::engine::detector[0m[2m:[0m ARB OPPORTUNITY DETECTED — passing to execution pipeline [3mmarket_id[0m[2m=[0m631deb8c-fbb4-489e-818e-ae698f57f50b [3mnet_spread[0m[2m=[0m0.0256534352865421764327108821 [3mraw_spread[0m[2m=[0m0.0400 [3mscore[0m[2m=[0m0.1000990033687893630128413895 [3mleg_a[0m[2m=[0mKalshi [3mleg_b[0m[2m=[0mPolymarket [3mleg_a_price[0m[2m=[0m0.5600 [3mleg_b_price[0m[2m=[0m0.4 [3mavailable_size[0m[2m=[0m49.5
[2m2026-04-12T20:32:15.629071Z[0m [34mDEBUG[0m [2mmercury::engine::market_actor[0m[2m:[0m Tick received — running arb detection [3mmarket_id[0m[2m=[0m631deb8c-fbb4-489e-818e-ae698f57f50b [3mplatform[0m[2m=[0mPolymarket [3mbid[0m[2m=[0m0.6 [3mask[0m[2m=[0m0.61 [3mmid[0m[2m=[0m0.6050 [3mbid_size[0m[2m=[0m49.5 [3mask_size[0m[2m=[0m11
[2m2026-04-12T20:32:15.629279Z[0m [34mDEBUG[0m [2mmercury::engine::spread[0m[2m:[0m Evaluated spread direction 2 [3mmarket_id[0m[2m=[0m631deb8c-fbb4-489e-818e-ae698f57f50b [3mdirection[0m[2m=[0m"NO-A/YES-B" [3mraw_spread[0m[2m=[0m-0.0600 [3mbid_a[0m[2m=[0m0.5500 [3mask_b[0m[2m=[0m0.61
[2m2026-04-12T20:32:15.629468Z[0m [32m INFO[0m [2mmercury::engine::detector[0m[2m:[0m ARB OPPORTUNITY DETECTED — passing to execution pipeline [3mmarket_id[0m[2m=[0m631deb8c-fbb4-489e-818e-ae698f57f50b [3mnet_spread[0m[2m=[0m0.0256534352865421764327108821 [3mraw_spread[0m[2m=[0m0.0400 [3mscore[0m[2m=[0m0.1000990033687893630128413895 [3mleg_a[0m[2m=[0mKalshi [3mleg_b[0m[2m=[0mPolymarket [3mleg_a_price[0m[2m=[0m0.5600 [3mleg_b_price[0m[2m=[0m0.4 [3mavailable_size[0m[2m=[0m49.5
[2m2026-04-12T20:32:15.629739Z[0m [34mDEBUG[0m [2mmercury::engine::market_actor[0m[2m:[0m Tick received — running arb detection [3mmarket_id[0m[2m=[0m631deb8c-fbb4-489e-818e-ae698f57f50b [3mplatform[0m[2m=[0mPolymarket [3mbid[0m[2m=[0m0.6 [3mask[0m[2m=[0m0.61 [3mmid[0m[2m=[0m0.6050 [3mbid_size[0m[2m=[0m49.5 [3mask_size[0m[2m=[0m11
[2m2026-04-12T20:32:15.629848Z[0m [33m WARN[0m [2mmercury::risk::circuit_breaker[0m[2m:[0m Circuit breakers tripped [3mcount[0m[2m=[0m1
[2m2026-04-12T20:32:15.629936Z[0m [34mDEBUG[0m [2mmercury::engine::spread[0m[2m:[0m Evaluated spread direction 2 [3mmarket_id[0m[2m=[0m631deb8c-fbb4-489e-818e-ae698f57f50b [3mdirection[0m[2m=[0m"NO-A/YES-B" [3mraw_spread[0m[2m=[0m-0.0600 [3mbid_a[0m[2m=[0m0.5500 [3mask_b[0m[2m=[0m0.61
[2m2026-04-12T20:32:15.629955Z[0m [33m WARN[0m [2mmercury::engine::market_actor[0m[2m:[0m Opportunity BLOCKED by circuit breakers [3mopp_id[0m[2m=[0mfd88f0eb-0f51-4dd8-91bc-aba222075b1a [3mmarket_id[0m[2m=[0m631deb8c-fbb4-489e-818e-ae698f57f50b [3mapproved_size[0m[2m=[0m49
[2m2026-04-12T20:32:15.630133Z[0m [32m INFO[0m [2mmercury::engine::detector[0m[2m:[0m ARB OPPORTUNITY DETECTED — passing to execution pipeline [3mmarket_id[0m[2m=[0m631deb8c-fbb4-489e-818e-ae698f57f50b [3mnet_spread[0m[2m=[0m0.0256534352865421764327108821 [3mraw_spread[0m[2m=[0m0.0400 [3mscore[0m[2m=[0m0.1000990033687893630128413895 [3mleg_a[0m[2m=[0mKalshi [3mleg_b[0m[2m=[0mPolymarket [3mleg_a_price[0m[2m=[0m0.5600 [3mleg_b_price[0m[2m=[0m0.4 [3mavailable_size[0m[2m=[0m49.5
[2m2026-04-12T20:32:15.630392Z[0m [34mDEBUG[0m [2mmercury::engine::market_actor[0m[2m:[0m Tick received — running arb detection [3mmarket_id[0m[2m=[0m631deb8c-fbb4-489e-818e-ae698f57f50b [3mplatform[0m[2m=[0mPolymarket [3mbid[0m[2m=[0m0.6 [3mask[0m[2m=[0m0.61 [3mmid[0m[2m=[0m0.6050 [3mbid_size[0m[2m=[0m49.5 [3mask_size[0m[2m=[0m11
[2m2026-04-12T20:32:15.630483Z[0m [33m WARN[0m [2mmercury::risk::circuit_breaker[0m[2m:[0m Circuit breakers tripped [3mcount[0m[2m=[0m1
[2m2026-04-12T20:32:15.630587Z[0m [33m WARN[0m [2mmercury::engine::market_actor[0m[2m:[0m Opportunity BLOCKED by circuit breakers [3mopp_id[0m[2m=[0m22da970f-0fc6-4bed-87f4-a838c476634e [3mmarket_id[0m[2m=[0m631deb8c-fbb4-489e-818e-ae698f57f50b [3mapproved_size[0m[2m=[0m49
[2m2026-04-12T20:32:15.630588Z[0m [34mDEBUG[0m [2mmercury::engine::spread[0m[2m:[0m Evaluated spread direction 2 [3mmarket_id[0m[2m=[0m631deb8c-fbb4-489e-818e-ae698f57f50b [3mdirection[0m[2m=[0m"NO-A/YES-B" [3mraw_spread[0m[2m=[0m-0.0600 [3mbid_a[0m[2m=[0m0.5500 [3mask_b[0m[2m=[0m0.61
[2m2026-04-12T20:32:15.630808Z[0m [32m INFO[0m [2mmercury::engine::detector[0m[2m:[0m ARB OPPORTUNITY DETECTED — passing to execution pipeline [3mmarket_id[0m[2m=[0m631deb8c-fbb4-489e-818e-ae698f57f50b [3mnet_spread[0m[2m=[0m0.0256534352865421764327108821 [3mraw_spread[0m[2m=[0m0.0400 [3mscore[0m[2m=[0m0.1000990033687893630128413895 [3mleg_a[0m[2m=[0mKalshi [3mleg_b[0m[2m=[0mPolymarket [3mleg_a_price[0m[2m=[0m0.5600 [3mleg_b_price[0m[2m=[0m0.4 [3mavailable_size[0m[2m=[0m49.5
[2m2026-04-12T20:32:15.631070Z[0m [34mDEBUG[0m [2mmercury::engine::market_actor[0m[2m:[0m Tick received — running arb detection [3mmarket_id[0m[2m=[0m631deb8c-fbb4-489e-818e-ae698f57f50b [3mplatform[0m[2m=[0mPolymarket [3mbid[0m[2m=[0m0.6 [3mask[0m[2m=[0m0.61 [3mmid[0m[2m=[0m0.6050 [3mbid_size[0m[2m=[0m49.5 [3mask_size[0m[2m=[0m11
[2m2026-04-12T20:32:15.631165Z[0m [33m WARN[0m [2mmercury::risk::circuit_breaker[0m[2m:[0m Circuit breakers tripped [3mcount[0m[2m=[0m1
[2m2026-04-12T20:32:15.631270Z[0m [33m WARN[0m [2mmercury::engine::market_actor[0m[2m:[0m Opportunity BLOCKED by circuit breakers [3mopp_id[0m[2m=[0me46f2b8c-0bfb-47ff-8ce4-93884cd6add0 [3mmarket_id[0m[2m=[0m631deb8c-fbb4-489e-818e-ae698f57f50b [3mapproved_size[0m[2m=[0m49
[2m2026-04-12T20:32:15.631272Z[0m [34mDEBUG[0m [2mmercury::engine::spread[0m[2m:[0m Evaluated spread direction 2 [3mmarket_id[0m[2m=[0m631deb8c-fbb4-489e-818e-ae698f57f50b [3mdirection[0m[2m=[0m"NO-A/YES-B" [3mraw_spread[0m[2m=[0m-0.0600 [3mbid_a[0m[2m=[0m0.5500 [3mask_b[0m[2m=[0m0.61
[2m2026-04-12T20:32:15.631487Z[0m [32m INFO[0m [2mmercury::engine::detector[0m[2m:[0m ARB OPPORTUNITY DETECTED — passing to execution pipeline [3mmarket_id[0m[2m=[0m631deb8c-fbb4-489e-818e-ae698f57f50b [3mnet_spread[0m[2m=[0m0.0256534352865421764327108821 [3mraw_spread[0m[2m=[0m0.0400 [3mscore[0m[2m=[0m0.1000990033687893630128413895 [3mleg_a[0m[2m=[0mKalshi [3mleg_b[0m[2m=[0mPolymarket [3mleg_a_price[0m[2m=[0m0.5600 [3mleg_b_price[0m[2m=[0m0.4 [3mavailable_size[0m[2m=[0m49.5
[2m2026-04-12T20:32:15.631756Z[0m [33m WARN[0m [2mmercury::risk::circuit_breaker[0m[2m:[0m Circuit breakers tripped [3mcount[0m[2m=[0m1
[2m2026-04-12T20:32:15.631831Z[0m [33m WARN[0m [2mmercury::engine::market_actor[0m[2m:[0m Opportunity BLOCKED by circuit breakers [3mopp_id[0m[2m=[0mcbfa241a-3487-4563-9983-396d4e7c428c [3mmarket_id[0m[2m=[0m631deb8c-fbb4-489e-818e-ae698f57f50b [3mapproved_size[0m[2m=[0m49
[2m2026-04-12T20:32:15.631888Z[0m [33m WARN[0m [2mmercury::risk::circuit_breaker[0m[2m:[0m Circuit breakers tripped [3mcount[0m[2m=[0m1
[2m2026-04-12T20:32:15.631968Z[0m [33m WARN[0m [2mmercury::engine::market_actor[0m[2m:[0m Opportunity BLOCKED by circuit breakers [3mopp_id[0m[2m=[0m7bc072ae-03de-407f-bcc2-673cbcb15f09 [3mmarket_id[0m[2m=[0m631deb8c-fbb4-489e-818e-ae698f57f50b [3mapproved_size[0m[2m=[0m49
[2m2026-04-12T20:32:15.641476Z[0m [34mDEBUG[0m [2mmercury::engine::market_actor[0m[2m:[0m Tick received — running arb detection [3mmarket_id[0m[2m=[0m631deb8c-fbb4-489e-818e-ae698f57f50b [3mplatform[0m[2m=[0mKalshi [3mbid[0m[2m=[0m0.5500 [3mask[0m[2m=[0m0.5600 [3mmid[0m[2m=[0m0.5550 [3mbid_size[0m[2m=[0m482.76 [3mask_size[0m[2m=[0m62.12
[2m2026-04-12T20:32:15.641717Z[0m [34mDEBUG[0m [2mmercury::engine::spread[0m[2m:[0m Evaluated spread direction 2 [3mmarket_id[0m[2m=[0m631deb8c-fbb4-489e-818e-ae698f57f50b [3mdirection[0m[2m=[0m"NO-A/YES-B" [3mraw_spread[0m[2m=[0m-0.0600 [3mbid_a[0m[2m=[0m0.5500 [3mask_b[0m[2m=[0m0.61
[2m2026-04-12T20:32:15.641876Z[0m [32m INFO[0m [2mmercury::engine::detector[0m[2m:[0m ARB OPPORTUNITY DETECTED — passing to execution pipeline [3mmarket_id[0m[2m=[0m631deb8c-fbb4-489e-818e-ae698f57f50b [3mnet_spread[0m[2m=[0m0.0256534352865421764327108821 [3mraw_spread[0m[2m=[0m0.0400 [3mscore[0m[2m=[0m0.1000990033687893630128413895 [3mleg_a[0m[2m=[0mKalshi [3mleg_b[0m[2m=[0mPolymarket [3mleg_a_price[0m[2m=[0m0.5600 [3mleg_b_price[0m[2m=[0m0.4 [3mavailable_size[0m[2m=[0m49.5
[2m2026-04-12T20:32:15.642075Z[0m [34mDEBUG[0m [2mmercury::engine::market_actor[0m[2m:[0m Tick received — running arb detection [3mmarket_id[0m[2m=[0m631deb8c-fbb4-489e-818e-ae698f57f50b [3mplatform[0m[2m=[0mKalshi [3mbid[0m[2m=[0m0.5500 [3mask[0m[2m=[0m0.5600 [3mmid[0m[2m=[0m0.5550 [3mbid_size[0m[2m=[0m402.76 [3mask_size[0m[2m=[0m62.12
[2m2026-04-12T20:32:15.642230Z[0m [34mDEBUG[0m [2mmercury::engine::spread[0m[2m:[0m Evaluated spread direction 2 [3mmarket_id[0m[2m=[0m631deb8c-fbb4-489e-818e-ae698f57f50b [3mdirection[0m[2m=[0m"NO-A/YES-B" [3mraw_spread[0m[2m=[0m-0.0600 [3mbid_a[0m[2m=[0m0.5500 [3mask_b[0m[2m=[0m0.61
[2m2026-04-12T20:32:15.642378Z[0m [32m INFO[0m [2mmercury::engine::detector[0m[2m:[0m ARB OPPORTUNITY DETECTED — passing to execution pipeline [3mmarket_id[0m[2m=[0m631deb8c-fbb4-489e-818e-ae698f57f50b [3mnet_spread[0m[2m=[0m0.0256534352865421764327108821 [3mraw_spread[0m[2m=[0m0.0400 [3mscore[0m[2m=[0m0.1000990033687893630128413895 [3mleg_a[0m[2m=[0mKalshi [3mleg_b[0m[2m=[0mPolymarket [3mleg_a_price[0m[2m=[0m0.5600 [3mleg_b_price[0m[2m=[0m0.4 [3mavailable_size[0m[2m=[0m49.5
[2m2026-04-12T20:32:15.642571Z[0m [34mDEBUG[0m [2mmercury::engine::market_actor[0m[2m:[0m Tick received — running arb detection [3mmarket_id[0m[2m=[0m631deb8c-fbb4-489e-818e-ae698f57f50b [3mplatform[0m[2m=[0mKalshi [3mbid[0m[2m=[0m0.5500 [3mask[0m[2m=[0m0.5600 [3mmid[0m[2m=[0m0.5550 [3mbid_size[0m[2m=[0m402.76 [3mask_size[0m[2m=[0m62.12
[2m2026-04-12T20:32:15.642674Z[0m [33m WARN[0m [2mmercury::risk::circuit_breaker[0m[2m:[0m Circuit breakers tripped [3mcount[0m[2m=[0m1
[2m2026-04-12T20:32:15.642725Z[0m [34mDEBUG[0m [2mmercury::engine::spread[0m[2m:[0m Evaluated spread direction 2 [3mmarket_id[0m[2m=[0m631deb8c-fbb4-489e-818e-ae698f57f50b [3mdirection[0m[2m=[0m"NO-A/YES-B" [3mraw_spread[0m[2m=[0m-0.0600 [3mbid_a[0m[2m=[0m0.5500 [3mask_b[0m[2m=[0m0.61
[2m2026-04-12T20:32:15.642769Z[0m [33m WARN[0m [2mmercury::engine::market_actor[0m[2m:[0m Opportunity BLOCKED by circuit breakers [3mopp_id[0m[2m=[0maac3385a-2c58-48da-be25-05c4b3733f3b [3mmarket_id[0m[2m=[0m631deb8c-fbb4-489e-818e-ae698f57f50b [3mapproved_size[0m[2m=[0m49
[2m2026-04-12T20:32:15.642866Z[0m [32m INFO[0m [2mmercury::engine::detector[0m[2m:[0m ARB OPPORTUNITY DETECTED — passing to execution pipeline [3mmarket_id[0m[2m=[0m631deb8c-fbb4-489e-818e-ae698f57f50b [3mnet_spread[0m[2m=[0m0.0256534352865421764327108821 [3mraw_spread[0m[2m=[0m0.0400 [3mscore[0m[2m=[0m0.1000990033687893630128413895 [3mleg_a[0m[2m=[0mKalshi [3mleg_b[0m[2m=[0mPolymarket [3mleg_a_price[0m[2m=[0m0.5600 [3mleg_b_price[0m[2m=[0m0.4 [3mavailable_size[0m[2m=[0m49.5
[2m2026-04-12T20:32:15.643056Z[0m [34mDEBUG[0m [2mmercury::engine::market_actor[0m[2m:[0m Tick received — running arb detection [3mmarket_id[0m[2m=[0m631deb8c-fbb4-489e-818e-ae698f57f50b [3mplatform[0m[2m=[0mKalshi [3mbid[0m[2m=[0m0.5500 [3mask[0m[2m=[0m0.5600 [3mmid[0m[2m=[0m0.5550 [3mbid_size[0m[2m=[0m2.76 [3mask_size[0m[2m=[0m62.12
[2m2026-04-12T20:32:15.643121Z[0m [33m WARN[0m [2mmercury::risk::circuit_breaker[0m[2m:[0m Circuit breakers tripped [3mcount[0m[2m=[0m1
[2m2026-04-12T20:32:15.643193Z[0m [33m WARN[0m [2mmercury::engine::market_actor[0m[2m:[0m Opportunity BLOCKED by circuit breakers [3mopp_id[0m[2m=[0m42d381c1-8e01-4b2c-aa78-1b28496873da [3mmarket_id[0m[2m=[0m631deb8c-fbb4-489e-818e-ae698f57f50b [3mapproved_size[0m[2m=[0m49
[2m2026-04-12T20:32:15.643208Z[0m [34mDEBUG[0m [2mmercury::engine::spread[0m[2m:[0m Evaluated spread direction 2 [3mmarket_id[0m[2m=[0m631deb8c-fbb4-489e-818e-ae698f57f50b [3mdirection[0m[2m=[0m"NO-A/YES-B" [3mraw_spread[0m[2m=[0m-0.0600 [3mbid_a[0m[2m=[0m0.5500 [3mask_b[0m[2m=[0m0.61
[2m2026-04-12T20:32:15.643343Z[0m [32m INFO[0m [2mmercury::engine::detector[0m[2m:[0m ARB OPPORTUNITY DETECTED — passing to execution pipeline [3mmarket_id[0m[2m=[0m631deb8c-fbb4-489e-818e-ae698f57f50b [3mnet_spread[0m[2m=[0m0.0256534352865421764327108821 [3mraw_spread[0m[2m=[0m0.0400 [3mscore[0m[2m=[0m0.1000990033687893630128413895 [3mleg_a[0m[2m=[0mKalshi [3mleg_b[0m[2m=[0mPolymarket [3mleg_a_price[0m[2m=[0m0.5600 [3mleg_b_price[0m[2m=[0m0.4 [3mavailable_size[0m[2m=[0m49.5
[2m2026-04-12T20:32:15.643531Z[0m [34mDEBUG[0m [2mmercury::engine::market_actor[0m[2m:[0m Tick received — running arb detection [3mmarket_id[0m[2m=[0m631deb8c-fbb4-489e-818e-ae698f57f50b [3mplatform[0m[2m=[0mKalshi [3mbid[0m[2m=[0m0.5500 [3mask[0m[2m=[0m0.5600 [3mmid[0m[2m=[0m0.5550 [3mbid_size[0m[2m=[0m2.76 [3mask_size[0m[2m=[0m62.12
[2m2026-04-12T20:32:15.643569Z[0m [33m WARN[0m [2mmercury::risk::circuit_breaker[0m[2m:[0m Circuit breakers tripped [3mcount[0m[2m=[0m1
[2m2026-04-12T20:32:15.643641Z[0m [33m WARN[0m [2mmercury::engine::market_actor[0m[2m:[0m Opportunity BLOCKED by circuit breakers [3mopp_id[0m[2m=[0m3bc4b87a-84c6-42a4-97ed-c15b0a2a186e [3mmarket_id[0m[2m=[0m631deb8c-fbb4-489e-818e-ae698f57f50b [3mapproved_size[0m[2m=[0m49
[2m2026-04-12T20:32:15.643679Z[0m [34mDEBUG[0m [2mmercury::engine::spread[0m[2m:[0m Evaluated spread direction 2 [3mmarket_id[0m[2m=[0m631deb8c-fbb4-489e-818e-ae698f57f50b [3mdirection[0m[2m=[0m"NO-A/YES-B" [3mraw_spread[0m[2m=[0m-0.0600 [3mbid_a[0m[2m=[0m0.5500 [3mask_b[0m[2m=[0m0.61
[2m2026-04-12T20:32:15.643819Z[0m [32m INFO[0m [2mmercury::engine::detector[0m[2m:[0m ARB OPPORTUNITY DETECTED — passing to execution pipeline [3mmarket_id[0m[2m=[0m631deb8c-fbb4-489e-818e-ae698f57f50b [3mnet_spread[0m[2m=[0m0.0256534352865421764327108821 [3mraw_spread[0m[2m=[0m0.0400 [3mscore[0m[2m=[0m0.1000990033687893630128413895 [3mleg_a[0m[2m=[0mKalshi [3mleg_b[0m[2m=[0mPolymarket [3mleg_a_price[0m[2m=[0m0.5600 [3mleg_b_price[0m[2m=[0m0.4 [3mavailable_size[0m[2m=[0m49.5
[2m2026-04-12T20:32:15.644006Z[0m [34mDEBUG[0m [2mmercury::engine::market_actor[0m[2m:[0m Tick received — running arb detection [3mmarket_id[0m[2m=[0m631deb8c-fbb4-489e-818e-ae698f57f50b [3mplatform[0m[2m=[0mKalshi [3mbid[0m[2m=[0m0.5500 [3mask[0m[2m=[0m0.5600 [3mmid[0m[2m=[0m0.5550 [3mbid_size[0m[2m=[0m202.76 [3mask_size[0m[2m=[0m62.12
[2m2026-04-12T20:32:15.644041Z[0m [33m WARN[0m [2mmercury::risk::circuit_breaker[0m[2m:[0m Circuit breakers tripped [3mcount[0m[2m=[0m1
[2m2026-04-12T20:32:15.644109Z[0m [33m WARN[0m [2mmercury::engine::market_actor[0m[2m:[0m Opportunity BLOCKED by circuit breakers [3mopp_id[0m[2m=[0m12961c17-8d63-4dc5-809d-65e176055dd1 [3mmarket_id[0m[2m=[0m631deb8c-fbb4-489e-818e-ae698f57f50b [3mapproved_size[0m[2m=[0m49
[2m2026-04-12T20:32:15.644152Z[0m [34mDEBUG[0m [2mmercury::engine::spread[0m[2m:[0m Evaluated spread direction 2 [3mmarket_id[0m[2m=[0m631deb8c-fbb4-489e-818e-ae698f57f50b [3mdirection[0m[2m=[0m"NO-A/YES-B" [3mraw_spread[0m[2m=[0m-0.0600 [3mbid_a[0m[2m=[0m0.5500 [3mask_b[0m[2m=[0m0.61
[2m2026-04-12T20:32:15.644291Z[0m [32m INFO[0m [2mmercury::engine::detector[0m[2m:[0m ARB OPPORTUNITY DETECTED — passing to execution pipeline [3mmarket_id[0m[2m=[0m631deb8c-fbb4-489e-818e-ae698f57f50b [3mnet_spread[0m[2m=[0m0.0256534352865421764327108821 [3mraw_spread[0m[2m=[0m0.0400 [3mscore[0m[2m=[0m0.1000990033687893630128413895 [3mleg_a[0m[2m=[0mKalshi [3mleg_b[0m[2m=[0mPolymarket [3mleg_a_price[0m[2m=[0m0.5600 [3mleg_b_price[0m[2m=[0m0.4 [3mavailable_size[0m[2m=[0m49.5
[2m2026-04-12T20:32:15.644478Z[0m [34mDEBUG[0m [2mmercury::engine::market_actor[0m[2m:[0m Tick received — running arb detection [3mmarket_id[0m[2m=[0m631deb8c-fbb4-489e-818e-ae698f57f50b [3mplatform[0m[2m=[0mKalshi [3mbid[0m[2m=[0m0.5500 [3mask[0m[2m=[0m0.5600 [3mmid[0m[2m=[0m0.5550 [3mbid_size[0m[2m=[0m282.76 [3mask_size[0m[2m=[0m62.12
[2m2026-04-12T20:32:15.644513Z[0m [33m WARN[0m [2mmercury::risk::circuit_breaker[0m[2m:[0m Circuit breakers tripped [3mcount[0m[2m=[0m1
[2m2026-04-12T20:32:15.644581Z[0m [33m WARN[0m [2mmercury::engine::market_actor[0m[2m:[0m Opportunity BLOCKED by circuit breakers [3mopp_id[0m[2m=[0md5f89526-e993-41fe-b19a-56115adfab51 [3mmarket_id[0m[2m=[0m631deb8c-fbb4-489e-818e-ae698f57f50b [3mapproved_size[0m[2m=[0m49
[2m2026-04-12T20:32:15.644624Z[0m [34mDEBUG[0m [2mmercury::engine::spread[0m[2m:[0m Evaluated spread direction 2 [3mmarket_id[0m[2m=[0m631deb8c-fbb4-489e-818e-ae698f57f50b [3mdirection[0m[2m=[0m"NO-A/YES-B" [3mraw_spread[0m[2m=[0m-0.0600 [3mbid_a[0m[2m=[0m0.5500 [3mask_b[0m[2m=[0m0.61
[2m2026-04-12T20:32:15.644764Z[0m [32m INFO[0m [2mmercury::engine::detector[0m[2m:[0m ARB OPPORTUNITY DETECTED — passing to execution pipeline [3mmarket_id[0m[2m=[0m631deb8c-fbb4-489e-818e-ae698f57f50b [3mnet_spread[0m[2m=[0m0.0256534352865421764327108821 [3mraw_spread[0m[2m=[0m0.0400 [3mscore[0m[2m=[0m0.1000990033687893630128413895 [3mleg_a[0m[2m=[0mKalshi [3mleg_b[0m[2m=[0mPolymarket [3mleg_a_price[0m[2m=[0m0.5600 [3mleg_b_price[0m[2m=[0m0.4 [3mavailable_size[0m[2m=[0m49.5
[2m2026-04-12T20:32:15.644964Z[0m [34mDEBUG[0m [2mmercury::engine::market_actor[0m[2m:[0m Tick received — running arb detection [3mmarket_id[0m[2m=[0m631deb8c-fbb4-489e-818e-ae698f57f50b [3mplatform[0m[2m=[0mKalshi [3mbid[0m[2m=[0m0.5500 [3mask[0m[2m=[0m0.5600 [3mmid[0m[2m=[0m0.5550 [3mbid_size[0m[2m=[0m282.76 [3mask_size[0m[2m=[0m62.12
[2m2026-04-12T20:32:15.644992Z[0m [33m WARN[0m [2mmercury::risk::circuit_breaker[0m[2m:[0m Circuit breakers tripped [3mcount[0m[2m=[0m1
[2m2026-04-12T20:32:15.645054Z[0m [33m WARN[0m [2mmercury::engine::market_actor[0m[2m:[0m Opportunity BLOCKED by circuit breakers [3mopp_id[0m[2m=[0m21b650a4-af7d-4adc-a409-39a95cbe4536 [3mmarket_id[0m[2m=[0m631deb8c-fbb4-489e-818e-ae698f57f50b [3mapproved_size[0m[2m=[0m49
[2m2026-04-12T20:32:15.645088Z[0m [34mDEBUG[0m [2mmercury::engine::spread[0m[2m:[0m Evaluated spread direction 2 [3mmarket_id[0m[2m=[0m631deb8c-fbb4-489e-818e-ae698f57f50b [3mdirection[0m[2m=[0m"NO-A/YES-B" [3mraw_spread[0m[2m=[0m-0.0600 [3mbid_a[0m[2m=[0m0.5500 [3mask_b[0m[2m=[0m0.61
[2m2026-04-12T20:32:15.645204Z[0m [32m INFO[0m [2mmercury::engine::detector[0m[2m:[0m ARB OPPORTUNITY DETECTED — passing to execution pipeline [3mmarket_id[0m[2m=[0m631deb8c-fbb4-489e-818e-ae698f57f50b [3mnet_spread[0m[2m=[0m0.0256534352865421764327108821 [3mraw_spread[0m[2m=[0m0.0400 [3mscore[0m[2m=[0m0.1000990033687893630128413895 [3mleg_a[0m[2m=[0mKalshi [3mleg_b[0m[2m=[0mPolymarket [3mleg_a_price[0m[2m=[0m0.5600 [3mleg_b_price[0m[2m=[0m0.4 [3mavailable_size[0m[2m=[0m49.5
[2m2026-04-12T20:32:15.645360Z[0m [34mDEBUG[0m [2mmercury::engine::market_actor[0m[2m:[0m Tick received — running arb detection [3mmarket_id[0m[2m=[0m631deb8c-fbb4-489e-818e-ae698f57f50b [3mplatform[0m[2m=[0mKalshi [3mbid[0m[2m=[0m0.5500 [3mask[0m[2m=[0m0.5600 [3mmid[0m[2m=[0m0.5550 [3mbid_size[0m[2m=[0m282.76 [3mask_size[0m[2m=[0m62.45
[2m2026-04-12T20:32:15.645388Z[0m [33m WARN[0m [2mmercury::risk::circuit_breaker[0m[2m:[0m Circuit breakers tripped [3mcount[0m[2m=[0m1
[2m2026-04-12T20:32:15.645445Z[0m [33m WARN[0m [2mmercury::engine::market_actor[0m[2m:[0m Opportunity BLOCKED by circuit breakers [3mopp_id[0m[2m=[0m02ccea5a-da22-4a05-b2f7-aa7e085adbe4 [3mmarket_id[0m[2m=[0m631deb8c-fbb4-489e-818e-ae698f57f50b [3mapproved_size[0m[2m=[0m49
[2m2026-04-12T20:32:15.645481Z[0m [34mDEBUG[0m [2mmercury::engine::spread[0m[2m:[0m Evaluated spread direction 2 [3mmarket_id[0m[2m=[0m631deb8c-fbb4-489e-818e-ae698f57f50b [3mdirection[0m[2m=[0m"NO-A/YES-B" [3mraw_spread[0m[2m=[0m-0.0600 [3mbid_a[0m[2m=[0m0.5500 [3mask_b[0m[2m=[0m0.61
[2m2026-04-12T20:32:15.645597Z[0m [32m INFO[0m [2mmercury::engine::detector[0m[2m:[0m ARB OPPORTUNITY DETECTED — passing to execution pipeline [3mmarket_id[0m[2m=[0m631deb8c-fbb4-489e-818e-ae698f57f50b [3mnet_spread[0m[2m=[0m0.0256115132105684547638110489 [3mraw_spread[0m[2m=[0m0.0400 [3mscore[0m[2m=[0m0.0999354245740880692056399038 [3mleg_a[0m[2m=[0mKalshi [3mleg_b[0m[2m=[0mPolymarket [3mleg_a_price[0m[2m=[0m0.5600 [3mleg_b_price[0m[2m=[0m0.4 [3mavailable_size[0m[2m=[0m49.5
[2m2026-04-12T20:32:15.645759Z[0m [34mDEBUG[0m [2mmercury::engine::market_actor[0m[2m:[0m Tick received — running arb detection [3mmarket_id[0m[2m=[0m631deb8c-fbb4-489e-818e-ae698f57f50b [3mplatform[0m[2m=[0mPolymarket [3mbid[0m[2m=[0m0.6 [3mask[0m[2m=[0m0.61 [3mmid[0m[2m=[0m0.6050 [3mbid_size[0m[2m=[0m49.5 [3mask_size[0m[2m=[0m11
[2m2026-04-12T20:32:15.645780Z[0m [33m WARN[0m [2mmercury::risk::circuit_breaker[0m[2m:[0m Circuit breakers tripped [3mcount[0m[2m=[0m1
[2m2026-04-12T20:32:15.645853Z[0m [33m WARN[0m [2mmercury::engine::market_actor[0m[2m:[0m Opportunity BLOCKED by circuit breakers [3mopp_id[0m[2m=[0m2b8be0ba-692f-45e6-8d5a-3d0248e5053d [3mmarket_id[0m[2m=[0m631deb8c-fbb4-489e-818e-ae698f57f50b [3mapproved_size[0m[2m=[0m49
[2m2026-04-12T20:32:15.645884Z[0m [34mDEBUG[0m [2mmercury::engine::spread[0m[2m:[0m Evaluated spread direction 2 [3mmarket_id[0m[2m=[0m631deb8c-fbb4-489e-818e-ae698f57f50b [3mdirection[0m[2m=[0m"NO-A/YES-B" [3mraw_spread[0m[2m=[0m-0.0600 [3mbid_a[0m[2m=[0m0.5500 [3mask_b[0m[2m=[0m0.61
[2m2026-04-12T20:32:15.646000Z[0m [32m INFO[0m [2mmercury::engine::detector[0m[2m:[0m ARB OPPORTUNITY DETECTED — passing to execution pipeline [3mmarket_id[0m[2m=[0m631deb8c-fbb4-489e-818e-ae698f57f50b [3mnet_spread[0m[2m=[0m0.0256115132105684547638110489 [3mraw_spread[0m[2m=[0m0.0400 [3mscore[0m[2m=[0m0.0999354245740880692056399038 [3mleg_a[0m[2m=[0mKalshi [3mleg_b[0m[2m=[0mPolymarket [3mleg_a_price[0m[2m=[0m0.5600 [3mleg_b_price[0m[2m=[0m0.4 [3mavailable_size[0m[2m=[0m49.5
[2m2026-04-12T20:32:15.646157Z[0m [34mDEBUG[0m [2mmercury::engine::market_actor[0m[2m:[0m Tick received — running arb detection [3mmarket_id[0m[2m=[0m631deb8c-fbb4-489e-818e-ae698f57f50b [3mplatform[0m[2m=[0mKalshi [3mbid[0m[2m=[0m0.5500 [3mask[0m[2m=[0m0.5600 [3mmid[0m[2m=[0m0.5550 [3mbid_size[0m[2m=[0m282.76 [3mask_size[0m[2m=[0m62.45
[2m2026-04-12T20:32:15.646185Z[0m [33m WARN[0m [2mmercury::risk::circuit_breaker[0m[2m:[0m Circuit breakers tripped [3mcount[0m[2m=[0m1
[2m2026-04-12T20:32:15.646245Z[0m [33m WARN[0m [2mmercury::engine::market_actor[0m[2m:[0m Opportunity BLOCKED by circuit breakers [3mopp_id[0m[2m=[0m317edb61-daf1-4e45-9008-f63c7715385b [3mmarket_id[0m[2m=[0m631deb8c-fbb4-489e-818e-ae698f57f50b [3mapproved_size[0m[2m=[0m49
[2m2026-04-12T20:32:15.646280Z[0m [34mDEBUG[0m [2mmercury::engine::spread[0m[2m:[0m Evaluated spread direction 2 [3mmarket_id[0m[2m=[0m631deb8c-fbb4-489e-818e-ae698f57f50b [3mdirection[0m[2m=[0m"NO-A/YES-B" [3mraw_spread[0m[2m=[0m-0.0600 [3mbid_a[0m[2m=[0m0.5500 [3mask_b[0m[2m=[0m0.61
[2m2026-04-12T20:32:15.646397Z[0m [32m INFO[0m [2mmercury::engine::detector[0m[2m:[0m ARB OPPORTUNITY DETECTED — passing to execution pipeline [3mmarket_id[0m[2m=[0m631deb8c-fbb4-489e-818e-ae698f57f50b [3mnet_spread[0m[2m=[0m0.0256115132105684547638110489 [3mraw_spread[0m[2m=[0m0.0400 [3mscore[0m[2m=[0m0.0999354245740880692056399038 [3mleg_a[0m[2m=[0mKalshi [3mleg_b[0m[2m=[0mPolymarket [3mleg_a_price[0m[2m=[0m0.5600 [3mleg_b_price[0m[2m=[0m0.4 [3mavailable_size[0m[2m=[0m49.5
[2m2026-04-12T20:32:15.646553Z[0m [34mDEBUG[0m [2mmercury::engine::market_actor[0m[2m:[0m Tick received — running arb detection [3mmarket_id[0m[2m=[0m631deb8c-fbb4-489e-818e-ae698f57f50b [3mplatform[0m[2m=[0mKalshi [3mbid[0m[2m=[0m0.5500 [3mask[0m[2m=[0m0.5600 [3mmid[0m[2m=[0m0.5550 [3mbid_size[0m[2m=[0m282.76 [3mask_size[0m[2m=[0m62.45
[2m2026-04-12T20:32:15.646580Z[0m [33m WARN[0m [2mmercury::risk::circuit_breaker[0m[2m:[0m Circuit breakers tripped [3mcount[0m[2m=[0m1
[2m2026-04-12T20:32:15.646641Z[0m [33m WARN[0m [2mmercury::engine::market_actor[0m[2m:[0m Opportunity BLOCKED by circuit breakers [3mopp_id[0m[2m=[0mc587b42f-9d0d-4c30-9302-b6fa33fcb5ce [3mmarket_id[0m[2m=[0m631deb8c-fbb4-489e-818e-ae698f57f50b [3mapproved_size[0m[2m=[0m49
[2m2026-04-12T20:32:15.646676Z[0m [34mDEBUG[0m [2mmercury::engine::spread[0m[2m:[0m Evaluated spread direction 2 [3mmarket_id[0m[2m=[0m631deb8c-fbb4-489e-818e-ae698f57f50b [3mdirection[0m[2m=[0m"NO-A/YES-B" [3mraw_spread[0m[2m=[0m-0.0600 [3mbid_a[0m[2m=[0m0.5500 [3mask_b[0m[2m=[0m0.61
[2m2026-04-12T20:32:15.646794Z[0m [32m INFO[0m [2mmercury::engine::detector[0m[2m:[0m ARB OPPORTUNITY DETECTED — passing to execution pipeline [3mmarket_id[0m[2m=[0m631deb8c-fbb4-489e-818e-ae698f57f50b [3mnet_spread[0m[2m=[0m0.0256115132105684547638110489 [3mraw_spread[0m[2m=[0m0.0400 [3mscore[0m[2m=[0m0.0999354245740880692056399038 [3mleg_a[0m[2m=[0mKalshi [3mleg_b[0m[2m=[0mPolymarket [3mleg_a_price[0m[2m=[0m0.5600 [3mleg_b_price[0m[2m=[0m0.4 [3mavailable_size[0m[2m=[0m49.5
[2m2026-04-12T20:32:15.646963Z[0m [34mDEBUG[0m [2mmercury::engine::market_actor[0m[2m:[0m Tick received — running arb detection [3mmarket_id[0m[2m=[0m631deb8c-fbb4-489e-818e-ae698f57f50b [3mplatform[0m[2m=[0mKalshi [3mbid[0m[2m=[0m0.5500 [3mask[0m[2m=[0m0.5600 [3mmid[0m[2m=[0m0.5550 [3mbid_size[0m[2m=[0m682.76 [3mask_size[0m[2m=[0m62.45
[2m2026-04-12T20:32:15.646990Z[0m [33m WARN[0m [2mmercury::risk::circuit_breaker[0m[2m:[0m Circuit breakers tripped [3mcount[0m[2m=[0m1
[2m2026-04-12T20:32:15.647048Z[0m [33m WARN[0m [2mmercury::engine::market_actor[0m[2m:[0m Opportunity BLOCKED by circuit breakers [3mopp_id[0m[2m=[0mb892f08a-aaa9-4aa3-982a-0bc29baeddae [3mmarket_id[0m[2m=[0m631deb8c-fbb4-489e-818e-ae698f57f50b [3mapproved_size[0m[2m=[0m49
[2m2026-04-12T20:32:15.647082Z[0m [34mDEBUG[0m [2mmercury::engine::spread[0m[2m:[0m Evaluated spread direction 2 [3mmarket_id[0m[2m=[0m631deb8c-fbb4-489e-818e-ae698f57f50b [3mdirection[0m[2m=[0m"NO-A/YES-B" [3mraw_spread[0m[2m=[0m-0.0600 [3mbid_a[0m[2m=[0m0.5500 [3mask_b[0m[2m=[0m0.61
[2m2026-04-12T20:32:15.647195Z[0m [32m INFO[0m [2mmercury::engine::detector[0m[2m:[0m ARB OPPORTUNITY DETECTED — passing to execution pipeline [3mmarket_id[0m[2m=[0m631deb8c-fbb4-489e-818e-ae698f57f50b [3mnet_spread[0m[2m=[0m0.0256115132105684547638110489 [3mraw_spread[0m[2m=[0m0.0400 [3mscore[0m[2m=[0m0.0999354245740880692056399038 [3mleg_a[0m[2m=[0mKalshi [3mleg_b[0m[2m=[0mPolymarket [3mleg_a_price[0m[2m=[0m0.5600 [3mleg_b_price[0m[2m=[0m0.4 [3mavailable_size[0m[2m=[0m49.5
[2m2026-04-12T20:32:15.647346Z[0m [34mDEBUG[0m [2mmercury::engine::market_actor[0m[2m:[0m Tick received — running arb detection [3mmarket_id[0m[2m=[0m631deb8c-fbb4-489e-818e-ae698f57f50b [3mplatform[0m[2m=[0mKalshi [3mbid[0m[2m=[0m0.5500 [3mask[0m[2m=[0m0.5600 [3mmid[0m[2m=[0m0.5550 [3mbid_size[0m[2m=[0m682.76 [3mask_size[0m[2m=[0m62.45
[2m2026-04-12T20:32:15.647374Z[0m [33m WARN[0m [2mmercury::risk::circuit_breaker[0m[2m:[0m Circuit breakers tripped [3mcount[0m[2m=[0m1
[2m2026-04-12T20:32:15.647429Z[0m [33m WARN[0m [2mmercury::engine::market_actor[0m[2m:[0m Opportunity BLOCKED by circuit breakers [3mopp_id[0m[2m=[0m19bfa369-24cf-41d3-a9ea-06550d4364b9 [3mmarket_id[0m[2m=[0m631deb8c-fbb4-489e-818e-ae698f57f50b [3mapproved_size[0m[2m=[0m49
[2m2026-04-12T20:32:15.647463Z[0m [34mDEBUG[0m [2mmercury::engine::spread[0m[2m:[0m Evaluated spread direction 2 [3mmarket_id[0m[2m=[0m631deb8c-fbb4-489e-818e-ae698f57f50b [3mdirection[0m[2m=[0m"NO-A/YES-B" [3mraw_spread[0m[2m=[0m-0.0600 [3mbid_a[0m[2m=[0m0.5500 [3mask_b[0m[2m=[0m0.61
[2m2026-04-12T20:32:15.647574Z[0m [32m INFO[0m [2mmercury::engine::detector[0m[2m:[0m ARB OPPORTUNITY DETECTED — passing to execution pipeline [3mmarket_id[0m[2m=[0m631deb8c-fbb4-489e-818e-ae698f57f50b [3mnet_spread[0m[2m=[0m0.0256115132105684547638110489 [3mraw_spread[0m[2m=[0m0.0400 [3mscore[0m[2m=[0m0.0999354245740880692056399038 [3mleg_a[0m[2m=[0mKalshi [3mleg_b[0m[2m=[0mPolymarket [3mleg_a_price[0m[2m=[0m0.5600 [3mleg_b_price[0m[2m=[0m0.4 [3mavailable_size[0m[2m=[0m49.5
[2m2026-04-12T20:32:15.647727Z[0m [34mDEBUG[0m [2mmercury::engine::market_actor[0m[2m:[0m Tick received — running arb detection [3mmarket_id[0m[2m=[0m631deb8c-fbb4-489e-818e-ae698f57f50b [3mplatform[0m[2m=[0mKalshi [3mbid[0m[2m=[0m0.5500 [3mask[0m[2m=[0m0.5600 [3mmid[0m[2m=[0m0.5550 [3mbid_size[0m[2m=[0m682.76 [3mask_size[0m[2m=[0m62.45
[2m2026-04-12T20:32:15.647754Z[0m [33m WARN[0m [2mmercury::risk::circuit_breaker[0m[2m:[0m Circuit breakers tripped [3mcount[0m[2m=[0m1
[2m2026-04-12T20:32:15.647811Z[0m [33m WARN[0m [2mmercury::engine::market_actor[0m[2m:[0m Opportunity BLOCKED by circuit breakers [3mopp_id[0m[2m=[0me33cda42-803c-41bf-9074-dbbf69ca0462 [3mmarket_id[0m[2m=[0m631deb8c-fbb4-489e-818e-ae698f57f50b [3mapproved_size[0m[2m=[0m49
[2m2026-04-12T20:32:15.647846Z[0m [34mDEBUG[0m [2mmercury::engine::spread[0m[2m:[0m Evaluated spread direction 2 [3mmarket_id[0m[2m=[0m631deb8c-fbb4-489e-818e-ae698f57f50b [3mdirection[0m[2m=[0m"NO-A/YES-B" [3mraw_spread[0m[2m=[0m-0.0600 [3mbid_a[0m[2m=[0m0.5500 [3mask_b[0m[2m=[0m0.61
[2m2026-04-12T20:32:15.647957Z[0m [32m INFO[0m [2mmercury::engine::detector[0m[2m:[0m ARB OPPORTUNITY DETECTED — passing to execution pipeline [3mmarket_id[0m[2m=[0m631deb8c-fbb4-489e-818e-ae698f57f50b [3mnet_spread[0m[2m=[0m0.0256115132105684547638110489 [3mraw_spread[0m[2m=[0m0.0400 [3mscore[0m[2m=[0m0.0999354245740880692056399038 [3mleg_a[0m[2m=[0mKalshi [3mleg_b[0m[2m=[0mPolymarket [3mleg_a_price[0m[2m=[0m0.5600 [3mleg_b_price[0m[2m=[0m0.4 [3mavailable_size[0m[2m=[0m49.5
[2m2026-04-12T20:32:15.648108Z[0m [34mDEBUG[0m [2mmercury::engine::market_actor[0m[2m:[0m Tick received — running arb detection [3mmarket_id[0m[2m=[0m631deb8c-fbb4-489e-818e-ae698f57f50b [3mplatform[0m[2m=[0mKalshi [3mbid[0m[2m=[0m0.5500 [3mask[0m[2m=[0m0.5600 [3mmid[0m[2m=[0m0.5550 [3mbid_size[0m[2m=[0m482.76 [3mask_size[0m[2m=[0m62.45
[2m2026-04-12T20:32:15.648135Z[0m [33m WARN[0m [2mmercury::risk::circuit_breaker[0m[2m:[0m Circuit breakers tripped [3mcount[0m[2m=[0m1
[2m2026-04-12T20:32:15.648193Z[0m [33m WARN[0m [2mmercury::engine::market_actor[0m[2m:[0m Opportunity BLOCKED by circuit breakers [3mopp_id[0m[2m=[0m9bd41b0b-884b-41e0-8d45-767b0fffdb98 [3mmarket_id[0m[2m=[0m631deb8c-fbb4-489e-818e-ae698f57f50b [3mapproved_size[0m[2m=[0m49
[2m2026-04-12T20:32:15.648227Z[0m [34mDEBUG[0m [2mmercury::engine::spread[0m[2m:[0m Evaluated spread direction 2 [3mmarket_id[0m[2m=[0m631deb8c-fbb4-489e-818e-ae698f57f50b [3mdirection[0m[2m=[0m"NO-A/YES-B" [3mraw_spread[0m[2m=[0m-0.0600 [3mbid_a[0m[2m=[0m0.5500 [3mask_b[0m[2m=[0m0.61
[2m2026-04-12T20:32:15.648339Z[0m [32m INFO[0m [2mmercury::engine::detector[0m[2m:[0m ARB OPPORTUNITY DETECTED — passing to execution pipeline [3mmarket_id[0m[2m=[0m631deb8c-fbb4-489e-818e-ae698f57f50b [3mnet_spread[0m[2m=[0m0.0256115132105684547638110489 [3mraw_spread[0m[2m=[0m0.0400 [3mscore[0m[2m=[0m0.0999354245740880692056399038 [3mleg_a[0m[2m=[0mKalshi [3mleg_b[0m[2m=[0mPolymarket [3mleg_a_price[0m[2m=[0m0.5600 [3mleg_b_price[0m[2m=[0m0.4 [3mavailable_size[0m[2m=[0m49.5
[2m2026-04-12T20:32:15.648490Z[0m [34mDEBUG[0m [2mmercury::engine::market_actor[0m[2m:[0m Tick received — running arb detection [3mmarket_id[0m[2m=[0m631deb8c-fbb4-489e-818e-ae698f57f50b [3mplatform[0m[2m=[0mKalshi [3mbid[0m[2m=[0m0.5500 [3mask[0m[2m=[0m0.5600 [3mmid[0m[2m=[0m0.5550 [3mbid_size[0m[2m=[0m402.76 [3mask_size[0m[2m=[0m62.45
[2m2026-04-12T20:32:15.648516Z[0m [33m WARN[0m [2mmercury::risk::circuit_breaker[0m[2m:[0m Circuit breakers tripped [3mcount[0m[2m=[0m1
[2m2026-04-12T20:32:15.648574Z[0m [33m WARN[0m [2mmercury::engine::market_actor[0m[2m:[0m Opportunity BLOCKED by circuit breakers [3mopp_id[0m[2m=[0mdf83cce9-04e7-44c1-a93d-18740f1e0683 [3mmarket_id[0m[2m=[0m631deb8c-fbb4-489e-818e-ae698f57f50b [3mapproved_size[0m[2m=[0m49
[2m2026-04-12T20:32:15.648608Z[0m [34mDEBUG[0m [2mmercury::engine::spread[0m[2m:[0m Evaluated spread direction 2 [3mmarket_id[0m[2m=[0m631deb8c-fbb4-489e-818e-ae698f57f50b [3mdirection[0m[2m=[0m"NO-A/YES-B" [3mraw_spread[0m[2m=[0m-0.0600 [3mbid_a[0m[2m=[0m0.5500 [3mask_b[0m[2m=[0m0.61
[2m2026-04-12T20:32:15.648720Z[0m [32m INFO[0m [2mmercury::engine::detector[0m[2m:[0m ARB OPPORTUNITY DETECTED — passing to execution pipeline [3mmarket_id[0m[2m=[0m631deb8c-fbb4-489e-818e-ae698f57f50b [3mnet_spread[0m[2m=[0m0.0256115132105684547638110489 [3mraw_spread[0m[2m=[0m0.0400 [3mscore[0m[2m=[0m0.0999354245740880692056399038 [3mleg_a[0m[2m=[0mKalshi [3mleg_b[0m[2m=[0mPolymarket [3mleg_a_price[0m[2m=[0m0.5600 [3mleg_b_price[0m[2m=[0m0.4 [3mavailable_size[0m[2m=[0m49.5
[2m2026-04-12T20:32:15.648872Z[0m [34mDEBUG[0m [2mmercury::engine::market_actor[0m[2m:[0m Tick received — running arb detection [3mmarket_id[0m[2m=[0m631deb8c-fbb4-489e-818e-ae698f57f50b [3mplatform[0m[2m=[0mKalshi [3mbid[0m[2m=[0m0.5500 [3mask[0m[2m=[0m0.5600 [3mmid[0m[2m=[0m0.5550 [3mbid_size[0m[2m=[0m2.76 [3mask_size[0m[2m=[0m62.45
[2m2026-04-12T20:32:15.648900Z[0m [33m WARN[0m [2mmercury::risk::circuit_breaker[0m[2m:[0m Circuit breakers tripped [3mcount[0m[2m=[0m1
[2m2026-04-12T20:32:15.648955Z[0m [33m WARN[0m [2mmercury::engine::market_actor[0m[2m:[0m Opportunity BLOCKED by circuit breakers [3mopp_id[0m[2m=[0m83b9ca1c-9121-492c-b20a-08638fb0a62f [3mmarket_id[0m[2m=[0m631deb8c-fbb4-489e-818e-ae698f57f50b [3mapproved_size[0m[2m=[0m49
[2m2026-04-12T20:32:15.648989Z[0m [34mDEBUG[0m [2mmercury::engine::spread[0m[2m:[0m Evaluated spread direction 2 [3mmarket_id[0m[2m=[0m631deb8c-fbb4-489e-818e-ae698f57f50b [3mdirection[0m[2m=[0m"NO-A/YES-B" [3mraw_spread[0m[2m=[0m-0.0600 [3mbid_a[0m[2m=[0m0.5500 [3mask_b[0m[2m=[0m0.61
[2m2026-04-12T20:32:15.649101Z[0m [32m INFO[0m [2mmercury::engine::detector[0m[2m:[0m ARB OPPORTUNITY DETECTED — passing to execution pipeline [3mmarket_id[0m[2m=[0m631deb8c-fbb4-489e-818e-ae698f57f50b [3mnet_spread[0m[2m=[0m0.0256115132105684547638110489 [3mraw_spread[0m[2m=[0m0.0400 [3mscore[0m[2m=[0m0.0999354245740880692056399038 [3mleg_a[0m[2m=[0mKalshi [3mleg_b[0m[2m=[0mPolymarket [3mleg_a_price[0m[2m=[0m0.5600 [3mleg_b_price[0m[2m=[0m0.4 [3mavailable_size[0m[2m=[0m49.5
[2m2026-04-12T20:32:15.649252Z[0m [34mDEBUG[0m [2mmercury::engine::market_actor[0m[2m:[0m Tick received — running arb detection [3mmarket_id[0m[2m=[0m631deb8c-fbb4-489e-818e-ae698f57f50b [3mplatform[0m[2m=[0mKalshi [3mbid[0m[2m=[0m0.5500 [3mask[0m[2m=[0m0.5600 [3mmid[0m[2m=[0m0.5550 [3mbid_size[0m[2m=[0m2.76 [3mask_size[0m[2m=[0m62.45
[2m2026-04-12T20:32:15.649279Z[0m [33m WARN[0m [2mmercury::risk::circuit_breaker[0m[2m:[0m Circuit breakers tripped [3mcount[0m[2m=[0m1
[2m2026-04-12T20:32:15.649337Z[0m [33m WARN[0m [2mmercury::engine::market_actor[0m[2m:[0m Opportunity BLOCKED by circuit breakers [3mopp_id[0m[2m=[0m14884476-3c0a-485d-b6e0-17dfe1abf6aa [3mmarket_id[0m[2m=[0m631deb8c-fbb4-489e-818e-ae698f57f50b [3mapproved_size[0m[2m=[0m49
[2m2026-04-12T20:32:15.649371Z[0m [34mDEBUG[0m [2mmercury::engine::spread[0m[2m:[0m Evaluated spread direction 2 [3mmarket_id[0m[2m=[0m631deb8c-fbb4-489e-818e-ae698f57f50b [3mdirection[0m[2m=[0m"NO-A/YES-B" [3mraw_spread[0m[2m=[0m-0.0600 [3mbid_a[0m[2m=[0m0.5500 [3mask_b[0m[2m=[0m0.61
[2m2026-04-12T20:32:15.649499Z[0m [32m INFO[0m [2mmercury::engine::detector[0m[2m:[0m ARB OPPORTUNITY DETECTED — passing to execution pipeline [3mmarket_id[0m[2m=[0m631deb8c-fbb4-489e-818e-ae698f57f50b [3mnet_spread[0m[2m=[0m0.0256115132105684547638110489 [3mraw_spread[0m[2m=[0m0.0400 [3mscore[0m[2m=[0m0.0999354245740880692056399038 [3mleg_a[0m[2m=[0mKalshi [3mleg_b[0m[2m=[0mPolymarket [3mleg_a_price[0m[2m=[0m0.5600 [3mleg_b_price[0m[2m=[0m0.4 [3mavailable_size[0m[2m=[0m49.5
[2m2026-04-12T20:32:15.649647Z[0m [34mDEBUG[0m [2mmercury::engine::market_actor[0m[2m:[0m Tick received — running arb detection [3mmarket_id[0m[2m=[0m631deb8c-fbb4-489e-818e-ae698f57f50b [3mplatform[0m[2m=[0mKalshi [3mbid[0m[2m=[0m0.5500 [3mask[0m[2m=[0m0.5600 [3mmid[0m[2m=[0m0.5550 [3mbid_size[0m[2m=[0m2.76 [3mask_size[0m[2m=[0m62.45
[2m2026-04-12T20:32:15.649673Z[0m [33m WARN[0m [2mmercury::risk::circuit_breaker[0m[2m:[0m Circuit breakers tripped [3mcount[0m[2m=[0m1
[2m2026-04-12T20:32:15.649727Z[0m [33m WARN[0m [2mmercury::engine::market_actor[0m[2m:[0m Opportunity BLOCKED by circuit breakers [3mopp_id[0m[2m=[0mc6ba1148-fb54-4af9-835b-86a79e8acac4 [3mmarket_id[0m[2m=[0m631deb8c-fbb4-489e-818e-ae698f57f50b [3mapproved_size[0m[2m=[0m49
[2m2026-04-12T20:32:15.649760Z[0m [34mDEBUG[0m [2mmercury::engine::spread[0m[2m:[0m Evaluated spread direction 2 [3mmarket_id[0m[2m=[0m631deb8c-fbb4-489e-818e-ae698f57f50b [3mdirection[0m[2m=[0m"NO-A/YES-B" [3mraw_spread[0m[2m=[0m-0.0600 [3mbid_a[0m[2m=[0m0.5500 [3mask_b[0m[2m=[0m0.61
[2m2026-04-12T20:32:15.649868Z[0m [32m INFO[0m [2mmercury::engine::detector[0m[2m:[0m ARB OPPORTUNITY DETECTED — passing to execution pipeline [3mmarket_id[0m[2m=[0m631deb8c-fbb4-489e-818e-ae698f57f50b [3mnet_spread[0m[2m=[0m0.0256115132105684547638110489 [3mraw_spread[0m[2m=[0m0.0400 [3mscore[0m[2m=[0m0.0999354245740880692056399038 [3mleg_a[0m[2m=[0mKalshi [3mleg_b[0m[2m=[0mPolymarket [3mleg_a_price[0m[2m=[0m0.5600 [3mleg_b_price[0m[2m=[0m0.4 [3mavailable_size[0m[2m=[0m49.5
[2m2026-04-12T20:32:15.650027Z[0m [34mDEBUG[0m [2mmercury::engine::market_actor[0m[2m:[0m Tick received — running arb detection [3mmarket_id[0m[2m=[0m631deb8c-fbb4-489e-818e-ae698f57f50b [3mplatform[0m[2m=[0mKalshi [3mbid[0m[2m=[0m0.5500 [3mask[0m[2m=[0m0.5600 [3mmid[0m[2m=[0m0.5550 [3mbid_size[0m[2m=[0m2.76 [3mask_size[0m[2m=[0m62.45
[2m2026-04-12T20:32:15.650055Z[0m [33m WARN[0m [2mmercury::risk::circuit_breaker[0m[2m:[0m Circuit breakers tripped [3mcount[0m[2m=[0m1
[2m2026-04-12T20:32:15.650107Z[0m [33m WARN[0m [2mmercury::engine::market_actor[0m[2m:[0m Opportunity BLOCKED by circuit breakers [3mopp_id[0m[2m=[0m3a7f6349-7d7a-48c4-9576-1ad1fbdde610 [3mmarket_id[0m[2m=[0m631deb8c-fbb4-489e-818e-ae698f57f50b [3mapproved_size[0m[2m=[0m49
[2m2026-04-12T20:32:15.650136Z[0m [34mDEBUG[0m [2mmercury::engine::spread[0m[2m:[0m Evaluated spread direction 2 [3mmarket_id[0m[2m=[0m631deb8c-fbb4-489e-818e-ae698f57f50b [3mdirection[0m[2m=[0m"NO-A/YES-B" [3mraw_spread[0m[2m=[0m-0.0600 [3mbid_a[0m[2m=[0m0.5500 [3mask_b[0m[2m=[0m0.61
[2m2026-04-12T20:32:15.650242Z[0m [32m INFO[0m [2mmercury::engine::detector[0m[2m:[0m ARB OPPORTUNITY DETECTED — passing to execution pipeline [3mmarket_id[0m[2m=[0m631deb8c-fbb4-489e-818e-ae698f57f50b [3mnet_spread[0m[2m=[0m0.0256115132105684547638110489 [3mraw_spread[0m[2m=[0m0.0400 [3mscore[0m[2m=[0m0.0999354245740880692056399038 [3mleg_a[0m[2m=[0mKalshi [3mleg_b[0m[2m=[0mPolymarket [3mleg_a_price[0m[2m=[0m0.5600 [3mleg_b_price[0m[2m=[0m0.4 [3mavailable_size[0m[2m=[0m49.5
[2m2026-04-12T20:32:15.650414Z[0m [33m WARN[0m [2mmercury::risk::circuit_breaker[0m[2m:[0m Circuit breakers tripped [3mcount[0m[2m=[0m1
[2m2026-04-12T20:32:15.650468Z[0m [33m WARN[0m [2mmercury::engine::market_actor[0m[2m:[0m Opportunity BLOCKED by circuit breakers [3mopp_id[0m[2m=[0m7ff15c28-2a7d-4efb-b5af-dcf3dda58f56 [3mmarket_id[0m[2m=[0m631deb8c-fbb4-489e-818e-ae698f57f50b [3mapproved_size[0m[2m=[0m49
[2m2026-04-12T20:32:15.650476Z[0m [33m WARN[0m [2mmercury::risk::circuit_breaker[0m[2m:[0m Circuit breakers tripped [3mcount[0m[2m=[0m1
[2m2026-04-12T20:32:15.650535Z[0m [33m WARN[0m [2mmercury::engine::market_actor[0m[2m:[0m Opportunity BLOCKED by circuit breakers [3mopp_id[0m[2m=[0m60414942-5709-4ffd-8993-e3ba3fb5ba21 [3mmarket_id[0m[2m=[0m631deb8c-fbb4-489e-818e-ae698f57f50b [3mapproved_size[0m[2m=[0m49
[2m2026-04-12T20:32:15.651764Z[0m [34mDEBUG[0m [2mmercury::engine::market_actor[0m[2m:[0m Tick received — running arb detection [3mmarket_id[0m[2m=[0m631deb8c-fbb4-489e-818e-ae698f57f50b [3mplatform[0m[2m=[0mPolymarket [3mbid[0m[2m=[0m0.6 [3mask[0m[2m=[0m0.61 [3mmid[0m[2m=[0m0.6050 [3mbid_size[0m[2m=[0m49.5 [3mask_size[0m[2m=[0m11
[2m2026-04-12T20:32:15.651890Z[0m [34mDEBUG[0m [2mmercury::engine::spread[0m[2m:[0m Evaluated spread direction 2 [3mmarket_id[0m[2m=[0m631deb8c-fbb4-489e-818e-ae698f57f50b [3mdirection[0m[2m=[0m"NO-A/YES-B" [3mraw_spread[0m[2m=[0m-0.0600 [3mbid_a[0m[2m=[0m0.5500 [3mask_b[0m[2m=[0m0.61
[2m2026-04-12T20:32:15.652003Z[0m [32m INFO[0m [2mmercury::engine::detector[0m[2m:[0m ARB OPPORTUNITY DETECTED — passing to execution pipeline [3mmarket_id[0m[2m=[0m631deb8c-fbb4-489e-818e-ae698f57f50b [3mnet_spread[0m[2m=[0m0.0256115132105684547638110489 [3mraw_spread[0m[2m=[0m0.0400 [3mscore[0m[2m=[0m0.0999354245740880692056399038 [3mleg_a[0m[2m=[0mKalshi [3mleg_b[0m[2m=[0mPolymarket [3mleg_a_price[0m[2m=[0m0.5600 [3mleg_b_price[0m[2m=[0m0.4 [3mavailable_size[0m[2m=[0m49.5
[2m2026-04-12T20:32:15.652157Z[0m [34mDEBUG[0m [2mmercury::engine::market_actor[0m[2m:[0m Tick received — running arb detection [3mmarket_id[0m[2m=[0m631deb8c-fbb4-489e-818e-ae698f57f50b [3mplatform[0m[2m=[0mPolymarket [3mbid[0m[2m=[0m0.6 [3mask[0m[2m=[0m0.61 [3mmid[0m[2m=[0m0.6050 [3mbid_size[0m[2m=[0m49.5 [3mask_size[0m[2m=[0m11
[2m2026-04-12T20:32:15.652264Z[0m [34mDEBUG[0m [2mmercury::engine::spread[0m[2m:[0m Evaluated spread direction 2 [3mmarket_id[0m[2m=[0m631deb8c-fbb4-489e-818e-ae698f57f50b [3mdirection[0m[2m=[0m"NO-A/YES-B" [3mraw_spread[0m[2m=[0m-0.0600 [3mbid_a[0m[2m=[0m0.5500 [3mask_b[0m[2m=[0m0.61
[2m2026-04-12T20:32:15.652368Z[0m [32m INFO[0m [2mmercury::engine::detector[0m[2m:[0m ARB OPPORTUNITY DETECTED — passing to execution pipeline [3mmarket_id[0m[2m=[0m631deb8c-fbb4-489e-818e-ae698f57f50b [3mnet_spread[0m[2m=[0m0.0256115132105684547638110489 [3mraw_spread[0m[2m=[0m0.0400 [3mscore[0m[2m=[0m0.0999354245740880692056399038 [3mleg_a[0m[2m=[0mKalshi [3mleg_b[0m[2m=[0mPolymarket [3mleg_a_price[0m[2m=[0m0.5600 [3mleg_b_price[0m[2m=[0m0.4 [3mavailable_size[0m[2m=[0m49.5
[2m2026-04-12T20:32:15.652526Z[0m [33m WARN[0m [2mmercury::risk::circuit_breaker[0m[2m:[0m Circuit breakers tripped [3mcount[0m[2m=[0m1
[2m2026-04-12T20:32:15.652580Z[0m [33m WARN[0m [2mmercury::engine::market_actor[0m[2m:[0m Opportunity BLOCKED by circuit breakers [3mopp_id[0m[2m=[0m7f2a52bc-1a36-48b1-9aab-ba5aa5605b14 [3mmarket_id[0m[2m=[0m631deb8c-fbb4-489e-818e-ae698f57f50b [3mapproved_size[0m[2m=[0m49
[2m2026-04-12T20:32:15.652622Z[0m [33m WARN[0m [2mmercury::risk::circuit_breaker[0m[2m:[0m Circuit breakers tripped [3mcount[0m[2m=[0m1
[2m2026-04-12T20:32:15.652673Z[0m [33m WARN[0m [2mmercury::engine::market_actor[0m[2m:[0m Opportunity BLOCKED by circuit breakers [3mopp_id[0m[2m=[0mb80a9d37-8b95-424f-b69e-fe119954ccc8 [3mmarket_id[0m[2m=[0m631deb8c-fbb4-489e-818e-ae698f57f50b [3mapproved_size[0m[2m=[0m49
[2m2026-04-12T20:32:15.659041Z[0m [34mDEBUG[0m [2mmercury::engine::market_actor[0m[2m:[0m Tick received — running arb detection [3mmarket_id[0m[2m=[0m631deb8c-fbb4-489e-818e-ae698f57f50b [3mplatform[0m[2m=[0mPolymarket [3mbid[0m[2m=[0m0.6 [3mask[0m[2m=[0m0.61 [3mmid[0m[2m=[0m0.6050 [3mbid_size[0m[2m=[0m54.5 [3mask_size[0m[2m=[0m11
[2m2026-04-12T20:32:15.659173Z[0m [34mDEBUG[0m [2mmercury::engine::spread[0m[2m:[0m Evaluated spread direction 2 [3mmarket_id[0m[2m=[0m631deb8c-fbb4-489e-818e-ae698f57f50b [3mdirection[0m[2m=[0m"NO-A/YES-B" [3mraw_spread[0m[2m=[0m-0.0600 [3mbid_a[0m[2m=[0m0.5500 [3mask_b[0m[2m=[0m0.61
[2m2026-04-12T20:32:15.659283Z[0m [32m INFO[0m [2mmercury::engine::detector[0m[2m:[0m ARB OPPORTUNITY DETECTED — passing to execution pipeline [3mmarket_id[0m[2m=[0m631deb8c-fbb4-489e-818e-ae698f57f50b [3mnet_spread[0m[2m=[0m0.0264121537229783827061649320 [3mraw_spread[0m[2m=[0m0.0400 [3mscore[0m[2m=[0m0.1056010915478068988244661482 [3mleg_a[0m[2m=[0mKalshi [3mleg_b[0m[2m=[0mPolymarket [3mleg_a_price[0m[2m=[0m0.5600 [3mleg_b_price[0m[2m=[0m0.4 [3mavailable_size[0m[2m=[0m54.5
[2m2026-04-12T20:32:15.659438Z[0m [33m WARN[0m [2mmercury::risk::circuit_breaker[0m[2m:[0m Circuit breakers tripped [3mcount[0m[2m=[0m1
[2m2026-04-12T20:32:15.659489Z[0m [33m WARN[0m [2mmercury::engine::market_actor[0m[2m:[0m Opportunity BLOCKED by circuit breakers [3mopp_id[0m[2m=[0m97bda720-5664-42a8-93e4-6f8e5e1a8994 [3mmarket_id[0m[2m=[0m631deb8c-fbb4-489e-818e-ae698f57f50b [3mapproved_size[0m[2m=[0m54
[2m2026-04-12T20:32:15.659665Z[0m [34mDEBUG[0m [2mmercury::engine::market_actor[0m[2m:[0m Tick received — running arb detection [3mmarket_id[0m[2m=[0m631deb8c-fbb4-489e-818e-ae698f57f50b [3mplatform[0m[2m=[0mPolymarket [3mbid[0m[2m=[0m0.6 [3mask[0m[2m=[0m0.61 [3mmid[0m[2m=[0m0.6050 [3mbid_size[0m[2m=[0m54.5 [3mask_size[0m[2m=[0m11
[2m2026-04-12T20:32:15.659775Z[0m [34mDEBUG[0m [2mmercury::engine::spread[0m[2m:[0m Evaluated spread direction 2 [3mmarket_id[0m[2m=[0m631deb8c-fbb4-489e-818e-ae698f57f50b [3mdirection[0m[2m=[0m"NO-A/YES-B" [3mraw_spread[0m[2m=[0m-0.0600 [3mbid_a[0m[2m=[0m0.5500 [3mask_b[0m[2m=[0m0.61
[2m2026-04-12T20:32:15.659875Z[0m [32m INFO[0m [2mmercury::engine::detector[0m[2m:[0m ARB OPPORTUNITY DETECTED — passing to execution pipeline [3mmarket_id[0m[2m=[0m631deb8c-fbb4-489e-818e-ae698f57f50b [3mnet_spread[0m[2m=[0m0.0264121537229783827061649320 [3mraw_spread[0m[2m=[0m0.0400 [3mscore[0m[2m=[0m0.1056010915478068988244661482 [3mleg_a[0m[2m=[0mKalshi [3mleg_b[0m[2m=[0mPolymarket [3mleg_a_price[0m[2m=[0m0.5600 [3mleg_b_price[0m[2m=[0m0.4 [3mavailable_size[0m[2m=[0m54.5
[2m2026-04-12T20:32:15.660010Z[0m [34mDEBUG[0m [2mmercury::engine::market_actor[0m[2m:[0m Tick received — running arb detection [3mmarket_id[0m[2m=[0m631deb8c-fbb4-489e-818e-ae698f57f50b [3mplatform[0m[2m=[0mPolymarket [3mbid[0m[2m=[0m0.6 [3mask[0m[2m=[0m0.61 [3mmid[0m[2m=[0m0.6050 [3mbid_size[0m[2m=[0m54.5 [3mask_size[0m[2m=[0m11
[2m2026-04-12T20:32:15.660116Z[0m [34mDEBUG[0m [2mmercury::engine::spread[0m[2m:[0m Evaluated spread direction 2 [3mmarket_id[0m[2m=[0m631deb8c-fbb4-489e-818e-ae698f57f50b [3mdirection[0m[2m=[0m"NO-A/YES-B" [3mraw_spread[0m[2m=[0m-0.0600 [3mbid_a[0m[2m=[0m0.5500 [3mask_b[0m[2m=[0m0.61
[2m2026-04-12T20:32:15.660214Z[0m [32m INFO[0m [2mmercury::engine::detector[0m[2m:[0m ARB OPPORTUNITY DETECTED — passing to execution pipeline [3mmarket_id[0m[2m=[0m631deb8c-fbb4-489e-818e-ae698f57f50b [3mnet_spread[0m[2m=[0m0.0264121537229783827061649320 [3mraw_spread[0m[2m=[0m0.0400 [3mscore[0m[2m=[0m0.1056010915478068988244661482 [3mleg_a[0m[2m=[0mKalshi [3mleg_b[0m[2m=[0mPolymarket [3mleg_a_price[0m[2m=[0m0.5600 [3mleg_b_price[0m[2m=[0m0.4 [3mavailable_size[0m[2m=[0m54.5
[2m2026-04-12T20:32:15.660374Z[0m [33m WARN[0m [2mmercury::risk::circuit_breaker[0m[2m:[0m Circuit breakers tripped [3mcount[0m[2m=[0m1
[2m2026-04-12T20:32:15.660426Z[0m [33m WARN[0m [2mmercury::engine::market_actor[0m[2m:[0m Opportunity BLOCKED by circuit breakers [3mopp_id[0m[2m=[0mcbb51b01-60d5-4079-9993-91c96e6f8b12 [3mmarket_id[0m[2m=[0m631deb8c-fbb4-489e-818e-ae698f57f50b [3mapproved_size[0m[2m=[0m54
[2m2026-04-12T20:32:15.660434Z[0m [33m WARN[0m [2mmercury::risk::circuit_breaker[0m[2m:[0m Circuit breakers tripped [3mcount[0m[2m=[0m1
[2m2026-04-12T20:32:15.660501Z[0m [33m WARN[0m [2mmercury::engine::market_actor[0m[2m:[0m Opportunity BLOCKED by circuit breakers [3mopp_id[0m[2m=[0mf2f92548-c684-40fe-9bf2-ccf15193bc1b [3mmarket_id[0m[2m=[0m631deb8c-fbb4-489e-818e-ae698f57f50b [3mapproved_size[0m[2m=[0m54
[2m2026-04-12T20:32:15.731415Z[0m [34mDEBUG[0m [2mmercury::engine::market_actor[0m[2m:[0m Tick received — running arb detection [3mmarket_id[0m[2m=[0m631deb8c-fbb4-489e-818e-ae698f57f50b [3mplatform[0m[2m=[0mPolymarket [3mbid[0m[2m=[0m0.6 [3mask[0m[2m=[0m0.61 [3mmid[0m[2m=[0m0.6050 [3mbid_size[0m[2m=[0m49.5 [3mask_size[0m[2m=[0m11
[2m2026-04-12T20:32:15.731629Z[0m [34mDEBUG[0m [2mmercury::engine::spread[0m[2m:[0m Evaluated spread direction 2 [3mmarket_id[0m[2m=[0m631deb8c-fbb4-489e-818e-ae698f57f50b [3mdirection[0m[2m=[0m"NO-A/YES-B" [3mraw_spread[0m[2m=[0m-0.0600 [3mbid_a[0m[2m=[0m0.5500 [3mask_b[0m[2m=[0m0.61
[2m2026-04-12T20:32:15.731768Z[0m [32m INFO[0m [2mmercury::engine::detector[0m[2m:[0m ARB OPPORTUNITY DETECTED — passing to execution pipeline [3mmarket_id[0m[2m=[0m631deb8c-fbb4-489e-818e-ae698f57f50b [3mnet_spread[0m[2m=[0m0.0256115132105684547638110489 [3mraw_spread[0m[2m=[0m0.0400 [3mscore[0m[2m=[0m0.0999354245740880692056399038 [3mleg_a[0m[2m=[0mKalshi [3mleg_b[0m[2m=[0mPolymarket [3mleg_a_price[0m[2m=[0m0.5600 [3mleg_b_price[0m[2m=[0m0.4 [3mavailable_size[0m[2m=[0m49.5
[2m2026-04-12T20:32:15.731946Z[0m [34mDEBUG[0m [2mmercury::engine::market_actor[0m[2m:[0m Tick received — running arb detection [3mmarket_id[0m[2m=[0m631deb8c-fbb4-489e-818e-ae698f57f50b [3mplatform[0m[2m=[0mPolymarket [3mbid[0m[2m=[0m0.6 [3mask[0m[2m=[0m0.61 [3mmid[0m[2m=[0m0.6050 [3mbid_size[0m[2m=[0m49.5 [3mask_size[0m[2m=[0m11
[2m2026-04-12T20:32:15.732078Z[0m [34mDEBUG[0m [2mmercury::engine::spread[0m[2m:[0m Evaluated spread direction 2 [3mmarket_id[0m[2m=[0m631deb8c-fbb4-489e-818e-ae698f57f50b [3mdirection[0m[2m=[0m"NO-A/YES-B" [3mraw_spread[0m[2m=[0m-0.0600 [3mbid_a[0m[2m=[0m0.5500 [3mask_b[0m[2m=[0m0.61
[2m2026-04-12T20:32:15.732200Z[0m [32m INFO[0m [2mmercury::engine::detector[0m[2m:[0m ARB OPPORTUNITY DETECTED — passing to execution pipeline [3mmarket_id[0m[2m=[0m631deb8c-fbb4-489e-818e-ae698f57f50b [3mnet_spread[0m[2m=[0m0.0256115132105684547638110489 [3mraw_spread[0m[2m=[0m0.0400 [3mscore[0m[2m=[0m0.0999354245740880692056399038 [3mleg_a[0m[2m=[0mKalshi [3mleg_b[0m[2m=[0mPolymarket [3mleg_a_price[0m[2m=[0m0.5600 [3mleg_b_price[0m[2m=[0m0.4 [3mavailable_size[0m[2m=[0m49.5
[2m2026-04-12T20:32:15.732400Z[0m [33m WARN[0m [2mmercury::risk::circuit_breaker[0m[2m:[0m Circuit breakers tripped [3mcount[0m[2m=[0m1
[2m2026-04-12T20:32:15.732466Z[0m [33m WARN[0m [2mmercury::engine::market_actor[0m[2m:[0m Opportunity BLOCKED by circuit breakers [3mopp_id[0m[2m=[0m90a19425-4959-40ee-a1c9-43fe27d40770 [3mmarket_id[0m[2m=[0m631deb8c-fbb4-489e-818e-ae698f57f50b [3mapproved_size[0m[2m=[0m49
[2m2026-04-12T20:32:15.732530Z[0m [33m WARN[0m [2mmercury::risk::circuit_breaker[0m[2m:[0m Circuit breakers tripped [3mcount[0m[2m=[0m1
[2m2026-04-12T20:32:15.732564Z[0m [34mDEBUG[0m [2mmercury::engine::market_actor[0m[2m:[0m Tick received — running arb detection [3mmarket_id[0m[2m=[0m631deb8c-fbb4-489e-818e-ae698f57f50b [3mplatform[0m[2m=[0mKalshi [3mbid[0m[2m=[0m0.5500 [3mask[0m[2m=[0m0.5600 [3mmid[0m[2m=[0m0.5550 [3mbid_size[0m[2m=[0m2.76 [3mask_size[0m[2m=[0m62.45
[2m2026-04-12T20:32:15.732609Z[0m [33m WARN[0m [2mmercury::engine::market_actor[0m[2m:[0m Opportunity BLOCKED by circuit breakers [3mopp_id[0m[2m=[0m690b07ec-a307-4815-be60-7fd73a85ce78 [3mmarket_id[0m[2m=[0m631deb8c-fbb4-489e-818e-ae698f57f50b [3mapproved_size[0m[2m=[0m49
[2m2026-04-12T20:32:15.732692Z[0m [34mDEBUG[0m [2mmercury::engine::spread[0m[2m:[0m Evaluated spread direction 2 [3mmarket_id[0m[2m=[0m631deb8c-fbb4-489e-818e-ae698f57f50b [3mdirection[0m[2m=[0m"NO-A/YES-B" [3mraw_spread[0m[2m=[0m-0.0600 [3mbid_a[0m[2m=[0m0.5500 [3mask_b[0m[2m=[0m0.61
[2m2026-04-12T20:32:15.732823Z[0m [32m INFO[0m [2mmercury::engine::detector[0m[2m:[0m ARB OPPORTUNITY DETECTED — passing to execution pipeline [3mmarket_id[0m[2m=[0m631deb8c-fbb4-489e-818e-ae698f57f50b [3mnet_spread[0m[2m=[0m0.0256115132105684547638110489 [3mraw_spread[0m[2m=[0m0.0400 [3mscore[0m[2m=[0m0.0999354245740880692056399038 [3mleg_a[0m[2m=[0mKalshi [3mleg_b[0m[2m=[0mPolymarket [3mleg_a_price[0m[2m=[0m0.5600 [3mleg_b_price[0m[2m=[0m0.4 [3mavailable_size[0m[2m=[0m49.5
[2m2026-04-12T20:32:15.732980Z[0m [34mDEBUG[0m [2mmercury::engine::market_actor[0m[2m:[0m Tick received — running arb detection [3mmarket_id[0m[2m=[0m631deb8c-fbb4-489e-818e-ae698f57f50b [3mplatform[0m[2m=[0mKalshi [3mbid[0m[2m=[0m0.5500 [3mask[0m[2m=[0m0.5600 [3mmid[0m[2m=[0m0.5550 [3mbid_size[0m[2m=[0m2.76 [3mask_size[0m[2m=[0m62.45
[2m2026-04-12T20:32:15.733111Z[0m [34mDEBUG[0m [2mmercury::engine::spread[0m[2m:[0m Evaluated spread direction 2 [3mmarket_id[0m[2m=[0m631deb8c-fbb4-489e-818e-ae698f57f50b [3mdirection[0m[2m=[0m"NO-A/YES-B" [3mraw_spread[0m[2m=[0m-0.0600 [3mbid_a[0m[2m=[0m0.5500 [3mask_b[0m[2m=[0m0.61
[2m2026-04-12T20:32:15.733236Z[0m [32m INFO[0m [2mmercury::engine::detector[0m[2m:[0m ARB OPPORTUNITY DETECTED — passing to execution pipeline [3mmarket_id[0m[2m=[0m631deb8c-fbb4-489e-818e-ae698f57f50b [3mnet_spread[0m[2m=[0m0.0256115132105684547638110489 [3mraw_spread[0m[2m=[0m0.0400 [3mscore[0m[2m=[0m0.0999354245740880692056399038 [3mleg_a[0m[2m=[0mKalshi [3mleg_b[0m[2m=[0mPolymarket [3mleg_a_price[0m[2m=[0m0.5600 [3mleg_b_price[0m[2m=[0m0.4 [3mavailable_size[0m[2m=[0m49.5
[2m2026-04-12T20:32:15.733401Z[0m [34mDEBUG[0m [2mmercury::engine::market_actor[0m[2m:[0m Tick received — running arb detection [3mmarket_id[0m[2m=[0m631deb8c-fbb4-489e-818e-ae698f57f50b [3mplatform[0m[2m=[0mKalshi [3mbid[0m[2m=[0m0.5500 [3mask[0m[2m=[0m0.5600 [3mmid[0m[2m=[0m0.5550 [3mbid_size[0m[2m=[0m1.00 [3mask_size[0m[2m=[0m62.45
[2m2026-04-12T20:32:15.733452Z[0m [33m WARN[0m [2mmercury::risk::circuit_breaker[0m[2m:[0m Circuit breakers tripped [3mcount[0m[2m=[0m1
[2m2026-04-12T20:32:15.733514Z[0m [33m WARN[0m [2mmercury::engine::market_actor[0m[2m:[0m Opportunity BLOCKED by circuit breakers [3mopp_id[0m[2m=[0m63923a04-fa94-42a9-9533-24471958a9b6 [3mmarket_id[0m[2m=[0m631deb8c-fbb4-489e-818e-ae698f57f50b [3mapproved_size[0m[2m=[0m49
[2m2026-04-12T20:32:15.733533Z[0m [34mDEBUG[0m [2mmercury::engine::spread[0m[2m:[0m Evaluated spread direction 2 [3mmarket_id[0m[2m=[0m631deb8c-fbb4-489e-818e-ae698f57f50b [3mdirection[0m[2m=[0m"NO-A/YES-B" [3mraw_spread[0m[2m=[0m-0.0600 [3mbid_a[0m[2m=[0m0.5500 [3mask_b[0m[2m=[0m0.61
[2m2026-04-12T20:32:15.733654Z[0m [32m INFO[0m [2mmercury::engine::detector[0m[2m:[0m ARB OPPORTUNITY DETECTED — passing to execution pipeline [3mmarket_id[0m[2m=[0m631deb8c-fbb4-489e-818e-ae698f57f50b [3mnet_spread[0m[2m=[0m0.0256115132105684547638110489 [3mraw_spread[0m[2m=[0m0.0400 [3mscore[0m[2m=[0m0.0999354245740880692056399038 [3mleg_a[0m[2m=[0mKalshi [3mleg_b[0m[2m=[0mPolymarket [3mleg_a_price[0m[2m=[0m0.5600 [3mleg_b_price[0m[2m=[0m0.4 [3mavailable_size[0m[2m=[0m49.5
[2m2026-04-12T20:32:15.733816Z[0m [34mDEBUG[0m [2mmercury::engine::market_actor[0m[2m:[0m Tick received — running arb detection [3mmarket_id[0m[2m=[0m631deb8c-fbb4-489e-818e-ae698f57f50b [3mplatform[0m[2m=[0mKalshi [3mbid[0m[2m=[0m0.5500 [3mask[0m[2m=[0m0.5600 [3mmid[0m[2m=[0m0.5550 [3mbid_size[0m[2m=[0m1.00 [3mask_size[0m[2m=[0m109.45
[2m2026-04-12T20:32:15.733849Z[0m [33m WARN[0m [2mmercury::risk::circuit_breaker[0m[2m:[0m Circuit breakers tripped [3mcount[0m[2m=[0m1
[2m2026-04-12T20:32:15.733920Z[0m [33m WARN[0m [2mmercury::engine::market_actor[0m[2m:[0m Opportunity BLOCKED by circuit breakers [3mopp_id[0m[2m=[0m7f9b4693-9185-427f-baca-bc1545ab2dab [3mmarket_id[0m[2m=[0m631deb8c-fbb4-489e-818e-ae698f57f50b [3mapproved_size[0m[2m=[0m49
[2m2026-04-12T20:32:15.733993Z[0m [34mDEBUG[0m [2mmercury::engine::spread[0m[2m:[0m Evaluated spread direction 2 [3mmarket_id[0m[2m=[0m631deb8c-fbb4-489e-818e-ae698f57f50b [3mdirection[0m[2m=[0m"NO-A/YES-B" [3mraw_spread[0m[2m=[0m-0.0600 [3mbid_a[0m[2m=[0m0.5500 [3mask_b[0m[2m=[0m0.61
[2m2026-04-12T20:32:15.734140Z[0m [32m INFO[0m [2mmercury::engine::detector[0m[2m:[0m ARB OPPORTUNITY DETECTED — passing to execution pipeline [3mmarket_id[0m[2m=[0m631deb8c-fbb4-489e-818e-ae698f57f50b [3mnet_spread[0m[2m=[0m0.0206046505253540429419826404 [3mraw_spread[0m[2m=[0m0.0400 [3mscore[0m[2m=[0m0.0803987832160683174625640613 [3mleg_a[0m[2m=[0mKalshi [3mleg_b[0m[2m=[0mPolymarket [3mleg_a_price[0m[2m=[0m0.5600 [3mleg_b_price[0m[2m=[0m0.4 [3mavailable_size[0m[2m=[0m49.5
[2m2026-04-12T20:32:15.734314Z[0m [34mDEBUG[0m [2mmercury::engine::market_actor[0m[2m:[0m Tick received — running arb detection [3mmarket_id[0m[2m=[0m631deb8c-fbb4-489e-818e-ae698f57f50b [3mplatform[0m[2m=[0mKalshi [3mbid[0m[2m=[0m0.5500 [3mask[0m[2m=[0m0.5600 [3mmid[0m[2m=[0m0.5550 [3mbid_size[0m[2m=[0m1.00 [3mask_size[0m[2m=[0m109.45
[2m2026-04-12T20:32:15.734351Z[0m [33m WARN[0m [2mmercury::risk::circuit_breaker[0m[2m:[0m Circuit breakers tripped [3mcount[0m[2m=[0m1
[2m2026-04-12T20:32:15.734412Z[0m [33m WARN[0m [2mmercury::engine::market_actor[0m[2m:[0m Opportunity BLOCKED by circuit breakers [3mopp_id[0m[2m=[0mf5ff31b0-3031-4739-aee3-a2a3c38eda60 [3mmarket_id[0m[2m=[0m631deb8c-fbb4-489e-818e-ae698f57f50b [3mapproved_size[0m[2m=[0m49
[2m2026-04-12T20:32:15.734447Z[0m [34mDEBUG[0m [2mmercury::engine::spread[0m[2m:[0m Evaluated spread direction 2 [3mmarket_id[0m[2m=[0m631deb8c-fbb4-489e-818e-ae698f57f50b [3mdirection[0m[2m=[0m"NO-A/YES-B" [3mraw_spread[0m[2m=[0m-0.0600 [3mbid_a[0m[2m=[0m0.5500 [3mask_b[0m[2m=[0m0.61
[2m2026-04-12T20:32:15.734571Z[0m [32m INFO[0m [2mmercury::engine::detector[0m[2m:[0m ARB OPPORTUNITY DETECTED — passing to execution pipeline [3mmarket_id[0m[2m=[0m631deb8c-fbb4-489e-818e-ae698f57f50b [3mnet_spread[0m[2m=[0m0.0206046505253540429419826404 [3mraw_spread[0m[2m=[0m0.0400 [3mscore[0m[2m=[0m0.0803987832160683174625640613 [3mleg_a[0m[2m=[0mKalshi [3mleg_b[0m[2m=[0mPolymarket [3mleg_a_price[0m[2m=[0m0.5600 [3mleg_b_price[0m[2m=[0m0.4 [3mavailable_size[0m[2m=[0m49.5
[2m2026-04-12T20:32:15.734737Z[0m [34mDEBUG[0m [2mmercury::engine::market_actor[0m[2m:[0m Tick received — running arb detection [3mmarket_id[0m[2m=[0m631deb8c-fbb4-489e-818e-ae698f57f50b [3mplatform[0m[2m=[0mKalshi [3mbid[0m[2m=[0m0.5500 [3mask[0m[2m=[0m0.5600 [3mmid[0m[2m=[0m0.5550 [3mbid_size[0m[2m=[0m1.00 [3mask_size[0m[2m=[0m109.45
[2m2026-04-12T20:32:15.734767Z[0m [33m WARN[0m [2mmercury::risk::circuit_breaker[0m[2m:[0m Circuit breakers tripped [3mcount[0m[2m=[0m1
[2m2026-04-12T20:32:15.734831Z[0m [33m WARN[0m [2mmercury::engine::market_actor[0m[2m:[0m Opportunity BLOCKED by circuit breakers [3mopp_id[0m[2m=[0mbc939e5a-967d-49e6-aca8-07986df3cfaa [3mmarket_id[0m[2m=[0m631deb8c-fbb4-489e-818e-ae698f57f50b [3mapproved_size[0m[2m=[0m49
[2m2026-04-12T20:32:15.734868Z[0m [34mDEBUG[0m [2mmercury::engine::spread[0m[2m:[0m Evaluated spread direction 2 [3mmarket_id[0m[2m=[0m631deb8c-fbb4-489e-818e-ae698f57f50b [3mdirection[0m[2m=[0m"NO-A/YES-B" [3mraw_spread[0m[2m=[0m-0.0600 [3mbid_a[0m[2m=[0m0.5500 [3mask_b[0m[2m=[0m0.61
[2m2026-04-12T20:32:15.734991Z[0m [32m INFO[0m [2mmercury::engine::detector[0m[2m:[0m ARB OPPORTUNITY DETECTED — passing to execution pipeline [3mmarket_id[0m[2m=[0m631deb8c-fbb4-489e-818e-ae698f57f50b [3mnet_spread[0m[2m=[0m0.0206046505253540429419826404 [3mraw_spread[0m[2m=[0m0.0400 [3mscore[0m[2m=[0m0.0803987832160683174625640613 [3mleg_a[0m[2m=[0mKalshi [3mleg_b[0m[2m=[0mPolymarket [3mleg_a_price[0m[2m=[0m0.5600 [3mleg_b_price[0m[2m=[0m0.4 [3mavailable_size[0m[2m=[0m49.5
[2m2026-04-12T20:32:15.735181Z[0m [34mDEBUG[0m [2mmercury::engine::market_actor[0m[2m:[0m Tick received — running arb detection [3mmarket_id[0m[2m=[0m631deb8c-fbb4-489e-818e-ae698f57f50b [3mplatform[0m[2m=[0mPolymarket [3mbid[0m[2m=[0m0.6 [3mask[0m[2m=[0m0.61 [3mmid[0m[2m=[0m0.6050 [3mbid_size[0m[2m=[0m49.5 [3mask_size[0m[2m=[0m11
[2m2026-04-12T20:32:15.735204Z[0m [33m WARN[0m [2mmercury::risk::circuit_breaker[0m[2m:[0m Circuit breakers tripped [3mcount[0m[2m=[0m1
[2m2026-04-12T20:32:15.735279Z[0m [33m WARN[0m [2mmercury::engine::market_actor[0m[2m:[0m Opportunity BLOCKED by circuit breakers [3mopp_id[0m[2m=[0ma9d4642b-c291-4d65-aab0-b3ce326fca8d [3mmarket_id[0m[2m=[0m631deb8c-fbb4-489e-818e-ae698f57f50b [3mapproved_size[0m[2m=[0m49
[2m2026-04-12T20:32:15.735313Z[0m [34mDEBUG[0m [2mmercury::engine::spread[0m[2m:[0m Evaluated spread direction 2 [3mmarket_id[0m[2m=[0m631deb8c-fbb4-489e-818e-ae698f57f50b [3mdirection[0m[2m=[0m"NO-A/YES-B" [3mraw_spread[0m[2m=[0m-0.0600 [3mbid_a[0m[2m=[0m0.5500 [3mask_b[0m[2m=[0m0.61
[2m2026-04-12T20:32:15.735433Z[0m [32m INFO[0m [2mmercury::engine::detector[0m[2m:[0m ARB OPPORTUNITY DETECTED — passing to execution pipeline [3mmarket_id[0m[2m=[0m631deb8c-fbb4-489e-818e-ae698f57f50b [3mnet_spread[0m[2m=[0m0.0206046505253540429419826404 [3mraw_spread[0m[2m=[0m0.0400 [3mscore[0m[2m=[0m0.0803987832160683174625640613 [3mleg_a[0m[2m=[0mKalshi [3mleg_b[0m[2m=[0mPolymarket [3mleg_a_price[0m[2m=[0m0.5600 [3mleg_b_price[0m[2m=[0m0.4 [3mavailable_size[0m[2m=[0m49.5
[2m2026-04-12T20:32:15.735597Z[0m [34mDEBUG[0m [2mmercury::engine::market_actor[0m[2m:[0m Tick received — running arb detection [3mmarket_id[0m[2m=[0m631deb8c-fbb4-489e-818e-ae698f57f50b [3mplatform[0m[2m=[0mKalshi [3mbid[0m[2m=[0m0.5500 [3mask[0m[2m=[0m0.5600 [3mmid[0m[2m=[0m0.5550 [3mbid_size[0m[2m=[0m1.00 [3mask_size[0m[2m=[0m109.45
[2m2026-04-12T20:32:15.735656Z[0m [33m WARN[0m [2mmercury::risk::circuit_breaker[0m[2m:[0m Circuit breakers tripped [3mcount[0m[2m=[0m1
[2m2026-04-12T20:32:15.735725Z[0m [33m WARN[0m [2mmercury::engine::market_actor[0m[2m:[0m Opportunity BLOCKED by circuit breakers [3mopp_id[0m[2m=[0m8c9ef0cc-3f52-4a4e-8dd0-ca0cc780b68a [3mmarket_id[0m[2m=[0m631deb8c-fbb4-489e-818e-ae698f57f50b [3mapproved_size[0m[2m=[0m49
[2m2026-04-12T20:32:15.735730Z[0m [34mDEBUG[0m [2mmercury::engine::spread[0m[2m:[0m Evaluated spread direction 2 [3mmarket_id[0m[2m=[0m631deb8c-fbb4-489e-818e-ae698f57f50b [3mdirection[0m[2m=[0m"NO-A/YES-B" [3mraw_spread[0m[2m=[0m-0.0600 [3mbid_a[0m[2m=[0m0.5500 [3mask_b[0m[2m=[0m0.61
[2m2026-04-12T20:32:15.735853Z[0m [32m INFO[0m [2mmercury::engine::detector[0m[2m:[0m ARB OPPORTUNITY DETECTED — passing to execution pipeline [3mmarket_id[0m[2m=[0m631deb8c-fbb4-489e-818e-ae698f57f50b [3mnet_spread[0m[2m=[0m0.0206046505253540429419826404 [3mraw_spread[0m[2m=[0m0.0400 [3mscore[0m[2m=[0m0.0803987832160683174625640613 [3mleg_a[0m[2m=[0mKalshi [3mleg_b[0m[2m=[0mPolymarket [3mleg_a_price[0m[2m=[0m0.5600 [3mleg_b_price[0m[2m=[0m0.4 [3mavailable_size[0m[2m=[0m49.5
[2m2026-04-12T20:32:15.736019Z[0m [34mDEBUG[0m [2mmercury::engine::market_actor[0m[2m:[0m Tick received — running arb detection [3mmarket_id[0m[2m=[0m631deb8c-fbb4-489e-818e-ae698f57f50b [3mplatform[0m[2m=[0mKalshi [3mbid[0m[2m=[0m0.5500 [3mask[0m[2m=[0m0.5600 [3mmid[0m[2m=[0m0.5550 [3mbid_size[0m[2m=[0m1.00 [3mask_size[0m[2m=[0m109.45
[2m2026-04-12T20:32:15.736072Z[0m [33m WARN[0m [2mmercury::risk::circuit_breaker[0m[2m:[0m Circuit breakers tripped [3mcount[0m[2m=[0m1
[2m2026-04-12T20:32:15.736142Z[0m [33m WARN[0m [2mmercury::engine::market_actor[0m[2m:[0m Opportunity BLOCKED by circuit breakers [3mopp_id[0m[2m=[0m7b87e8eb-b8fc-4396-8385-08b74aa5e098 [3mmarket_id[0m[2m=[0m631deb8c-fbb4-489e-818e-ae698f57f50b [3mapproved_size[0m[2m=[0m49
[2m2026-04-12T20:32:15.736152Z[0m [34mDEBUG[0m [2mmercury::engine::spread[0m[2m:[0m Evaluated spread direction 2 [3mmarket_id[0m[2m=[0m631deb8c-fbb4-489e-818e-ae698f57f50b [3mdirection[0m[2m=[0m"NO-A/YES-B" [3mraw_spread[0m[2m=[0m-0.0600 [3mbid_a[0m[2m=[0m0.5500 [3mask_b[0m[2m=[0m0.61
[2m2026-04-12T20:32:15.736270Z[0m [32m INFO[0m [2mmercury::engine::detector[0m[2m:[0m ARB OPPORTUNITY DETECTED — passing to execution pipeline [3mmarket_id[0m[2m=[0m631deb8c-fbb4-489e-818e-ae698f57f50b [3mnet_spread[0m[2m=[0m0.0206046505253540429419826404 [3mraw_spread[0m[2m=[0m0.0400 [3mscore[0m[2m=[0m0.0803987832160683174625640613 [3mleg_a[0m[2m=[0mKalshi [3mleg_b[0m[2m=[0mPolymarket [3mleg_a_price[0m[2m=[0m0.5600 [3mleg_b_price[0m[2m=[0m0.4 [3mavailable_size[0m[2m=[0m49.5
[2m2026-04-12T20:32:15.736440Z[0m [34mDEBUG[0m [2mmercury::engine::market_actor[0m[2m:[0m Tick received — running arb detection [3mmarket_id[0m[2m=[0m631deb8c-fbb4-489e-818e-ae698f57f50b [3mplatform[0m[2m=[0mPolymarket [3mbid[0m[2m=[0m0.6 [3mask[0m[2m=[0m0.61 [3mmid[0m[2m=[0m0.6050 [3mbid_size[0m[2m=[0m49.5 [3mask_size[0m[2m=[0m11
[2m2026-04-12T20:32:15.736474Z[0m [33m WARN[0m [2mmercury::risk::circuit_breaker[0m[2m:[0m Circuit breakers tripped [3mcount[0m[2m=[0m1
[2m2026-04-12T20:32:15.736539Z[0m [33m WARN[0m [2mmercury::engine::market_actor[0m[2m:[0m Opportunity BLOCKED by circuit breakers [3mopp_id[0m[2m=[0m50691413-dbf9-4134-b8e9-9e27f9305bea [3mmarket_id[0m[2m=[0m631deb8c-fbb4-489e-818e-ae698f57f50b [3mapproved_size[0m[2m=[0m49
[2m2026-04-12T20:32:15.736586Z[0m [34mDEBUG[0m [2mmercury::engine::spread[0m[2m:[0m Evaluated spread direction 2 [3mmarket_id[0m[2m=[0m631deb8c-fbb4-489e-818e-ae698f57f50b [3mdirection[0m[2m=[0m"NO-A/YES-B" [3mraw_spread[0m[2m=[0m-0.0600 [3mbid_a[0m[2m=[0m0.5500 [3mask_b[0m[2m=[0m0.61
[2m2026-04-12T20:32:15.736724Z[0m [32m INFO[0m [2mmercury::engine::detector[0m[2m:[0m ARB OPPORTUNITY DETECTED — passing to execution pipeline [3mmarket_id[0m[2m=[0m631deb8c-fbb4-489e-818e-ae698f57f50b [3mnet_spread[0m[2m=[0m0.0206046505253540429419826404 [3mraw_spread[0m[2m=[0m0.0400 [3mscore[0m[2m=[0m0.0803987832160683174625640613 [3mleg_a[0m[2m=[0mKalshi [3mleg_b[0m[2m=[0mPolymarket [3mleg_a_price[0m[2m=[0m0.5600 [3mleg_b_price[0m[2m=[0m0.4 [3mavailable_size[0m[2m=[0m49.5
[2m2026-04-12T20:32:15.736895Z[0m [34mDEBUG[0m [2mmercury::engine::market_actor[0m[2m:[0m Tick received — running arb detection [3mmarket_id[0m[2m=[0m631deb8c-fbb4-489e-818e-ae698f57f50b [3mplatform[0m[2m=[0mKalshi [3mbid[0m[2m=[0m0.5500 [3mask[0m[2m=[0m0.5600 [3mmid[0m[2m=[0m0.5550 [3mbid_size[0m[2m=[0m1.00 [3mask_size[0m[2m=[0m109.45
[2m2026-04-12T20:32:15.736927Z[0m [33m WARN[0m [2mmercury::risk::circuit_breaker[0m[2m:[0m Circuit breakers tripped [3mcount[0m[2m=[0m1
[2m2026-04-12T20:32:15.736987Z[0m [33m WARN[0m [2mmercury::engine::market_actor[0m[2m:[0m Opportunity BLOCKED by circuit breakers [3mopp_id[0m[2m=[0m2ce6a710-123f-48f4-aa78-7023f7729a5c [3mmarket_id[0m[2m=[0m631deb8c-fbb4-489e-818e-ae698f57f50b [3mapproved_size[0m[2m=[0m49
[2m2026-04-12T20:32:15.737025Z[0m [34mDEBUG[0m [2mmercury::engine::spread[0m[2m:[0m Evaluated spread direction 2 [3mmarket_id[0m[2m=[0m631deb8c-fbb4-489e-818e-ae698f57f50b [3mdirection[0m[2m=[0m"NO-A/YES-B" [3mraw_spread[0m[2m=[0m-0.0600 [3mbid_a[0m[2m=[0m0.5500 [3mask_b[0m[2m=[0m0.61
[2m2026-04-12T20:32:15.737147Z[0m [32m INFO[0m [2mmercury::engine::detector[0m[2m:[0m ARB OPPORTUNITY DETECTED — passing to execution pipeline [3mmarket_id[0m[2m=[0m631deb8c-fbb4-489e-818e-ae698f57f50b [3mnet_spread[0m[2m=[0m0.0206046505253540429419826404 [3mraw_spread[0m[2m=[0m0.0400 [3mscore[0m[2m=[0m0.0803987832160683174625640613 [3mleg_a[0m[2m=[0mKalshi [3mleg_b[0m[2m=[0mPolymarket [3mleg_a_price[0m[2m=[0m0.5600 [3mleg_b_price[0m[2m=[0m0.4 [3mavailable_size[0m[2m=[0m49.5
[2m2026-04-12T20:32:15.737313Z[0m [34mDEBUG[0m [2mmercury::engine::market_actor[0m[2m:[0m Tick received — running arb detection [3mmarket_id[0m[2m=[0m631deb8c-fbb4-489e-818e-ae698f57f50b [3mplatform[0m[2m=[0mKalshi [3mbid[0m[2m=[0m0.5500 [3mask[0m[2m=[0m0.5600 [3mmid[0m[2m=[0m0.5550 [3mbid_size[0m[2m=[0m1.00 [3mask_size[0m[2m=[0m109.45
[2m2026-04-12T20:32:15.737342Z[0m [33m WARN[0m [2mmercury::risk::circuit_breaker[0m[2m:[0m Circuit breakers tripped [3mcount[0m[2m=[0m1
[2m2026-04-12T20:32:15.737405Z[0m [33m WARN[0m [2mmercury::engine::market_actor[0m[2m:[0m Opportunity BLOCKED by circuit breakers [3mopp_id[0m[2m=[0maebc302f-6d70-4fd0-8496-247d2957e611 [3mmarket_id[0m[2m=[0m631deb8c-fbb4-489e-818e-ae698f57f50b [3mapproved_size[0m[2m=[0m49
[2m2026-04-12T20:32:15.737442Z[0m [34mDEBUG[0m [2mmercury::engine::spread[0m[2m:[0m Evaluated spread direction 2 [3mmarket_id[0m[2m=[0m631deb8c-fbb4-489e-818e-ae698f57f50b [3mdirection[0m[2m=[0m"NO-A/YES-B" [3mraw_spread[0m[2m=[0m-0.0600 [3mbid_a[0m[2m=[0m0.5500 [3mask_b[0m[2m=[0m0.61
[2m2026-04-12T20:32:15.737563Z[0m [32m INFO[0m [2mmercury::engine::detector[0m[2m:[0m ARB OPPORTUNITY DETECTED — passing to execution pipeline [3mmarket_id[0m[2m=[0m631deb8c-fbb4-489e-818e-ae698f57f50b [3mnet_spread[0m[2m=[0m0.0206046505253540429419826404 [3mraw_spread[0m[2m=[0m0.0400 [3mscore[0m[2m=[0m0.0803987832160683174625640613 [3mleg_a[0m[2m=[0mKalshi [3mleg_b[0m[2m=[0mPolymarket [3mleg_a_price[0m[2m=[0m0.5600 [3mleg_b_price[0m[2m=[0m0.4 [3mavailable_size[0m[2m=[0m49.5
[2m2026-04-12T20:32:15.737733Z[0m [34mDEBUG[0m [2mmercury::engine::market_actor[0m[2m:[0m Tick received — running arb detection [3mmarket_id[0m[2m=[0m631deb8c-fbb4-489e-818e-ae698f57f50b [3mplatform[0m[2m=[0mPolymarket [3mbid[0m[2m=[0m0.6 [3mask[0m[2m=[0m0.61 [3mmid[0m[2m=[0m0.6050 [3mbid_size[0m[2m=[0m49.5 [3mask_size[0m[2m=[0m11
[2m2026-04-12T20:32:15.737767Z[0m [33m WARN[0m [2mmercury::risk::circuit_breaker[0m[2m:[0m Circuit breakers tripped [3mcount[0m[2m=[0m1
[2m2026-04-12T20:32:15.737842Z[0m [33m WARN[0m [2mmercury::engine::market_actor[0m[2m:[0m Opportunity BLOCKED by circuit breakers [3mopp_id[0m[2m=[0m4e765c1b-2225-4a5d-ba5f-7115cc4d05c0 [3mmarket_id[0m[2m=[0m631deb8c-fbb4-489e-818e-ae698f57f50b [3mapproved_size[0m[2m=[0m49
[2m2026-04-12T20:32:15.737867Z[0m [34mDEBUG[0m [2mmercury::engine::spread[0m[2m:[0m Evaluated spread direction 2 [3mmarket_id[0m[2m=[0m631deb8c-fbb4-489e-818e-ae698f57f50b [3mdirection[0m[2m=[0m"NO-A/YES-B" [3mraw_spread[0m[2m=[0m-0.0600 [3mbid_a[0m[2m=[0m0.5500 [3mask_b[0m[2m=[0m0.61
[2m2026-04-12T20:32:15.738003Z[0m [32m INFO[0m [2mmercury::engine::detector[0m[2m:[0m ARB OPPORTUNITY DETECTED — passing to execution pipeline [3mmarket_id[0m[2m=[0m631deb8c-fbb4-489e-818e-ae698f57f50b [3mnet_spread[0m[2m=[0m0.0201478209227957971676564641 [3mraw_spread[0m[2m=[0m0.0400 [3mscore[0m[2m=[0m0.0786162465922333953241758435 [3mleg_a[0m[2m=[0mKalshi [3mleg_b[0m[2m=[0mPolymarket [3mleg_a_price[0m[2m=[0m0.5600 [3mleg_b_price[0m[2m=[0m0.4 [3mavailable_size[0m[2m=[0m49.5
[2m2026-04-12T20:32:15.738161Z[0m [34mDEBUG[0m [2mmercury::engine::market_actor[0m[2m:[0m Tick received — running arb detection [3mmarket_id[0m[2m=[0m631deb8c-fbb4-489e-818e-ae698f57f50b [3mplatform[0m[2m=[0mKalshi [3mbid[0m[2m=[0m0.5500 [3mask[0m[2m=[0m0.5600 [3mmid[0m[2m=[0m0.5550 [3mbid_size[0m[2m=[0m1.00 [3mask_size[0m[2m=[0m109.45
[2m2026-04-12T20:32:15.738191Z[0m [33m WARN[0m [2mmercury::risk::circuit_breaker[0m[2m:[0m Circuit breakers tripped [3mcount[0m[2m=[0m1
[2m2026-04-12T20:32:15.738252Z[0m [33m WARN[0m [2mmercury::engine::market_actor[0m[2m:[0m Opportunity BLOCKED by circuit breakers [3mopp_id[0m[2m=[0mf31836fb-4742-4814-92db-2d33baad199e [3mmarket_id[0m[2m=[0m631deb8c-fbb4-489e-818e-ae698f57f50b [3mapproved_size[0m[2m=[0m49
[2m2026-04-12T20:32:15.738288Z[0m [34mDEBUG[0m [2mmercury::engine::spread[0m[2m:[0m Evaluated spread direction 2 [3mmarket_id[0m[2m=[0m631deb8c-fbb4-489e-818e-ae698f57f50b [3mdirection[0m[2m=[0m"NO-A/YES-B" [3mraw_spread[0m[2m=[0m-0.0600 [3mbid_a[0m[2m=[0m0.5500 [3mask_b[0m[2m=[0m0.61
[2m2026-04-12T20:32:15.738405Z[0m [32m INFO[0m [2mmercury::engine::detector[0m[2m:[0m ARB OPPORTUNITY DETECTED — passing to execution pipeline [3mmarket_id[0m[2m=[0m631deb8c-fbb4-489e-818e-ae698f57f50b [3mnet_spread[0m[2m=[0m0.0201478209227957971676564641 [3mraw_spread[0m[2m=[0m0.0400 [3mscore[0m[2m=[0m0.0786162465922333953241758435 [3mleg_a[0m[2m=[0mKalshi [3mleg_b[0m[2m=[0mPolymarket [3mleg_a_price[0m[2m=[0m0.5600 [3mleg_b_price[0m[2m=[0m0.4 [3mavailable_size[0m[2m=[0m49.5
[2m2026-04-12T20:32:15.738562Z[0m [34mDEBUG[0m [2mmercury::engine::market_actor[0m[2m:[0m Tick received — running arb detection [3mmarket_id[0m[2m=[0m631deb8c-fbb4-489e-818e-ae698f57f50b [3mplatform[0m[2m=[0mKalshi [3mbid[0m[2m=[0m0.5500 [3mask[0m[2m=[0m0.5600 [3mmid[0m[2m=[0m0.5550 [3mbid_size[0m[2m=[0m1.00 [3mask_size[0m[2m=[0m109.45
[2m2026-04-12T20:32:15.738596Z[0m [33m WARN[0m [2mmercury::risk::circuit_breaker[0m[2m:[0m Circuit breakers tripped [3mcount[0m[2m=[0m1
[2m2026-04-12T20:32:15.738661Z[0m [33m WARN[0m [2mmercury::engine::market_actor[0m[2m:[0m Opportunity BLOCKED by circuit breakers [3mopp_id[0m[2m=[0mcacbe651-adc7-477e-842a-2c4512bc019a [3mmarket_id[0m[2m=[0m631deb8c-fbb4-489e-818e-ae698f57f50b [3mapproved_size[0m[2m=[0m49
[2m2026-04-12T20:32:15.738698Z[0m [34mDEBUG[0m [2mmercury::engine::spread[0m[2m:[0m Evaluated spread direction 2 [3mmarket_id[0m[2m=[0m631deb8c-fbb4-489e-818e-ae698f57f50b [3mdirection[0m[2m=[0m"NO-A/YES-B" [3mraw_spread[0m[2m=[0m-0.0600 [3mbid_a[0m[2m=[0m0.5500 [3mask_b[0m[2m=[0m0.61
[2m2026-04-12T20:32:15.738816Z[0m [32m INFO[0m [2mmercury::engine::detector[0m[2m:[0m ARB OPPORTUNITY DETECTED — passing to execution pipeline [3mmarket_id[0m[2m=[0m631deb8c-fbb4-489e-818e-ae698f57f50b [3mnet_spread[0m[2m=[0m0.0201478209227957971676564641 [3mraw_spread[0m[2m=[0m0.0400 [3mscore[0m[2m=[0m0.0786162465922333953241758435 [3mleg_a[0m[2m=[0mKalshi [3mleg_b[0m[2m=[0mPolymarket [3mleg_a_price[0m[2m=[0m0.5600 [3mleg_b_price[0m[2m=[0m0.4 [3mavailable_size[0m[2m=[0m49.5
[2m2026-04-12T20:32:15.738972Z[0m [34mDEBUG[0m [2mmercury::engine::market_actor[0m[2m:[0m Tick received — running arb detection [3mmarket_id[0m[2m=[0m631deb8c-fbb4-489e-818e-ae698f57f50b [3mplatform[0m[2m=[0mKalshi [3mbid[0m[2m=[0m0.5500 [3mask[0m[2m=[0m0.5600 [3mmid[0m[2m=[0m0.5550 [3mbid_size[0m[2m=[0m1.00 [3mask_size[0m[2m=[0m109.45
[2m2026-04-12T20:32:15.739002Z[0m [33m WARN[0m [2mmercury::risk::circuit_breaker[0m[2m:[0m Circuit breakers tripped [3mcount[0m[2m=[0m1
[2m2026-04-12T20:32:15.739059Z[0m [33m WARN[0m [2mmercury::engine::market_actor[0m[2m:[0m Opportunity BLOCKED by circuit breakers [3mopp_id[0m[2m=[0mae24ed26-214e-4d64-8d6d-a61859ad0939 [3mmarket_id[0m[2m=[0m631deb8c-fbb4-489e-818e-ae698f57f50b [3mapproved_size[0m[2m=[0m49
[2m2026-04-12T20:32:15.739094Z[0m [34mDEBUG[0m [2mmercury::engine::spread[0m[2m:[0m Evaluated spread direction 2 [3mmarket_id[0m[2m=[0m631deb8c-fbb4-489e-818e-ae698f57f50b [3mdirection[0m[2m=[0m"NO-A/YES-B" [3mraw_spread[0m[2m=[0m-0.0600 [3mbid_a[0m[2m=[0m0.5500 [3mask_b[0m[2m=[0m0.61
[2m2026-04-12T20:32:15.739211Z[0m [32m INFO[0m [2mmercury::engine::detector[0m[2m:[0m ARB OPPORTUNITY DETECTED — passing to execution pipeline [3mmarket_id[0m[2m=[0m631deb8c-fbb4-489e-818e-ae698f57f50b [3mnet_spread[0m[2m=[0m0.0201478209227957971676564641 [3mraw_spread[0m[2m=[0m0.0400 [3mscore[0m[2m=[0m0.0786162465922333953241758435 [3mleg_a[0m[2m=[0mKalshi [3mleg_b[0m[2m=[0mPolymarket [3mleg_a_price[0m[2m=[0m0.5600 [3mleg_b_price[0m[2m=[0m0.4 [3mavailable_size[0m[2m=[0m49.5
[2m2026-04-12T20:32:15.739367Z[0m [34mDEBUG[0m [2mmercury::engine::market_actor[0m[2m:[0m Tick received — running arb detection [3mmarket_id[0m[2m=[0m631deb8c-fbb4-489e-818e-ae698f57f50b [3mplatform[0m[2m=[0mKalshi [3mbid[0m[2m=[0m0.5500 [3mask[0m[2m=[0m0.5600 [3mmid[0m[2m=[0m0.5550 [3mbid_size[0m[2m=[0m1.00 [3mask_size[0m[2m=[0m109.78
[2m2026-04-12T20:32:15.739396Z[0m [33m WARN[0m [2mmercury::risk::circuit_breaker[0m[2m:[0m Circuit breakers tripped [3mcount[0m[2m=[0m1
[2m2026-04-12T20:32:15.739454Z[0m [33m WARN[0m [2mmercury::engine::market_actor[0m[2m:[0m Opportunity BLOCKED by circuit breakers [3mopp_id[0m[2m=[0mf244e8c8-d56f-47f1-8281-8527444f568f [3mmarket_id[0m[2m=[0m631deb8c-fbb4-489e-818e-ae698f57f50b [3mapproved_size[0m[2m=[0m49
[2m2026-04-12T20:32:15.739489Z[0m [34mDEBUG[0m [2mmercury::engine::spread[0m[2m:[0m Evaluated spread direction 2 [3mmarket_id[0m[2m=[0m631deb8c-fbb4-489e-818e-ae698f57f50b [3mdirection[0m[2m=[0m"NO-A/YES-B" [3mraw_spread[0m[2m=[0m-0.0600 [3mbid_a[0m[2m=[0m0.5500 [3mask_b[0m[2m=[0m0.61
[2m2026-04-12T20:32:15.739604Z[0m [32m INFO[0m [2mmercury::engine::detector[0m[2m:[0m ARB OPPORTUNITY DETECTED — passing to execution pipeline [3mmarket_id[0m[2m=[0m631deb8c-fbb4-489e-818e-ae698f57f50b [3mnet_spread[0m[2m=[0m0.0201104627436691564948077974 [3mraw_spread[0m[2m=[0m0.0400 [3mscore[0m[2m=[0m0.0784704759982961694544951353 [3mleg_a[0m[2m=[0mKalshi [3mleg_b[0m[2m=[0mPolymarket [3mleg_a_price[0m[2m=[0m0.5600 [3mleg_b_price[0m[2m=[0m0.4 [3mavailable_size[0m[2m=[0m49.5
[2m2026-04-12T20:32:15.739760Z[0m [34mDEBUG[0m [2mmercury::engine::market_actor[0m[2m:[0m Tick received — running arb detection [3mmarket_id[0m[2m=[0m631deb8c-fbb4-489e-818e-ae698f57f50b [3mplatform[0m[2m=[0mKalshi [3mbid[0m[2m=[0m0.5500 [3mask[0m[2m=[0m0.5600 [3mmid[0m[2m=[0m0.5550 [3mbid_size[0m[2m=[0m1.00 [3mask_size[0m[2m=[0m109.78
[2m2026-04-12T20:32:15.739821Z[0m [33m WARN[0m [2mmercury::risk::circuit_breaker[0m[2m:[0m Circuit breakers tripped [3mcount[0m[2m=[0m1
[2m2026-04-12T20:32:15.739885Z[0m [34mDEBUG[0m [2mmercury::engine::spread[0m[2m:[0m Evaluated spread direction 2 [3mmarket_id[0m[2m=[0m631deb8c-fbb4-489e-818e-ae698f57f50b [3mdirection[0m[2m=[0m"NO-A/YES-B" [3mraw_spread[0m[2m=[0m-0.0600 [3mbid_a[0m[2m=[0m0.5500 [3mask_b[0m[2m=[0m0.61
[2m2026-04-12T20:32:15.739894Z[0m [33m WARN[0m [2mmercury::engine::market_actor[0m[2m:[0m Opportunity BLOCKED by circuit breakers [3mopp_id[0m[2m=[0m7a69c39f-a362-4192-990b-21121f69953e [3mmarket_id[0m[2m=[0m631deb8c-fbb4-489e-818e-ae698f57f50b [3mapproved_size[0m[2m=[0m49
[2m2026-04-12T20:32:15.740021Z[0m [32m INFO[0m [2mmercury::engine::detector[0m[2m:[0m ARB OPPORTUNITY DETECTED — passing to execution pipeline [3mmarket_id[0m[2m=[0m631deb8c-fbb4-489e-818e-ae698f57f50b [3mnet_spread[0m[2m=[0m0.0201104627436691564948077974 [3mraw_spread[0m[2m=[0m0.0400 [3mscore[0m[2m=[0m0.0784704759982961694544951353 [3mleg_a[0m[2m=[0mKalshi [3mleg_b[0m[2m=[0mPolymarket [3mleg_a_price[0m[2m=[0m0.5600 [3mleg_b_price[0m[2m=[0m0.4 [3mavailable_size[0m[2m=[0m49.5
[2m2026-04-12T20:32:15.740195Z[0m [33m WARN[0m [2mmercury::risk::circuit_breaker[0m[2m:[0m Circuit breakers tripped [3mcount[0m[2m=[0m1
[2m2026-04-12T20:32:15.740253Z[0m [33m WARN[0m [2mmercury::engine::market_actor[0m[2m:[0m Opportunity BLOCKED by circuit breakers [3mopp_id[0m[2m=[0m1ff1ca2f-36a6-4603-859a-c339bc5a3591 [3mmarket_id[0m[2m=[0m631deb8c-fbb4-489e-818e-ae698f57f50b [3mapproved_size[0m[2m=[0m49
[2m2026-04-12T20:32:15.740261Z[0m [33m WARN[0m [2mmercury::risk::circuit_breaker[0m[2m:[0m Circuit breakers tripped [3mcount[0m[2m=[0m1
[2m2026-04-12T20:32:15.740327Z[0m [33m WARN[0m [2mmercury::engine::market_actor[0m[2m:[0m Opportunity BLOCKED by circuit breakers [3mopp_id[0m[2m=[0me874ad33-6f90-4ad7-8d3a-57e28dd8d1c2 [3mmarket_id[0m[2m=[0m631deb8c-fbb4-489e-818e-ae698f57f50b [3mapproved_size[0m[2m=[0m49
[2m2026-04-12T20:32:15.745691Z[0m [34mDEBUG[0m [2mmercury::engine::market_actor[0m[2m:[0m Tick received — running arb detection [3mmarket_id[0m[2m=[0m631deb8c-fbb4-489e-818e-ae698f57f50b [3mplatform[0m[2m=[0mKalshi [3mbid[0m[2m=[0m0.5500 [3mask[0m[2m=[0m0.5600 [3mmid[0m[2m=[0m0.5550 [3mbid_size[0m[2m=[0m1.00 [3mask_size[0m[2m=[0m109.78
[2m2026-04-12T20:32:15.745811Z[0m [34mDEBUG[0m [2mmercury::engine::spread[0m[2m:[0m Evaluated spread direction 2 [3mmarket_id[0m[2m=[0m631deb8c-fbb4-489e-818e-ae698f57f50b [3mdirection[0m[2m=[0m"NO-A/YES-B" [3mraw_spread[0m[2m=[0m-0.0600 [3mbid_a[0m[2m=[0m0.5500 [3mask_b[0m[2m=[0m0.61
[2m2026-04-12T20:32:15.745917Z[0m [32m INFO[0m [2mmercury::engine::detector[0m[2m:[0m ARB OPPORTUNITY DETECTED — passing to execution pipeline [3mmarket_id[0m[2m=[0m631deb8c-fbb4-489e-818e-ae698f57f50b [3mnet_spread[0m[2m=[0m0.0201104627436691564948077974 [3mraw_spread[0m[2m=[0m0.0400 [3mscore[0m[2m=[0m0.0784704759982961694544951353 [3mleg_a[0m[2m=[0mKalshi [3mleg_b[0m[2m=[0mPolymarket [3mleg_a_price[0m[2m=[0m0.5600 [3mleg_b_price[0m[2m=[0m0.4 [3mavailable_size[0m[2m=[0m49.5
[2m2026-04-12T20:32:15.746046Z[0m [34mDEBUG[0m [2mmercury::engine::market_actor[0m[2m:[0m Tick received — running arb detection [3mmarket_id[0m[2m=[0m631deb8c-fbb4-489e-818e-ae698f57f50b [3mplatform[0m[2m=[0mKalshi [3mbid[0m[2m=[0m0.5500 [3mask[0m[2m=[0m0.5600 [3mmid[0m[2m=[0m0.5550 [3mbid_size[0m[2m=[0m1.00 [3mask_size[0m[2m=[0m109.78
[2m2026-04-12T20:32:15.746153Z[0m [34mDEBUG[0m [2mmercury::engine::spread[0m[2m:[0m Evaluated spread direction 2 [3mmarket_id[0m[2m=[0m631deb8c-fbb4-489e-818e-ae698f57f50b [3mdirection[0m[2m=[0m"NO-A/YES-B" [3mraw_spread[0m[2m=[0m-0.0600 [3mbid_a[0m[2m=[0m0.5500 [3mask_b[0m[2m=[0m0.61
[2m2026-04-12T20:32:15.746253Z[0m [32m INFO[0m [2mmercury::engine::detector[0m[2m:[0m ARB OPPORTUNITY DETECTED — passing to execution pipeline [3mmarket_id[0m[2m=[0m631deb8c-fbb4-489e-818e-ae698f57f50b [3mnet_spread[0m[2m=[0m0.0201104627436691564948077974 [3mraw_spread[0m[2m=[0m0.0400 [3mscore[0m[2m=[0m0.0784704759982961694544951353 [3mleg_a[0m[2m=[0mKalshi [3mleg_b[0m[2m=[0mPolymarket [3mleg_a_price[0m[2m=[0m0.5600 [3mleg_b_price[0m[2m=[0m0.4 [3mavailable_size[0m[2m=[0m49.5
[2m2026-04-12T20:32:15.746386Z[0m [34mDEBUG[0m [2mmercury::engine::market_actor[0m[2m:[0m Tick received — running arb detection [3mmarket_id[0m[2m=[0m631deb8c-fbb4-489e-818e-ae698f57f50b [3mplatform[0m[2m=[0mKalshi [3mbid[0m[2m=[0m0.5500 [3mask[0m[2m=[0m0.5600 [3mmid[0m[2m=[0m0.5550 [3mbid_size[0m[2m=[0m1.00 [3mask_size[0m[2m=[0m109.78
[2m2026-04-12T20:32:15.746443Z[0m [33m WARN[0m [2mmercury::risk::circuit_breaker[0m[2m:[0m Circuit breakers tripped [3mcount[0m[2m=[0m1
[2m2026-04-12T20:32:15.746494Z[0m [34mDEBUG[0m [2mmercury::engine::spread[0m[2m:[0m Evaluated spread direction 2 [3mmarket_id[0m[2m=[0m631deb8c-fbb4-489e-818e-ae698f57f50b [3mdirection[0m[2m=[0m"NO-A/YES-B" [3mraw_spread[0m[2m=[0m-0.0600 [3mbid_a[0m[2m=[0m0.5500 [3mask_b[0m[2m=[0m0.61
[2m2026-04-12T20:32:15.746500Z[0m [33m WARN[0m [2mmercury::engine::market_actor[0m[2m:[0m Opportunity BLOCKED by circuit breakers [3mopp_id[0m[2m=[0m1e298ce5-a9a4-49fe-a9ac-e777ef5265cf [3mmarket_id[0m[2m=[0m631deb8c-fbb4-489e-818e-ae698f57f50b [3mapproved_size[0m[2m=[0m49
[2m2026-04-12T20:32:15.746597Z[0m [32m INFO[0m [2mmercury::engine::detector[0m[2m:[0m ARB OPPORTUNITY DETECTED — passing to execution pipeline [3mmarket_id[0m[2m=[0m631deb8c-fbb4-489e-818e-ae698f57f50b [3mnet_spread[0m[2m=[0m0.0201104627436691564948077974 [3mraw_spread[0m[2m=[0m0.0400 [3mscore[0m[2m=[0m0.0784704759982961694544951353 [3mleg_a[0m[2m=[0mKalshi [3mleg_b[0m[2m=[0mPolymarket [3mleg_a_price[0m[2m=[0m0.5600 [3mleg_b_price[0m[2m=[0m0.4 [3mavailable_size[0m[2m=[0m49.5
[2m2026-04-12T20:32:15.746730Z[0m [34mDEBUG[0m [2mmercury::engine::market_actor[0m[2m:[0m Tick received — running arb detection [3mmarket_id[0m[2m=[0m631deb8c-fbb4-489e-818e-ae698f57f50b [3mplatform[0m[2m=[0mKalshi [3mbid[0m[2m=[0m0.5500 [3mask[0m[2m=[0m0.5600 [3mmid[0m[2m=[0m0.5550 [3mbid_size[0m[2m=[0m1.00 [3mask_size[0m[2m=[0m109.78
[2m2026-04-12T20:32:15.746794Z[0m [33m WARN[0m [2mmercury::risk::circuit_breaker[0m[2m:[0m Circuit breakers tripped [3mcount[0m[2m=[0m1
[2m2026-04-12T20:32:15.746838Z[0m [34mDEBUG[0m [2mmercury::engine::spread[0m[2m:[0m Evaluated spread direction 2 [3mmarket_id[0m[2m=[0m631deb8c-fbb4-489e-818e-ae698f57f50b [3mdirection[0m[2m=[0m"NO-A/YES-B" [3mraw_spread[0m[2m=[0m-0.0600 [3mbid_a[0m[2m=[0m0.5500 [3mask_b[0m[2m=[0m0.61
[2m2026-04-12T20:32:15.746845Z[0m [33m WARN[0m [2mmercury::engine::market_actor[0m[2m:[0m Opportunity BLOCKED by circuit breakers [3mopp_id[0m[2m=[0mf3c4a6bd-0ea4-4238-9898-59ae1c0fb042 [3mmarket_id[0m[2m=[0m631deb8c-fbb4-489e-818e-ae698f57f50b [3mapproved_size[0m[2m=[0m49
[2m2026-04-12T20:32:15.746941Z[0m [32m INFO[0m [2mmercury::engine::detector[0m[2m:[0m ARB OPPORTUNITY DETECTED — passing to execution pipeline [3mmarket_id[0m[2m=[0m631deb8c-fbb4-489e-818e-ae698f57f50b [3mnet_spread[0m[2m=[0m0.0201104627436691564948077974 [3mraw_spread[0m[2m=[0m0.0400 [3mscore[0m[2m=[0m0.0784704759982961694544951353 [3mleg_a[0m[2m=[0mKalshi [3mleg_b[0m[2m=[0mPolymarket [3mleg_a_price[0m[2m=[0m0.5600 [3mleg_b_price[0m[2m=[0m0.4 [3mavailable_size[0m[2m=[0m49.5
[2m2026-04-12T20:32:15.747072Z[0m [34mDEBUG[0m [2mmercury::engine::market_actor[0m[2m:[0m Tick received — running arb detection [3mmarket_id[0m[2m=[0m631deb8c-fbb4-489e-818e-ae698f57f50b [3mplatform[0m[2m=[0mKalshi [3mbid[0m[2m=[0m0.5500 [3mask[0m[2m=[0m0.5600 [3mmid[0m[2m=[0m0.5550 [3mbid_size[0m[2m=[0m1.00 [3mask_size[0m[2m=[0m109.78
[2m2026-04-12T20:32:15.747109Z[0m [33m WARN[0m [2mmercury::risk::circuit_breaker[0m[2m:[0m Circuit breakers tripped [3mcount[0m[2m=[0m1
[2m2026-04-12T20:32:15.747164Z[0m [33m WARN[0m [2mmercury::engine::market_actor[0m[2m:[0m Opportunity BLOCKED by circuit breakers [3mopp_id[0m[2m=[0md236a036-d97e-480f-96fa-1f0ff4ddf795 [3mmarket_id[0m[2m=[0m631deb8c-fbb4-489e-818e-ae698f57f50b [3mapproved_size[0m[2m=[0m49
[2m2026-04-12T20:32:15.747179Z[0m [34mDEBUG[0m [2mmercury::engine::spread[0m[2m:[0m Evaluated spread direction 2 [3mmarket_id[0m[2m=[0m631deb8c-fbb4-489e-818e-ae698f57f50b [3mdirection[0m[2m=[0m"NO-A/YES-B" [3mraw_spread[0m[2m=[0m-0.0600 [3mbid_a[0m[2m=[0m0.5500 [3mask_b[0m[2m=[0m0.61
[2m2026-04-12T20:32:15.747274Z[0m [32m INFO[0m [2mmercury::engine::detector[0m[2m:[0m ARB OPPORTUNITY DETECTED — passing to execution pipeline [3mmarket_id[0m[2m=[0m631deb8c-fbb4-489e-818e-ae698f57f50b [3mnet_spread[0m[2m=[0m0.0201104627436691564948077974 [3mraw_spread[0m[2m=[0m0.0400 [3mscore[0m[2m=[0m0.0784704759982961694544951353 [3mleg_a[0m[2m=[0mKalshi [3mleg_b[0m[2m=[0mPolymarket [3mleg_a_price[0m[2m=[0m0.5600 [3mleg_b_price[0m[2m=[0m0.4 [3mavailable_size[0m[2m=[0m49.5
[2m2026-04-12T20:32:15.747407Z[0m [34mDEBUG[0m [2mmercury::engine::market_actor[0m[2m:[0m Tick received — running arb detection [3mmarket_id[0m[2m=[0m631deb8c-fbb4-489e-818e-ae698f57f50b [3mplatform[0m[2m=[0mKalshi [3mbid[0m[2m=[0m0.5500 [3mask[0m[2m=[0m0.5600 [3mmid[0m[2m=[0m0.5550 [3mbid_size[0m[2m=[0m1.00 [3mask_size[0m[2m=[0m109.78
[2m2026-04-12T20:32:15.747436Z[0m [33m WARN[0m [2mmercury::risk::circuit_breaker[0m[2m:[0m Circuit breakers tripped [3mcount[0m[2m=[0m1
[2m2026-04-12T20:32:15.747495Z[0m [33m WARN[0m [2mmercury::engine::market_actor[0m[2m:[0m Opportunity BLOCKED by circuit breakers [3mopp_id[0m[2m=[0m41ee3cd4-0ca2-42c4-b4aa-534da8eb622f [3mmarket_id[0m[2m=[0m631deb8c-fbb4-489e-818e-ae698f57f50b [3mapproved_size[0m[2m=[0m49
[2m2026-04-12T20:32:15.747526Z[0m [34mDEBUG[0m [2mmercury::engine::spread[0m[2m:[0m Evaluated spread direction 2 [3mmarket_id[0m[2m=[0m631deb8c-fbb4-489e-818e-ae698f57f50b [3mdirection[0m[2m=[0m"NO-A/YES-B" [3mraw_spread[0m[2m=[0m-0.0600 [3mbid_a[0m[2m=[0m0.5500 [3mask_b[0m[2m=[0m0.61
[2m2026-04-12T20:32:15.747625Z[0m [32m INFO[0m [2mmercury::engine::detector[0m[2m:[0m ARB OPPORTUNITY DETECTED — passing to execution pipeline [3mmarket_id[0m[2m=[0m631deb8c-fbb4-489e-818e-ae698f57f50b [3mnet_spread[0m[2m=[0m0.0201104627436691564948077974 [3mraw_spread[0m[2m=[0m0.0400 [3mscore[0m[2m=[0m0.0784704759982961694544951353 [3mleg_a[0m[2m=[0mKalshi [3mleg_b[0m[2m=[0mPolymarket [3mleg_a_price[0m[2m=[0m0.5600 [3mleg_b_price[0m[2m=[0m0.4 [3mavailable_size[0m[2m=[0m49.5
[2m2026-04-12T20:32:15.747757Z[0m [34mDEBUG[0m [2mmercury::engine::market_actor[0m[2m:[0m Tick received — running arb detection [3mmarket_id[0m[2m=[0m631deb8c-fbb4-489e-818e-ae698f57f50b [3mplatform[0m[2m=[0mKalshi [3mbid[0m[2m=[0m0.5500 [3mask[0m[2m=[0m0.5600 [3mmid[0m[2m=[0m0.5550 [3mbid_size[0m[2m=[0m1.00 [3mask_size[0m[2m=[0m109.78
[2m2026-04-12T20:32:15.747799Z[0m [33m WARN[0m [2mmercury::risk::circuit_breaker[0m[2m:[0m Circuit breakers tripped [3mcount[0m[2m=[0m1
[2m2026-04-12T20:32:15.747850Z[0m [33m WARN[0m [2mmercury::engine::market_actor[0m[2m:[0m Opportunity BLOCKED by circuit breakers [3mopp_id[0m[2m=[0m29b029e1-0175-48d2-9ce1-e96f0a2ab843 [3mmarket_id[0m[2m=[0m631deb8c-fbb4-489e-818e-ae698f57f50b [3mapproved_size[0m[2m=[0m49
[2m2026-04-12T20:32:15.747863Z[0m [34mDEBUG[0m [2mmercury::engine::spread[0m[2m:[0m Evaluated spread direction 2 [3mmarket_id[0m[2m=[0m631deb8c-fbb4-489e-818e-ae698f57f50b [3mdirection[0m[2m=[0m"NO-A/YES-B" [3mraw_spread[0m[2m=[0m-0.0600 [3mbid_a[0m[2m=[0m0.5500 [3mask_b[0m[2m=[0m0.61
[2m2026-04-12T20:32:15.747956Z[0m [32m INFO[0m [2mmercury::engine::detector[0m[2m:[0m ARB OPPORTUNITY DETECTED — passing to execution pipeline [3mmarket_id[0m[2m=[0m631deb8c-fbb4-489e-818e-ae698f57f50b [3mnet_spread[0m[2m=[0m0.0201104627436691564948077974 [3mraw_spread[0m[2m=[0m0.0400 [3mscore[0m[2m=[0m0.0784704759982961694544951353 [3mleg_a[0m[2m=[0mKalshi [3mleg_b[0m[2m=[0mPolymarket [3mleg_a_price[0m[2m=[0m0.5600 [3mleg_b_price[0m[2m=[0m0.4 [3mavailable_size[0m[2m=[0m49.5
[2m2026-04-12T20:32:15.748085Z[0m [34mDEBUG[0m [2mmercury::engine::market_actor[0m[2m:[0m Tick received — running arb detection [3mmarket_id[0m[2m=[0m631deb8c-fbb4-489e-818e-ae698f57f50b [3mplatform[0m[2m=[0mKalshi [3mbid[0m[2m=[0m0.5500 [3mask[0m[2m=[0m0.5600 [3mmid[0m[2m=[0m0.5550 [3mbid_size[0m[2m=[0m1.00 [3mask_size[0m[2m=[0m109.78
[2m2026-04-12T20:32:15.748116Z[0m [33m WARN[0m [2mmercury::risk::circuit_breaker[0m[2m:[0m Circuit breakers tripped [3mcount[0m[2m=[0m1
[2m2026-04-12T20:32:15.748168Z[0m [33m WARN[0m [2mmercury::engine::market_actor[0m[2m:[0m Opportunity BLOCKED by circuit breakers [3mopp_id[0m[2m=[0m82378d6c-52a6-437f-883f-e343954f730f [3mmarket_id[0m[2m=[0m631deb8c-fbb4-489e-818e-ae698f57f50b [3mapproved_size[0m[2m=[0m49
[2m2026-04-12T20:32:15.748192Z[0m [34mDEBUG[0m [2mmercury::engine::spread[0m[2m:[0m Evaluated spread direction 2 [3mmarket_id[0m[2m=[0m631deb8c-fbb4-489e-818e-ae698f57f50b [3mdirection[0m[2m=[0m"NO-A/YES-B" [3mraw_spread[0m[2m=[0m-0.0600 [3mbid_a[0m[2m=[0m0.5500 [3mask_b[0m[2m=[0m0.61
[2m2026-04-12T20:32:15.748292Z[0m [32m INFO[0m [2mmercury::engine::detector[0m[2m:[0m ARB OPPORTUNITY DETECTED — passing to execution pipeline [3mmarket_id[0m[2m=[0m631deb8c-fbb4-489e-818e-ae698f57f50b [3mnet_spread[0m[2m=[0m0.0201104627436691564948077974 [3mraw_spread[0m[2m=[0m0.0400 [3mscore[0m[2m=[0m0.0784704759982961694544951353 [3mleg_a[0m[2m=[0mKalshi [3mleg_b[0m[2m=[0mPolymarket [3mleg_a_price[0m[2m=[0m0.5600 [3mleg_b_price[0m[2m=[0m0.4 [3mavailable_size[0m[2m=[0m49.5
[2m2026-04-12T20:32:15.748422Z[0m [34mDEBUG[0m [2mmercury::engine::market_actor[0m[2m:[0m Tick received — running arb detection [3mmarket_id[0m[2m=[0m631deb8c-fbb4-489e-818e-ae698f57f50b [3mplatform[0m[2m=[0mKalshi [3mbid[0m[2m=[0m0.5500 [3mask[0m[2m=[0m0.5600 [3mmid[0m[2m=[0m0.5550 [3mbid_size[0m[2m=[0m1.00 [3mask_size[0m[2m=[0m109.78
[2m2026-04-12T20:32:15.748451Z[0m [33m WARN[0m [2mmercury::risk::circuit_breaker[0m[2m:[0m Circuit breakers tripped [3mcount[0m[2m=[0m1
[2m2026-04-12T20:32:15.748506Z[0m [33m WARN[0m [2mmercury::engine::market_actor[0m[2m:[0m Opportunity BLOCKED by circuit breakers [3mopp_id[0m[2m=[0mae64afc8-c7e1-4aeb-b88e-980e40fc88c5 [3mmarket_id[0m[2m=[0m631deb8c-fbb4-489e-818e-ae698f57f50b [3mapproved_size[0m[2m=[0m49
[2m2026-04-12T20:32:15.748536Z[0m [34mDEBUG[0m [2mmercury::engine::spread[0m[2m:[0m Evaluated spread direction 2 [3mmarket_id[0m[2m=[0m631deb8c-fbb4-489e-818e-ae698f57f50b [3mdirection[0m[2m=[0m"NO-A/YES-B" [3mraw_spread[0m[2m=[0m-0.0600 [3mbid_a[0m[2m=[0m0.5500 [3mask_b[0m[2m=[0m0.61
[2m2026-04-12T20:32:15.748634Z[0m [32m INFO[0m [2mmercury::engine::detector[0m[2m:[0m ARB OPPORTUNITY DETECTED — passing to execution pipeline [3mmarket_id[0m[2m=[0m631deb8c-fbb4-489e-818e-ae698f57f50b [3mnet_spread[0m[2m=[0m0.0201104627436691564948077974 [3mraw_spread[0m[2m=[0m0.0400 [3mscore[0m[2m=[0m0.0784704759982961694544951353 [3mleg_a[0m[2m=[0mKalshi [3mleg_b[0m[2m=[0mPolymarket [3mleg_a_price[0m[2m=[0m0.5600 [3mleg_b_price[0m[2m=[0m0.4 [3mavailable_size[0m[2m=[0m49.5
[2m2026-04-12T20:32:15.748765Z[0m [34mDEBUG[0m [2mmercury::engine::market_actor[0m[2m:[0m Tick received — running arb detection [3mmarket_id[0m[2m=[0m631deb8c-fbb4-489e-818e-ae698f57f50b [3mplatform[0m[2m=[0mKalshi [3mbid[0m[2m=[0m0.5500 [3mask[0m[2m=[0m0.5600 [3mmid[0m[2m=[0m0.5550 [3mbid_size[0m[2m=[0m1.00 [3mask_size[0m[2m=[0m109.45
[2m2026-04-12T20:32:15.748798Z[0m [33m WARN[0m [2mmercury::risk::circuit_breaker[0m[2m:[0m Circuit breakers tripped [3mcount[0m[2m=[0m1
[2m2026-04-12T20:32:15.748847Z[0m [33m WARN[0m [2mmercury::engine::market_actor[0m[2m:[0m Opportunity BLOCKED by circuit breakers [3mopp_id[0m[2m=[0m8acf2d06-9949-4cea-a273-f61cdda60031 [3mmarket_id[0m[2m=[0m631deb8c-fbb4-489e-818e-ae698f57f50b [3mapproved_size[0m[2m=[0m49
[2m2026-04-12T20:32:15.748871Z[0m [34mDEBUG[0m [2mmercury::engine::spread[0m[2m:[0m Evaluated spread direction 2 [3mmarket_id[0m[2m=[0m631deb8c-fbb4-489e-818e-ae698f57f50b [3mdirection[0m[2m=[0m"NO-A/YES-B" [3mraw_spread[0m[2m=[0m-0.0600 [3mbid_a[0m[2m=[0m0.5500 [3mask_b[0m[2m=[0m0.61
[2m2026-04-12T20:32:15.748970Z[0m [32m INFO[0m [2mmercury::engine::detector[0m[2m:[0m ARB OPPORTUNITY DETECTED — passing to execution pipeline [3mmarket_id[0m[2m=[0m631deb8c-fbb4-489e-818e-ae698f57f50b [3mnet_spread[0m[2m=[0m0.0201478209227957971676564641 [3mraw_spread[0m[2m=[0m0.0400 [3mscore[0m[2m=[0m0.0786162465922333953241758435 [3mleg_a[0m[2m=[0mKalshi [3mleg_b[0m[2m=[0mPolymarket [3mleg_a_price[0m[2m=[0m0.5600 [3mleg_b_price[0m[2m=[0m0.4 [3mavailable_size[0m[2m=[0m49.5
[2m2026-04-12T20:32:15.749101Z[0m [34mDEBUG[0m [2mmercury::engine::market_actor[0m[2m:[0m Tick received — running arb detection [3mmarket_id[0m[2m=[0m631deb8c-fbb4-489e-818e-ae698f57f50b [3mplatform[0m[2m=[0mKalshi [3mbid[0m[2m=[0m0.5500 [3mask[0m[2m=[0m0.5600 [3mmid[0m[2m=[0m0.5550 [3mbid_size[0m[2m=[0m1.00 [3mask_size[0m[2m=[0m109.78
[2m2026-04-12T20:32:15.749128Z[0m [33m WARN[0m [2mmercury::risk::circuit_breaker[0m[2m:[0m Circuit breakers tripped [3mcount[0m[2m=[0m1
[2m2026-04-12T20:32:15.749182Z[0m [33m WARN[0m [2mmercury::engine::market_actor[0m[2m:[0m Opportunity BLOCKED by circuit breakers [3mopp_id[0m[2m=[0md1add353-f65e-4ab3-8937-2acff93afe37 [3mmarket_id[0m[2m=[0m631deb8c-fbb4-489e-818e-ae698f57f50b [3mapproved_size[0m[2m=[0m49
[2m2026-04-12T20:32:15.749209Z[0m [34mDEBUG[0m [2mmercury::engine::spread[0m[2m:[0m Evaluated spread direction 2 [3mmarket_id[0m[2m=[0m631deb8c-fbb4-489e-818e-ae698f57f50b [3mdirection[0m[2m=[0m"NO-A/YES-B" [3mraw_spread[0m[2m=[0m-0.0600 [3mbid_a[0m[2m=[0m0.5500 [3mask_b[0m[2m=[0m0.61
[2m2026-04-12T20:32:15.749306Z[0m [32m INFO[0m [2mmercury::engine::detector[0m[2m:[0m ARB OPPORTUNITY DETECTED — passing to execution pipeline [3mmarket_id[0m[2m=[0m631deb8c-fbb4-489e-818e-ae698f57f50b [3mnet_spread[0m[2m=[0m0.0201104627436691564948077974 [3mraw_spread[0m[2m=[0m0.0400 [3mscore[0m[2m=[0m0.0784704759982961694544951353 [3mleg_a[0m[2m=[0mKalshi [3mleg_b[0m[2m=[0mPolymarket [3mleg_a_price[0m[2m=[0m0.5600 [3mleg_b_price[0m[2m=[0m0.4 [3mavailable_size[0m[2m=[0m49.5
[2m2026-04-12T20:32:15.749438Z[0m [34mDEBUG[0m [2mmercury::engine::market_actor[0m[2m:[0m Tick received — running arb detection [3mmarket_id[0m[2m=[0m631deb8c-fbb4-489e-818e-ae698f57f50b [3mplatform[0m[2m=[0mKalshi [3mbid[0m[2m=[0m0.5500 [3mask[0m[2m=[0m0.5600 [3mmid[0m[2m=[0m0.5550 [3mbid_size[0m[2m=[0m1.00 [3mask_size[0m[2m=[0m109.78
[2m2026-04-12T20:32:15.749462Z[0m [33m WARN[0m [2mmercury::risk::circuit_breaker[0m[2m:[0m Circuit breakers tripped [3mcount[0m[2m=[0m1
[2m2026-04-12T20:32:15.749511Z[0m [33m WARN[0m [2mmercury::engine::market_actor[0m[2m:[0m Opportunity BLOCKED by circuit breakers [3mopp_id[0m[2m=[0m79e79e9d-cf1c-4b73-a1aa-fed2a93b4ea5 [3mmarket_id[0m[2m=[0m631deb8c-fbb4-489e-818e-ae698f57f50b [3mapproved_size[0m[2m=[0m49
[2m2026-04-12T20:32:15.749540Z[0m [34mDEBUG[0m [2mmercury::engine::spread[0m[2m:[0m Evaluated spread direction 2 [3mmarket_id[0m[2m=[0m631deb8c-fbb4-489e-818e-ae698f57f50b [3mdirection[0m[2m=[0m"NO-A/YES-B" [3mraw_spread[0m[2m=[0m-0.0600 [3mbid_a[0m[2m=[0m0.5500 [3mask_b[0m[2m=[0m0.61
[2m2026-04-12T20:32:15.749637Z[0m [32m INFO[0m [2mmercury::engine::detector[0m[2m:[0m ARB OPPORTUNITY DETECTED — passing to execution pipeline [3mmarket_id[0m[2m=[0m631deb8c-fbb4-489e-818e-ae698f57f50b [3mnet_spread[0m[2m=[0m0.0201104627436691564948077974 [3mraw_spread[0m[2m=[0m0.0400 [3mscore[0m[2m=[0m0.0784704759982961694544951353 [3mleg_a[0m[2m=[0mKalshi [3mleg_b[0m[2m=[0mPolymarket [3mleg_a_price[0m[2m=[0m0.5600 [3mleg_b_price[0m[2m=[0m0.4 [3mavailable_size[0m[2m=[0m49.5
[2m2026-04-12T20:32:15.749770Z[0m [34mDEBUG[0m [2mmercury::engine::market_actor[0m[2m:[0m Tick received — running arb detection [3mmarket_id[0m[2m=[0m631deb8c-fbb4-489e-818e-ae698f57f50b [3mplatform[0m[2m=[0mKalshi [3mbid[0m[2m=[0m0.5500 [3mask[0m[2m=[0m0.5600 [3mmid[0m[2m=[0m0.5550 [3mbid_size[0m[2m=[0m1.00 [3mask_size[0m[2m=[0m109.78
[2m2026-04-12T20:32:15.749791Z[0m [33m WARN[0m [2mmercury::risk::circuit_breaker[0m[2m:[0m Circuit breakers tripped [3mcount[0m[2m=[0m1
[2m2026-04-12T20:32:15.749850Z[0m [33m WARN[0m [2mmercury::engine::market_actor[0m[2m:[0m Opportunity BLOCKED by circuit breakers [3mopp_id[0m[2m=[0m7040c4be-4835-42f4-aad1-7de0edab2ae7 [3mmarket_id[0m[2m=[0m631deb8c-fbb4-489e-818e-ae698f57f50b [3mapproved_size[0m[2m=[0m49
[2m2026-04-12T20:32:15.749876Z[0m [34mDEBUG[0m [2mmercury::engine::spread[0m[2m:[0m Evaluated spread direction 2 [3mmarket_id[0m[2m=[0m631deb8c-fbb4-489e-818e-ae698f57f50b [3mdirection[0m[2m=[0m"NO-A/YES-B" [3mraw_spread[0m[2m=[0m-0.0600 [3mbid_a[0m[2m=[0m0.5500 [3mask_b[0m[2m=[0m0.61
[2m2026-04-12T20:32:15.749974Z[0m [32m INFO[0m [2mmercury::engine::detector[0m[2m:[0m ARB OPPORTUNITY DETECTED — passing to execution pipeline [3mmarket_id[0m[2m=[0m631deb8c-fbb4-489e-818e-ae698f57f50b [3mnet_spread[0m[2m=[0m0.0201104627436691564948077974 [3mraw_spread[0m[2m=[0m0.0400 [3mscore[0m[2m=[0m0.0784704759982961694544951353 [3mleg_a[0m[2m=[0mKalshi [3mleg_b[0m[2m=[0mPolymarket [3mleg_a_price[0m[2m=[0m0.5600 [3mleg_b_price[0m[2m=[0m0.4 [3mavailable_size[0m[2m=[0m49.5
[2m2026-04-12T20:32:15.750117Z[0m [34mDEBUG[0m [2mmercury::engine::market_actor[0m[2m:[0m Tick received — running arb detection [3mmarket_id[0m[2m=[0m631deb8c-fbb4-489e-818e-ae698f57f50b [3mplatform[0m[2m=[0mKalshi [3mbid[0m[2m=[0m0.5500 [3mask[0m[2m=[0m0.5600 [3mmid[0m[2m=[0m0.5550 [3mbid_size[0m[2m=[0m1.00 [3mask_size[0m[2m=[0m109.78
[2m2026-04-12T20:32:15.750141Z[0m [33m WARN[0m [2mmercury::risk::circuit_breaker[0m[2m:[0m Circuit breakers tripped [3mcount[0m[2m=[0m1
[2m2026-04-12T20:32:15.750188Z[0m [33m WARN[0m [2mmercury::engine::market_actor[0m[2m:[0m Opportunity BLOCKED by circuit breakers [3mopp_id[0m[2m=[0m404a30cd-6828-44cf-a3ee-d69f078aaf04 [3mmarket_id[0m[2m=[0m631deb8c-fbb4-489e-818e-ae698f57f50b [3mapproved_size[0m[2m=[0m49
[2m2026-04-12T20:32:15.750216Z[0m [34mDEBUG[0m [2mmercury::engine::spread[0m[2m:[0m Evaluated spread direction 2 [3mmarket_id[0m[2m=[0m631deb8c-fbb4-489e-818e-ae698f57f50b [3mdirection[0m[2m=[0m"NO-A/YES-B" [3mraw_spread[0m[2m=[0m-0.0600 [3mbid_a[0m[2m=[0m0.5500 [3mask_b[0m[2m=[0m0.61
[2m2026-04-12T20:32:15.750311Z[0m [32m INFO[0m [2mmercury::engine::detector[0m[2m:[0m ARB OPPORTUNITY DETECTED — passing to execution pipeline [3mmarket_id[0m[2m=[0m631deb8c-fbb4-489e-818e-ae698f57f50b [3mnet_spread[0m[2m=[0m0.0201104627436691564948077974 [3mraw_spread[0m[2m=[0m0.0400 [3mscore[0m[2m=[0m0.0784704759982961694544951353 [3mleg_a[0m[2m=[0mKalshi [3mleg_b[0m[2m=[0mPolymarket [3mleg_a_price[0m[2m=[0m0.5600 [3mleg_b_price[0m[2m=[0m0.4 [3mavailable_size[0m[2m=[0m49.5
[2m2026-04-12T20:32:15.750439Z[0m [34mDEBUG[0m [2mmercury::engine::market_actor[0m[2m:[0m Tick received — running arb detection [3mmarket_id[0m[2m=[0m631deb8c-fbb4-489e-818e-ae698f57f50b [3mplatform[0m[2m=[0mKalshi [3mbid[0m[2m=[0m0.5500 [3mask[0m[2m=[0m0.5600 [3mmid[0m[2m=[0m0.5550 [3mbid_size[0m[2m=[0m1.00 [3mask_size[0m[2m=[0m109.78
[2m2026-04-12T20:32:15.750477Z[0m [33m WARN[0m [2mmercury::risk::circuit_breaker[0m[2m:[0m Circuit breakers tripped [3mcount[0m[2m=[0m1
[2m2026-04-12T20:32:15.750521Z[0m [33m WARN[0m [2mmercury::engine::market_actor[0m[2m:[0m Opportunity BLOCKED by circuit breakers [3mopp_id[0m[2m=[0m96cdc2a4-997b-4cda-a33f-23694edcd303 [3mmarket_id[0m[2m=[0m631deb8c-fbb4-489e-818e-ae698f57f50b [3mapproved_size[0m[2m=[0m49
[2m2026-04-12T20:32:15.750542Z[0m [34mDEBUG[0m [2mmercury::engine::spread[0m[2m:[0m Evaluated spread direction 2 [3mmarket_id[0m[2m=[0m631deb8c-fbb4-489e-818e-ae698f57f50b [3mdirection[0m[2m=[0m"NO-A/YES-B" [3mraw_spread[0m[2m=[0m-0.0600 [3mbid_a[0m[2m=[0m0.5500 [3mask_b[0m[2m=[0m0.61
[2m2026-04-12T20:32:15.750637Z[0m [32m INFO[0m [2mmercury::engine::detector[0m[2m:[0m ARB OPPORTUNITY DETECTED — passing to execution pipeline [3mmarket_id[0m[2m=[0m631deb8c-fbb4-489e-818e-ae698f57f50b [3mnet_spread[0m[2m=[0m0.0201104627436691564948077974 [3mraw_spread[0m[2m=[0m0.0400 [3mscore[0m[2m=[0m0.0784704759982961694544951353 [3mleg_a[0m[2m=[0mKalshi [3mleg_b[0m[2m=[0mPolymarket [3mleg_a_price[0m[2m=[0m0.5600 [3mleg_b_price[0m[2m=[0m0.4 [3mavailable_size[0m[2m=[0m49.5
[2m2026-04-12T20:32:15.750766Z[0m [34mDEBUG[0m [2mmercury::engine::market_actor[0m[2m:[0m Tick received — running arb detection [3mmarket_id[0m[2m=[0m631deb8c-fbb4-489e-818e-ae698f57f50b [3mplatform[0m[2m=[0mKalshi [3mbid[0m[2m=[0m0.5500 [3mask[0m[2m=[0m0.5600 [3mmid[0m[2m=[0m0.5550 [3mbid_size[0m[2m=[0m1.00 [3mask_size[0m[2m=[0m109.78
[2m2026-04-12T20:32:15.750791Z[0m [33m WARN[0m [2mmercury::risk::circuit_breaker[0m[2m:[0m Circuit breakers tripped [3mcount[0m[2m=[0m1
[2m2026-04-12T20:32:15.750838Z[0m [33m WARN[0m [2mmercury::engine::market_actor[0m[2m:[0m Opportunity BLOCKED by circuit breakers [3mopp_id[0m[2m=[0m1d5a8639-b318-4df9-a05d-f4cc41cafcaf [3mmarket_id[0m[2m=[0m631deb8c-fbb4-489e-818e-ae698f57f50b [3mapproved_size[0m[2m=[0m49
[2m2026-04-12T20:32:15.750866Z[0m [34mDEBUG[0m [2mmercury::engine::spread[0m[2m:[0m Evaluated spread direction 2 [3mmarket_id[0m[2m=[0m631deb8c-fbb4-489e-818e-ae698f57f50b [3mdirection[0m[2m=[0m"NO-A/YES-B" [3mraw_spread[0m[2m=[0m-0.0600 [3mbid_a[0m[2m=[0m0.5500 [3mask_b[0m[2m=[0m0.61
[2m2026-04-12T20:32:15.750960Z[0m [32m INFO[0m [2mmercury::engine::detector[0m[2m:[0m ARB OPPORTUNITY DETECTED — passing to execution pipeline [3mmarket_id[0m[2m=[0m631deb8c-fbb4-489e-818e-ae698f57f50b [3mnet_spread[0m[2m=[0m0.0201104627436691564948077974 [3mraw_spread[0m[2m=[0m0.0400 [3mscore[0m[2m=[0m0.0784704759982961694544951353 [3mleg_a[0m[2m=[0mKalshi [3mleg_b[0m[2m=[0mPolymarket [3mleg_a_price[0m[2m=[0m0.5600 [3mleg_b_price[0m[2m=[0m0.4 [3mavailable_size[0m[2m=[0m49.5
[2m2026-04-12T20:32:15.751087Z[0m [34mDEBUG[0m [2mmercury::engine::market_actor[0m[2m:[0m Tick received — running arb detection [3mmarket_id[0m[2m=[0m631deb8c-fbb4-489e-818e-ae698f57f50b [3mplatform[0m[2m=[0mKalshi [3mbid[0m[2m=[0m0.5500 [3mask[0m[2m=[0m0.5600 [3mmid[0m[2m=[0m0.5550 [3mbid_size[0m[2m=[0m1.00 [3mask_size[0m[2m=[0m109.45
[2m2026-04-12T20:32:15.751112Z[0m [33m WARN[0m [2mmercury::risk::circuit_breaker[0m[2m:[0m Circuit breakers tripped [3mcount[0m[2m=[0m1
[2m2026-04-12T20:32:15.751159Z[0m [33m WARN[0m [2mmercury::engine::market_actor[0m[2m:[0m Opportunity BLOCKED by circuit breakers [3mopp_id[0m[2m=[0meb429707-d62b-4c4a-ab7d-8a86c5c6ef7e [3mmarket_id[0m[2m=[0m631deb8c-fbb4-489e-818e-ae698f57f50b [3mapproved_size[0m[2m=[0m49
[2m2026-04-12T20:32:15.751187Z[0m [34mDEBUG[0m [2mmercury::engine::spread[0m[2m:[0m Evaluated spread direction 2 [3mmarket_id[0m[2m=[0m631deb8c-fbb4-489e-818e-ae698f57f50b [3mdirection[0m[2m=[0m"NO-A/YES-B" [3mraw_spread[0m[2m=[0m-0.0600 [3mbid_a[0m[2m=[0m0.5500 [3mask_b[0m[2m=[0m0.61
[2m2026-04-12T20:32:15.751281Z[0m [32m INFO[0m [2mmercury::engine::detector[0m[2m:[0m ARB OPPORTUNITY DETECTED — passing to execution pipeline [3mmarket_id[0m[2m=[0m631deb8c-fbb4-489e-818e-ae698f57f50b [3mnet_spread[0m[2m=[0m0.0201478209227957971676564641 [3mraw_spread[0m[2m=[0m0.0400 [3mscore[0m[2m=[0m0.0786162465922333953241758435 [3mleg_a[0m[2m=[0mKalshi [3mleg_b[0m[2m=[0mPolymarket [3mleg_a_price[0m[2m=[0m0.5600 [3mleg_b_price[0m[2m=[0m0.4 [3mavailable_size[0m[2m=[0m49.5
[2m2026-04-12T20:32:15.751411Z[0m [34mDEBUG[0m [2mmercury::engine::market_actor[0m[2m:[0m Tick received — running arb detection [3mmarket_id[0m[2m=[0m631deb8c-fbb4-489e-818e-ae698f57f50b [3mplatform[0m[2m=[0mKalshi [3mbid[0m[2m=[0m0.5500 [3mask[0m[2m=[0m0.5600 [3mmid[0m[2m=[0m0.5550 [3mbid_size[0m[2m=[0m1.00 [3mask_size[0m[2m=[0m109.45
[2m2026-04-12T20:32:15.751428Z[0m [33m WARN[0m [2mmercury::risk::circuit_breaker[0m[2m:[0m Circuit breakers tripped [3mcount[0m[2m=[0m1
[2m2026-04-12T20:32:15.751487Z[0m [33m WARN[0m [2mmercury::engine::market_actor[0m[2m:[0m Opportunity BLOCKED by circuit breakers [3mopp_id[0m[2m=[0md7d5c557-409d-4819-95af-079a4b640344 [3mmarket_id[0m[2m=[0m631deb8c-fbb4-489e-818e-ae698f57f50b [3mapproved_size[0m[2m=[0m49
[2m2026-04-12T20:32:15.751513Z[0m [34mDEBUG[0m [2mmercury::engine::spread[0m[2m:[0m Evaluated spread direction 2 [3mmarket_id[0m[2m=[0m631deb8c-fbb4-489e-818e-ae698f57f50b [3mdirection[0m[2m=[0m"NO-A/YES-B" [3mraw_spread[0m[2m=[0m-0.0600 [3mbid_a[0m[2m=[0m0.5500 [3mask_b[0m[2m=[0m0.61
[2m2026-04-12T20:32:15.751608Z[0m [32m INFO[0m [2mmercury::engine::detector[0m[2m:[0m ARB OPPORTUNITY DETECTED — passing to execution pipeline [3mmarket_id[0m[2m=[0m631deb8c-fbb4-489e-818e-ae698f57f50b [3mnet_spread[0m[2m=[0m0.0201478209227957971676564641 [3mraw_spread[0m[2m=[0m0.0400 [3mscore[0m[2m=[0m0.0786162465922333953241758435 [3mleg_a[0m[2m=[0mKalshi [3mleg_b[0m[2m=[0mPolymarket [3mleg_a_price[0m[2m=[0m0.5600 [3mleg_b_price[0m[2m=[0m0.4 [3mavailable_size[0m[2m=[0m49.5
[2m2026-04-12T20:32:15.751734Z[0m [34mDEBUG[0m [2mmercury::engine::market_actor[0m[2m:[0m Tick received — running arb detection [3mmarket_id[0m[2m=[0m631deb8c-fbb4-489e-818e-ae698f57f50b [3mplatform[0m[2m=[0mKalshi [3mbid[0m[2m=[0m0.5500 [3mask[0m[2m=[0m0.5600 [3mmid[0m[2m=[0m0.5550 [3mbid_size[0m[2m=[0m1.00 [3mask_size[0m[2m=[0m109.45
[2m2026-04-12T20:32:15.751766Z[0m [33m WARN[0m [2mmercury::risk::circuit_breaker[0m[2m:[0m Circuit breakers tripped [3mcount[0m[2m=[0m1
[2m2026-04-12T20:32:15.751814Z[0m [33m WARN[0m [2mmercury::engine::market_actor[0m[2m:[0m Opportunity BLOCKED by circuit breakers [3mopp_id[0m[2m=[0mfe76f2ed-3e75-45ba-b10c-de72d6c3fbac [3mmarket_id[0m[2m=[0m631deb8c-fbb4-489e-818e-ae698f57f50b [3mapproved_size[0m[2m=[0m49
[2m2026-04-12T20:32:15.751837Z[0m [34mDEBUG[0m [2mmercury::engine::spread[0m[2m:[0m Evaluated spread direction 2 [3mmarket_id[0m[2m=[0m631deb8c-fbb4-489e-818e-ae698f57f50b [3mdirection[0m[2m=[0m"NO-A/YES-B" [3mraw_spread[0m[2m=[0m-0.0600 [3mbid_a[0m[2m=[0m0.5500 [3mask_b[0m[2m=[0m0.61
[2m2026-04-12T20:32:15.751931Z[0m [32m INFO[0m [2mmercury::engine::detector[0m[2m:[0m ARB OPPORTUNITY DETECTED — passing to execution pipeline [3mmarket_id[0m[2m=[0m631deb8c-fbb4-489e-818e-ae698f57f50b [3mnet_spread[0m[2m=[0m0.0201478209227957971676564641 [3mraw_spread[0m[2m=[0m0.0400 [3mscore[0m[2m=[0m0.0786162465922333953241758435 [3mleg_a[0m[2m=[0mKalshi [3mleg_b[0m[2m=[0mPolymarket [3mleg_a_price[0m[2m=[0m0.5600 [3mleg_b_price[0m[2m=[0m0.4 [3mavailable_size[0m[2m=[0m49.5
[2m2026-04-12T20:32:15.752058Z[0m [34mDEBUG[0m [2mmercury::engine::market_actor[0m[2m:[0m Tick received — running arb detection [3mmarket_id[0m[2m=[0m631deb8c-fbb4-489e-818e-ae698f57f50b [3mplatform[0m[2m=[0mKalshi [3mbid[0m[2m=[0m0.5500 [3mask[0m[2m=[0m0.5600 [3mmid[0m[2m=[0m0.5550 [3mbid_size[0m[2m=[0m1.00 [3mask_size[0m[2m=[0m109.45
[2m2026-04-12T20:32:15.752084Z[0m [33m WARN[0m [2mmercury::risk::circuit_breaker[0m[2m:[0m Circuit breakers tripped [3mcount[0m[2m=[0m1
[2m2026-04-12T20:32:15.752132Z[0m [33m WARN[0m [2mmercury::engine::market_actor[0m[2m:[0m Opportunity BLOCKED by circuit breakers [3mopp_id[0m[2m=[0me3a8e3cb-31f9-486a-a051-3c511a2f3578 [3mmarket_id[0m[2m=[0m631deb8c-fbb4-489e-818e-ae698f57f50b [3mapproved_size[0m[2m=[0m49
[2m2026-04-12T20:32:15.752157Z[0m [34mDEBUG[0m [2mmercury::engine::spread[0m[2m:[0m Evaluated spread direction 2 [3mmarket_id[0m[2m=[0m631deb8c-fbb4-489e-818e-ae698f57f50b [3mdirection[0m[2m=[0m"NO-A/YES-B" [3mraw_spread[0m[2m=[0m-0.0600 [3mbid_a[0m[2m=[0m0.5500 [3mask_b[0m[2m=[0m0.61
[2m2026-04-12T20:32:15.752252Z[0m [32m INFO[0m [2mmercury::engine::detector[0m[2m:[0m ARB OPPORTUNITY DETECTED — passing to execution pipeline [3mmarket_id[0m[2m=[0m631deb8c-fbb4-489e-818e-ae698f57f50b [3mnet_spread[0m[2m=[0m0.0201478209227957971676564641 [3mraw_spread[0m[2m=[0m0.0400 [3mscore[0m[2m=[0m0.0786162465922333953241758435 [3mleg_a[0m[2m=[0mKalshi [3mleg_b[0m[2m=[0mPolymarket [3mleg_a_price[0m[2m=[0m0.5600 [3mleg_b_price[0m[2m=[0m0.4 [3mavailable_size[0m[2m=[0m49.5
[2m2026-04-12T20:32:15.752382Z[0m [34mDEBUG[0m [2mmercury::engine::market_actor[0m[2m:[0m Tick received — running arb detection [3mmarket_id[0m[2m=[0m631deb8c-fbb4-489e-818e-ae698f57f50b [3mplatform[0m[2m=[0mKalshi [3mbid[0m[2m=[0m0.5500 [3mask[0m[2m=[0m0.5600 [3mmid[0m[2m=[0m0.5550 [3mbid_size[0m[2m=[0m1.00 [3mask_size[0m[2m=[0m109.45
[2m2026-04-12T20:32:15.752407Z[0m [33m WARN[0m [2mmercury::risk::circuit_breaker[0m[2m:[0m Circuit breakers tripped [3mcount[0m[2m=[0m1
[2m2026-04-12T20:32:15.752455Z[0m [33m WARN[0m [2mmercury::engine::market_actor[0m[2m:[0m Opportunity BLOCKED by circuit breakers [3mopp_id[0m[2m=[0m94320457-85ea-470d-8fd1-3857436453ff [3mmarket_id[0m[2m=[0m631deb8c-fbb4-489e-818e-ae698f57f50b [3mapproved_size[0m[2m=[0m49
[2m2026-04-12T20:32:15.752482Z[0m [34mDEBUG[0m [2mmercury::engine::spread[0m[2m:[0m Evaluated spread direction 2 [3mmarket_id[0m[2m=[0m631deb8c-fbb4-489e-818e-ae698f57f50b [3mdirection[0m[2m=[0m"NO-A/YES-B" [3mraw_spread[0m[2m=[0m-0.0600 [3mbid_a[0m[2m=[0m0.5500 [3mask_b[0m[2m=[0m0.61
[2m2026-04-12T20:32:15.752577Z[0m [32m INFO[0m [2mmercury::engine::detector[0m[2m:[0m ARB OPPORTUNITY DETECTED — passing to execution pipeline [3mmarket_id[0m[2m=[0m631deb8c-fbb4-489e-818e-ae698f57f50b [3mnet_spread[0m[2m=[0m0.0201478209227957971676564641 [3mraw_spread[0m[2m=[0m0.0400 [3mscore[0m[2m=[0m0.0786162465922333953241758435 [3mleg_a[0m[2m=[0mKalshi [3mleg_b[0m[2m=[0mPolymarket [3mleg_a_price[0m[2m=[0m0.5600 [3mleg_b_price[0m[2m=[0m0.4 [3mavailable_size[0m[2m=[0m49.5
[2m2026-04-12T20:32:15.752700Z[0m [34mDEBUG[0m [2mmercury::engine::market_actor[0m[2m:[0m Tick received — running arb detection [3mmarket_id[0m[2m=[0m631deb8c-fbb4-489e-818e-ae698f57f50b [3mplatform[0m[2m=[0mKalshi [3mbid[0m[2m=[0m0.5500 [3mask[0m[2m=[0m0.5600 [3mmid[0m[2m=[0m0.5550 [3mbid_size[0m[2m=[0m1.00 [3mask_size[0m[2m=[0m109.78
[2m2026-04-12T20:32:15.752736Z[0m [33m WARN[0m [2mmercury::risk::circuit_breaker[0m[2m:[0m Circuit breakers tripped [3mcount[0m[2m=[0m1
[2m2026-04-12T20:32:15.752789Z[0m [33m WARN[0m [2mmercury::engine::market_actor[0m[2m:[0m Opportunity BLOCKED by circuit breakers [3mopp_id[0m[2m=[0mfba6d466-2b22-47e7-a5ab-02e0e16c60f4 [3mmarket_id[0m[2m=[0m631deb8c-fbb4-489e-818e-ae698f57f50b [3mapproved_size[0m[2m=[0m49
[2m2026-04-12T20:32:15.752804Z[0m [34mDEBUG[0m [2mmercury::engine::spread[0m[2m:[0m Evaluated spread direction 2 [3mmarket_id[0m[2m=[0m631deb8c-fbb4-489e-818e-ae698f57f50b [3mdirection[0m[2m=[0m"NO-A/YES-B" [3mraw_spread[0m[2m=[0m-0.0600 [3mbid_a[0m[2m=[0m0.5500 [3mask_b[0m[2m=[0m0.61
[2m2026-04-12T20:32:15.752895Z[0m [32m INFO[0m [2mmercury::engine::detector[0m[2m:[0m ARB OPPORTUNITY DETECTED — passing to execution pipeline [3mmarket_id[0m[2m=[0m631deb8c-fbb4-489e-818e-ae698f57f50b [3mnet_spread[0m[2m=[0m0.0201104627436691564948077974 [3mraw_spread[0m[2m=[0m0.0400 [3mscore[0m[2m=[0m0.0784704759982961694544951353 [3mleg_a[0m[2m=[0mKalshi [3mleg_b[0m[2m=[0mPolymarket [3mleg_a_price[0m[2m=[0m0.5600 [3mleg_b_price[0m[2m=[0m0.4 [3mavailable_size[0m[2m=[0m49.5
[2m2026-04-12T20:32:15.753039Z[0m [34mDEBUG[0m [2mmercury::engine::market_actor[0m[2m:[0m Tick received — running arb detection [3mmarket_id[0m[2m=[0m631deb8c-fbb4-489e-818e-ae698f57f50b [3mplatform[0m[2m=[0mKalshi [3mbid[0m[2m=[0m0.5500 [3mask[0m[2m=[0m0.5600 [3mmid[0m[2m=[0m0.5550 [3mbid_size[0m[2m=[0m1.00 [3mask_size[0m[2m=[0m109.78
[2m2026-04-12T20:32:15.753065Z[0m [33m WARN[0m [2mmercury::risk::circuit_breaker[0m[2m:[0m Circuit breakers tripped [3mcount[0m[2m=[0m1
[2m2026-04-12T20:32:15.753118Z[0m [33m WARN[0m [2mmercury::engine::market_actor[0m[2m:[0m Opportunity BLOCKED by circuit breakers [3mopp_id[0m[2m=[0m4c7e4bbc-26d7-4d7a-ad47-2d461a2fd1a2 [3mmarket_id[0m[2m=[0m631deb8c-fbb4-489e-818e-ae698f57f50b [3mapproved_size[0m[2m=[0m49
[2m2026-04-12T20:32:15.753147Z[0m [34mDEBUG[0m [2mmercury::engine::spread[0m[2m:[0m Evaluated spread direction 2 [3mmarket_id[0m[2m=[0m631deb8c-fbb4-489e-818e-ae698f57f50b [3mdirection[0m[2m=[0m"NO-A/YES-B" [3mraw_spread[0m[2m=[0m-0.0600 [3mbid_a[0m[2m=[0m0.5500 [3mask_b[0m[2m=[0m0.61
[2m2026-04-12T20:32:15.753241Z[0m [32m INFO[0m [2mmercury::engine::detector[0m[2m:[0m ARB OPPORTUNITY DETECTED — passing to execution pipeline [3mmarket_id[0m[2m=[0m631deb8c-fbb4-489e-818e-ae698f57f50b [3mnet_spread[0m[2m=[0m0.0201104627436691564948077974 [3mraw_spread[0m[2m=[0m0.0400 [3mscore[0m[2m=[0m0.0784704759982961694544951353 [3mleg_a[0m[2m=[0mKalshi [3mleg_b[0m[2m=[0mPolymarket [3mleg_a_price[0m[2m=[0m0.5600 [3mleg_b_price[0m[2m=[0m0.4 [3mavailable_size[0m[2m=[0m49.5
[2m2026-04-12T20:32:15.753361Z[0m [34mDEBUG[0m [2mmercury::engine::market_actor[0m[2m:[0m Tick received — running arb detection [3mmarket_id[0m[2m=[0m631deb8c-fbb4-489e-818e-ae698f57f50b [3mplatform[0m[2m=[0mKalshi [3mbid[0m[2m=[0m0.5500 [3mask[0m[2m=[0m0.5600 [3mmid[0m[2m=[0m0.5550 [3mbid_size[0m[2m=[0m1.00 [3mask_size[0m[2m=[0m109.78
[2m2026-04-12T20:32:15.753382Z[0m [33m WARN[0m [2mmercury::risk::circuit_breaker[0m[2m:[0m Circuit breakers tripped [3mcount[0m[2m=[0m1
[2m2026-04-12T20:32:15.753443Z[0m [33m WARN[0m [2mmercury::engine::market_actor[0m[2m:[0m Opportunity BLOCKED by circuit breakers [3mopp_id[0m[2m=[0m5036f717-2434-472d-90ca-cac9716ef7eb [3mmarket_id[0m[2m=[0m631deb8c-fbb4-489e-818e-ae698f57f50b [3mapproved_size[0m[2m=[0m49
[2m2026-04-12T20:32:15.753472Z[0m [34mDEBUG[0m [2mmercury::engine::spread[0m[2m:[0m Evaluated spread direction 2 [3mmarket_id[0m[2m=[0m631deb8c-fbb4-489e-818e-ae698f57f50b [3mdirection[0m[2m=[0m"NO-A/YES-B" [3mraw_spread[0m[2m=[0m-0.0600 [3mbid_a[0m[2m=[0m0.5500 [3mask_b[0m[2m=[0m0.61
[2m2026-04-12T20:32:15.753566Z[0m [32m INFO[0m [2mmercury::engine::detector[0m[2m:[0m ARB OPPORTUNITY DETECTED — passing to execution pipeline [3mmarket_id[0m[2m=[0m631deb8c-fbb4-489e-818e-ae698f57f50b [3mnet_spread[0m[2m=[0m0.0201104627436691564948077974 [3mraw_spread[0m[2m=[0m0.0400 [3mscore[0m[2m=[0m0.0784704759982961694544951353 [3mleg_a[0m[2m=[0mKalshi [3mleg_b[0m[2m=[0mPolymarket [3mleg_a_price[0m[2m=[0m0.5600 [3mleg_b_price[0m[2m=[0m0.4 [3mavailable_size[0m[2m=[0m49.5
[2m2026-04-12T20:32:15.753691Z[0m [34mDEBUG[0m [2mmercury::engine::market_actor[0m[2m:[0m Tick received — running arb detection [3mmarket_id[0m[2m=[0m631deb8c-fbb4-489e-818e-ae698f57f50b [3mplatform[0m[2m=[0mKalshi [3mbid[0m[2m=[0m0.5500 [3mask[0m[2m=[0m0.5600 [3mmid[0m[2m=[0m0.5550 [3mbid_size[0m[2m=[0m1.00 [3mask_size[0m[2m=[0m110.11
[2m2026-04-12T20:32:15.753716Z[0m [33m WARN[0m [2mmercury::risk::circuit_breaker[0m[2m:[0m Circuit breakers tripped [3mcount[0m[2m=[0m1
[2m2026-04-12T20:32:15.753763Z[0m [33m WARN[0m [2mmercury::engine::market_actor[0m[2m:[0m Opportunity BLOCKED by circuit breakers [3mopp_id[0m[2m=[0m90cc6189-af87-41d4-a2fd-2730fc6c883e [3mmarket_id[0m[2m=[0m631deb8c-fbb4-489e-818e-ae698f57f50b [3mapproved_size[0m[2m=[0m49
[2m2026-04-12T20:32:15.753788Z[0m [34mDEBUG[0m [2mmercury::engine::spread[0m[2m:[0m Evaluated spread direction 2 [3mmarket_id[0m[2m=[0m631deb8c-fbb4-489e-818e-ae698f57f50b [3mdirection[0m[2m=[0m"NO-A/YES-B" [3mraw_spread[0m[2m=[0m-0.0600 [3mbid_a[0m[2m=[0m0.5500 [3mask_b[0m[2m=[0m0.61
[2m2026-04-12T20:32:15.753881Z[0m [32m INFO[0m [2mmercury::engine::detector[0m[2m:[0m ARB OPPORTUNITY DETECTED — passing to execution pipeline [3mmarket_id[0m[2m=[0m631deb8c-fbb4-489e-818e-ae698f57f50b [3mnet_spread[0m[2m=[0m0.0200733284896921260557624194 [3mraw_spread[0m[2m=[0m0.0400 [3mscore[0m[2m=[0m0.0783255791541727531304868390 [3mleg_a[0m[2m=[0mKalshi [3mleg_b[0m[2m=[0mPolymarket [3mleg_a_price[0m[2m=[0m0.5600 [3mleg_b_price[0m[2m=[0m0.4 [3mavailable_size[0m[2m=[0m49.5
[2m2026-04-12T20:32:15.754007Z[0m [34mDEBUG[0m [2mmercury::engine::market_actor[0m[2m:[0m Tick received — running arb detection [3mmarket_id[0m[2m=[0m631deb8c-fbb4-489e-818e-ae698f57f50b [3mplatform[0m[2m=[0mKalshi [3mbid[0m[2m=[0m0.5500 [3mask[0m[2m=[0m0.5600 [3mmid[0m[2m=[0m0.5550 [3mbid_size[0m[2m=[0m1.00 [3mask_size[0m[2m=[0m110.11
[2m2026-04-12T20:32:15.754031Z[0m [33m WARN[0m [2mmercury::risk::circuit_breaker[0m[2m:[0m Circuit breakers tripped [3mcount[0m[2m=[0m1
[2m2026-04-12T20:32:15.754078Z[0m [33m WARN[0m [2mmercury::engine::market_actor[0m[2m:[0m Opportunity BLOCKED by circuit breakers [3mopp_id[0m[2m=[0m6a554b70-e60c-4c82-873f-9704017cb53b [3mmarket_id[0m[2m=[0m631deb8c-fbb4-489e-818e-ae698f57f50b [3mapproved_size[0m[2m=[0m49
[2m2026-04-12T20:32:15.754104Z[0m [34mDEBUG[0m [2mmercury::engine::spread[0m[2m:[0m Evaluated spread direction 2 [3mmarket_id[0m[2m=[0m631deb8c-fbb4-489e-818e-ae698f57f50b [3mdirection[0m[2m=[0m"NO-A/YES-B" [3mraw_spread[0m[2m=[0m-0.0600 [3mbid_a[0m[2m=[0m0.5500 [3mask_b[0m[2m=[0m0.61
[2m2026-04-12T20:32:15.754197Z[0m [32m INFO[0m [2mmercury::engine::detector[0m[2m:[0m ARB OPPORTUNITY DETECTED — passing to execution pipeline [3mmarket_id[0m[2m=[0m631deb8c-fbb4-489e-818e-ae698f57f50b [3mnet_spread[0m[2m=[0m0.0200733284896921260557624194 [3mraw_spread[0m[2m=[0m0.0400 [3mscore[0m[2m=[0m0.0783255791541727531304868390 [3mleg_a[0m[2m=[0mKalshi [3mleg_b[0m[2m=[0mPolymarket [3mleg_a_price[0m[2m=[0m0.5600 [3mleg_b_price[0m[2m=[0m0.4 [3mavailable_size[0m[2m=[0m49.5
[2m2026-04-12T20:32:15.754321Z[0m [34mDEBUG[0m [2mmercury::engine::market_actor[0m[2m:[0m Tick received — running arb detection [3mmarket_id[0m[2m=[0m631deb8c-fbb4-489e-818e-ae698f57f50b [3mplatform[0m[2m=[0mKalshi [3mbid[0m[2m=[0m0.5500 [3mask[0m[2m=[0m0.5600 [3mmid[0m[2m=[0m0.5550 [3mbid_size[0m[2m=[0m1.00 [3mask_size[0m[2m=[0m110.11
[2m2026-04-12T20:32:15.754345Z[0m [33m WARN[0m [2mmercury::risk::circuit_breaker[0m[2m:[0m Circuit breakers tripped [3mcount[0m[2m=[0m1
[2m2026-04-12T20:32:15.754392Z[0m [33m WARN[0m [2mmercury::engine::market_actor[0m[2m:[0m Opportunity BLOCKED by circuit breakers [3mopp_id[0m[2m=[0m6a988049-b8e1-42c8-a5b8-a55005ffd0be [3mmarket_id[0m[2m=[0m631deb8c-fbb4-489e-818e-ae698f57f50b [3mapproved_size[0m[2m=[0m49
[2m2026-04-12T20:32:15.754419Z[0m [34mDEBUG[0m [2mmercury::engine::spread[0m[2m:[0m Evaluated spread direction 2 [3mmarket_id[0m[2m=[0m631deb8c-fbb4-489e-818e-ae698f57f50b [3mdirection[0m[2m=[0m"NO-A/YES-B" [3mraw_spread[0m[2m=[0m-0.0600 [3mbid_a[0m[2m=[0m0.5500 [3mask_b[0m[2m=[0m0.61
[2m2026-04-12T20:32:15.754513Z[0m [32m INFO[0m [2mmercury::engine::detector[0m[2m:[0m ARB OPPORTUNITY DETECTED — passing to execution pipeline [3mmarket_id[0m[2m=[0m631deb8c-fbb4-489e-818e-ae698f57f50b [3mnet_spread[0m[2m=[0m0.0200733284896921260557624194 [3mraw_spread[0m[2m=[0m0.0400 [3mscore[0m[2m=[0m0.0783255791541727531304868390 [3mleg_a[0m[2m=[0mKalshi [3mleg_b[0m[2m=[0mPolymarket [3mleg_a_price[0m[2m=[0m0.5600 [3mleg_b_price[0m[2m=[0m0.4 [3mavailable_size[0m[2m=[0m49.5
[2m2026-04-12T20:32:15.754638Z[0m [34mDEBUG[0m [2mmercury::engine::market_actor[0m[2m:[0m Tick received — running arb detection [3mmarket_id[0m[2m=[0m631deb8c-fbb4-489e-818e-ae698f57f50b [3mplatform[0m[2m=[0mKalshi [3mbid[0m[2m=[0m0.5500 [3mask[0m[2m=[0m0.5600 [3mmid[0m[2m=[0m0.5550 [3mbid_size[0m[2m=[0m1.00 [3mask_size[0m[2m=[0m110.11
[2m2026-04-12T20:32:15.754661Z[0m [33m WARN[0m [2mmercury::risk::circuit_breaker[0m[2m:[0m Circuit breakers tripped [3mcount[0m[2m=[0m1
[2m2026-04-12T20:32:15.754715Z[0m [33m WARN[0m [2mmercury::engine::market_actor[0m[2m:[0m Opportunity BLOCKED by circuit breakers [3mopp_id[0m[2m=[0m0e693b6d-d170-49d0-b0f6-b384eb239eb4 [3mmarket_id[0m[2m=[0m631deb8c-fbb4-489e-818e-ae698f57f50b [3mapproved_size[0m[2m=[0m49
[2m2026-04-12T20:32:15.754739Z[0m [34mDEBUG[0m [2mmercury::engine::spread[0m[2m:[0m Evaluated spread direction 2 [3mmarket_id[0m[2m=[0m631deb8c-fbb4-489e-818e-ae698f57f50b [3mdirection[0m[2m=[0m"NO-A/YES-B" [3mraw_spread[0m[2m=[0m-0.0600 [3mbid_a[0m[2m=[0m0.5500 [3mask_b[0m[2m=[0m0.61
[2m2026-04-12T20:32:15.754832Z[0m [32m INFO[0m [2mmercury::engine::detector[0m[2m:[0m ARB OPPORTUNITY DETECTED — passing to execution pipeline [3mmarket_id[0m[2m=[0m631deb8c-fbb4-489e-818e-ae698f57f50b [3mnet_spread[0m[2m=[0m0.0200733284896921260557624194 [3mraw_spread[0m[2m=[0m0.0400 [3mscore[0m[2m=[0m0.0783255791541727531304868390 [3mleg_a[0m[2m=[0mKalshi [3mleg_b[0m[2m=[0mPolymarket [3mleg_a_price[0m[2m=[0m0.5600 [3mleg_b_price[0m[2m=[0m0.4 [3mavailable_size[0m[2m=[0m49.5
[2m2026-04-12T20:32:15.754957Z[0m [34mDEBUG[0m [2mmercury::engine::market_actor[0m[2m:[0m Tick received — running arb detection [3mmarket_id[0m[2m=[0m631deb8c-fbb4-489e-818e-ae698f57f50b [3mplatform[0m[2m=[0mKalshi [3mbid[0m[2m=[0m0.5500 [3mask[0m[2m=[0m0.5600 [3mmid[0m[2m=[0m0.5550 [3mbid_size[0m[2m=[0m1.00 [3mask_size[0m[2m=[0m110.11
[2m2026-04-12T20:32:15.754980Z[0m [33m WARN[0m [2mmercury::risk::circuit_breaker[0m[2m:[0m Circuit breakers tripped [3mcount[0m[2m=[0m1
[2m2026-04-12T20:32:15.755026Z[0m [33m WARN[0m [2mmercury::engine::market_actor[0m[2m:[0m Opportunity BLOCKED by circuit breakers [3mopp_id[0m[2m=[0mca95f168-73df-45f3-96a6-55c745fe84c4 [3mmarket_id[0m[2m=[0m631deb8c-fbb4-489e-818e-ae698f57f50b [3mapproved_size[0m[2m=[0m49
[2m2026-04-12T20:32:15.755054Z[0m [34mDEBUG[0m [2mmercury::engine::spread[0m[2m:[0m Evaluated spread direction 2 [3mmarket_id[0m[2m=[0m631deb8c-fbb4-489e-818e-ae698f57f50b [3mdirection[0m[2m=[0m"NO-A/YES-B" [3mraw_spread[0m[2m=[0m-0.0600 [3mbid_a[0m[2m=[0m0.5500 [3mask_b[0m[2m=[0m0.61
[2m2026-04-12T20:32:15.755146Z[0m [32m INFO[0m [2mmercury::engine::detector[0m[2m:[0m ARB OPPORTUNITY DETECTED — passing to execution pipeline [3mmarket_id[0m[2m=[0m631deb8c-fbb4-489e-818e-ae698f57f50b [3mnet_spread[0m[2m=[0m0.0200733284896921260557624194 [3mraw_spread[0m[2m=[0m0.0400 [3mscore[0m[2m=[0m0.0783255791541727531304868390 [3mleg_a[0m[2m=[0mKalshi [3mleg_b[0m[2m=[0mPolymarket [3mleg_a_price[0m[2m=[0m0.5600 [3mleg_b_price[0m[2m=[0m0.4 [3mavailable_size[0m[2m=[0m49.5
[2m2026-04-12T20:32:15.755270Z[0m [34mDEBUG[0m [2mmercury::engine::market_actor[0m[2m:[0m Tick received — running arb detection [3mmarket_id[0m[2m=[0m631deb8c-fbb4-489e-818e-ae698f57f50b [3mplatform[0m[2m=[0mKalshi [3mbid[0m[2m=[0m0.5500 [3mask[0m[2m=[0m0.5600 [3mmid[0m[2m=[0m0.5550 [3mbid_size[0m[2m=[0m1.00 [3mask_size[0m[2m=[0m63.11
[2m2026-04-12T20:32:15.755293Z[0m [33m WARN[0m [2mmercury::risk::circuit_breaker[0m[2m:[0m Circuit breakers tripped [3mcount[0m[2m=[0m1
[2m2026-04-12T20:32:15.755340Z[0m [33m WARN[0m [2mmercury::engine::market_actor[0m[2m:[0m Opportunity BLOCKED by circuit breakers [3mopp_id[0m[2m=[0m884799a7-5d92-443c-8c0c-fa7c27f7bc97 [3mmarket_id[0m[2m=[0m631deb8c-fbb4-489e-818e-ae698f57f50b [3mapproved_size[0m[2m=[0m49
[2m2026-04-12T20:32:15.755367Z[0m [34mDEBUG[0m [2mmercury::engine::spread[0m[2m:[0m Evaluated spread direction 2 [3mmarket_id[0m[2m=[0m631deb8c-fbb4-489e-818e-ae698f57f50b [3mdirection[0m[2m=[0m"NO-A/YES-B" [3mraw_spread[0m[2m=[0m-0.0600 [3mbid_a[0m[2m=[0m0.5500 [3mask_b[0m[2m=[0m0.61
[2m2026-04-12T20:32:15.755460Z[0m [32m INFO[0m [2mmercury::engine::detector[0m[2m:[0m ARB OPPORTUNITY DETECTED — passing to execution pipeline [3mmarket_id[0m[2m=[0m631deb8c-fbb4-489e-818e-ae698f57f50b [3mnet_spread[0m[2m=[0m0.0255289843131041039454919981 [3mraw_spread[0m[2m=[0m0.0400 [3mscore[0m[2m=[0m0.0996133990717320441286835949 [3mleg_a[0m[2m=[0mKalshi [3mleg_b[0m[2m=[0mPolymarket [3mleg_a_price[0m[2m=[0m0.5600 [3mleg_b_price[0m[2m=[0m0.4 [3mavailable_size[0m[2m=[0m49.5
[2m2026-04-12T20:32:15.755587Z[0m [34mDEBUG[0m [2mmercury::engine::market_actor[0m[2m:[0m Tick received — running arb detection [3mmarket_id[0m[2m=[0m631deb8c-fbb4-489e-818e-ae698f57f50b [3mplatform[0m[2m=[0mKalshi [3mbid[0m[2m=[0m0.5500 [3mask[0m[2m=[0m0.5600 [3mmid[0m[2m=[0m0.5550 [3mbid_size[0m[2m=[0m1.00 [3mask_size[0m[2m=[0m63.11
[2m2026-04-12T20:32:15.755613Z[0m [33m WARN[0m [2mmercury::risk::circuit_breaker[0m[2m:[0m Circuit breakers tripped [3mcount[0m[2m=[0m1
[2m2026-04-12T20:32:15.755662Z[0m [33m WARN[0m [2mmercury::engine::market_actor[0m[2m:[0m Opportunity BLOCKED by circuit breakers [3mopp_id[0m[2m=[0m1a876d42-eba5-4383-82f2-7e5a2a1bf593 [3mmarket_id[0m[2m=[0m631deb8c-fbb4-489e-818e-ae698f57f50b [3mapproved_size[0m[2m=[0m49
[2m2026-04-12T20:32:15.755688Z[0m [34mDEBUG[0m [2mmercury::engine::spread[0m[2m:[0m Evaluated spread direction 2 [3mmarket_id[0m[2m=[0m631deb8c-fbb4-489e-818e-ae698f57f50b [3mdirection[0m[2m=[0m"NO-A/YES-B" [3mraw_spread[0m[2m=[0m-0.0600 [3mbid_a[0m[2m=[0m0.5500 [3mask_b[0m[2m=[0m0.61
[2m2026-04-12T20:32:15.755781Z[0m [32m INFO[0m [2mmercury::engine::detector[0m[2m:[0m ARB OPPORTUNITY DETECTED — passing to execution pipeline [3mmarket_id[0m[2m=[0m631deb8c-fbb4-489e-818e-ae698f57f50b [3mnet_spread[0m[2m=[0m0.0255289843131041039454919981 [3mraw_spread[0m[2m=[0m0.0400 [3mscore[0m[2m=[0m0.0996133990717320441286835949 [3mleg_a[0m[2m=[0mKalshi [3mleg_b[0m[2m=[0mPolymarket [3mleg_a_price[0m[2m=[0m0.5600 [3mleg_b_price[0m[2m=[0m0.4 [3mavailable_size[0m[2m=[0m49.5
[2m2026-04-12T20:32:15.755906Z[0m [34mDEBUG[0m [2mmercury::engine::market_actor[0m[2m:[0m Tick received — running arb detection [3mmarket_id[0m[2m=[0m631deb8c-fbb4-489e-818e-ae698f57f50b [3mplatform[0m[2m=[0mKalshi [3mbid[0m[2m=[0m0.5500 [3mask[0m[2m=[0m0.5600 [3mmid[0m[2m=[0m0.5550 [3mbid_size[0m[2m=[0m1.00 [3mask_size[0m[2m=[0m63.11
[2m2026-04-12T20:32:15.755928Z[0m [33m WARN[0m [2mmercury::risk::circuit_breaker[0m[2m:[0m Circuit breakers tripped [3mcount[0m[2m=[0m1
[2m2026-04-12T20:32:15.755994Z[0m [33m WARN[0m [2mmercury::engine::market_actor[0m[2m:[0m Opportunity BLOCKED by circuit breakers [3mopp_id[0m[2m=[0ma01fd400-e529-4080-bbf4-428ee5071b4d [3mmarket_id[0m[2m=[0m631deb8c-fbb4-489e-818e-ae698f57f50b [3mapproved_size[0m[2m=[0m49
[2m2026-04-12T20:32:15.756019Z[0m [34mDEBUG[0m [2mmercury::engine::spread[0m[2m:[0m Evaluated spread direction 2 [3mmarket_id[0m[2m=[0m631deb8c-fbb4-489e-818e-ae698f57f50b [3mdirection[0m[2m=[0m"NO-A/YES-B" [3mraw_spread[0m[2m=[0m-0.0600 [3mbid_a[0m[2m=[0m0.5500 [3mask_b[0m[2m=[0m0.61
[2m2026-04-12T20:32:15.756109Z[0m [32m INFO[0m [2mmercury::engine::detector[0m[2m:[0m ARB OPPORTUNITY DETECTED — passing to execution pipeline [3mmarket_id[0m[2m=[0m631deb8c-fbb4-489e-818e-ae698f57f50b [3mnet_spread[0m[2m=[0m0.0255289843131041039454919981 [3mraw_spread[0m[2m=[0m0.0400 [3mscore[0m[2m=[0m0.0996133990717320441286835949 [3mleg_a[0m[2m=[0mKalshi [3mleg_b[0m[2m=[0mPolymarket [3mleg_a_price[0m[2m=[0m0.5600 [3mleg_b_price[0m[2m=[0m0.4 [3mavailable_size[0m[2m=[0m49.5
[2m2026-04-12T20:32:15.756229Z[0m [34mDEBUG[0m [2mmercury::engine::market_actor[0m[2m:[0m Tick received — running arb detection [3mmarket_id[0m[2m=[0m631deb8c-fbb4-489e-818e-ae698f57f50b [3mplatform[0m[2m=[0mKalshi [3mbid[0m[2m=[0m0.5500 [3mask[0m[2m=[0m0.5600 [3mmid[0m[2m=[0m0.5550 [3mbid_size[0m[2m=[0m1.00 [3mask_size[0m[2m=[0m63.11
[2m2026-04-12T20:32:15.756257Z[0m [33m WARN[0m [2mmercury::risk::circuit_breaker[0m[2m:[0m Circuit breakers tripped [3mcount[0m[2m=[0m1
[2m2026-04-12T20:32:15.756305Z[0m [33m WARN[0m [2mmercury::engine::market_actor[0m[2m:[0m Opportunity BLOCKED by circuit breakers [3mopp_id[0m[2m=[0mae6a6569-c626-4d4e-9100-eaa0894f2191 [3mmarket_id[0m[2m=[0m631deb8c-fbb4-489e-818e-ae698f57f50b [3mapproved_size[0m[2m=[0m49
[2m2026-04-12T20:32:15.756327Z[0m [34mDEBUG[0m [2mmercury::engine::spread[0m[2m:[0m Evaluated spread direction 2 [3mmarket_id[0m[2m=[0m631deb8c-fbb4-489e-818e-ae698f57f50b [3mdirection[0m[2m=[0m"NO-A/YES-B" [3mraw_spread[0m[2m=[0m-0.0600 [3mbid_a[0m[2m=[0m0.5500 [3mask_b[0m[2m=[0m0.61
[2m2026-04-12T20:32:15.756417Z[0m [32m INFO[0m [2mmercury::engine::detector[0m[2m:[0m ARB OPPORTUNITY DETECTED — passing to execution pipeline [3mmarket_id[0m[2m=[0m631deb8c-fbb4-489e-818e-ae698f57f50b [3mnet_spread[0m[2m=[0m0.0255289843131041039454919981 [3mraw_spread[0m[2m=[0m0.0400 [3mscore[0m[2m=[0m0.0996133990717320441286835949 [3mleg_a[0m[2m=[0mKalshi [3mleg_b[0m[2m=[0mPolymarket [3mleg_a_price[0m[2m=[0m0.5600 [3mleg_b_price[0m[2m=[0m0.4 [3mavailable_size[0m[2m=[0m49.5
[2m2026-04-12T20:32:15.756558Z[0m [33m WARN[0m [2mmercury::risk::circuit_breaker[0m[2m:[0m Circuit breakers tripped [3mcount[0m[2m=[0m1
[2m2026-04-12T20:32:15.756604Z[0m [33m WARN[0m [2mmercury::engine::market_actor[0m[2m:[0m Opportunity BLOCKED by circuit breakers [3mopp_id[0m[2m=[0md3b95d9a-ed36-4265-82a6-3d395f3c3c04 [3mmarket_id[0m[2m=[0m631deb8c-fbb4-489e-818e-ae698f57f50b [3mapproved_size[0m[2m=[0m49
[2m2026-04-12T20:32:15.756611Z[0m [33m WARN[0m [2mmercury::risk::circuit_breaker[0m[2m:[0m Circuit breakers tripped [3mcount[0m[2m=[0m1
[2m2026-04-12T20:32:15.756663Z[0m [33m WARN[0m [2mmercury::engine::market_actor[0m[2m:[0m Opportunity BLOCKED by circuit breakers [3mopp_id[0m[2m=[0m6170a5a7-ac44-4559-a4d4-fee460aefa42 [3mmarket_id[0m[2m=[0m631deb8c-fbb4-489e-818e-ae698f57f50b [3mapproved_size[0m[2m=[0m49
[2m2026-04-12T20:32:15.757034Z[0m [34mDEBUG[0m [2mmercury::engine::market_actor[0m[2m:[0m Tick received — running arb detection [3mmarket_id[0m[2m=[0m631deb8c-fbb4-489e-818e-ae698f57f50b [3mplatform[0m[2m=[0mPolymarket [3mbid[0m[2m=[0m0.6 [3mask[0m[2m=[0m0.61 [3mmid[0m[2m=[0m0.6050 [3mbid_size[0m[2m=[0m49.5 [3mask_size[0m[2m=[0m11
[2m2026-04-12T20:32:15.757140Z[0m [34mDEBUG[0m [2mmercury::engine::spread[0m[2m:[0m Evaluated spread direction 2 [3mmarket_id[0m[2m=[0m631deb8c-fbb4-489e-818e-ae698f57f50b [3mdirection[0m[2m=[0m"NO-A/YES-B" [3mraw_spread[0m[2m=[0m-0.0600 [3mbid_a[0m[2m=[0m0.5500 [3mask_b[0m[2m=[0m0.61
[2m2026-04-12T20:32:15.757235Z[0m [32m INFO[0m [2mmercury::engine::detector[0m[2m:[0m ARB OPPORTUNITY DETECTED — passing to execution pipeline [3mmarket_id[0m[2m=[0m631deb8c-fbb4-489e-818e-ae698f57f50b [3mnet_spread[0m[2m=[0m0.0255289843131041039454919981 [3mraw_spread[0m[2m=[0m0.0400 [3mscore[0m[2m=[0m0.0996133990717320441286835949 [3mleg_a[0m[2m=[0mKalshi [3mleg_b[0m[2m=[0mPolymarket [3mleg_a_price[0m[2m=[0m0.5600 [3mleg_b_price[0m[2m=[0m0.4 [3mavailable_size[0m[2m=[0m49.5
[2m2026-04-12T20:32:15.757372Z[0m [33m WARN[0m [2mmercury::risk::circuit_breaker[0m[2m:[0m Circuit breakers tripped [3mcount[0m[2m=[0m1
[2m2026-04-12T20:32:15.757417Z[0m [33m WARN[0m [2mmercury::engine::market_actor[0m[2m:[0m Opportunity BLOCKED by circuit breakers [3mopp_id[0m[2m=[0m0e19be2f-5ae5-4581-a8aa-416c5d507133 [3mmarket_id[0m[2m=[0m631deb8c-fbb4-489e-818e-ae698f57f50b [3mapproved_size[0m[2m=[0m49
[2m2026-04-12T20:32:15.767685Z[0m [34mDEBUG[0m [2mmercury::engine::market_actor[0m[2m:[0m Tick received — running arb detection [3mmarket_id[0m[2m=[0m631deb8c-fbb4-489e-818e-ae698f57f50b [3mplatform[0m[2m=[0mKalshi [3mbid[0m[2m=[0m0.5500 [3mask[0m[2m=[0m0.5600 [3mmid[0m[2m=[0m0.5550 [3mbid_size[0m[2m=[0m1.00 [3mask_size[0m[2m=[0m63.11
[2m2026-04-12T20:32:15.767840Z[0m [34mDEBUG[0m [2mmercury::engine::spread[0m[2m:[0m Evaluated spread direction 2 [3mmarket_id[0m[2m=[0m631deb8c-fbb4-489e-818e-ae698f57f50b [3mdirection[0m[2m=[0m"NO-A/YES-B" [3mraw_spread[0m[2m=[0m-0.0600 [3mbid_a[0m[2m=[0m0.5500 [3mask_b[0m[2m=[0m0.61
[2m2026-04-12T20:32:15.767942Z[0m [32m INFO[0m [2mmercury::engine::detector[0m[2m:[0m ARB OPPORTUNITY DETECTED — passing to execution pipeline [3mmarket_id[0m[2m=[0m631deb8c-fbb4-489e-818e-ae698f57f50b [3mnet_spread[0m[2m=[0m0.0255289843131041039454919981 [3mraw_spread[0m[2m=[0m0.0400 [3mscore[0m[2m=[0m0.0996133990717320441286835949 [3mleg_a[0m[2m=[0mKalshi [3mleg_b[0m[2m=[0mPolymarket [3mleg_a_price[0m[2m=[0m0.5600 [3mleg_b_price[0m[2m=[0m0.4 [3mavailable_size[0m[2m=[0m49.5
[2m2026-04-12T20:32:15.768079Z[0m [34mDEBUG[0m [2mmercury::engine::market_actor[0m[2m:[0m Tick received — running arb detection [3mmarket_id[0m[2m=[0m631deb8c-fbb4-489e-818e-ae698f57f50b [3mplatform[0m[2m=[0mKalshi [3mbid[0m[2m=[0m0.5500 [3mask[0m[2m=[0m0.5600 [3mmid[0m[2m=[0m0.5550 [3mbid_size[0m[2m=[0m1.00 [3mask_size[0m[2m=[0m63.11
[2m2026-04-12T20:32:15.768180Z[0m [34mDEBUG[0m [2mmercury::engine::spread[0m[2m:[0m Evaluated spread direction 2 [3mmarket_id[0m[2m=[0m631deb8c-fbb4-489e-818e-ae698f57f50b [3mdirection[0m[2m=[0m"NO-A/YES-B" [3mraw_spread[0m[2m=[0m-0.0600 [3mbid_a[0m[2m=[0m0.5500 [3mask_b[0m[2m=[0m0.61
[2m2026-04-12T20:32:15.768273Z[0m [32m INFO[0m [2mmercury::engine::detector[0m[2m:[0m ARB OPPORTUNITY DETECTED — passing to execution pipeline [3mmarket_id[0m[2m=[0m631deb8c-fbb4-489e-818e-ae698f57f50b [3mnet_spread[0m[2m=[0m0.0255289843131041039454919981 [3mraw_spread[0m[2m=[0m0.0400 [3mscore[0m[2m=[0m0.0996133990717320441286835949 [3mleg_a[0m[2m=[0mKalshi [3mleg_b[0m[2m=[0mPolymarket [3mleg_a_price[0m[2m=[0m0.5600 [3mleg_b_price[0m[2m=[0m0.4 [3mavailable_size[0m[2m=[0m49.5
[2m2026-04-12T20:32:15.768396Z[0m [34mDEBUG[0m [2mmercury::engine::market_actor[0m[2m:[0m Tick received — running arb detection [3mmarket_id[0m[2m=[0m631deb8c-fbb4-489e-818e-ae698f57f50b [3mplatform[0m[2m=[0mKalshi [3mbid[0m[2m=[0m0.5500 [3mask[0m[2m=[0m0.5600 [3mmid[0m[2m=[0m0.5550 [3mbid_size[0m[2m=[0m1.00 [3mask_size[0m[2m=[0m63.11
[2m2026-04-12T20:32:15.768435Z[0m [33m WARN[0m [2mmercury::risk::circuit_breaker[0m[2m:[0m Circuit breakers tripped [3mcount[0m[2m=[0m1
[2m2026-04-12T20:32:15.768489Z[0m [33m WARN[0m [2mmercury::engine::market_actor[0m[2m:[0m Opportunity BLOCKED by circuit breakers [3mopp_id[0m[2m=[0m6f3e9570-00c1-46b1-b818-12695fa104e1 [3mmarket_id[0m[2m=[0m631deb8c-fbb4-489e-818e-ae698f57f50b [3mapproved_size[0m[2m=[0m49
[2m2026-04-12T20:32:15.768501Z[0m [34mDEBUG[0m [2mmercury::engine::spread[0m[2m:[0m Evaluated spread direction 2 [3mmarket_id[0m[2m=[0m631deb8c-fbb4-489e-818e-ae698f57f50b [3mdirection[0m[2m=[0m"NO-A/YES-B" [3mraw_spread[0m[2m=[0m-0.0600 [3mbid_a[0m[2m=[0m0.5500 [3mask_b[0m[2m=[0m0.61
[2m2026-04-12T20:32:15.768590Z[0m [32m INFO[0m [2mmercury::engine::detector[0m[2m:[0m ARB OPPORTUNITY DETECTED — passing to execution pipeline [3mmarket_id[0m[2m=[0m631deb8c-fbb4-489e-818e-ae698f57f50b [3mnet_spread[0m[2m=[0m0.0255289843131041039454919981 [3mraw_spread[0m[2m=[0m0.0400 [3mscore[0m[2m=[0m0.0996133990717320441286835949 [3mleg_a[0m[2m=[0mKalshi [3mleg_b[0m[2m=[0mPolymarket [3mleg_a_price[0m[2m=[0m0.5600 [3mleg_b_price[0m[2m=[0m0.4 [3mavailable_size[0m[2m=[0m49.5
[2m2026-04-12T20:32:15.768715Z[0m [34mDEBUG[0m [2mmercury::engine::market_actor[0m[2m:[0m Tick received — running arb detection [3mmarket_id[0m[2m=[0m631deb8c-fbb4-489e-818e-ae698f57f50b [3mplatform[0m[2m=[0mKalshi [3mbid[0m[2m=[0m0.5500 [3mask[0m[2m=[0m0.5600 [3mmid[0m[2m=[0m0.5550 [3mbid_size[0m[2m=[0m1.00 [3mask_size[0m[2m=[0m63.11
[2m2026-04-12T20:32:15.768749Z[0m [33m WARN[0m [2mmercury::risk::circuit_breaker[0m[2m:[0m Circuit breakers tripped [3mcount[0m[2m=[0m1
[2m2026-04-12T20:32:15.768796Z[0m [33m WARN[0m [2mmercury::engine::market_actor[0m[2m:[0m Opportunity BLOCKED by circuit breakers [3mopp_id[0m[2m=[0mb0e9e2c9-3a72-4d8c-a9b9-763067b2e13c [3mmarket_id[0m[2m=[0m631deb8c-fbb4-489e-818e-ae698f57f50b [3mapproved_size[0m[2m=[0m49
[2m2026-04-12T20:32:15.768822Z[0m [34mDEBUG[0m [2mmercury::engine::spread[0m[2m:[0m Evaluated spread direction 2 [3mmarket_id[0m[2m=[0m631deb8c-fbb4-489e-818e-ae698f57f50b [3mdirection[0m[2m=[0m"NO-A/YES-B" [3mraw_spread[0m[2m=[0m-0.0600 [3mbid_a[0m[2m=[0m0.5500 [3mask_b[0m[2m=[0m0.61
[2m2026-04-12T20:32:15.768911Z[0m [32m INFO[0m [2mmercury::engine::detector[0m[2m:[0m ARB OPPORTUNITY DETECTED — passing to execution pipeline [3mmarket_id[0m[2m=[0m631deb8c-fbb4-489e-818e-ae698f57f50b [3mnet_spread[0m[2m=[0m0.0255289843131041039454919981 [3mraw_spread[0m[2m=[0m0.0400 [3mscore[0m[2m=[0m0.0996133990717320441286835949 [3mleg_a[0m[2m=[0mKalshi [3mleg_b[0m[2m=[0mPolymarket [3mleg_a_price[0m[2m=[0m0.5600 [3mleg_b_price[0m[2m=[0m0.4 [3mavailable_size[0m[2m=[0m49.5
[2m2026-04-12T20:32:15.769058Z[0m [33m WARN[0m [2mmercury::risk::circuit_breaker[0m[2m:[0m Circuit breakers tripped [3mcount[0m[2m=[0m1
[2m2026-04-12T20:32:15.769105Z[0m [33m WARN[0m [2mmercury::engine::market_actor[0m[2m:[0m Opportunity BLOCKED by circuit breakers [3mopp_id[0m[2m=[0m76282511-4979-4d27-85e7-e41a0074dd8c [3mmarket_id[0m[2m=[0m631deb8c-fbb4-489e-818e-ae698f57f50b [3mapproved_size[0m[2m=[0m49
[2m2026-04-12T20:32:15.769115Z[0m [33m WARN[0m [2mmercury::risk::circuit_breaker[0m[2m:[0m Circuit breakers tripped [3mcount[0m[2m=[0m1
[2m2026-04-12T20:32:15.769164Z[0m [33m WARN[0m [2mmercury::engine::market_actor[0m[2m:[0m Opportunity BLOCKED by circuit breakers [3mopp_id[0m[2m=[0m728e6ed6-d266-4d4d-af3d-300052d9a368 [3mmarket_id[0m[2m=[0m631deb8c-fbb4-489e-818e-ae698f57f50b [3mapproved_size[0m[2m=[0m49
[2m2026-04-12T20:32:15.779295Z[0m [34mDEBUG[0m [2mmercury::engine::market_actor[0m[2m:[0m Tick received — running arb detection [3mmarket_id[0m[2m=[0m631deb8c-fbb4-489e-818e-ae698f57f50b [3mplatform[0m[2m=[0mPolymarket [3mbid[0m[2m=[0m0.6 [3mask[0m[2m=[0m0.61 [3mmid[0m[2m=[0m0.6050 [3mbid_size[0m[2m=[0m49.5 [3mask_size[0m[2m=[0m11
[2m2026-04-12T20:32:15.779463Z[0m [34mDEBUG[0m [2mmercury::engine::spread[0m[2m:[0m Evaluated spread direction 2 [3mmarket_id[0m[2m=[0m631deb8c-fbb4-489e-818e-ae698f57f50b [3mdirection[0m[2m=[0m"NO-A/YES-B" [3mraw_spread[0m[2m=[0m-0.0600 [3mbid_a[0m[2m=[0m0.5500 [3mask_b[0m[2m=[0m0.61
[2m2026-04-12T20:32:15.779572Z[0m [32m INFO[0m [2mmercury::engine::detector[0m[2m:[0m ARB OPPORTUNITY DETECTED — passing to execution pipeline [3mmarket_id[0m[2m=[0m631deb8c-fbb4-489e-818e-ae698f57f50b [3mnet_spread[0m[2m=[0m0.0255289843131041039454919981 [3mraw_spread[0m[2m=[0m0.0400 [3mscore[0m[2m=[0m0.0996133990717320441286835949 [3mleg_a[0m[2m=[0mKalshi [3mleg_b[0m[2m=[0mPolymarket [3mleg_a_price[0m[2m=[0m0.5600 [3mleg_b_price[0m[2m=[0m0.4 [3mavailable_size[0m[2m=[0m49.5
[2m2026-04-12T20:32:15.779731Z[0m [33m WARN[0m [2mmercury::risk::circuit_breaker[0m[2m:[0m Circuit breakers tripped [3mcount[0m[2m=[0m1
[2m2026-04-12T20:32:15.779779Z[0m [33m WARN[0m [2mmercury::engine::market_actor[0m[2m:[0m Opportunity BLOCKED by circuit breakers [3mopp_id[0m[2m=[0m98f0f7e4-f5b0-45c8-8808-c198a44592f3 [3mmarket_id[0m[2m=[0m631deb8c-fbb4-489e-818e-ae698f57f50b [3mapproved_size[0m[2m=[0m49
[2m2026-04-12T20:32:15.783410Z[0m [34mDEBUG[0m [2mmercury::engine::market_actor[0m[2m:[0m Tick received — running arb detection [3mmarket_id[0m[2m=[0m631deb8c-fbb4-489e-818e-ae698f57f50b [3mplatform[0m[2m=[0mPolymarket [3mbid[0m[2m=[0m0.6 [3mask[0m[2m=[0m0.61 [3mmid[0m[2m=[0m0.6050 [3mbid_size[0m[2m=[0m49.5 [3mask_size[0m[2m=[0m11
[2m2026-04-12T20:32:15.783628Z[0m [34mDEBUG[0m [2mmercury::engine::spread[0m[2m:[0m Evaluated spread direction 2 [3mmarket_id[0m[2m=[0m631deb8c-fbb4-489e-818e-ae698f57f50b [3mdirection[0m[2m=[0m"NO-A/YES-B" [3mraw_spread[0m[2m=[0m-0.0600 [3mbid_a[0m[2m=[0m0.5500 [3mask_b[0m[2m=[0m0.61
[2m2026-04-12T20:32:15.783725Z[0m [32m INFO[0m [2mmercury::engine::detector[0m[2m:[0m ARB OPPORTUNITY DETECTED — passing to execution pipeline [3mmarket_id[0m[2m=[0m631deb8c-fbb4-489e-818e-ae698f57f50b [3mnet_spread[0m[2m=[0m0.0255289843131041039454919981 [3mraw_spread[0m[2m=[0m0.0400 [3mscore[0m[2m=[0m0.0996133990717320441286835949 [3mleg_a[0m[2m=[0mKalshi [3mleg_b[0m[2m=[0mPolymarket [3mleg_a_price[0m[2m=[0m0.5600 [3mleg_b_price[0m[2m=[0m0.4 [3mavailable_size[0m[2m=[0m49.5
[2m2026-04-12T20:32:15.783849Z[0m [34mDEBUG[0m [2mmercury::engine::market_actor[0m[2m:[0m Tick received — running arb detection [3mmarket_id[0m[2m=[0m631deb8c-fbb4-489e-818e-ae698f57f50b [3mplatform[0m[2m=[0mPolymarket [3mbid[0m[2m=[0m0.6 [3mask[0m[2m=[0m0.61 [3mmid[0m[2m=[0m0.6050 [3mbid_size[0m[2m=[0m49.5 [3mask_size[0m[2m=[0m11
[2m2026-04-12T20:32:15.783987Z[0m [34mDEBUG[0m [2mmercury::engine::spread[0m[2m:[0m Evaluated spread direction 2 [3mmarket_id[0m[2m=[0m631deb8c-fbb4-489e-818e-ae698f57f50b [3mdirection[0m[2m=[0m"NO-A/YES-B" [3mraw_spread[0m[2m=[0m-0.0600 [3mbid_a[0m[2m=[0m0.5500 [3mask_b[0m[2m=[0m0.61
[2m2026-04-12T20:32:15.784073Z[0m [32m INFO[0m [2mmercury::engine::detector[0m[2m:[0m ARB OPPORTUNITY DETECTED — passing to execution pipeline [3mmarket_id[0m[2m=[0m631deb8c-fbb4-489e-818e-ae698f57f50b [3mnet_spread[0m[2m=[0m0.0255289843131041039454919981 [3mraw_spread[0m[2m=[0m0.0400 [3mscore[0m[2m=[0m0.0996133990717320441286835949 [3mleg_a[0m[2m=[0mKalshi [3mleg_b[0m[2m=[0mPolymarket [3mleg_a_price[0m[2m=[0m0.5600 [3mleg_b_price[0m[2m=[0m0.4 [3mavailable_size[0m[2m=[0m49.5
[2m2026-04-12T20:32:15.784215Z[0m [33m WARN[0m [2mmercury::risk::circuit_breaker[0m[2m:[0m Circuit breakers tripped [3mcount[0m[2m=[0m1
[2m2026-04-12T20:32:15.784258Z[0m [33m WARN[0m [2mmercury::engine::market_actor[0m[2m:[0m Opportunity BLOCKED by circuit breakers [3mopp_id[0m[2m=[0m99634ff6-51a9-4381-af31-584a55983921 [3mmarket_id[0m[2m=[0m631deb8c-fbb4-489e-818e-ae698f57f50b [3mapproved_size[0m[2m=[0m49
[2m2026-04-12T20:32:15.784267Z[0m [33m WARN[0m [2mmercury::risk::circuit_breaker[0m[2m:[0m Circuit breakers tripped [3mcount[0m[2m=[0m1
[2m2026-04-12T20:32:15.784316Z[0m [33m WARN[0m [2mmercury::engine::market_actor[0m[2m:[0m Opportunity BLOCKED by circuit breakers [3mopp_id[0m[2m=[0m906adb98-5c81-42d9-a503-7f64cfdddb36 [3mmarket_id[0m[2m=[0m631deb8c-fbb4-489e-818e-ae698f57f50b [3mapproved_size[0m[2m=[0m49
[2m2026-04-12T20:32:15.785926Z[0m [34mDEBUG[0m [2mmercury::engine::market_actor[0m[2m:[0m Tick received — running arb detection [3mmarket_id[0m[2m=[0m631deb8c-fbb4-489e-818e-ae698f57f50b [3mplatform[0m[2m=[0mKalshi [3mbid[0m[2m=[0m0.5500 [3mask[0m[2m=[0m0.5600 [3mmid[0m[2m=[0m0.5550 [3mbid_size[0m[2m=[0m1.00 [3mask_size[0m[2m=[0m63.44
[2m2026-04-12T20:32:15.786076Z[0m [34mDEBUG[0m [2mmercury::engine::spread[0m[2m:[0m Evaluated spread direction 2 [3mmarket_id[0m[2m=[0m631deb8c-fbb4-489e-818e-ae698f57f50b [3mdirection[0m[2m=[0m"NO-A/YES-B" [3mraw_spread[0m[2m=[0m-0.0600 [3mbid_a[0m[2m=[0m0.5500 [3mask_b[0m[2m=[0m0.61
[2m2026-04-12T20:32:15.786213Z[0m [32m INFO[0m [2mmercury::engine::detector[0m[2m:[0m ARB OPPORTUNITY DETECTED — passing to execution pipeline [3mmarket_id[0m[2m=[0m631deb8c-fbb4-489e-818e-ae698f57f50b [3mnet_spread[0m[2m=[0m0.0254883638083228247162673392 [3mraw_spread[0m[2m=[0m0.0400 [3mscore[0m[2m=[0m0.0994548989722511664012567231 [3mleg_a[0m[2m=[0mKalshi [3mleg_b[0m[2m=[0mPolymarket [3mleg_a_price[0m[2m=[0m0.5600 [3mleg_b_price[0m[2m=[0m0.4 [3mavailable_size[0m[2m=[0m49.5
[2m2026-04-12T20:32:15.786342Z[0m [33m WARN[0m [2mmercury::risk::circuit_breaker[0m[2m:[0m Circuit breakers tripped [3mcount[0m[2m=[0m1
[2m2026-04-12T20:32:15.786385Z[0m [33m WARN[0m [2mmercury::engine::market_actor[0m[2m:[0m Opportunity BLOCKED by circuit breakers [3mopp_id[0m[2m=[0mce8b5c62-37c1-4767-b6b3-6e262ec2f9bd [3mmarket_id[0m[2m=[0m631deb8c-fbb4-489e-818e-ae698f57f50b [3mapproved_size[0m[2m=[0m49
[2m2026-04-12T20:32:15.800453Z[0m [34mDEBUG[0m [2mmercury::engine::market_actor[0m[2m:[0m Tick received — running arb detection [3mmarket_id[0m[2m=[0m631deb8c-fbb4-489e-818e-ae698f57f50b [3mplatform[0m[2m=[0mKalshi [3mbid[0m[2m=[0m0.5500 [3mask[0m[2m=[0m0.5600 [3mmid[0m[2m=[0m0.5550 [3mbid_size[0m[2m=[0m1.00 [3mask_size[0m[2m=[0m63.44
[2m2026-04-12T20:32:15.800712Z[0m [34mDEBUG[0m [2mmercury::engine::spread[0m[2m:[0m Evaluated spread direction 2 [3mmarket_id[0m[2m=[0m631deb8c-fbb4-489e-818e-ae698f57f50b [3mdirection[0m[2m=[0m"NO-A/YES-B" [3mraw_spread[0m[2m=[0m-0.0600 [3mbid_a[0m[2m=[0m0.5500 [3mask_b[0m[2m=[0m0.61
[2m2026-04-12T20:32:15.800810Z[0m [32m INFO[0m [2mmercury::engine::detector[0m[2m:[0m ARB OPPORTUNITY DETECTED — passing to execution pipeline [3mmarket_id[0m[2m=[0m631deb8c-fbb4-489e-818e-ae698f57f50b [3mnet_spread[0m[2m=[0m0.0254883638083228247162673392 [3mraw_spread[0m[2m=[0m0.0400 [3mscore[0m[2m=[0m0.0994548989722511664012567231 [3mleg_a[0m[2m=[0mKalshi [3mleg_b[0m[2m=[0mPolymarket [3mleg_a_price[0m[2m=[0m0.5600 [3mleg_b_price[0m[2m=[0m0.4 [3mavailable_size[0m[2m=[0m49.5
[2m2026-04-12T20:32:15.801014Z[0m [34mDEBUG[0m [2mmercury::engine::market_actor[0m[2m:[0m Tick received — running arb detection [3mmarket_id[0m[2m=[0m631deb8c-fbb4-489e-818e-ae698f57f50b [3mplatform[0m[2m=[0mKalshi [3mbid[0m[2m=[0m0.5500 [3mask[0m[2m=[0m0.5600 [3mmid[0m[2m=[0m0.5550 [3mbid_size[0m[2m=[0m1.00 [3mask_size[0m[2m=[0m63.44
[2m2026-04-12T20:32:15.801259Z[0m [34mDEBUG[0m [2mmercury::engine::spread[0m[2m:[0m Evaluated spread direction 2 [3mmarket_id[0m[2m=[0m631deb8c-fbb4-489e-818e-ae698f57f50b [3mdirection[0m[2m=[0m"NO-A/YES-B" [3mraw_spread[0m[2m=[0m-0.0600 [3mbid_a[0m[2m=[0m0.5500 [3mask_b[0m[2m=[0m0.61
[2m2026-04-12T20:32:15.801471Z[0m [32m INFO[0m [2mmercury::engine::detector[0m[2m:[0m ARB OPPORTUNITY DETECTED — passing to execution pipeline [3mmarket_id[0m[2m=[0m631deb8c-fbb4-489e-818e-ae698f57f50b [3mnet_spread[0m[2m=[0m0.0254883638083228247162673392 [3mraw_spread[0m[2m=[0m0.0400 [3mscore[0m[2m=[0m0.0994548989722511664012567231 [3mleg_a[0m[2m=[0mKalshi [3mleg_b[0m[2m=[0mPolymarket [3mleg_a_price[0m[2m=[0m0.5600 [3mleg_b_price[0m[2m=[0m0.4 [3mavailable_size[0m[2m=[0m49.5
[2m2026-04-12T20:32:15.801613Z[0m [33m WARN[0m [2mmercury::risk::circuit_breaker[0m[2m:[0m Circuit breakers tripped [3mcount[0m[2m=[0m1
[2m2026-04-12T20:32:15.801657Z[0m [33m WARN[0m [2mmercury::engine::market_actor[0m[2m:[0m Opportunity BLOCKED by circuit breakers [3mopp_id[0m[2m=[0mad453a89-314a-4eab-9198-a0315351e110 [3mmarket_id[0m[2m=[0m631deb8c-fbb4-489e-818e-ae698f57f50b [3mapproved_size[0m[2m=[0m49
[2m2026-04-12T20:32:15.801666Z[0m [33m WARN[0m [2mmercury::risk::circuit_breaker[0m[2m:[0m Circuit breakers tripped [3mcount[0m[2m=[0m1
[2m2026-04-12T20:32:15.801713Z[0m [33m WARN[0m [2mmercury::engine::market_actor[0m[2m:[0m Opportunity BLOCKED by circuit breakers [3mopp_id[0m[2m=[0m488db7bc-7d9f-4519-b63a-8655a9519966 [3mmarket_id[0m[2m=[0m631deb8c-fbb4-489e-818e-ae698f57f50b [3mapproved_size[0m[2m=[0m49
[2m2026-04-12T20:32:15.806862Z[0m [34mDEBUG[0m [2mmercury::engine::market_actor[0m[2m:[0m Tick received — running arb detection [3mmarket_id[0m[2m=[0m631deb8c-fbb4-489e-818e-ae698f57f50b [3mplatform[0m[2m=[0mPolymarket [3mbid[0m[2m=[0m0.6 [3mask[0m[2m=[0m0.61 [3mmid[0m[2m=[0m0.6050 [3mbid_size[0m[2m=[0m49.5 [3mask_size[0m[2m=[0m11
[2m2026-04-12T20:32:15.806979Z[0m [34mDEBUG[0m [2mmercury::engine::spread[0m[2m:[0m Evaluated spread direction 2 [3mmarket_id[0m[2m=[0m631deb8c-fbb4-489e-818e-ae698f57f50b [3mdirection[0m[2m=[0m"NO-A/YES-B" [3mraw_spread[0m[2m=[0m-0.0600 [3mbid_a[0m[2m=[0m0.5500 [3mask_b[0m[2m=[0m0.61
[2m2026-04-12T20:32:15.807093Z[0m [32m INFO[0m [2mmercury::engine::detector[0m[2m:[0m ARB OPPORTUNITY DETECTED — passing to execution pipeline [3mmarket_id[0m[2m=[0m631deb8c-fbb4-489e-818e-ae698f57f50b [3mnet_spread[0m[2m=[0m0.0254883638083228247162673392 [3mraw_spread[0m[2m=[0m0.0400 [3mscore[0m[2m=[0m0.0994548989722511664012567231 [3mleg_a[0m[2m=[0mKalshi [3mleg_b[0m[2m=[0mPolymarket [3mleg_a_price[0m[2m=[0m0.5600 [3mleg_b_price[0m[2m=[0m0.4 [3mavailable_size[0m[2m=[0m49.5
[2m2026-04-12T20:32:15.807231Z[0m [33m WARN[0m [2mmercury::risk::circuit_breaker[0m[2m:[0m Circuit breakers tripped [3mcount[0m[2m=[0m1
[2m2026-04-12T20:32:15.807291Z[0m [33m WARN[0m [2mmercury::engine::market_actor[0m[2m:[0m Opportunity BLOCKED by circuit breakers [3mopp_id[0m[2m=[0mc2ed2fad-455f-4295-916f-3b1d83f66e4b [3mmarket_id[0m[2m=[0m631deb8c-fbb4-489e-818e-ae698f57f50b [3mapproved_size[0m[2m=[0m49
[2m2026-04-12T20:32:15.814979Z[0m [34mDEBUG[0m [2mmercury::engine::market_actor[0m[2m:[0m Tick received — running arb detection [3mmarket_id[0m[2m=[0m631deb8c-fbb4-489e-818e-ae698f57f50b [3mplatform[0m[2m=[0mKalshi [3mbid[0m[2m=[0m0.5500 [3mask[0m[2m=[0m0.5600 [3mmid[0m[2m=[0m0.5550 [3mbid_size[0m[2m=[0m1.00 [3mask_size[0m[2m=[0m63.11
[2m2026-04-12T20:32:15.815148Z[0m [34mDEBUG[0m [2mmercury::engine::spread[0m[2m:[0m Evaluated spread direction 2 [3mmarket_id[0m[2m=[0m631deb8c-fbb4-489e-818e-ae698f57f50b [3mdirection[0m[2m=[0m"NO-A/YES-B" [3mraw_spread[0m[2m=[0m-0.0600 [3mbid_a[0m[2m=[0m0.5500 [3mask_b[0m[2m=[0m0.61
[2m2026-04-12T20:32:15.815240Z[0m [32m INFO[0m [2mmercury::engine::detector[0m[2m:[0m ARB OPPORTUNITY DETECTED — passing to execution pipeline [3mmarket_id[0m[2m=[0m631deb8c-fbb4-489e-818e-ae698f57f50b [3mnet_spread[0m[2m=[0m0.0255289843131041039454919981 [3mraw_spread[0m[2m=[0m0.0400 [3mscore[0m[2m=[0m0.0996133990717320441286835949 [3mleg_a[0m[2m=[0mKalshi [3mleg_b[0m[2m=[0mPolymarket [3mleg_a_price[0m[2m=[0m0.5600 [3mleg_b_price[0m[2m=[0m0.4 [3mavailable_size[0m[2m=[0m49.5
[2m2026-04-12T20:32:15.815352Z[0m [34mDEBUG[0m [2mmercury::engine::market_actor[0m[2m:[0m Tick received — running arb detection [3mmarket_id[0m[2m=[0m631deb8c-fbb4-489e-818e-ae698f57f50b [3mplatform[0m[2m=[0mKalshi [3mbid[0m[2m=[0m0.5500 [3mask[0m[2m=[0m0.5600 [3mmid[0m[2m=[0m0.5550 [3mbid_size[0m[2m=[0m1.00 [3mask_size[0m[2m=[0m62.78
[2m2026-04-12T20:32:15.815441Z[0m [34mDEBUG[0m [2mmercury::engine::spread[0m[2m:[0m Evaluated spread direction 2 [3mmarket_id[0m[2m=[0m631deb8c-fbb4-489e-818e-ae698f57f50b [3mdirection[0m[2m=[0m"NO-A/YES-B" [3mraw_spread[0m[2m=[0m-0.0600 [3mbid_a[0m[2m=[0m0.5500 [3mask_b[0m[2m=[0m0.61
[2m2026-04-12T20:32:15.815523Z[0m [32m INFO[0m [2mmercury::engine::detector[0m[2m:[0m ARB OPPORTUNITY DETECTED — passing to execution pipeline [3mmarket_id[0m[2m=[0m631deb8c-fbb4-489e-818e-ae698f57f50b [3mnet_spread[0m[2m=[0m0.0255700318572793883402357438 [3mraw_spread[0m[2m=[0m0.0400 [3mscore[0m[2m=[0m0.0997735654672571617302758332 [3mleg_a[0m[2m=[0mKalshi [3mleg_b[0m[2m=[0mPolymarket [3mleg_a_price[0m[2m=[0m0.5600 [3mleg_b_price[0m[2m=[0m0.4 [3mavailable_size[0m[2m=[0m49.5
[2m2026-04-12T20:32:15.815656Z[0m [33m WARN[0m [2mmercury::risk::circuit_breaker[0m[2m:[0m Circuit breakers tripped [3mcount[0m[2m=[0m1
[2m2026-04-12T20:32:15.815726Z[0m [33m WARN[0m [2mmercury::engine::market_actor[0m[2m:[0m Opportunity BLOCKED by circuit breakers [3mopp_id[0m[2m=[0m15e6bcae-b3c5-4a81-91a1-2bb7b539d5dc [3mmarket_id[0m[2m=[0m631deb8c-fbb4-489e-818e-ae698f57f50b [3mapproved_size[0m[2m=[0m49
[2m2026-04-12T20:32:15.815777Z[0m [33m WARN[0m [2mmercury::risk::circuit_breaker[0m[2m:[0m Circuit breakers tripped [3mcount[0m[2m=[0m1
[2m2026-04-12T20:32:15.815844Z[0m [33m WARN[0m [2mmercury::engine::market_actor[0m[2m:[0m Opportunity BLOCKED by circuit breakers [3mopp_id[0m[2m=[0md9fa25e8-b19c-44bc-8903-34078ef431b7 [3mmarket_id[0m[2m=[0m631deb8c-fbb4-489e-818e-ae698f57f50b [3mapproved_size[0m[2m=[0m49
[2m2026-04-12T20:32:15.832056Z[0m [34mDEBUG[0m [2mmercury::engine::market_actor[0m[2m:[0m Tick received — running arb detection [3mmarket_id[0m[2m=[0m631deb8c-fbb4-489e-818e-ae698f57f50b [3mplatform[0m[2m=[0mKalshi [3mbid[0m[2m=[0m0.5500 [3mask[0m[2m=[0m0.5600 [3mmid[0m[2m=[0m0.5550 [3mbid_size[0m[2m=[0m1.00 [3mask_size[0m[2m=[0m62.45
[2m2026-04-12T20:32:15.832251Z[0m [34mDEBUG[0m [2mmercury::engine::spread[0m[2m:[0m Evaluated spread direction 2 [3mmarket_id[0m[2m=[0m631deb8c-fbb4-489e-818e-ae698f57f50b [3mdirection[0m[2m=[0m"NO-A/YES-B" [3mraw_spread[0m[2m=[0m-0.0600 [3mbid_a[0m[2m=[0m0.5500 [3mask_b[0m[2m=[0m0.61
[2m2026-04-12T20:32:15.832409Z[0m [32m INFO[0m [2mmercury::engine::detector[0m[2m:[0m ARB OPPORTUNITY DETECTED — passing to execution pipeline [3mmarket_id[0m[2m=[0m631deb8c-fbb4-489e-818e-ae698f57f50b [3mnet_spread[0m[2m=[0m0.0256115132105684547638110489 [3mraw_spread[0m[2m=[0m0.0400 [3mscore[0m[2m=[0m0.0999354245740880692056399038 [3mleg_a[0m[2m=[0mKalshi [3mleg_b[0m[2m=[0mPolymarket [3mleg_a_price[0m[2m=[0m0.5600 [3mleg_b_price[0m[2m=[0m0.4 [3mavailable_size[0m[2m=[0m49.5
[2m2026-04-12T20:32:15.832630Z[0m [33m WARN[0m [2mmercury::risk::circuit_breaker[0m[2m:[0m Circuit breakers tripped [3mcount[0m[2m=[0m1
[2m2026-04-12T20:32:15.832706Z[0m [33m WARN[0m [2mmercury::engine::market_actor[0m[2m:[0m Opportunity BLOCKED by circuit breakers [3mopp_id[0m[2m=[0me6979dbb-c45c-49d2-b91f-79223d91d03b [3mmarket_id[0m[2m=[0m631deb8c-fbb4-489e-818e-ae698f57f50b [3mapproved_size[0m[2m=[0m49
[2m2026-04-12T20:32:15.839731Z[0m [34mDEBUG[0m [2mmercury::engine::market_actor[0m[2m:[0m Tick received — running arb detection [3mmarket_id[0m[2m=[0m631deb8c-fbb4-489e-818e-ae698f57f50b [3mplatform[0m[2m=[0mPolymarket [3mbid[0m[2m=[0m0.6 [3mask[0m[2m=[0m0.61 [3mmid[0m[2m=[0m0.6050 [3mbid_size[0m[2m=[0m49.5 [3mask_size[0m[2m=[0m11
[2m2026-04-12T20:32:15.839958Z[0m [34mDEBUG[0m [2mmercury::engine::spread[0m[2m:[0m Evaluated spread direction 2 [3mmarket_id[0m[2m=[0m631deb8c-fbb4-489e-818e-ae698f57f50b [3mdirection[0m[2m=[0m"NO-A/YES-B" [3mraw_spread[0m[2m=[0m-0.0600 [3mbid_a[0m[2m=[0m0.5500 [3mask_b[0m[2m=[0m0.61
[2m2026-04-12T20:32:15.840142Z[0m [32m INFO[0m [2mmercury::engine::detector[0m[2m:[0m ARB OPPORTUNITY DETECTED — passing to execution pipeline [3mmarket_id[0m[2m=[0m631deb8c-fbb4-489e-818e-ae698f57f50b [3mnet_spread[0m[2m=[0m0.0256115132105684547638110489 [3mraw_spread[0m[2m=[0m0.0400 [3mscore[0m[2m=[0m0.0999354245740880692056399038 [3mleg_a[0m[2m=[0mKalshi [3mleg_b[0m[2m=[0mPolymarket [3mleg_a_price[0m[2m=[0m0.5600 [3mleg_b_price[0m[2m=[0m0.4 [3mavailable_size[0m[2m=[0m49.5
[2m2026-04-12T20:32:15.840336Z[0m [33m WARN[0m [2mmercury::risk::circuit_breaker[0m[2m:[0m Circuit breakers tripped [3mcount[0m[2m=[0m1
[2m2026-04-12T20:32:15.840400Z[0m [33m WARN[0m [2mmercury::engine::market_actor[0m[2m:[0m Opportunity BLOCKED by circuit breakers [3mopp_id[0m[2m=[0mb66af942-cdea-4525-9dcd-48cf55c2761e [3mmarket_id[0m[2m=[0m631deb8c-fbb4-489e-818e-ae698f57f50b [3mapproved_size[0m[2m=[0m49
[2m2026-04-12T20:32:15.847585Z[0m [34mDEBUG[0m [2mmercury::engine::market_actor[0m[2m:[0m Tick received — running arb detection [3mmarket_id[0m[2m=[0m631deb8c-fbb4-489e-818e-ae698f57f50b [3mplatform[0m[2m=[0mKalshi [3mbid[0m[2m=[0m0.5500 [3mask[0m[2m=[0m0.5600 [3mmid[0m[2m=[0m0.5550 [3mbid_size[0m[2m=[0m1.00 [3mask_size[0m[2m=[0m62.45
[2m2026-04-12T20:32:15.847831Z[0m [34mDEBUG[0m [2mmercury::engine::spread[0m[2m:[0m Evaluated spread direction 2 [3mmarket_id[0m[2m=[0m631deb8c-fbb4-489e-818e-ae698f57f50b [3mdirection[0m[2m=[0m"NO-A/YES-B" [3mraw_spread[0m[2m=[0m-0.0600 [3mbid_a[0m[2m=[0m0.5500 [3mask_b[0m[2m=[0m0.61
[2m2026-04-12T20:32:15.848030Z[0m [32m INFO[0m [2mmercury::engine::detector[0m[2m:[0m ARB OPPORTUNITY DETECTED — passing to execution pipeline [3mmarket_id[0m[2m=[0m631deb8c-fbb4-489e-818e-ae698f57f50b [3mnet_spread[0m[2m=[0m0.0256115132105684547638110489 [3mraw_spread[0m[2m=[0m0.0400 [3mscore[0m[2m=[0m0.0999354245740880692056399038 [3mleg_a[0m[2m=[0mKalshi [3mleg_b[0m[2m=[0mPolymarket [3mleg_a_price[0m[2m=[0m0.5600 [3mleg_b_price[0m[2m=[0m0.4 [3mavailable_size[0m[2m=[0m49.5
[2m2026-04-12T20:32:15.848205Z[0m [34mDEBUG[0m [2mmercury::engine::market_actor[0m[2m:[0m Tick received — running arb detection [3mmarket_id[0m[2m=[0m631deb8c-fbb4-489e-818e-ae698f57f50b [3mplatform[0m[2m=[0mKalshi [3mbid[0m[2m=[0m0.5500 [3mask[0m[2m=[0m0.5600 [3mmid[0m[2m=[0m0.5550 [3mbid_size[0m[2m=[0m1.00 [3mask_size[0m[2m=[0m62.45
[2m2026-04-12T20:32:15.848429Z[0m [34mDEBUG[0m [2mmercury::engine::spread[0m[2m:[0m Evaluated spread direction 2 [3mmarket_id[0m[2m=[0m631deb8c-fbb4-489e-818e-ae698f57f50b [3mdirection[0m[2m=[0m"NO-A/YES-B" [3mraw_spread[0m[2m=[0m-0.0600 [3mbid_a[0m[2m=[0m0.5500 [3mask_b[0m[2m=[0m0.61
[2m2026-04-12T20:32:15.848593Z[0m [32m INFO[0m [2mmercury::engine::detector[0m[2m:[0m ARB OPPORTUNITY DETECTED — passing to execution pipeline [3mmarket_id[0m[2m=[0m631deb8c-fbb4-489e-818e-ae698f57f50b [3mnet_spread[0m[2m=[0m0.0256115132105684547638110489 [3mraw_spread[0m[2m=[0m0.0400 [3mscore[0m[2m=[0m0.0999354245740880692056399038 [3mleg_a[0m[2m=[0mKalshi [3mleg_b[0m[2m=[0mPolymarket [3mleg_a_price[0m[2m=[0m0.5600 [3mleg_b_price[0m[2m=[0m0.4 [3mavailable_size[0m[2m=[0m49.5
[2m2026-04-12T20:32:15.848740Z[0m [34mDEBUG[0m [2mmercury::engine::market_actor[0m[2m:[0m Tick received — running arb detection [3mmarket_id[0m[2m=[0m631deb8c-fbb4-489e-818e-ae698f57f50b [3mplatform[0m[2m=[0mKalshi [3mbid[0m[2m=[0m0.5500 [3mask[0m[2m=[0m0.5600 [3mmid[0m[2m=[0m0.5550 [3mbid_size[0m[2m=[0m1.00 [3mask_size[0m[2m=[0m62.45
[2m2026-04-12T20:32:15.848908Z[0m [33m WARN[0m [2mmercury::risk::circuit_breaker[0m[2m:[0m Circuit breakers tripped [3mcount[0m[2m=[0m1
[2m2026-04-12T20:32:15.848981Z[0m [34mDEBUG[0m [2mmercury::engine::spread[0m[2m:[0m Evaluated spread direction 2 [3mmarket_id[0m[2m=[0m631deb8c-fbb4-489e-818e-ae698f57f50b [3mdirection[0m[2m=[0m"NO-A/YES-B" [3mraw_spread[0m[2m=[0m-0.0600 [3mbid_a[0m[2m=[0m0.5500 [3mask_b[0m[2m=[0m0.61
[2m2026-04-12T20:32:15.849027Z[0m [33m WARN[0m [2mmercury::engine::market_actor[0m[2m:[0m Opportunity BLOCKED by circuit breakers [3mopp_id[0m[2m=[0m95ba60c4-1d20-4a7b-ae9a-c6daab1033e2 [3mmarket_id[0m[2m=[0m631deb8c-fbb4-489e-818e-ae698f57f50b [3mapproved_size[0m[2m=[0m49
[2m2026-04-12T20:32:15.849181Z[0m [32m INFO[0m [2mmercury::engine::detector[0m[2m:[0m ARB OPPORTUNITY DETECTED — passing to execution pipeline [3mmarket_id[0m[2m=[0m631deb8c-fbb4-489e-818e-ae698f57f50b [3mnet_spread[0m[2m=[0m0.0256115132105684547638110489 [3mraw_spread[0m[2m=[0m0.0400 [3mscore[0m[2m=[0m0.0999354245740880692056399038 [3mleg_a[0m[2m=[0mKalshi [3mleg_b[0m[2m=[0mPolymarket [3mleg_a_price[0m[2m=[0m0.5600 [3mleg_b_price[0m[2m=[0m0.4 [3mavailable_size[0m[2m=[0m49.5
[2m2026-04-12T20:32:15.849401Z[0m [33m WARN[0m [2mmercury::risk::circuit_breaker[0m[2m:[0m Circuit breakers tripped [3mcount[0m[2m=[0m1
[2m2026-04-12T20:32:15.849505Z[0m [33m WARN[0m [2mmercury::engine::market_actor[0m[2m:[0m Opportunity BLOCKED by circuit breakers [3mopp_id[0m[2m=[0mf0c8acee-1bf7-4d77-862b-15e62dceefd5 [3mmarket_id[0m[2m=[0m631deb8c-fbb4-489e-818e-ae698f57f50b [3mapproved_size[0m[2m=[0m49
[2m2026-04-12T20:32:15.849565Z[0m [33m WARN[0m [2mmercury::risk::circuit_breaker[0m[2m:[0m Circuit breakers tripped [3mcount[0m[2m=[0m1
[2m2026-04-12T20:32:15.849655Z[0m [33m WARN[0m [2mmercury::engine::market_actor[0m[2m:[0m Opportunity BLOCKED by circuit breakers [3mopp_id[0m[2m=[0mbd79fd47-9085-41dd-a7e0-81886eb3e0ad [3mmarket_id[0m[2m=[0m631deb8c-fbb4-489e-818e-ae698f57f50b [3mapproved_size[0m[2m=[0m49
[2m2026-04-12T20:32:15.853799Z[0m [34mDEBUG[0m [2mmercury::engine::market_actor[0m[2m:[0m Tick received — running arb detection [3mmarket_id[0m[2m=[0m631deb8c-fbb4-489e-818e-ae698f57f50b [3mplatform[0m[2m=[0mKalshi [3mbid[0m[2m=[0m0.5500 [3mask[0m[2m=[0m0.5600 [3mmid[0m[2m=[0m0.5550 [3mbid_size[0m[2m=[0m1.00 [3mask_size[0m[2m=[0m62.45
[2m2026-04-12T20:32:15.854013Z[0m [34mDEBUG[0m [2mmercury::engine::spread[0m[2m:[0m Evaluated spread direction 2 [3mmarket_id[0m[2m=[0m631deb8c-fbb4-489e-818e-ae698f57f50b [3mdirection[0m[2m=[0m"NO-A/YES-B" [3mraw_spread[0m[2m=[0m-0.0600 [3mbid_a[0m[2m=[0m0.5500 [3mask_b[0m[2m=[0m0.61
[2m2026-04-12T20:32:15.854150Z[0m [32m INFO[0m [2mmercury::engine::detector[0m[2m:[0m ARB OPPORTUNITY DETECTED — passing to execution pipeline [3mmarket_id[0m[2m=[0m631deb8c-fbb4-489e-818e-ae698f57f50b [3mnet_spread[0m[2m=[0m0.0256115132105684547638110489 [3mraw_spread[0m[2m=[0m0.0400 [3mscore[0m[2m=[0m0.0999354245740880692056399038 [3mleg_a[0m[2m=[0mKalshi [3mleg_b[0m[2m=[0mPolymarket [3mleg_a_price[0m[2m=[0m0.5600 [3mleg_b_price[0m[2m=[0m0.4 [3mavailable_size[0m[2m=[0m49.5
[2m2026-04-12T20:32:15.854415Z[0m [33m WARN[0m [2mmercury::risk::circuit_breaker[0m[2m:[0m Circuit breakers tripped [3mcount[0m[2m=[0m1
[2m2026-04-12T20:32:15.854459Z[0m [33m WARN[0m [2mmercury::engine::market_actor[0m[2m:[0m Opportunity BLOCKED by circuit breakers [3mopp_id[0m[2m=[0mfa9adfed-895b-4cc9-893e-e45c0258c867 [3mmarket_id[0m[2m=[0m631deb8c-fbb4-489e-818e-ae698f57f50b [3mapproved_size[0m[2m=[0m49
[2m2026-04-12T20:32:15.871843Z[0m [34mDEBUG[0m [2mmercury::engine::market_actor[0m[2m:[0m Tick received — running arb detection [3mmarket_id[0m[2m=[0m631deb8c-fbb4-489e-818e-ae698f57f50b [3mplatform[0m[2m=[0mPolymarket [3mbid[0m[2m=[0m0.6 [3mask[0m[2m=[0m0.61 [3mmid[0m[2m=[0m0.6050 [3mbid_size[0m[2m=[0m49.5 [3mask_size[0m[2m=[0m11
[2m2026-04-12T20:32:15.872104Z[0m [34mDEBUG[0m [2mmercury::engine::spread[0m[2m:[0m Evaluated spread direction 2 [3mmarket_id[0m[2m=[0m631deb8c-fbb4-489e-818e-ae698f57f50b [3mdirection[0m[2m=[0m"NO-A/YES-B" [3mraw_spread[0m[2m=[0m-0.0600 [3mbid_a[0m[2m=[0m0.5500 [3mask_b[0m[2m=[0m0.61
[2m2026-04-12T20:32:15.872198Z[0m [32m INFO[0m [2mmercury::engine::detector[0m[2m:[0m ARB OPPORTUNITY DETECTED — passing to execution pipeline [3mmarket_id[0m[2m=[0m631deb8c-fbb4-489e-818e-ae698f57f50b [3mnet_spread[0m[2m=[0m0.0256115132105684547638110489 [3mraw_spread[0m[2m=[0m0.0400 [3mscore[0m[2m=[0m0.0999354245740880692056399038 [3mleg_a[0m[2m=[0mKalshi [3mleg_b[0m[2m=[0mPolymarket [3mleg_a_price[0m[2m=[0m0.5600 [3mleg_b_price[0m[2m=[0m0.4 [3mavailable_size[0m[2m=[0m49.5
[2m2026-04-12T20:32:15.872336Z[0m [33m WARN[0m [2mmercury::risk::circuit_breaker[0m[2m:[0m Circuit breakers tripped [3mcount[0m[2m=[0m1
[2m2026-04-12T20:32:15.872378Z[0m [33m WARN[0m [2mmercury::engine::market_actor[0m[2m:[0m Opportunity BLOCKED by circuit breakers [3mopp_id[0m[2m=[0mef7d63f4-018a-42c6-ba8b-23327f61087a [3mmarket_id[0m[2m=[0m631deb8c-fbb4-489e-818e-ae698f57f50b [3mapproved_size[0m[2m=[0m49
[2m2026-04-12T20:32:15.895827Z[0m [34mDEBUG[0m [2mmercury::engine::market_actor[0m[2m:[0m Tick received — running arb detection [3mmarket_id[0m[2m=[0m631deb8c-fbb4-489e-818e-ae698f57f50b [3mplatform[0m[2m=[0mKalshi [3mbid[0m[2m=[0m0.5500 [3mask[0m[2m=[0m0.5600 [3mmid[0m[2m=[0m0.5550 [3mbid_size[0m[2m=[0m1.00 [3mask_size[0m[2m=[0m62.45
[2m2026-04-12T20:32:15.895985Z[0m [34mDEBUG[0m [2mmercury::engine::spread[0m[2m:[0m Evaluated spread direction 2 [3mmarket_id[0m[2m=[0m631deb8c-fbb4-489e-818e-ae698f57f50b [3mdirection[0m[2m=[0m"NO-A/YES-B" [3mraw_spread[0m[2m=[0m-0.0600 [3mbid_a[0m[2m=[0m0.5500 [3mask_b[0m[2m=[0m0.61
[2m2026-04-12T20:32:15.896082Z[0m [32m INFO[0m [2mmercury::engine::detector[0m[2m:[0m ARB OPPORTUNITY DETECTED — passing to execution pipeline [3mmarket_id[0m[2m=[0m631deb8c-fbb4-489e-818e-ae698f57f50b [3mnet_spread[0m[2m=[0m0.0256115132105684547638110489 [3mraw_spread[0m[2m=[0m0.0400 [3mscore[0m[2m=[0m0.0999354245740880692056399038 [3mleg_a[0m[2m=[0mKalshi [3mleg_b[0m[2m=[0mPolymarket [3mleg_a_price[0m[2m=[0m0.5600 [3mleg_b_price[0m[2m=[0m0.4 [3mavailable_size[0m[2m=[0m49.5
[2m2026-04-12T20:32:15.896220Z[0m [33m WARN[0m [2mmercury::risk::circuit_breaker[0m[2m:[0m Circuit breakers tripped [3mcount[0m[2m=[0m1
[2m2026-04-12T20:32:15.896263Z[0m [33m WARN[0m [2mmercury::engine::market_actor[0m[2m:[0m Opportunity BLOCKED by circuit breakers [3mopp_id[0m[2m=[0m6dd228ec-cc0c-47d2-aa9b-642f2333f2cd [3mmarket_id[0m[2m=[0m631deb8c-fbb4-489e-818e-ae698f57f50b [3mapproved_size[0m[2m=[0m49
[2m2026-04-12T20:32:15.902453Z[0m [34mDEBUG[0m [2mmercury::engine::market_actor[0m[2m:[0m Tick received — running arb detection [3mmarket_id[0m[2m=[0m631deb8c-fbb4-489e-818e-ae698f57f50b [3mplatform[0m[2m=[0mKalshi [3mbid[0m[2m=[0m0.5500 [3mask[0m[2m=[0m0.5600 [3mmid[0m[2m=[0m0.5550 [3mbid_size[0m[2m=[0m1.00 [3mask_size[0m[2m=[0m62.45
[2m2026-04-12T20:32:15.902592Z[0m [34mDEBUG[0m [2mmercury::engine::spread[0m[2m:[0m Evaluated spread direction 2 [3mmarket_id[0m[2m=[0m631deb8c-fbb4-489e-818e-ae698f57f50b [3mdirection[0m[2m=[0m"NO-A/YES-B" [3mraw_spread[0m[2m=[0m-0.0600 [3mbid_a[0m[2m=[0m0.5500 [3mask_b[0m[2m=[0m0.61
[2m2026-04-12T20:32:15.902678Z[0m [32m INFO[0m [2mmercury::engine::detector[0m[2m:[0m ARB OPPORTUNITY DETECTED — passing to execution pipeline [3mmarket_id[0m[2m=[0m631deb8c-fbb4-489e-818e-ae698f57f50b [3mnet_spread[0m[2m=[0m0.0256115132105684547638110489 [3mraw_spread[0m[2m=[0m0.0400 [3mscore[0m[2m=[0m0.0999354245740880692056399038 [3mleg_a[0m[2m=[0mKalshi [3mleg_b[0m[2m=[0mPolymarket [3mleg_a_price[0m[2m=[0m0.5600 [3mleg_b_price[0m[2m=[0m0.4 [3mavailable_size[0m[2m=[0m49.5
[2m2026-04-12T20:32:15.902785Z[0m [34mDEBUG[0m [2mmercury::engine::market_actor[0m[2m:[0m Tick received — running arb detection [3mmarket_id[0m[2m=[0m631deb8c-fbb4-489e-818e-ae698f57f50b [3mplatform[0m[2m=[0mKalshi [3mbid[0m[2m=[0m0.5500 [3mask[0m[2m=[0m0.5600 [3mmid[0m[2m=[0m0.5550 [3mbid_size[0m[2m=[0m1.00 [3mask_size[0m[2m=[0m62.78
[2m2026-04-12T20:32:15.902873Z[0m [34mDEBUG[0m [2mmercury::engine::spread[0m[2m:[0m Evaluated spread direction 2 [3mmarket_id[0m[2m=[0m631deb8c-fbb4-489e-818e-ae698f57f50b [3mdirection[0m[2m=[0m"NO-A/YES-B" [3mraw_spread[0m[2m=[0m-0.0600 [3mbid_a[0m[2m=[0m0.5500 [3mask_b[0m[2m=[0m0.61
[2m2026-04-12T20:32:15.902954Z[0m [32m INFO[0m [2mmercury::engine::detector[0m[2m:[0m ARB OPPORTUNITY DETECTED — passing to execution pipeline [3mmarket_id[0m[2m=[0m631deb8c-fbb4-489e-818e-ae698f57f50b [3mnet_spread[0m[2m=[0m0.0255700318572793883402357438 [3mraw_spread[0m[2m=[0m0.0400 [3mscore[0m[2m=[0m0.0997735654672571617302758332 [3mleg_a[0m[2m=[0mKalshi [3mleg_b[0m[2m=[0mPolymarket [3mleg_a_price[0m[2m=[0m0.5600 [3mleg_b_price[0m[2m=[0m0.4 [3mavailable_size[0m[2m=[0m49.5
[2m2026-04-12T20:32:15.903065Z[0m [34mDEBUG[0m [2mmercury::engine::market_actor[0m[2m:[0m Tick received — running arb detection [3mmarket_id[0m[2m=[0m631deb8c-fbb4-489e-818e-ae698f57f50b [3mplatform[0m[2m=[0mKalshi [3mbid[0m[2m=[0m0.5500 [3mask[0m[2m=[0m0.5600 [3mmid[0m[2m=[0m0.5550 [3mbid_size[0m[2m=[0m1.00 [3mask_size[0m[2m=[0m62.45
[2m2026-04-12T20:32:15.903179Z[0m [33m WARN[0m [2mmercury::risk::circuit_breaker[0m[2m:[0m Circuit breakers tripped [3mcount[0m[2m=[0m1
[2m2026-04-12T20:32:15.903292Z[0m [33m WARN[0m [2mmercury::engine::market_actor[0m[2m:[0m Opportunity BLOCKED by circuit breakers [3mopp_id[0m[2m=[0m1e93088d-7058-4ab2-a626-0576e4c34fa9 [3mmarket_id[0m[2m=[0m631deb8c-fbb4-489e-818e-ae698f57f50b [3mapproved_size[0m[2m=[0m49
[2m2026-04-12T20:32:15.903289Z[0m [34mDEBUG[0m [2mmercury::engine::spread[0m[2m:[0m Evaluated spread direction 2 [3mmarket_id[0m[2m=[0m631deb8c-fbb4-489e-818e-ae698f57f50b [3mdirection[0m[2m=[0m"NO-A/YES-B" [3mraw_spread[0m[2m=[0m-0.0600 [3mbid_a[0m[2m=[0m0.5500 [3mask_b[0m[2m=[0m0.61
[2m2026-04-12T20:32:15.903499Z[0m [32m INFO[0m [2mmercury::engine::detector[0m[2m:[0m ARB OPPORTUNITY DETECTED — passing to execution pipeline [3mmarket_id[0m[2m=[0m631deb8c-fbb4-489e-818e-ae698f57f50b [3mnet_spread[0m[2m=[0m0.0256115132105684547638110489 [3mraw_spread[0m[2m=[0m0.0400 [3mscore[0m[2m=[0m0.0999354245740880692056399038 [3mleg_a[0m[2m=[0mKalshi [3mleg_b[0m[2m=[0mPolymarket [3mleg_a_price[0m[2m=[0m0.5600 [3mleg_b_price[0m[2m=[0m0.4 [3mavailable_size[0m[2m=[0m49.5
[2m2026-04-12T20:32:15.903659Z[0m [33m WARN[0m [2mmercury::risk::circuit_breaker[0m[2m:[0m Circuit breakers tripped [3mcount[0m[2m=[0m1
[2m2026-04-12T20:32:15.903751Z[0m [33m WARN[0m [2mmercury::engine::market_actor[0m[2m:[0m Opportunity BLOCKED by circuit breakers [3mopp_id[0m[2m=[0md6334100-e6c8-40fd-a673-dfb7dd0c026a [3mmarket_id[0m[2m=[0m631deb8c-fbb4-489e-818e-ae698f57f50b [3mapproved_size[0m[2m=[0m49
[2m2026-04-12T20:32:15.903816Z[0m [33m WARN[0m [2mmercury::risk::circuit_breaker[0m[2m:[0m Circuit breakers tripped [3mcount[0m[2m=[0m1
[2m2026-04-12T20:32:15.903882Z[0m [33m WARN[0m [2mmercury::engine::market_actor[0m[2m:[0m Opportunity BLOCKED by circuit breakers [3mopp_id[0m[2m=[0mc185ce0e-1656-455b-8e67-c0acf591c168 [3mmarket_id[0m[2m=[0m631deb8c-fbb4-489e-818e-ae698f57f50b [3mapproved_size[0m[2m=[0m49
[2m2026-04-12T20:32:15.918526Z[0m [34mDEBUG[0m [2mmercury::engine::market_actor[0m[2m:[0m Tick received — running arb detection [3mmarket_id[0m[2m=[0m631deb8c-fbb4-489e-818e-ae698f57f50b [3mplatform[0m[2m=[0mKalshi [3mbid[0m[2m=[0m0.5500 [3mask[0m[2m=[0m0.5600 [3mmid[0m[2m=[0m0.5550 [3mbid_size[0m[2m=[0m1.00 [3mask_size[0m[2m=[0m62.78
[2m2026-04-12T20:32:15.918686Z[0m [34mDEBUG[0m [2mmercury::engine::spread[0m[2m:[0m Evaluated spread direction 2 [3mmarket_id[0m[2m=[0m631deb8c-fbb4-489e-818e-ae698f57f50b [3mdirection[0m[2m=[0m"NO-A/YES-B" [3mraw_spread[0m[2m=[0m-0.0600 [3mbid_a[0m[2m=[0m0.5500 [3mask_b[0m[2m=[0m0.61
[2m2026-04-12T20:32:15.918782Z[0m [32m INFO[0m [2mmercury::engine::detector[0m[2m:[0m ARB OPPORTUNITY DETECTED — passing to execution pipeline [3mmarket_id[0m[2m=[0m631deb8c-fbb4-489e-818e-ae698f57f50b [3mnet_spread[0m[2m=[0m0.0255700318572793883402357438 [3mraw_spread[0m[2m=[0m0.0400 [3mscore[0m[2m=[0m0.0997735654672571617302758332 [3mleg_a[0m[2m=[0mKalshi [3mleg_b[0m[2m=[0mPolymarket [3mleg_a_price[0m[2m=[0m0.5600 [3mleg_b_price[0m[2m=[0m0.4 [3mavailable_size[0m[2m=[0m49.5
[2m2026-04-12T20:32:15.918918Z[0m [33m WARN[0m [2mmercury::risk::circuit_breaker[0m[2m:[0m Circuit breakers tripped [3mcount[0m[2m=[0m1
[2m2026-04-12T20:32:15.918961Z[0m [33m WARN[0m [2mmercury::engine::market_actor[0m[2m:[0m Opportunity BLOCKED by circuit breakers [3mopp_id[0m[2m=[0m161278c3-11b3-4858-8efd-13e04479cd55 [3mmarket_id[0m[2m=[0m631deb8c-fbb4-489e-818e-ae698f57f50b [3mapproved_size[0m[2m=[0m49
[2m2026-04-12T20:32:15.934593Z[0m [34mDEBUG[0m [2mmercury::engine::market_actor[0m[2m:[0m Tick received — running arb detection [3mmarket_id[0m[2m=[0m631deb8c-fbb4-489e-818e-ae698f57f50b [3mplatform[0m[2m=[0mPolymarket [3mbid[0m[2m=[0m0.6 [3mask[0m[2m=[0m0.61 [3mmid[0m[2m=[0m0.6050 [3mbid_size[0m[2m=[0m49.5 [3mask_size[0m[2m=[0m11
[2m2026-04-12T20:32:15.934763Z[0m [34mDEBUG[0m [2mmercury::engine::spread[0m[2m:[0m Evaluated spread direction 2 [3mmarket_id[0m[2m=[0m631deb8c-fbb4-489e-818e-ae698f57f50b [3mdirection[0m[2m=[0m"NO-A/YES-B" [3mraw_spread[0m[2m=[0m-0.0600 [3mbid_a[0m[2m=[0m0.5500 [3mask_b[0m[2m=[0m0.61
[2m2026-04-12T20:32:15.934856Z[0m [32m INFO[0m [2mmercury::engine::detector[0m[2m:[0m ARB OPPORTUNITY DETECTED — passing to execution pipeline [3mmarket_id[0m[2m=[0m631deb8c-fbb4-489e-818e-ae698f57f50b [3mnet_spread[0m[2m=[0m0.0255700318572793883402357438 [3mraw_spread[0m[2m=[0m0.0400 [3mscore[0m[2m=[0m0.0997735654672571617302758332 [3mleg_a[0m[2m=[0mKalshi [3mleg_b[0m[2m=[0mPolymarket [3mleg_a_price[0m[2m=[0m0.5600 [3mleg_b_price[0m[2m=[0m0.4 [3mavailable_size[0m[2m=[0m49.5
[2m2026-04-12T20:32:15.934973Z[0m [34mDEBUG[0m [2mmercury::engine::market_actor[0m[2m:[0m Tick received — running arb detection [3mmarket_id[0m[2m=[0m631deb8c-fbb4-489e-818e-ae698f57f50b [3mplatform[0m[2m=[0mPolymarket [3mbid[0m[2m=[0m0.6 [3mask[0m[2m=[0m0.61 [3mmid[0m[2m=[0m0.6050 [3mbid_size[0m[2m=[0m49.5 [3mask_size[0m[2m=[0m11
[2m2026-04-12T20:32:15.935061Z[0m [34mDEBUG[0m [2mmercury::engine::spread[0m[2m:[0m Evaluated spread direction 2 [3mmarket_id[0m[2m=[0m631deb8c-fbb4-489e-818e-ae698f57f50b [3mdirection[0m[2m=[0m"NO-A/YES-B" [3mraw_spread[0m[2m=[0m-0.0600 [3mbid_a[0m[2m=[0m0.5500 [3mask_b[0m[2m=[0m0.61
[2m2026-04-12T20:32:15.935143Z[0m [32m INFO[0m [2mmercury::engine::detector[0m[2m:[0m ARB OPPORTUNITY DETECTED — passing to execution pipeline [3mmarket_id[0m[2m=[0m631deb8c-fbb4-489e-818e-ae698f57f50b [3mnet_spread[0m[2m=[0m0.0255700318572793883402357438 [3mraw_spread[0m[2m=[0m0.0400 [3mscore[0m[2m=[0m0.0997735654672571617302758332 [3mleg_a[0m[2m=[0mKalshi [3mleg_b[0m[2m=[0mPolymarket [3mleg_a_price[0m[2m=[0m0.5600 [3mleg_b_price[0m[2m=[0m0.4 [3mavailable_size[0m[2m=[0m49.5
[2m2026-04-12T20:32:15.935309Z[0m [33m WARN[0m [2mmercury::risk::circuit_breaker[0m[2m:[0m Circuit breakers tripped [3mcount[0m[2m=[0m1
[2m2026-04-12T20:32:15.935402Z[0m [33m WARN[0m [2mmercury::engine::market_actor[0m[2m:[0m Opportunity BLOCKED by circuit breakers [3mopp_id[0m[2m=[0m73a7f352-8992-4a80-ab85-4b2d3d626d76 [3mmarket_id[0m[2m=[0m631deb8c-fbb4-489e-818e-ae698f57f50b [3mapproved_size[0m[2m=[0m49
[2m2026-04-12T20:32:15.935459Z[0m [33m WARN[0m [2mmercury::risk::circuit_breaker[0m[2m:[0m Circuit breakers tripped [3mcount[0m[2m=[0m1
[2m2026-04-12T20:32:15.935508Z[0m [33m WARN[0m [2mmercury::engine::market_actor[0m[2m:[0m Opportunity BLOCKED by circuit breakers [3mopp_id[0m[2m=[0mb1a225a9-f03a-4c20-9b64-acab310b4202 [3mmarket_id[0m[2m=[0m631deb8c-fbb4-489e-818e-ae698f57f50b [3mapproved_size[0m[2m=[0m49
[2m2026-04-12T20:32:15.988636Z[0m [34mDEBUG[0m [2mmercury::engine::market_actor[0m[2m:[0m Tick received — running arb detection [3mmarket_id[0m[2m=[0m79e1f598-7189-438f-a66e-b184b04be477 [3mplatform[0m[2m=[0mPolymarket [3mbid[0m[2m=[0m0.45 [3mask[0m[2m=[0m0.46 [3mmid[0m[2m=[0m0.4550 [3mbid_size[0m[2m=[0m16.67 [3mask_size[0m[2m=[0m45
[2m2026-04-12T20:32:15.988636Z[0m [34mDEBUG[0m [2mmercury::engine::market_actor[0m[2m:[0m Tick received — running arb detection [3mmarket_id[0m[2m=[0m631deb8c-fbb4-489e-818e-ae698f57f50b [3mplatform[0m[2m=[0mKalshi [3mbid[0m[2m=[0m0.5500 [3mask[0m[2m=[0m0.5600 [3mmid[0m[2m=[0m0.5550 [3mbid_size[0m[2m=[0m1.00 [3mask_size[0m[2m=[0m62.78
[2m2026-04-12T20:32:15.988722Z[0m [34mDEBUG[0m [2mmercury::engine::market_actor[0m[2m:[0m Tick received — running arb detection [3mmarket_id[0m[2m=[0m9046452d-bcb3-4bb8-8925-8924b7439992 [3mplatform[0m[2m=[0mPolymarket [3mbid[0m[2m=[0m0.49 [3mask[0m[2m=[0m0.5 [3mmid[0m[2m=[0m0.4950 [3mbid_size[0m[2m=[0m7.2 [3mask_size[0m[2m=[0m129.15
[2m2026-04-12T20:32:15.989009Z[0m [34mDEBUG[0m [2mmercury::engine::market_actor[0m[2m:[0m Tick received — running arb detection [3mmarket_id[0m[2m=[0m2b958b37-9921-40b8-b22d-64a67138ae70 [3mplatform[0m[2m=[0mPolymarket [3mbid[0m[2m=[0m0.59 [3mask[0m[2m=[0m0.61 [3mmid[0m[2m=[0m0.60 [3mbid_size[0m[2m=[0m6.72 [3mask_size[0m[2m=[0m12.21
[2m2026-04-12T20:32:15.989070Z[0m [34mDEBUG[0m [2mmercury::engine::spread[0m[2m:[0m Evaluated spread direction 2 [3mmarket_id[0m[2m=[0m631deb8c-fbb4-489e-818e-ae698f57f50b [3mdirection[0m[2m=[0m"NO-A/YES-B" [3mraw_spread[0m[2m=[0m-0.0600 [3mbid_a[0m[2m=[0m0.5500 [3mask_b[0m[2m=[0m0.61
[2m2026-04-12T20:32:15.989284Z[0m [32m INFO[0m [2mmercury::engine::detector[0m[2m:[0m ARB OPPORTUNITY DETECTED — passing to execution pipeline [3mmarket_id[0m[2m=[0m631deb8c-fbb4-489e-818e-ae698f57f50b [3mnet_spread[0m[2m=[0m0.0255700318572793883402357438 [3mraw_spread[0m[2m=[0m0.0400 [3mscore[0m[2m=[0m0.0997735654672571617302758332 [3mleg_a[0m[2m=[0mKalshi [3mleg_b[0m[2m=[0mPolymarket [3mleg_a_price[0m[2m=[0m0.5600 [3mleg_b_price[0m[2m=[0m0.4 [3mavailable_size[0m[2m=[0m49.5
[2m2026-04-12T20:32:15.989626Z[0m [34mDEBUG[0m [2mmercury::engine::market_actor[0m[2m:[0m Tick received — running arb detection [3mmarket_id[0m[2m=[0m631deb8c-fbb4-489e-818e-ae698f57f50b [3mplatform[0m[2m=[0mKalshi [3mbid[0m[2m=[0m0.5500 [3mask[0m[2m=[0m0.5600 [3mmid[0m[2m=[0m0.5550 [3mbid_size[0m[2m=[0m1.00 [3mask_size[0m[2m=[0m63.11
[2m2026-04-12T20:32:15.989672Z[0m [34mDEBUG[0m [2mmercury::engine::market_actor[0m[2m:[0m Tick received — running arb detection [3mmarket_id[0m[2m=[0m9046452d-bcb3-4bb8-8925-8924b7439992 [3mplatform[0m[2m=[0mPolymarket [3mbid[0m[2m=[0m0.49 [3mask[0m[2m=[0m0.5 [3mmid[0m[2m=[0m0.4950 [3mbid_size[0m[2m=[0m7.2 [3mask_size[0m[2m=[0m129.15
[2m2026-04-12T20:32:15.989716Z[0m [34mDEBUG[0m [2mmercury::engine::market_actor[0m[2m:[0m Tick received — running arb detection [3mmarket_id[0m[2m=[0m2b958b37-9921-40b8-b22d-64a67138ae70 [3mplatform[0m[2m=[0mPolymarket [3mbid[0m[2m=[0m0.59 [3mask[0m[2m=[0m0.61 [3mmid[0m[2m=[0m0.60 [3mbid_size[0m[2m=[0m6.72 [3mask_size[0m[2m=[0m12.21
[2m2026-04-12T20:32:15.989857Z[0m [34mDEBUG[0m [2mmercury::engine::spread[0m[2m:[0m Evaluated spread direction 2 [3mmarket_id[0m[2m=[0m631deb8c-fbb4-489e-818e-ae698f57f50b [3mdirection[0m[2m=[0m"NO-A/YES-B" [3mraw_spread[0m[2m=[0m-0.0600 [3mbid_a[0m[2m=[0m0.5500 [3mask_b[0m[2m=[0m0.61
[2m2026-04-12T20:32:15.990054Z[0m [32m INFO[0m [2mmercury::engine::detector[0m[2m:[0m ARB OPPORTUNITY DETECTED — passing to execution pipeline [3mmarket_id[0m[2m=[0m631deb8c-fbb4-489e-818e-ae698f57f50b [3mnet_spread[0m[2m=[0m0.0255289843131041039454919981 [3mraw_spread[0m[2m=[0m0.0400 [3mscore[0m[2m=[0m0.0996133990717320441286835949 [3mleg_a[0m[2m=[0mKalshi [3mleg_b[0m[2m=[0mPolymarket [3mleg_a_price[0m[2m=[0m0.5600 [3mleg_b_price[0m[2m=[0m0.4 [3mavailable_size[0m[2m=[0m49.5
[2m2026-04-12T20:32:15.990245Z[0m [34mDEBUG[0m [2mmercury::engine::market_actor[0m[2m:[0m Tick received — running arb detection [3mmarket_id[0m[2m=[0m631deb8c-fbb4-489e-818e-ae698f57f50b [3mplatform[0m[2m=[0mPolymarket [3mbid[0m[2m=[0m0.6 [3mask[0m[2m=[0m0.61 [3mmid[0m[2m=[0m0.6050 [3mbid_size[0m[2m=[0m49.5 [3mask_size[0m[2m=[0m11
[2m2026-04-12T20:32:15.990391Z[0m [33m WARN[0m [2mmercury::risk::circuit_breaker[0m[2m:[0m Circuit breakers tripped [3mcount[0m[2m=[0m1
[2m2026-04-12T20:32:15.990506Z[0m [33m WARN[0m [2mmercury::engine::market_actor[0m[2m:[0m Opportunity BLOCKED by circuit breakers [3mopp_id[0m[2m=[0mb34bf999-bbd3-4976-8c20-c901c199a52d [3mmarket_id[0m[2m=[0m631deb8c-fbb4-489e-818e-ae698f57f50b [3mapproved_size[0m[2m=[0m49
[2m2026-04-12T20:32:15.990510Z[0m [34mDEBUG[0m [2mmercury::engine::spread[0m[2m:[0m Evaluated spread direction 2 [3mmarket_id[0m[2m=[0m631deb8c-fbb4-489e-818e-ae698f57f50b [3mdirection[0m[2m=[0m"NO-A/YES-B" [3mraw_spread[0m[2m=[0m-0.0600 [3mbid_a[0m[2m=[0m0.5500 [3mask_b[0m[2m=[0m0.61
[2m2026-04-12T20:32:15.990632Z[0m [32m INFO[0m [2mmercury::engine::detector[0m[2m:[0m ARB OPPORTUNITY DETECTED — passing to execution pipeline [3mmarket_id[0m[2m=[0m631deb8c-fbb4-489e-818e-ae698f57f50b [3mnet_spread[0m[2m=[0m0.0255289843131041039454919981 [3mraw_spread[0m[2m=[0m0.0400 [3mscore[0m[2m=[0m0.0996133990717320441286835949 [3mleg_a[0m[2m=[0mKalshi [3mleg_b[0m[2m=[0mPolymarket [3mleg_a_price[0m[2m=[0m0.5600 [3mleg_b_price[0m[2m=[0m0.4 [3mavailable_size[0m[2m=[0m49.5
[2m2026-04-12T20:32:15.990759Z[0m [34mDEBUG[0m [2mmercury::engine::market_actor[0m[2m:[0m Tick received — running arb detection [3mmarket_id[0m[2m=[0m631deb8c-fbb4-489e-818e-ae698f57f50b [3mplatform[0m[2m=[0mKalshi [3mbid[0m[2m=[0m0.5500 [3mask[0m[2m=[0m0.5600 [3mmid[0m[2m=[0m0.5550 [3mbid_size[0m[2m=[0m1.00 [3mask_size[0m[2m=[0m63.11
[2m2026-04-12T20:32:15.990880Z[0m [33m WARN[0m [2mmercury::risk::circuit_breaker[0m[2m:[0m Circuit breakers tripped [3mcount[0m[2m=[0m1
[2m2026-04-12T20:32:15.990945Z[0m [34mDEBUG[0m [2mmercury::engine::spread[0m[2m:[0m Evaluated spread direction 2 [3mmarket_id[0m[2m=[0m631deb8c-fbb4-489e-818e-ae698f57f50b [3mdirection[0m[2m=[0m"NO-A/YES-B" [3mraw_spread[0m[2m=[0m-0.0600 [3mbid_a[0m[2m=[0m0.5500 [3mask_b[0m[2m=[0m0.61
[2m2026-04-12T20:32:15.990967Z[0m [33m WARN[0m [2mmercury::engine::market_actor[0m[2m:[0m Opportunity BLOCKED by circuit breakers [3mopp_id[0m[2m=[0m78caa366-7fd1-422c-b9b0-8bffe82a3e87 [3mmarket_id[0m[2m=[0m631deb8c-fbb4-489e-818e-ae698f57f50b [3mapproved_size[0m[2m=[0m49
[2m2026-04-12T20:32:15.991116Z[0m [32m INFO[0m [2mmercury::engine::detector[0m[2m:[0m ARB OPPORTUNITY DETECTED — passing to execution pipeline [3mmarket_id[0m[2m=[0m631deb8c-fbb4-489e-818e-ae698f57f50b [3mnet_spread[0m[2m=[0m0.0255289843131041039454919981 [3mraw_spread[0m[2m=[0m0.0400 [3mscore[0m[2m=[0m0.0996133990717320441286835949 [3mleg_a[0m[2m=[0mKalshi [3mleg_b[0m[2m=[0mPolymarket [3mleg_a_price[0m[2m=[0m0.5600 [3mleg_b_price[0m[2m=[0m0.4 [3mavailable_size[0m[2m=[0m49.5
[2m2026-04-12T20:32:15.991318Z[0m [34mDEBUG[0m [2mmercury::engine::market_actor[0m[2m:[0m Tick received — running arb detection [3mmarket_id[0m[2m=[0m631deb8c-fbb4-489e-818e-ae698f57f50b [3mplatform[0m[2m=[0mKalshi [3mbid[0m[2m=[0m0.5500 [3mask[0m[2m=[0m0.5600 [3mmid[0m[2m=[0m0.5550 [3mbid_size[0m[2m=[0m1.00 [3mask_size[0m[2m=[0m62.78
[2m2026-04-12T20:32:15.991417Z[0m [33m WARN[0m [2mmercury::risk::circuit_breaker[0m[2m:[0m Circuit breakers tripped [3mcount[0m[2m=[0m1
[2m2026-04-12T20:32:15.991498Z[0m [33m WARN[0m [2mmercury::engine::market_actor[0m[2m:[0m Opportunity BLOCKED by circuit breakers [3mopp_id[0m[2m=[0ma017b0db-16ce-49c2-b5cc-d09f382f47e4 [3mmarket_id[0m[2m=[0m631deb8c-fbb4-489e-818e-ae698f57f50b [3mapproved_size[0m[2m=[0m49
[2m2026-04-12T20:32:15.991500Z[0m [34mDEBUG[0m [2mmercury::engine::spread[0m[2m:[0m Evaluated spread direction 2 [3mmarket_id[0m[2m=[0m631deb8c-fbb4-489e-818e-ae698f57f50b [3mdirection[0m[2m=[0m"NO-A/YES-B" [3mraw_spread[0m[2m=[0m-0.0600 [3mbid_a[0m[2m=[0m0.5500 [3mask_b[0m[2m=[0m0.61
[2m2026-04-12T20:32:15.991706Z[0m [32m INFO[0m [2mmercury::engine::detector[0m[2m:[0m ARB OPPORTUNITY DETECTED — passing to execution pipeline [3mmarket_id[0m[2m=[0m631deb8c-fbb4-489e-818e-ae698f57f50b [3mnet_spread[0m[2m=[0m0.0255700318572793883402357438 [3mraw_spread[0m[2m=[0m0.0400 [3mscore[0m[2m=[0m0.0997735654672571617302758332 [3mleg_a[0m[2m=[0mKalshi [3mleg_b[0m[2m=[0mPolymarket [3mleg_a_price[0m[2m=[0m0.5600 [3mleg_b_price[0m[2m=[0m0.4 [3mavailable_size[0m[2m=[0m49.5
[2m2026-04-12T20:32:15.991907Z[0m [34mDEBUG[0m [2mmercury::engine::market_actor[0m[2m:[0m Tick received — running arb detection [3mmarket_id[0m[2m=[0m631deb8c-fbb4-489e-818e-ae698f57f50b [3mplatform[0m[2m=[0mPolymarket [3mbid[0m[2m=[0m0.6 [3mask[0m[2m=[0m0.61 [3mmid[0m[2m=[0m0.6050 [3mbid_size[0m[2m=[0m49.5 [3mask_size[0m[2m=[0m11
[2m2026-04-12T20:32:15.991980Z[0m [33m WARN[0m [2mmercury::risk::circuit_breaker[0m[2m:[0m Circuit breakers tripped [3mcount[0m[2m=[0m1
[2m2026-04-12T20:32:15.992055Z[0m [33m WARN[0m [2mmercury::engine::market_actor[0m[2m:[0m Opportunity BLOCKED by circuit breakers [3mopp_id[0m[2m=[0m813aed38-69fb-4d37-8cc2-961db2785b69 [3mmarket_id[0m[2m=[0m631deb8c-fbb4-489e-818e-ae698f57f50b [3mapproved_size[0m[2m=[0m49
[2m2026-04-12T20:32:15.992077Z[0m [34mDEBUG[0m [2mmercury::engine::spread[0m[2m:[0m Evaluated spread direction 2 [3mmarket_id[0m[2m=[0m631deb8c-fbb4-489e-818e-ae698f57f50b [3mdirection[0m[2m=[0m"NO-A/YES-B" [3mraw_spread[0m[2m=[0m-0.0600 [3mbid_a[0m[2m=[0m0.5500 [3mask_b[0m[2m=[0m0.61
[2m2026-04-12T20:32:15.992226Z[0m [32m INFO[0m [2mmercury::engine::detector[0m[2m:[0m ARB OPPORTUNITY DETECTED — passing to execution pipeline [3mmarket_id[0m[2m=[0m631deb8c-fbb4-489e-818e-ae698f57f50b [3mnet_spread[0m[2m=[0m0.0255700318572793883402357438 [3mraw_spread[0m[2m=[0m0.0400 [3mscore[0m[2m=[0m0.0997735654672571617302758332 [3mleg_a[0m[2m=[0mKalshi [3mleg_b[0m[2m=[0mPolymarket [3mleg_a_price[0m[2m=[0m0.5600 [3mleg_b_price[0m[2m=[0m0.4 [3mavailable_size[0m[2m=[0m49.5
[2m2026-04-12T20:32:15.992462Z[0m [34mDEBUG[0m [2mmercury::engine::market_actor[0m[2m:[0m Tick received — running arb detection [3mmarket_id[0m[2m=[0m631deb8c-fbb4-489e-818e-ae698f57f50b [3mplatform[0m[2m=[0mKalshi [3mbid[0m[2m=[0m0.5500 [3mask[0m[2m=[0m0.5600 [3mmid[0m[2m=[0m0.5550 [3mbid_size[0m[2m=[0m1.00 [3mask_size[0m[2m=[0m62.45
[2m2026-04-12T20:32:15.992541Z[0m [33m WARN[0m [2mmercury::risk::circuit_breaker[0m[2m:[0m Circuit breakers tripped [3mcount[0m[2m=[0m1
[2m2026-04-12T20:32:15.992645Z[0m [33m WARN[0m [2mmercury::engine::market_actor[0m[2m:[0m Opportunity BLOCKED by circuit breakers [3mopp_id[0m[2m=[0m92b52cfa-b045-4ad6-9f11-5fbfb6ac6a49 [3mmarket_id[0m[2m=[0m631deb8c-fbb4-489e-818e-ae698f57f50b [3mapproved_size[0m[2m=[0m49
[2m2026-04-12T20:32:15.992655Z[0m [34mDEBUG[0m [2mmercury::engine::spread[0m[2m:[0m Evaluated spread direction 2 [3mmarket_id[0m[2m=[0m631deb8c-fbb4-489e-818e-ae698f57f50b [3mdirection[0m[2m=[0m"NO-A/YES-B" [3mraw_spread[0m[2m=[0m-0.0600 [3mbid_a[0m[2m=[0m0.5500 [3mask_b[0m[2m=[0m0.61
[2m2026-04-12T20:32:15.992800Z[0m [32m INFO[0m [2mmercury::engine::detector[0m[2m:[0m ARB OPPORTUNITY DETECTED — passing to execution pipeline [3mmarket_id[0m[2m=[0m631deb8c-fbb4-489e-818e-ae698f57f50b [3mnet_spread[0m[2m=[0m0.0256115132105684547638110489 [3mraw_spread[0m[2m=[0m0.0400 [3mscore[0m[2m=[0m0.0999354245740880692056399038 [3mleg_a[0m[2m=[0mKalshi [3mleg_b[0m[2m=[0mPolymarket [3mleg_a_price[0m[2m=[0m0.5600 [3mleg_b_price[0m[2m=[0m0.4 [3mavailable_size[0m[2m=[0m49.5
[2m2026-04-12T20:32:15.992960Z[0m [34mDEBUG[0m [2mmercury::engine::market_actor[0m[2m:[0m Tick received — running arb detection [3mmarket_id[0m[2m=[0m631deb8c-fbb4-489e-818e-ae698f57f50b [3mplatform[0m[2m=[0mPolymarket [3mbid[0m[2m=[0m0.6 [3mask[0m[2m=[0m0.61 [3mmid[0m[2m=[0m0.6050 [3mbid_size[0m[2m=[0m49.5 [3mask_size[0m[2m=[0m11
[2m2026-04-12T20:32:15.992986Z[0m [33m WARN[0m [2mmercury::risk::circuit_breaker[0m[2m:[0m Circuit breakers tripped [3mcount[0m[2m=[0m1
[2m2026-04-12T20:32:15.993061Z[0m [33m WARN[0m [2mmercury::engine::market_actor[0m[2m:[0m Opportunity BLOCKED by circuit breakers [3mopp_id[0m[2m=[0m4bc5a3a5-343d-4fb8-9cec-92f7772dc329 [3mmarket_id[0m[2m=[0m631deb8c-fbb4-489e-818e-ae698f57f50b [3mapproved_size[0m[2m=[0m49
[2m2026-04-12T20:32:15.993083Z[0m [34mDEBUG[0m [2mmercury::engine::spread[0m[2m:[0m Evaluated spread direction 2 [3mmarket_id[0m[2m=[0m631deb8c-fbb4-489e-818e-ae698f57f50b [3mdirection[0m[2m=[0m"NO-A/YES-B" [3mraw_spread[0m[2m=[0m-0.0600 [3mbid_a[0m[2m=[0m0.5500 [3mask_b[0m[2m=[0m0.61
[2m2026-04-12T20:32:15.993214Z[0m [32m INFO[0m [2mmercury::engine::detector[0m[2m:[0m ARB OPPORTUNITY DETECTED — passing to execution pipeline [3mmarket_id[0m[2m=[0m631deb8c-fbb4-489e-818e-ae698f57f50b [3mnet_spread[0m[2m=[0m0.0256115132105684547638110489 [3mraw_spread[0m[2m=[0m0.0400 [3mscore[0m[2m=[0m0.0999354245740880692056399038 [3mleg_a[0m[2m=[0mKalshi [3mleg_b[0m[2m=[0mPolymarket [3mleg_a_price[0m[2m=[0m0.5600 [3mleg_b_price[0m[2m=[0m0.4 [3mavailable_size[0m[2m=[0m49.5
[2m2026-04-12T20:32:15.993458Z[0m [34mDEBUG[0m [2mmercury::engine::market_actor[0m[2m:[0m Tick received — running arb detection [3mmarket_id[0m[2m=[0m631deb8c-fbb4-489e-818e-ae698f57f50b [3mplatform[0m[2m=[0mPolymarket [3mbid[0m[2m=[0m0.6 [3mask[0m[2m=[0m0.61 [3mmid[0m[2m=[0m0.6050 [3mbid_size[0m[2m=[0m49.5 [3mask_size[0m[2m=[0m11
[2m2026-04-12T20:32:15.993530Z[0m [33m WARN[0m [2mmercury::risk::circuit_breaker[0m[2m:[0m Circuit breakers tripped [3mcount[0m[2m=[0m1
[2m2026-04-12T20:32:15.993618Z[0m [33m WARN[0m [2mmercury::engine::market_actor[0m[2m:[0m Opportunity BLOCKED by circuit breakers [3mopp_id[0m[2m=[0m1fa3d1f0-4053-4648-aed2-8ff39a78a995 [3mmarket_id[0m[2m=[0m631deb8c-fbb4-489e-818e-ae698f57f50b [3mapproved_size[0m[2m=[0m49
[2m2026-04-12T20:32:15.993680Z[0m [34mDEBUG[0m [2mmercury::engine::spread[0m[2m:[0m Evaluated spread direction 2 [3mmarket_id[0m[2m=[0m631deb8c-fbb4-489e-818e-ae698f57f50b [3mdirection[0m[2m=[0m"NO-A/YES-B" [3mraw_spread[0m[2m=[0m-0.0600 [3mbid_a[0m[2m=[0m0.5500 [3mask_b[0m[2m=[0m0.61
[2m2026-04-12T20:32:15.993828Z[0m [32m INFO[0m [2mmercury::engine::detector[0m[2m:[0m ARB OPPORTUNITY DETECTED — passing to execution pipeline [3mmarket_id[0m[2m=[0m631deb8c-fbb4-489e-818e-ae698f57f50b [3mnet_spread[0m[2m=[0m0.0256115132105684547638110489 [3mraw_spread[0m[2m=[0m0.0400 [3mscore[0m[2m=[0m0.0999354245740880692056399038 [3mleg_a[0m[2m=[0mKalshi [3mleg_b[0m[2m=[0mPolymarket [3mleg_a_price[0m[2m=[0m0.5600 [3mleg_b_price[0m[2m=[0m0.4 [3mavailable_size[0m[2m=[0m49.5
[2m2026-04-12T20:32:15.994060Z[0m [34mDEBUG[0m [2mmercury::engine::market_actor[0m[2m:[0m Tick received — running arb detection [3mmarket_id[0m[2m=[0m631deb8c-fbb4-489e-818e-ae698f57f50b [3mplatform[0m[2m=[0mKalshi [3mbid[0m[2m=[0m0.5400 [3mask[0m[2m=[0m0.5600 [3mmid[0m[2m=[0m0.5500 [3mbid_size[0m[2m=[0m893.00 [3mask_size[0m[2m=[0m62.45
[2m2026-04-12T20:32:15.994104Z[0m [33m WARN[0m [2mmercury::risk::circuit_breaker[0m[2m:[0m Circuit breakers tripped [3mcount[0m[2m=[0m1
[2m2026-04-12T20:32:15.994156Z[0m [33m WARN[0m [2mmercury::engine::market_actor[0m[2m:[0m Opportunity BLOCKED by circuit breakers [3mopp_id[0m[2m=[0mcece3265-0a8f-4828-94bf-19fea4119d44 [3mmarket_id[0m[2m=[0m631deb8c-fbb4-489e-818e-ae698f57f50b [3mapproved_size[0m[2m=[0m49
[2m2026-04-12T20:32:15.994153Z[0m [34mDEBUG[0m [2mmercury::engine::spread[0m[2m:[0m Evaluated spread direction 2 [3mmarket_id[0m[2m=[0m631deb8c-fbb4-489e-818e-ae698f57f50b [3mdirection[0m[2m=[0m"NO-A/YES-B" [3mraw_spread[0m[2m=[0m-0.0700 [3mbid_a[0m[2m=[0m0.5400 [3mask_b[0m[2m=[0m0.61
[2m2026-04-12T20:32:15.994345Z[0m [32m INFO[0m [2mmercury::engine::detector[0m[2m:[0m ARB OPPORTUNITY DETECTED — passing to execution pipeline [3mmarket_id[0m[2m=[0m631deb8c-fbb4-489e-818e-ae698f57f50b [3mnet_spread[0m[2m=[0m0.0256115132105684547638110489 [3mraw_spread[0m[2m=[0m0.0400 [3mscore[0m[2m=[0m0.0999354245740880692056399038 [3mleg_a[0m[2m=[0mKalshi [3mleg_b[0m[2m=[0mPolymarket [3mleg_a_price[0m[2m=[0m0.5600 [3mleg_b_price[0m[2m=[0m0.4 [3mavailable_size[0m[2m=[0m49.5
[2m2026-04-12T20:32:15.994492Z[0m [34mDEBUG[0m [2mmercury::engine::market_actor[0m[2m:[0m Tick received — running arb detection [3mmarket_id[0m[2m=[0m631deb8c-fbb4-489e-818e-ae698f57f50b [3mplatform[0m[2m=[0mPolymarket [3mbid[0m[2m=[0m0.6 [3mask[0m[2m=[0m0.61 [3mmid[0m[2m=[0m0.6050 [3mbid_size[0m[2m=[0m49.5 [3mask_size[0m[2m=[0m11
[2m2026-04-12T20:32:15.994546Z[0m [33m WARN[0m [2mmercury::risk::circuit_breaker[0m[2m:[0m Circuit breakers tripped [3mcount[0m[2m=[0m1
[2m2026-04-12T20:32:15.994588Z[0m [33m WARN[0m [2mmercury::engine::market_actor[0m[2m:[0m Opportunity BLOCKED by circuit breakers [3mopp_id[0m[2m=[0m658d8a88-0b7e-42d4-b51e-f1b2302bbce1 [3mmarket_id[0m[2m=[0m631deb8c-fbb4-489e-818e-ae698f57f50b [3mapproved_size[0m[2m=[0m49
[2m2026-04-12T20:32:15.994633Z[0m [34mDEBUG[0m [2mmercury::engine::spread[0m[2m:[0m Evaluated spread direction 2 [3mmarket_id[0m[2m=[0m631deb8c-fbb4-489e-818e-ae698f57f50b [3mdirection[0m[2m=[0m"NO-A/YES-B" [3mraw_spread[0m[2m=[0m-0.0700 [3mbid_a[0m[2m=[0m0.5400 [3mask_b[0m[2m=[0m0.61
[2m2026-04-12T20:32:15.994753Z[0m [32m INFO[0m [2mmercury::engine::detector[0m[2m:[0m ARB OPPORTUNITY DETECTED — passing to execution pipeline [3mmarket_id[0m[2m=[0m631deb8c-fbb4-489e-818e-ae698f57f50b [3mnet_spread[0m[2m=[0m0.0256115132105684547638110489 [3mraw_spread[0m[2m=[0m0.0400 [3mscore[0m[2m=[0m0.0999354245740880692056399038 [3mleg_a[0m[2m=[0mKalshi [3mleg_b[0m[2m=[0mPolymarket [3mleg_a_price[0m[2m=[0m0.5600 [3mleg_b_price[0m[2m=[0m0.4 [3mavailable_size[0m[2m=[0m49.5
[2m2026-04-12T20:32:15.994887Z[0m [33m WARN[0m [2mmercury::risk::circuit_breaker[0m[2m:[0m Circuit breakers tripped [3mcount[0m[2m=[0m1
[2m2026-04-12T20:32:15.994930Z[0m [33m WARN[0m [2mmercury::engine::market_actor[0m[2m:[0m Opportunity BLOCKED by circuit breakers [3mopp_id[0m[2m=[0mabbfdfc7-be47-4880-8bb7-89a4d71d4d56 [3mmarket_id[0m[2m=[0m631deb8c-fbb4-489e-818e-ae698f57f50b [3mapproved_size[0m[2m=[0m49
[2m2026-04-12T20:32:15.994937Z[0m [33m WARN[0m [2mmercury::risk::circuit_breaker[0m[2m:[0m Circuit breakers tripped [3mcount[0m[2m=[0m1
[2m2026-04-12T20:32:15.994985Z[0m [33m WARN[0m [2mmercury::engine::market_actor[0m[2m:[0m Opportunity BLOCKED by circuit breakers [3mopp_id[0m[2m=[0m7b41e0f2-1778-47cd-84eb-129ddf971c84 [3mmarket_id[0m[2m=[0m631deb8c-fbb4-489e-818e-ae698f57f50b [3mapproved_size[0m[2m=[0m49
[2m2026-04-12T20:32:16.037705Z[0m [34mDEBUG[0m [2mmercury::engine::market_actor[0m[2m:[0m Tick received — running arb detection [3mmarket_id[0m[2m=[0m631deb8c-fbb4-489e-818e-ae698f57f50b [3mplatform[0m[2m=[0mPolymarket [3mbid[0m[2m=[0m0.6 [3mask[0m[2m=[0m0.61 [3mmid[0m[2m=[0m0.6050 [3mbid_size[0m[2m=[0m49.5 [3mask_size[0m[2m=[0m11
[2m2026-04-12T20:32:16.038042Z[0m [34mDEBUG[0m [2mmercury::engine::spread[0m[2m:[0m Evaluated spread direction 2 [3mmarket_id[0m[2m=[0m631deb8c-fbb4-489e-818e-ae698f57f50b [3mdirection[0m[2m=[0m"NO-A/YES-B" [3mraw_spread[0m[2m=[0m-0.0700 [3mbid_a[0m[2m=[0m0.5400 [3mask_b[0m[2m=[0m0.61
[2m2026-04-12T20:32:16.038246Z[0m [32m INFO[0m [2mmercury::engine::detector[0m[2m:[0m ARB OPPORTUNITY DETECTED — passing to execution pipeline [3mmarket_id[0m[2m=[0m631deb8c-fbb4-489e-818e-ae698f57f50b [3mnet_spread[0m[2m=[0m0.0256115132105684547638110489 [3mraw_spread[0m[2m=[0m0.0400 [3mscore[0m[2m=[0m0.0999354245740880692056399038 [3mleg_a[0m[2m=[0mKalshi [3mleg_b[0m[2m=[0mPolymarket [3mleg_a_price[0m[2m=[0m0.5600 [3mleg_b_price[0m[2m=[0m0.4 [3mavailable_size[0m[2m=[0m49.5
[2m2026-04-12T20:32:16.038447Z[0m [34mDEBUG[0m [2mmercury::engine::market_actor[0m[2m:[0m Tick received — running arb detection [3mmarket_id[0m[2m=[0m631deb8c-fbb4-489e-818e-ae698f57f50b [3mplatform[0m[2m=[0mPolymarket [3mbid[0m[2m=[0m0.6 [3mask[0m[2m=[0m0.61 [3mmid[0m[2m=[0m0.6050 [3mbid_size[0m[2m=[0m49.5 [3mask_size[0m[2m=[0m11
[2m2026-04-12T20:32:16.038635Z[0m [34mDEBUG[0m [2mmercury::engine::spread[0m[2m:[0m Evaluated spread direction 2 [3mmarket_id[0m[2m=[0m631deb8c-fbb4-489e-818e-ae698f57f50b [3mdirection[0m[2m=[0m"NO-A/YES-B" [3mraw_spread[0m[2m=[0m-0.0700 [3mbid_a[0m[2m=[0m0.5400 [3mask_b[0m[2m=[0m0.61
[2m2026-04-12T20:32:16.038816Z[0m [32m INFO[0m [2mmercury::engine::detector[0m[2m:[0m ARB OPPORTUNITY DETECTED — passing to execution pipeline [3mmarket_id[0m[2m=[0m631deb8c-fbb4-489e-818e-ae698f57f50b [3mnet_spread[0m[2m=[0m0.0256115132105684547638110489 [3mraw_spread[0m[2m=[0m0.0400 [3mscore[0m[2m=[0m0.0999354245740880692056399038 [3mleg_a[0m[2m=[0mKalshi [3mleg_b[0m[2m=[0mPolymarket [3mleg_a_price[0m[2m=[0m0.5600 [3mleg_b_price[0m[2m=[0m0.4 [3mavailable_size[0m[2m=[0m49.5
[2m2026-04-12T20:32:16.039032Z[0m [34mDEBUG[0m [2mmercury::engine::market_actor[0m[2m:[0m Tick received — running arb detection [3mmarket_id[0m[2m=[0m631deb8c-fbb4-489e-818e-ae698f57f50b [3mplatform[0m[2m=[0mKalshi [3mbid[0m[2m=[0m0.5400 [3mask[0m[2m=[0m0.5600 [3mmid[0m[2m=[0m0.5500 [3mbid_size[0m[2m=[0m893.00 [3mask_size[0m[2m=[0m62.78
[2m2026-04-12T20:32:16.039139Z[0m [33m WARN[0m [2mmercury::risk::circuit_breaker[0m[2m:[0m Circuit breakers tripped [3mcount[0m[2m=[0m1
[2m2026-04-12T20:32:16.039174Z[0m [34mDEBUG[0m [2mmercury::engine::spread[0m[2m:[0m Evaluated spread direction 2 [3mmarket_id[0m[2m=[0m631deb8c-fbb4-489e-818e-ae698f57f50b [3mdirection[0m[2m=[0m"NO-A/YES-B" [3mraw_spread[0m[2m=[0m-0.0700 [3mbid_a[0m[2m=[0m0.5400 [3mask_b[0m[2m=[0m0.61
[2m2026-04-12T20:32:16.039228Z[0m [33m WARN[0m [2mmercury::engine::market_actor[0m[2m:[0m Opportunity BLOCKED by circuit breakers [3mopp_id[0m[2m=[0m5c4fdc64-2280-4921-9736-a2fb85965c40 [3mmarket_id[0m[2m=[0m631deb8c-fbb4-489e-818e-ae698f57f50b [3mapproved_size[0m[2m=[0m49
[2m2026-04-12T20:32:16.039337Z[0m [32m INFO[0m [2mmercury::engine::detector[0m[2m:[0m ARB OPPORTUNITY DETECTED — passing to execution pipeline [3mmarket_id[0m[2m=[0m631deb8c-fbb4-489e-818e-ae698f57f50b [3mnet_spread[0m[2m=[0m0.0255700318572793883402357438 [3mraw_spread[0m[2m=[0m0.0400 [3mscore[0m[2m=[0m0.0997735654672571617302758332 [3mleg_a[0m[2m=[0mKalshi [3mleg_b[0m[2m=[0mPolymarket [3mleg_a_price[0m[2m=[0m0.5600 [3mleg_b_price[0m[2m=[0m0.4 [3mavailable_size[0m[2m=[0m49.5
[2m2026-04-12T20:32:16.039525Z[0m [34mDEBUG[0m [2mmercury::engine::market_actor[0m[2m:[0m Tick received — running arb detection [3mmarket_id[0m[2m=[0m631deb8c-fbb4-489e-818e-ae698f57f50b [3mplatform[0m[2m=[0mKalshi [3mbid[0m[2m=[0m0.5400 [3mask[0m[2m=[0m0.5600 [3mmid[0m[2m=[0m0.5500 [3mbid_size[0m[2m=[0m893.00 [3mask_size[0m[2m=[0m62.78
[2m2026-04-12T20:32:16.039590Z[0m [33m WARN[0m [2mmercury::risk::circuit_breaker[0m[2m:[0m Circuit breakers tripped [3mcount[0m[2m=[0m1
[2m2026-04-12T20:32:16.039674Z[0m [33m WARN[0m [2mmercury::engine::market_actor[0m[2m:[0m Opportunity BLOCKED by circuit breakers [3mopp_id[0m[2m=[0m01bac021-541e-43c0-9f27-2a974e2db1fe [3mmarket_id[0m[2m=[0m631deb8c-fbb4-489e-818e-ae698f57f50b [3mapproved_size[0m[2m=[0m49
[2m2026-04-12T20:32:16.039676Z[0m [34mDEBUG[0m [2mmercury::engine::spread[0m[2m:[0m Evaluated spread direction 2 [3mmarket_id[0m[2m=[0m631deb8c-fbb4-489e-818e-ae698f57f50b [3mdirection[0m[2m=[0m"NO-A/YES-B" [3mraw_spread[0m[2m=[0m-0.0700 [3mbid_a[0m[2m=[0m0.5400 [3mask_b[0m[2m=[0m0.61
[2m2026-04-12T20:32:16.039867Z[0m [32m INFO[0m [2mmercury::engine::detector[0m[2m:[0m ARB OPPORTUNITY DETECTED — passing to execution pipeline [3mmarket_id[0m[2m=[0m631deb8c-fbb4-489e-818e-ae698f57f50b [3mnet_spread[0m[2m=[0m0.0255700318572793883402357438 [3mraw_spread[0m[2m=[0m0.0400 [3mscore[0m[2m=[0m0.0997735654672571617302758332 [3mleg_a[0m[2m=[0mKalshi [3mleg_b[0m[2m=[0mPolymarket [3mleg_a_price[0m[2m=[0m0.5600 [3mleg_b_price[0m[2m=[0m0.4 [3mavailable_size[0m[2m=[0m49.5
[2m2026-04-12T20:32:16.040060Z[0m [34mDEBUG[0m [2mmercury::engine::market_actor[0m[2m:[0m Tick received — running arb detection [3mmarket_id[0m[2m=[0m631deb8c-fbb4-489e-818e-ae698f57f50b [3mplatform[0m[2m=[0mPolymarket [3mbid[0m[2m=[0m0.6 [3mask[0m[2m=[0m0.61 [3mmid[0m[2m=[0m0.6050 [3mbid_size[0m[2m=[0m49.5 [3mask_size[0m[2m=[0m11
[2m2026-04-12T20:32:16.040091Z[0m [33m WARN[0m [2mmercury::risk::circuit_breaker[0m[2m:[0m Circuit breakers tripped [3mcount[0m[2m=[0m1
[2m2026-04-12T20:32:16.040172Z[0m [33m WARN[0m [2mmercury::engine::market_actor[0m[2m:[0m Opportunity BLOCKED by circuit breakers [3mopp_id[0m[2m=[0m4e20ee54-ebb4-4047-933f-e98d5fb483f7 [3mmarket_id[0m[2m=[0m631deb8c-fbb4-489e-818e-ae698f57f50b [3mapproved_size[0m[2m=[0m49
[2m2026-04-12T20:32:16.040185Z[0m [34mDEBUG[0m [2mmercury::engine::spread[0m[2m:[0m Evaluated spread direction 2 [3mmarket_id[0m[2m=[0m631deb8c-fbb4-489e-818e-ae698f57f50b [3mdirection[0m[2m=[0m"NO-A/YES-B" [3mraw_spread[0m[2m=[0m-0.0700 [3mbid_a[0m[2m=[0m0.5400 [3mask_b[0m[2m=[0m0.61
[2m2026-04-12T20:32:16.040319Z[0m [32m INFO[0m [2mmercury::engine::detector[0m[2m:[0m ARB OPPORTUNITY DETECTED — passing to execution pipeline [3mmarket_id[0m[2m=[0m631deb8c-fbb4-489e-818e-ae698f57f50b [3mnet_spread[0m[2m=[0m0.0255700318572793883402357438 [3mraw_spread[0m[2m=[0m0.0400 [3mscore[0m[2m=[0m0.0997735654672571617302758332 [3mleg_a[0m[2m=[0mKalshi [3mleg_b[0m[2m=[0mPolymarket [3mleg_a_price[0m[2m=[0m0.5600 [3mleg_b_price[0m[2m=[0m0.4 [3mavailable_size[0m[2m=[0m49.5
[2m2026-04-12T20:32:16.040487Z[0m [34mDEBUG[0m [2mmercury::engine::market_actor[0m[2m:[0m Tick received — running arb detection [3mmarket_id[0m[2m=[0m631deb8c-fbb4-489e-818e-ae698f57f50b [3mplatform[0m[2m=[0mKalshi [3mbid[0m[2m=[0m0.5400 [3mask[0m[2m=[0m0.5600 [3mmid[0m[2m=[0m0.5500 [3mbid_size[0m[2m=[0m893.00 [3mask_size[0m[2m=[0m62.78
[2m2026-04-12T20:32:16.040584Z[0m [33m WARN[0m [2mmercury::risk::circuit_breaker[0m[2m:[0m Circuit breakers tripped [3mcount[0m[2m=[0m1
[2m2026-04-12T20:32:16.040637Z[0m [33m WARN[0m [2mmercury::engine::market_actor[0m[2m:[0m Opportunity BLOCKED by circuit breakers [3mopp_id[0m[2m=[0m7dadcfbd-81f6-4b2b-abe1-c185e1d9c3a5 [3mmarket_id[0m[2m=[0m631deb8c-fbb4-489e-818e-ae698f57f50b [3mapproved_size[0m[2m=[0m49
[2m2026-04-12T20:32:16.040681Z[0m [34mDEBUG[0m [2mmercury::engine::spread[0m[2m:[0m Evaluated spread direction 2 [3mmarket_id[0m[2m=[0m631deb8c-fbb4-489e-818e-ae698f57f50b [3mdirection[0m[2m=[0m"NO-A/YES-B" [3mraw_spread[0m[2m=[0m-0.0700 [3mbid_a[0m[2m=[0m0.5400 [3mask_b[0m[2m=[0m0.61
[2m2026-04-12T20:32:16.040800Z[0m [32m INFO[0m [2mmercury::engine::detector[0m[2m:[0m ARB OPPORTUNITY DETECTED — passing to execution pipeline [3mmarket_id[0m[2m=[0m631deb8c-fbb4-489e-818e-ae698f57f50b [3mnet_spread[0m[2m=[0m0.0255700318572793883402357438 [3mraw_spread[0m[2m=[0m0.0400 [3mscore[0m[2m=[0m0.0997735654672571617302758332 [3mleg_a[0m[2m=[0mKalshi [3mleg_b[0m[2m=[0mPolymarket [3mleg_a_price[0m[2m=[0m0.5600 [3mleg_b_price[0m[2m=[0m0.4 [3mavailable_size[0m[2m=[0m49.5
[2m2026-04-12T20:32:16.040947Z[0m [34mDEBUG[0m [2mmercury::engine::market_actor[0m[2m:[0m Tick received — running arb detection [3mmarket_id[0m[2m=[0m631deb8c-fbb4-489e-818e-ae698f57f50b [3mplatform[0m[2m=[0mKalshi [3mbid[0m[2m=[0m0.5400 [3mask[0m[2m=[0m0.5600 [3mmid[0m[2m=[0m0.5500 [3mbid_size[0m[2m=[0m893.00 [3mask_size[0m[2m=[0m62.78
[2m2026-04-12T20:32:16.040989Z[0m [33m WARN[0m [2mmercury::risk::circuit_breaker[0m[2m:[0m Circuit breakers tripped [3mcount[0m[2m=[0m1
[2m2026-04-12T20:32:16.041068Z[0m [33m WARN[0m [2mmercury::engine::market_actor[0m[2m:[0m Opportunity BLOCKED by circuit breakers [3mopp_id[0m[2m=[0m0a01783c-c4b5-4c81-9efd-58f43bed16d9 [3mmarket_id[0m[2m=[0m631deb8c-fbb4-489e-818e-ae698f57f50b [3mapproved_size[0m[2m=[0m49
[2m2026-04-12T20:32:16.041115Z[0m [34mDEBUG[0m [2mmercury::engine::spread[0m[2m:[0m Evaluated spread direction 2 [3mmarket_id[0m[2m=[0m631deb8c-fbb4-489e-818e-ae698f57f50b [3mdirection[0m[2m=[0m"NO-A/YES-B" [3mraw_spread[0m[2m=[0m-0.0700 [3mbid_a[0m[2m=[0m0.5400 [3mask_b[0m[2m=[0m0.61
[2m2026-04-12T20:32:16.041257Z[0m [32m INFO[0m [2mmercury::engine::detector[0m[2m:[0m ARB OPPORTUNITY DETECTED — passing to execution pipeline [3mmarket_id[0m[2m=[0m631deb8c-fbb4-489e-818e-ae698f57f50b [3mnet_spread[0m[2m=[0m0.0255700318572793883402357438 [3mraw_spread[0m[2m=[0m0.0400 [3mscore[0m[2m=[0m0.0997735654672571617302758332 [3mleg_a[0m[2m=[0mKalshi [3mleg_b[0m[2m=[0mPolymarket [3mleg_a_price[0m[2m=[0m0.5600 [3mleg_b_price[0m[2m=[0m0.4 [3mavailable_size[0m[2m=[0m49.5
[2m2026-04-12T20:32:16.041402Z[0m [34mDEBUG[0m [2mmercury::engine::market_actor[0m[2m:[0m Tick received — running arb detection [3mmarket_id[0m[2m=[0m631deb8c-fbb4-489e-818e-ae698f57f50b [3mplatform[0m[2m=[0mKalshi [3mbid[0m[2m=[0m0.5400 [3mask[0m[2m=[0m0.5600 [3mmid[0m[2m=[0m0.5500 [3mbid_size[0m[2m=[0m893.00 [3mask_size[0m[2m=[0m62.78
[2m2026-04-12T20:32:16.041444Z[0m [33m WARN[0m [2mmercury::risk::circuit_breaker[0m[2m:[0m Circuit breakers tripped [3mcount[0m[2m=[0m1
[2m2026-04-12T20:32:16.041520Z[0m [33m WARN[0m [2mmercury::engine::market_actor[0m[2m:[0m Opportunity BLOCKED by circuit breakers [3mopp_id[0m[2m=[0m400a48c8-99d9-4d32-975d-b9712eca2050 [3mmarket_id[0m[2m=[0m631deb8c-fbb4-489e-818e-ae698f57f50b [3mapproved_size[0m[2m=[0m49
[2m2026-04-12T20:32:16.041568Z[0m [34mDEBUG[0m [2mmercury::engine::spread[0m[2m:[0m Evaluated spread direction 2 [3mmarket_id[0m[2m=[0m631deb8c-fbb4-489e-818e-ae698f57f50b [3mdirection[0m[2m=[0m"NO-A/YES-B" [3mraw_spread[0m[2m=[0m-0.0700 [3mbid_a[0m[2m=[0m0.5400 [3mask_b[0m[2m=[0m0.61
[2m2026-04-12T20:32:16.041704Z[0m [32m INFO[0m [2mmercury::engine::detector[0m[2m:[0m ARB OPPORTUNITY DETECTED — passing to execution pipeline [3mmarket_id[0m[2m=[0m631deb8c-fbb4-489e-818e-ae698f57f50b [3mnet_spread[0m[2m=[0m0.0255700318572793883402357438 [3mraw_spread[0m[2m=[0m0.0400 [3mscore[0m[2m=[0m0.0997735654672571617302758332 [3mleg_a[0m[2m=[0mKalshi [3mleg_b[0m[2m=[0mPolymarket [3mleg_a_price[0m[2m=[0m0.5600 [3mleg_b_price[0m[2m=[0m0.4 [3mavailable_size[0m[2m=[0m49.5
[2m2026-04-12T20:32:16.041812Z[0m [34mDEBUG[0m [2mmercury::engine::market_actor[0m[2m:[0m Tick received — running arb detection [3mmarket_id[0m[2m=[0m631deb8c-fbb4-489e-818e-ae698f57f50b [3mplatform[0m[2m=[0mKalshi [3mbid[0m[2m=[0m0.5400 [3mask[0m[2m=[0m0.5600 [3mmid[0m[2m=[0m0.5500 [3mbid_size[0m[2m=[0m893.00 [3mask_size[0m[2m=[0m62.78
[2m2026-04-12T20:32:16.041854Z[0m [33m WARN[0m [2mmercury::risk::circuit_breaker[0m[2m:[0m Circuit breakers tripped [3mcount[0m[2m=[0m1
[2m2026-04-12T20:32:16.041911Z[0m [33m WARN[0m [2mmercury::engine::market_actor[0m[2m:[0m Opportunity BLOCKED by circuit breakers [3mopp_id[0m[2m=[0me610eeb9-13d0-460e-92ee-91c869d80f0f [3mmarket_id[0m[2m=[0m631deb8c-fbb4-489e-818e-ae698f57f50b [3mapproved_size[0m[2m=[0m49
[2m2026-04-12T20:32:16.041937Z[0m [34mDEBUG[0m [2mmercury::engine::spread[0m[2m:[0m Evaluated spread direction 2 [3mmarket_id[0m[2m=[0m631deb8c-fbb4-489e-818e-ae698f57f50b [3mdirection[0m[2m=[0m"NO-A/YES-B" [3mraw_spread[0m[2m=[0m-0.0700 [3mbid_a[0m[2m=[0m0.5400 [3mask_b[0m[2m=[0m0.61
[2m2026-04-12T20:32:16.042060Z[0m [32m INFO[0m [2mmercury::engine::detector[0m[2m:[0m ARB OPPORTUNITY DETECTED — passing to execution pipeline [3mmarket_id[0m[2m=[0m631deb8c-fbb4-489e-818e-ae698f57f50b [3mnet_spread[0m[2m=[0m0.0255700318572793883402357438 [3mraw_spread[0m[2m=[0m0.0400 [3mscore[0m[2m=[0m0.0997735654672571617302758332 [3mleg_a[0m[2m=[0mKalshi [3mleg_b[0m[2m=[0mPolymarket [3mleg_a_price[0m[2m=[0m0.5600 [3mleg_b_price[0m[2m=[0m0.4 [3mavailable_size[0m[2m=[0m49.5
[2m2026-04-12T20:32:16.042167Z[0m [34mDEBUG[0m [2mmercury::engine::market_actor[0m[2m:[0m Tick received — running arb detection [3mmarket_id[0m[2m=[0m631deb8c-fbb4-489e-818e-ae698f57f50b [3mplatform[0m[2m=[0mKalshi [3mbid[0m[2m=[0m0.5400 [3mask[0m[2m=[0m0.5600 [3mmid[0m[2m=[0m0.5500 [3mbid_size[0m[2m=[0m893.00 [3mask_size[0m[2m=[0m62.78
[2m2026-04-12T20:32:16.042186Z[0m [33m WARN[0m [2mmercury::risk::circuit_breaker[0m[2m:[0m Circuit breakers tripped [3mcount[0m[2m=[0m1
[2m2026-04-12T20:32:16.042228Z[0m [33m WARN[0m [2mmercury::engine::market_actor[0m[2m:[0m Opportunity BLOCKED by circuit breakers [3mopp_id[0m[2m=[0mb2c256a1-34ae-4a37-821a-751c5b759553 [3mmarket_id[0m[2m=[0m631deb8c-fbb4-489e-818e-ae698f57f50b [3mapproved_size[0m[2m=[0m49
[2m2026-04-12T20:32:16.042253Z[0m [34mDEBUG[0m [2mmercury::engine::spread[0m[2m:[0m Evaluated spread direction 2 [3mmarket_id[0m[2m=[0m631deb8c-fbb4-489e-818e-ae698f57f50b [3mdirection[0m[2m=[0m"NO-A/YES-B" [3mraw_spread[0m[2m=[0m-0.0700 [3mbid_a[0m[2m=[0m0.5400 [3mask_b[0m[2m=[0m0.61
[2m2026-04-12T20:32:16.042372Z[0m [32m INFO[0m [2mmercury::engine::detector[0m[2m:[0m ARB OPPORTUNITY DETECTED — passing to execution pipeline [3mmarket_id[0m[2m=[0m631deb8c-fbb4-489e-818e-ae698f57f50b [3mnet_spread[0m[2m=[0m0.0255700318572793883402357438 [3mraw_spread[0m[2m=[0m0.0400 [3mscore[0m[2m=[0m0.0997735654672571617302758332 [3mleg_a[0m[2m=[0mKalshi [3mleg_b[0m[2m=[0mPolymarket [3mleg_a_price[0m[2m=[0m0.5600 [3mleg_b_price[0m[2m=[0m0.4 [3mavailable_size[0m[2m=[0m49.5
[2m2026-04-12T20:32:16.042543Z[0m [33m WARN[0m [2mmercury::risk::circuit_breaker[0m[2m:[0m Circuit breakers tripped [3mcount[0m[2m=[0m1
[2m2026-04-12T20:32:16.042585Z[0m [33m WARN[0m [2mmercury::engine::market_actor[0m[2m:[0m Opportunity BLOCKED by circuit breakers [3mopp_id[0m[2m=[0mebcec103-52c9-4424-9d3b-f7932287a211 [3mmarket_id[0m[2m=[0m631deb8c-fbb4-489e-818e-ae698f57f50b [3mapproved_size[0m[2m=[0m49
[2m2026-04-12T20:32:16.042590Z[0m [33m WARN[0m [2mmercury::risk::circuit_breaker[0m[2m:[0m Circuit breakers tripped [3mcount[0m[2m=[0m1
[2m2026-04-12T20:32:16.042636Z[0m [33m WARN[0m [2mmercury::engine::market_actor[0m[2m:[0m Opportunity BLOCKED by circuit breakers [3mopp_id[0m[2m=[0m220050a3-7bf5-4323-970b-b7ac0d38c53f [3mmarket_id[0m[2m=[0m631deb8c-fbb4-489e-818e-ae698f57f50b [3mapproved_size[0m[2m=[0m49
[2m2026-04-12T20:32:16.043265Z[0m [34mDEBUG[0m [2mmercury::engine::market_actor[0m[2m:[0m Tick received — running arb detection [3mmarket_id[0m[2m=[0m631deb8c-fbb4-489e-818e-ae698f57f50b [3mplatform[0m[2m=[0mKalshi [3mbid[0m[2m=[0m0.5400 [3mask[0m[2m=[0m0.5600 [3mmid[0m[2m=[0m0.5500 [3mbid_size[0m[2m=[0m893.00 [3mask_size[0m[2m=[0m63.11
[2m2026-04-12T20:32:16.043428Z[0m [34mDEBUG[0m [2mmercury::engine::spread[0m[2m:[0m Evaluated spread direction 2 [3mmarket_id[0m[2m=[0m631deb8c-fbb4-489e-818e-ae698f57f50b [3mdirection[0m[2m=[0m"NO-A/YES-B" [3mraw_spread[0m[2m=[0m-0.0700 [3mbid_a[0m[2m=[0m0.5400 [3mask_b[0m[2m=[0m0.61
[2m2026-04-12T20:32:16.043513Z[0m [32m INFO[0m [2mmercury::engine::detector[0m[2m:[0m ARB OPPORTUNITY DETECTED — passing to execution pipeline [3mmarket_id[0m[2m=[0m631deb8c-fbb4-489e-818e-ae698f57f50b [3mnet_spread[0m[2m=[0m0.0255289843131041039454919981 [3mraw_spread[0m[2m=[0m0.0400 [3mscore[0m[2m=[0m0.0996133990717320441286835949 [3mleg_a[0m[2m=[0mKalshi [3mleg_b[0m[2m=[0mPolymarket [3mleg_a_price[0m[2m=[0m0.5600 [3mleg_b_price[0m[2m=[0m0.4 [3mavailable_size[0m[2m=[0m49.5
[2m2026-04-12T20:32:16.043638Z[0m [33m WARN[0m [2mmercury::risk::circuit_breaker[0m[2m:[0m Circuit breakers tripped [3mcount[0m[2m=[0m1
[2m2026-04-12T20:32:16.043678Z[0m [33m WARN[0m [2mmercury::engine::market_actor[0m[2m:[0m Opportunity BLOCKED by circuit breakers [3mopp_id[0m[2m=[0me863feba-779a-452e-975e-500c655f6ad7 [3mmarket_id[0m[2m=[0m631deb8c-fbb4-489e-818e-ae698f57f50b [3mapproved_size[0m[2m=[0m49
[2m2026-04-12T20:32:16.044901Z[0m [34mDEBUG[0m [2mmercury::engine::market_actor[0m[2m:[0m Tick received — running arb detection [3mmarket_id[0m[2m=[0m2b958b37-9921-40b8-b22d-64a67138ae70 [3mplatform[0m[2m=[0mPolymarket [3mbid[0m[2m=[0m0.59 [3mask[0m[2m=[0m0.61 [3mmid[0m[2m=[0m0.60 [3mbid_size[0m[2m=[0m6.72 [3mask_size[0m[2m=[0m12.21
[2m2026-04-12T20:32:16.046445Z[0m [34mDEBUG[0m [2mmercury::engine::market_actor[0m[2m:[0m Tick received — running arb detection [3mmarket_id[0m[2m=[0m631deb8c-fbb4-489e-818e-ae698f57f50b [3mplatform[0m[2m=[0mPolymarket [3mbid[0m[2m=[0m0.6 [3mask[0m[2m=[0m0.61 [3mmid[0m[2m=[0m0.6050 [3mbid_size[0m[2m=[0m49.5 [3mask_size[0m[2m=[0m11
[2m2026-04-12T20:32:16.046594Z[0m [34mDEBUG[0m [2mmercury::engine::spread[0m[2m:[0m Evaluated spread direction 2 [3mmarket_id[0m[2m=[0m631deb8c-fbb4-489e-818e-ae698f57f50b [3mdirection[0m[2m=[0m"NO-A/YES-B" [3mraw_spread[0m[2m=[0m-0.0700 [3mbid_a[0m[2m=[0m0.5400 [3mask_b[0m[2m=[0m0.61
[2m2026-04-12T20:32:16.046748Z[0m [32m INFO[0m [2mmercury::engine::detector[0m[2m:[0m ARB OPPORTUNITY DETECTED — passing to execution pipeline [3mmarket_id[0m[2m=[0m631deb8c-fbb4-489e-818e-ae698f57f50b [3mnet_spread[0m[2m=[0m0.0255289843131041039454919981 [3mraw_spread[0m[2m=[0m0.0400 [3mscore[0m[2m=[0m0.0996133990717320441286835949 [3mleg_a[0m[2m=[0mKalshi [3mleg_b[0m[2m=[0mPolymarket [3mleg_a_price[0m[2m=[0m0.5600 [3mleg_b_price[0m[2m=[0m0.4 [3mavailable_size[0m[2m=[0m49.5
[2m2026-04-12T20:32:16.046953Z[0m [34mDEBUG[0m [2mmercury::engine::market_actor[0m[2m:[0m Tick received — running arb detection [3mmarket_id[0m[2m=[0m631deb8c-fbb4-489e-818e-ae698f57f50b [3mplatform[0m[2m=[0mKalshi [3mbid[0m[2m=[0m0.5400 [3mask[0m[2m=[0m0.5600 [3mmid[0m[2m=[0m0.5500 [3mbid_size[0m[2m=[0m893.00 [3mask_size[0m[2m=[0m63.11
[2m2026-04-12T20:32:16.047090Z[0m [34mDEBUG[0m [2mmercury::engine::spread[0m[2m:[0m Evaluated spread direction 2 [3mmarket_id[0m[2m=[0m631deb8c-fbb4-489e-818e-ae698f57f50b [3mdirection[0m[2m=[0m"NO-A/YES-B" [3mraw_spread[0m[2m=[0m-0.0700 [3mbid_a[0m[2m=[0m0.5400 [3mask_b[0m[2m=[0m0.61
[2m2026-04-12T20:32:16.047133Z[0m [34mDEBUG[0m [2mmercury::engine::market_actor[0m[2m:[0m Tick received — running arb detection [3mmarket_id[0m[2m=[0m79e1f598-7189-438f-a66e-b184b04be477 [3mplatform[0m[2m=[0mPolymarket [3mbid[0m[2m=[0m0.45 [3mask[0m[2m=[0m0.46 [3mmid[0m[2m=[0m0.4550 [3mbid_size[0m[2m=[0m16.67 [3mask_size[0m[2m=[0m45
[2m2026-04-12T20:32:16.047268Z[0m [32m INFO[0m [2mmercury::engine::detector[0m[2m:[0m ARB OPPORTUNITY DETECTED — passing to execution pipeline [3mmarket_id[0m[2m=[0m631deb8c-fbb4-489e-818e-ae698f57f50b [3mnet_spread[0m[2m=[0m0.0255289843131041039454919981 [3mraw_spread[0m[2m=[0m0.0400 [3mscore[0m[2m=[0m0.0996133990717320441286835949 [3mleg_a[0m[2m=[0mKalshi [3mleg_b[0m[2m=[0mPolymarket [3mleg_a_price[0m[2m=[0m0.5600 [3mleg_b_price[0m[2m=[0m0.4 [3mavailable_size[0m[2m=[0m49.5
[2m2026-04-12T20:32:16.047314Z[0m [34mDEBUG[0m [2mmercury::engine::market_actor[0m[2m:[0m Tick received — running arb detection [3mmarket_id[0m[2m=[0m9046452d-bcb3-4bb8-8925-8924b7439992 [3mplatform[0m[2m=[0mPolymarket [3mbid[0m[2m=[0m0.49 [3mask[0m[2m=[0m0.5 [3mmid[0m[2m=[0m0.4950 [3mbid_size[0m[2m=[0m7.2 [3mask_size[0m[2m=[0m129.15
[2m2026-04-12T20:32:16.047478Z[0m [34mDEBUG[0m [2mmercury::engine::market_actor[0m[2m:[0m Tick received — running arb detection [3mmarket_id[0m[2m=[0m2b958b37-9921-40b8-b22d-64a67138ae70 [3mplatform[0m[2m=[0mPolymarket [3mbid[0m[2m=[0m0.59 [3mask[0m[2m=[0m0.61 [3mmid[0m[2m=[0m0.60 [3mbid_size[0m[2m=[0m6.72 [3mask_size[0m[2m=[0m12.21
[2m2026-04-12T20:32:16.047483Z[0m [34mDEBUG[0m [2mmercury::engine::market_actor[0m[2m:[0m Tick received — running arb detection [3mmarket_id[0m[2m=[0m631deb8c-fbb4-489e-818e-ae698f57f50b [3mplatform[0m[2m=[0mKalshi [3mbid[0m[2m=[0m0.5400 [3mask[0m[2m=[0m0.5600 [3mmid[0m[2m=[0m0.5500 [3mbid_size[0m[2m=[0m893.00 [3mask_size[0m[2m=[0m63.11
[2m2026-04-12T20:32:16.047523Z[0m [33m WARN[0m [2mmercury::risk::circuit_breaker[0m[2m:[0m Circuit breakers tripped [3mcount[0m[2m=[0m1
[2m2026-04-12T20:32:16.047638Z[0m [33m WARN[0m [2mmercury::engine::market_actor[0m[2m:[0m Opportunity BLOCKED by circuit breakers [3mopp_id[0m[2m=[0mb8aa6a4d-b7c4-4c62-ae93-7f997e1f61d0 [3mmarket_id[0m[2m=[0m631deb8c-fbb4-489e-818e-ae698f57f50b [3mapproved_size[0m[2m=[0m49
[2m2026-04-12T20:32:16.047694Z[0m [34mDEBUG[0m [2mmercury::engine::spread[0m[2m:[0m Evaluated spread direction 2 [3mmarket_id[0m[2m=[0m631deb8c-fbb4-489e-818e-ae698f57f50b [3mdirection[0m[2m=[0m"NO-A/YES-B" [3mraw_spread[0m[2m=[0m-0.0700 [3mbid_a[0m[2m=[0m0.5400 [3mask_b[0m[2m=[0m0.61
[2m2026-04-12T20:32:16.047801Z[0m [32m INFO[0m [2mmercury::engine::detector[0m[2m:[0m ARB OPPORTUNITY DETECTED — passing to execution pipeline [3mmarket_id[0m[2m=[0m631deb8c-fbb4-489e-818e-ae698f57f50b [3mnet_spread[0m[2m=[0m0.0255289843131041039454919981 [3mraw_spread[0m[2m=[0m0.0400 [3mscore[0m[2m=[0m0.0996133990717320441286835949 [3mleg_a[0m[2m=[0mKalshi [3mleg_b[0m[2m=[0mPolymarket [3mleg_a_price[0m[2m=[0m0.5600 [3mleg_b_price[0m[2m=[0m0.4 [3mavailable_size[0m[2m=[0m49.5
[2m2026-04-12T20:32:16.048038Z[0m [34mDEBUG[0m [2mmercury::engine::market_actor[0m[2m:[0m Tick received — running arb detection [3mmarket_id[0m[2m=[0m631deb8c-fbb4-489e-818e-ae698f57f50b [3mplatform[0m[2m=[0mPolymarket [3mbid[0m[2m=[0m0.6 [3mask[0m[2m=[0m0.61 [3mmid[0m[2m=[0m0.6050 [3mbid_size[0m[2m=[0m49.5 [3mask_size[0m[2m=[0m11
[2m2026-04-12T20:32:16.048119Z[0m [33m WARN[0m [2mmercury::risk::circuit_breaker[0m[2m:[0m Circuit breakers tripped [3mcount[0m[2m=[0m1
[2m2026-04-12T20:32:16.048184Z[0m [33m WARN[0m [2mmercury::engine::market_actor[0m[2m:[0m Opportunity BLOCKED by circuit breakers [3mopp_id[0m[2m=[0m1633f776-724c-40c8-af39-56f9eee0521b [3mmarket_id[0m[2m=[0m631deb8c-fbb4-489e-818e-ae698f57f50b [3mapproved_size[0m[2m=[0m49
[2m2026-04-12T20:32:16.048192Z[0m [34mDEBUG[0m [2mmercury::engine::spread[0m[2m:[0m Evaluated spread direction 2 [3mmarket_id[0m[2m=[0m631deb8c-fbb4-489e-818e-ae698f57f50b [3mdirection[0m[2m=[0m"NO-A/YES-B" [3mraw_spread[0m[2m=[0m-0.0700 [3mbid_a[0m[2m=[0m0.5400 [3mask_b[0m[2m=[0m0.61
[2m2026-04-12T20:32:16.048315Z[0m [32m INFO[0m [2mmercury::engine::detector[0m[2m:[0m ARB OPPORTUNITY DETECTED — passing to execution pipeline [3mmarket_id[0m[2m=[0m631deb8c-fbb4-489e-818e-ae698f57f50b [3mnet_spread[0m[2m=[0m0.0255289843131041039454919981 [3mraw_spread[0m[2m=[0m0.0400 [3mscore[0m[2m=[0m0.0996133990717320441286835949 [3mleg_a[0m[2m=[0mKalshi [3mleg_b[0m[2m=[0mPolymarket [3mleg_a_price[0m[2m=[0m0.5600 [3mleg_b_price[0m[2m=[0m0.4 [3mavailable_size[0m[2m=[0m49.5
[2m2026-04-12T20:32:16.048460Z[0m [33m WARN[0m [2mmercury::risk::circuit_breaker[0m[2m:[0m Circuit breakers tripped [3mcount[0m[2m=[0m1
[2m2026-04-12T20:32:16.048573Z[0m [33m WARN[0m [2mmercury::engine::market_actor[0m[2m:[0m Opportunity BLOCKED by circuit breakers [3mopp_id[0m[2m=[0m4a2d7a44-539d-4db5-9dfc-3f2e750a6738 [3mmarket_id[0m[2m=[0m631deb8c-fbb4-489e-818e-ae698f57f50b [3mapproved_size[0m[2m=[0m49
[2m2026-04-12T20:32:16.048642Z[0m [33m WARN[0m [2mmercury::risk::circuit_breaker[0m[2m:[0m Circuit breakers tripped [3mcount[0m[2m=[0m1
[2m2026-04-12T20:32:16.048747Z[0m [33m WARN[0m [2mmercury::engine::market_actor[0m[2m:[0m Opportunity BLOCKED by circuit breakers [3mopp_id[0m[2m=[0m63ed22e3-7b6f-4345-9939-9dd4db1b1c57 [3mmarket_id[0m[2m=[0m631deb8c-fbb4-489e-818e-ae698f57f50b [3mapproved_size[0m[2m=[0m49
[2m2026-04-12T20:32:16.049044Z[0m [34mDEBUG[0m [2mmercury::engine::market_actor[0m[2m:[0m Tick received — running arb detection [3mmarket_id[0m[2m=[0m9046452d-bcb3-4bb8-8925-8924b7439992 [3mplatform[0m[2m=[0mPolymarket [3mbid[0m[2m=[0m0.49 [3mask[0m[2m=[0m0.5 [3mmid[0m[2m=[0m0.4950 [3mbid_size[0m[2m=[0m7.2 [3mask_size[0m[2m=[0m129.15
[2m2026-04-12T20:32:16.050286Z[0m [34mDEBUG[0m [2mmercury::engine::market_actor[0m[2m:[0m Tick received — running arb detection [3mmarket_id[0m[2m=[0m631deb8c-fbb4-489e-818e-ae698f57f50b [3mplatform[0m[2m=[0mPolymarket [3mbid[0m[2m=[0m0.6 [3mask[0m[2m=[0m0.61 [3mmid[0m[2m=[0m0.6050 [3mbid_size[0m[2m=[0m49.5 [3mask_size[0m[2m=[0m11
[2m2026-04-12T20:32:16.050464Z[0m [34mDEBUG[0m [2mmercury::engine::spread[0m[2m:[0m Evaluated spread direction 2 [3mmarket_id[0m[2m=[0m631deb8c-fbb4-489e-818e-ae698f57f50b [3mdirection[0m[2m=[0m"NO-A/YES-B" [3mraw_spread[0m[2m=[0m-0.0700 [3mbid_a[0m[2m=[0m0.5400 [3mask_b[0m[2m=[0m0.61
[2m2026-04-12T20:32:16.050682Z[0m [32m INFO[0m [2mmercury::engine::detector[0m[2m:[0m ARB OPPORTUNITY DETECTED — passing to execution pipeline [3mmarket_id[0m[2m=[0m631deb8c-fbb4-489e-818e-ae698f57f50b [3mnet_spread[0m[2m=[0m0.0255289843131041039454919981 [3mraw_spread[0m[2m=[0m0.0400 [3mscore[0m[2m=[0m0.0996133990717320441286835949 [3mleg_a[0m[2m=[0mKalshi [3mleg_b[0m[2m=[0mPolymarket [3mleg_a_price[0m[2m=[0m0.5600 [3mleg_b_price[0m[2m=[0m0.4 [3mavailable_size[0m[2m=[0m49.5
[2m2026-04-12T20:32:16.050958Z[0m [33m WARN[0m [2mmercury::risk::circuit_breaker[0m[2m:[0m Circuit breakers tripped [3mcount[0m[2m=[0m1
[2m2026-04-12T20:32:16.051000Z[0m [33m WARN[0m [2mmercury::engine::market_actor[0m[2m:[0m Opportunity BLOCKED by circuit breakers [3mopp_id[0m[2m=[0m9485f3a1-c09d-44fb-a39e-7e79752ce4f1 [3mmarket_id[0m[2m=[0m631deb8c-fbb4-489e-818e-ae698f57f50b [3mapproved_size[0m[2m=[0m49
[2m2026-04-12T20:32:16.052053Z[0m [34mDEBUG[0m [2mmercury::engine::market_actor[0m[2m:[0m Tick received — running arb detection [3mmarket_id[0m[2m=[0m631deb8c-fbb4-489e-818e-ae698f57f50b [3mplatform[0m[2m=[0mPolymarket [3mbid[0m[2m=[0m0.6 [3mask[0m[2m=[0m0.61 [3mmid[0m[2m=[0m0.6050 [3mbid_size[0m[2m=[0m49.5 [3mask_size[0m[2m=[0m11
[2m2026-04-12T20:32:16.052183Z[0m [34mDEBUG[0m [2mmercury::engine::spread[0m[2m:[0m Evaluated spread direction 2 [3mmarket_id[0m[2m=[0m631deb8c-fbb4-489e-818e-ae698f57f50b [3mdirection[0m[2m=[0m"NO-A/YES-B" [3mraw_spread[0m[2m=[0m-0.0700 [3mbid_a[0m[2m=[0m0.5400 [3mask_b[0m[2m=[0m0.61
[2m2026-04-12T20:32:16.052303Z[0m [32m INFO[0m [2mmercury::engine::detector[0m[2m:[0m ARB OPPORTUNITY DETECTED — passing to execution pipeline [3mmarket_id[0m[2m=[0m631deb8c-fbb4-489e-818e-ae698f57f50b [3mnet_spread[0m[2m=[0m0.0255289843131041039454919981 [3mraw_spread[0m[2m=[0m0.0400 [3mscore[0m[2m=[0m0.0996133990717320441286835949 [3mleg_a[0m[2m=[0mKalshi [3mleg_b[0m[2m=[0mPolymarket [3mleg_a_price[0m[2m=[0m0.5600 [3mleg_b_price[0m[2m=[0m0.4 [3mavailable_size[0m[2m=[0m49.5
[2m2026-04-12T20:32:16.052461Z[0m [33m WARN[0m [2mmercury::risk::circuit_breaker[0m[2m:[0m Circuit breakers tripped [3mcount[0m[2m=[0m1
[2m2026-04-12T20:32:16.052515Z[0m [33m WARN[0m [2mmercury::engine::market_actor[0m[2m:[0m Opportunity BLOCKED by circuit breakers [3mopp_id[0m[2m=[0mbfb78bb4-cb5a-492a-8478-415ab9de84a7 [3mmarket_id[0m[2m=[0m631deb8c-fbb4-489e-818e-ae698f57f50b [3mapproved_size[0m[2m=[0m49
[2m2026-04-12T20:32:16.067523Z[0m [34mDEBUG[0m [2mmercury::engine::market_actor[0m[2m:[0m Tick received — running arb detection [3mmarket_id[0m[2m=[0m631deb8c-fbb4-489e-818e-ae698f57f50b [3mplatform[0m[2m=[0mKalshi [3mbid[0m[2m=[0m0.5400 [3mask[0m[2m=[0m0.5600 [3mmid[0m[2m=[0m0.5500 [3mbid_size[0m[2m=[0m893.00 [3mask_size[0m[2m=[0m62.78
[2m2026-04-12T20:32:16.067679Z[0m [34mDEBUG[0m [2mmercury::engine::spread[0m[2m:[0m Evaluated spread direction 2 [3mmarket_id[0m[2m=[0m631deb8c-fbb4-489e-818e-ae698f57f50b [3mdirection[0m[2m=[0m"NO-A/YES-B" [3mraw_spread[0m[2m=[0m-0.0700 [3mbid_a[0m[2m=[0m0.5400 [3mask_b[0m[2m=[0m0.61
[2m2026-04-12T20:32:16.067773Z[0m [32m INFO[0m [2mmercury::engine::detector[0m[2m:[0m ARB OPPORTUNITY DETECTED — passing to execution pipeline [3mmarket_id[0m[2m=[0m631deb8c-fbb4-489e-818e-ae698f57f50b [3mnet_spread[0m[2m=[0m0.0255700318572793883402357438 [3mraw_spread[0m[2m=[0m0.0400 [3mscore[0m[2m=[0m0.0997735654672571617302758332 [3mleg_a[0m[2m=[0mKalshi [3mleg_b[0m[2m=[0mPolymarket [3mleg_a_price[0m[2m=[0m0.5600 [3mleg_b_price[0m[2m=[0m0.4 [3mavailable_size[0m[2m=[0m49.5
[2m2026-04-12T20:32:16.067913Z[0m [33m WARN[0m [2mmercury::risk::circuit_breaker[0m[2m:[0m Circuit breakers tripped [3mcount[0m[2m=[0m1
[2m2026-04-12T20:32:16.067956Z[0m [33m WARN[0m [2mmercury::engine::market_actor[0m[2m:[0m Opportunity BLOCKED by circuit breakers [3mopp_id[0m[2m=[0m89df8adf-9983-456e-81fc-13ae6e17474e [3mmarket_id[0m[2m=[0m631deb8c-fbb4-489e-818e-ae698f57f50b [3mapproved_size[0m[2m=[0m49
[2m2026-04-12T20:32:16.068409Z[0m [34mDEBUG[0m [2mmercury::engine::market_actor[0m[2m:[0m Tick received — running arb detection [3mmarket_id[0m[2m=[0m631deb8c-fbb4-489e-818e-ae698f57f50b [3mplatform[0m[2m=[0mKalshi [3mbid[0m[2m=[0m0.5400 [3mask[0m[2m=[0m0.5600 [3mmid[0m[2m=[0m0.5500 [3mbid_size[0m[2m=[0m893.00 [3mask_size[0m[2m=[0m62.45
[2m2026-04-12T20:32:16.068515Z[0m [34mDEBUG[0m [2mmercury::engine::spread[0m[2m:[0m Evaluated spread direction 2 [3mmarket_id[0m[2m=[0m631deb8c-fbb4-489e-818e-ae698f57f50b [3mdirection[0m[2m=[0m"NO-A/YES-B" [3mraw_spread[0m[2m=[0m-0.0700 [3mbid_a[0m[2m=[0m0.5400 [3mask_b[0m[2m=[0m0.61
[2m2026-04-12T20:32:16.068602Z[0m [32m INFO[0m [2mmercury::engine::detector[0m[2m:[0m ARB OPPORTUNITY DETECTED — passing to execution pipeline [3mmarket_id[0m[2m=[0m631deb8c-fbb4-489e-818e-ae698f57f50b [3mnet_spread[0m[2m=[0m0.0256115132105684547638110489 [3mraw_spread[0m[2m=[0m0.0400 [3mscore[0m[2m=[0m0.0999354245740880692056399038 [3mleg_a[0m[2m=[0mKalshi [3mleg_b[0m[2m=[0mPolymarket [3mleg_a_price[0m[2m=[0m0.5600 [3mleg_b_price[0m[2m=[0m0.4 [3mavailable_size[0m[2m=[0m49.5
[2m2026-04-12T20:32:16.068727Z[0m [33m WARN[0m [2mmercury::risk::circuit_breaker[0m[2m:[0m Circuit breakers tripped [3mcount[0m[2m=[0m1
[2m2026-04-12T20:32:16.068769Z[0m [33m WARN[0m [2mmercury::engine::market_actor[0m[2m:[0m Opportunity BLOCKED by circuit breakers [3mopp_id[0m[2m=[0m20d1839c-ef20-4691-a346-5f9c1be3dbee [3mmarket_id[0m[2m=[0m631deb8c-fbb4-489e-818e-ae698f57f50b [3mapproved_size[0m[2m=[0m49
[2m2026-04-12T20:32:16.072180Z[0m [34mDEBUG[0m [2mmercury::engine::market_actor[0m[2m:[0m Tick received — running arb detection [3mmarket_id[0m[2m=[0m631deb8c-fbb4-489e-818e-ae698f57f50b [3mplatform[0m[2m=[0mKalshi [3mbid[0m[2m=[0m0.5400 [3mask[0m[2m=[0m0.5600 [3mmid[0m[2m=[0m0.5500 [3mbid_size[0m[2m=[0m893.00 [3mask_size[0m[2m=[0m62.45
[2m2026-04-12T20:32:16.072287Z[0m [34mDEBUG[0m [2mmercury::engine::spread[0m[2m:[0m Evaluated spread direction 2 [3mmarket_id[0m[2m=[0m631deb8c-fbb4-489e-818e-ae698f57f50b [3mdirection[0m[2m=[0m"NO-A/YES-B" [3mraw_spread[0m[2m=[0m-0.0700 [3mbid_a[0m[2m=[0m0.5400 [3mask_b[0m[2m=[0m0.61
[2m2026-04-12T20:32:16.072376Z[0m [32m INFO[0m [2mmercury::engine::detector[0m[2m:[0m ARB OPPORTUNITY DETECTED — passing to execution pipeline [3mmarket_id[0m[2m=[0m631deb8c-fbb4-489e-818e-ae698f57f50b [3mnet_spread[0m[2m=[0m0.0256115132105684547638110489 [3mraw_spread[0m[2m=[0m0.0400 [3mscore[0m[2m=[0m0.0999354245740880692056399038 [3mleg_a[0m[2m=[0mKalshi [3mleg_b[0m[2m=[0mPolymarket [3mleg_a_price[0m[2m=[0m0.5600 [3mleg_b_price[0m[2m=[0m0.4 [3mavailable_size[0m[2m=[0m49.5
[2m2026-04-12T20:32:16.072485Z[0m [34mDEBUG[0m [2mmercury::engine::market_actor[0m[2m:[0m Tick received — running arb detection [3mmarket_id[0m[2m=[0m631deb8c-fbb4-489e-818e-ae698f57f50b [3mplatform[0m[2m=[0mKalshi [3mbid[0m[2m=[0m0.5400 [3mask[0m[2m=[0m0.5600 [3mmid[0m[2m=[0m0.5500 [3mbid_size[0m[2m=[0m893.00 [3mask_size[0m[2m=[0m62.45
[2m2026-04-12T20:32:16.072670Z[0m [34mDEBUG[0m [2mmercury::engine::spread[0m[2m:[0m Evaluated spread direction 2 [3mmarket_id[0m[2m=[0m631deb8c-fbb4-489e-818e-ae698f57f50b [3mdirection[0m[2m=[0m"NO-A/YES-B" [3mraw_spread[0m[2m=[0m-0.0700 [3mbid_a[0m[2m=[0m0.5400 [3mask_b[0m[2m=[0m0.61
[2m2026-04-12T20:32:16.072789Z[0m [32m INFO[0m [2mmercury::engine::detector[0m[2m:[0m ARB OPPORTUNITY DETECTED — passing to execution pipeline [3mmarket_id[0m[2m=[0m631deb8c-fbb4-489e-818e-ae698f57f50b [3mnet_spread[0m[2m=[0m0.0256115132105684547638110489 [3mraw_spread[0m[2m=[0m0.0400 [3mscore[0m[2m=[0m0.0999354245740880692056399038 [3mleg_a[0m[2m=[0mKalshi [3mleg_b[0m[2m=[0mPolymarket [3mleg_a_price[0m[2m=[0m0.5600 [3mleg_b_price[0m[2m=[0m0.4 [3mavailable_size[0m[2m=[0m49.5
[2m2026-04-12T20:32:16.073057Z[0m [34mDEBUG[0m [2mmercury::engine::market_actor[0m[2m:[0m Tick received — running arb detection [3mmarket_id[0m[2m=[0m631deb8c-fbb4-489e-818e-ae698f57f50b [3mplatform[0m[2m=[0mKalshi [3mbid[0m[2m=[0m0.5400 [3mask[0m[2m=[0m0.5600 [3mmid[0m[2m=[0m0.5500 [3mbid_size[0m[2m=[0m893.00 [3mask_size[0m[2m=[0m62.45
[2m2026-04-12T20:32:16.073160Z[0m [33m WARN[0m [2mmercury::risk::circuit_breaker[0m[2m:[0m Circuit breakers tripped [3mcount[0m[2m=[0m1
[2m2026-04-12T20:32:16.073224Z[0m [33m WARN[0m [2mmercury::engine::market_actor[0m[2m:[0m Opportunity BLOCKED by circuit breakers [3mopp_id[0m[2m=[0mdc6c86e1-2c43-46a3-8ef8-e18fb83e5f27 [3mmarket_id[0m[2m=[0m631deb8c-fbb4-489e-818e-ae698f57f50b [3mapproved_size[0m[2m=[0m49
[2m2026-04-12T20:32:16.073234Z[0m [34mDEBUG[0m [2mmercury::engine::spread[0m[2m:[0m Evaluated spread direction 2 [3mmarket_id[0m[2m=[0m631deb8c-fbb4-489e-818e-ae698f57f50b [3mdirection[0m[2m=[0m"NO-A/YES-B" [3mraw_spread[0m[2m=[0m-0.0700 [3mbid_a[0m[2m=[0m0.5400 [3mask_b[0m[2m=[0m0.61
[2m2026-04-12T20:32:16.073349Z[0m [32m INFO[0m [2mmercury::engine::detector[0m[2m:[0m ARB OPPORTUNITY DETECTED — passing to execution pipeline [3mmarket_id[0m[2m=[0m631deb8c-fbb4-489e-818e-ae698f57f50b [3mnet_spread[0m[2m=[0m0.0256115132105684547638110489 [3mraw_spread[0m[2m=[0m0.0400 [3mscore[0m[2m=[0m0.0999354245740880692056399038 [3mleg_a[0m[2m=[0mKalshi [3mleg_b[0m[2m=[0mPolymarket [3mleg_a_price[0m[2m=[0m0.5600 [3mleg_b_price[0m[2m=[0m0.4 [3mavailable_size[0m[2m=[0m49.5
[2m2026-04-12T20:32:16.073459Z[0m [34mDEBUG[0m [2mmercury::engine::market_actor[0m[2m:[0m Tick received — running arb detection [3mmarket_id[0m[2m=[0m631deb8c-fbb4-489e-818e-ae698f57f50b [3mplatform[0m[2m=[0mKalshi [3mbid[0m[2m=[0m0.5400 [3mask[0m[2m=[0m0.5600 [3mmid[0m[2m=[0m0.5500 [3mbid_size[0m[2m=[0m893.00 [3mask_size[0m[2m=[0m62.45
[2m2026-04-12T20:32:16.073569Z[0m [33m WARN[0m [2mmercury::risk::circuit_breaker[0m[2m:[0m Circuit breakers tripped [3mcount[0m[2m=[0m1
[2m2026-04-12T20:32:16.073652Z[0m [34mDEBUG[0m [2mmercury::engine::spread[0m[2m:[0m Evaluated spread direction 2 [3mmarket_id[0m[2m=[0m631deb8c-fbb4-489e-818e-ae698f57f50b [3mdirection[0m[2m=[0m"NO-A/YES-B" [3mraw_spread[0m[2m=[0m-0.0700 [3mbid_a[0m[2m=[0m0.5400 [3mask_b[0m[2m=[0m0.61
[2m2026-04-12T20:32:16.073674Z[0m [33m WARN[0m [2mmercury::engine::market_actor[0m[2m:[0m Opportunity BLOCKED by circuit breakers [3mopp_id[0m[2m=[0m360fae16-fb55-4fd8-80a1-470b9ff3661d [3mmarket_id[0m[2m=[0m631deb8c-fbb4-489e-818e-ae698f57f50b [3mapproved_size[0m[2m=[0m49
[2m2026-04-12T20:32:16.073793Z[0m [32m INFO[0m [2mmercury::engine::detector[0m[2m:[0m ARB OPPORTUNITY DETECTED — passing to execution pipeline [3mmarket_id[0m[2m=[0m631deb8c-fbb4-489e-818e-ae698f57f50b [3mnet_spread[0m[2m=[0m0.0256115132105684547638110489 [3mraw_spread[0m[2m=[0m0.0400 [3mscore[0m[2m=[0m0.0999354245740880692056399038 [3mleg_a[0m[2m=[0mKalshi [3mleg_b[0m[2m=[0mPolymarket [3mleg_a_price[0m[2m=[0m0.5600 [3mleg_b_price[0m[2m=[0m0.4 [3mavailable_size[0m[2m=[0m49.5
[2m2026-04-12T20:32:16.073919Z[0m [33m WARN[0m [2mmercury::risk::circuit_breaker[0m[2m:[0m Circuit breakers tripped [3mcount[0m[2m=[0m1
[2m2026-04-12T20:32:16.073983Z[0m [33m WARN[0m [2mmercury::engine::market_actor[0m[2m:[0m Opportunity BLOCKED by circuit breakers [3mopp_id[0m[2m=[0m702849b3-6d03-41e1-8405-d513750bddf2 [3mmarket_id[0m[2m=[0m631deb8c-fbb4-489e-818e-ae698f57f50b [3mapproved_size[0m[2m=[0m49
[2m2026-04-12T20:32:16.073989Z[0m [33m WARN[0m [2mmercury::risk::circuit_breaker[0m[2m:[0m Circuit breakers tripped [3mcount[0m[2m=[0m1
[2m2026-04-12T20:32:16.074065Z[0m [33m WARN[0m [2mmercury::engine::market_actor[0m[2m:[0m Opportunity BLOCKED by circuit breakers [3mopp_id[0m[2m=[0mdcb88e13-031b-4045-8528-c7f43db90cfe [3mmarket_id[0m[2m=[0m631deb8c-fbb4-489e-818e-ae698f57f50b [3mapproved_size[0m[2m=[0m49
[2m2026-04-12T20:32:16.075507Z[0m [34mDEBUG[0m [2mmercury::engine::market_actor[0m[2m:[0m Tick received — running arb detection [3mmarket_id[0m[2m=[0m631deb8c-fbb4-489e-818e-ae698f57f50b [3mplatform[0m[2m=[0mKalshi [3mbid[0m[2m=[0m0.5400 [3mask[0m[2m=[0m0.5600 [3mmid[0m[2m=[0m0.5500 [3mbid_size[0m[2m=[0m893.00 [3mask_size[0m[2m=[0m62.45
[2m2026-04-12T20:32:16.075650Z[0m [34mDEBUG[0m [2mmercury::engine::spread[0m[2m:[0m Evaluated spread direction 2 [3mmarket_id[0m[2m=[0m631deb8c-fbb4-489e-818e-ae698f57f50b [3mdirection[0m[2m=[0m"NO-A/YES-B" [3mraw_spread[0m[2m=[0m-0.0700 [3mbid_a[0m[2m=[0m0.5400 [3mask_b[0m[2m=[0m0.61
[2m2026-04-12T20:32:16.075737Z[0m [32m INFO[0m [2mmercury::engine::detector[0m[2m:[0m ARB OPPORTUNITY DETECTED — passing to execution pipeline [3mmarket_id[0m[2m=[0m631deb8c-fbb4-489e-818e-ae698f57f50b [3mnet_spread[0m[2m=[0m0.0256115132105684547638110489 [3mraw_spread[0m[2m=[0m0.0400 [3mscore[0m[2m=[0m0.0999354245740880692056399038 [3mleg_a[0m[2m=[0mKalshi [3mleg_b[0m[2m=[0mPolymarket [3mleg_a_price[0m[2m=[0m0.5600 [3mleg_b_price[0m[2m=[0m0.4 [3mavailable_size[0m[2m=[0m49.5
[2m2026-04-12T20:32:16.075845Z[0m [34mDEBUG[0m [2mmercury::engine::market_actor[0m[2m:[0m Tick received — running arb detection [3mmarket_id[0m[2m=[0m631deb8c-fbb4-489e-818e-ae698f57f50b [3mplatform[0m[2m=[0mKalshi [3mbid[0m[2m=[0m0.5400 [3mask[0m[2m=[0m0.5600 [3mmid[0m[2m=[0m0.5500 [3mbid_size[0m[2m=[0m893.00 [3mask_size[0m[2m=[0m62.45
[2m2026-04-12T20:32:16.075936Z[0m [34mDEBUG[0m [2mmercury::engine::spread[0m[2m:[0m Evaluated spread direction 2 [3mmarket_id[0m[2m=[0m631deb8c-fbb4-489e-818e-ae698f57f50b [3mdirection[0m[2m=[0m"NO-A/YES-B" [3mraw_spread[0m[2m=[0m-0.0700 [3mbid_a[0m[2m=[0m0.5400 [3mask_b[0m[2m=[0m0.61
[2m2026-04-12T20:32:16.076018Z[0m [32m INFO[0m [2mmercury::engine::detector[0m[2m:[0m ARB OPPORTUNITY DETECTED — passing to execution pipeline [3mmarket_id[0m[2m=[0m631deb8c-fbb4-489e-818e-ae698f57f50b [3mnet_spread[0m[2m=[0m0.0256115132105684547638110489 [3mraw_spread[0m[2m=[0m0.0400 [3mscore[0m[2m=[0m0.0999354245740880692056399038 [3mleg_a[0m[2m=[0mKalshi [3mleg_b[0m[2m=[0mPolymarket [3mleg_a_price[0m[2m=[0m0.5600 [3mleg_b_price[0m[2m=[0m0.4 [3mavailable_size[0m[2m=[0m49.5
[2m2026-04-12T20:32:16.076181Z[0m [33m WARN[0m [2mmercury::risk::circuit_breaker[0m[2m:[0m Circuit breakers tripped [3mcount[0m[2m=[0m1
[2m2026-04-12T20:32:16.076264Z[0m [33m WARN[0m [2mmercury::engine::market_actor[0m[2m:[0m Opportunity BLOCKED by circuit breakers [3mopp_id[0m[2m=[0mcee15861-d5df-4bd8-a14a-a223a62476de [3mmarket_id[0m[2m=[0m631deb8c-fbb4-489e-818e-ae698f57f50b [3mapproved_size[0m[2m=[0m49
[2m2026-04-12T20:32:16.076323Z[0m [33m WARN[0m [2mmercury::risk::circuit_breaker[0m[2m:[0m Circuit breakers tripped [3mcount[0m[2m=[0m1
[2m2026-04-12T20:32:16.076382Z[0m [33m WARN[0m [2mmercury::engine::market_actor[0m[2m:[0m Opportunity BLOCKED by circuit breakers [3mopp_id[0m[2m=[0m63af57ae-42e9-45fe-a3a0-17ae9675bbda [3mmarket_id[0m[2m=[0m631deb8c-fbb4-489e-818e-ae698f57f50b [3mapproved_size[0m[2m=[0m49
[2m2026-04-12T20:32:16.090699Z[0m [34mDEBUG[0m [2mmercury::engine::market_actor[0m[2m:[0m Tick received — running arb detection [3mmarket_id[0m[2m=[0m631deb8c-fbb4-489e-818e-ae698f57f50b [3mplatform[0m[2m=[0mKalshi [3mbid[0m[2m=[0m0.5400 [3mask[0m[2m=[0m0.5600 [3mmid[0m[2m=[0m0.5500 [3mbid_size[0m[2m=[0m693.00 [3mask_size[0m[2m=[0m62.45
[2m2026-04-12T20:32:16.090856Z[0m [34mDEBUG[0m [2mmercury::engine::spread[0m[2m:[0m Evaluated spread direction 2 [3mmarket_id[0m[2m=[0m631deb8c-fbb4-489e-818e-ae698f57f50b [3mdirection[0m[2m=[0m"NO-A/YES-B" [3mraw_spread[0m[2m=[0m-0.0700 [3mbid_a[0m[2m=[0m0.5400 [3mask_b[0m[2m=[0m0.61
[2m2026-04-12T20:32:16.090988Z[0m [32m INFO[0m [2mmercury::engine::detector[0m[2m:[0m ARB OPPORTUNITY DETECTED — passing to execution pipeline [3mmarket_id[0m[2m=[0m631deb8c-fbb4-489e-818e-ae698f57f50b [3mnet_spread[0m[2m=[0m0.0256115132105684547638110489 [3mraw_spread[0m[2m=[0m0.0400 [3mscore[0m[2m=[0m0.0999354245740880692056399038 [3mleg_a[0m[2m=[0mKalshi [3mleg_b[0m[2m=[0mPolymarket [3mleg_a_price[0m[2m=[0m0.5600 [3mleg_b_price[0m[2m=[0m0.4 [3mavailable_size[0m[2m=[0m49.5
[2m2026-04-12T20:32:16.091100Z[0m [34mDEBUG[0m [2mmercury::engine::market_actor[0m[2m:[0m Tick received — running arb detection [3mmarket_id[0m[2m=[0m631deb8c-fbb4-489e-818e-ae698f57f50b [3mplatform[0m[2m=[0mKalshi [3mbid[0m[2m=[0m0.5400 [3mask[0m[2m=[0m0.5600 [3mmid[0m[2m=[0m0.5500 [3mbid_size[0m[2m=[0m693.00 [3mask_size[0m[2m=[0m62.45
[2m2026-04-12T20:32:16.091191Z[0m [34mDEBUG[0m [2mmercury::engine::spread[0m[2m:[0m Evaluated spread direction 2 [3mmarket_id[0m[2m=[0m631deb8c-fbb4-489e-818e-ae698f57f50b [3mdirection[0m[2m=[0m"NO-A/YES-B" [3mraw_spread[0m[2m=[0m-0.0700 [3mbid_a[0m[2m=[0m0.5400 [3mask_b[0m[2m=[0m0.61
[2m2026-04-12T20:32:16.091274Z[0m [32m INFO[0m [2mmercury::engine::detector[0m[2m:[0m ARB OPPORTUNITY DETECTED — passing to execution pipeline [3mmarket_id[0m[2m=[0m631deb8c-fbb4-489e-818e-ae698f57f50b [3mnet_spread[0m[2m=[0m0.0256115132105684547638110489 [3mraw_spread[0m[2m=[0m0.0400 [3mscore[0m[2m=[0m0.0999354245740880692056399038 [3mleg_a[0m[2m=[0mKalshi [3mleg_b[0m[2m=[0mPolymarket [3mleg_a_price[0m[2m=[0m0.5600 [3mleg_b_price[0m[2m=[0m0.4 [3mavailable_size[0m[2m=[0m49.5
[2m2026-04-12T20:32:16.091411Z[0m [33m WARN[0m [2mmercury::risk::circuit_breaker[0m[2m:[0m Circuit breakers tripped [3mcount[0m[2m=[0m1
[2m2026-04-12T20:32:16.091523Z[0m [33m WARN[0m [2mmercury::engine::market_actor[0m[2m:[0m Opportunity BLOCKED by circuit breakers [3mopp_id[0m[2m=[0m2af2a866-808b-41f3-b15e-83cb9e71cbaa [3mmarket_id[0m[2m=[0m631deb8c-fbb4-489e-818e-ae698f57f50b [3mapproved_size[0m[2m=[0m49
[2m2026-04-12T20:32:16.091547Z[0m [33m WARN[0m [2mmercury::risk::circuit_breaker[0m[2m:[0m Circuit breakers tripped [3mcount[0m[2m=[0m1
[2m2026-04-12T20:32:16.091651Z[0m [33m WARN[0m [2mmercury::engine::market_actor[0m[2m:[0m Opportunity BLOCKED by circuit breakers [3mopp_id[0m[2m=[0mae84437f-ee81-473e-9e09-717cb63f4cbb [3mmarket_id[0m[2m=[0m631deb8c-fbb4-489e-818e-ae698f57f50b [3mapproved_size[0m[2m=[0m49
[2m2026-04-12T20:32:16.097630Z[0m [34mDEBUG[0m [2mmercury::engine::market_actor[0m[2m:[0m Tick received — running arb detection [3mmarket_id[0m[2m=[0m631deb8c-fbb4-489e-818e-ae698f57f50b [3mplatform[0m[2m=[0mKalshi [3mbid[0m[2m=[0m0.5400 [3mask[0m[2m=[0m0.5600 [3mmid[0m[2m=[0m0.5500 [3mbid_size[0m[2m=[0m693.00 [3mask_size[0m[2m=[0m62.78
[2m2026-04-12T20:32:16.097765Z[0m [34mDEBUG[0m [2mmercury::engine::spread[0m[2m:[0m Evaluated spread direction 2 [3mmarket_id[0m[2m=[0m631deb8c-fbb4-489e-818e-ae698f57f50b [3mdirection[0m[2m=[0m"NO-A/YES-B" [3mraw_spread[0m[2m=[0m-0.0700 [3mbid_a[0m[2m=[0m0.5400 [3mask_b[0m[2m=[0m0.61
[2m2026-04-12T20:32:16.097963Z[0m [32m INFO[0m [2mmercury::engine::detector[0m[2m:[0m ARB OPPORTUNITY DETECTED — passing to execution pipeline [3mmarket_id[0m[2m=[0m631deb8c-fbb4-489e-818e-ae698f57f50b [3mnet_spread[0m[2m=[0m0.0255700318572793883402357438 [3mraw_spread[0m[2m=[0m0.0400 [3mscore[0m[2m=[0m0.0997735654672571617302758332 [3mleg_a[0m[2m=[0mKalshi [3mleg_b[0m[2m=[0mPolymarket [3mleg_a_price[0m[2m=[0m0.5600 [3mleg_b_price[0m[2m=[0m0.4 [3mavailable_size[0m[2m=[0m49.5
[2m2026-04-12T20:32:16.098135Z[0m [33m WARN[0m [2mmercury::risk::circuit_breaker[0m[2m:[0m Circuit breakers tripped [3mcount[0m[2m=[0m1
[2m2026-04-12T20:32:16.098218Z[0m [33m WARN[0m [2mmercury::engine::market_actor[0m[2m:[0m Opportunity BLOCKED by circuit breakers [3mopp_id[0m[2m=[0m3f3fb5d0-5a5b-400e-ba24-ee953ebaa1aa [3mmarket_id[0m[2m=[0m631deb8c-fbb4-489e-818e-ae698f57f50b [3mapproved_size[0m[2m=[0m49
[2m2026-04-12T20:32:16.139789Z[0m [34mDEBUG[0m [2mmercury::engine::market_actor[0m[2m:[0m Tick received — running arb detection [3mmarket_id[0m[2m=[0m631deb8c-fbb4-489e-818e-ae698f57f50b [3mplatform[0m[2m=[0mPolymarket [3mbid[0m[2m=[0m0.6 [3mask[0m[2m=[0m0.61 [3mmid[0m[2m=[0m0.6050 [3mbid_size[0m[2m=[0m49.5 [3mask_size[0m[2m=[0m11
[2m2026-04-12T20:32:16.139928Z[0m [34mDEBUG[0m [2mmercury::engine::market_actor[0m[2m:[0m Tick received — running arb detection [3mmarket_id[0m[2m=[0m2b958b37-9921-40b8-b22d-64a67138ae70 [3mplatform[0m[2m=[0mPolymarket [3mbid[0m[2m=[0m0.59 [3mask[0m[2m=[0m0.61 [3mmid[0m[2m=[0m0.60 [3mbid_size[0m[2m=[0m6.72 [3mask_size[0m[2m=[0m12.21
[2m2026-04-12T20:32:16.140180Z[0m [34mDEBUG[0m [2mmercury::engine::market_actor[0m[2m:[0m Tick received — running arb detection [3mmarket_id[0m[2m=[0m9046452d-bcb3-4bb8-8925-8924b7439992 [3mplatform[0m[2m=[0mPolymarket [3mbid[0m[2m=[0m0.49 [3mask[0m[2m=[0m0.5 [3mmid[0m[2m=[0m0.4950 [3mbid_size[0m[2m=[0m7.2 [3mask_size[0m[2m=[0m129.15
[2m2026-04-12T20:32:16.140211Z[0m [34mDEBUG[0m [2mmercury::engine::spread[0m[2m:[0m Evaluated spread direction 2 [3mmarket_id[0m[2m=[0m631deb8c-fbb4-489e-818e-ae698f57f50b [3mdirection[0m[2m=[0m"NO-A/YES-B" [3mraw_spread[0m[2m=[0m-0.0700 [3mbid_a[0m[2m=[0m0.5400 [3mask_b[0m[2m=[0m0.61
[2m2026-04-12T20:32:16.140430Z[0m [32m INFO[0m [2mmercury::engine::detector[0m[2m:[0m ARB OPPORTUNITY DETECTED — passing to execution pipeline [3mmarket_id[0m[2m=[0m631deb8c-fbb4-489e-818e-ae698f57f50b [3mnet_spread[0m[2m=[0m0.0255700318572793883402357438 [3mraw_spread[0m[2m=[0m0.0400 [3mscore[0m[2m=[0m0.0997735654672571617302758332 [3mleg_a[0m[2m=[0mKalshi [3mleg_b[0m[2m=[0mPolymarket [3mleg_a_price[0m[2m=[0m0.5600 [3mleg_b_price[0m[2m=[0m0.4 [3mavailable_size[0m[2m=[0m49.5
[2m2026-04-12T20:32:16.140648Z[0m [34mDEBUG[0m [2mmercury::engine::market_actor[0m[2m:[0m Tick received — running arb detection [3mmarket_id[0m[2m=[0m631deb8c-fbb4-489e-818e-ae698f57f50b [3mplatform[0m[2m=[0mPolymarket [3mbid[0m[2m=[0m0.6 [3mask[0m[2m=[0m0.61 [3mmid[0m[2m=[0m0.6050 [3mbid_size[0m[2m=[0m49.5 [3mask_size[0m[2m=[0m11
[2m2026-04-12T20:32:16.140744Z[0m [34mDEBUG[0m [2mmercury::engine::market_actor[0m[2m:[0m Tick received — running arb detection [3mmarket_id[0m[2m=[0m2b958b37-9921-40b8-b22d-64a67138ae70 [3mplatform[0m[2m=[0mPolymarket [3mbid[0m[2m=[0m0.59 [3mask[0m[2m=[0m0.61 [3mmid[0m[2m=[0m0.60 [3mbid_size[0m[2m=[0m6.72 [3mask_size[0m[2m=[0m12.21
[2m2026-04-12T20:32:16.140854Z[0m [34mDEBUG[0m [2mmercury::engine::spread[0m[2m:[0m Evaluated spread direction 2 [3mmarket_id[0m[2m=[0m631deb8c-fbb4-489e-818e-ae698f57f50b [3mdirection[0m[2m=[0m"NO-A/YES-B" [3mraw_spread[0m[2m=[0m-0.0700 [3mbid_a[0m[2m=[0m0.5400 [3mask_b[0m[2m=[0m0.61
[2m2026-04-12T20:32:16.140956Z[0m [32m INFO[0m [2mmercury::engine::detector[0m[2m:[0m ARB OPPORTUNITY DETECTED — passing to execution pipeline [3mmarket_id[0m[2m=[0m631deb8c-fbb4-489e-818e-ae698f57f50b [3mnet_spread[0m[2m=[0m0.0255700318572793883402357438 [3mraw_spread[0m[2m=[0m0.0400 [3mscore[0m[2m=[0m0.0997735654672571617302758332 [3mleg_a[0m[2m=[0mKalshi [3mleg_b[0m[2m=[0mPolymarket [3mleg_a_price[0m[2m=[0m0.5600 [3mleg_b_price[0m[2m=[0m0.4 [3mavailable_size[0m[2m=[0m49.5
[2m2026-04-12T20:32:16.141185Z[0m [33m WARN[0m [2mmercury::risk::circuit_breaker[0m[2m:[0m Circuit breakers tripped [3mcount[0m[2m=[0m1
[2m2026-04-12T20:32:16.141262Z[0m [33m WARN[0m [2mmercury::engine::market_actor[0m[2m:[0m Opportunity BLOCKED by circuit breakers [3mopp_id[0m[2m=[0mecbaf6b6-0dac-4242-b614-e6b323e47b01 [3mmarket_id[0m[2m=[0m631deb8c-fbb4-489e-818e-ae698f57f50b [3mapproved_size[0m[2m=[0m49
[2m2026-04-12T20:32:16.141337Z[0m [33m WARN[0m [2mmercury::risk::circuit_breaker[0m[2m:[0m Circuit breakers tripped [3mcount[0m[2m=[0m1
[2m2026-04-12T20:32:16.141402Z[0m [33m WARN[0m [2mmercury::engine::market_actor[0m[2m:[0m Opportunity BLOCKED by circuit breakers [3mopp_id[0m[2m=[0m75fee3e7-aa01-4a4f-bad5-9b9a2c1f8b03 [3mmarket_id[0m[2m=[0m631deb8c-fbb4-489e-818e-ae698f57f50b [3mapproved_size[0m[2m=[0m49
[2m2026-04-12T20:32:16.149301Z[0m [34mDEBUG[0m [2mmercury::engine::market_actor[0m[2m:[0m Tick received — running arb detection [3mmarket_id[0m[2m=[0m631deb8c-fbb4-489e-818e-ae698f57f50b [3mplatform[0m[2m=[0mPolymarket [3mbid[0m[2m=[0m0.6 [3mask[0m[2m=[0m0.61 [3mmid[0m[2m=[0m0.6050 [3mbid_size[0m[2m=[0m49.5 [3mask_size[0m[2m=[0m11
[2m2026-04-12T20:32:16.149457Z[0m [34mDEBUG[0m [2mmercury::engine::spread[0m[2m:[0m Evaluated spread direction 2 [3mmarket_id[0m[2m=[0m631deb8c-fbb4-489e-818e-ae698f57f50b [3mdirection[0m[2m=[0m"NO-A/YES-B" [3mraw_spread[0m[2m=[0m-0.0700 [3mbid_a[0m[2m=[0m0.5400 [3mask_b[0m[2m=[0m0.61
[2m2026-04-12T20:32:16.149595Z[0m [32m INFO[0m [2mmercury::engine::detector[0m[2m:[0m ARB OPPORTUNITY DETECTED — passing to execution pipeline [3mmarket_id[0m[2m=[0m631deb8c-fbb4-489e-818e-ae698f57f50b [3mnet_spread[0m[2m=[0m0.0255700318572793883402357438 [3mraw_spread[0m[2m=[0m0.0400 [3mscore[0m[2m=[0m0.0997735654672571617302758332 [3mleg_a[0m[2m=[0mKalshi [3mleg_b[0m[2m=[0mPolymarket [3mleg_a_price[0m[2m=[0m0.5600 [3mleg_b_price[0m[2m=[0m0.4 [3mavailable_size[0m[2m=[0m49.5
[2m2026-04-12T20:32:16.149733Z[0m [33m WARN[0m [2mmercury::risk::circuit_breaker[0m[2m:[0m Circuit breakers tripped [3mcount[0m[2m=[0m1
[2m2026-04-12T20:32:16.149800Z[0m [33m WARN[0m [2mmercury::engine::market_actor[0m[2m:[0m Opportunity BLOCKED by circuit breakers [3mopp_id[0m[2m=[0m1e3a3679-b43f-46f4-bfba-8d4551498b56 [3mmarket_id[0m[2m=[0m631deb8c-fbb4-489e-818e-ae698f57f50b [3mapproved_size[0m[2m=[0m49
[2m2026-04-12T20:32:16.151399Z[0m [34mDEBUG[0m [2mmercury::feeds::polymarket[0m[2m:[0m Unknown Polymarket event type [3mevent_type[0m[2m=[0mbest_bid_ask
[2m2026-04-12T20:32:16.151666Z[0m [34mDEBUG[0m [2mmercury::engine::market_actor[0m[2m:[0m Tick received — running arb detection [3mmarket_id[0m[2m=[0m631deb8c-fbb4-489e-818e-ae698f57f50b [3mplatform[0m[2m=[0mKalshi [3mbid[0m[2m=[0m0.5400 [3mask[0m[2m=[0m0.5600 [3mmid[0m[2m=[0m0.5500 [3mbid_size[0m[2m=[0m693.00 [3mask_size[0m[2m=[0m62.78
[2m2026-04-12T20:32:16.151853Z[0m [34mDEBUG[0m [2mmercury::engine::spread[0m[2m:[0m Evaluated spread direction 2 [3mmarket_id[0m[2m=[0m631deb8c-fbb4-489e-818e-ae698f57f50b [3mdirection[0m[2m=[0m"NO-A/YES-B" [3mraw_spread[0m[2m=[0m-0.0700 [3mbid_a[0m[2m=[0m0.5400 [3mask_b[0m[2m=[0m0.61
[2m2026-04-12T20:32:16.151884Z[0m [34mDEBUG[0m [2mmercury::engine::market_actor[0m[2m:[0m Tick received — running arb detection [3mmarket_id[0m[2m=[0m9046452d-bcb3-4bb8-8925-8924b7439992 [3mplatform[0m[2m=[0mPolymarket [3mbid[0m[2m=[0m0.48 [3mask[0m[2m=[0m0.5 [3mmid[0m[2m=[0m0.49 [3mbid_size[0m[2m=[0m28.68 [3mask_size[0m[2m=[0m129.15
[2m2026-04-12T20:32:16.152028Z[0m [32m INFO[0m [2mmercury::engine::detector[0m[2m:[0m ARB OPPORTUNITY DETECTED — passing to execution pipeline [3mmarket_id[0m[2m=[0m631deb8c-fbb4-489e-818e-ae698f57f50b [3mnet_spread[0m[2m=[0m0.0255700318572793883402357438 [3mraw_spread[0m[2m=[0m0.0400 [3mscore[0m[2m=[0m0.0997735654672571617302758332 [3mleg_a[0m[2m=[0mKalshi [3mleg_b[0m[2m=[0mPolymarket [3mleg_a_price[0m[2m=[0m0.5600 [3mleg_b_price[0m[2m=[0m0.4 [3mavailable_size[0m[2m=[0m49.5
[2m2026-04-12T20:32:16.152271Z[0m [33m WARN[0m [2mmercury::risk::circuit_breaker[0m[2m:[0m Circuit breakers tripped [3mcount[0m[2m=[0m1
[2m2026-04-12T20:32:16.152349Z[0m [33m WARN[0m [2mmercury::engine::market_actor[0m[2m:[0m Opportunity BLOCKED by circuit breakers [3mopp_id[0m[2m=[0mbb1522e9-4e5a-4a4a-a749-3bf506da0259 [3mmarket_id[0m[2m=[0m631deb8c-fbb4-489e-818e-ae698f57f50b [3mapproved_size[0m[2m=[0m49
[2m2026-04-12T20:32:16.153573Z[0m [34mDEBUG[0m [2mmercury::engine::market_actor[0m[2m:[0m Tick received — running arb detection [3mmarket_id[0m[2m=[0m2b958b37-9921-40b8-b22d-64a67138ae70 [3mplatform[0m[2m=[0mPolymarket [3mbid[0m[2m=[0m0.59 [3mask[0m[2m=[0m0.61 [3mmid[0m[2m=[0m0.60 [3mbid_size[0m[2m=[0m6.72 [3mask_size[0m[2m=[0m12.21
[2m2026-04-12T20:32:16.154044Z[0m [34mDEBUG[0m [2mmercury::engine::market_actor[0m[2m:[0m Tick received — running arb detection [3mmarket_id[0m[2m=[0m2b958b37-9921-40b8-b22d-64a67138ae70 [3mplatform[0m[2m=[0mPolymarket [3mbid[0m[2m=[0m0.59 [3mask[0m[2m=[0m0.61 [3mmid[0m[2m=[0m0.60 [3mbid_size[0m[2m=[0m6.72 [3mask_size[0m[2m=[0m12.21
[2m2026-04-12T20:32:16.159211Z[0m [34mDEBUG[0m [2mmercury::engine::market_actor[0m[2m:[0m Tick received — running arb detection [3mmarket_id[0m[2m=[0m631deb8c-fbb4-489e-818e-ae698f57f50b [3mplatform[0m[2m=[0mKalshi [3mbid[0m[2m=[0m0.5400 [3mask[0m[2m=[0m0.5600 [3mmid[0m[2m=[0m0.5500 [3mbid_size[0m[2m=[0m693.00 [3mask_size[0m[2m=[0m62.78
[2m2026-04-12T20:32:16.159385Z[0m [34mDEBUG[0m [2mmercury::engine::spread[0m[2m:[0m Evaluated spread direction 2 [3mmarket_id[0m[2m=[0m631deb8c-fbb4-489e-818e-ae698f57f50b [3mdirection[0m[2m=[0m"NO-A/YES-B" [3mraw_spread[0m[2m=[0m-0.0700 [3mbid_a[0m[2m=[0m0.5400 [3mask_b[0m[2m=[0m0.61
[2m2026-04-12T20:32:16.159505Z[0m [32m INFO[0m [2mmercury::engine::detector[0m[2m:[0m ARB OPPORTUNITY DETECTED — passing to execution pipeline [3mmarket_id[0m[2m=[0m631deb8c-fbb4-489e-818e-ae698f57f50b [3mnet_spread[0m[2m=[0m0.0255700318572793883402357438 [3mraw_spread[0m[2m=[0m0.0400 [3mscore[0m[2m=[0m0.0997735654672571617302758332 [3mleg_a[0m[2m=[0mKalshi [3mleg_b[0m[2m=[0mPolymarket [3mleg_a_price[0m[2m=[0m0.5600 [3mleg_b_price[0m[2m=[0m0.4 [3mavailable_size[0m[2m=[0m49.5
[2m2026-04-12T20:32:16.159707Z[0m [34mDEBUG[0m [2mmercury::engine::market_actor[0m[2m:[0m Tick received — running arb detection [3mmarket_id[0m[2m=[0m631deb8c-fbb4-489e-818e-ae698f57f50b [3mplatform[0m[2m=[0mKalshi [3mbid[0m[2m=[0m0.5400 [3mask[0m[2m=[0m0.5600 [3mmid[0m[2m=[0m0.5500 [3mbid_size[0m[2m=[0m693.00 [3mask_size[0m[2m=[0m62.78
[2m2026-04-12T20:32:16.159861Z[0m [34mDEBUG[0m [2mmercury::engine::market_actor[0m[2m:[0m Tick received — running arb detection [3mmarket_id[0m[2m=[0m9046452d-bcb3-4bb8-8925-8924b7439992 [3mplatform[0m[2m=[0mPolymarket [3mbid[0m[2m=[0m0.48 [3mask[0m[2m=[0m0.5 [3mmid[0m[2m=[0m0.49 [3mbid_size[0m[2m=[0m28.68 [3mask_size[0m[2m=[0m129.15
[2m2026-04-12T20:32:16.159901Z[0m [34mDEBUG[0m [2mmercury::engine::spread[0m[2m:[0m Evaluated spread direction 2 [3mmarket_id[0m[2m=[0m631deb8c-fbb4-489e-818e-ae698f57f50b [3mdirection[0m[2m=[0m"NO-A/YES-B" [3mraw_spread[0m[2m=[0m-0.0700 [3mbid_a[0m[2m=[0m0.5400 [3mask_b[0m[2m=[0m0.61
[2m2026-04-12T20:32:16.160012Z[0m [32m INFO[0m [2mmercury::engine::detector[0m[2m:[0m ARB OPPORTUNITY DETECTED — passing to execution pipeline [3mmarket_id[0m[2m=[0m631deb8c-fbb4-489e-818e-ae698f57f50b [3mnet_spread[0m[2m=[0m0.0255700318572793883402357438 [3mraw_spread[0m[2m=[0m0.0400 [3mscore[0m[2m=[0m0.0997735654672571617302758332 [3mleg_a[0m[2m=[0mKalshi [3mleg_b[0m[2m=[0mPolymarket [3mleg_a_price[0m[2m=[0m0.5600 [3mleg_b_price[0m[2m=[0m0.4 [3mavailable_size[0m[2m=[0m49.5
[2m2026-04-12T20:32:16.160239Z[0m [33m WARN[0m [2mmercury::risk::circuit_breaker[0m[2m:[0m Circuit breakers tripped [3mcount[0m[2m=[0m1
[2m2026-04-12T20:32:16.160319Z[0m [33m WARN[0m [2mmercury::engine::market_actor[0m[2m:[0m Opportunity BLOCKED by circuit breakers [3mopp_id[0m[2m=[0ma71bffc7-a880-4c5d-9b41-67574c5d9d49 [3mmarket_id[0m[2m=[0m631deb8c-fbb4-489e-818e-ae698f57f50b [3mapproved_size[0m[2m=[0m49
[2m2026-04-12T20:32:16.160385Z[0m [33m WARN[0m [2mmercury::risk::circuit_breaker[0m[2m:[0m Circuit breakers tripped [3mcount[0m[2m=[0m1
[2m2026-04-12T20:32:16.160423Z[0m [33m WARN[0m [2mmercury::engine::market_actor[0m[2m:[0m Opportunity BLOCKED by circuit breakers [3mopp_id[0m[2m=[0mb0cb1bc6-1395-4995-a980-a16ec23f271e [3mmarket_id[0m[2m=[0m631deb8c-fbb4-489e-818e-ae698f57f50b [3mapproved_size[0m[2m=[0m49
[2m2026-04-12T20:32:16.168723Z[0m [34mDEBUG[0m [2mmercury::engine::market_actor[0m[2m:[0m Tick received — running arb detection [3mmarket_id[0m[2m=[0m631deb8c-fbb4-489e-818e-ae698f57f50b [3mplatform[0m[2m=[0mKalshi [3mbid[0m[2m=[0m0.5400 [3mask[0m[2m=[0m0.5600 [3mmid[0m[2m=[0m0.5500 [3mbid_size[0m[2m=[0m693.00 [3mask_size[0m[2m=[0m62.78
[2m2026-04-12T20:32:16.168880Z[0m [34mDEBUG[0m [2mmercury::engine::spread[0m[2m:[0m Evaluated spread direction 2 [3mmarket_id[0m[2m=[0m631deb8c-fbb4-489e-818e-ae698f57f50b [3mdirection[0m[2m=[0m"NO-A/YES-B" [3mraw_spread[0m[2m=[0m-0.0700 [3mbid_a[0m[2m=[0m0.5400 [3mask_b[0m[2m=[0m0.61
[2m2026-04-12T20:32:16.168974Z[0m [32m INFO[0m [2mmercury::engine::detector[0m[2m:[0m ARB OPPORTUNITY DETECTED — passing to execution pipeline [3mmarket_id[0m[2m=[0m631deb8c-fbb4-489e-818e-ae698f57f50b [3mnet_spread[0m[2m=[0m0.0255700318572793883402357438 [3mraw_spread[0m[2m=[0m0.0400 [3mscore[0m[2m=[0m0.0997735654672571617302758332 [3mleg_a[0m[2m=[0mKalshi [3mleg_b[0m[2m=[0mPolymarket [3mleg_a_price[0m[2m=[0m0.5600 [3mleg_b_price[0m[2m=[0m0.4 [3mavailable_size[0m[2m=[0m49.5
[2m2026-04-12T20:32:16.169087Z[0m [34mDEBUG[0m [2mmercury::engine::market_actor[0m[2m:[0m Tick received — running arb detection [3mmarket_id[0m[2m=[0m631deb8c-fbb4-489e-818e-ae698f57f50b [3mplatform[0m[2m=[0mKalshi [3mbid[0m[2m=[0m0.5400 [3mask[0m[2m=[0m0.5600 [3mmid[0m[2m=[0m0.5500 [3mbid_size[0m[2m=[0m693.00 [3mask_size[0m[2m=[0m62.78
[2m2026-04-12T20:32:16.169182Z[0m [34mDEBUG[0m [2mmercury::engine::spread[0m[2m:[0m Evaluated spread direction 2 [3mmarket_id[0m[2m=[0m631deb8c-fbb4-489e-818e-ae698f57f50b [3mdirection[0m[2m=[0m"NO-A/YES-B" [3mraw_spread[0m[2m=[0m-0.0700 [3mbid_a[0m[2m=[0m0.5400 [3mask_b[0m[2m=[0m0.61
[2m2026-04-12T20:32:16.169264Z[0m [32m INFO[0m [2mmercury::engine::detector[0m[2m:[0m ARB OPPORTUNITY DETECTED — passing to execution pipeline [3mmarket_id[0m[2m=[0m631deb8c-fbb4-489e-818e-ae698f57f50b [3mnet_spread[0m[2m=[0m0.0255700318572793883402357438 [3mraw_spread[0m[2m=[0m0.0400 [3mscore[0m[2m=[0m0.0997735654672571617302758332 [3mleg_a[0m[2m=[0mKalshi [3mleg_b[0m[2m=[0mPolymarket [3mleg_a_price[0m[2m=[0m0.5600 [3mleg_b_price[0m[2m=[0m0.4 [3mavailable_size[0m[2m=[0m49.5
[2m2026-04-12T20:32:16.169429Z[0m [33m WARN[0m [2mmercury::risk::circuit_breaker[0m[2m:[0m Circuit breakers tripped [3mcount[0m[2m=[0m1
[2m2026-04-12T20:32:16.169506Z[0m [33m WARN[0m [2mmercury::engine::market_actor[0m[2m:[0m Opportunity BLOCKED by circuit breakers [3mopp_id[0m[2m=[0me6e80066-e346-4857-a24a-22d12a5a0e36 [3mmarket_id[0m[2m=[0m631deb8c-fbb4-489e-818e-ae698f57f50b [3mapproved_size[0m[2m=[0m49
[2m2026-04-12T20:32:16.169518Z[0m [33m WARN[0m [2mmercury::risk::circuit_breaker[0m[2m:[0m Circuit breakers tripped [3mcount[0m[2m=[0m1
[2m2026-04-12T20:32:16.169595Z[0m [33m WARN[0m [2mmercury::engine::market_actor[0m[2m:[0m Opportunity BLOCKED by circuit breakers [3mopp_id[0m[2m=[0mab6bc8d8-3ac8-4571-b520-85edc7a089a5 [3mmarket_id[0m[2m=[0m631deb8c-fbb4-489e-818e-ae698f57f50b [3mapproved_size[0m[2m=[0m49
[2m2026-04-12T20:32:16.173571Z[0m [34mDEBUG[0m [2mmercury::engine::market_actor[0m[2m:[0m Tick received — running arb detection [3mmarket_id[0m[2m=[0m631deb8c-fbb4-489e-818e-ae698f57f50b [3mplatform[0m[2m=[0mKalshi [3mbid[0m[2m=[0m0.5400 [3mask[0m[2m=[0m0.5600 [3mmid[0m[2m=[0m0.5500 [3mbid_size[0m[2m=[0m692.00 [3mask_size[0m[2m=[0m62.78
[2m2026-04-12T20:32:16.173674Z[0m [34mDEBUG[0m [2mmercury::engine::spread[0m[2m:[0m Evaluated spread direction 2 [3mmarket_id[0m[2m=[0m631deb8c-fbb4-489e-818e-ae698f57f50b [3mdirection[0m[2m=[0m"NO-A/YES-B" [3mraw_spread[0m[2m=[0m-0.0700 [3mbid_a[0m[2m=[0m0.5400 [3mask_b[0m[2m=[0m0.61
[2m2026-04-12T20:32:16.173759Z[0m [32m INFO[0m [2mmercury::engine::detector[0m[2m:[0m ARB OPPORTUNITY DETECTED — passing to execution pipeline [3mmarket_id[0m[2m=[0m631deb8c-fbb4-489e-818e-ae698f57f50b [3mnet_spread[0m[2m=[0m0.0255700318572793883402357438 [3mraw_spread[0m[2m=[0m0.0400 [3mscore[0m[2m=[0m0.0997735654672571617302758332 [3mleg_a[0m[2m=[0mKalshi [3mleg_b[0m[2m=[0mPolymarket [3mleg_a_price[0m[2m=[0m0.5600 [3mleg_b_price[0m[2m=[0m0.4 [3mavailable_size[0m[2m=[0m49.5
[2m2026-04-12T20:32:16.173882Z[0m [33m WARN[0m [2mmercury::risk::circuit_breaker[0m[2m:[0m Circuit breakers tripped [3mcount[0m[2m=[0m1
[2m2026-04-12T20:32:16.173922Z[0m [33m WARN[0m [2mmercury::engine::market_actor[0m[2m:[0m Opportunity BLOCKED by circuit breakers [3mopp_id[0m[2m=[0m7397e8f1-1880-4681-8549-c92a132e6a47 [3mmarket_id[0m[2m=[0m631deb8c-fbb4-489e-818e-ae698f57f50b [3mapproved_size[0m[2m=[0m49
[2m2026-04-12T20:32:16.196883Z[0m [34mDEBUG[0m [2mmercury::engine::market_actor[0m[2m:[0m Tick received — running arb detection [3mmarket_id[0m[2m=[0m631deb8c-fbb4-489e-818e-ae698f57f50b [3mplatform[0m[2m=[0mKalshi [3mbid[0m[2m=[0m0.5400 [3mask[0m[2m=[0m0.5600 [3mmid[0m[2m=[0m0.5500 [3mbid_size[0m[2m=[0m692.00 [3mask_size[0m[2m=[0m62.78
[2m2026-04-12T20:32:16.197023Z[0m [34mDEBUG[0m [2mmercury::engine::spread[0m[2m:[0m Evaluated spread direction 2 [3mmarket_id[0m[2m=[0m631deb8c-fbb4-489e-818e-ae698f57f50b [3mdirection[0m[2m=[0m"NO-A/YES-B" [3mraw_spread[0m[2m=[0m-0.0700 [3mbid_a[0m[2m=[0m0.5400 [3mask_b[0m[2m=[0m0.61
[2m2026-04-12T20:32:16.197116Z[0m [32m INFO[0m [2mmercury::engine::detector[0m[2m:[0m ARB OPPORTUNITY DETECTED — passing to execution pipeline [3mmarket_id[0m[2m=[0m631deb8c-fbb4-489e-818e-ae698f57f50b [3mnet_spread[0m[2m=[0m0.0255700318572793883402357438 [3mraw_spread[0m[2m=[0m0.0400 [3mscore[0m[2m=[0m0.0997735654672571617302758332 [3mleg_a[0m[2m=[0mKalshi [3mleg_b[0m[2m=[0mPolymarket [3mleg_a_price[0m[2m=[0m0.5600 [3mleg_b_price[0m[2m=[0m0.4 [3mavailable_size[0m[2m=[0m49.5
[2m2026-04-12T20:32:16.197246Z[0m [33m WARN[0m [2mmercury::risk::circuit_breaker[0m[2m:[0m Circuit breakers tripped [3mcount[0m[2m=[0m1
[2m2026-04-12T20:32:16.197288Z[0m [33m WARN[0m [2mmercury::engine::market_actor[0m[2m:[0m Opportunity BLOCKED by circuit breakers [3mopp_id[0m[2m=[0me50b8dbb-aecf-4e3b-8850-613895fe1ec7 [3mmarket_id[0m[2m=[0m631deb8c-fbb4-489e-818e-ae698f57f50b [3mapproved_size[0m[2m=[0m49
[2m2026-04-12T20:32:16.199303Z[0m [34mDEBUG[0m [2mmercury::engine::market_actor[0m[2m:[0m Tick received — running arb detection [3mmarket_id[0m[2m=[0m631deb8c-fbb4-489e-818e-ae698f57f50b [3mplatform[0m[2m=[0mKalshi [3mbid[0m[2m=[0m0.5400 [3mask[0m[2m=[0m0.5600 [3mmid[0m[2m=[0m0.5500 [3mbid_size[0m[2m=[0m692.00 [3mask_size[0m[2m=[0m62.78
[2m2026-04-12T20:32:16.199408Z[0m [34mDEBUG[0m [2mmercury::engine::spread[0m[2m:[0m Evaluated spread direction 2 [3mmarket_id[0m[2m=[0m631deb8c-fbb4-489e-818e-ae698f57f50b [3mdirection[0m[2m=[0m"NO-A/YES-B" [3mraw_spread[0m[2m=[0m-0.0700 [3mbid_a[0m[2m=[0m0.5400 [3mask_b[0m[2m=[0m0.61
[2m2026-04-12T20:32:16.199495Z[0m [32m INFO[0m [2mmercury::engine::detector[0m[2m:[0m ARB OPPORTUNITY DETECTED — passing to execution pipeline [3mmarket_id[0m[2m=[0m631deb8c-fbb4-489e-818e-ae698f57f50b [3mnet_spread[0m[2m=[0m0.0255700318572793883402357438 [3mraw_spread[0m[2m=[0m0.0400 [3mscore[0m[2m=[0m0.0997735654672571617302758332 [3mleg_a[0m[2m=[0mKalshi [3mleg_b[0m[2m=[0mPolymarket [3mleg_a_price[0m[2m=[0m0.5600 [3mleg_b_price[0m[2m=[0m0.4 [3mavailable_size[0m[2m=[0m49.5
[2m2026-04-12T20:32:16.199619Z[0m [33m WARN[0m [2mmercury::risk::circuit_breaker[0m[2m:[0m Circuit breakers tripped [3mcount[0m[2m=[0m1
[2m2026-04-12T20:32:16.199660Z[0m [33m WARN[0m [2mmercury::engine::market_actor[0m[2m:[0m Opportunity BLOCKED by circuit breakers [3mopp_id[0m[2m=[0m953f3154-c018-4d02-9712-2fcf1e4827a8 [3mmarket_id[0m[2m=[0m631deb8c-fbb4-489e-818e-ae698f57f50b [3mapproved_size[0m[2m=[0m49
[2m2026-04-12T20:32:16.242562Z[0m [34mDEBUG[0m [2mmercury::engine::market_actor[0m[2m:[0m Tick received — running arb detection [3mmarket_id[0m[2m=[0m2b958b37-9921-40b8-b22d-64a67138ae70 [3mplatform[0m[2m=[0mPolymarket [3mbid[0m[2m=[0m0.59 [3mask[0m[2m=[0m0.61 [3mmid[0m[2m=[0m0.60 [3mbid_size[0m[2m=[0m6.72 [3mask_size[0m[2m=[0m12.21
[2m2026-04-12T20:32:16.242803Z[0m [34mDEBUG[0m [2mmercury::engine::market_actor[0m[2m:[0m Tick received — running arb detection [3mmarket_id[0m[2m=[0m631deb8c-fbb4-489e-818e-ae698f57f50b [3mplatform[0m[2m=[0mKalshi [3mbid[0m[2m=[0m0.5400 [3mask[0m[2m=[0m0.5600 [3mmid[0m[2m=[0m0.5500 [3mbid_size[0m[2m=[0m692.00 [3mask_size[0m[2m=[0m62.78
[2m2026-04-12T20:32:16.242811Z[0m [34mDEBUG[0m [2mmercury::engine::market_actor[0m[2m:[0m Tick received — running arb detection [3mmarket_id[0m[2m=[0m2b958b37-9921-40b8-b22d-64a67138ae70 [3mplatform[0m[2m=[0mPolymarket [3mbid[0m[2m=[0m0.59 [3mask[0m[2m=[0m0.61 [3mmid[0m[2m=[0m0.60 [3mbid_size[0m[2m=[0m6.72 [3mask_size[0m[2m=[0m12.21
[2m2026-04-12T20:32:16.243108Z[0m [34mDEBUG[0m [2mmercury::engine::spread[0m[2m:[0m Evaluated spread direction 2 [3mmarket_id[0m[2m=[0m631deb8c-fbb4-489e-818e-ae698f57f50b [3mdirection[0m[2m=[0m"NO-A/YES-B" [3mraw_spread[0m[2m=[0m-0.0700 [3mbid_a[0m[2m=[0m0.5400 [3mask_b[0m[2m=[0m0.61
[2m2026-04-12T20:32:16.243353Z[0m [32m INFO[0m [2mmercury::engine::detector[0m[2m:[0m ARB OPPORTUNITY DETECTED — passing to execution pipeline [3mmarket_id[0m[2m=[0m631deb8c-fbb4-489e-818e-ae698f57f50b [3mnet_spread[0m[2m=[0m0.0255700318572793883402357438 [3mraw_spread[0m[2m=[0m0.0400 [3mscore[0m[2m=[0m0.0997735654672571617302758332 [3mleg_a[0m[2m=[0mKalshi [3mleg_b[0m[2m=[0mPolymarket [3mleg_a_price[0m[2m=[0m0.5600 [3mleg_b_price[0m[2m=[0m0.4 [3mavailable_size[0m[2m=[0m49.5
[2m2026-04-12T20:32:16.243557Z[0m [34mDEBUG[0m [2mmercury::engine::market_actor[0m[2m:[0m Tick received — running arb detection [3mmarket_id[0m[2m=[0m631deb8c-fbb4-489e-818e-ae698f57f50b [3mplatform[0m[2m=[0mKalshi [3mbid[0m[2m=[0m0.5400 [3mask[0m[2m=[0m0.5600 [3mmid[0m[2m=[0m0.5500 [3mbid_size[0m[2m=[0m692.00 [3mask_size[0m[2m=[0m62.78
[2m2026-04-12T20:32:16.243648Z[0m [34mDEBUG[0m [2mmercury::engine::spread[0m[2m:[0m Evaluated spread direction 2 [3mmarket_id[0m[2m=[0m631deb8c-fbb4-489e-818e-ae698f57f50b [3mdirection[0m[2m=[0m"NO-A/YES-B" [3mraw_spread[0m[2m=[0m-0.0700 [3mbid_a[0m[2m=[0m0.5400 [3mask_b[0m[2m=[0m0.61
[2m2026-04-12T20:32:16.243730Z[0m [32m INFO[0m [2mmercury::engine::detector[0m[2m:[0m ARB OPPORTUNITY DETECTED — passing to execution pipeline [3mmarket_id[0m[2m=[0m631deb8c-fbb4-489e-818e-ae698f57f50b [3mnet_spread[0m[2m=[0m0.0255700318572793883402357438 [3mraw_spread[0m[2m=[0m0.0400 [3mscore[0m[2m=[0m0.0997735654672571617302758332 [3mleg_a[0m[2m=[0mKalshi [3mleg_b[0m[2m=[0mPolymarket [3mleg_a_price[0m[2m=[0m0.5600 [3mleg_b_price[0m[2m=[0m0.4 [3mavailable_size[0m[2m=[0m49.5
[2m2026-04-12T20:32:16.243839Z[0m [34mDEBUG[0m [2mmercury::engine::market_actor[0m[2m:[0m Tick received — running arb detection [3mmarket_id[0m[2m=[0m631deb8c-fbb4-489e-818e-ae698f57f50b [3mplatform[0m[2m=[0mKalshi [3mbid[0m[2m=[0m0.5400 [3mask[0m[2m=[0m0.5600 [3mmid[0m[2m=[0m0.5500 [3mbid_size[0m[2m=[0m692.00 [3mask_size[0m[2m=[0m62.78
[2m2026-04-12T20:32:16.243972Z[0m [33m WARN[0m [2mmercury::risk::circuit_breaker[0m[2m:[0m Circuit breakers tripped [3mcount[0m[2m=[0m1
[2m2026-04-12T20:32:16.243986Z[0m [34mDEBUG[0m [2mmercury::engine::spread[0m[2m:[0m Evaluated spread direction 2 [3mmarket_id[0m[2m=[0m631deb8c-fbb4-489e-818e-ae698f57f50b [3mdirection[0m[2m=[0m"NO-A/YES-B" [3mraw_spread[0m[2m=[0m-0.0700 [3mbid_a[0m[2m=[0m0.5400 [3mask_b[0m[2m=[0m0.61
[2m2026-04-12T20:32:16.244019Z[0m [33m WARN[0m [2mmercury::engine::market_actor[0m[2m:[0m Opportunity BLOCKED by circuit breakers [3mopp_id[0m[2m=[0m0d1f259f-7025-408d-b02b-0300fb9facce [3mmarket_id[0m[2m=[0m631deb8c-fbb4-489e-818e-ae698f57f50b [3mapproved_size[0m[2m=[0m49
[2m2026-04-12T20:32:16.244064Z[0m [32m INFO[0m [2mmercury::engine::detector[0m[2m:[0m ARB OPPORTUNITY DETECTED — passing to execution pipeline [3mmarket_id[0m[2m=[0m631deb8c-fbb4-489e-818e-ae698f57f50b [3mnet_spread[0m[2m=[0m0.0255700318572793883402357438 [3mraw_spread[0m[2m=[0m0.0400 [3mscore[0m[2m=[0m0.0997735654672571617302758332 [3mleg_a[0m[2m=[0mKalshi [3mleg_b[0m[2m=[0mPolymarket [3mleg_a_price[0m[2m=[0m0.5600 [3mleg_b_price[0m[2m=[0m0.4 [3mavailable_size[0m[2m=[0m49.5
[2m2026-04-12T20:32:16.244172Z[0m [34mDEBUG[0m [2mmercury::engine::market_actor[0m[2m:[0m Tick received — running arb detection [3mmarket_id[0m[2m=[0m631deb8c-fbb4-489e-818e-ae698f57f50b [3mplatform[0m[2m=[0mKalshi [3mbid[0m[2m=[0m0.5400 [3mask[0m[2m=[0m0.5600 [3mmid[0m[2m=[0m0.5500 [3mbid_size[0m[2m=[0m692.00 [3mask_size[0m[2m=[0m62.78
[2m2026-04-12T20:32:16.244290Z[0m [33m WARN[0m [2mmercury::risk::circuit_breaker[0m[2m:[0m Circuit breakers tripped [3mcount[0m[2m=[0m1
[2m2026-04-12T20:32:16.244345Z[0m [34mDEBUG[0m [2mmercury::engine::spread[0m[2m:[0m Evaluated spread direction 2 [3mmarket_id[0m[2m=[0m631deb8c-fbb4-489e-818e-ae698f57f50b [3mdirection[0m[2m=[0m"NO-A/YES-B" [3mraw_spread[0m[2m=[0m-0.0700 [3mbid_a[0m[2m=[0m0.5400 [3mask_b[0m[2m=[0m0.61
[2m2026-04-12T20:32:16.244371Z[0m [33m WARN[0m [2mmercury::engine::market_actor[0m[2m:[0m Opportunity BLOCKED by circuit breakers [3mopp_id[0m[2m=[0mab73b459-a9e7-40ed-bc6a-6619a2d767f4 [3mmarket_id[0m[2m=[0m631deb8c-fbb4-489e-818e-ae698f57f50b [3mapproved_size[0m[2m=[0m49
[2m2026-04-12T20:32:16.244464Z[0m [32m INFO[0m [2mmercury::engine::detector[0m[2m:[0m ARB OPPORTUNITY DETECTED — passing to execution pipeline [3mmarket_id[0m[2m=[0m631deb8c-fbb4-489e-818e-ae698f57f50b [3mnet_spread[0m[2m=[0m0.0255700318572793883402357438 [3mraw_spread[0m[2m=[0m0.0400 [3mscore[0m[2m=[0m0.0997735654672571617302758332 [3mleg_a[0m[2m=[0mKalshi [3mleg_b[0m[2m=[0mPolymarket [3mleg_a_price[0m[2m=[0m0.5600 [3mleg_b_price[0m[2m=[0m0.4 [3mavailable_size[0m[2m=[0m49.5
[2m2026-04-12T20:32:16.244588Z[0m [34mDEBUG[0m [2mmercury::engine::market_actor[0m[2m:[0m Tick received — running arb detection [3mmarket_id[0m[2m=[0m631deb8c-fbb4-489e-818e-ae698f57f50b [3mplatform[0m[2m=[0mKalshi [3mbid[0m[2m=[0m0.5400 [3mask[0m[2m=[0m0.5600 [3mmid[0m[2m=[0m0.5500 [3mbid_size[0m[2m=[0m692.00 [3mask_size[0m[2m=[0m62.45
[2m2026-04-12T20:32:16.244705Z[0m [33m WARN[0m [2mmercury::risk::circuit_breaker[0m[2m:[0m Circuit breakers tripped [3mcount[0m[2m=[0m1
[2m2026-04-12T20:32:16.244777Z[0m [34mDEBUG[0m [2mmercury::engine::spread[0m[2m:[0m Evaluated spread direction 2 [3mmarket_id[0m[2m=[0m631deb8c-fbb4-489e-818e-ae698f57f50b [3mdirection[0m[2m=[0m"NO-A/YES-B" [3mraw_spread[0m[2m=[0m-0.0700 [3mbid_a[0m[2m=[0m0.5400 [3mask_b[0m[2m=[0m0.61
[2m2026-04-12T20:32:16.244787Z[0m [33m WARN[0m [2mmercury::engine::market_actor[0m[2m:[0m Opportunity BLOCKED by circuit breakers [3mopp_id[0m[2m=[0m1287ee3a-7722-45d7-b077-d0f49099cd8b [3mmarket_id[0m[2m=[0m631deb8c-fbb4-489e-818e-ae698f57f50b [3mapproved_size[0m[2m=[0m49
[2m2026-04-12T20:32:16.244897Z[0m [32m INFO[0m [2mmercury::engine::detector[0m[2m:[0m ARB OPPORTUNITY DETECTED — passing to execution pipeline [3mmarket_id[0m[2m=[0m631deb8c-fbb4-489e-818e-ae698f57f50b [3mnet_spread[0m[2m=[0m0.0256115132105684547638110489 [3mraw_spread[0m[2m=[0m0.0400 [3mscore[0m[2m=[0m0.0999354245740880692056399038 [3mleg_a[0m[2m=[0mKalshi [3mleg_b[0m[2m=[0mPolymarket [3mleg_a_price[0m[2m=[0m0.5600 [3mleg_b_price[0m[2m=[0m0.4 [3mavailable_size[0m[2m=[0m49.5
[2m2026-04-12T20:32:16.245021Z[0m [34mDEBUG[0m [2mmercury::engine::market_actor[0m[2m:[0m Tick received — running arb detection [3mmarket_id[0m[2m=[0m631deb8c-fbb4-489e-818e-ae698f57f50b [3mplatform[0m[2m=[0mKalshi [3mbid[0m[2m=[0m0.5400 [3mask[0m[2m=[0m0.5600 [3mmid[0m[2m=[0m0.5500 [3mbid_size[0m[2m=[0m692.00 [3mask_size[0m[2m=[0m62.45
[2m2026-04-12T20:32:16.245138Z[0m [33m WARN[0m [2mmercury::risk::circuit_breaker[0m[2m:[0m Circuit breakers tripped [3mcount[0m[2m=[0m1
[2m2026-04-12T20:32:16.245211Z[0m [34mDEBUG[0m [2mmercury::engine::spread[0m[2m:[0m Evaluated spread direction 2 [3mmarket_id[0m[2m=[0m631deb8c-fbb4-489e-818e-ae698f57f50b [3mdirection[0m[2m=[0m"NO-A/YES-B" [3mraw_spread[0m[2m=[0m-0.0700 [3mbid_a[0m[2m=[0m0.5400 [3mask_b[0m[2m=[0m0.61
[2m2026-04-12T20:32:16.245220Z[0m [33m WARN[0m [2mmercury::engine::market_actor[0m[2m:[0m Opportunity BLOCKED by circuit breakers [3mopp_id[0m[2m=[0m56e4810c-b47f-40ca-aa3b-ef3054f92d72 [3mmarket_id[0m[2m=[0m631deb8c-fbb4-489e-818e-ae698f57f50b [3mapproved_size[0m[2m=[0m49
[2m2026-04-12T20:32:16.245330Z[0m [32m INFO[0m [2mmercury::engine::detector[0m[2m:[0m ARB OPPORTUNITY DETECTED — passing to execution pipeline [3mmarket_id[0m[2m=[0m631deb8c-fbb4-489e-818e-ae698f57f50b [3mnet_spread[0m[2m=[0m0.0256115132105684547638110489 [3mraw_spread[0m[2m=[0m0.0400 [3mscore[0m[2m=[0m0.0999354245740880692056399038 [3mleg_a[0m[2m=[0mKalshi [3mleg_b[0m[2m=[0mPolymarket [3mleg_a_price[0m[2m=[0m0.5600 [3mleg_b_price[0m[2m=[0m0.4 [3mavailable_size[0m[2m=[0m49.5
[2m2026-04-12T20:32:16.245453Z[0m [34mDEBUG[0m [2mmercury::engine::market_actor[0m[2m:[0m Tick received — running arb detection [3mmarket_id[0m[2m=[0m631deb8c-fbb4-489e-818e-ae698f57f50b [3mplatform[0m[2m=[0mKalshi [3mbid[0m[2m=[0m0.5400 [3mask[0m[2m=[0m0.5600 [3mmid[0m[2m=[0m0.5500 [3mbid_size[0m[2m=[0m692.00 [3mask_size[0m[2m=[0m62.45
[2m2026-04-12T20:32:16.245563Z[0m [33m WARN[0m [2mmercury::risk::circuit_breaker[0m[2m:[0m Circuit breakers tripped [3mcount[0m[2m=[0m1
[2m2026-04-12T20:32:16.245635Z[0m [34mDEBUG[0m [2mmercury::engine::spread[0m[2m:[0m Evaluated spread direction 2 [3mmarket_id[0m[2m=[0m631deb8c-fbb4-489e-818e-ae698f57f50b [3mdirection[0m[2m=[0m"NO-A/YES-B" [3mraw_spread[0m[2m=[0m-0.0700 [3mbid_a[0m[2m=[0m0.5400 [3mask_b[0m[2m=[0m0.61
[2m2026-04-12T20:32:16.245639Z[0m [33m WARN[0m [2mmercury::engine::market_actor[0m[2m:[0m Opportunity BLOCKED by circuit breakers [3mopp_id[0m[2m=[0m23e89dd0-57e5-40e0-ab68-7d5d93392933 [3mmarket_id[0m[2m=[0m631deb8c-fbb4-489e-818e-ae698f57f50b [3mapproved_size[0m[2m=[0m49
[2m2026-04-12T20:32:16.245755Z[0m [32m INFO[0m [2mmercury::engine::detector[0m[2m:[0m ARB OPPORTUNITY DETECTED — passing to execution pipeline [3mmarket_id[0m[2m=[0m631deb8c-fbb4-489e-818e-ae698f57f50b [3mnet_spread[0m[2m=[0m0.0256115132105684547638110489 [3mraw_spread[0m[2m=[0m0.0400 [3mscore[0m[2m=[0m0.0999354245740880692056399038 [3mleg_a[0m[2m=[0mKalshi [3mleg_b[0m[2m=[0mPolymarket [3mleg_a_price[0m[2m=[0m0.5600 [3mleg_b_price[0m[2m=[0m0.4 [3mavailable_size[0m[2m=[0m49.5
[2m2026-04-12T20:32:16.245898Z[0m [34mDEBUG[0m [2mmercury::engine::market_actor[0m[2m:[0m Tick received — running arb detection [3mmarket_id[0m[2m=[0m631deb8c-fbb4-489e-818e-ae698f57f50b [3mplatform[0m[2m=[0mKalshi [3mbid[0m[2m=[0m0.5400 [3mask[0m[2m=[0m0.5600 [3mmid[0m[2m=[0m0.5500 [3mbid_size[0m[2m=[0m692.00 [3mask_size[0m[2m=[0m62.45
[2m2026-04-12T20:32:16.245948Z[0m [33m WARN[0m [2mmercury::risk::circuit_breaker[0m[2m:[0m Circuit breakers tripped [3mcount[0m[2m=[0m1
[2m2026-04-12T20:32:16.246024Z[0m [33m WARN[0m [2mmercury::engine::market_actor[0m[2m:[0m Opportunity BLOCKED by circuit breakers [3mopp_id[0m[2m=[0mf186339e-90bf-4cf1-8839-cd1f6d4c4a8a [3mmarket_id[0m[2m=[0m631deb8c-fbb4-489e-818e-ae698f57f50b [3mapproved_size[0m[2m=[0m49
[2m2026-04-12T20:32:16.246035Z[0m [34mDEBUG[0m [2mmercury::engine::spread[0m[2m:[0m Evaluated spread direction 2 [3mmarket_id[0m[2m=[0m631deb8c-fbb4-489e-818e-ae698f57f50b [3mdirection[0m[2m=[0m"NO-A/YES-B" [3mraw_spread[0m[2m=[0m-0.0700 [3mbid_a[0m[2m=[0m0.5400 [3mask_b[0m[2m=[0m0.61
[2m2026-04-12T20:32:16.246115Z[0m [32m INFO[0m [2mmercury::engine::detector[0m[2m:[0m ARB OPPORTUNITY DETECTED — passing to execution pipeline [3mmarket_id[0m[2m=[0m631deb8c-fbb4-489e-818e-ae698f57f50b [3mnet_spread[0m[2m=[0m0.0256115132105684547638110489 [3mraw_spread[0m[2m=[0m0.0400 [3mscore[0m[2m=[0m0.0999354245740880692056399038 [3mleg_a[0m[2m=[0mKalshi [3mleg_b[0m[2m=[0mPolymarket [3mleg_a_price[0m[2m=[0m0.5600 [3mleg_b_price[0m[2m=[0m0.4 [3mavailable_size[0m[2m=[0m49.5
[2m2026-04-12T20:32:16.246240Z[0m [33m WARN[0m [2mmercury::risk::circuit_breaker[0m[2m:[0m Circuit breakers tripped [3mcount[0m[2m=[0m1
[2m2026-04-12T20:32:16.246302Z[0m [33m WARN[0m [2mmercury::engine::market_actor[0m[2m:[0m Opportunity BLOCKED by circuit breakers [3mopp_id[0m[2m=[0ma1f5619a-1846-4bc8-b8f4-b0dc8f19e965 [3mmarket_id[0m[2m=[0m631deb8c-fbb4-489e-818e-ae698f57f50b [3mapproved_size[0m[2m=[0m49
[2m2026-04-12T20:32:16.246324Z[0m [33m WARN[0m [2mmercury::risk::circuit_breaker[0m[2m:[0m Circuit breakers tripped [3mcount[0m[2m=[0m1
[2m2026-04-12T20:32:16.246370Z[0m [33m WARN[0m [2mmercury::engine::market_actor[0m[2m:[0m Opportunity BLOCKED by circuit breakers [3mopp_id[0m[2m=[0m37d5cc54-1bfd-42d3-b6d4-a7a2fc1e6cf4 [3mmarket_id[0m[2m=[0m631deb8c-fbb4-489e-818e-ae698f57f50b [3mapproved_size[0m[2m=[0m49
[2m2026-04-12T20:32:16.247599Z[0m [34mDEBUG[0m [2mmercury::engine::market_actor[0m[2m:[0m Tick received — running arb detection [3mmarket_id[0m[2m=[0m631deb8c-fbb4-489e-818e-ae698f57f50b [3mplatform[0m[2m=[0mKalshi [3mbid[0m[2m=[0m0.5400 [3mask[0m[2m=[0m0.5600 [3mmid[0m[2m=[0m0.5500 [3mbid_size[0m[2m=[0m692.00 [3mask_size[0m[2m=[0m62.45
[2m2026-04-12T20:32:16.247835Z[0m [34mDEBUG[0m [2mmercury::engine::spread[0m[2m:[0m Evaluated spread direction 2 [3mmarket_id[0m[2m=[0m631deb8c-fbb4-489e-818e-ae698f57f50b [3mdirection[0m[2m=[0m"NO-A/YES-B" [3mraw_spread[0m[2m=[0m-0.0700 [3mbid_a[0m[2m=[0m0.5400 [3mask_b[0m[2m=[0m0.61
[2m2026-04-12T20:32:16.247954Z[0m [32m INFO[0m [2mmercury::engine::detector[0m[2m:[0m ARB OPPORTUNITY DETECTED — passing to execution pipeline [3mmarket_id[0m[2m=[0m631deb8c-fbb4-489e-818e-ae698f57f50b [3mnet_spread[0m[2m=[0m0.0256115132105684547638110489 [3mraw_spread[0m[2m=[0m0.0400 [3mscore[0m[2m=[0m0.0999354245740880692056399038 [3mleg_a[0m[2m=[0mKalshi [3mleg_b[0m[2m=[0mPolymarket [3mleg_a_price[0m[2m=[0m0.5600 [3mleg_b_price[0m[2m=[0m0.4 [3mavailable_size[0m[2m=[0m49.5
[2m2026-04-12T20:32:16.248092Z[0m [34mDEBUG[0m [2mmercury::engine::market_actor[0m[2m:[0m Tick received — running arb detection [3mmarket_id[0m[2m=[0m631deb8c-fbb4-489e-818e-ae698f57f50b [3mplatform[0m[2m=[0mKalshi [3mbid[0m[2m=[0m0.5400 [3mask[0m[2m=[0m0.5600 [3mmid[0m[2m=[0m0.5500 [3mbid_size[0m[2m=[0m692.00 [3mask_size[0m[2m=[0m62.45
[2m2026-04-12T20:32:16.248214Z[0m [34mDEBUG[0m [2mmercury::engine::spread[0m[2m:[0m Evaluated spread direction 2 [3mmarket_id[0m[2m=[0m631deb8c-fbb4-489e-818e-ae698f57f50b [3mdirection[0m[2m=[0m"NO-A/YES-B" [3mraw_spread[0m[2m=[0m-0.0700 [3mbid_a[0m[2m=[0m0.5400 [3mask_b[0m[2m=[0m0.61
[2m2026-04-12T20:32:16.248328Z[0m [32m INFO[0m [2mmercury::engine::detector[0m[2m:[0m ARB OPPORTUNITY DETECTED — passing to execution pipeline [3mmarket_id[0m[2m=[0m631deb8c-fbb4-489e-818e-ae698f57f50b [3mnet_spread[0m[2m=[0m0.0256115132105684547638110489 [3mraw_spread[0m[2m=[0m0.0400 [3mscore[0m[2m=[0m0.0999354245740880692056399038 [3mleg_a[0m[2m=[0mKalshi [3mleg_b[0m[2m=[0mPolymarket [3mleg_a_price[0m[2m=[0m0.5600 [3mleg_b_price[0m[2m=[0m0.4 [3mavailable_size[0m[2m=[0m49.5
[2m2026-04-12T20:32:16.248551Z[0m [33m WARN[0m [2mmercury::risk::circuit_breaker[0m[2m:[0m Circuit breakers tripped [3mcount[0m[2m=[0m1
[2m2026-04-12T20:32:16.248645Z[0m [33m WARN[0m [2mmercury::engine::market_actor[0m[2m:[0m Opportunity BLOCKED by circuit breakers [3mopp_id[0m[2m=[0mf352a967-1932-48d1-a395-f94def498470 [3mmarket_id[0m[2m=[0m631deb8c-fbb4-489e-818e-ae698f57f50b [3mapproved_size[0m[2m=[0m49
[2m2026-04-12T20:32:16.248689Z[0m [33m WARN[0m [2mmercury::risk::circuit_breaker[0m[2m:[0m Circuit breakers tripped [3mcount[0m[2m=[0m1
[2m2026-04-12T20:32:16.248740Z[0m [33m WARN[0m [2mmercury::engine::market_actor[0m[2m:[0m Opportunity BLOCKED by circuit breakers [3mopp_id[0m[2m=[0m24bd88df-a3da-4cae-97fa-485de68da0e9 [3mmarket_id[0m[2m=[0m631deb8c-fbb4-489e-818e-ae698f57f50b [3mapproved_size[0m[2m=[0m49
[2m2026-04-12T20:32:16.255484Z[0m [34mDEBUG[0m [2mmercury::engine::market_actor[0m[2m:[0m Tick received — running arb detection [3mmarket_id[0m[2m=[0m631deb8c-fbb4-489e-818e-ae698f57f50b [3mplatform[0m[2m=[0mKalshi [3mbid[0m[2m=[0m0.5400 [3mask[0m[2m=[0m0.5600 [3mmid[0m[2m=[0m0.5500 [3mbid_size[0m[2m=[0m692.00 [3mask_size[0m[2m=[0m62.45
[2m2026-04-12T20:32:16.255623Z[0m [34mDEBUG[0m [2mmercury::engine::spread[0m[2m:[0m Evaluated spread direction 2 [3mmarket_id[0m[2m=[0m631deb8c-fbb4-489e-818e-ae698f57f50b [3mdirection[0m[2m=[0m"NO-A/YES-B" [3mraw_spread[0m[2m=[0m-0.0700 [3mbid_a[0m[2m=[0m0.5400 [3mask_b[0m[2m=[0m0.61
[2m2026-04-12T20:32:16.255713Z[0m [32m INFO[0m [2mmercury::engine::detector[0m[2m:[0m ARB OPPORTUNITY DETECTED — passing to execution pipeline [3mmarket_id[0m[2m=[0m631deb8c-fbb4-489e-818e-ae698f57f50b [3mnet_spread[0m[2m=[0m0.0256115132105684547638110489 [3mraw_spread[0m[2m=[0m0.0400 [3mscore[0m[2m=[0m0.0999354245740880692056399038 [3mleg_a[0m[2m=[0mKalshi [3mleg_b[0m[2m=[0mPolymarket [3mleg_a_price[0m[2m=[0m0.5600 [3mleg_b_price[0m[2m=[0m0.4 [3mavailable_size[0m[2m=[0m49.5
[2m2026-04-12T20:32:16.255895Z[0m [33m WARN[0m [2mmercury::risk::circuit_breaker[0m[2m:[0m Circuit breakers tripped [3mcount[0m[2m=[0m1
[2m2026-04-12T20:32:16.255950Z[0m [33m WARN[0m [2mmercury::engine::market_actor[0m[2m:[0m Opportunity BLOCKED by circuit breakers [3mopp_id[0m[2m=[0m878bec68-8bec-4fa1-95b2-9b2d7247d467 [3mmarket_id[0m[2m=[0m631deb8c-fbb4-489e-818e-ae698f57f50b [3mapproved_size[0m[2m=[0m49
[2m2026-04-12T20:32:16.296938Z[0m [34mDEBUG[0m [2mmercury::engine::market_actor[0m[2m:[0m Tick received — running arb detection [3mmarket_id[0m[2m=[0m631deb8c-fbb4-489e-818e-ae698f57f50b [3mplatform[0m[2m=[0mKalshi [3mbid[0m[2m=[0m0.5400 [3mask[0m[2m=[0m0.5600 [3mmid[0m[2m=[0m0.5500 [3mbid_size[0m[2m=[0m692.00 [3mask_size[0m[2m=[0m62.45
[2m2026-04-12T20:32:16.297164Z[0m [34mDEBUG[0m [2mmercury::engine::market_actor[0m[2m:[0m Tick received — running arb detection [3mmarket_id[0m[2m=[0m2b958b37-9921-40b8-b22d-64a67138ae70 [3mplatform[0m[2m=[0mPolymarket [3mbid[0m[2m=[0m0.59 [3mask[0m[2m=[0m0.61 [3mmid[0m[2m=[0m0.60 [3mbid_size[0m[2m=[0m6.72 [3mask_size[0m[2m=[0m12.21
[2m2026-04-12T20:32:16.297282Z[0m [34mDEBUG[0m [2mmercury::engine::spread[0m[2m:[0m Evaluated spread direction 2 [3mmarket_id[0m[2m=[0m631deb8c-fbb4-489e-818e-ae698f57f50b [3mdirection[0m[2m=[0m"NO-A/YES-B" [3mraw_spread[0m[2m=[0m-0.0700 [3mbid_a[0m[2m=[0m0.5400 [3mask_b[0m[2m=[0m0.61
[2m2026-04-12T20:32:16.297513Z[0m [32m INFO[0m [2mmercury::engine::detector[0m[2m:[0m ARB OPPORTUNITY DETECTED — passing to execution pipeline [3mmarket_id[0m[2m=[0m631deb8c-fbb4-489e-818e-ae698f57f50b [3mnet_spread[0m[2m=[0m0.0256115132105684547638110489 [3mraw_spread[0m[2m=[0m0.0400 [3mscore[0m[2m=[0m0.0999354245740880692056399038 [3mleg_a[0m[2m=[0mKalshi [3mleg_b[0m[2m=[0mPolymarket [3mleg_a_price[0m[2m=[0m0.5600 [3mleg_b_price[0m[2m=[0m0.4 [3mavailable_size[0m[2m=[0m49.5
[2m2026-04-12T20:32:16.297772Z[0m [34mDEBUG[0m [2mmercury::engine::market_actor[0m[2m:[0m Tick received — running arb detection [3mmarket_id[0m[2m=[0m631deb8c-fbb4-489e-818e-ae698f57f50b [3mplatform[0m[2m=[0mPolymarket [3mbid[0m[2m=[0m0.6 [3mask[0m[2m=[0m0.61 [3mmid[0m[2m=[0m0.6050 [3mbid_size[0m[2m=[0m49.5 [3mask_size[0m[2m=[0m11
[2m2026-04-12T20:32:16.297824Z[0m [34mDEBUG[0m [2mmercury::engine::market_actor[0m[2m:[0m Tick received — running arb detection [3mmarket_id[0m[2m=[0m2b958b37-9921-40b8-b22d-64a67138ae70 [3mplatform[0m[2m=[0mPolymarket [3mbid[0m[2m=[0m0.59 [3mask[0m[2m=[0m0.61 [3mmid[0m[2m=[0m0.60 [3mbid_size[0m[2m=[0m6.72 [3mask_size[0m[2m=[0m12.21
[2m2026-04-12T20:32:16.298029Z[0m [34mDEBUG[0m [2mmercury::engine::spread[0m[2m:[0m Evaluated spread direction 2 [3mmarket_id[0m[2m=[0m631deb8c-fbb4-489e-818e-ae698f57f50b [3mdirection[0m[2m=[0m"NO-A/YES-B" [3mraw_spread[0m[2m=[0m-0.0700 [3mbid_a[0m[2m=[0m0.5400 [3mask_b[0m[2m=[0m0.61
[2m2026-04-12T20:32:16.298149Z[0m [32m INFO[0m [2mmercury::engine::detector[0m[2m:[0m ARB OPPORTUNITY DETECTED — passing to execution pipeline [3mmarket_id[0m[2m=[0m631deb8c-fbb4-489e-818e-ae698f57f50b [3mnet_spread[0m[2m=[0m0.0256115132105684547638110489 [3mraw_spread[0m[2m=[0m0.0400 [3mscore[0m[2m=[0m0.0999354245740880692056399038 [3mleg_a[0m[2m=[0mKalshi [3mleg_b[0m[2m=[0mPolymarket [3mleg_a_price[0m[2m=[0m0.5600 [3mleg_b_price[0m[2m=[0m0.4 [3mavailable_size[0m[2m=[0m49.5
[2m2026-04-12T20:32:16.298260Z[0m [34mDEBUG[0m [2mmercury::engine::market_actor[0m[2m:[0m Tick received — running arb detection [3mmarket_id[0m[2m=[0m631deb8c-fbb4-489e-818e-ae698f57f50b [3mplatform[0m[2m=[0mKalshi [3mbid[0m[2m=[0m0.5400 [3mask[0m[2m=[0m0.5600 [3mmid[0m[2m=[0m0.5500 [3mbid_size[0m[2m=[0m692.00 [3mask_size[0m[2m=[0m62.45
[2m2026-04-12T20:32:16.298453Z[0m [33m WARN[0m [2mmercury::risk::circuit_breaker[0m[2m:[0m Circuit breakers tripped [3mcount[0m[2m=[0m1
[2m2026-04-12T20:32:16.298497Z[0m [34mDEBUG[0m [2mmercury::engine::spread[0m[2m:[0m Evaluated spread direction 2 [3mmarket_id[0m[2m=[0m631deb8c-fbb4-489e-818e-ae698f57f50b [3mdirection[0m[2m=[0m"NO-A/YES-B" [3mraw_spread[0m[2m=[0m-0.0700 [3mbid_a[0m[2m=[0m0.5400 [3mask_b[0m[2m=[0m0.61
[2m2026-04-12T20:32:16.298629Z[0m [33m WARN[0m [2mmercury::engine::market_actor[0m[2m:[0m Opportunity BLOCKED by circuit breakers [3mopp_id[0m[2m=[0m25b1251b-a98e-48d6-8576-7d6b15b4fbd5 [3mmarket_id[0m[2m=[0m631deb8c-fbb4-489e-818e-ae698f57f50b [3mapproved_size[0m[2m=[0m49
[2m2026-04-12T20:32:16.298716Z[0m [32m INFO[0m [2mmercury::engine::detector[0m[2m:[0m ARB OPPORTUNITY DETECTED — passing to execution pipeline [3mmarket_id[0m[2m=[0m631deb8c-fbb4-489e-818e-ae698f57f50b [3mnet_spread[0m[2m=[0m0.0256115132105684547638110489 [3mraw_spread[0m[2m=[0m0.0400 [3mscore[0m[2m=[0m0.0999354245740880692056399038 [3mleg_a[0m[2m=[0mKalshi [3mleg_b[0m[2m=[0mPolymarket [3mleg_a_price[0m[2m=[0m0.5600 [3mleg_b_price[0m[2m=[0m0.4 [3mavailable_size[0m[2m=[0m49.5
[2m2026-04-12T20:32:16.298907Z[0m [34mDEBUG[0m [2mmercury::engine::market_actor[0m[2m:[0m Tick received — running arb detection [3mmarket_id[0m[2m=[0m631deb8c-fbb4-489e-818e-ae698f57f50b [3mplatform[0m[2m=[0mKalshi [3mbid[0m[2m=[0m0.5400 [3mask[0m[2m=[0m0.5600 [3mmid[0m[2m=[0m0.5500 [3mbid_size[0m[2m=[0m692.00 [3mask_size[0m[2m=[0m62.45
[2m2026-04-12T20:32:16.299030Z[0m [33m WARN[0m [2mmercury::risk::circuit_breaker[0m[2m:[0m Circuit breakers tripped [3mcount[0m[2m=[0m1
[2m2026-04-12T20:32:16.299093Z[0m [34mDEBUG[0m [2mmercury::engine::spread[0m[2m:[0m Evaluated spread direction 2 [3mmarket_id[0m[2m=[0m631deb8c-fbb4-489e-818e-ae698f57f50b [3mdirection[0m[2m=[0m"NO-A/YES-B" [3mraw_spread[0m[2m=[0m-0.0700 [3mbid_a[0m[2m=[0m0.5400 [3mask_b[0m[2m=[0m0.61
[2m2026-04-12T20:32:16.299125Z[0m [33m WARN[0m [2mmercury::engine::market_actor[0m[2m:[0m Opportunity BLOCKED by circuit breakers [3mopp_id[0m[2m=[0mc226101d-ab5f-4113-bb89-67467c0c9c88 [3mmarket_id[0m[2m=[0m631deb8c-fbb4-489e-818e-ae698f57f50b [3mapproved_size[0m[2m=[0m49
[2m2026-04-12T20:32:16.299285Z[0m [32m INFO[0m [2mmercury::engine::detector[0m[2m:[0m ARB OPPORTUNITY DETECTED — passing to execution pipeline [3mmarket_id[0m[2m=[0m631deb8c-fbb4-489e-818e-ae698f57f50b [3mnet_spread[0m[2m=[0m0.0256115132105684547638110489 [3mraw_spread[0m[2m=[0m0.0400 [3mscore[0m[2m=[0m0.0999354245740880692056399038 [3mleg_a[0m[2m=[0mKalshi [3mleg_b[0m[2m=[0mPolymarket [3mleg_a_price[0m[2m=[0m0.5600 [3mleg_b_price[0m[2m=[0m0.4 [3mavailable_size[0m[2m=[0m49.5
[2m2026-04-12T20:32:16.299408Z[0m [34mDEBUG[0m [2mmercury::engine::market_actor[0m[2m:[0m Tick received — running arb detection [3mmarket_id[0m[2m=[0m631deb8c-fbb4-489e-818e-ae698f57f50b [3mplatform[0m[2m=[0mKalshi [3mbid[0m[2m=[0m0.5400 [3mask[0m[2m=[0m0.5600 [3mmid[0m[2m=[0m0.5500 [3mbid_size[0m[2m=[0m692.00 [3mask_size[0m[2m=[0m62.78
[2m2026-04-12T20:32:16.299532Z[0m [33m WARN[0m [2mmercury::risk::circuit_breaker[0m[2m:[0m Circuit breakers tripped [3mcount[0m[2m=[0m1
[2m2026-04-12T20:32:16.299587Z[0m [34mDEBUG[0m [2mmercury::engine::spread[0m[2m:[0m Evaluated spread direction 2 [3mmarket_id[0m[2m=[0m631deb8c-fbb4-489e-818e-ae698f57f50b [3mdirection[0m[2m=[0m"NO-A/YES-B" [3mraw_spread[0m[2m=[0m-0.0700 [3mbid_a[0m[2m=[0m0.5400 [3mask_b[0m[2m=[0m0.61
[2m2026-04-12T20:32:16.299601Z[0m [33m WARN[0m [2mmercury::engine::market_actor[0m[2m:[0m Opportunity BLOCKED by circuit breakers [3mopp_id[0m[2m=[0m68781ad4-ec37-4114-bc0d-a853b6936c72 [3mmarket_id[0m[2m=[0m631deb8c-fbb4-489e-818e-ae698f57f50b [3mapproved_size[0m[2m=[0m49
[2m2026-04-12T20:32:16.299711Z[0m [32m INFO[0m [2mmercury::engine::detector[0m[2m:[0m ARB OPPORTUNITY DETECTED — passing to execution pipeline [3mmarket_id[0m[2m=[0m631deb8c-fbb4-489e-818e-ae698f57f50b [3mnet_spread[0m[2m=[0m0.0255700318572793883402357438 [3mraw_spread[0m[2m=[0m0.0400 [3mscore[0m[2m=[0m0.0997735654672571617302758332 [3mleg_a[0m[2m=[0mKalshi [3mleg_b[0m[2m=[0mPolymarket [3mleg_a_price[0m[2m=[0m0.5600 [3mleg_b_price[0m[2m=[0m0.4 [3mavailable_size[0m[2m=[0m49.5
[2m2026-04-12T20:32:16.299901Z[0m [34mDEBUG[0m [2mmercury::engine::market_actor[0m[2m:[0m Tick received — running arb detection [3mmarket_id[0m[2m=[0m631deb8c-fbb4-489e-818e-ae698f57f50b [3mplatform[0m[2m=[0mKalshi [3mbid[0m[2m=[0m0.5400 [3mask[0m[2m=[0m0.5600 [3mmid[0m[2m=[0m0.5500 [3mbid_size[0m[2m=[0m692.00 [3mask_size[0m[2m=[0m62.78
[2m2026-04-12T20:32:16.299966Z[0m [33m WARN[0m [2mmercury::risk::circuit_breaker[0m[2m:[0m Circuit breakers tripped [3mcount[0m[2m=[0m1
[2m2026-04-12T20:32:16.300097Z[0m [33m WARN[0m [2mmercury::engine::market_actor[0m[2m:[0m Opportunity BLOCKED by circuit breakers [3mopp_id[0m[2m=[0m8c3ce0fc-8654-4e40-bf13-bf7bd0697a94 [3mmarket_id[0m[2m=[0m631deb8c-fbb4-489e-818e-ae698f57f50b [3mapproved_size[0m[2m=[0m49
[2m2026-04-12T20:32:16.300132Z[0m [34mDEBUG[0m [2mmercury::engine::spread[0m[2m:[0m Evaluated spread direction 2 [3mmarket_id[0m[2m=[0m631deb8c-fbb4-489e-818e-ae698f57f50b [3mdirection[0m[2m=[0m"NO-A/YES-B" [3mraw_spread[0m[2m=[0m-0.0700 [3mbid_a[0m[2m=[0m0.5400 [3mask_b[0m[2m=[0m0.61
[2m2026-04-12T20:32:16.300288Z[0m [32m INFO[0m [2mmercury::engine::detector[0m[2m:[0m ARB OPPORTUNITY DETECTED — passing to execution pipeline [3mmarket_id[0m[2m=[0m631deb8c-fbb4-489e-818e-ae698f57f50b [3mnet_spread[0m[2m=[0m0.0255700318572793883402357438 [3mraw_spread[0m[2m=[0m0.0400 [3mscore[0m[2m=[0m0.0997735654672571617302758332 [3mleg_a[0m[2m=[0mKalshi [3mleg_b[0m[2m=[0mPolymarket [3mleg_a_price[0m[2m=[0m0.5600 [3mleg_b_price[0m[2m=[0m0.4 [3mavailable_size[0m[2m=[0m49.5
[2m2026-04-12T20:32:16.300482Z[0m [34mDEBUG[0m [2mmercury::engine::market_actor[0m[2m:[0m Tick received — running arb detection [3mmarket_id[0m[2m=[0m631deb8c-fbb4-489e-818e-ae698f57f50b [3mplatform[0m[2m=[0mKalshi [3mbid[0m[2m=[0m0.5400 [3mask[0m[2m=[0m0.5600 [3mmid[0m[2m=[0m0.5500 [3mbid_size[0m[2m=[0m692.00 [3mask_size[0m[2m=[0m62.78
[2m2026-04-12T20:32:16.300560Z[0m [33m WARN[0m [2mmercury::risk::circuit_breaker[0m[2m:[0m Circuit breakers tripped [3mcount[0m[2m=[0m1
[2m2026-04-12T20:32:16.300635Z[0m [33m WARN[0m [2mmercury::engine::market_actor[0m[2m:[0m Opportunity BLOCKED by circuit breakers [3mopp_id[0m[2m=[0ma1b553f7-ba1b-45be-9840-0b37d33d9993 [3mmarket_id[0m[2m=[0m631deb8c-fbb4-489e-818e-ae698f57f50b [3mapproved_size[0m[2m=[0m49
[2m2026-04-12T20:32:16.300680Z[0m [34mDEBUG[0m [2mmercury::engine::spread[0m[2m:[0m Evaluated spread direction 2 [3mmarket_id[0m[2m=[0m631deb8c-fbb4-489e-818e-ae698f57f50b [3mdirection[0m[2m=[0m"NO-A/YES-B" [3mraw_spread[0m[2m=[0m-0.0700 [3mbid_a[0m[2m=[0m0.5400 [3mask_b[0m[2m=[0m0.61
[2m2026-04-12T20:32:16.300803Z[0m [32m INFO[0m [2mmercury::engine::detector[0m[2m:[0m ARB OPPORTUNITY DETECTED — passing to execution pipeline [3mmarket_id[0m[2m=[0m631deb8c-fbb4-489e-818e-ae698f57f50b [3mnet_spread[0m[2m=[0m0.0255700318572793883402357438 [3mraw_spread[0m[2m=[0m0.0400 [3mscore[0m[2m=[0m0.0997735654672571617302758332 [3mleg_a[0m[2m=[0mKalshi [3mleg_b[0m[2m=[0mPolymarket [3mleg_a_price[0m[2m=[0m0.5600 [3mleg_b_price[0m[2m=[0m0.4 [3mavailable_size[0m[2m=[0m49.5
[2m2026-04-12T20:32:16.300949Z[0m [34mDEBUG[0m [2mmercury::engine::market_actor[0m[2m:[0m Tick received — running arb detection [3mmarket_id[0m[2m=[0m631deb8c-fbb4-489e-818e-ae698f57f50b [3mplatform[0m[2m=[0mKalshi [3mbid[0m[2m=[0m0.5400 [3mask[0m[2m=[0m0.5600 [3mmid[0m[2m=[0m0.5500 [3mbid_size[0m[2m=[0m692.00 [3mask_size[0m[2m=[0m142.78
[2m2026-04-12T20:32:16.300994Z[0m [33m WARN[0m [2mmercury::risk::circuit_breaker[0m[2m:[0m Circuit breakers tripped [3mcount[0m[2m=[0m1
[2m2026-04-12T20:32:16.301072Z[0m [33m WARN[0m [2mmercury::engine::market_actor[0m[2m:[0m Opportunity BLOCKED by circuit breakers [3mopp_id[0m[2m=[0m108d7dcd-19f6-4b69-9b74-a0cdcd9d9102 [3mmarket_id[0m[2m=[0m631deb8c-fbb4-489e-818e-ae698f57f50b [3mapproved_size[0m[2m=[0m49
[2m2026-04-12T20:32:16.301116Z[0m [34mDEBUG[0m [2mmercury::engine::spread[0m[2m:[0m Evaluated spread direction 2 [3mmarket_id[0m[2m=[0m631deb8c-fbb4-489e-818e-ae698f57f50b [3mdirection[0m[2m=[0m"NO-A/YES-B" [3mraw_spread[0m[2m=[0m-0.0700 [3mbid_a[0m[2m=[0m0.5400 [3mask_b[0m[2m=[0m0.61
[2m2026-04-12T20:32:16.301275Z[0m [33m WARN[0m [2mmercury::risk::circuit_breaker[0m[2m:[0m Circuit breakers tripped [3mcount[0m[2m=[0m1
[2m2026-04-12T20:32:16.301334Z[0m [33m WARN[0m [2mmercury::engine::market_actor[0m[2m:[0m Opportunity BLOCKED by circuit breakers [3mopp_id[0m[2m=[0m9af7598e-e554-4069-97d2-8f2254e22957 [3mmarket_id[0m[2m=[0m631deb8c-fbb4-489e-818e-ae698f57f50b [3mapproved_size[0m[2m=[0m49
[2m2026-04-12T20:32:16.344488Z[0m [34mDEBUG[0m [2mmercury::engine::market_actor[0m[2m:[0m Tick received — running arb detection [3mmarket_id[0m[2m=[0m631deb8c-fbb4-489e-818e-ae698f57f50b [3mplatform[0m[2m=[0mKalshi [3mbid[0m[2m=[0m0.5400 [3mask[0m[2m=[0m0.5600 [3mmid[0m[2m=[0m0.5500 [3mbid_size[0m[2m=[0m692.00 [3mask_size[0m[2m=[0m142.78
[2m2026-04-12T20:32:16.344691Z[0m [34mDEBUG[0m [2mmercury::engine::spread[0m[2m:[0m Evaluated spread direction 2 [3mmarket_id[0m[2m=[0m631deb8c-fbb4-489e-818e-ae698f57f50b [3mdirection[0m[2m=[0m"NO-A/YES-B" [3mraw_spread[0m[2m=[0m-0.0700 [3mbid_a[0m[2m=[0m0.5400 [3mask_b[0m[2m=[0m0.61
[2m2026-04-12T20:32:16.344766Z[0m [34mDEBUG[0m [2mmercury::engine::market_actor[0m[2m:[0m Tick received — running arb detection [3mmarket_id[0m[2m=[0m631deb8c-fbb4-489e-818e-ae698f57f50b [3mplatform[0m[2m=[0mKalshi [3mbid[0m[2m=[0m0.5400 [3mask[0m[2m=[0m0.5600 [3mmid[0m[2m=[0m0.5500 [3mbid_size[0m[2m=[0m692.00 [3mask_size[0m[2m=[0m142.45
[2m2026-04-12T20:32:16.344855Z[0m [34mDEBUG[0m [2mmercury::engine::spread[0m[2m:[0m Evaluated spread direction 2 [3mmarket_id[0m[2m=[0m631deb8c-fbb4-489e-818e-ae698f57f50b [3mdirection[0m[2m=[0m"NO-A/YES-B" [3mraw_spread[0m[2m=[0m-0.0700 [3mbid_a[0m[2m=[0m0.5400 [3mask_b[0m[2m=[0m0.61
[2m2026-04-12T20:32:16.398444Z[0m [34mDEBUG[0m [2mmercury::engine::market_actor[0m[2m:[0m Tick received — running arb detection [3mmarket_id[0m[2m=[0m631deb8c-fbb4-489e-818e-ae698f57f50b [3mplatform[0m[2m=[0mKalshi [3mbid[0m[2m=[0m0.5400 [3mask[0m[2m=[0m0.5600 [3mmid[0m[2m=[0m0.5500 [3mbid_size[0m[2m=[0m692.00 [3mask_size[0m[2m=[0m142.78
[2m2026-04-12T20:32:16.398613Z[0m [34mDEBUG[0m [2mmercury::engine::spread[0m[2m:[0m Evaluated spread direction 2 [3mmarket_id[0m[2m=[0m631deb8c-fbb4-489e-818e-ae698f57f50b [3mdirection[0m[2m=[0m"NO-A/YES-B" [3mraw_spread[0m[2m=[0m-0.0700 [3mbid_a[0m[2m=[0m0.5400 [3mask_b[0m[2m=[0m0.61
[2m2026-04-12T20:32:16.398690Z[0m [34mDEBUG[0m [2mmercury::engine::market_actor[0m[2m:[0m Tick received — running arb detection [3mmarket_id[0m[2m=[0m631deb8c-fbb4-489e-818e-ae698f57f50b [3mplatform[0m[2m=[0mPolymarket [3mbid[0m[2m=[0m0.6 [3mask[0m[2m=[0m0.61 [3mmid[0m[2m=[0m0.6050 [3mbid_size[0m[2m=[0m49.5 [3mask_size[0m[2m=[0m11
[2m2026-04-12T20:32:16.398778Z[0m [34mDEBUG[0m [2mmercury::engine::spread[0m[2m:[0m Evaluated spread direction 2 [3mmarket_id[0m[2m=[0m631deb8c-fbb4-489e-818e-ae698f57f50b [3mdirection[0m[2m=[0m"NO-A/YES-B" [3mraw_spread[0m[2m=[0m-0.0700 [3mbid_a[0m[2m=[0m0.5400 [3mask_b[0m[2m=[0m0.61
[2m2026-04-12T20:32:16.407875Z[0m [34mDEBUG[0m [2mmercury::engine::market_actor[0m[2m:[0m Tick received — running arb detection [3mmarket_id[0m[2m=[0m631deb8c-fbb4-489e-818e-ae698f57f50b [3mplatform[0m[2m=[0mPolymarket [3mbid[0m[2m=[0m0.6 [3mask[0m[2m=[0m0.61 [3mmid[0m[2m=[0m0.6050 [3mbid_size[0m[2m=[0m49.5 [3mask_size[0m[2m=[0m11
[2m2026-04-12T20:32:16.407995Z[0m [34mDEBUG[0m [2mmercury::engine::spread[0m[2m:[0m Evaluated spread direction 2 [3mmarket_id[0m[2m=[0m631deb8c-fbb4-489e-818e-ae698f57f50b [3mdirection[0m[2m=[0m"NO-A/YES-B" [3mraw_spread[0m[2m=[0m-0.0700 [3mbid_a[0m[2m=[0m0.5400 [3mask_b[0m[2m=[0m0.61
[2m2026-04-12T20:32:16.447394Z[0m [34mDEBUG[0m [2mmercury::engine::market_actor[0m[2m:[0m Tick received — running arb detection [3mmarket_id[0m[2m=[0m631deb8c-fbb4-489e-818e-ae698f57f50b [3mplatform[0m[2m=[0mKalshi [3mbid[0m[2m=[0m0.5400 [3mask[0m[2m=[0m0.5600 [3mmid[0m[2m=[0m0.5500 [3mbid_size[0m[2m=[0m692.00 [3mask_size[0m[2m=[0m142.45
[2m2026-04-12T20:32:16.447548Z[0m [34mDEBUG[0m [2mmercury::engine::spread[0m[2m:[0m Evaluated spread direction 2 [3mmarket_id[0m[2m=[0m631deb8c-fbb4-489e-818e-ae698f57f50b [3mdirection[0m[2m=[0m"NO-A/YES-B" [3mraw_spread[0m[2m=[0m-0.0700 [3mbid_a[0m[2m=[0m0.5400 [3mask_b[0m[2m=[0m0.61
[2m2026-04-12T20:32:16.500824Z[0m [34mDEBUG[0m [2mmercury::engine::market_actor[0m[2m:[0m Tick received — running arb detection [3mmarket_id[0m[2m=[0m631deb8c-fbb4-489e-818e-ae698f57f50b [3mplatform[0m[2m=[0mKalshi [3mbid[0m[2m=[0m0.5400 [3mask[0m[2m=[0m0.5600 [3mmid[0m[2m=[0m0.5500 [3mbid_size[0m[2m=[0m692.00 [3mask_size[0m[2m=[0m142.78
[2m2026-04-12T20:32:16.501057Z[0m [34mDEBUG[0m [2mmercury::engine::spread[0m[2m:[0m Evaluated spread direction 2 [3mmarket_id[0m[2m=[0m631deb8c-fbb4-489e-818e-ae698f57f50b [3mdirection[0m[2m=[0m"NO-A/YES-B" [3mraw_spread[0m[2m=[0m-0.0700 [3mbid_a[0m[2m=[0m0.5400 [3mask_b[0m[2m=[0m0.61
[2m2026-04-12T20:32:16.501175Z[0m [34mDEBUG[0m [2mmercury::engine::market_actor[0m[2m:[0m Tick received — running arb detection [3mmarket_id[0m[2m=[0m631deb8c-fbb4-489e-818e-ae698f57f50b [3mplatform[0m[2m=[0mPolymarket [3mbid[0m[2m=[0m0.6 [3mask[0m[2m=[0m0.61 [3mmid[0m[2m=[0m0.6050 [3mbid_size[0m[2m=[0m49.5 [3mask_size[0m[2m=[0m11
[2m2026-04-12T20:32:16.501324Z[0m [34mDEBUG[0m [2mmercury::engine::spread[0m[2m:[0m Evaluated spread direction 2 [3mmarket_id[0m[2m=[0m631deb8c-fbb4-489e-818e-ae698f57f50b [3mdirection[0m[2m=[0m"NO-A/YES-B" [3mraw_spread[0m[2m=[0m-0.0700 [3mbid_a[0m[2m=[0m0.5400 [3mask_b[0m[2m=[0m0.61
[2m2026-04-12T20:32:16.545261Z[0m [32m INFO[0m [2mmercury::feeds::discovery[0m[2m:[0m Kalshi general markets fetched [3mcount[0m[2m=[0m500
[2m2026-04-12T20:32:16.550285Z[0m [34mDEBUG[0m [2mmercury::engine::market_actor[0m[2m:[0m Tick received — running arb detection [3mmarket_id[0m[2m=[0m631deb8c-fbb4-489e-818e-ae698f57f50b [3mplatform[0m[2m=[0mKalshi [3mbid[0m[2m=[0m0.5400 [3mask[0m[2m=[0m0.5500 [3mmid[0m[2m=[0m0.5450 [3mbid_size[0m[2m=[0m692.00 [3mask_size[0m[2m=[0m1.00
[2m2026-04-12T20:32:16.550509Z[0m [34mDEBUG[0m [2mmercury::engine::spread[0m[2m:[0m Evaluated spread direction 2 [3mmarket_id[0m[2m=[0m631deb8c-fbb4-489e-818e-ae698f57f50b [3mdirection[0m[2m=[0m"NO-A/YES-B" [3mraw_spread[0m[2m=[0m-0.0700 [3mbid_a[0m[2m=[0m0.5400 [3mask_b[0m[2m=[0m0.61
[2m2026-04-12T20:32:16.550637Z[0m [34mDEBUG[0m [2mmercury::engine::detector[0m[2m:[0m Opportunity rejected by gate [3mreason[0m[2m=[0mInsufficientLiquidity { available: 1.00, required: 5 } [3mmarket_id[0m[2m=[0m631deb8c-fbb4-489e-818e-ae698f57f50b [3mraw_spread[0m[2m=[0m0.0500 [3mnet_spread[0m[2m=[0m0.035550000 [3mleg_a_platform[0m[2m=[0mKalshi [3mleg_b_platform[0m[2m=[0mPolymarket
[2m2026-04-12T20:32:16.550786Z[0m [34mDEBUG[0m [2mmercury::engine::market_actor[0m[2m:[0m Tick received — running arb detection [3mmarket_id[0m[2m=[0m631deb8c-fbb4-489e-818e-ae698f57f50b [3mplatform[0m[2m=[0mPolymarket [3mbid[0m[2m=[0m0.6 [3mask[0m[2m=[0m0.61 [3mmid[0m[2m=[0m0.6050 [3mbid_size[0m[2m=[0m54.5 [3mask_size[0m[2m=[0m11
[2m2026-04-12T20:32:16.550942Z[0m [34mDEBUG[0m [2mmercury::engine::spread[0m[2m:[0m Evaluated spread direction 2 [3mmarket_id[0m[2m=[0m631deb8c-fbb4-489e-818e-ae698f57f50b [3mdirection[0m[2m=[0m"NO-A/YES-B" [3mraw_spread[0m[2m=[0m-0.0700 [3mbid_a[0m[2m=[0m0.5400 [3mask_b[0m[2m=[0m0.61
[2m2026-04-12T20:32:16.551063Z[0m [34mDEBUG[0m [2mmercury::engine::detector[0m[2m:[0m Opportunity rejected by gate [3mreason[0m[2m=[0mInsufficientLiquidity { available: 1.00, required: 5 } [3mmarket_id[0m[2m=[0m631deb8c-fbb4-489e-818e-ae698f57f50b [3mraw_spread[0m[2m=[0m0.0500 [3mnet_spread[0m[2m=[0m0.035550000 [3mleg_a_platform[0m[2m=[0mKalshi [3mleg_b_platform[0m[2m=[0mPolymarket
[2m2026-04-12T20:32:16.567226Z[0m [32m INFO[0m [2mmercury::feeds::discovery[0m[2m:[0m Discovery cycle complete [3mtotal[0m[2m=[0m8 [3mactive[0m[2m=[0m8
[2m2026-04-12T20:32:16.567621Z[0m [32m INFO[0m [2mmercury[0m[2m:[0m Registry updated — new platform added to existing market [3mmarket_id[0m[2m=[0m9046452d-bcb3-4bb8-8925-8924b7439992 [3mtotal_markets[0m[2m=[0m21 [3mtotal_arb_pairs[0m[2m=[0m6
[2m2026-04-12T20:32:16.567782Z[0m [32m INFO[0m [2mmercury[0m[2m:[0m NEW cross-platform market discovered and registered [3mmarket_id[0m[2m=[0m74068dd9-5c08-4ce0-b787-83fe96a4593a [3mquestion[0m[2m=[0mEthereum Up or Down - April 12, 4:45PM-5:00PM ET [3mplatforms[0m[2m=[0m[Polymarket] [3mstatus[0m[2m=[0mActive [3mconfidence[0m[2m=[0m1.0
[2m2026-04-12T20:32:16.802732Z[0m [34mDEBUG[0m [2mmercury::feeds::polymarket[0m[2m:[0m Unknown Polymarket event type [3mevent_type[0m[2m=[0mbest_bid_ask
[2m2026-04-12T20:32:17.607844Z[0m [34mDEBUG[0m [2mmercury::feeds::polymarket[0m[2m:[0m Unknown Polymarket event type [3mevent_type[0m[2m=[0mbest_bid_ask
[2m2026-04-12T20:32:17.632327Z[0m [34mDEBUG[0m [2mmercury::feeds::polymarket[0m[2m:[0m Unknown Polymarket event type [3mevent_type[0m[2m=[0mbest_bid_ask
