warning: unused import: `Timelike`
  --> src/feeds/discovery.rs:39:29
   |
39 | use chrono::{DateTime, Utc, Timelike};
   |                             ^^^^^^^^
   |
   = note: `#[warn(unused_imports)]` (part of `#[warn(unused)]`) on by default

warning: `mercury` (lib) generated 1 warning (run `cargo fix --lib -p mercury` to apply 1 suggestion)
    Finished `dev` profile [unoptimized + debuginfo] target(s) in 0.47s
     Running `target/debug/mercury --dry-run -c config/dry_run.yaml`
[2m2026-04-12T20:17:53.435161Z[0m [32m INFO[0m [2mmercury[0m[2m:[0m MERCURY v0.1.0 starting...
[2m2026-04-12T20:17:53.435305Z[0m [32m INFO[0m [2mmercury[0m[2m:[0m Configuration loaded
[2m2026-04-12T20:17:53.435636Z[0m [32m INFO[0m [2mmercury[0m[2m:[0m Secure environment injected from .env
[2m2026-04-12T20:17:53.435688Z[0m [32m INFO[0m [2mmercury[0m[2m:[0m Executing Ahead-of-Time (AOT) pre-flight checks...
[2m2026-04-12T20:17:54.232723Z[0m [32m INFO[0m [2mmercury[0m[2m:[0m All AOT pre-flight checks passed successfully.
[2m2026-04-12T20:17:54.232947Z[0m [32m INFO[0m [2mmercury[0m[2m:[0m All pre-flight checks passed.
[2m2026-04-12T20:17:54.238932Z[0m [32m INFO[0m [2mmercury::db::sqlite[0m[2m:[0m Database schema version validated: 2
[2m2026-04-12T20:17:54.239298Z[0m [32m INFO[0m [2mmercury[0m[2m:[0m Database initialized via SQLx
[2m2026-04-12T20:17:54.248871Z[0m [32m INFO[0m [2mmercury[0m[2m:[0m Telegram alerts enabled (MERCURY_NOTIFICATION bot)
[2m2026-04-12T20:17:54.248924Z[0m [32m INFO[0m [2mmercury::telegram::alerts[0m[2m:[0m Telegram alert service started
[2m2026-04-12T20:17:54.249040Z[0m [32m INFO[0m [2mmercury[0m[2m:[0m Telegram daily reports & command polling enabled (MERCURY_DAILYBOT)
[2m2026-04-12T20:17:54.249057Z[0m [32m INFO[0m [2mmercury::telegram::reports[0m[2m:[0m Telegram report & command service started
[2m2026-04-12T20:17:54.249654Z[0m [32m INFO[0m [2mmercury[0m[2m:[0m Recovered circuit breaker state from 0 recent trades
[2m2026-04-12T20:17:54.250123Z[0m [32m INFO[0m [2mmercury::risk::bankroll[0m[2m:[0m Bankroll state restored from DB [3mcumulative_profit[0m[2m=[0m0
[2m2026-04-12T20:17:54.251507Z[0m [32m INFO[0m [2mmercury::crypto::eip712[0m[2m:[0m Polymarket signer initialized [3maddress[0m[2m=[0m0x450760C560721D88205bAcc242523f18838A7dfe [3mchain_id[0m[2m=[0m137
[2m2026-04-12T20:17:54.251668Z[0m [32m INFO[0m [2mmercury[0m[2m:[0m Polymarket client initialized [3maddress[0m[2m=[0m0x450760C560721D88205bAcc242523f18838A7dfe
[2m2026-04-12T20:17:54.254097Z[0m [32m INFO[0m [2mmercury::crypto::jwt[0m[2m:[0m Kalshi auth initialized [3mapi_key_id[0m[2m=[0m88a3b3aa-8fb9-4ecd-ab56-1c642d32ed51
[2m2026-04-12T20:17:54.254198Z[0m [32m INFO[0m [2mmercury[0m[2m:[0m Kalshi client initialized
[2m2026-04-12T20:17:54.254301Z[0m [32m INFO[0m [2mmercury[0m[2m:[0m Polymarket execution: ENABLED
[2m2026-04-12T20:17:54.254360Z[0m [32m INFO[0m [2mmercury[0m[2m:[0m Kalshi execution: ENABLED
[2m2026-04-12T20:17:54.254498Z[0m [32m INFO[0m [2mmercury::execution::executor[0m[2m:[0m Execution engine started
[2m2026-04-12T20:17:54.254553Z[0m [32m INFO[0m [2mmercury::inventory::positions[0m[2m:[0m Position tracker started
[2m2026-04-12T20:17:54.254609Z[0m [32m INFO[0m [2mmercury::inventory::reconciler[0m[2m:[0m Reconciler started [3minterval_secs[0m[2m=[0m60
[2m2026-04-12T20:17:54.254649Z[0m [32m INFO[0m [2mmercury::inventory::unwind_watchdog[0m[2m:[0m Unwind watchdog started
[2m2026-04-12T20:17:54.254617Z[0m [32m INFO[0m [2mmercury::inventory::settlement[0m[2m:[0m Settlement monitor started
[2m2026-04-12T20:17:54.254727Z[0m [32m INFO[0m [2mmercury::monitoring::gas_oracle[0m[2m:[0m Gas oracle started (first fetch is immediate) [3minterval_secs[0m[2m=[0m15 [3mrpc_url[0m[2m=[0mhttps://rpc.ankr.com/polygon
[2m2026-04-12T20:17:54.254757Z[0m [32m INFO[0m [2mmercury::monitoring::backup[0m[2m:[0m DB backup task started [3minterval_secs[0m[2m=[0m21600 [3mdir[0m[2m=[0mbackups
[2m2026-04-12T20:17:54.254737Z[0m [32m INFO[0m [2mmercury::monitoring::health[0m[2m:[0m Health + Prometheus metrics server listening [3maddr[0m[2m=[0m"127.0.0.1:9091"
[2m2026-04-12T20:17:54.256726Z[0m [32m INFO[0m [2mmercury::crypto::jwt[0m[2m:[0m Kalshi auth initialized [3mapi_key_id[0m[2m=[0m88a3b3aa-8fb9-4ecd-ab56-1c642d32ed51
[2m2026-04-12T20:17:54.256962Z[0m [32m INFO[0m [2mmercury::feeds::discovery[0m[2m:[0m Market discovery started [3minterval_secs[0m[2m=[0m30
[2m2026-04-12T20:17:54.257171Z[0m [32m INFO[0m [2mmercury[0m[2m:[0m Config hot-reload watcher active on config/dry_run.yaml
[2m2026-04-12T20:17:54.261189Z[0m [32m INFO[0m [2mmercury::feeds::base[0m[2m:[0m Connecting feed handler [3mplatform[0m[2m=[0mPolymarket
[2m2026-04-12T20:17:54.261315Z[0m [32m INFO[0m [2mmercury::feeds::polymarket[0m[2m:[0m Connecting to Polymarket WebSocket [3murl[0m[2m=[0m"wss://ws-subscriptions-clob.polymarket.com/ws/market"
[2m2026-04-12T20:17:54.263155Z[0m [32m INFO[0m [2mmercury::crypto::jwt[0m[2m:[0m Kalshi auth initialized [3mapi_key_id[0m[2m=[0m88a3b3aa-8fb9-4ecd-ab56-1c642d32ed51
[2m2026-04-12T20:17:54.263292Z[0m [32m INFO[0m [2mmercury::monitoring::backup[0m[2m:[0m Database backup completed [3mpath[0m[2m=[0m/Users/isaacvalerianomuniz/MERCURY/backups/mercury_backup_20260412_201754.db
[2m2026-04-12T20:17:54.263732Z[0m [32m INFO[0m [2mmercury::monitoring::backup[0m[2m:[0m Pruned old backup [3mpath[0m[2m=[0m"backups/mercury_backup_20260412_135455.db"
[2m2026-04-12T20:17:54.264347Z[0m [32m INFO[0m [2mmercury::feeds::base[0m[2m:[0m Connecting feed handler [3mplatform[0m[2m=[0mKalshi
[2m2026-04-12T20:17:54.264350Z[0m [32m INFO[0m [2mmercury[0m[2m:[0m All subsystems initialized. MERCURY engine running. Press Ctrl+C to shutdown.
[2m2026-04-12T20:17:54.264435Z[0m [32m INFO[0m [2mmercury::feeds::kalshi[0m[2m:[0m Connecting to Kalshi WebSocket: wss://api.elections.kalshi.com/trade-api/ws/v2
[2m2026-04-12T20:17:54.264724Z[0m [32m INFO[0m [2mmercury[0m[2m:[0m Daily report scheduled [3mdelay_secs[0m[2m=[0m2525 [3mhour_utc[0m[2m=[0m21
[2m2026-04-12T20:17:54.266066Z[0m [32m INFO[0m [2mmercury[0m[2m:[0m Seeded market registry from DB [3mcount[0m[2m=[0m24
[2m2026-04-12T20:17:54.266257Z[0m [32m INFO[0m [2mmercury[0m[2m:[0m Feed connected — Arbs involving platform restored [3mplatform[0m[2m=[0mPolymarket
[2m2026-04-12T20:17:54.266942Z[0m [32m INFO[0m [2mmercury[0m[2m:[0m === MERCURY STATUS === [3mregistered_markets[0m[2m=[0m24 [3marb_pairs[0m[2m=[0m4 [3mactive_actors[0m[2m=[0m0 [3mopen_positions[0m[2m=[0m0 [3min_flight_trades[0m[2m=[0m0 [3mbankroll[0m[2m=[0m10000.00 [3mdaily_pnl[0m[2m=[0m0 [3mopps_detected[0m[2m=[0m0 [3mopps_passed[0m[2m=[0m0 [3mgate1_below_spread[0m[2m=[0m0 [3mgate2_low_liquidity[0m[2m=[0m0 [3mgate3_stale_data[0m[2m=[0m0 [3mgate4_low_confidence[0m[2m=[0m0 [3mgate5_capacity[0m[2m=[0m0
[2m2026-04-12T20:17:54.267076Z[0m [33m WARN[0m [2mmercury[0m[2m:[0m No active MarketActors — feeds have not sent any ticks yet. Check WebSocket connections. [3mregistered_markets[0m[2m=[0m24
[2m2026-04-12T20:17:54.267174Z[0m [32m INFO[0m [2mmercury[0m[2m:[0m Feed connected — Arbs involving platform restored [3mplatform[0m[2m=[0mKalshi
[2m2026-04-12T20:17:54.890237Z[0m [32m INFO[0m [2mmercury::monitoring::gas_oracle[0m[2m:[0m Polygon gas price updated [3mgwei[0m[2m=[0m157 [3mprev_gwei[0m[2m=[0m50
[2m2026-04-12T20:17:54.891236Z[0m [32m INFO[0m [2mmercury::feeds::discovery[0m[2m:[0m 15m crypto round matched [3masset[0m[2m=[0mbtc [3mround_start[0m[2m=[0m1776024900 [3mpoly[0m[2m=[0mtrue [3mkalshi[0m[2m=[0mtrue
[2m2026-04-12T20:17:54.892804Z[0m [32m INFO[0m [2mmercury::feeds::polymarket[0m[2m:[0m Subscribed to Polymarket markets [3mcount[0m[2m=[0m24
[2m2026-04-12T20:17:54.992843Z[0m [32m INFO[0m [2mmercury::feeds::kalshi[0m[2m:[0m Subscribed to Kalshi markets [3mcount[0m[2m=[0m4
[2m2026-04-12T20:17:55.045851Z[0m [32m INFO[0m [2mmercury[0m[2m:[0m First tick for market — spawning MarketActor [3mmarket_id[0m[2m=[0mbc548cd4-ced9-48e8-b131-410c92fb3a0e [3mplatform[0m[2m=[0mPolymarket [3mactive_actors[0m[2m=[0m1
[2m2026-04-12T20:17:55.046055Z[0m [32m INFO[0m [2mmercury[0m[2m:[0m First tick for market — spawning MarketActor [3mmarket_id[0m[2m=[0m79e1f598-7189-438f-a66e-b184b04be477 [3mplatform[0m[2m=[0mPolymarket [3mactive_actors[0m[2m=[0m2
[2m2026-04-12T20:17:55.046070Z[0m [34mDEBUG[0m [2mmercury::engine::market_actor[0m[2m:[0m MarketActor started [3mmarket_id[0m[2m=[0mbc548cd4-ced9-48e8-b131-410c92fb3a0e
[2m2026-04-12T20:17:55.046167Z[0m [32m INFO[0m [2mmercury[0m[2m:[0m First tick for market — spawning MarketActor [3mmarket_id[0m[2m=[0m189bf673-b643-45a5-be39-c4a3275d71a0 [3mplatform[0m[2m=[0mPolymarket [3mactive_actors[0m[2m=[0m3
[2m2026-04-12T20:17:55.046182Z[0m [34mDEBUG[0m [2mmercury::engine::market_actor[0m[2m:[0m MarketActor started [3mmarket_id[0m[2m=[0m79e1f598-7189-438f-a66e-b184b04be477
[2m2026-04-12T20:17:55.046200Z[0m [34mDEBUG[0m [2mmercury::engine::market_actor[0m[2m:[0m Tick received — running arb detection [3mmarket_id[0m[2m=[0mbc548cd4-ced9-48e8-b131-410c92fb3a0e [3mplatform[0m[2m=[0mPolymarket [3mbid[0m[2m=[0m0.45 [3mask[0m[2m=[0m0.46 [3mmid[0m[2m=[0m0.4550 [3mbid_size[0m[2m=[0m6.72 [3mask_size[0m[2m=[0m135
[2m2026-04-12T20:17:55.046294Z[0m [32m INFO[0m [2mmercury[0m[2m:[0m First tick for market — spawning MarketActor [3mmarket_id[0m[2m=[0m2b958b37-9921-40b8-b22d-64a67138ae70 [3mplatform[0m[2m=[0mPolymarket [3mactive_actors[0m[2m=[0m4
[2m2026-04-12T20:17:55.046310Z[0m [34mDEBUG[0m [2mmercury::engine::market_actor[0m[2m:[0m MarketActor started [3mmarket_id[0m[2m=[0m189bf673-b643-45a5-be39-c4a3275d71a0
[2m2026-04-12T20:17:55.046281Z[0m [34mDEBUG[0m [2mmercury::engine::market_actor[0m[2m:[0m Tick received — running arb detection [3mmarket_id[0m[2m=[0m79e1f598-7189-438f-a66e-b184b04be477 [3mplatform[0m[2m=[0mPolymarket [3mbid[0m[2m=[0m0.49 [3mask[0m[2m=[0m0.5 [3mmid[0m[2m=[0m0.4950 [3mbid_size[0m[2m=[0m17 [3mask_size[0m[2m=[0m100
[2m2026-04-12T20:17:55.046338Z[0m [34mDEBUG[0m [2mmercury::engine::detector[0m[2m:[0m No arb pairs registered for market — skipping detection [3mmarket_id[0m[2m=[0mbc548cd4-ced9-48e8-b131-410c92fb3a0e
[2m2026-04-12T20:17:55.046412Z[0m [32m INFO[0m [2mmercury[0m[2m:[0m First tick for market — spawning MarketActor [3mmarket_id[0m[2m=[0m39a28b31-a7f7-4e16-b2f1-1e1948be289c [3mplatform[0m[2m=[0mPolymarket [3mactive_actors[0m[2m=[0m5
[2m2026-04-12T20:17:55.046401Z[0m [34mDEBUG[0m [2mmercury::engine::market_actor[0m[2m:[0m Tick received — running arb detection [3mmarket_id[0m[2m=[0m189bf673-b643-45a5-be39-c4a3275d71a0 [3mplatform[0m[2m=[0mPolymarket [3mbid[0m[2m=[0m0.4 [3mask[0m[2m=[0m0.41 [3mmid[0m[2m=[0m0.4050 [3mbid_size[0m[2m=[0m4805.86 [3mask_size[0m[2m=[0m199.71
[2m2026-04-12T20:17:55.046451Z[0m [34mDEBUG[0m [2mmercury::engine::market_actor[0m[2m:[0m MarketActor started [3mmarket_id[0m[2m=[0m2b958b37-9921-40b8-b22d-64a67138ae70
[2m2026-04-12T20:17:55.046568Z[0m [34mDEBUG[0m [2mmercury::engine::detector[0m[2m:[0m No arb pairs registered for market — skipping detection [3mmarket_id[0m[2m=[0m79e1f598-7189-438f-a66e-b184b04be477
[2m2026-04-12T20:17:55.046621Z[0m [34mDEBUG[0m [2mmercury::engine::market_actor[0m[2m:[0m MarketActor started [3mmarket_id[0m[2m=[0m39a28b31-a7f7-4e16-b2f1-1e1948be289c
[2m2026-04-12T20:17:55.046632Z[0m [32m INFO[0m [2mmercury[0m[2m:[0m First tick for market — spawning MarketActor [3mmarket_id[0m[2m=[0m9046452d-bcb3-4bb8-8925-8924b7439992 [3mplatform[0m[2m=[0mPolymarket [3mactive_actors[0m[2m=[0m6
[2m2026-04-12T20:17:55.046658Z[0m [34mDEBUG[0m [2mmercury::engine::market_actor[0m[2m:[0m Tick received — running arb detection [3mmarket_id[0m[2m=[0m2b958b37-9921-40b8-b22d-64a67138ae70 [3mplatform[0m[2m=[0mPolymarket [3mbid[0m[2m=[0m0.5 [3mask[0m[2m=[0m0.51 [3mmid[0m[2m=[0m0.5050 [3mbid_size[0m[2m=[0m112 [3mask_size[0m[2m=[0m10
[2m2026-04-12T20:17:55.046722Z[0m [34mDEBUG[0m [2mmercury::engine::detector[0m[2m:[0m No arb pairs registered for market — skipping detection [3mmarket_id[0m[2m=[0m189bf673-b643-45a5-be39-c4a3275d71a0
[2m2026-04-12T20:17:55.046728Z[0m [34mDEBUG[0m [2mmercury::engine::market_actor[0m[2m:[0m Tick received — running arb detection [3mmarket_id[0m[2m=[0m39a28b31-a7f7-4e16-b2f1-1e1948be289c [3mplatform[0m[2m=[0mPolymarket [3mbid[0m[2m=[0m0.4 [3mask[0m[2m=[0m0.41 [3mmid[0m[2m=[0m0.4050 [3mbid_size[0m[2m=[0m393.15 [3mask_size[0m[2m=[0m105.4
[2m2026-04-12T20:17:55.046800Z[0m [34mDEBUG[0m [2mmercury::engine::market_actor[0m[2m:[0m MarketActor started [3mmarket_id[0m[2m=[0m9046452d-bcb3-4bb8-8925-8924b7439992
[2m2026-04-12T20:17:55.046799Z[0m [32m INFO[0m [2mmercury[0m[2m:[0m First tick for market — spawning MarketActor [3mmarket_id[0m[2m=[0m631deb8c-fbb4-489e-818e-ae698f57f50b [3mplatform[0m[2m=[0mPolymarket [3mactive_actors[0m[2m=[0m7
[2m2026-04-12T20:17:55.046838Z[0m [34mDEBUG[0m [2mmercury::engine::detector[0m[2m:[0m No arb pairs registered for market — skipping detection [3mmarket_id[0m[2m=[0m39a28b31-a7f7-4e16-b2f1-1e1948be289c
[2m2026-04-12T20:17:55.046901Z[0m [34mDEBUG[0m [2mmercury::engine::market_actor[0m[2m:[0m Tick received — running arb detection [3mmarket_id[0m[2m=[0m9046452d-bcb3-4bb8-8925-8924b7439992 [3mplatform[0m[2m=[0mPolymarket [3mbid[0m[2m=[0m0.53 [3mask[0m[2m=[0m0.55 [3mmid[0m[2m=[0m0.54 [3mbid_size[0m[2m=[0m45 [3mask_size[0m[2m=[0m216
[2m2026-04-12T20:17:55.046938Z[0m [34mDEBUG[0m [2mmercury::engine::detector[0m[2m:[0m No arb pairs registered for market — skipping detection [3mmarket_id[0m[2m=[0m2b958b37-9921-40b8-b22d-64a67138ae70
[2m2026-04-12T20:17:55.046961Z[0m [32m INFO[0m [2mmercury[0m[2m:[0m First tick for market — spawning MarketActor [3mmarket_id[0m[2m=[0m2285bae6-253b-4085-b0d1-0af34b5530b6 [3mplatform[0m[2m=[0mPolymarket [3mactive_actors[0m[2m=[0m8
[2m2026-04-12T20:17:55.046948Z[0m [34mDEBUG[0m [2mmercury::engine::market_actor[0m[2m:[0m MarketActor started [3mmarket_id[0m[2m=[0m631deb8c-fbb4-489e-818e-ae698f57f50b
[2m2026-04-12T20:17:55.047025Z[0m [34mDEBUG[0m [2mmercury::engine::detector[0m[2m:[0m No arb pairs registered for market — skipping detection [3mmarket_id[0m[2m=[0m9046452d-bcb3-4bb8-8925-8924b7439992
[2m2026-04-12T20:17:55.047069Z[0m [34mDEBUG[0m [2mmercury::engine::market_actor[0m[2m:[0m MarketActor started [3mmarket_id[0m[2m=[0m2285bae6-253b-4085-b0d1-0af34b5530b6
[2m2026-04-12T20:17:55.047100Z[0m [34mDEBUG[0m [2mmercury::engine::market_actor[0m[2m:[0m Tick received — running arb detection [3mmarket_id[0m[2m=[0m631deb8c-fbb4-489e-818e-ae698f57f50b [3mplatform[0m[2m=[0mPolymarket [3mbid[0m[2m=[0m0.51 [3mask[0m[2m=[0m0.52 [3mmid[0m[2m=[0m0.5150 [3mbid_size[0m[2m=[0m375 [3mask_size[0m[2m=[0m97
[2m2026-04-12T20:17:55.047152Z[0m [34mDEBUG[0m [2mmercury::engine::market_actor[0m[2m:[0m Tick received — running arb detection [3mmarket_id[0m[2m=[0m2285bae6-253b-4085-b0d1-0af34b5530b6 [3mplatform[0m[2m=[0mPolymarket [3mbid[0m[2m=[0m0.37 [3mask[0m[2m=[0m0.41 [3mmid[0m[2m=[0m0.39 [3mbid_size[0m[2m=[0m2.2 [3mask_size[0m[2m=[0m111.64
[2m2026-04-12T20:17:55.047174Z[0m [34mDEBUG[0m [2mmercury::engine::market_actor[0m[2m:[0m Tick received — running arb detection [3mmarket_id[0m[2m=[0m39a28b31-a7f7-4e16-b2f1-1e1948be289c [3mplatform[0m[2m=[0mPolymarket [3mbid[0m[2m=[0m0.4 [3mask[0m[2m=[0m0.41 [3mmid[0m[2m=[0m0.4050 [3mbid_size[0m[2m=[0m393.15 [3mask_size[0m[2m=[0m105.4
[2m2026-04-12T20:17:55.047158Z[0m [34mDEBUG[0m [2mmercury::engine::market_actor[0m[2m:[0m Tick received — running arb detection [3mmarket_id[0m[2m=[0m189bf673-b643-45a5-be39-c4a3275d71a0 [3mplatform[0m[2m=[0mPolymarket [3mbid[0m[2m=[0m0.4 [3mask[0m[2m=[0m0.41 [3mmid[0m[2m=[0m0.4050 [3mbid_size[0m[2m=[0m4805.86 [3mask_size[0m[2m=[0m199.71
[2m2026-04-12T20:17:55.047206Z[0m [34mDEBUG[0m [2mmercury::engine::detector[0m[2m:[0m No arb pairs registered for market — skipping detection [3mmarket_id[0m[2m=[0m631deb8c-fbb4-489e-818e-ae698f57f50b
[2m2026-04-12T20:17:55.047335Z[0m [34mDEBUG[0m [2mmercury::engine::market_actor[0m[2m:[0m Tick received — running arb detection [3mmarket_id[0m[2m=[0mbc548cd4-ced9-48e8-b131-410c92fb3a0e [3mplatform[0m[2m=[0mPolymarket [3mbid[0m[2m=[0m0.45 [3mask[0m[2m=[0m0.46 [3mmid[0m[2m=[0m0.4550 [3mbid_size[0m[2m=[0m6.72 [3mask_size[0m[2m=[0m135
[2m2026-04-12T20:17:55.047412Z[0m [34mDEBUG[0m [2mmercury::engine::detector[0m[2m:[0m No arb pairs registered for market — skipping detection [3mmarket_id[0m[2m=[0m189bf673-b643-45a5-be39-c4a3275d71a0
[2m2026-04-12T20:17:55.047414Z[0m [34mDEBUG[0m [2mmercury::engine::detector[0m[2m:[0m No arb pairs registered for market — skipping detection [3mmarket_id[0m[2m=[0m2285bae6-253b-4085-b0d1-0af34b5530b6
[2m2026-04-12T20:17:55.047505Z[0m [34mDEBUG[0m [2mmercury::engine::market_actor[0m[2m:[0m Tick received — running arb detection [3mmarket_id[0m[2m=[0m189bf673-b643-45a5-be39-c4a3275d71a0 [3mplatform[0m[2m=[0mPolymarket [3mbid[0m[2m=[0m0.4 [3mask[0m[2m=[0m0.41 [3mmid[0m[2m=[0m0.4050 [3mbid_size[0m[2m=[0m4805.86 [3mask_size[0m[2m=[0m199.71
[2m2026-04-12T20:17:55.047537Z[0m [34mDEBUG[0m [2mmercury::engine::market_actor[0m[2m:[0m Tick received — running arb detection [3mmarket_id[0m[2m=[0m2285bae6-253b-4085-b0d1-0af34b5530b6 [3mplatform[0m[2m=[0mPolymarket [3mbid[0m[2m=[0m0.37 [3mask[0m[2m=[0m0.41 [3mmid[0m[2m=[0m0.39 [3mbid_size[0m[2m=[0m2.2 [3mask_size[0m[2m=[0m111.64
[2m2026-04-12T20:17:55.047561Z[0m [34mDEBUG[0m [2mmercury::engine::detector[0m[2m:[0m No arb pairs registered for market — skipping detection [3mmarket_id[0m[2m=[0m39a28b31-a7f7-4e16-b2f1-1e1948be289c
[2m2026-04-12T20:17:55.047675Z[0m [34mDEBUG[0m [2mmercury::engine::market_actor[0m[2m:[0m Tick received — running arb detection [3mmarket_id[0m[2m=[0m39a28b31-a7f7-4e16-b2f1-1e1948be289c [3mplatform[0m[2m=[0mPolymarket [3mbid[0m[2m=[0m0.4 [3mask[0m[2m=[0m0.41 [3mmid[0m[2m=[0m0.4050 [3mbid_size[0m[2m=[0m393.15 [3mask_size[0m[2m=[0m105.4
[2m2026-04-12T20:17:55.047693Z[0m [34mDEBUG[0m [2mmercury::engine::detector[0m[2m:[0m No arb pairs registered for market — skipping detection [3mmarket_id[0m[2m=[0m2285bae6-253b-4085-b0d1-0af34b5530b6
[2m2026-04-12T20:17:55.047694Z[0m [34mDEBUG[0m [2mmercury::engine::detector[0m[2m:[0m No arb pairs registered for market — skipping detection [3mmarket_id[0m[2m=[0m189bf673-b643-45a5-be39-c4a3275d71a0
[2m2026-04-12T20:17:55.047698Z[0m [34mDEBUG[0m [2mmercury::engine::detector[0m[2m:[0m No arb pairs registered for market — skipping detection [3mmarket_id[0m[2m=[0mbc548cd4-ced9-48e8-b131-410c92fb3a0e
[2m2026-04-12T20:17:55.047926Z[0m [34mDEBUG[0m [2mmercury::engine::detector[0m[2m:[0m No arb pairs registered for market — skipping detection [3mmarket_id[0m[2m=[0m39a28b31-a7f7-4e16-b2f1-1e1948be289c
[2m2026-04-12T20:17:55.047931Z[0m [34mDEBUG[0m [2mmercury::engine::market_actor[0m[2m:[0m Tick received — running arb detection [3mmarket_id[0m[2m=[0mbc548cd4-ced9-48e8-b131-410c92fb3a0e [3mplatform[0m[2m=[0mPolymarket [3mbid[0m[2m=[0m0.45 [3mask[0m[2m=[0m0.46 [3mmid[0m[2m=[0m0.4550 [3mbid_size[0m[2m=[0m6.72 [3mask_size[0m[2m=[0m135
[2m2026-04-12T20:17:55.047917Z[0m [34mDEBUG[0m [2mmercury::engine::market_actor[0m[2m:[0m Tick received — running arb detection [3mmarket_id[0m[2m=[0m189bf673-b643-45a5-be39-c4a3275d71a0 [3mplatform[0m[2m=[0mPolymarket [3mbid[0m[2m=[0m0.4 [3mask[0m[2m=[0m0.41 [3mmid[0m[2m=[0m0.4050 [3mbid_size[0m[2m=[0m4805.86 [3mask_size[0m[2m=[0m199.71
[2m2026-04-12T20:17:55.048034Z[0m [34mDEBUG[0m [2mmercury::engine::detector[0m[2m:[0m No arb pairs registered for market — skipping detection [3mmarket_id[0m[2m=[0mbc548cd4-ced9-48e8-b131-410c92fb3a0e
[2m2026-04-12T20:17:55.048028Z[0m [34mDEBUG[0m [2mmercury::engine::market_actor[0m[2m:[0m Tick received — running arb detection [3mmarket_id[0m[2m=[0m39a28b31-a7f7-4e16-b2f1-1e1948be289c [3mplatform[0m[2m=[0mPolymarket [3mbid[0m[2m=[0m0.4 [3mask[0m[2m=[0m0.41 [3mmid[0m[2m=[0m0.4050 [3mbid_size[0m[2m=[0m393.15 [3mask_size[0m[2m=[0m141.4
[2m2026-04-12T20:17:55.048118Z[0m [34mDEBUG[0m [2mmercury::engine::detector[0m[2m:[0m No arb pairs registered for market — skipping detection [3mmarket_id[0m[2m=[0m189bf673-b643-45a5-be39-c4a3275d71a0
[2m2026-04-12T20:17:55.048216Z[0m [34mDEBUG[0m [2mmercury::engine::market_actor[0m[2m:[0m Tick received — running arb detection [3mmarket_id[0m[2m=[0m189bf673-b643-45a5-be39-c4a3275d71a0 [3mplatform[0m[2m=[0mPolymarket [3mbid[0m[2m=[0m0.4 [3mask[0m[2m=[0m0.41 [3mmid[0m[2m=[0m0.4050 [3mbid_size[0m[2m=[0m4805.86 [3mask_size[0m[2m=[0m199.71
[2m2026-04-12T20:17:55.048238Z[0m [34mDEBUG[0m [2mmercury::engine::detector[0m[2m:[0m No arb pairs registered for market — skipping detection [3mmarket_id[0m[2m=[0m39a28b31-a7f7-4e16-b2f1-1e1948be289c
[2m2026-04-12T20:17:55.048331Z[0m [34mDEBUG[0m [2mmercury::engine::detector[0m[2m:[0m No arb pairs registered for market — skipping detection [3mmarket_id[0m[2m=[0m189bf673-b643-45a5-be39-c4a3275d71a0
[2m2026-04-12T20:17:55.048345Z[0m [34mDEBUG[0m [2mmercury::engine::market_actor[0m[2m:[0m Tick received — running arb detection [3mmarket_id[0m[2m=[0m39a28b31-a7f7-4e16-b2f1-1e1948be289c [3mplatform[0m[2m=[0mPolymarket [3mbid[0m[2m=[0m0.4 [3mask[0m[2m=[0m0.41 [3mmid[0m[2m=[0m0.4050 [3mbid_size[0m[2m=[0m386.15 [3mask_size[0m[2m=[0m141.4
[2m2026-04-12T20:17:55.048415Z[0m [34mDEBUG[0m [2mmercury::engine::market_actor[0m[2m:[0m Tick received — running arb detection [3mmarket_id[0m[2m=[0m189bf673-b643-45a5-be39-c4a3275d71a0 [3mplatform[0m[2m=[0mPolymarket [3mbid[0m[2m=[0m0.4 [3mask[0m[2m=[0m0.41 [3mmid[0m[2m=[0m0.4050 [3mbid_size[0m[2m=[0m4805.86 [3mask_size[0m[2m=[0m199.71
[2m2026-04-12T20:17:55.048425Z[0m [34mDEBUG[0m [2mmercury::engine::market_actor[0m[2m:[0m Tick received — running arb detection [3mmarket_id[0m[2m=[0m2285bae6-253b-4085-b0d1-0af34b5530b6 [3mplatform[0m[2m=[0mPolymarket [3mbid[0m[2m=[0m0.37 [3mask[0m[2m=[0m0.41 [3mmid[0m[2m=[0m0.39 [3mbid_size[0m[2m=[0m2.2 [3mask_size[0m[2m=[0m111.64
[2m2026-04-12T20:17:55.048447Z[0m [34mDEBUG[0m [2mmercury::engine::detector[0m[2m:[0m No arb pairs registered for market — skipping detection [3mmarket_id[0m[2m=[0m39a28b31-a7f7-4e16-b2f1-1e1948be289c
[2m2026-04-12T20:17:55.048574Z[0m [34mDEBUG[0m [2mmercury::engine::detector[0m[2m:[0m No arb pairs registered for market — skipping detection [3mmarket_id[0m[2m=[0m189bf673-b643-45a5-be39-c4a3275d71a0
[2m2026-04-12T20:17:55.048580Z[0m [34mDEBUG[0m [2mmercury::engine::market_actor[0m[2m:[0m Tick received — running arb detection [3mmarket_id[0m[2m=[0m39a28b31-a7f7-4e16-b2f1-1e1948be289c [3mplatform[0m[2m=[0mPolymarket [3mbid[0m[2m=[0m0.4 [3mask[0m[2m=[0m0.41 [3mmid[0m[2m=[0m0.4050 [3mbid_size[0m[2m=[0m386.15 [3mask_size[0m[2m=[0m141.4
[2m2026-04-12T20:17:55.048670Z[0m [34mDEBUG[0m [2mmercury::engine::detector[0m[2m:[0m No arb pairs registered for market — skipping detection [3mmarket_id[0m[2m=[0m2285bae6-253b-4085-b0d1-0af34b5530b6
[2m2026-04-12T20:17:55.048680Z[0m [34mDEBUG[0m [2mmercury::engine::market_actor[0m[2m:[0m Tick received — running arb detection [3mmarket_id[0m[2m=[0m189bf673-b643-45a5-be39-c4a3275d71a0 [3mplatform[0m[2m=[0mPolymarket [3mbid[0m[2m=[0m0.4 [3mask[0m[2m=[0m0.41 [3mmid[0m[2m=[0m0.4050 [3mbid_size[0m[2m=[0m4805.86 [3mask_size[0m[2m=[0m199.71
[2m2026-04-12T20:17:55.048663Z[0m [34mDEBUG[0m [2mmercury::engine::market_actor[0m[2m:[0m Tick received — running arb detection [3mmarket_id[0m[2m=[0mbc548cd4-ced9-48e8-b131-410c92fb3a0e [3mplatform[0m[2m=[0mPolymarket [3mbid[0m[2m=[0m0.45 [3mask[0m[2m=[0m0.46 [3mmid[0m[2m=[0m0.4550 [3mbid_size[0m[2m=[0m6.72 [3mask_size[0m[2m=[0m135
[2m2026-04-12T20:17:55.048739Z[0m [32m INFO[0m [2mmercury::inventory::reconciler[0m[2m:[0m Reconciliation complete [3mopen_positions[0m[2m=[0m0 [3mtotal_position_value[0m[2m=[0m0
[2m2026-04-12T20:17:55.048788Z[0m [34mDEBUG[0m [2mmercury::engine::detector[0m[2m:[0m No arb pairs registered for market — skipping detection [3mmarket_id[0m[2m=[0m39a28b31-a7f7-4e16-b2f1-1e1948be289c
[2m2026-04-12T20:17:55.048877Z[0m [34mDEBUG[0m [2mmercury::engine::detector[0m[2m:[0m No arb pairs registered for market — skipping detection [3mmarket_id[0m[2m=[0m189bf673-b643-45a5-be39-c4a3275d71a0
[2m2026-04-12T20:17:55.048879Z[0m [34mDEBUG[0m [2mmercury::engine::market_actor[0m[2m:[0m Tick received — running arb detection [3mmarket_id[0m[2m=[0m39a28b31-a7f7-4e16-b2f1-1e1948be289c [3mplatform[0m[2m=[0mPolymarket [3mbid[0m[2m=[0m0.4 [3mask[0m[2m=[0m0.41 [3mmid[0m[2m=[0m0.4050 [3mbid_size[0m[2m=[0m386.15 [3mask_size[0m[2m=[0m141.4
[2m2026-04-12T20:17:55.048988Z[0m [34mDEBUG[0m [2mmercury::engine::market_actor[0m[2m:[0m Tick received — running arb detection [3mmarket_id[0m[2m=[0m189bf673-b643-45a5-be39-c4a3275d71a0 [3mplatform[0m[2m=[0mPolymarket [3mbid[0m[2m=[0m0.4 [3mask[0m[2m=[0m0.41 [3mmid[0m[2m=[0m0.4050 [3mbid_size[0m[2m=[0m4805.86 [3mask_size[0m[2m=[0m199.71
[2m2026-04-12T20:17:55.049007Z[0m [34mDEBUG[0m [2mmercury::engine::detector[0m[2m:[0m No arb pairs registered for market — skipping detection [3mmarket_id[0m[2m=[0mbc548cd4-ced9-48e8-b131-410c92fb3a0e
[2m2026-04-12T20:17:55.049013Z[0m [34mDEBUG[0m [2mmercury::engine::detector[0m[2m:[0m No arb pairs registered for market — skipping detection [3mmarket_id[0m[2m=[0m39a28b31-a7f7-4e16-b2f1-1e1948be289c
[2m2026-04-12T20:17:55.049133Z[0m [34mDEBUG[0m [2mmercury::engine::detector[0m[2m:[0m No arb pairs registered for market — skipping detection [3mmarket_id[0m[2m=[0m189bf673-b643-45a5-be39-c4a3275d71a0
[2m2026-04-12T20:17:55.049226Z[0m [34mDEBUG[0m [2mmercury::engine::market_actor[0m[2m:[0m Tick received — running arb detection [3mmarket_id[0m[2m=[0m189bf673-b643-45a5-be39-c4a3275d71a0 [3mplatform[0m[2m=[0mPolymarket [3mbid[0m[2m=[0m0.4 [3mask[0m[2m=[0m0.41 [3mmid[0m[2m=[0m0.4050 [3mbid_size[0m[2m=[0m4805.86 [3mask_size[0m[2m=[0m199.71
[2m2026-04-12T20:17:55.049331Z[0m [34mDEBUG[0m [2mmercury::engine::detector[0m[2m:[0m No arb pairs registered for market — skipping detection [3mmarket_id[0m[2m=[0m189bf673-b643-45a5-be39-c4a3275d71a0
[2m2026-04-12T20:17:55.098460Z[0m [34mDEBUG[0m [2mmercury::feeds::discovery[0m[2m:[0m No Kalshi 15m market found for this round [3masset[0m[2m=[0m"btc" [3mround_start_ts[0m[2m=[0m1776025800 [3mtarget_close[0m[2m=[0m1776026700
[2m2026-04-12T20:17:55.098709Z[0m [32m INFO[0m [2mmercury::feeds::discovery[0m[2m:[0m 15m crypto round matched [3masset[0m[2m=[0mbtc [3mround_start[0m[2m=[0m1776025800 [3mpoly[0m[2m=[0mtrue [3mkalshi[0m[2m=[0mfalse
[2m2026-04-12T20:17:55.102998Z[0m [34mDEBUG[0m [2mmercury::engine::market_actor[0m[2m:[0m Tick received — running arb detection [3mmarket_id[0m[2m=[0m189bf673-b643-45a5-be39-c4a3275d71a0 [3mplatform[0m[2m=[0mPolymarket [3mbid[0m[2m=[0m0.4 [3mask[0m[2m=[0m0.41 [3mmid[0m[2m=[0m0.4050 [3mbid_size[0m[2m=[0m4805.86 [3mask_size[0m[2m=[0m199.71
[2m2026-04-12T20:17:55.103012Z[0m [34mDEBUG[0m [2mmercury::engine::market_actor[0m[2m:[0m Tick received — running arb detection [3mmarket_id[0m[2m=[0mbc548cd4-ced9-48e8-b131-410c92fb3a0e [3mplatform[0m[2m=[0mPolymarket [3mbid[0m[2m=[0m0.45 [3mask[0m[2m=[0m0.46 [3mmid[0m[2m=[0m0.4550 [3mbid_size[0m[2m=[0m6.72 [3mask_size[0m[2m=[0m135
[2m2026-04-12T20:17:55.103169Z[0m [34mDEBUG[0m [2mmercury::engine::detector[0m[2m:[0m No arb pairs registered for market — skipping detection [3mmarket_id[0m[2m=[0m189bf673-b643-45a5-be39-c4a3275d71a0
[2m2026-04-12T20:17:55.103257Z[0m [34mDEBUG[0m [2mmercury::engine::market_actor[0m[2m:[0m Tick received — running arb detection [3mmarket_id[0m[2m=[0m189bf673-b643-45a5-be39-c4a3275d71a0 [3mplatform[0m[2m=[0mPolymarket [3mbid[0m[2m=[0m0.4 [3mask[0m[2m=[0m0.41 [3mmid[0m[2m=[0m0.4050 [3mbid_size[0m[2m=[0m4805.86 [3mask_size[0m[2m=[0m199.71
[2m2026-04-12T20:17:55.103274Z[0m [34mDEBUG[0m [2mmercury::engine::detector[0m[2m:[0m No arb pairs registered for market — skipping detection [3mmarket_id[0m[2m=[0mbc548cd4-ced9-48e8-b131-410c92fb3a0e
[2m2026-04-12T20:17:55.103372Z[0m [34mDEBUG[0m [2mmercury::engine::detector[0m[2m:[0m No arb pairs registered for market — skipping detection [3mmarket_id[0m[2m=[0m189bf673-b643-45a5-be39-c4a3275d71a0
[2m2026-04-12T20:17:55.103455Z[0m [34mDEBUG[0m [2mmercury::engine::market_actor[0m[2m:[0m Tick received — running arb detection [3mmarket_id[0m[2m=[0m189bf673-b643-45a5-be39-c4a3275d71a0 [3mplatform[0m[2m=[0mPolymarket [3mbid[0m[2m=[0m0.4 [3mask[0m[2m=[0m0.41 [3mmid[0m[2m=[0m0.4050 [3mbid_size[0m[2m=[0m4805.86 [3mask_size[0m[2m=[0m199.71
[2m2026-04-12T20:17:55.103556Z[0m [34mDEBUG[0m [2mmercury::engine::detector[0m[2m:[0m No arb pairs registered for market — skipping detection [3mmarket_id[0m[2m=[0m189bf673-b643-45a5-be39-c4a3275d71a0
[2m2026-04-12T20:17:55.146189Z[0m [34mDEBUG[0m [2mmercury::engine::market_actor[0m[2m:[0m Tick received — running arb detection [3mmarket_id[0m[2m=[0m189bf673-b643-45a5-be39-c4a3275d71a0 [3mplatform[0m[2m=[0mPolymarket [3mbid[0m[2m=[0m0.4 [3mask[0m[2m=[0m0.41 [3mmid[0m[2m=[0m0.4050 [3mbid_size[0m[2m=[0m4805.86 [3mask_size[0m[2m=[0m199.71
[2m2026-04-12T20:17:55.146437Z[0m [34mDEBUG[0m [2mmercury::engine::detector[0m[2m:[0m No arb pairs registered for market — skipping detection [3mmarket_id[0m[2m=[0m189bf673-b643-45a5-be39-c4a3275d71a0
[2m2026-04-12T20:17:55.203634Z[0m [34mDEBUG[0m [2mmercury::engine::market_actor[0m[2m:[0m Tick received — running arb detection [3mmarket_id[0m[2m=[0mbc548cd4-ced9-48e8-b131-410c92fb3a0e [3mplatform[0m[2m=[0mPolymarket [3mbid[0m[2m=[0m0.45 [3mask[0m[2m=[0m0.46 [3mmid[0m[2m=[0m0.4550 [3mbid_size[0m[2m=[0m6.72 [3mask_size[0m[2m=[0m135
[2m2026-04-12T20:17:55.203821Z[0m [34mDEBUG[0m [2mmercury::engine::detector[0m[2m:[0m No arb pairs registered for market — skipping detection [3mmarket_id[0m[2m=[0mbc548cd4-ced9-48e8-b131-410c92fb3a0e
[2m2026-04-12T20:17:55.204850Z[0m [34mDEBUG[0m [2mmercury::engine::market_actor[0m[2m:[0m Tick received — running arb detection [3mmarket_id[0m[2m=[0mbc548cd4-ced9-48e8-b131-410c92fb3a0e [3mplatform[0m[2m=[0mPolymarket [3mbid[0m[2m=[0m0.45 [3mask[0m[2m=[0m0.46 [3mmid[0m[2m=[0m0.4550 [3mbid_size[0m[2m=[0m6.72 [3mask_size[0m[2m=[0m135
[2m2026-04-12T20:17:55.204992Z[0m [34mDEBUG[0m [2mmercury::engine::detector[0m[2m:[0m No arb pairs registered for market — skipping detection [3mmarket_id[0m[2m=[0mbc548cd4-ced9-48e8-b131-410c92fb3a0e
[2m2026-04-12T20:17:55.302540Z[0m [34mDEBUG[0m [2mmercury::feeds::polymarket[0m[2m:[0m Unknown Polymarket event type [3mevent_type[0m[2m=[0mbest_bid_ask
[2m2026-04-12T20:17:55.303143Z[0m [34mDEBUG[0m [2mmercury::engine::market_actor[0m[2m:[0m Tick received — running arb detection [3mmarket_id[0m[2m=[0m39a28b31-a7f7-4e16-b2f1-1e1948be289c [3mplatform[0m[2m=[0mPolymarket [3mbid[0m[2m=[0m0.4 [3mask[0m[2m=[0m0.41 [3mmid[0m[2m=[0m0.4050 [3mbid_size[0m[2m=[0m375.81 [3mask_size[0m[2m=[0m141.4
[2m2026-04-12T20:17:55.303389Z[0m [34mDEBUG[0m [2mmercury::engine::detector[0m[2m:[0m No arb pairs registered for market — skipping detection [3mmarket_id[0m[2m=[0m39a28b31-a7f7-4e16-b2f1-1e1948be289c
[2m2026-04-12T20:17:55.303727Z[0m [34mDEBUG[0m [2mmercury::engine::market_actor[0m[2m:[0m Tick received — running arb detection [3mmarket_id[0m[2m=[0m39a28b31-a7f7-4e16-b2f1-1e1948be289c [3mplatform[0m[2m=[0mPolymarket [3mbid[0m[2m=[0m0.4 [3mask[0m[2m=[0m0.41 [3mmid[0m[2m=[0m0.4050 [3mbid_size[0m[2m=[0m375.81 [3mask_size[0m[2m=[0m141.4
[2m2026-04-12T20:17:55.303912Z[0m [34mDEBUG[0m [2mmercury::engine::detector[0m[2m:[0m No arb pairs registered for market — skipping detection [3mmarket_id[0m[2m=[0m39a28b31-a7f7-4e16-b2f1-1e1948be289c
[2m2026-04-12T20:17:55.303973Z[0m [34mDEBUG[0m [2mmercury::engine::market_actor[0m[2m:[0m Tick received — running arb detection [3mmarket_id[0m[2m=[0m2285bae6-253b-4085-b0d1-0af34b5530b6 [3mplatform[0m[2m=[0mPolymarket [3mbid[0m[2m=[0m0.37 [3mask[0m[2m=[0m0.41 [3mmid[0m[2m=[0m0.39 [3mbid_size[0m[2m=[0m2.2 [3mask_size[0m[2m=[0m111.64
[2m2026-04-12T20:17:55.304003Z[0m [34mDEBUG[0m [2mmercury::engine::market_actor[0m[2m:[0m Tick received — running arb detection [3mmarket_id[0m[2m=[0m189bf673-b643-45a5-be39-c4a3275d71a0 [3mplatform[0m[2m=[0mPolymarket [3mbid[0m[2m=[0m0.4 [3mask[0m[2m=[0m0.41 [3mmid[0m[2m=[0m0.4050 [3mbid_size[0m[2m=[0m4805.86 [3mask_size[0m[2m=[0m130.68
[2m2026-04-12T20:17:55.304164Z[0m [34mDEBUG[0m [2mmercury::engine::detector[0m[2m:[0m No arb pairs registered for market — skipping detection [3mmarket_id[0m[2m=[0m2285bae6-253b-4085-b0d1-0af34b5530b6
[2m2026-04-12T20:17:55.304306Z[0m [34mDEBUG[0m [2mmercury::engine::detector[0m[2m:[0m No arb pairs registered for market — skipping detection [3mmarket_id[0m[2m=[0m189bf673-b643-45a5-be39-c4a3275d71a0
[2m2026-04-12T20:17:55.350976Z[0m [34mDEBUG[0m [2mmercury::engine::market_actor[0m[2m:[0m Tick received — running arb detection [3mmarket_id[0m[2m=[0m189bf673-b643-45a5-be39-c4a3275d71a0 [3mplatform[0m[2m=[0mPolymarket [3mbid[0m[2m=[0m0.4 [3mask[0m[2m=[0m0.41 [3mmid[0m[2m=[0m0.4050 [3mbid_size[0m[2m=[0m4805.86 [3mask_size[0m[2m=[0m130.68
[2m2026-04-12T20:17:55.351062Z[0m [34mDEBUG[0m [2mmercury::engine::market_actor[0m[2m:[0m Tick received — running arb detection [3mmarket_id[0m[2m=[0m2285bae6-253b-4085-b0d1-0af34b5530b6 [3mplatform[0m[2m=[0mPolymarket [3mbid[0m[2m=[0m0.37 [3mask[0m[2m=[0m0.41 [3mmid[0m[2m=[0m0.39 [3mbid_size[0m[2m=[0m15.77 [3mask_size[0m[2m=[0m111.64
[2m2026-04-12T20:17:55.351309Z[0m [34mDEBUG[0m [2mmercury::engine::detector[0m[2m:[0m No arb pairs registered for market — skipping detection [3mmarket_id[0m[2m=[0m189bf673-b643-45a5-be39-c4a3275d71a0
[2m2026-04-12T20:17:55.351314Z[0m [32m INFO[0m [2mmercury::feeds::discovery[0m[2m:[0m 15m crypto round matched [3masset[0m[2m=[0meth [3mround_start[0m[2m=[0m1776024900 [3mpoly[0m[2m=[0mtrue [3mkalshi[0m[2m=[0mtrue
[2m2026-04-12T20:17:55.351456Z[0m [34mDEBUG[0m [2mmercury::engine::market_actor[0m[2m:[0m Tick received — running arb detection [3mmarket_id[0m[2m=[0m189bf673-b643-45a5-be39-c4a3275d71a0 [3mplatform[0m[2m=[0mPolymarket [3mbid[0m[2m=[0m0.4 [3mask[0m[2m=[0m0.41 [3mmid[0m[2m=[0m0.4050 [3mbid_size[0m[2m=[0m4805.86 [3mask_size[0m[2m=[0m130.68
[2m2026-04-12T20:17:55.351494Z[0m [34mDEBUG[0m [2mmercury::engine::detector[0m[2m:[0m No arb pairs registered for market — skipping detection [3mmarket_id[0m[2m=[0m2285bae6-253b-4085-b0d1-0af34b5530b6
[2m2026-04-12T20:17:55.351625Z[0m [34mDEBUG[0m [2mmercury::engine::detector[0m[2m:[0m No arb pairs registered for market — skipping detection [3mmarket_id[0m[2m=[0m189bf673-b643-45a5-be39-c4a3275d71a0
[2m2026-04-12T20:17:55.354131Z[0m [34mDEBUG[0m [2mmercury::engine::market_actor[0m[2m:[0m Tick received — running arb detection [3mmarket_id[0m[2m=[0m189bf673-b643-45a5-be39-c4a3275d71a0 [3mplatform[0m[2m=[0mPolymarket [3mbid[0m[2m=[0m0.4 [3mask[0m[2m=[0m0.41 [3mmid[0m[2m=[0m0.4050 [3mbid_size[0m[2m=[0m4805.86 [3mask_size[0m[2m=[0m130.68
[2m2026-04-12T20:17:55.354327Z[0m [34mDEBUG[0m [2mmercury::engine::detector[0m[2m:[0m No arb pairs registered for market — skipping detection [3mmarket_id[0m[2m=[0m189bf673-b643-45a5-be39-c4a3275d71a0
[2m2026-04-12T20:17:55.354464Z[0m [34mDEBUG[0m [2mmercury::engine::market_actor[0m[2m:[0m Tick received — running arb detection [3mmarket_id[0m[2m=[0m189bf673-b643-45a5-be39-c4a3275d71a0 [3mplatform[0m[2m=[0mPolymarket [3mbid[0m[2m=[0m0.4 [3mask[0m[2m=[0m0.41 [3mmid[0m[2m=[0m0.4050 [3mbid_size[0m[2m=[0m4805.86 [3mask_size[0m[2m=[0m130.68
[2m2026-04-12T20:17:55.354620Z[0m [34mDEBUG[0m [2mmercury::engine::detector[0m[2m:[0m No arb pairs registered for market — skipping detection [3mmarket_id[0m[2m=[0m189bf673-b643-45a5-be39-c4a3275d71a0
[2m2026-04-12T20:17:55.404012Z[0m [34mDEBUG[0m [2mmercury::engine::market_actor[0m[2m:[0m Tick received — running arb detection [3mmarket_id[0m[2m=[0m39a28b31-a7f7-4e16-b2f1-1e1948be289c [3mplatform[0m[2m=[0mPolymarket [3mbid[0m[2m=[0m0.4 [3mask[0m[2m=[0m0.41 [3mmid[0m[2m=[0m0.4050 [3mbid_size[0m[2m=[0m375.81 [3mask_size[0m[2m=[0m141.4
[2m2026-04-12T20:17:55.404135Z[0m [34mDEBUG[0m [2mmercury::engine::market_actor[0m[2m:[0m Tick received — running arb detection [3mmarket_id[0m[2m=[0m189bf673-b643-45a5-be39-c4a3275d71a0 [3mplatform[0m[2m=[0mPolymarket [3mbid[0m[2m=[0m0.4 [3mask[0m[2m=[0m0.41 [3mmid[0m[2m=[0m0.4050 [3mbid_size[0m[2m=[0m4805.86 [3mask_size[0m[2m=[0m130.68
[2m2026-04-12T20:17:55.404288Z[0m [34mDEBUG[0m [2mmercury::engine::detector[0m[2m:[0m No arb pairs registered for market — skipping detection [3mmarket_id[0m[2m=[0m39a28b31-a7f7-4e16-b2f1-1e1948be289c
[2m2026-04-12T20:17:55.404422Z[0m [34mDEBUG[0m [2mmercury::engine::detector[0m[2m:[0m No arb pairs registered for market — skipping detection [3mmarket_id[0m[2m=[0m189bf673-b643-45a5-be39-c4a3275d71a0
[2m2026-04-12T20:17:55.406532Z[0m [34mDEBUG[0m [2mmercury::engine::market_actor[0m[2m:[0m Tick received — running arb detection [3mmarket_id[0m[2m=[0m189bf673-b643-45a5-be39-c4a3275d71a0 [3mplatform[0m[2m=[0mPolymarket [3mbid[0m[2m=[0m0.4 [3mask[0m[2m=[0m0.41 [3mmid[0m[2m=[0m0.4050 [3mbid_size[0m[2m=[0m4805.86 [3mask_size[0m[2m=[0m130.68
[2m2026-04-12T20:17:55.406733Z[0m [34mDEBUG[0m [2mmercury::engine::detector[0m[2m:[0m No arb pairs registered for market — skipping detection [3mmarket_id[0m[2m=[0m189bf673-b643-45a5-be39-c4a3275d71a0
[2m2026-04-12T20:17:55.507578Z[0m [32m INFO[0m [2mmercury::monitoring::gas_oracle[0m[2m:[0m MATIC/USD price updated [3mmatic_usd[0m[2m=[0m0.10 [3mprev[0m[2m=[0m0.50
[2m2026-04-12T20:17:55.507822Z[0m [34mDEBUG[0m [2mmercury[0m[2m:[0m Gas parameters updated [3mgwei[0m[2m=[0m157 [3mmatic_usd[0m[2m=[0m0.10
[2m2026-04-12T20:17:55.560400Z[0m [34mDEBUG[0m [2mmercury::engine::market_actor[0m[2m:[0m Tick received — running arb detection [3mmarket_id[0m[2m=[0m189bf673-b643-45a5-be39-c4a3275d71a0 [3mplatform[0m[2m=[0mPolymarket [3mbid[0m[2m=[0m0.4 [3mask[0m[2m=[0m0.41 [3mmid[0m[2m=[0m0.4050 [3mbid_size[0m[2m=[0m4805.86 [3mask_size[0m[2m=[0m130.68
[2m2026-04-12T20:17:55.560654Z[0m [34mDEBUG[0m [2mmercury::engine::detector[0m[2m:[0m No arb pairs registered for market — skipping detection [3mmarket_id[0m[2m=[0m189bf673-b643-45a5-be39-c4a3275d71a0
[2m2026-04-12T20:17:55.712923Z[0m [34mDEBUG[0m [2mmercury::feeds::discovery[0m[2m:[0m No Kalshi 15m market found for this round [3masset[0m[2m=[0m"eth" [3mround_start_ts[0m[2m=[0m1776025800 [3mtarget_close[0m[2m=[0m1776026700
[2m2026-04-12T20:17:55.713205Z[0m [32m INFO[0m [2mmercury::feeds::discovery[0m[2m:[0m 15m crypto round matched [3masset[0m[2m=[0meth [3mround_start[0m[2m=[0m1776025800 [3mpoly[0m[2m=[0mtrue [3mkalshi[0m[2m=[0mfalse
[2m2026-04-12T20:17:55.760352Z[0m [34mDEBUG[0m [2mmercury::feeds::polymarket[0m[2m:[0m Unknown Polymarket event type [3mevent_type[0m[2m=[0mbest_bid_ask
[2m2026-04-12T20:17:55.760918Z[0m [34mDEBUG[0m [2mmercury::engine::market_actor[0m[2m:[0m Tick received — running arb detection [3mmarket_id[0m[2m=[0m39a28b31-a7f7-4e16-b2f1-1e1948be289c [3mplatform[0m[2m=[0mPolymarket [3mbid[0m[2m=[0m0.4 [3mask[0m[2m=[0m0.41 [3mmid[0m[2m=[0m0.4050 [3mbid_size[0m[2m=[0m364.44 [3mask_size[0m[2m=[0m141.4
[2m2026-04-12T20:17:55.761097Z[0m [34mDEBUG[0m [2mmercury::engine::detector[0m[2m:[0m No arb pairs registered for market — skipping detection [3mmarket_id[0m[2m=[0m39a28b31-a7f7-4e16-b2f1-1e1948be289c
[2m2026-04-12T20:17:55.761421Z[0m [34mDEBUG[0m [2mmercury::engine::market_actor[0m[2m:[0m Tick received — running arb detection [3mmarket_id[0m[2m=[0m39a28b31-a7f7-4e16-b2f1-1e1948be289c [3mplatform[0m[2m=[0mPolymarket [3mbid[0m[2m=[0m0.4 [3mask[0m[2m=[0m0.41 [3mmid[0m[2m=[0m0.4050 [3mbid_size[0m[2m=[0m364.44 [3mask_size[0m[2m=[0m141.4
[2m2026-04-12T20:17:55.761565Z[0m [34mDEBUG[0m [2mmercury::engine::detector[0m[2m:[0m No arb pairs registered for market — skipping detection [3mmarket_id[0m[2m=[0m39a28b31-a7f7-4e16-b2f1-1e1948be289c
[2m2026-04-12T20:17:55.814965Z[0m [34mDEBUG[0m [2mmercury::engine::market_actor[0m[2m:[0m Tick received — running arb detection [3mmarket_id[0m[2m=[0m189bf673-b643-45a5-be39-c4a3275d71a0 [3mplatform[0m[2m=[0mPolymarket [3mbid[0m[2m=[0m0.4 [3mask[0m[2m=[0m0.41 [3mmid[0m[2m=[0m0.4050 [3mbid_size[0m[2m=[0m4805.86 [3mask_size[0m[2m=[0m130.68
[2m2026-04-12T20:17:55.815232Z[0m [34mDEBUG[0m [2mmercury::engine::detector[0m[2m:[0m No arb pairs registered for market — skipping detection [3mmarket_id[0m[2m=[0m189bf673-b643-45a5-be39-c4a3275d71a0
[2m2026-04-12T20:17:55.815387Z[0m [34mDEBUG[0m [2mmercury::engine::market_actor[0m[2m:[0m Tick received — running arb detection [3mmarket_id[0m[2m=[0m189bf673-b643-45a5-be39-c4a3275d71a0 [3mplatform[0m[2m=[0mPolymarket [3mbid[0m[2m=[0m0.4 [3mask[0m[2m=[0m0.41 [3mmid[0m[2m=[0m0.4050 [3mbid_size[0m[2m=[0m4805.86 [3mask_size[0m[2m=[0m130.68
[2m2026-04-12T20:17:55.815545Z[0m [34mDEBUG[0m [2mmercury::engine::detector[0m[2m:[0m No arb pairs registered for market — skipping detection [3mmarket_id[0m[2m=[0m189bf673-b643-45a5-be39-c4a3275d71a0
[2m2026-04-12T20:17:55.867511Z[0m [34mDEBUG[0m [2mmercury::engine::market_actor[0m[2m:[0m Tick received — running arb detection [3mmarket_id[0m[2m=[0m189bf673-b643-45a5-be39-c4a3275d71a0 [3mplatform[0m[2m=[0mPolymarket [3mbid[0m[2m=[0m0.4 [3mask[0m[2m=[0m0.41 [3mmid[0m[2m=[0m0.4050 [3mbid_size[0m[2m=[0m4805.86 [3mask_size[0m[2m=[0m130.68
[2m2026-04-12T20:17:55.867710Z[0m [34mDEBUG[0m [2mmercury::engine::detector[0m[2m:[0m No arb pairs registered for market — skipping detection [3mmarket_id[0m[2m=[0m189bf673-b643-45a5-be39-c4a3275d71a0
[2m2026-04-12T20:17:55.867808Z[0m [34mDEBUG[0m [2mmercury::engine::market_actor[0m[2m:[0m Tick received — running arb detection [3mmarket_id[0m[2m=[0m189bf673-b643-45a5-be39-c4a3275d71a0 [3mplatform[0m[2m=[0mPolymarket [3mbid[0m[2m=[0m0.4 [3mask[0m[2m=[0m0.41 [3mmid[0m[2m=[0m0.4050 [3mbid_size[0m[2m=[0m4805.86 [3mask_size[0m[2m=[0m130.68
[2m2026-04-12T20:17:55.867928Z[0m [34mDEBUG[0m [2mmercury::engine::detector[0m[2m:[0m No arb pairs registered for market — skipping detection [3mmarket_id[0m[2m=[0m189bf673-b643-45a5-be39-c4a3275d71a0
[2m2026-04-12T20:17:55.917929Z[0m [32m INFO[0m [2mmercury::feeds::discovery[0m[2m:[0m 15m crypto round matched [3masset[0m[2m=[0msol [3mround_start[0m[2m=[0m1776024900 [3mpoly[0m[2m=[0mtrue [3mkalshi[0m[2m=[0mtrue
[2m2026-04-12T20:17:55.971917Z[0m [34mDEBUG[0m [2mmercury::engine::market_actor[0m[2m:[0m Tick received — running arb detection [3mmarket_id[0m[2m=[0mbc548cd4-ced9-48e8-b131-410c92fb3a0e [3mplatform[0m[2m=[0mPolymarket [3mbid[0m[2m=[0m0.45 [3mask[0m[2m=[0m0.46 [3mmid[0m[2m=[0m0.4550 [3mbid_size[0m[2m=[0m6.72 [3mask_size[0m[2m=[0m135
[2m2026-04-12T20:17:55.972105Z[0m [34mDEBUG[0m [2mmercury::engine::detector[0m[2m:[0m No arb pairs registered for market — skipping detection [3mmarket_id[0m[2m=[0mbc548cd4-ced9-48e8-b131-410c92fb3a0e
[2m2026-04-12T20:17:55.975441Z[0m [34mDEBUG[0m [2mmercury::engine::market_actor[0m[2m:[0m Tick received — running arb detection [3mmarket_id[0m[2m=[0m39a28b31-a7f7-4e16-b2f1-1e1948be289c [3mplatform[0m[2m=[0mPolymarket [3mbid[0m[2m=[0m0.4 [3mask[0m[2m=[0m0.41 [3mmid[0m[2m=[0m0.4050 [3mbid_size[0m[2m=[0m364.44 [3mask_size[0m[2m=[0m141.4
[2m2026-04-12T20:17:55.975691Z[0m [34mDEBUG[0m [2mmercury::engine::detector[0m[2m:[0m No arb pairs registered for market — skipping detection [3mmarket_id[0m[2m=[0m39a28b31-a7f7-4e16-b2f1-1e1948be289c
[2m2026-04-12T20:17:56.019567Z[0m [34mDEBUG[0m [2mmercury::engine::market_actor[0m[2m:[0m Tick received — running arb detection [3mmarket_id[0m[2m=[0mbc548cd4-ced9-48e8-b131-410c92fb3a0e [3mplatform[0m[2m=[0mPolymarket [3mbid[0m[2m=[0m0.45 [3mask[0m[2m=[0m0.46 [3mmid[0m[2m=[0m0.4550 [3mbid_size[0m[2m=[0m6.72 [3mask_size[0m[2m=[0m135
[2m2026-04-12T20:17:56.019600Z[0m [34mDEBUG[0m [2mmercury::engine::market_actor[0m[2m:[0m Tick received — running arb detection [3mmarket_id[0m[2m=[0m189bf673-b643-45a5-be39-c4a3275d71a0 [3mplatform[0m[2m=[0mPolymarket [3mbid[0m[2m=[0m0.4 [3mask[0m[2m=[0m0.41 [3mmid[0m[2m=[0m0.4050 [3mbid_size[0m[2m=[0m4805.86 [3mask_size[0m[2m=[0m130.68
[2m2026-04-12T20:17:56.019827Z[0m [34mDEBUG[0m [2mmercury::engine::detector[0m[2m:[0m No arb pairs registered for market — skipping detection [3mmarket_id[0m[2m=[0mbc548cd4-ced9-48e8-b131-410c92fb3a0e
[2m2026-04-12T20:17:56.019823Z[0m [34mDEBUG[0m [2mmercury::engine::market_actor[0m[2m:[0m Tick received — running arb detection [3mmarket_id[0m[2m=[0m2285bae6-253b-4085-b0d1-0af34b5530b6 [3mplatform[0m[2m=[0mPolymarket [3mbid[0m[2m=[0m0.37 [3mask[0m[2m=[0m0.41 [3mmid[0m[2m=[0m0.39 [3mbid_size[0m[2m=[0m15.77 [3mask_size[0m[2m=[0m111.64
[2m2026-04-12T20:17:56.019962Z[0m [34mDEBUG[0m [2mmercury::engine::detector[0m[2m:[0m No arb pairs registered for market — skipping detection [3mmarket_id[0m[2m=[0m189bf673-b643-45a5-be39-c4a3275d71a0
[2m2026-04-12T20:17:56.020103Z[0m [34mDEBUG[0m [2mmercury::engine::market_actor[0m[2m:[0m Tick received — running arb detection [3mmarket_id[0m[2m=[0m39a28b31-a7f7-4e16-b2f1-1e1948be289c [3mplatform[0m[2m=[0mPolymarket [3mbid[0m[2m=[0m0.4 [3mask[0m[2m=[0m0.41 [3mmid[0m[2m=[0m0.4050 [3mbid_size[0m[2m=[0m364.44 [3mask_size[0m[2m=[0m141.4
[2m2026-04-12T20:17:56.020135Z[0m [34mDEBUG[0m [2mmercury::engine::market_actor[0m[2m:[0m Tick received — running arb detection [3mmarket_id[0m[2m=[0m189bf673-b643-45a5-be39-c4a3275d71a0 [3mplatform[0m[2m=[0mPolymarket [3mbid[0m[2m=[0m0.4 [3mask[0m[2m=[0m0.41 [3mmid[0m[2m=[0m0.4050 [3mbid_size[0m[2m=[0m4805.86 [3mask_size[0m[2m=[0m130.68
[2m2026-04-12T20:17:56.020122Z[0m [34mDEBUG[0m [2mmercury::engine::detector[0m[2m:[0m No arb pairs registered for market — skipping detection [3mmarket_id[0m[2m=[0m2285bae6-253b-4085-b0d1-0af34b5530b6
[2m2026-04-12T20:17:56.020361Z[0m [34mDEBUG[0m [2mmercury::engine::detector[0m[2m:[0m No arb pairs registered for market — skipping detection [3mmarket_id[0m[2m=[0m39a28b31-a7f7-4e16-b2f1-1e1948be289c
[2m2026-04-12T20:17:56.020516Z[0m [34mDEBUG[0m [2mmercury::engine::detector[0m[2m:[0m No arb pairs registered for market — skipping detection [3mmarket_id[0m[2m=[0m189bf673-b643-45a5-be39-c4a3275d71a0
[2m2026-04-12T20:17:56.067503Z[0m [34mDEBUG[0m [2mmercury::engine::market_actor[0m[2m:[0m Tick received — running arb detection [3mmarket_id[0m[2m=[0mbc548cd4-ced9-48e8-b131-410c92fb3a0e [3mplatform[0m[2m=[0mPolymarket [3mbid[0m[2m=[0m0.45 [3mask[0m[2m=[0m0.46 [3mmid[0m[2m=[0m0.4550 [3mbid_size[0m[2m=[0m6.72 [3mask_size[0m[2m=[0m135
[2m2026-04-12T20:17:56.067517Z[0m [34mDEBUG[0m [2mmercury::engine::market_actor[0m[2m:[0m Tick received — running arb detection [3mmarket_id[0m[2m=[0m2285bae6-253b-4085-b0d1-0af34b5530b6 [3mplatform[0m[2m=[0mPolymarket [3mbid[0m[2m=[0m0.37 [3mask[0m[2m=[0m0.41 [3mmid[0m[2m=[0m0.39 [3mbid_size[0m[2m=[0m15.77 [3mask_size[0m[2m=[0m111.64
[2m2026-04-12T20:17:56.067711Z[0m [34mDEBUG[0m [2mmercury::engine::market_actor[0m[2m:[0m Tick received — running arb detection [3mmarket_id[0m[2m=[0m39a28b31-a7f7-4e16-b2f1-1e1948be289c [3mplatform[0m[2m=[0mPolymarket [3mbid[0m[2m=[0m0.4 [3mask[0m[2m=[0m0.41 [3mmid[0m[2m=[0m0.4050 [3mbid_size[0m[2m=[0m364.44 [3mask_size[0m[2m=[0m141.4
[2m2026-04-12T20:17:56.067765Z[0m [34mDEBUG[0m [2mmercury::engine::detector[0m[2m:[0m No arb pairs registered for market — skipping detection [3mmarket_id[0m[2m=[0mbc548cd4-ced9-48e8-b131-410c92fb3a0e
[2m2026-04-12T20:17:56.067980Z[0m [34mDEBUG[0m [2mmercury::engine::detector[0m[2m:[0m No arb pairs registered for market — skipping detection [3mmarket_id[0m[2m=[0m2285bae6-253b-4085-b0d1-0af34b5530b6
[2m2026-04-12T20:17:56.067989Z[0m [34mDEBUG[0m [2mmercury::engine::market_actor[0m[2m:[0m Tick received — running arb detection [3mmarket_id[0m[2m=[0m189bf673-b643-45a5-be39-c4a3275d71a0 [3mplatform[0m[2m=[0mPolymarket [3mbid[0m[2m=[0m0.4 [3mask[0m[2m=[0m0.41 [3mmid[0m[2m=[0m0.4050 [3mbid_size[0m[2m=[0m4805.86 [3mask_size[0m[2m=[0m130.68
[2m2026-04-12T20:17:56.068156Z[0m [34mDEBUG[0m [2mmercury::engine::detector[0m[2m:[0m No arb pairs registered for market — skipping detection [3mmarket_id[0m[2m=[0m39a28b31-a7f7-4e16-b2f1-1e1948be289c
[2m2026-04-12T20:17:56.068264Z[0m [34mDEBUG[0m [2mmercury::engine::market_actor[0m[2m:[0m Tick received — running arb detection [3mmarket_id[0m[2m=[0mbc548cd4-ced9-48e8-b131-410c92fb3a0e [3mplatform[0m[2m=[0mPolymarket [3mbid[0m[2m=[0m0.45 [3mask[0m[2m=[0m0.46 [3mmid[0m[2m=[0m0.4550 [3mbid_size[0m[2m=[0m6.72 [3mask_size[0m[2m=[0m135
[2m2026-04-12T20:17:56.068299Z[0m [34mDEBUG[0m [2mmercury::engine::market_actor[0m[2m:[0m Tick received — running arb detection [3mmarket_id[0m[2m=[0m39a28b31-a7f7-4e16-b2f1-1e1948be289c [3mplatform[0m[2m=[0mPolymarket [3mbid[0m[2m=[0m0.4 [3mask[0m[2m=[0m0.41 [3mmid[0m[2m=[0m0.4050 [3mbid_size[0m[2m=[0m364.44 [3mask_size[0m[2m=[0m141.4
[2m2026-04-12T20:17:56.068330Z[0m [34mDEBUG[0m [2mmercury::engine::detector[0m[2m:[0m No arb pairs registered for market — skipping detection [3mmarket_id[0m[2m=[0m189bf673-b643-45a5-be39-c4a3275d71a0
[2m2026-04-12T20:17:56.068520Z[0m [34mDEBUG[0m [2mmercury::engine::market_actor[0m[2m:[0m Tick received — running arb detection [3mmarket_id[0m[2m=[0m189bf673-b643-45a5-be39-c4a3275d71a0 [3mplatform[0m[2m=[0mPolymarket [3mbid[0m[2m=[0m0.4 [3mask[0m[2m=[0m0.41 [3mmid[0m[2m=[0m0.4050 [3mbid_size[0m[2m=[0m4805.86 [3mask_size[0m[2m=[0m130.68
[2m2026-04-12T20:17:56.068546Z[0m [34mDEBUG[0m [2mmercury::engine::detector[0m[2m:[0m No arb pairs registered for market — skipping detection [3mmarket_id[0m[2m=[0mbc548cd4-ced9-48e8-b131-410c92fb3a0e
[2m2026-04-12T20:17:56.068738Z[0m [34mDEBUG[0m [2mmercury::engine::detector[0m[2m:[0m No arb pairs registered for market — skipping detection [3mmarket_id[0m[2m=[0m39a28b31-a7f7-4e16-b2f1-1e1948be289c
[2m2026-04-12T20:17:56.068937Z[0m [34mDEBUG[0m [2mmercury::engine::detector[0m[2m:[0m No arb pairs registered for market — skipping detection [3mmarket_id[0m[2m=[0m189bf673-b643-45a5-be39-c4a3275d71a0
[2m2026-04-12T20:17:56.078234Z[0m [34mDEBUG[0m [2mmercury::feeds::polymarket[0m[2m:[0m Unknown Polymarket event type [3mevent_type[0m[2m=[0mbest_bid_ask
[2m2026-04-12T20:17:56.078916Z[0m [34mDEBUG[0m [2mmercury::engine::market_actor[0m[2m:[0m Tick received — running arb detection [3mmarket_id[0m[2m=[0mbc548cd4-ced9-48e8-b131-410c92fb3a0e [3mplatform[0m[2m=[0mPolymarket [3mbid[0m[2m=[0m0.45 [3mask[0m[2m=[0m0.46 [3mmid[0m[2m=[0m0.4550 [3mbid_size[0m[2m=[0m6.72 [3mask_size[0m[2m=[0m126.3
[2m2026-04-12T20:17:56.079114Z[0m [34mDEBUG[0m [2mmercury::engine::detector[0m[2m:[0m No arb pairs registered for market — skipping detection [3mmarket_id[0m[2m=[0mbc548cd4-ced9-48e8-b131-410c92fb3a0e
[2m2026-04-12T20:17:56.079500Z[0m [34mDEBUG[0m [2mmercury::engine::market_actor[0m[2m:[0m Tick received — running arb detection [3mmarket_id[0m[2m=[0mbc548cd4-ced9-48e8-b131-410c92fb3a0e [3mplatform[0m[2m=[0mPolymarket [3mbid[0m[2m=[0m0.45 [3mask[0m[2m=[0m0.46 [3mmid[0m[2m=[0m0.4550 [3mbid_size[0m[2m=[0m6.72 [3mask_size[0m[2m=[0m126.3
[2m2026-04-12T20:17:56.079678Z[0m [34mDEBUG[0m [2mmercury::engine::detector[0m[2m:[0m No arb pairs registered for market — skipping detection [3mmarket_id[0m[2m=[0mbc548cd4-ced9-48e8-b131-410c92fb3a0e
[2m2026-04-12T20:17:56.120483Z[0m [34mDEBUG[0m [2mmercury::engine::market_actor[0m[2m:[0m Tick received — running arb detection [3mmarket_id[0m[2m=[0m2285bae6-253b-4085-b0d1-0af34b5530b6 [3mplatform[0m[2m=[0mPolymarket [3mbid[0m[2m=[0m0.37 [3mask[0m[2m=[0m0.41 [3mmid[0m[2m=[0m0.39 [3mbid_size[0m[2m=[0m15.77 [3mask_size[0m[2m=[0m111.64
[2m2026-04-12T20:17:56.120557Z[0m [34mDEBUG[0m [2mmercury::feeds::discovery[0m[2m:[0m No Kalshi 15m market found for this round [3masset[0m[2m=[0m"sol" [3mround_start_ts[0m[2m=[0m1776025800 [3mtarget_close[0m[2m=[0m1776026700
[2m2026-04-12T20:17:56.120631Z[0m [34mDEBUG[0m [2mmercury::engine::market_actor[0m[2m:[0m Tick received — running arb detection [3mmarket_id[0m[2m=[0m189bf673-b643-45a5-be39-c4a3275d71a0 [3mplatform[0m[2m=[0mPolymarket [3mbid[0m[2m=[0m0.4 [3mask[0m[2m=[0m0.41 [3mmid[0m[2m=[0m0.4050 [3mbid_size[0m[2m=[0m4805.86 [3mask_size[0m[2m=[0m130.68
[2m2026-04-12T20:17:56.120665Z[0m [34mDEBUG[0m [2mmercury::engine::detector[0m[2m:[0m No arb pairs registered for market — skipping detection [3mmarket_id[0m[2m=[0m2285bae6-253b-4085-b0d1-0af34b5530b6
[2m2026-04-12T20:17:56.120708Z[0m [32m INFO[0m [2mmercury::feeds::discovery[0m[2m:[0m 15m crypto round matched [3masset[0m[2m=[0msol [3mround_start[0m[2m=[0m1776025800 [3mpoly[0m[2m=[0mtrue [3mkalshi[0m[2m=[0mfalse
[2m2026-04-12T20:17:56.120768Z[0m [34mDEBUG[0m [2mmercury::engine::detector[0m[2m:[0m No arb pairs registered for market — skipping detection [3mmarket_id[0m[2m=[0m189bf673-b643-45a5-be39-c4a3275d71a0
[2m2026-04-12T20:17:56.120780Z[0m [34mDEBUG[0m [2mmercury::engine::market_actor[0m[2m:[0m Tick received — running arb detection [3mmarket_id[0m[2m=[0m2285bae6-253b-4085-b0d1-0af34b5530b6 [3mplatform[0m[2m=[0mPolymarket [3mbid[0m[2m=[0m0.37 [3mask[0m[2m=[0m0.41 [3mmid[0m[2m=[0m0.39 [3mbid_size[0m[2m=[0m15.77 [3mask_size[0m[2m=[0m111.64
[2m2026-04-12T20:17:56.120889Z[0m [34mDEBUG[0m [2mmercury::engine::detector[0m[2m:[0m No arb pairs registered for market — skipping detection [3mmarket_id[0m[2m=[0m2285bae6-253b-4085-b0d1-0af34b5530b6
[2m2026-04-12T20:17:56.121008Z[0m [34mDEBUG[0m [2mmercury::engine::market_actor[0m[2m:[0m Tick received — running arb detection [3mmarket_id[0m[2m=[0m2285bae6-253b-4085-b0d1-0af34b5530b6 [3mplatform[0m[2m=[0mPolymarket [3mbid[0m[2m=[0m0.37 [3mask[0m[2m=[0m0.41 [3mmid[0m[2m=[0m0.39 [3mbid_size[0m[2m=[0m15.77 [3mask_size[0m[2m=[0m111.64
[2m2026-04-12T20:17:56.121155Z[0m [34mDEBUG[0m [2mmercury::engine::detector[0m[2m:[0m No arb pairs registered for market — skipping detection [3mmarket_id[0m[2m=[0m2285bae6-253b-4085-b0d1-0af34b5530b6
[2m2026-04-12T20:17:56.169233Z[0m [34mDEBUG[0m [2mmercury::engine::market_actor[0m[2m:[0m Tick received — running arb detection [3mmarket_id[0m[2m=[0m2285bae6-253b-4085-b0d1-0af34b5530b6 [3mplatform[0m[2m=[0mPolymarket [3mbid[0m[2m=[0m0.37 [3mask[0m[2m=[0m0.41 [3mmid[0m[2m=[0m0.39 [3mbid_size[0m[2m=[0m2.2 [3mask_size[0m[2m=[0m111.64
[2m2026-04-12T20:17:56.169412Z[0m [34mDEBUG[0m [2mmercury::engine::detector[0m[2m:[0m No arb pairs registered for market — skipping detection [3mmarket_id[0m[2m=[0m2285bae6-253b-4085-b0d1-0af34b5530b6
[2m2026-04-12T20:17:56.184408Z[0m [34mDEBUG[0m [2mmercury::feeds::polymarket[0m[2m:[0m Unknown Polymarket event type [3mevent_type[0m[2m=[0mbest_bid_ask
[2m2026-04-12T20:17:56.185137Z[0m [34mDEBUG[0m [2mmercury::engine::market_actor[0m[2m:[0m Tick received — running arb detection [3mmarket_id[0m[2m=[0mbc548cd4-ced9-48e8-b131-410c92fb3a0e [3mplatform[0m[2m=[0mPolymarket [3mbid[0m[2m=[0m0.45 [3mask[0m[2m=[0m0.46 [3mmid[0m[2m=[0m0.4550 [3mbid_size[0m[2m=[0m6.72 [3mask_size[0m[2m=[0m126.3
[2m2026-04-12T20:17:56.185336Z[0m [34mDEBUG[0m [2mmercury::engine::detector[0m[2m:[0m No arb pairs registered for market — skipping detection [3mmarket_id[0m[2m=[0mbc548cd4-ced9-48e8-b131-410c92fb3a0e
[2m2026-04-12T20:17:56.185469Z[0m [34mDEBUG[0m [2mmercury::engine::market_actor[0m[2m:[0m Tick received — running arb detection [3mmarket_id[0m[2m=[0mbc548cd4-ced9-48e8-b131-410c92fb3a0e [3mplatform[0m[2m=[0mPolymarket [3mbid[0m[2m=[0m0.44 [3mask[0m[2m=[0m0.46 [3mmid[0m[2m=[0m0.45 [3mbid_size[0m[2m=[0m2.32 [3mask_size[0m[2m=[0m126.3
[2m2026-04-12T20:17:56.185634Z[0m [34mDEBUG[0m [2mmercury::engine::detector[0m[2m:[0m No arb pairs registered for market — skipping detection [3mmarket_id[0m[2m=[0mbc548cd4-ced9-48e8-b131-410c92fb3a0e
[2m2026-04-12T20:17:56.185833Z[0m [34mDEBUG[0m [2mmercury::engine::market_actor[0m[2m:[0m Tick received — running arb detection [3mmarket_id[0m[2m=[0mbc548cd4-ced9-48e8-b131-410c92fb3a0e [3mplatform[0m[2m=[0mPolymarket [3mbid[0m[2m=[0m0.44 [3mask[0m[2m=[0m0.46 [3mmid[0m[2m=[0m0.45 [3mbid_size[0m[2m=[0m2.32 [3mask_size[0m[2m=[0m126.3
[2m2026-04-12T20:17:56.185999Z[0m [34mDEBUG[0m [2mmercury::engine::detector[0m[2m:[0m No arb pairs registered for market — skipping detection [3mmarket_id[0m[2m=[0mbc548cd4-ced9-48e8-b131-410c92fb3a0e
[2m2026-04-12T20:17:56.186012Z[0m [34mDEBUG[0m [2mmercury::engine::market_actor[0m[2m:[0m Tick received — running arb detection [3mmarket_id[0m[2m=[0m189bf673-b643-45a5-be39-c4a3275d71a0 [3mplatform[0m[2m=[0mPolymarket [3mbid[0m[2m=[0m0.4 [3mask[0m[2m=[0m0.41 [3mmid[0m[2m=[0m0.4050 [3mbid_size[0m[2m=[0m4805.86 [3mask_size[0m[2m=[0m130.68
[2m2026-04-12T20:17:56.186206Z[0m [34mDEBUG[0m [2mmercury::engine::detector[0m[2m:[0m No arb pairs registered for market — skipping detection [3mmarket_id[0m[2m=[0m189bf673-b643-45a5-be39-c4a3275d71a0
[2m2026-04-12T20:17:56.200600Z[0m [34mDEBUG[0m [2mmercury::engine::market_actor[0m[2m:[0m Tick received — running arb detection [3mmarket_id[0m[2m=[0m189bf673-b643-45a5-be39-c4a3275d71a0 [3mplatform[0m[2m=[0mPolymarket [3mbid[0m[2m=[0m0.4 [3mask[0m[2m=[0m0.41 [3mmid[0m[2m=[0m0.4050 [3mbid_size[0m[2m=[0m4805.86 [3mask_size[0m[2m=[0m130.68
[2m2026-04-12T20:17:56.200973Z[0m [34mDEBUG[0m [2mmercury::engine::detector[0m[2m:[0m No arb pairs registered for market — skipping detection [3mmarket_id[0m[2m=[0m189bf673-b643-45a5-be39-c4a3275d71a0
[2m2026-04-12T20:17:56.223955Z[0m [34mDEBUG[0m [2mmercury::feeds::polymarket[0m[2m:[0m Unknown Polymarket event type [3mevent_type[0m[2m=[0mbest_bid_ask
[2m2026-04-12T20:17:56.224421Z[0m [34mDEBUG[0m [2mmercury::engine::market_actor[0m[2m:[0m Tick received — running arb detection [3mmarket_id[0m[2m=[0mbc548cd4-ced9-48e8-b131-410c92fb3a0e [3mplatform[0m[2m=[0mPolymarket [3mbid[0m[2m=[0m0.45 [3mask[0m[2m=[0m0.46 [3mmid[0m[2m=[0m0.4550 [3mbid_size[0m[2m=[0m6.72 [3mask_size[0m[2m=[0m126.3
[2m2026-04-12T20:17:56.224576Z[0m [34mDEBUG[0m [2mmercury::engine::detector[0m[2m:[0m No arb pairs registered for market — skipping detection [3mmarket_id[0m[2m=[0mbc548cd4-ced9-48e8-b131-410c92fb3a0e
[2m2026-04-12T20:17:56.224681Z[0m [34mDEBUG[0m [2mmercury::engine::market_actor[0m[2m:[0m Tick received — running arb detection [3mmarket_id[0m[2m=[0mbc548cd4-ced9-48e8-b131-410c92fb3a0e [3mplatform[0m[2m=[0mPolymarket [3mbid[0m[2m=[0m0.45 [3mask[0m[2m=[0m0.46 [3mmid[0m[2m=[0m0.4550 [3mbid_size[0m[2m=[0m6.72 [3mask_size[0m[2m=[0m126.3
[2m2026-04-12T20:17:56.224800Z[0m [34mDEBUG[0m [2mmercury::engine::detector[0m[2m:[0m No arb pairs registered for market — skipping detection [3mmarket_id[0m[2m=[0mbc548cd4-ced9-48e8-b131-410c92fb3a0e
[2m2026-04-12T20:17:56.272423Z[0m [34mDEBUG[0m [2mmercury::engine::market_actor[0m[2m:[0m Tick received — running arb detection [3mmarket_id[0m[2m=[0m189bf673-b643-45a5-be39-c4a3275d71a0 [3mplatform[0m[2m=[0mPolymarket [3mbid[0m[2m=[0m0.4 [3mask[0m[2m=[0m0.41 [3mmid[0m[2m=[0m0.4050 [3mbid_size[0m[2m=[0m4805.86 [3mask_size[0m[2m=[0m130.68
[2m2026-04-12T20:17:56.272619Z[0m [34mDEBUG[0m [2mmercury::engine::detector[0m[2m:[0m No arb pairs registered for market — skipping detection [3mmarket_id[0m[2m=[0m189bf673-b643-45a5-be39-c4a3275d71a0
[2m2026-04-12T20:17:56.272718Z[0m [34mDEBUG[0m [2mmercury::engine::market_actor[0m[2m:[0m Tick received — running arb detection [3mmarket_id[0m[2m=[0m189bf673-b643-45a5-be39-c4a3275d71a0 [3mplatform[0m[2m=[0mPolymarket [3mbid[0m[2m=[0m0.4 [3mask[0m[2m=[0m0.41 [3mmid[0m[2m=[0m0.4050 [3mbid_size[0m[2m=[0m4805.86 [3mask_size[0m[2m=[0m130.68
[2m2026-04-12T20:17:56.272837Z[0m [34mDEBUG[0m [2mmercury::engine::detector[0m[2m:[0m No arb pairs registered for market — skipping detection [3mmarket_id[0m[2m=[0m189bf673-b643-45a5-be39-c4a3275d71a0
[2m2026-04-12T20:17:56.326919Z[0m [34mDEBUG[0m [2mmercury::feeds::polymarket[0m[2m:[0m Unknown Polymarket event type [3mevent_type[0m[2m=[0mbest_bid_ask
[2m2026-04-12T20:17:56.327023Z[0m [34mDEBUG[0m [2mmercury::engine::market_actor[0m[2m:[0m Tick received — running arb detection [3mmarket_id[0m[2m=[0m189bf673-b643-45a5-be39-c4a3275d71a0 [3mplatform[0m[2m=[0mPolymarket [3mbid[0m[2m=[0m0.4 [3mask[0m[2m=[0m0.41 [3mmid[0m[2m=[0m0.4050 [3mbid_size[0m[2m=[0m4805.86 [3mask_size[0m[2m=[0m169.54
[2m2026-04-12T20:17:56.327287Z[0m [34mDEBUG[0m [2mmercury::engine::detector[0m[2m:[0m No arb pairs registered for market — skipping detection [3mmarket_id[0m[2m=[0m189bf673-b643-45a5-be39-c4a3275d71a0
[2m2026-04-12T20:17:56.327438Z[0m [34mDEBUG[0m [2mmercury::engine::market_actor[0m[2m:[0m Tick received — running arb detection [3mmarket_id[0m[2m=[0m39a28b31-a7f7-4e16-b2f1-1e1948be289c [3mplatform[0m[2m=[0mPolymarket [3mbid[0m[2m=[0m0.4 [3mask[0m[2m=[0m0.41 [3mmid[0m[2m=[0m0.4050 [3mbid_size[0m[2m=[0m354.1 [3mask_size[0m[2m=[0m141.4
[2m2026-04-12T20:17:56.327595Z[0m [34mDEBUG[0m [2mmercury::engine::detector[0m[2m:[0m No arb pairs registered for market — skipping detection [3mmarket_id[0m[2m=[0m39a28b31-a7f7-4e16-b2f1-1e1948be289c
[2m2026-04-12T20:17:56.327850Z[0m [32m INFO[0m [2mmercury::feeds::discovery[0m[2m:[0m 15m crypto round matched [3masset[0m[2m=[0mxrp [3mround_start[0m[2m=[0m1776024900 [3mpoly[0m[2m=[0mtrue [3mkalshi[0m[2m=[0mtrue
[2m2026-04-12T20:17:56.328104Z[0m [34mDEBUG[0m [2mmercury::engine::market_actor[0m[2m:[0m Tick received — running arb detection [3mmarket_id[0m[2m=[0m39a28b31-a7f7-4e16-b2f1-1e1948be289c [3mplatform[0m[2m=[0mPolymarket [3mbid[0m[2m=[0m0.4 [3mask[0m[2m=[0m0.41 [3mmid[0m[2m=[0m0.4050 [3mbid_size[0m[2m=[0m354.1 [3mask_size[0m[2m=[0m141.4
[2m2026-04-12T20:17:56.328282Z[0m [34mDEBUG[0m [2mmercury::engine::detector[0m[2m:[0m No arb pairs registered for market — skipping detection [3mmarket_id[0m[2m=[0m39a28b31-a7f7-4e16-b2f1-1e1948be289c
[2m2026-04-12T20:17:56.377394Z[0m [34mDEBUG[0m [2mmercury::engine::market_actor[0m[2m:[0m Tick received — running arb detection [3mmarket_id[0m[2m=[0m2285bae6-253b-4085-b0d1-0af34b5530b6 [3mplatform[0m[2m=[0mPolymarket [3mbid[0m[2m=[0m0.37 [3mask[0m[2m=[0m0.41 [3mmid[0m[2m=[0m0.39 [3mbid_size[0m[2m=[0m2.2 [3mask_size[0m[2m=[0m111.64
[2m2026-04-12T20:17:56.377586Z[0m [34mDEBUG[0m [2mmercury::engine::detector[0m[2m:[0m No arb pairs registered for market — skipping detection [3mmarket_id[0m[2m=[0m2285bae6-253b-4085-b0d1-0af34b5530b6
[2m2026-04-12T20:17:56.378075Z[0m [34mDEBUG[0m [2mmercury::engine::market_actor[0m[2m:[0m Tick received — running arb detection [3mmarket_id[0m[2m=[0m2285bae6-253b-4085-b0d1-0af34b5530b6 [3mplatform[0m[2m=[0mPolymarket [3mbid[0m[2m=[0m0.37 [3mask[0m[2m=[0m0.41 [3mmid[0m[2m=[0m0.39 [3mbid_size[0m[2m=[0m2.2 [3mask_size[0m[2m=[0m111.64
[2m2026-04-12T20:17:56.378216Z[0m [34mDEBUG[0m [2mmercury::engine::detector[0m[2m:[0m No arb pairs registered for market — skipping detection [3mmarket_id[0m[2m=[0m2285bae6-253b-4085-b0d1-0af34b5530b6
[2m2026-04-12T20:17:56.429835Z[0m [34mDEBUG[0m [2mmercury::engine::market_actor[0m[2m:[0m Tick received — running arb detection [3mmarket_id[0m[2m=[0m189bf673-b643-45a5-be39-c4a3275d71a0 [3mplatform[0m[2m=[0mPolymarket [3mbid[0m[2m=[0m0.4 [3mask[0m[2m=[0m0.41 [3mmid[0m[2m=[0m0.4050 [3mbid_size[0m[2m=[0m4805.86 [3mask_size[0m[2m=[0m169.54
[2m2026-04-12T20:17:56.430115Z[0m [34mDEBUG[0m [2mmercury::engine::detector[0m[2m:[0m No arb pairs registered for market — skipping detection [3mmarket_id[0m[2m=[0m189bf673-b643-45a5-be39-c4a3275d71a0
[2m2026-04-12T20:17:56.430243Z[0m [34mDEBUG[0m [2mmercury::engine::market_actor[0m[2m:[0m Tick received — running arb detection [3mmarket_id[0m[2m=[0m189bf673-b643-45a5-be39-c4a3275d71a0 [3mplatform[0m[2m=[0mPolymarket [3mbid[0m[2m=[0m0.4 [3mask[0m[2m=[0m0.41 [3mmid[0m[2m=[0m0.4050 [3mbid_size[0m[2m=[0m4805.86 [3mask_size[0m[2m=[0m169.54
[2m2026-04-12T20:17:56.430399Z[0m [34mDEBUG[0m [2mmercury::engine::detector[0m[2m:[0m No arb pairs registered for market — skipping detection [3mmarket_id[0m[2m=[0m189bf673-b643-45a5-be39-c4a3275d71a0
[2m2026-04-12T20:17:56.588444Z[0m [34mDEBUG[0m [2mmercury::engine::market_actor[0m[2m:[0m Tick received — running arb detection [3mmarket_id[0m[2m=[0m189bf673-b643-45a5-be39-c4a3275d71a0 [3mplatform[0m[2m=[0mPolymarket [3mbid[0m[2m=[0m0.4 [3mask[0m[2m=[0m0.41 [3mmid[0m[2m=[0m0.4050 [3mbid_size[0m[2m=[0m4805.86 [3mask_size[0m[2m=[0m169.54
[2m2026-04-12T20:17:56.588817Z[0m [34mDEBUG[0m [2mmercury::engine::detector[0m[2m:[0m No arb pairs registered for market — skipping detection [3mmarket_id[0m[2m=[0m189bf673-b643-45a5-be39-c4a3275d71a0
[2m2026-04-12T20:17:56.634711Z[0m [34mDEBUG[0m [2mmercury::engine::market_actor[0m[2m:[0m Tick received — running arb detection [3mmarket_id[0m[2m=[0m189bf673-b643-45a5-be39-c4a3275d71a0 [3mplatform[0m[2m=[0mPolymarket [3mbid[0m[2m=[0m0.4 [3mask[0m[2m=[0m0.41 [3mmid[0m[2m=[0m0.4050 [3mbid_size[0m[2m=[0m4805.86 [3mask_size[0m[2m=[0m169.54
[2m2026-04-12T20:17:56.634954Z[0m [34mDEBUG[0m [2mmercury::engine::detector[0m[2m:[0m No arb pairs registered for market — skipping detection [3mmarket_id[0m[2m=[0m189bf673-b643-45a5-be39-c4a3275d71a0
[2m2026-04-12T20:17:56.635166Z[0m [34mDEBUG[0m [2mmercury::feeds::discovery[0m[2m:[0m No Kalshi 15m market found for this round [3masset[0m[2m=[0m"xrp" [3mround_start_ts[0m[2m=[0m1776025800 [3mtarget_close[0m[2m=[0m1776026700
[2m2026-04-12T20:17:56.635330Z[0m [32m INFO[0m [2mmercury::feeds::discovery[0m[2m:[0m 15m crypto round matched [3masset[0m[2m=[0mxrp [3mround_start[0m[2m=[0m1776025800 [3mpoly[0m[2m=[0mtrue [3mkalshi[0m[2m=[0mfalse
[2m2026-04-12T20:17:56.735299Z[0m [34mDEBUG[0m [2mmercury::engine::market_actor[0m[2m:[0m Tick received — running arb detection [3mmarket_id[0m[2m=[0m189bf673-b643-45a5-be39-c4a3275d71a0 [3mplatform[0m[2m=[0mPolymarket [3mbid[0m[2m=[0m0.4 [3mask[0m[2m=[0m0.41 [3mmid[0m[2m=[0m0.4050 [3mbid_size[0m[2m=[0m4805.86 [3mask_size[0m[2m=[0m169.54
[2m2026-04-12T20:17:56.735492Z[0m [34mDEBUG[0m [2mmercury::engine::detector[0m[2m:[0m No arb pairs registered for market — skipping detection [3mmarket_id[0m[2m=[0m189bf673-b643-45a5-be39-c4a3275d71a0
[2m2026-04-12T20:17:56.745466Z[0m [34mDEBUG[0m [2mmercury::engine::market_actor[0m[2m:[0m Tick received — running arb detection [3mmarket_id[0m[2m=[0m189bf673-b643-45a5-be39-c4a3275d71a0 [3mplatform[0m[2m=[0mPolymarket [3mbid[0m[2m=[0m0.4 [3mask[0m[2m=[0m0.41 [3mmid[0m[2m=[0m0.4050 [3mbid_size[0m[2m=[0m4805.86 [3mask_size[0m[2m=[0m169.54
[2m2026-04-12T20:17:56.745706Z[0m [34mDEBUG[0m [2mmercury::engine::detector[0m[2m:[0m No arb pairs registered for market — skipping detection [3mmarket_id[0m[2m=[0m189bf673-b643-45a5-be39-c4a3275d71a0
[2m2026-04-12T20:17:56.771922Z[0m [34mDEBUG[0m [2mmercury::engine::market_actor[0m[2m:[0m Tick received — running arb detection [3mmarket_id[0m[2m=[0m189bf673-b643-45a5-be39-c4a3275d71a0 [3mplatform[0m[2m=[0mPolymarket [3mbid[0m[2m=[0m0.4 [3mask[0m[2m=[0m0.41 [3mmid[0m[2m=[0m0.4050 [3mbid_size[0m[2m=[0m4805.86 [3mask_size[0m[2m=[0m169.54
[2m2026-04-12T20:17:56.772117Z[0m [34mDEBUG[0m [2mmercury::engine::detector[0m[2m:[0m No arb pairs registered for market — skipping detection [3mmarket_id[0m[2m=[0m189bf673-b643-45a5-be39-c4a3275d71a0
[2m2026-04-12T20:17:56.841398Z[0m [34mDEBUG[0m [2mmercury::feeds::polymarket[0m[2m:[0m Unknown Polymarket event type [3mevent_type[0m[2m=[0mbest_bid_ask
[2m2026-04-12T20:17:56.841777Z[0m [34mDEBUG[0m [2mmercury::engine::market_actor[0m[2m:[0m Tick received — running arb detection [3mmarket_id[0m[2m=[0m39a28b31-a7f7-4e16-b2f1-1e1948be289c [3mplatform[0m[2m=[0mPolymarket [3mbid[0m[2m=[0m0.4 [3mask[0m[2m=[0m0.41 [3mmid[0m[2m=[0m0.4050 [3mbid_size[0m[2m=[0m346.86 [3mask_size[0m[2m=[0m141.4
[2m2026-04-12T20:17:56.841920Z[0m [34mDEBUG[0m [2mmercury::engine::detector[0m[2m:[0m No arb pairs registered for market — skipping detection [3mmarket_id[0m[2m=[0m39a28b31-a7f7-4e16-b2f1-1e1948be289c
[2m2026-04-12T20:17:56.843553Z[0m [34mDEBUG[0m [2mmercury::engine::market_actor[0m[2m:[0m Tick received — running arb detection [3mmarket_id[0m[2m=[0m39a28b31-a7f7-4e16-b2f1-1e1948be289c [3mplatform[0m[2m=[0mPolymarket [3mbid[0m[2m=[0m0.4 [3mask[0m[2m=[0m0.41 [3mmid[0m[2m=[0m0.4050 [3mbid_size[0m[2m=[0m346.86 [3mask_size[0m[2m=[0m141.4
[2m2026-04-12T20:17:56.843703Z[0m [34mDEBUG[0m [2mmercury::engine::detector[0m[2m:[0m No arb pairs registered for market — skipping detection [3mmarket_id[0m[2m=[0m39a28b31-a7f7-4e16-b2f1-1e1948be289c
[2m2026-04-12T20:17:56.886852Z[0m [34mDEBUG[0m [2mmercury::engine::market_actor[0m[2m:[0m Tick received — running arb detection [3mmarket_id[0m[2m=[0m39a28b31-a7f7-4e16-b2f1-1e1948be289c [3mplatform[0m[2m=[0mPolymarket [3mbid[0m[2m=[0m0.4 [3mask[0m[2m=[0m0.41 [3mmid[0m[2m=[0m0.4050 [3mbid_size[0m[2m=[0m346.86 [3mask_size[0m[2m=[0m141.4
[2m2026-04-12T20:17:56.887144Z[0m [34mDEBUG[0m [2mmercury::engine::detector[0m[2m:[0m No arb pairs registered for market — skipping detection [3mmarket_id[0m[2m=[0m39a28b31-a7f7-4e16-b2f1-1e1948be289c
[2m2026-04-12T20:17:56.888161Z[0m [34mDEBUG[0m [2mmercury::engine::market_actor[0m[2m:[0m Tick received — running arb detection [3mmarket_id[0m[2m=[0m39a28b31-a7f7-4e16-b2f1-1e1948be289c [3mplatform[0m[2m=[0mPolymarket [3mbid[0m[2m=[0m0.4 [3mask[0m[2m=[0m0.41 [3mmid[0m[2m=[0m0.4050 [3mbid_size[0m[2m=[0m346.86 [3mask_size[0m[2m=[0m141.4
[2m2026-04-12T20:17:56.888460Z[0m [34mDEBUG[0m [2mmercury::engine::detector[0m[2m:[0m No arb pairs registered for market — skipping detection [3mmarket_id[0m[2m=[0m39a28b31-a7f7-4e16-b2f1-1e1948be289c
[2m2026-04-12T20:17:56.888670Z[0m [34mDEBUG[0m [2mmercury::engine::market_actor[0m[2m:[0m Tick received — running arb detection [3mmarket_id[0m[2m=[0m39a28b31-a7f7-4e16-b2f1-1e1948be289c [3mplatform[0m[2m=[0mPolymarket [3mbid[0m[2m=[0m0.4 [3mask[0m[2m=[0m0.41 [3mmid[0m[2m=[0m0.4050 [3mbid_size[0m[2m=[0m346.86 [3mask_size[0m[2m=[0m141.4
[2m2026-04-12T20:17:56.888912Z[0m [34mDEBUG[0m [2mmercury::engine::detector[0m[2m:[0m No arb pairs registered for market — skipping detection [3mmarket_id[0m[2m=[0m39a28b31-a7f7-4e16-b2f1-1e1948be289c
[2m2026-04-12T20:17:56.946219Z[0m [34mDEBUG[0m [2mmercury::engine::market_actor[0m[2m:[0m Tick received — running arb detection [3mmarket_id[0m[2m=[0m39a28b31-a7f7-4e16-b2f1-1e1948be289c [3mplatform[0m[2m=[0mPolymarket [3mbid[0m[2m=[0m0.4 [3mask[0m[2m=[0m0.41 [3mmid[0m[2m=[0m0.4050 [3mbid_size[0m[2m=[0m346.86 [3mask_size[0m[2m=[0m141.4
[2m2026-04-12T20:17:56.946412Z[0m [34mDEBUG[0m [2mmercury::engine::detector[0m[2m:[0m No arb pairs registered for market — skipping detection [3mmarket_id[0m[2m=[0m39a28b31-a7f7-4e16-b2f1-1e1948be289c
[2m2026-04-12T20:17:56.946517Z[0m [34mDEBUG[0m [2mmercury::engine::market_actor[0m[2m:[0m Tick received — running arb detection [3mmarket_id[0m[2m=[0m39a28b31-a7f7-4e16-b2f1-1e1948be289c [3mplatform[0m[2m=[0mPolymarket [3mbid[0m[2m=[0m0.4 [3mask[0m[2m=[0m0.41 [3mmid[0m[2m=[0m0.4050 [3mbid_size[0m[2m=[0m346.86 [3mask_size[0m[2m=[0m141.4
[2m2026-04-12T20:17:56.946522Z[0m [34mDEBUG[0m [2mmercury::engine::market_actor[0m[2m:[0m Tick received — running arb detection [3mmarket_id[0m[2m=[0m189bf673-b643-45a5-be39-c4a3275d71a0 [3mplatform[0m[2m=[0mPolymarket [3mbid[0m[2m=[0m0.4 [3mask[0m[2m=[0m0.41 [3mmid[0m[2m=[0m0.4050 [3mbid_size[0m[2m=[0m4805.86 [3mask_size[0m[2m=[0m169.54
[2m2026-04-12T20:17:56.946637Z[0m [34mDEBUG[0m [2mmercury::engine::detector[0m[2m:[0m No arb pairs registered for market — skipping detection [3mmarket_id[0m[2m=[0m39a28b31-a7f7-4e16-b2f1-1e1948be289c
[2m2026-04-12T20:17:56.946737Z[0m [34mDEBUG[0m [2mmercury::engine::market_actor[0m[2m:[0m Tick received — running arb detection [3mmarket_id[0m[2m=[0m39a28b31-a7f7-4e16-b2f1-1e1948be289c [3mplatform[0m[2m=[0mPolymarket [3mbid[0m[2m=[0m0.4 [3mask[0m[2m=[0m0.41 [3mmid[0m[2m=[0m0.4050 [3mbid_size[0m[2m=[0m346.86 [3mask_size[0m[2m=[0m141.4
[2m2026-04-12T20:17:56.946753Z[0m [34mDEBUG[0m [2mmercury::engine::detector[0m[2m:[0m No arb pairs registered for market — skipping detection [3mmarket_id[0m[2m=[0m189bf673-b643-45a5-be39-c4a3275d71a0
[2m2026-04-12T20:17:56.946901Z[0m [34mDEBUG[0m [2mmercury::engine::detector[0m[2m:[0m No arb pairs registered for market — skipping detection [3mmarket_id[0m[2m=[0m39a28b31-a7f7-4e16-b2f1-1e1948be289c
[2m2026-04-12T20:17:56.947030Z[0m [34mDEBUG[0m [2mmercury::engine::market_actor[0m[2m:[0m Tick received — running arb detection [3mmarket_id[0m[2m=[0m39a28b31-a7f7-4e16-b2f1-1e1948be289c [3mplatform[0m[2m=[0mPolymarket [3mbid[0m[2m=[0m0.4 [3mask[0m[2m=[0m0.41 [3mmid[0m[2m=[0m0.4050 [3mbid_size[0m[2m=[0m346.86 [3mask_size[0m[2m=[0m141.4
[2m2026-04-12T20:17:56.947155Z[0m [34mDEBUG[0m [2mmercury::engine::detector[0m[2m:[0m No arb pairs registered for market — skipping detection [3mmarket_id[0m[2m=[0m39a28b31-a7f7-4e16-b2f1-1e1948be289c
[2m2026-04-12T20:17:57.054426Z[0m [34mDEBUG[0m [2mmercury::engine::market_actor[0m[2m:[0m Tick received — running arb detection [3mmarket_id[0m[2m=[0m189bf673-b643-45a5-be39-c4a3275d71a0 [3mplatform[0m[2m=[0mPolymarket [3mbid[0m[2m=[0m0.4 [3mask[0m[2m=[0m0.41 [3mmid[0m[2m=[0m0.4050 [3mbid_size[0m[2m=[0m4805.86 [3mask_size[0m[2m=[0m169.54
[2m2026-04-12T20:17:57.054670Z[0m [34mDEBUG[0m [2mmercury::engine::market_actor[0m[2m:[0m Tick received — running arb detection [3mmarket_id[0m[2m=[0mbc548cd4-ced9-48e8-b131-410c92fb3a0e [3mplatform[0m[2m=[0mPolymarket [3mbid[0m[2m=[0m0.45 [3mask[0m[2m=[0m0.46 [3mmid[0m[2m=[0m0.4550 [3mbid_size[0m[2m=[0m6.72 [3mask_size[0m[2m=[0m126.3
[2m2026-04-12T20:17:57.054745Z[0m [34mDEBUG[0m [2mmercury::engine::detector[0m[2m:[0m No arb pairs registered for market — skipping detection [3mmarket_id[0m[2m=[0m189bf673-b643-45a5-be39-c4a3275d71a0
[2m2026-04-12T20:17:57.054902Z[0m [34mDEBUG[0m [2mmercury::engine::detector[0m[2m:[0m No arb pairs registered for market — skipping detection [3mmarket_id[0m[2m=[0mbc548cd4-ced9-48e8-b131-410c92fb3a0e
[2m2026-04-12T20:17:57.054892Z[0m [34mDEBUG[0m [2mmercury::engine::market_actor[0m[2m:[0m Tick received — running arb detection [3mmarket_id[0m[2m=[0m189bf673-b643-45a5-be39-c4a3275d71a0 [3mplatform[0m[2m=[0mPolymarket [3mbid[0m[2m=[0m0.4 [3mask[0m[2m=[0m0.41 [3mmid[0m[2m=[0m0.4050 [3mbid_size[0m[2m=[0m4805.86 [3mask_size[0m[2m=[0m169.54
[2m2026-04-12T20:17:57.055075Z[0m [34mDEBUG[0m [2mmercury::engine::market_actor[0m[2m:[0m Tick received — running arb detection [3mmarket_id[0m[2m=[0mbc548cd4-ced9-48e8-b131-410c92fb3a0e [3mplatform[0m[2m=[0mPolymarket [3mbid[0m[2m=[0m0.45 [3mask[0m[2m=[0m0.46 [3mmid[0m[2m=[0m0.4550 [3mbid_size[0m[2m=[0m6.72 [3mask_size[0m[2m=[0m126.3
[2m2026-04-12T20:17:57.055150Z[0m [34mDEBUG[0m [2mmercury::engine::detector[0m[2m:[0m No arb pairs registered for market — skipping detection [3mmarket_id[0m[2m=[0m189bf673-b643-45a5-be39-c4a3275d71a0
[2m2026-04-12T20:17:57.055286Z[0m [34mDEBUG[0m [2mmercury::engine::market_actor[0m[2m:[0m Tick received — running arb detection [3mmarket_id[0m[2m=[0m189bf673-b643-45a5-be39-c4a3275d71a0 [3mplatform[0m[2m=[0mPolymarket [3mbid[0m[2m=[0m0.4 [3mask[0m[2m=[0m0.41 [3mmid[0m[2m=[0m0.4050 [3mbid_size[0m[2m=[0m4805.86 [3mask_size[0m[2m=[0m169.54
[2m2026-04-12T20:17:57.055323Z[0m [34mDEBUG[0m [2mmercury::engine::detector[0m[2m:[0m No arb pairs registered for market — skipping detection [3mmarket_id[0m[2m=[0mbc548cd4-ced9-48e8-b131-410c92fb3a0e
[2m2026-04-12T20:17:57.055347Z[0m [34mDEBUG[0m [2mmercury::engine::market_actor[0m[2m:[0m Tick received — running arb detection [3mmarket_id[0m[2m=[0m39a28b31-a7f7-4e16-b2f1-1e1948be289c [3mplatform[0m[2m=[0mPolymarket [3mbid[0m[2m=[0m0.4 [3mask[0m[2m=[0m0.41 [3mmid[0m[2m=[0m0.4050 [3mbid_size[0m[2m=[0m346.86 [3mask_size[0m[2m=[0m141.4
[2m2026-04-12T20:17:57.055387Z[0m [34mDEBUG[0m [2mmercury::engine::market_actor[0m[2m:[0m Tick received — running arb detection [3mmarket_id[0m[2m=[0m2285bae6-253b-4085-b0d1-0af34b5530b6 [3mplatform[0m[2m=[0mPolymarket [3mbid[0m[2m=[0m0.37 [3mask[0m[2m=[0m0.41 [3mmid[0m[2m=[0m0.39 [3mbid_size[0m[2m=[0m2.2 [3mask_size[0m[2m=[0m111.64
[2m2026-04-12T20:17:57.055456Z[0m [34mDEBUG[0m [2mmercury::engine::detector[0m[2m:[0m No arb pairs registered for market — skipping detection [3mmarket_id[0m[2m=[0m189bf673-b643-45a5-be39-c4a3275d71a0
[2m2026-04-12T20:17:57.055493Z[0m [34mDEBUG[0m [2mmercury::engine::market_actor[0m[2m:[0m Tick received — running arb detection [3mmarket_id[0m[2m=[0m79e1f598-7189-438f-a66e-b184b04be477 [3mplatform[0m[2m=[0mPolymarket [3mbid[0m[2m=[0m0.49 [3mask[0m[2m=[0m0.5 [3mmid[0m[2m=[0m0.4950 [3mbid_size[0m[2m=[0m17 [3mask_size[0m[2m=[0m100
[2m2026-04-12T20:17:57.055567Z[0m [34mDEBUG[0m [2mmercury::engine::detector[0m[2m:[0m No arb pairs registered for market — skipping detection [3mmarket_id[0m[2m=[0m2285bae6-253b-4085-b0d1-0af34b5530b6
[2m2026-04-12T20:17:57.055582Z[0m [34mDEBUG[0m [2mmercury::engine::market_actor[0m[2m:[0m Tick received — running arb detection [3mmarket_id[0m[2m=[0m189bf673-b643-45a5-be39-c4a3275d71a0 [3mplatform[0m[2m=[0mPolymarket [3mbid[0m[2m=[0m0.4 [3mask[0m[2m=[0m0.41 [3mmid[0m[2m=[0m0.4050 [3mbid_size[0m[2m=[0m4805.86 [3mask_size[0m[2m=[0m169.54
[2m2026-04-12T20:17:57.055710Z[0m [34mDEBUG[0m [2mmercury::engine::detector[0m[2m:[0m No arb pairs registered for market — skipping detection [3mmarket_id[0m[2m=[0m39a28b31-a7f7-4e16-b2f1-1e1948be289c
[2m2026-04-12T20:17:57.055875Z[0m [34mDEBUG[0m [2mmercury::engine::market_actor[0m[2m:[0m Tick received — running arb detection [3mmarket_id[0m[2m=[0m39a28b31-a7f7-4e16-b2f1-1e1948be289c [3mplatform[0m[2m=[0mPolymarket [3mbid[0m[2m=[0m0.4 [3mask[0m[2m=[0m0.41 [3mmid[0m[2m=[0m0.4050 [3mbid_size[0m[2m=[0m346.86 [3mask_size[0m[2m=[0m141.4
[2m2026-04-12T20:17:57.055916Z[0m [34mDEBUG[0m [2mmercury::engine::detector[0m[2m:[0m No arb pairs registered for market — skipping detection [3mmarket_id[0m[2m=[0m79e1f598-7189-438f-a66e-b184b04be477
[2m2026-04-12T20:17:57.056070Z[0m [34mDEBUG[0m [2mmercury::engine::detector[0m[2m:[0m No arb pairs registered for market — skipping detection [3mmarket_id[0m[2m=[0m189bf673-b643-45a5-be39-c4a3275d71a0
[2m2026-04-12T20:17:57.056071Z[0m [34mDEBUG[0m [2mmercury::engine::market_actor[0m[2m:[0m Tick received — running arb detection [3mmarket_id[0m[2m=[0m79e1f598-7189-438f-a66e-b184b04be477 [3mplatform[0m[2m=[0mPolymarket [3mbid[0m[2m=[0m0.49 [3mask[0m[2m=[0m0.5 [3mmid[0m[2m=[0m0.4950 [3mbid_size[0m[2m=[0m17 [3mask_size[0m[2m=[0m100
[2m2026-04-12T20:17:57.056239Z[0m [34mDEBUG[0m [2mmercury::engine::market_actor[0m[2m:[0m Tick received — running arb detection [3mmarket_id[0m[2m=[0m189bf673-b643-45a5-be39-c4a3275d71a0 [3mplatform[0m[2m=[0mPolymarket [3mbid[0m[2m=[0m0.4 [3mask[0m[2m=[0m0.41 [3mmid[0m[2m=[0m0.4050 [3mbid_size[0m[2m=[0m4805.86 [3mask_size[0m[2m=[0m169.54
[2m2026-04-12T20:17:57.056266Z[0m [34mDEBUG[0m [2mmercury::engine::detector[0m[2m:[0m No arb pairs registered for market — skipping detection [3mmarket_id[0m[2m=[0m39a28b31-a7f7-4e16-b2f1-1e1948be289c
[2m2026-04-12T20:17:57.056465Z[0m [34mDEBUG[0m [2mmercury::engine::detector[0m[2m:[0m No arb pairs registered for market — skipping detection [3mmarket_id[0m[2m=[0m79e1f598-7189-438f-a66e-b184b04be477
[2m2026-04-12T20:17:57.056625Z[0m [34mDEBUG[0m [2mmercury::engine::market_actor[0m[2m:[0m Tick received — running arb detection [3mmarket_id[0m[2m=[0m79e1f598-7189-438f-a66e-b184b04be477 [3mplatform[0m[2m=[0mPolymarket [3mbid[0m[2m=[0m0.49 [3mask[0m[2m=[0m0.5 [3mmid[0m[2m=[0m0.4950 [3mbid_size[0m[2m=[0m17 [3mask_size[0m[2m=[0m100
[2m2026-04-12T20:17:57.056655Z[0m [34mDEBUG[0m [2mmercury::engine::detector[0m[2m:[0m No arb pairs registered for market — skipping detection [3mmarket_id[0m[2m=[0m189bf673-b643-45a5-be39-c4a3275d71a0
[2m2026-04-12T20:17:57.056798Z[0m [34mDEBUG[0m [2mmercury::engine::detector[0m[2m:[0m No arb pairs registered for market — skipping detection [3mmarket_id[0m[2m=[0m79e1f598-7189-438f-a66e-b184b04be477
[2m2026-04-12T20:17:57.056827Z[0m [34mDEBUG[0m [2mmercury::engine::market_actor[0m[2m:[0m Tick received — running arb detection [3mmarket_id[0m[2m=[0m189bf673-b643-45a5-be39-c4a3275d71a0 [3mplatform[0m[2m=[0mPolymarket [3mbid[0m[2m=[0m0.4 [3mask[0m[2m=[0m0.41 [3mmid[0m[2m=[0m0.4050 [3mbid_size[0m[2m=[0m4805.86 [3mask_size[0m[2m=[0m169.54
[2m2026-04-12T20:17:57.056922Z[0m [34mDEBUG[0m [2mmercury::engine::market_actor[0m[2m:[0m Tick received — running arb detection [3mmarket_id[0m[2m=[0m79e1f598-7189-438f-a66e-b184b04be477 [3mplatform[0m[2m=[0mPolymarket [3mbid[0m[2m=[0m0.49 [3mask[0m[2m=[0m0.5 [3mmid[0m[2m=[0m0.4950 [3mbid_size[0m[2m=[0m17 [3mask_size[0m[2m=[0m100
[2m2026-04-12T20:17:57.056950Z[0m [34mDEBUG[0m [2mmercury::engine::market_actor[0m[2m:[0m Tick received — running arb detection [3mmarket_id[0m[2m=[0m39a28b31-a7f7-4e16-b2f1-1e1948be289c [3mplatform[0m[2m=[0mPolymarket [3mbid[0m[2m=[0m0.4 [3mask[0m[2m=[0m0.41 [3mmid[0m[2m=[0m0.4050 [3mbid_size[0m[2m=[0m346.86 [3mask_size[0m[2m=[0m141.4
[2m2026-04-12T20:17:57.056993Z[0m [34mDEBUG[0m [2mmercury::engine::detector[0m[2m:[0m No arb pairs registered for market — skipping detection [3mmarket_id[0m[2m=[0m189bf673-b643-45a5-be39-c4a3275d71a0
[2m2026-04-12T20:17:57.057042Z[0m [34mDEBUG[0m [2mmercury::engine::market_actor[0m[2m:[0m Tick received — running arb detection [3mmarket_id[0m[2m=[0mbc548cd4-ced9-48e8-b131-410c92fb3a0e [3mplatform[0m[2m=[0mPolymarket [3mbid[0m[2m=[0m0.45 [3mask[0m[2m=[0m0.46 [3mmid[0m[2m=[0m0.4550 [3mbid_size[0m[2m=[0m6.72 [3mask_size[0m[2m=[0m126.3
[2m2026-04-12T20:17:57.057129Z[0m [34mDEBUG[0m [2mmercury::engine::detector[0m[2m:[0m No arb pairs registered for market — skipping detection [3mmarket_id[0m[2m=[0m39a28b31-a7f7-4e16-b2f1-1e1948be289c
[2m2026-04-12T20:17:57.057144Z[0m [34mDEBUG[0m [2mmercury::engine::market_actor[0m[2m:[0m Tick received — running arb detection [3mmarket_id[0m[2m=[0m189bf673-b643-45a5-be39-c4a3275d71a0 [3mplatform[0m[2m=[0mPolymarket [3mbid[0m[2m=[0m0.4 [3mask[0m[2m=[0m0.41 [3mmid[0m[2m=[0m0.4050 [3mbid_size[0m[2m=[0m4805.86 [3mask_size[0m[2m=[0m169.54
[2m2026-04-12T20:17:57.057294Z[0m [34mDEBUG[0m [2mmercury::engine::detector[0m[2m:[0m No arb pairs registered for market — skipping detection [3mmarket_id[0m[2m=[0m79e1f598-7189-438f-a66e-b184b04be477
[2m2026-04-12T20:17:57.057439Z[0m [34mDEBUG[0m [2mmercury::engine::detector[0m[2m:[0m No arb pairs registered for market — skipping detection [3mmarket_id[0m[2m=[0m189bf673-b643-45a5-be39-c4a3275d71a0
[2m2026-04-12T20:17:57.057563Z[0m [34mDEBUG[0m [2mmercury::engine::market_actor[0m[2m:[0m Tick received — running arb detection [3mmarket_id[0m[2m=[0m189bf673-b643-45a5-be39-c4a3275d71a0 [3mplatform[0m[2m=[0mPolymarket [3mbid[0m[2m=[0m0.4 [3mask[0m[2m=[0m0.41 [3mmid[0m[2m=[0m0.4050 [3mbid_size[0m[2m=[0m4805.86 [3mask_size[0m[2m=[0m169.54
[2m2026-04-12T20:17:57.057587Z[0m [34mDEBUG[0m [2mmercury::engine::detector[0m[2m:[0m No arb pairs registered for market — skipping detection [3mmarket_id[0m[2m=[0mbc548cd4-ced9-48e8-b131-410c92fb3a0e
[2m2026-04-12T20:17:57.057736Z[0m [34mDEBUG[0m [2mmercury::engine::detector[0m[2m:[0m No arb pairs registered for market — skipping detection [3mmarket_id[0m[2m=[0m189bf673-b643-45a5-be39-c4a3275d71a0
[2m2026-04-12T20:17:57.115763Z[0m [32m INFO[0m [2mmercury::feeds::discovery[0m[2m:[0m Polymarket general markets fetched [3mcount[0m[2m=[0m63
[2m2026-04-12T20:17:57.155646Z[0m [34mDEBUG[0m [2mmercury::engine::market_actor[0m[2m:[0m Tick received — running arb detection [3mmarket_id[0m[2m=[0m189bf673-b643-45a5-be39-c4a3275d71a0 [3mplatform[0m[2m=[0mPolymarket [3mbid[0m[2m=[0m0.4 [3mask[0m[2m=[0m0.41 [3mmid[0m[2m=[0m0.4050 [3mbid_size[0m[2m=[0m4805.86 [3mask_size[0m[2m=[0m169.54
[2m2026-04-12T20:17:57.155891Z[0m [34mDEBUG[0m [2mmercury::engine::detector[0m[2m:[0m No arb pairs registered for market — skipping detection [3mmarket_id[0m[2m=[0m189bf673-b643-45a5-be39-c4a3275d71a0
[2m2026-04-12T20:17:57.155985Z[0m [34mDEBUG[0m [2mmercury::engine::market_actor[0m[2m:[0m Tick received — running arb detection [3mmarket_id[0m[2m=[0mbc548cd4-ced9-48e8-b131-410c92fb3a0e [3mplatform[0m[2m=[0mPolymarket [3mbid[0m[2m=[0m0.45 [3mask[0m[2m=[0m0.46 [3mmid[0m[2m=[0m0.4550 [3mbid_size[0m[2m=[0m6.72 [3mask_size[0m[2m=[0m126.3
[2m2026-04-12T20:17:57.156017Z[0m [34mDEBUG[0m [2mmercury::engine::market_actor[0m[2m:[0m Tick received — running arb detection [3mmarket_id[0m[2m=[0m39a28b31-a7f7-4e16-b2f1-1e1948be289c [3mplatform[0m[2m=[0mPolymarket [3mbid[0m[2m=[0m0.4 [3mask[0m[2m=[0m0.41 [3mmid[0m[2m=[0m0.4050 [3mbid_size[0m[2m=[0m346.86 [3mask_size[0m[2m=[0m141.4
[2m2026-04-12T20:17:57.156035Z[0m [34mDEBUG[0m [2mmercury::engine::market_actor[0m[2m:[0m Tick received — running arb detection [3mmarket_id[0m[2m=[0m189bf673-b643-45a5-be39-c4a3275d71a0 [3mplatform[0m[2m=[0mPolymarket [3mbid[0m[2m=[0m0.4 [3mask[0m[2m=[0m0.41 [3mmid[0m[2m=[0m0.4050 [3mbid_size[0m[2m=[0m4805.86 [3mask_size[0m[2m=[0m169.54
[2m2026-04-12T20:17:57.156177Z[0m [34mDEBUG[0m [2mmercury::engine::detector[0m[2m:[0m No arb pairs registered for market — skipping detection [3mmarket_id[0m[2m=[0mbc548cd4-ced9-48e8-b131-410c92fb3a0e
[2m2026-04-12T20:17:57.156205Z[0m [34mDEBUG[0m [2mmercury::engine::market_actor[0m[2m:[0m Tick received — running arb detection [3mmarket_id[0m[2m=[0m2285bae6-253b-4085-b0d1-0af34b5530b6 [3mplatform[0m[2m=[0mPolymarket [3mbid[0m[2m=[0m0.37 [3mask[0m[2m=[0m0.41 [3mmid[0m[2m=[0m0.39 [3mbid_size[0m[2m=[0m2.2 [3mask_size[0m[2m=[0m111.64
[2m2026-04-12T20:17:57.156321Z[0m [34mDEBUG[0m [2mmercury::engine::detector[0m[2m:[0m No arb pairs registered for market — skipping detection [3mmarket_id[0m[2m=[0m39a28b31-a7f7-4e16-b2f1-1e1948be289c
[2m2026-04-12T20:17:57.156480Z[0m [34mDEBUG[0m [2mmercury::engine::detector[0m[2m:[0m No arb pairs registered for market — skipping detection [3mmarket_id[0m[2m=[0m189bf673-b643-45a5-be39-c4a3275d71a0
[2m2026-04-12T20:17:57.156667Z[0m [34mDEBUG[0m [2mmercury::engine::detector[0m[2m:[0m No arb pairs registered for market — skipping detection [3mmarket_id[0m[2m=[0m2285bae6-253b-4085-b0d1-0af34b5530b6
[2m2026-04-12T20:17:57.157157Z[0m [34mDEBUG[0m [2mmercury::engine::market_actor[0m[2m:[0m Tick received — running arb detection [3mmarket_id[0m[2m=[0m189bf673-b643-45a5-be39-c4a3275d71a0 [3mplatform[0m[2m=[0mPolymarket [3mbid[0m[2m=[0m0.4 [3mask[0m[2m=[0m0.41 [3mmid[0m[2m=[0m0.4050 [3mbid_size[0m[2m=[0m4805.86 [3mask_size[0m[2m=[0m169.54
[2m2026-04-12T20:17:57.157348Z[0m [34mDEBUG[0m [2mmercury::engine::detector[0m[2m:[0m No arb pairs registered for market — skipping detection [3mmarket_id[0m[2m=[0m189bf673-b643-45a5-be39-c4a3275d71a0
[2m2026-04-12T20:17:57.157375Z[0m [34mDEBUG[0m [2mmercury::engine::market_actor[0m[2m:[0m Tick received — running arb detection [3mmarket_id[0m[2m=[0m2285bae6-253b-4085-b0d1-0af34b5530b6 [3mplatform[0m[2m=[0mPolymarket [3mbid[0m[2m=[0m0.37 [3mask[0m[2m=[0m0.41 [3mmid[0m[2m=[0m0.39 [3mbid_size[0m[2m=[0m2.2 [3mask_size[0m[2m=[0m111.64
[2m2026-04-12T20:17:57.157480Z[0m [34mDEBUG[0m [2mmercury::engine::market_actor[0m[2m:[0m Tick received — running arb detection [3mmarket_id[0m[2m=[0m189bf673-b643-45a5-be39-c4a3275d71a0 [3mplatform[0m[2m=[0mPolymarket [3mbid[0m[2m=[0m0.4 [3mask[0m[2m=[0m0.41 [3mmid[0m[2m=[0m0.4050 [3mbid_size[0m[2m=[0m4805.86 [3mask_size[0m[2m=[0m169.54
[2m2026-04-12T20:17:57.157562Z[0m [34mDEBUG[0m [2mmercury::engine::detector[0m[2m:[0m No arb pairs registered for market — skipping detection [3mmarket_id[0m[2m=[0m2285bae6-253b-4085-b0d1-0af34b5530b6
[2m2026-04-12T20:17:57.157702Z[0m [34mDEBUG[0m [2mmercury::engine::detector[0m[2m:[0m No arb pairs registered for market — skipping detection [3mmarket_id[0m[2m=[0m189bf673-b643-45a5-be39-c4a3275d71a0
[2m2026-04-12T20:17:57.199318Z[0m [34mDEBUG[0m [2mmercury::engine::market_actor[0m[2m:[0m Tick received — running arb detection [3mmarket_id[0m[2m=[0m189bf673-b643-45a5-be39-c4a3275d71a0 [3mplatform[0m[2m=[0mPolymarket [3mbid[0m[2m=[0m0.4 [3mask[0m[2m=[0m0.41 [3mmid[0m[2m=[0m0.4050 [3mbid_size[0m[2m=[0m4805.86 [3mask_size[0m[2m=[0m169.54
[2m2026-04-12T20:17:57.199496Z[0m [34mDEBUG[0m [2mmercury::engine::detector[0m[2m:[0m No arb pairs registered for market — skipping detection [3mmarket_id[0m[2m=[0m189bf673-b643-45a5-be39-c4a3275d71a0
[2m2026-04-12T20:17:57.199580Z[0m [34mDEBUG[0m [2mmercury::engine::market_actor[0m[2m:[0m Tick received — running arb detection [3mmarket_id[0m[2m=[0m189bf673-b643-45a5-be39-c4a3275d71a0 [3mplatform[0m[2m=[0mPolymarket [3mbid[0m[2m=[0m0.4 [3mask[0m[2m=[0m0.41 [3mmid[0m[2m=[0m0.4050 [3mbid_size[0m[2m=[0m4805.86 [3mask_size[0m[2m=[0m169.54
[2m2026-04-12T20:17:57.199682Z[0m [34mDEBUG[0m [2mmercury::engine::detector[0m[2m:[0m No arb pairs registered for market — skipping detection [3mmarket_id[0m[2m=[0m189bf673-b643-45a5-be39-c4a3275d71a0
[2m2026-04-12T20:17:57.251991Z[0m [34mDEBUG[0m [2mmercury::engine::market_actor[0m[2m:[0m Tick received — running arb detection [3mmarket_id[0m[2m=[0m189bf673-b643-45a5-be39-c4a3275d71a0 [3mplatform[0m[2m=[0mPolymarket [3mbid[0m[2m=[0m0.4 [3mask[0m[2m=[0m0.41 [3mmid[0m[2m=[0m0.4050 [3mbid_size[0m[2m=[0m4805.86 [3mask_size[0m[2m=[0m169.54
[2m2026-04-12T20:17:57.252355Z[0m [34mDEBUG[0m [2mmercury::engine::detector[0m[2m:[0m No arb pairs registered for market — skipping detection [3mmarket_id[0m[2m=[0m189bf673-b643-45a5-be39-c4a3275d71a0
[2m2026-04-12T20:17:57.256472Z[0m [34mDEBUG[0m [2mmercury::engine::market_actor[0m[2m:[0m Tick received — running arb detection [3mmarket_id[0m[2m=[0m2285bae6-253b-4085-b0d1-0af34b5530b6 [3mplatform[0m[2m=[0mPolymarket [3mbid[0m[2m=[0m0.37 [3mask[0m[2m=[0m0.41 [3mmid[0m[2m=[0m0.39 [3mbid_size[0m[2m=[0m2.2 [3mask_size[0m[2m=[0m111.64
[2m2026-04-12T20:17:57.256628Z[0m [34mDEBUG[0m [2mmercury::engine::detector[0m[2m:[0m No arb pairs registered for market — skipping detection [3mmarket_id[0m[2m=[0m2285bae6-253b-4085-b0d1-0af34b5530b6
[2m2026-04-12T20:17:57.300299Z[0m [34mDEBUG[0m [2mmercury::engine::market_actor[0m[2m:[0m Tick received — running arb detection [3mmarket_id[0m[2m=[0m189bf673-b643-45a5-be39-c4a3275d71a0 [3mplatform[0m[2m=[0mPolymarket [3mbid[0m[2m=[0m0.4 [3mask[0m[2m=[0m0.41 [3mmid[0m[2m=[0m0.4050 [3mbid_size[0m[2m=[0m4805.86 [3mask_size[0m[2m=[0m169.54
[2m2026-04-12T20:17:57.300492Z[0m [34mDEBUG[0m [2mmercury::engine::detector[0m[2m:[0m No arb pairs registered for market — skipping detection [3mmarket_id[0m[2m=[0m189bf673-b643-45a5-be39-c4a3275d71a0
[2m2026-04-12T20:17:57.350300Z[0m [34mDEBUG[0m [2mmercury::engine::market_actor[0m[2m:[0m Tick received — running arb detection [3mmarket_id[0m[2m=[0m189bf673-b643-45a5-be39-c4a3275d71a0 [3mplatform[0m[2m=[0mPolymarket [3mbid[0m[2m=[0m0.4 [3mask[0m[2m=[0m0.41 [3mmid[0m[2m=[0m0.4050 [3mbid_size[0m[2m=[0m4805.86 [3mask_size[0m[2m=[0m169.54
[2m2026-04-12T20:17:57.350548Z[0m [34mDEBUG[0m [2mmercury::engine::detector[0m[2m:[0m No arb pairs registered for market — skipping detection [3mmarket_id[0m[2m=[0m189bf673-b643-45a5-be39-c4a3275d71a0
[2m2026-04-12T20:17:57.350683Z[0m [34mDEBUG[0m [2mmercury::engine::market_actor[0m[2m:[0m Tick received — running arb detection [3mmarket_id[0m[2m=[0m189bf673-b643-45a5-be39-c4a3275d71a0 [3mplatform[0m[2m=[0mPolymarket [3mbid[0m[2m=[0m0.4 [3mask[0m[2m=[0m0.41 [3mmid[0m[2m=[0m0.4050 [3mbid_size[0m[2m=[0m4800.86 [3mask_size[0m[2m=[0m169.54
[2m2026-04-12T20:17:57.350842Z[0m [34mDEBUG[0m [2mmercury::engine::detector[0m[2m:[0m No arb pairs registered for market — skipping detection [3mmarket_id[0m[2m=[0m189bf673-b643-45a5-be39-c4a3275d71a0
[2m2026-04-12T20:17:57.350965Z[0m [34mDEBUG[0m [2mmercury::engine::market_actor[0m[2m:[0m Tick received — running arb detection [3mmarket_id[0m[2m=[0m189bf673-b643-45a5-be39-c4a3275d71a0 [3mplatform[0m[2m=[0mPolymarket [3mbid[0m[2m=[0m0.4 [3mask[0m[2m=[0m0.41 [3mmid[0m[2m=[0m0.4050 [3mbid_size[0m[2m=[0m4800.86 [3mask_size[0m[2m=[0m169.54
[2m2026-04-12T20:17:57.351119Z[0m [34mDEBUG[0m [2mmercury::engine::detector[0m[2m:[0m No arb pairs registered for market — skipping detection [3mmarket_id[0m[2m=[0m189bf673-b643-45a5-be39-c4a3275d71a0
[2m2026-04-12T20:17:57.351247Z[0m [34mDEBUG[0m [2mmercury::engine::market_actor[0m[2m:[0m Tick received — running arb detection [3mmarket_id[0m[2m=[0m189bf673-b643-45a5-be39-c4a3275d71a0 [3mplatform[0m[2m=[0mPolymarket [3mbid[0m[2m=[0m0.4 [3mask[0m[2m=[0m0.41 [3mmid[0m[2m=[0m0.4050 [3mbid_size[0m[2m=[0m4800.86 [3mask_size[0m[2m=[0m169.54
[2m2026-04-12T20:17:57.351402Z[0m [34mDEBUG[0m [2mmercury::engine::detector[0m[2m:[0m No arb pairs registered for market — skipping detection [3mmarket_id[0m[2m=[0m189bf673-b643-45a5-be39-c4a3275d71a0
[2m2026-04-12T20:17:57.351520Z[0m [34mDEBUG[0m [2mmercury::engine::market_actor[0m[2m:[0m Tick received — running arb detection [3mmarket_id[0m[2m=[0m189bf673-b643-45a5-be39-c4a3275d71a0 [3mplatform[0m[2m=[0mPolymarket [3mbid[0m[2m=[0m0.4 [3mask[0m[2m=[0m0.41 [3mmid[0m[2m=[0m0.4050 [3mbid_size[0m[2m=[0m4800.86 [3mask_size[0m[2m=[0m169.54
[2m2026-04-12T20:17:57.351674Z[0m [34mDEBUG[0m [2mmercury::engine::detector[0m[2m:[0m No arb pairs registered for market — skipping detection [3mmarket_id[0m[2m=[0m189bf673-b643-45a5-be39-c4a3275d71a0
[2m2026-04-12T20:17:57.351791Z[0m [34mDEBUG[0m [2mmercury::engine::market_actor[0m[2m:[0m Tick received — running arb detection [3mmarket_id[0m[2m=[0m189bf673-b643-45a5-be39-c4a3275d71a0 [3mplatform[0m[2m=[0mPolymarket [3mbid[0m[2m=[0m0.4 [3mask[0m[2m=[0m0.41 [3mmid[0m[2m=[0m0.4050 [3mbid_size[0m[2m=[0m4800.86 [3mask_size[0m[2m=[0m169.54
[2m2026-04-12T20:17:57.351949Z[0m [34mDEBUG[0m [2mmercury::engine::detector[0m[2m:[0m No arb pairs registered for market — skipping detection [3mmarket_id[0m[2m=[0m189bf673-b643-45a5-be39-c4a3275d71a0
[2m2026-04-12T20:17:57.352076Z[0m [34mDEBUG[0m [2mmercury::engine::market_actor[0m[2m:[0m Tick received — running arb detection [3mmarket_id[0m[2m=[0m189bf673-b643-45a5-be39-c4a3275d71a0 [3mplatform[0m[2m=[0mPolymarket [3mbid[0m[2m=[0m0.4 [3mask[0m[2m=[0m0.41 [3mmid[0m[2m=[0m0.4050 [3mbid_size[0m[2m=[0m4800.86 [3mask_size[0m[2m=[0m169.54
[2m2026-04-12T20:17:57.352229Z[0m [34mDEBUG[0m [2mmercury::engine::detector[0m[2m:[0m No arb pairs registered for market — skipping detection [3mmarket_id[0m[2m=[0m189bf673-b643-45a5-be39-c4a3275d71a0
[2m2026-04-12T20:17:57.352345Z[0m [34mDEBUG[0m [2mmercury::engine::market_actor[0m[2m:[0m Tick received — running arb detection [3mmarket_id[0m[2m=[0m189bf673-b643-45a5-be39-c4a3275d71a0 [3mplatform[0m[2m=[0mPolymarket [3mbid[0m[2m=[0m0.4 [3mask[0m[2m=[0m0.41 [3mmid[0m[2m=[0m0.4050 [3mbid_size[0m[2m=[0m4800.86 [3mask_size[0m[2m=[0m169.54
[2m2026-04-12T20:17:57.352496Z[0m [34mDEBUG[0m [2mmercury::engine::detector[0m[2m:[0m No arb pairs registered for market — skipping detection [3mmarket_id[0m[2m=[0m189bf673-b643-45a5-be39-c4a3275d71a0
[2m2026-04-12T20:17:57.352614Z[0m [34mDEBUG[0m [2mmercury::engine::market_actor[0m[2m:[0m Tick received — running arb detection [3mmarket_id[0m[2m=[0m189bf673-b643-45a5-be39-c4a3275d71a0 [3mplatform[0m[2m=[0mPolymarket [3mbid[0m[2m=[0m0.4 [3mask[0m[2m=[0m0.41 [3mmid[0m[2m=[0m0.4050 [3mbid_size[0m[2m=[0m4800.86 [3mask_size[0m[2m=[0m169.54
[2m2026-04-12T20:17:57.352766Z[0m [34mDEBUG[0m [2mmercury::engine::detector[0m[2m:[0m No arb pairs registered for market — skipping detection [3mmarket_id[0m[2m=[0m189bf673-b643-45a5-be39-c4a3275d71a0
[2m2026-04-12T20:17:57.352881Z[0m [34mDEBUG[0m [2mmercury::engine::market_actor[0m[2m:[0m Tick received — running arb detection [3mmarket_id[0m[2m=[0m189bf673-b643-45a5-be39-c4a3275d71a0 [3mplatform[0m[2m=[0mPolymarket [3mbid[0m[2m=[0m0.4 [3mask[0m[2m=[0m0.41 [3mmid[0m[2m=[0m0.4050 [3mbid_size[0m[2m=[0m4800.86 [3mask_size[0m[2m=[0m169.54
[2m2026-04-12T20:17:57.352998Z[0m [34mDEBUG[0m [2mmercury::engine::detector[0m[2m:[0m No arb pairs registered for market — skipping detection [3mmarket_id[0m[2m=[0m189bf673-b643-45a5-be39-c4a3275d71a0
[2m2026-04-12T20:17:57.353092Z[0m [34mDEBUG[0m [2mmercury::engine::market_actor[0m[2m:[0m Tick received — running arb detection [3mmarket_id[0m[2m=[0m189bf673-b643-45a5-be39-c4a3275d71a0 [3mplatform[0m[2m=[0mPolymarket [3mbid[0m[2m=[0m0.4 [3mask[0m[2m=[0m0.41 [3mmid[0m[2m=[0m0.4050 [3mbid_size[0m[2m=[0m4800.86 [3mask_size[0m[2m=[0m169.54
[2m2026-04-12T20:17:57.353210Z[0m [34mDEBUG[0m [2mmercury::engine::detector[0m[2m:[0m No arb pairs registered for market — skipping detection [3mmarket_id[0m[2m=[0m189bf673-b643-45a5-be39-c4a3275d71a0
[2m2026-04-12T20:17:57.353303Z[0m [34mDEBUG[0m [2mmercury::engine::market_actor[0m[2m:[0m Tick received — running arb detection [3mmarket_id[0m[2m=[0m189bf673-b643-45a5-be39-c4a3275d71a0 [3mplatform[0m[2m=[0mPolymarket [3mbid[0m[2m=[0m0.4 [3mask[0m[2m=[0m0.41 [3mmid[0m[2m=[0m0.4050 [3mbid_size[0m[2m=[0m4800.86 [3mask_size[0m[2m=[0m169.54
[2m2026-04-12T20:17:57.353420Z[0m [34mDEBUG[0m [2mmercury::engine::detector[0m[2m:[0m No arb pairs registered for market — skipping detection [3mmarket_id[0m[2m=[0m189bf673-b643-45a5-be39-c4a3275d71a0
[2m2026-04-12T20:17:57.353514Z[0m [34mDEBUG[0m [2mmercury::engine::market_actor[0m[2m:[0m Tick received — running arb detection [3mmarket_id[0m[2m=[0m189bf673-b643-45a5-be39-c4a3275d71a0 [3mplatform[0m[2m=[0mPolymarket [3mbid[0m[2m=[0m0.4 [3mask[0m[2m=[0m0.41 [3mmid[0m[2m=[0m0.4050 [3mbid_size[0m[2m=[0m4800.86 [3mask_size[0m[2m=[0m169.54
[2m2026-04-12T20:17:57.353631Z[0m [34mDEBUG[0m [2mmercury::engine::detector[0m[2m:[0m No arb pairs registered for market — skipping detection [3mmarket_id[0m[2m=[0m189bf673-b643-45a5-be39-c4a3275d71a0
[2m2026-04-12T20:17:57.353727Z[0m [34mDEBUG[0m [2mmercury::engine::market_actor[0m[2m:[0m Tick received — running arb detection [3mmarket_id[0m[2m=[0m189bf673-b643-45a5-be39-c4a3275d71a0 [3mplatform[0m[2m=[0mPolymarket [3mbid[0m[2m=[0m0.4 [3mask[0m[2m=[0m0.41 [3mmid[0m[2m=[0m0.4050 [3mbid_size[0m[2m=[0m4800.86 [3mask_size[0m[2m=[0m169.54
[2m2026-04-12T20:17:57.353844Z[0m [34mDEBUG[0m [2mmercury::engine::detector[0m[2m:[0m No arb pairs registered for market — skipping detection [3mmarket_id[0m[2m=[0m189bf673-b643-45a5-be39-c4a3275d71a0
[2m2026-04-12T20:17:57.353937Z[0m [34mDEBUG[0m [2mmercury::engine::market_actor[0m[2m:[0m Tick received — running arb detection [3mmarket_id[0m[2m=[0m189bf673-b643-45a5-be39-c4a3275d71a0 [3mplatform[0m[2m=[0mPolymarket [3mbid[0m[2m=[0m0.4 [3mask[0m[2m=[0m0.41 [3mmid[0m[2m=[0m0.4050 [3mbid_size[0m[2m=[0m4800.86 [3mask_size[0m[2m=[0m169.54
[2m2026-04-12T20:17:57.354054Z[0m [34mDEBUG[0m [2mmercury::engine::detector[0m[2m:[0m No arb pairs registered for market — skipping detection [3mmarket_id[0m[2m=[0m189bf673-b643-45a5-be39-c4a3275d71a0
[2m2026-04-12T20:17:57.354147Z[0m [34mDEBUG[0m [2mmercury::engine::market_actor[0m[2m:[0m Tick received — running arb detection [3mmarket_id[0m[2m=[0m189bf673-b643-45a5-be39-c4a3275d71a0 [3mplatform[0m[2m=[0mPolymarket [3mbid[0m[2m=[0m0.4 [3mask[0m[2m=[0m0.41 [3mmid[0m[2m=[0m0.4050 [3mbid_size[0m[2m=[0m4800.86 [3mask_size[0m[2m=[0m169.54
[2m2026-04-12T20:17:57.354263Z[0m [34mDEBUG[0m [2mmercury::engine::detector[0m[2m:[0m No arb pairs registered for market — skipping detection [3mmarket_id[0m[2m=[0m189bf673-b643-45a5-be39-c4a3275d71a0
[2m2026-04-12T20:17:57.354358Z[0m [34mDEBUG[0m [2mmercury::engine::market_actor[0m[2m:[0m Tick received — running arb detection [3mmarket_id[0m[2m=[0m189bf673-b643-45a5-be39-c4a3275d71a0 [3mplatform[0m[2m=[0mPolymarket [3mbid[0m[2m=[0m0.4 [3mask[0m[2m=[0m0.41 [3mmid[0m[2m=[0m0.4050 [3mbid_size[0m[2m=[0m4800.86 [3mask_size[0m[2m=[0m169.54
[2m2026-04-12T20:17:57.354475Z[0m [34mDEBUG[0m [2mmercury::engine::detector[0m[2m:[0m No arb pairs registered for market — skipping detection [3mmarket_id[0m[2m=[0m189bf673-b643-45a5-be39-c4a3275d71a0
[2m2026-04-12T20:17:57.354568Z[0m [34mDEBUG[0m [2mmercury::engine::market_actor[0m[2m:[0m Tick received — running arb detection [3mmarket_id[0m[2m=[0m189bf673-b643-45a5-be39-c4a3275d71a0 [3mplatform[0m[2m=[0mPolymarket [3mbid[0m[2m=[0m0.4 [3mask[0m[2m=[0m0.41 [3mmid[0m[2m=[0m0.4050 [3mbid_size[0m[2m=[0m4800.86 [3mask_size[0m[2m=[0m169.54
[2m2026-04-12T20:17:57.354684Z[0m [34mDEBUG[0m [2mmercury::engine::detector[0m[2m:[0m No arb pairs registered for market — skipping detection [3mmarket_id[0m[2m=[0m189bf673-b643-45a5-be39-c4a3275d71a0
[2m2026-04-12T20:17:57.354773Z[0m [34mDEBUG[0m [2mmercury::engine::market_actor[0m[2m:[0m Tick received — running arb detection [3mmarket_id[0m[2m=[0m189bf673-b643-45a5-be39-c4a3275d71a0 [3mplatform[0m[2m=[0mPolymarket [3mbid[0m[2m=[0m0.4 [3mask[0m[2m=[0m0.41 [3mmid[0m[2m=[0m0.4050 [3mbid_size[0m[2m=[0m4800.86 [3mask_size[0m[2m=[0m169.54
[2m2026-04-12T20:17:57.354889Z[0m [34mDEBUG[0m [2mmercury::engine::detector[0m[2m:[0m No arb pairs registered for market — skipping detection [3mmarket_id[0m[2m=[0m189bf673-b643-45a5-be39-c4a3275d71a0
[2m2026-04-12T20:17:57.354983Z[0m [34mDEBUG[0m [2mmercury::engine::market_actor[0m[2m:[0m Tick received — running arb detection [3mmarket_id[0m[2m=[0m189bf673-b643-45a5-be39-c4a3275d71a0 [3mplatform[0m[2m=[0mPolymarket [3mbid[0m[2m=[0m0.4 [3mask[0m[2m=[0m0.41 [3mmid[0m[2m=[0m0.4050 [3mbid_size[0m[2m=[0m4800.86 [3mask_size[0m[2m=[0m169.54
[2m2026-04-12T20:17:57.355101Z[0m [34mDEBUG[0m [2mmercury::engine::detector[0m[2m:[0m No arb pairs registered for market — skipping detection [3mmarket_id[0m[2m=[0m189bf673-b643-45a5-be39-c4a3275d71a0
[2m2026-04-12T20:17:57.396628Z[0m [34mDEBUG[0m [2mmercury::feeds::polymarket[0m[2m:[0m Unknown Polymarket event type [3mevent_type[0m[2m=[0mbest_bid_ask
[2m2026-04-12T20:17:57.396855Z[0m [34mDEBUG[0m [2mmercury::engine::market_actor[0m[2m:[0m Tick received — running arb detection [3mmarket_id[0m[2m=[0m189bf673-b643-45a5-be39-c4a3275d71a0 [3mplatform[0m[2m=[0mPolymarket [3mbid[0m[2m=[0m0.4 [3mask[0m[2m=[0m0.41 [3mmid[0m[2m=[0m0.4050 [3mbid_size[0m[2m=[0m4800.86 [3mask_size[0m[2m=[0m169.54
[2m2026-04-12T20:17:57.397131Z[0m [34mDEBUG[0m [2mmercury::engine::detector[0m[2m:[0m No arb pairs registered for market — skipping detection [3mmarket_id[0m[2m=[0m189bf673-b643-45a5-be39-c4a3275d71a0
[2m2026-04-12T20:17:57.397288Z[0m [34mDEBUG[0m [2mmercury::engine::market_actor[0m[2m:[0m Tick received — running arb detection [3mmarket_id[0m[2m=[0m39a28b31-a7f7-4e16-b2f1-1e1948be289c [3mplatform[0m[2m=[0mPolymarket [3mbid[0m[2m=[0m0.4 [3mask[0m[2m=[0m0.41 [3mmid[0m[2m=[0m0.4050 [3mbid_size[0m[2m=[0m338.59 [3mask_size[0m[2m=[0m141.4
[2m2026-04-12T20:17:57.397483Z[0m [34mDEBUG[0m [2mmercury::engine::detector[0m[2m:[0m No arb pairs registered for market — skipping detection [3mmarket_id[0m[2m=[0m39a28b31-a7f7-4e16-b2f1-1e1948be289c
[2m2026-04-12T20:17:57.397878Z[0m [34mDEBUG[0m [2mmercury::engine::market_actor[0m[2m:[0m Tick received — running arb detection [3mmarket_id[0m[2m=[0m39a28b31-a7f7-4e16-b2f1-1e1948be289c [3mplatform[0m[2m=[0mPolymarket [3mbid[0m[2m=[0m0.4 [3mask[0m[2m=[0m0.41 [3mmid[0m[2m=[0m0.4050 [3mbid_size[0m[2m=[0m338.59 [3mask_size[0m[2m=[0m141.4
[2m2026-04-12T20:17:57.398065Z[0m [34mDEBUG[0m [2mmercury::engine::detector[0m[2m:[0m No arb pairs registered for market — skipping detection [3mmarket_id[0m[2m=[0m39a28b31-a7f7-4e16-b2f1-1e1948be289c
[2m2026-04-12T20:17:57.452590Z[0m [34mDEBUG[0m [2mmercury::engine::market_actor[0m[2m:[0m Tick received — running arb detection [3mmarket_id[0m[2m=[0m189bf673-b643-45a5-be39-c4a3275d71a0 [3mplatform[0m[2m=[0mPolymarket [3mbid[0m[2m=[0m0.4 [3mask[0m[2m=[0m0.41 [3mmid[0m[2m=[0m0.4050 [3mbid_size[0m[2m=[0m4800.86 [3mask_size[0m[2m=[0m169.54
[2m2026-04-12T20:17:57.452834Z[0m [34mDEBUG[0m [2mmercury::engine::detector[0m[2m:[0m No arb pairs registered for market — skipping detection [3mmarket_id[0m[2m=[0m189bf673-b643-45a5-be39-c4a3275d71a0
[2m2026-04-12T20:17:57.634118Z[0m [34mDEBUG[0m [2mmercury::engine::market_actor[0m[2m:[0m Tick received — running arb detection [3mmarket_id[0m[2m=[0m39a28b31-a7f7-4e16-b2f1-1e1948be289c [3mplatform[0m[2m=[0mPolymarket [3mbid[0m[2m=[0m0.4 [3mask[0m[2m=[0m0.41 [3mmid[0m[2m=[0m0.4050 [3mbid_size[0m[2m=[0m338.59 [3mask_size[0m[2m=[0m141.4
[2m2026-04-12T20:17:57.634360Z[0m [34mDEBUG[0m [2mmercury::engine::detector[0m[2m:[0m No arb pairs registered for market — skipping detection [3mmarket_id[0m[2m=[0m39a28b31-a7f7-4e16-b2f1-1e1948be289c
[2m2026-04-12T20:17:57.634485Z[0m [34mDEBUG[0m [2mmercury::engine::market_actor[0m[2m:[0m Tick received — running arb detection [3mmarket_id[0m[2m=[0m39a28b31-a7f7-4e16-b2f1-1e1948be289c [3mplatform[0m[2m=[0mPolymarket [3mbid[0m[2m=[0m0.4 [3mask[0m[2m=[0m0.41 [3mmid[0m[2m=[0m0.4050 [3mbid_size[0m[2m=[0m338.59 [3mask_size[0m[2m=[0m141.4
[2m2026-04-12T20:17:57.634650Z[0m [34mDEBUG[0m [2mmercury::engine::detector[0m[2m:[0m No arb pairs registered for market — skipping detection [3mmarket_id[0m[2m=[0m39a28b31-a7f7-4e16-b2f1-1e1948be289c
[2m2026-04-12T20:17:57.634777Z[0m [34mDEBUG[0m [2mmercury::engine::market_actor[0m[2m:[0m Tick received — running arb detection [3mmarket_id[0m[2m=[0m39a28b31-a7f7-4e16-b2f1-1e1948be289c [3mplatform[0m[2m=[0mPolymarket [3mbid[0m[2m=[0m0.4 [3mask[0m[2m=[0m0.41 [3mmid[0m[2m=[0m0.4050 [3mbid_size[0m[2m=[0m338.59 [3mask_size[0m[2m=[0m141.4
[2m2026-04-12T20:17:57.634828Z[0m [34mDEBUG[0m [2mmercury::engine::market_actor[0m[2m:[0m Tick received — running arb detection [3mmarket_id[0m[2m=[0m189bf673-b643-45a5-be39-c4a3275d71a0 [3mplatform[0m[2m=[0mPolymarket [3mbid[0m[2m=[0m0.4 [3mask[0m[2m=[0m0.41 [3mmid[0m[2m=[0m0.4050 [3mbid_size[0m[2m=[0m4800.86 [3mask_size[0m[2m=[0m169.54
[2m2026-04-12T20:17:57.634933Z[0m [34mDEBUG[0m [2mmercury::engine::detector[0m[2m:[0m No arb pairs registered for market — skipping detection [3mmarket_id[0m[2m=[0m39a28b31-a7f7-4e16-b2f1-1e1948be289c
[2m2026-04-12T20:17:57.635056Z[0m [34mDEBUG[0m [2mmercury::engine::market_actor[0m[2m:[0m Tick received — running arb detection [3mmarket_id[0m[2m=[0m39a28b31-a7f7-4e16-b2f1-1e1948be289c [3mplatform[0m[2m=[0mPolymarket [3mbid[0m[2m=[0m0.4 [3mask[0m[2m=[0m0.41 [3mmid[0m[2m=[0m0.4050 [3mbid_size[0m[2m=[0m338.59 [3mask_size[0m[2m=[0m141.4
[2m2026-04-12T20:17:57.635074Z[0m [34mDEBUG[0m [2mmercury::engine::detector[0m[2m:[0m No arb pairs registered for market — skipping detection [3mmarket_id[0m[2m=[0m189bf673-b643-45a5-be39-c4a3275d71a0
[2m2026-04-12T20:17:57.635272Z[0m [34mDEBUG[0m [2mmercury::engine::detector[0m[2m:[0m No arb pairs registered for market — skipping detection [3mmarket_id[0m[2m=[0m39a28b31-a7f7-4e16-b2f1-1e1948be289c
[2m2026-04-12T20:17:57.635269Z[0m [34mDEBUG[0m [2mmercury::engine::market_actor[0m[2m:[0m Tick received — running arb detection [3mmarket_id[0m[2m=[0m189bf673-b643-45a5-be39-c4a3275d71a0 [3mplatform[0m[2m=[0mPolymarket [3mbid[0m[2m=[0m0.4 [3mask[0m[2m=[0m0.41 [3mmid[0m[2m=[0m0.4050 [3mbid_size[0m[2m=[0m4800.86 [3mask_size[0m[2m=[0m169.54
[2m2026-04-12T20:17:57.635397Z[0m [34mDEBUG[0m [2mmercury::engine::detector[0m[2m:[0m No arb pairs registered for market — skipping detection [3mmarket_id[0m[2m=[0m189bf673-b643-45a5-be39-c4a3275d71a0
[2m2026-04-12T20:17:57.635382Z[0m [34mDEBUG[0m [2mmercury::engine::market_actor[0m[2m:[0m Tick received — running arb detection [3mmarket_id[0m[2m=[0m39a28b31-a7f7-4e16-b2f1-1e1948be289c [3mplatform[0m[2m=[0mPolymarket [3mbid[0m[2m=[0m0.4 [3mask[0m[2m=[0m0.41 [3mmid[0m[2m=[0m0.4050 [3mbid_size[0m[2m=[0m338.59 [3mask_size[0m[2m=[0m141.4
[2m2026-04-12T20:17:57.635438Z[0m [34mDEBUG[0m [2mmercury::engine::market_actor[0m[2m:[0m Tick received — running arb detection [3mmarket_id[0m[2m=[0m631deb8c-fbb4-489e-818e-ae698f57f50b [3mplatform[0m[2m=[0mPolymarket [3mbid[0m[2m=[0m0.51 [3mask[0m[2m=[0m0.52 [3mmid[0m[2m=[0m0.5150 [3mbid_size[0m[2m=[0m375 [3mask_size[0m[2m=[0m97
[2m2026-04-12T20:17:57.635504Z[0m [34mDEBUG[0m [2mmercury::engine::market_actor[0m[2m:[0m Tick received — running arb detection [3mmarket_id[0m[2m=[0m189bf673-b643-45a5-be39-c4a3275d71a0 [3mplatform[0m[2m=[0mPolymarket [3mbid[0m[2m=[0m0.4 [3mask[0m[2m=[0m0.41 [3mmid[0m[2m=[0m0.4050 [3mbid_size[0m[2m=[0m4800.86 [3mask_size[0m[2m=[0m169.54
[2m2026-04-12T20:17:57.635555Z[0m [34mDEBUG[0m [2mmercury::engine::detector[0m[2m:[0m No arb pairs registered for market — skipping detection [3mmarket_id[0m[2m=[0m39a28b31-a7f7-4e16-b2f1-1e1948be289c
[2m2026-04-12T20:17:57.635669Z[0m [34mDEBUG[0m [2mmercury::engine::detector[0m[2m:[0m No arb pairs registered for market — skipping detection [3mmarket_id[0m[2m=[0m631deb8c-fbb4-489e-818e-ae698f57f50b
[2m2026-04-12T20:17:57.635799Z[0m [34mDEBUG[0m [2mmercury::engine::detector[0m[2m:[0m No arb pairs registered for market — skipping detection [3mmarket_id[0m[2m=[0m189bf673-b643-45a5-be39-c4a3275d71a0
[2m2026-04-12T20:17:57.635920Z[0m [34mDEBUG[0m [2mmercury::engine::market_actor[0m[2m:[0m Tick received — running arb detection [3mmarket_id[0m[2m=[0m189bf673-b643-45a5-be39-c4a3275d71a0 [3mplatform[0m[2m=[0mPolymarket [3mbid[0m[2m=[0m0.4 [3mask[0m[2m=[0m0.41 [3mmid[0m[2m=[0m0.4050 [3mbid_size[0m[2m=[0m4800.86 [3mask_size[0m[2m=[0m169.54
[2m2026-04-12T20:17:57.636045Z[0m [34mDEBUG[0m [2mmercury::engine::detector[0m[2m:[0m No arb pairs registered for market — skipping detection [3mmarket_id[0m[2m=[0m189bf673-b643-45a5-be39-c4a3275d71a0
[2m2026-04-12T20:17:57.636134Z[0m [34mDEBUG[0m [2mmercury::engine::market_actor[0m[2m:[0m Tick received — running arb detection [3mmarket_id[0m[2m=[0m189bf673-b643-45a5-be39-c4a3275d71a0 [3mplatform[0m[2m=[0mPolymarket [3mbid[0m[2m=[0m0.4 [3mask[0m[2m=[0m0.41 [3mmid[0m[2m=[0m0.4050 [3mbid_size[0m[2m=[0m4800.86 [3mask_size[0m[2m=[0m169.54
[2m2026-04-12T20:17:57.636251Z[0m [34mDEBUG[0m [2mmercury::engine::detector[0m[2m:[0m No arb pairs registered for market — skipping detection [3mmarket_id[0m[2m=[0m189bf673-b643-45a5-be39-c4a3275d71a0
[2m2026-04-12T20:17:57.717361Z[0m [34mDEBUG[0m [2mmercury::engine::market_actor[0m[2m:[0m Tick received — running arb detection [3mmarket_id[0m[2m=[0m189bf673-b643-45a5-be39-c4a3275d71a0 [3mplatform[0m[2m=[0mPolymarket [3mbid[0m[2m=[0m0.4 [3mask[0m[2m=[0m0.41 [3mmid[0m[2m=[0m0.4050 [3mbid_size[0m[2m=[0m4800.86 [3mask_size[0m[2m=[0m169.54
[2m2026-04-12T20:17:57.717562Z[0m [34mDEBUG[0m [2mmercury::engine::detector[0m[2m:[0m No arb pairs registered for market — skipping detection [3mmarket_id[0m[2m=[0m189bf673-b643-45a5-be39-c4a3275d71a0
[2m2026-04-12T20:17:57.717660Z[0m [34mDEBUG[0m [2mmercury::engine::market_actor[0m[2m:[0m Tick received — running arb detection [3mmarket_id[0m[2m=[0m189bf673-b643-45a5-be39-c4a3275d71a0 [3mplatform[0m[2m=[0mPolymarket [3mbid[0m[2m=[0m0.4 [3mask[0m[2m=[0m0.41 [3mmid[0m[2m=[0m0.4050 [3mbid_size[0m[2m=[0m4800.86 [3mask_size[0m[2m=[0m169.54
[2m2026-04-12T20:17:57.717784Z[0m [34mDEBUG[0m [2mmercury::engine::detector[0m[2m:[0m No arb pairs registered for market — skipping detection [3mmarket_id[0m[2m=[0m189bf673-b643-45a5-be39-c4a3275d71a0
[2m2026-04-12T20:17:57.843113Z[0m [34mDEBUG[0m [2mmercury::engine::market_actor[0m[2m:[0m Tick received — running arb detection [3mmarket_id[0m[2m=[0m189bf673-b643-45a5-be39-c4a3275d71a0 [3mplatform[0m[2m=[0mPolymarket [3mbid[0m[2m=[0m0.4 [3mask[0m[2m=[0m0.41 [3mmid[0m[2m=[0m0.4050 [3mbid_size[0m[2m=[0m4800.86 [3mask_size[0m[2m=[0m169.54
[2m2026-04-12T20:17:57.843358Z[0m [34mDEBUG[0m [2mmercury::engine::detector[0m[2m:[0m No arb pairs registered for market — skipping detection [3mmarket_id[0m[2m=[0m189bf673-b643-45a5-be39-c4a3275d71a0
[2m2026-04-12T20:17:57.843487Z[0m [34mDEBUG[0m [2mmercury::engine::market_actor[0m[2m:[0m Tick received — running arb detection [3mmarket_id[0m[2m=[0m189bf673-b643-45a5-be39-c4a3275d71a0 [3mplatform[0m[2m=[0mPolymarket [3mbid[0m[2m=[0m0.4 [3mask[0m[2m=[0m0.41 [3mmid[0m[2m=[0m0.4050 [3mbid_size[0m[2m=[0m4800.86 [3mask_size[0m[2m=[0m169.54
[2m2026-04-12T20:17:57.843646Z[0m [34mDEBUG[0m [2mmercury::engine::detector[0m[2m:[0m No arb pairs registered for market — skipping detection [3mmarket_id[0m[2m=[0m189bf673-b643-45a5-be39-c4a3275d71a0
[2m2026-04-12T20:17:57.843775Z[0m [34mDEBUG[0m [2mmercury::engine::market_actor[0m[2m:[0m Tick received — running arb detection [3mmarket_id[0m[2m=[0m189bf673-b643-45a5-be39-c4a3275d71a0 [3mplatform[0m[2m=[0mPolymarket [3mbid[0m[2m=[0m0.4 [3mask[0m[2m=[0m0.41 [3mmid[0m[2m=[0m0.4050 [3mbid_size[0m[2m=[0m4800.86 [3mask_size[0m[2m=[0m169.54
[2m2026-04-12T20:17:57.843934Z[0m [34mDEBUG[0m [2mmercury::engine::detector[0m[2m:[0m No arb pairs registered for market — skipping detection [3mmarket_id[0m[2m=[0m189bf673-b643-45a5-be39-c4a3275d71a0
[2m2026-04-12T20:17:57.844059Z[0m [34mDEBUG[0m [2mmercury::engine::market_actor[0m[2m:[0m Tick received — running arb detection [3mmarket_id[0m[2m=[0m189bf673-b643-45a5-be39-c4a3275d71a0 [3mplatform[0m[2m=[0mPolymarket [3mbid[0m[2m=[0m0.4 [3mask[0m[2m=[0m0.41 [3mmid[0m[2m=[0m0.4050 [3mbid_size[0m[2m=[0m4800.86 [3mask_size[0m[2m=[0m169.54
[2m2026-04-12T20:17:57.844216Z[0m [34mDEBUG[0m [2mmercury::engine::detector[0m[2m:[0m No arb pairs registered for market — skipping detection [3mmarket_id[0m[2m=[0m189bf673-b643-45a5-be39-c4a3275d71a0
[2m2026-04-12T20:17:57.844333Z[0m [34mDEBUG[0m [2mmercury::engine::market_actor[0m[2m:[0m Tick received — running arb detection [3mmarket_id[0m[2m=[0m189bf673-b643-45a5-be39-c4a3275d71a0 [3mplatform[0m[2m=[0mPolymarket [3mbid[0m[2m=[0m0.4 [3mask[0m[2m=[0m0.41 [3mmid[0m[2m=[0m0.4050 [3mbid_size[0m[2m=[0m4800.86 [3mask_size[0m[2m=[0m169.54
[2m2026-04-12T20:17:57.844487Z[0m [34mDEBUG[0m [2mmercury::engine::detector[0m[2m:[0m No arb pairs registered for market — skipping detection [3mmarket_id[0m[2m=[0m189bf673-b643-45a5-be39-c4a3275d71a0
[2m2026-04-12T20:17:57.844604Z[0m [34mDEBUG[0m [2mmercury::engine::market_actor[0m[2m:[0m Tick received — running arb detection [3mmarket_id[0m[2m=[0m189bf673-b643-45a5-be39-c4a3275d71a0 [3mplatform[0m[2m=[0mPolymarket [3mbid[0m[2m=[0m0.4 [3mask[0m[2m=[0m0.41 [3mmid[0m[2m=[0m0.4050 [3mbid_size[0m[2m=[0m4800.86 [3mask_size[0m[2m=[0m169.54
[2m2026-04-12T20:17:57.844757Z[0m [34mDEBUG[0m [2mmercury::engine::detector[0m[2m:[0m No arb pairs registered for market — skipping detection [3mmarket_id[0m[2m=[0m189bf673-b643-45a5-be39-c4a3275d71a0
[2m2026-04-12T20:17:57.844874Z[0m [34mDEBUG[0m [2mmercury::engine::market_actor[0m[2m:[0m Tick received — running arb detection [3mmarket_id[0m[2m=[0m189bf673-b643-45a5-be39-c4a3275d71a0 [3mplatform[0m[2m=[0mPolymarket [3mbid[0m[2m=[0m0.4 [3mask[0m[2m=[0m0.41 [3mmid[0m[2m=[0m0.4050 [3mbid_size[0m[2m=[0m4800.86 [3mask_size[0m[2m=[0m169.54
[2m2026-04-12T20:17:57.845033Z[0m [34mDEBUG[0m [2mmercury::engine::detector[0m[2m:[0m No arb pairs registered for market — skipping detection [3mmarket_id[0m[2m=[0m189bf673-b643-45a5-be39-c4a3275d71a0
[2m2026-04-12T20:17:57.845124Z[0m [34mDEBUG[0m [2mmercury::engine::market_actor[0m[2m:[0m Tick received — running arb detection [3mmarket_id[0m[2m=[0m189bf673-b643-45a5-be39-c4a3275d71a0 [3mplatform[0m[2m=[0mPolymarket [3mbid[0m[2m=[0m0.4 [3mask[0m[2m=[0m0.41 [3mmid[0m[2m=[0m0.4050 [3mbid_size[0m[2m=[0m4800.86 [3mask_size[0m[2m=[0m169.54
[2m2026-04-12T20:17:57.845241Z[0m [34mDEBUG[0m [2mmercury::engine::detector[0m[2m:[0m No arb pairs registered for market — skipping detection [3mmarket_id[0m[2m=[0m189bf673-b643-45a5-be39-c4a3275d71a0
[2m2026-04-12T20:17:57.845332Z[0m [34mDEBUG[0m [2mmercury::engine::market_actor[0m[2m:[0m Tick received — running arb detection [3mmarket_id[0m[2m=[0m189bf673-b643-45a5-be39-c4a3275d71a0 [3mplatform[0m[2m=[0mPolymarket [3mbid[0m[2m=[0m0.4 [3mask[0m[2m=[0m0.41 [3mmid[0m[2m=[0m0.4050 [3mbid_size[0m[2m=[0m4800.86 [3mask_size[0m[2m=[0m169.54
[2m2026-04-12T20:17:57.845449Z[0m [34mDEBUG[0m [2mmercury::engine::detector[0m[2m:[0m No arb pairs registered for market — skipping detection [3mmarket_id[0m[2m=[0m189bf673-b643-45a5-be39-c4a3275d71a0
[2m2026-04-12T20:17:57.900124Z[0m [34mDEBUG[0m [2mmercury::engine::market_actor[0m[2m:[0m Tick received — running arb detection [3mmarket_id[0m[2m=[0m631deb8c-fbb4-489e-818e-ae698f57f50b [3mplatform[0m[2m=[0mPolymarket [3mbid[0m[2m=[0m0.51 [3mask[0m[2m=[0m0.52 [3mmid[0m[2m=[0m0.5150 [3mbid_size[0m[2m=[0m375 [3mask_size[0m[2m=[0m97
[2m2026-04-12T20:17:57.900152Z[0m [34mDEBUG[0m [2mmercury::engine::market_actor[0m[2m:[0m Tick received — running arb detection [3mmarket_id[0m[2m=[0m189bf673-b643-45a5-be39-c4a3275d71a0 [3mplatform[0m[2m=[0mPolymarket [3mbid[0m[2m=[0m0.4 [3mask[0m[2m=[0m0.41 [3mmid[0m[2m=[0m0.4050 [3mbid_size[0m[2m=[0m4800.86 [3mask_size[0m[2m=[0m169.54
[2m2026-04-12T20:17:57.900378Z[0m [34mDEBUG[0m [2mmercury::engine::detector[0m[2m:[0m No arb pairs registered for market — skipping detection [3mmarket_id[0m[2m=[0m631deb8c-fbb4-489e-818e-ae698f57f50b
[2m2026-04-12T20:17:57.900527Z[0m [34mDEBUG[0m [2mmercury::engine::detector[0m[2m:[0m No arb pairs registered for market — skipping detection [3mmarket_id[0m[2m=[0m189bf673-b643-45a5-be39-c4a3275d71a0
[2m2026-04-12T20:17:57.924223Z[0m [34mDEBUG[0m [2mmercury::engine::market_actor[0m[2m:[0m Tick received — running arb detection [3mmarket_id[0m[2m=[0m189bf673-b643-45a5-be39-c4a3275d71a0 [3mplatform[0m[2m=[0mPolymarket [3mbid[0m[2m=[0m0.4 [3mask[0m[2m=[0m0.41 [3mmid[0m[2m=[0m0.4050 [3mbid_size[0m[2m=[0m4800.86 [3mask_size[0m[2m=[0m169.54
[2m2026-04-12T20:17:57.924586Z[0m [34mDEBUG[0m [2mmercury::engine::detector[0m[2m:[0m No arb pairs registered for market — skipping detection [3mmarket_id[0m[2m=[0m189bf673-b643-45a5-be39-c4a3275d71a0
[2m2026-04-12T20:17:57.959589Z[0m [34mDEBUG[0m [2mmercury::engine::market_actor[0m[2m:[0m Tick received — running arb detection [3mmarket_id[0m[2m=[0m39a28b31-a7f7-4e16-b2f1-1e1948be289c [3mplatform[0m[2m=[0mPolymarket [3mbid[0m[2m=[0m0.4 [3mask[0m[2m=[0m0.41 [3mmid[0m[2m=[0m0.4050 [3mbid_size[0m[2m=[0m338.59 [3mask_size[0m[2m=[0m141.4
[2m2026-04-12T20:17:57.959833Z[0m [34mDEBUG[0m [2mmercury::engine::detector[0m[2m:[0m No arb pairs registered for market — skipping detection [3mmarket_id[0m[2m=[0m39a28b31-a7f7-4e16-b2f1-1e1948be289c
[2m2026-04-12T20:17:57.959963Z[0m [34mDEBUG[0m [2mmercury::engine::market_actor[0m[2m:[0m Tick received — running arb detection [3mmarket_id[0m[2m=[0m39a28b31-a7f7-4e16-b2f1-1e1948be289c [3mplatform[0m[2m=[0mPolymarket [3mbid[0m[2m=[0m0.4 [3mask[0m[2m=[0m0.41 [3mmid[0m[2m=[0m0.4050 [3mbid_size[0m[2m=[0m338.59 [3mask_size[0m[2m=[0m141.4
[2m2026-04-12T20:17:57.960121Z[0m [34mDEBUG[0m [2mmercury::engine::detector[0m[2m:[0m No arb pairs registered for market — skipping detection [3mmarket_id[0m[2m=[0m39a28b31-a7f7-4e16-b2f1-1e1948be289c
[2m2026-04-12T20:17:57.971914Z[0m [34mDEBUG[0m [2mmercury::engine::market_actor[0m[2m:[0m Tick received — running arb detection [3mmarket_id[0m[2m=[0m189bf673-b643-45a5-be39-c4a3275d71a0 [3mplatform[0m[2m=[0mPolymarket [3mbid[0m[2m=[0m0.4 [3mask[0m[2m=[0m0.41 [3mmid[0m[2m=[0m0.4050 [3mbid_size[0m[2m=[0m4800.86 [3mask_size[0m[2m=[0m169.54
[2m2026-04-12T20:17:57.971998Z[0m [34mDEBUG[0m [2mmercury::engine::market_actor[0m[2m:[0m Tick received — running arb detection [3mmarket_id[0m[2m=[0m2285bae6-253b-4085-b0d1-0af34b5530b6 [3mplatform[0m[2m=[0mPolymarket [3mbid[0m[2m=[0m0.37 [3mask[0m[2m=[0m0.41 [3mmid[0m[2m=[0m0.39 [3mbid_size[0m[2m=[0m2.2 [3mask_size[0m[2m=[0m111.64
[2m2026-04-12T20:17:57.972272Z[0m [34mDEBUG[0m [2mmercury::engine::detector[0m[2m:[0m No arb pairs registered for market — skipping detection [3mmarket_id[0m[2m=[0m189bf673-b643-45a5-be39-c4a3275d71a0
[2m2026-04-12T20:17:57.972497Z[0m [34mDEBUG[0m [2mmercury::engine::detector[0m[2m:[0m No arb pairs registered for market — skipping detection [3mmarket_id[0m[2m=[0m2285bae6-253b-4085-b0d1-0af34b5530b6
[2m2026-04-12T20:17:57.991838Z[0m [34mDEBUG[0m [2mmercury::engine::market_actor[0m[2m:[0m Tick received — running arb detection [3mmarket_id[0m[2m=[0mbc548cd4-ced9-48e8-b131-410c92fb3a0e [3mplatform[0m[2m=[0mPolymarket [3mbid[0m[2m=[0m0.45 [3mask[0m[2m=[0m0.46 [3mmid[0m[2m=[0m0.4550 [3mbid_size[0m[2m=[0m6.72 [3mask_size[0m[2m=[0m126.3
[2m2026-04-12T20:17:57.991882Z[0m [34mDEBUG[0m [2mmercury::engine::market_actor[0m[2m:[0m Tick received — running arb detection [3mmarket_id[0m[2m=[0m189bf673-b643-45a5-be39-c4a3275d71a0 [3mplatform[0m[2m=[0mPolymarket [3mbid[0m[2m=[0m0.4 [3mask[0m[2m=[0m0.41 [3mmid[0m[2m=[0m0.4050 [3mbid_size[0m[2m=[0m4800.86 [3mask_size[0m[2m=[0m169.54
[2m2026-04-12T20:17:57.992087Z[0m [34mDEBUG[0m [2mmercury::engine::detector[0m[2m:[0m No arb pairs registered for market — skipping detection [3mmarket_id[0m[2m=[0mbc548cd4-ced9-48e8-b131-410c92fb3a0e
[2m2026-04-12T20:17:57.992211Z[0m [34mDEBUG[0m [2mmercury::engine::detector[0m[2m:[0m No arb pairs registered for market — skipping detection [3mmarket_id[0m[2m=[0m189bf673-b643-45a5-be39-c4a3275d71a0
[2m2026-04-12T20:17:57.992220Z[0m [34mDEBUG[0m [2mmercury::engine::market_actor[0m[2m:[0m Tick received — running arb detection [3mmarket_id[0m[2m=[0mbc548cd4-ced9-48e8-b131-410c92fb3a0e [3mplatform[0m[2m=[0mPolymarket [3mbid[0m[2m=[0m0.45 [3mask[0m[2m=[0m0.46 [3mmid[0m[2m=[0m0.4550 [3mbid_size[0m[2m=[0m6.72 [3mask_size[0m[2m=[0m126.3
[2m2026-04-12T20:17:57.992367Z[0m [34mDEBUG[0m [2mmercury::engine::detector[0m[2m:[0m No arb pairs registered for market — skipping detection [3mmarket_id[0m[2m=[0mbc548cd4-ced9-48e8-b131-410c92fb3a0e
[2m2026-04-12T20:17:58.039175Z[0m [34mDEBUG[0m [2mmercury::engine::market_actor[0m[2m:[0m Tick received — running arb detection [3mmarket_id[0m[2m=[0mbc548cd4-ced9-48e8-b131-410c92fb3a0e [3mplatform[0m[2m=[0mPolymarket [3mbid[0m[2m=[0m0.45 [3mask[0m[2m=[0m0.46 [3mmid[0m[2m=[0m0.4550 [3mbid_size[0m[2m=[0m6.72 [3mask_size[0m[2m=[0m126.3
[2m2026-04-12T20:17:58.039366Z[0m [34mDEBUG[0m [2mmercury::engine::detector[0m[2m:[0m No arb pairs registered for market — skipping detection [3mmarket_id[0m[2m=[0mbc548cd4-ced9-48e8-b131-410c92fb3a0e
[2m2026-04-12T20:17:58.044910Z[0m [34mDEBUG[0m [2mmercury::engine::market_actor[0m[2m:[0m Tick received — running arb detection [3mmarket_id[0m[2m=[0m39a28b31-a7f7-4e16-b2f1-1e1948be289c [3mplatform[0m[2m=[0mPolymarket [3mbid[0m[2m=[0m0.4 [3mask[0m[2m=[0m0.41 [3mmid[0m[2m=[0m0.4050 [3mbid_size[0m[2m=[0m338.59 [3mask_size[0m[2m=[0m141.4
[2m2026-04-12T20:17:58.045202Z[0m [34mDEBUG[0m [2mmercury::engine::detector[0m[2m:[0m No arb pairs registered for market — skipping detection [3mmarket_id[0m[2m=[0m39a28b31-a7f7-4e16-b2f1-1e1948be289c
[2m2026-04-12T20:17:58.045338Z[0m [34mDEBUG[0m [2mmercury::engine::market_actor[0m[2m:[0m Tick received — running arb detection [3mmarket_id[0m[2m=[0m39a28b31-a7f7-4e16-b2f1-1e1948be289c [3mplatform[0m[2m=[0mPolymarket [3mbid[0m[2m=[0m0.4 [3mask[0m[2m=[0m0.41 [3mmid[0m[2m=[0m0.4050 [3mbid_size[0m[2m=[0m338.59 [3mask_size[0m[2m=[0m141.4
[2m2026-04-12T20:17:58.045369Z[0m [34mDEBUG[0m [2mmercury::engine::market_actor[0m[2m:[0m Tick received — running arb detection [3mmarket_id[0m[2m=[0mbc548cd4-ced9-48e8-b131-410c92fb3a0e [3mplatform[0m[2m=[0mPolymarket [3mbid[0m[2m=[0m0.45 [3mask[0m[2m=[0m0.46 [3mmid[0m[2m=[0m0.4550 [3mbid_size[0m[2m=[0m6.72 [3mask_size[0m[2m=[0m126.3
[2m2026-04-12T20:17:58.045335Z[0m [34mDEBUG[0m [2mmercury::engine::market_actor[0m[2m:[0m Tick received — running arb detection [3mmarket_id[0m[2m=[0m189bf673-b643-45a5-be39-c4a3275d71a0 [3mplatform[0m[2m=[0mPolymarket [3mbid[0m[2m=[0m0.4 [3mask[0m[2m=[0m0.41 [3mmid[0m[2m=[0m0.4050 [3mbid_size[0m[2m=[0m4800.86 [3mask_size[0m[2m=[0m169.54
[2m2026-04-12T20:17:58.045504Z[0m [34mDEBUG[0m [2mmercury::engine::detector[0m[2m:[0m No arb pairs registered for market — skipping detection [3mmarket_id[0m[2m=[0m39a28b31-a7f7-4e16-b2f1-1e1948be289c
[2m2026-04-12T20:17:58.045490Z[0m [34mDEBUG[0m [2mmercury::engine::market_actor[0m[2m:[0m Tick received — running arb detection [3mmarket_id[0m[2m=[0m2285bae6-253b-4085-b0d1-0af34b5530b6 [3mplatform[0m[2m=[0mPolymarket [3mbid[0m[2m=[0m0.37 [3mask[0m[2m=[0m0.41 [3mmid[0m[2m=[0m0.39 [3mbid_size[0m[2m=[0m2.2 [3mask_size[0m[2m=[0m111.64
[2m2026-04-12T20:17:58.045668Z[0m [34mDEBUG[0m [2mmercury::engine::detector[0m[2m:[0m No arb pairs registered for market — skipping detection [3mmarket_id[0m[2m=[0mbc548cd4-ced9-48e8-b131-410c92fb3a0e
[2m2026-04-12T20:17:58.045668Z[0m [34mDEBUG[0m [2mmercury::engine::market_actor[0m[2m:[0m Tick received — running arb detection [3mmarket_id[0m[2m=[0m39a28b31-a7f7-4e16-b2f1-1e1948be289c [3mplatform[0m[2m=[0mPolymarket [3mbid[0m[2m=[0m0.4 [3mask[0m[2m=[0m0.41 [3mmid[0m[2m=[0m0.4050 [3mbid_size[0m[2m=[0m338.59 [3mask_size[0m[2m=[0m141.4
[2m2026-04-12T20:17:58.045855Z[0m [34mDEBUG[0m [2mmercury::engine::detector[0m[2m:[0m No arb pairs registered for market — skipping detection [3mmarket_id[0m[2m=[0m189bf673-b643-45a5-be39-c4a3275d71a0
[2m2026-04-12T20:17:58.046024Z[0m [34mDEBUG[0m [2mmercury::engine::detector[0m[2m:[0m No arb pairs registered for market — skipping detection [3mmarket_id[0m[2m=[0m39a28b31-a7f7-4e16-b2f1-1e1948be289c
[2m2026-04-12T20:17:58.046215Z[0m [34mDEBUG[0m [2mmercury::engine::detector[0m[2m:[0m No arb pairs registered for market — skipping detection [3mmarket_id[0m[2m=[0m2285bae6-253b-4085-b0d1-0af34b5530b6
[2m2026-04-12T20:17:58.061596Z[0m [34mDEBUG[0m [2mmercury::engine::market_actor[0m[2m:[0m Tick received — running arb detection [3mmarket_id[0m[2m=[0m189bf673-b643-45a5-be39-c4a3275d71a0 [3mplatform[0m[2m=[0mPolymarket [3mbid[0m[2m=[0m0.4 [3mask[0m[2m=[0m0.41 [3mmid[0m[2m=[0m0.4050 [3mbid_size[0m[2m=[0m4800.86 [3mask_size[0m[2m=[0m169.54
[2m2026-04-12T20:17:58.061848Z[0m [34mDEBUG[0m [2mmercury::engine::detector[0m[2m:[0m No arb pairs registered for market — skipping detection [3mmarket_id[0m[2m=[0m189bf673-b643-45a5-be39-c4a3275d71a0
[2m2026-04-12T20:17:58.062014Z[0m [34mDEBUG[0m [2mmercury::engine::market_actor[0m[2m:[0m Tick received — running arb detection [3mmarket_id[0m[2m=[0m189bf673-b643-45a5-be39-c4a3275d71a0 [3mplatform[0m[2m=[0mPolymarket [3mbid[0m[2m=[0m0.4 [3mask[0m[2m=[0m0.41 [3mmid[0m[2m=[0m0.4050 [3mbid_size[0m[2m=[0m4800.86 [3mask_size[0m[2m=[0m169.54
[2m2026-04-12T20:17:58.062173Z[0m [34mDEBUG[0m [2mmercury::engine::detector[0m[2m:[0m No arb pairs registered for market — skipping detection [3mmarket_id[0m[2m=[0m189bf673-b643-45a5-be39-c4a3275d71a0
[2m2026-04-12T20:17:58.210704Z[0m [32m INFO[0m [2mmercury::feeds::discovery[0m[2m:[0m Kalshi general markets fetched [3mcount[0m[2m=[0m500
[2m2026-04-12T20:17:58.217031Z[0m [34mDEBUG[0m [2mmercury::engine::market_actor[0m[2m:[0m Tick received — running arb detection [3mmarket_id[0m[2m=[0m39a28b31-a7f7-4e16-b2f1-1e1948be289c [3mplatform[0m[2m=[0mPolymarket [3mbid[0m[2m=[0m0.4 [3mask[0m[2m=[0m0.41 [3mmid[0m[2m=[0m0.4050 [3mbid_size[0m[2m=[0m338.59 [3mask_size[0m[2m=[0m141.4
[2m2026-04-12T20:17:58.217177Z[0m [34mDEBUG[0m [2mmercury::engine::detector[0m[2m:[0m No arb pairs registered for market — skipping detection [3mmarket_id[0m[2m=[0m39a28b31-a7f7-4e16-b2f1-1e1948be289c
[2m2026-04-12T20:17:58.217263Z[0m [34mDEBUG[0m [2mmercury::engine::market_actor[0m[2m:[0m Tick received — running arb detection [3mmarket_id[0m[2m=[0m39a28b31-a7f7-4e16-b2f1-1e1948be289c [3mplatform[0m[2m=[0mPolymarket [3mbid[0m[2m=[0m0.4 [3mask[0m[2m=[0m0.41 [3mmid[0m[2m=[0m0.4050 [3mbid_size[0m[2m=[0m338.59 [3mask_size[0m[2m=[0m141.4
[2m2026-04-12T20:17:58.217329Z[0m [34mDEBUG[0m [2mmercury::engine::market_actor[0m[2m:[0m Tick received — running arb detection [3mmarket_id[0m[2m=[0m189bf673-b643-45a5-be39-c4a3275d71a0 [3mplatform[0m[2m=[0mPolymarket [3mbid[0m[2m=[0m0.4 [3mask[0m[2m=[0m0.41 [3mmid[0m[2m=[0m0.4050 [3mbid_size[0m[2m=[0m4800.86 [3mask_size[0m[2m=[0m169.54
[2m2026-04-12T20:17:58.217427Z[0m [34mDEBUG[0m [2mmercury::engine::detector[0m[2m:[0m No arb pairs registered for market — skipping detection [3mmarket_id[0m[2m=[0m39a28b31-a7f7-4e16-b2f1-1e1948be289c
[2m2026-04-12T20:17:58.217485Z[0m [34mDEBUG[0m [2mmercury::engine::market_actor[0m[2m:[0m Tick received — running arb detection [3mmarket_id[0m[2m=[0m39a28b31-a7f7-4e16-b2f1-1e1948be289c [3mplatform[0m[2m=[0mPolymarket [3mbid[0m[2m=[0m0.4 [3mask[0m[2m=[0m0.41 [3mmid[0m[2m=[0m0.4050 [3mbid_size[0m[2m=[0m338.59 [3mask_size[0m[2m=[0m141.4
[2m2026-04-12T20:17:58.217497Z[0m [34mDEBUG[0m [2mmercury::engine::detector[0m[2m:[0m No arb pairs registered for market — skipping detection [3mmarket_id[0m[2m=[0m189bf673-b643-45a5-be39-c4a3275d71a0
[2m2026-04-12T20:17:58.217619Z[0m [34mDEBUG[0m [2mmercury::engine::detector[0m[2m:[0m No arb pairs registered for market — skipping detection [3mmarket_id[0m[2m=[0m39a28b31-a7f7-4e16-b2f1-1e1948be289c
[2m2026-04-12T20:17:58.217690Z[0m [34mDEBUG[0m [2mmercury::engine::market_actor[0m[2m:[0m Tick received — running arb detection [3mmarket_id[0m[2m=[0m39a28b31-a7f7-4e16-b2f1-1e1948be289c [3mplatform[0m[2m=[0mPolymarket [3mbid[0m[2m=[0m0.4 [3mask[0m[2m=[0m0.41 [3mmid[0m[2m=[0m0.4050 [3mbid_size[0m[2m=[0m338.59 [3mask_size[0m[2m=[0m141.4
[2m2026-04-12T20:17:58.217826Z[0m [34mDEBUG[0m [2mmercury::engine::detector[0m[2m:[0m No arb pairs registered for market — skipping detection [3mmarket_id[0m[2m=[0m39a28b31-a7f7-4e16-b2f1-1e1948be289c
[2m2026-04-12T20:17:58.230585Z[0m [34mDEBUG[0m [2mmercury::engine::market_actor[0m[2m:[0m Tick received — running arb detection [3mmarket_id[0m[2m=[0m189bf673-b643-45a5-be39-c4a3275d71a0 [3mplatform[0m[2m=[0mPolymarket [3mbid[0m[2m=[0m0.4 [3mask[0m[2m=[0m0.41 [3mmid[0m[2m=[0m0.4050 [3mbid_size[0m[2m=[0m4800.86 [3mask_size[0m[2m=[0m169.54
[2m2026-04-12T20:17:58.230735Z[0m [34mDEBUG[0m [2mmercury::engine::detector[0m[2m:[0m No arb pairs registered for market — skipping detection [3mmarket_id[0m[2m=[0m189bf673-b643-45a5-be39-c4a3275d71a0
[2m2026-04-12T20:17:58.233700Z[0m [32m INFO[0m [2mmercury::feeds::discovery[0m[2m:[0m Discovery cycle complete [3mtotal[0m[2m=[0m8 [3mactive[0m[2m=[0m8
[2m2026-04-12T20:17:58.321226Z[0m [34mDEBUG[0m [2mmercury::engine::market_actor[0m[2m:[0m Tick received — running arb detection [3mmarket_id[0m[2m=[0m189bf673-b643-45a5-be39-c4a3275d71a0 [3mplatform[0m[2m=[0mPolymarket [3mbid[0m[2m=[0m0.4 [3mask[0m[2m=[0m0.41 [3mmid[0m[2m=[0m0.4050 [3mbid_size[0m[2m=[0m4800.86 [3mask_size[0m[2m=[0m169.54
[2m2026-04-12T20:17:58.321468Z[0m [34mDEBUG[0m [2mmercury::engine::detector[0m[2m:[0m No arb pairs registered for market — skipping detection [3mmarket_id[0m[2m=[0m189bf673-b643-45a5-be39-c4a3275d71a0
[2m2026-04-12T20:17:58.445517Z[0m [34mDEBUG[0m [2mmercury::feeds::polymarket[0m[2m:[0m Unknown Polymarket event type [3mevent_type[0m[2m=[0mbest_bid_ask
[2m2026-04-12T20:17:58.446338Z[0m [34mDEBUG[0m [2mmercury::engine::market_actor[0m[2m:[0m Tick received — running arb detection [3mmarket_id[0m[2m=[0m189bf673-b643-45a5-be39-c4a3275d71a0 [3mplatform[0m[2m=[0mPolymarket [3mbid[0m[2m=[0m0.4 [3mask[0m[2m=[0m0.41 [3mmid[0m[2m=[0m0.4050 [3mbid_size[0m[2m=[0m4800.86 [3mask_size[0m[2m=[0m159.54
[2m2026-04-12T20:17:58.446543Z[0m [34mDEBUG[0m [2mmercury::engine::detector[0m[2m:[0m No arb pairs registered for market — skipping detection [3mmarket_id[0m[2m=[0m189bf673-b643-45a5-be39-c4a3275d71a0
[2m2026-04-12T20:17:58.446863Z[0m [34mDEBUG[0m [2mmercury::engine::market_actor[0m[2m:[0m Tick received — running arb detection [3mmarket_id[0m[2m=[0m189bf673-b643-45a5-be39-c4a3275d71a0 [3mplatform[0m[2m=[0mPolymarket [3mbid[0m[2m=[0m0.4 [3mask[0m[2m=[0m0.41 [3mmid[0m[2m=[0m0.4050 [3mbid_size[0m[2m=[0m4800.86 [3mask_size[0m[2m=[0m159.54
[2m2026-04-12T20:17:58.447052Z[0m [34mDEBUG[0m [2mmercury::engine::detector[0m[2m:[0m No arb pairs registered for market — skipping detection [3mmarket_id[0m[2m=[0m189bf673-b643-45a5-be39-c4a3275d71a0
[2m2026-04-12T20:17:58.543662Z[0m [34mDEBUG[0m [2mmercury::engine::market_actor[0m[2m:[0m Tick received — running arb detection [3mmarket_id[0m[2m=[0m2285bae6-253b-4085-b0d1-0af34b5530b6 [3mplatform[0m[2m=[0mPolymarket [3mbid[0m[2m=[0m0.37 [3mask[0m[2m=[0m0.41 [3mmid[0m[2m=[0m0.39 [3mbid_size[0m[2m=[0m2.2 [3mask_size[0m[2m=[0m111.64
[2m2026-04-12T20:17:58.543908Z[0m [34mDEBUG[0m [2mmercury::engine::detector[0m[2m:[0m No arb pairs registered for market — skipping detection [3mmarket_id[0m[2m=[0m2285bae6-253b-4085-b0d1-0af34b5530b6
[2m2026-04-12T20:17:58.584506Z[0m [34mDEBUG[0m [2mmercury::engine::market_actor[0m[2m:[0m Tick received — running arb detection [3mmarket_id[0m[2m=[0m189bf673-b643-45a5-be39-c4a3275d71a0 [3mplatform[0m[2m=[0mPolymarket [3mbid[0m[2m=[0m0.4 [3mask[0m[2m=[0m0.41 [3mmid[0m[2m=[0m0.4050 [3mbid_size[0m[2m=[0m4800.86 [3mask_size[0m[2m=[0m167.54
[2m2026-04-12T20:17:58.584755Z[0m [34mDEBUG[0m [2mmercury::engine::detector[0m[2m:[0m No arb pairs registered for market — skipping detection [3mmarket_id[0m[2m=[0m189bf673-b643-45a5-be39-c4a3275d71a0
[2m2026-04-12T20:17:58.584882Z[0m [34mDEBUG[0m [2mmercury::engine::market_actor[0m[2m:[0m Tick received — running arb detection [3mmarket_id[0m[2m=[0m189bf673-b643-45a5-be39-c4a3275d71a0 [3mplatform[0m[2m=[0mPolymarket [3mbid[0m[2m=[0m0.4 [3mask[0m[2m=[0m0.41 [3mmid[0m[2m=[0m0.4050 [3mbid_size[0m[2m=[0m4800.86 [3mask_size[0m[2m=[0m167.54
[2m2026-04-12T20:17:58.585041Z[0m [34mDEBUG[0m [2mmercury::engine::detector[0m[2m:[0m No arb pairs registered for market — skipping detection [3mmarket_id[0m[2m=[0m189bf673-b643-45a5-be39-c4a3275d71a0
[2m2026-04-12T20:17:58.609281Z[0m [34mDEBUG[0m [2mmercury::engine::market_actor[0m[2m:[0m Tick received — running arb detection [3mmarket_id[0m[2m=[0m189bf673-b643-45a5-be39-c4a3275d71a0 [3mplatform[0m[2m=[0mPolymarket [3mbid[0m[2m=[0m0.4 [3mask[0m[2m=[0m0.41 [3mmid[0m[2m=[0m0.4050 [3mbid_size[0m[2m=[0m4800.86 [3mask_size[0m[2m=[0m167.54
[2m2026-04-12T20:17:58.609480Z[0m [34mDEBUG[0m [2mmercury::engine::detector[0m[2m:[0m No arb pairs registered for market — skipping detection [3mmarket_id[0m[2m=[0m189bf673-b643-45a5-be39-c4a3275d71a0
[2m2026-04-12T20:17:58.698217Z[0m [34mDEBUG[0m [2mmercury::feeds::polymarket[0m[2m:[0m Unknown Polymarket event type [3mevent_type[0m[2m=[0mbest_bid_ask
[2m2026-04-12T20:17:58.698921Z[0m [34mDEBUG[0m [2mmercury::engine::market_actor[0m[2m:[0m Tick received — running arb detection [3mmarket_id[0m[2m=[0m39a28b31-a7f7-4e16-b2f1-1e1948be289c [3mplatform[0m[2m=[0mPolymarket [3mbid[0m[2m=[0m0.4 [3mask[0m[2m=[0m0.41 [3mmid[0m[2m=[0m0.4050 [3mbid_size[0m[2m=[0m327.22 [3mask_size[0m[2m=[0m141.4
[2m2026-04-12T20:17:58.699123Z[0m [34mDEBUG[0m [2mmercury::engine::detector[0m[2m:[0m No arb pairs registered for market — skipping detection [3mmarket_id[0m[2m=[0m39a28b31-a7f7-4e16-b2f1-1e1948be289c
[2m2026-04-12T20:17:58.699544Z[0m [34mDEBUG[0m [2mmercury::engine::market_actor[0m[2m:[0m Tick received — running arb detection [3mmarket_id[0m[2m=[0m39a28b31-a7f7-4e16-b2f1-1e1948be289c [3mplatform[0m[2m=[0mPolymarket [3mbid[0m[2m=[0m0.4 [3mask[0m[2m=[0m0.41 [3mmid[0m[2m=[0m0.4050 [3mbid_size[0m[2m=[0m327.22 [3mask_size[0m[2m=[0m141.4
[2m2026-04-12T20:17:58.699733Z[0m [34mDEBUG[0m [2mmercury::engine::detector[0m[2m:[0m No arb pairs registered for market — skipping detection [3mmarket_id[0m[2m=[0m39a28b31-a7f7-4e16-b2f1-1e1948be289c
[2m2026-04-12T20:17:58.813687Z[0m [34mDEBUG[0m [2mmercury::engine::market_actor[0m[2m:[0m Tick received — running arb detection [3mmarket_id[0m[2m=[0m189bf673-b643-45a5-be39-c4a3275d71a0 [3mplatform[0m[2m=[0mPolymarket [3mbid[0m[2m=[0m0.4 [3mask[0m[2m=[0m0.41 [3mmid[0m[2m=[0m0.4050 [3mbid_size[0m[2m=[0m4800.86 [3mask_size[0m[2m=[0m167.54
[2m2026-04-12T20:17:58.813915Z[0m [34mDEBUG[0m [2mmercury::engine::detector[0m[2m:[0m No arb pairs registered for market — skipping detection [3mmarket_id[0m[2m=[0m189bf673-b643-45a5-be39-c4a3275d71a0
[2m2026-04-12T20:17:58.847112Z[0m [34mDEBUG[0m [2mmercury::engine::market_actor[0m[2m:[0m Tick received — running arb detection [3mmarket_id[0m[2m=[0m189bf673-b643-45a5-be39-c4a3275d71a0 [3mplatform[0m[2m=[0mPolymarket [3mbid[0m[2m=[0m0.4 [3mask[0m[2m=[0m0.41 [3mmid[0m[2m=[0m0.4050 [3mbid_size[0m[2m=[0m4800.86 [3mask_size[0m[2m=[0m167.54
[2m2026-04-12T20:17:58.847360Z[0m [34mDEBUG[0m [2mmercury::engine::detector[0m[2m:[0m No arb pairs registered for market — skipping detection [3mmarket_id[0m[2m=[0m189bf673-b643-45a5-be39-c4a3275d71a0
[2m2026-04-12T20:17:58.886930Z[0m [34mDEBUG[0m [2mmercury::engine::market_actor[0m[2m:[0m Tick received — running arb detection [3mmarket_id[0m[2m=[0m189bf673-b643-45a5-be39-c4a3275d71a0 [3mplatform[0m[2m=[0mPolymarket [3mbid[0m[2m=[0m0.4 [3mask[0m[2m=[0m0.41 [3mmid[0m[2m=[0m0.4050 [3mbid_size[0m[2m=[0m4800.86 [3mask_size[0m[2m=[0m167.54
[2m2026-04-12T20:17:58.887177Z[0m [34mDEBUG[0m [2mmercury::engine::detector[0m[2m:[0m No arb pairs registered for market — skipping detection [3mmarket_id[0m[2m=[0m189bf673-b643-45a5-be39-c4a3275d71a0
[2m2026-04-12T20:17:58.992476Z[0m [34mDEBUG[0m [2mmercury::feeds::polymarket[0m[2m:[0m Unknown Polymarket event type [3mevent_type[0m[2m=[0mbest_bid_ask
[2m2026-04-12T20:17:58.992508Z[0m [34mDEBUG[0m [2mmercury::engine::market_actor[0m[2m:[0m Tick received — running arb detection [3mmarket_id[0m[2m=[0m189bf673-b643-45a5-be39-c4a3275d71a0 [3mplatform[0m[2m=[0mPolymarket [3mbid[0m[2m=[0m0.4 [3mask[0m[2m=[0m0.41 [3mmid[0m[2m=[0m0.4050 [3mbid_size[0m[2m=[0m4800.86 [3mask_size[0m[2m=[0m167.54
[2m2026-04-12T20:17:58.992472Z[0m [34mDEBUG[0m [2mmercury::engine::market_actor[0m[2m:[0m Tick received — running arb detection [3mmarket_id[0m[2m=[0m39a28b31-a7f7-4e16-b2f1-1e1948be289c [3mplatform[0m[2m=[0mPolymarket [3mbid[0m[2m=[0m0.4 [3mask[0m[2m=[0m0.41 [3mmid[0m[2m=[0m0.4050 [3mbid_size[0m[2m=[0m327.22 [3mask_size[0m[2m=[0m141.4
[2m2026-04-12T20:17:58.992709Z[0m [34mDEBUG[0m [2mmercury::engine::detector[0m[2m:[0m No arb pairs registered for market — skipping detection [3mmarket_id[0m[2m=[0m189bf673-b643-45a5-be39-c4a3275d71a0
[2m2026-04-12T20:17:58.992871Z[0m [34mDEBUG[0m [2mmercury::engine::detector[0m[2m:[0m No arb pairs registered for market — skipping detection [3mmarket_id[0m[2m=[0m39a28b31-a7f7-4e16-b2f1-1e1948be289c
[2m2026-04-12T20:17:58.992941Z[0m [34mDEBUG[0m [2mmercury::engine::market_actor[0m[2m:[0m Tick received — running arb detection [3mmarket_id[0m[2m=[0m189bf673-b643-45a5-be39-c4a3275d71a0 [3mplatform[0m[2m=[0mPolymarket [3mbid[0m[2m=[0m0.4 [3mask[0m[2m=[0m0.41 [3mmid[0m[2m=[0m0.4050 [3mbid_size[0m[2m=[0m4792.46 [3mask_size[0m[2m=[0m167.54
[2m2026-04-12T20:17:58.993131Z[0m [34mDEBUG[0m [2mmercury::engine::detector[0m[2m:[0m No arb pairs registered for market — skipping detection [3mmarket_id[0m[2m=[0m189bf673-b643-45a5-be39-c4a3275d71a0
[2m2026-04-12T20:17:58.993695Z[0m [34mDEBUG[0m [2mmercury::engine::market_actor[0m[2m:[0m Tick received — running arb detection [3mmarket_id[0m[2m=[0m189bf673-b643-45a5-be39-c4a3275d71a0 [3mplatform[0m[2m=[0mPolymarket [3mbid[0m[2m=[0m0.4 [3mask[0m[2m=[0m0.41 [3mmid[0m[2m=[0m0.4050 [3mbid_size[0m[2m=[0m4792.46 [3mask_size[0m[2m=[0m167.54
[2m2026-04-12T20:17:58.993877Z[0m [34mDEBUG[0m [2mmercury::engine::detector[0m[2m:[0m No arb pairs registered for market — skipping detection [3mmarket_id[0m[2m=[0m189bf673-b643-45a5-be39-c4a3275d71a0
[2m2026-04-12T20:17:59.000775Z[0m [34mDEBUG[0m [2mmercury::engine::market_actor[0m[2m:[0m Tick received — running arb detection [3mmarket_id[0m[2m=[0m189bf673-b643-45a5-be39-c4a3275d71a0 [3mplatform[0m[2m=[0mPolymarket [3mbid[0m[2m=[0m0.4 [3mask[0m[2m=[0m0.41 [3mmid[0m[2m=[0m0.4050 [3mbid_size[0m[2m=[0m4792.46 [3mask_size[0m[2m=[0m167.54
[2m2026-04-12T20:17:59.000795Z[0m [34mDEBUG[0m [2mmercury::engine::market_actor[0m[2m:[0m Tick received — running arb detection [3mmarket_id[0m[2m=[0m39a28b31-a7f7-4e16-b2f1-1e1948be289c [3mplatform[0m[2m=[0mPolymarket [3mbid[0m[2m=[0m0.4 [3mask[0m[2m=[0m0.41 [3mmid[0m[2m=[0m0.4050 [3mbid_size[0m[2m=[0m327.22 [3mask_size[0m[2m=[0m141.4
[2m2026-04-12T20:17:59.000945Z[0m [34mDEBUG[0m [2mmercury::engine::market_actor[0m[2m:[0m Tick received — running arb detection [3mmarket_id[0m[2m=[0mbc548cd4-ced9-48e8-b131-410c92fb3a0e [3mplatform[0m[2m=[0mPolymarket [3mbid[0m[2m=[0m0.45 [3mask[0m[2m=[0m0.46 [3mmid[0m[2m=[0m0.4550 [3mbid_size[0m[2m=[0m6.72 [3mask_size[0m[2m=[0m126.3
[2m2026-04-12T20:17:59.000964Z[0m [34mDEBUG[0m [2mmercury::engine::detector[0m[2m:[0m No arb pairs registered for market — skipping detection [3mmarket_id[0m[2m=[0m189bf673-b643-45a5-be39-c4a3275d71a0
[2m2026-04-12T20:17:59.001143Z[0m [34mDEBUG[0m [2mmercury::engine::detector[0m[2m:[0m No arb pairs registered for market — skipping detection [3mmarket_id[0m[2m=[0m39a28b31-a7f7-4e16-b2f1-1e1948be289c
[2m2026-04-12T20:17:59.001141Z[0m [34mDEBUG[0m [2mmercury::engine::market_actor[0m[2m:[0m Tick received — running arb detection [3mmarket_id[0m[2m=[0m189bf673-b643-45a5-be39-c4a3275d71a0 [3mplatform[0m[2m=[0mPolymarket [3mbid[0m[2m=[0m0.4 [3mask[0m[2m=[0m0.41 [3mmid[0m[2m=[0m0.4050 [3mbid_size[0m[2m=[0m4792.46 [3mask_size[0m[2m=[0m167.54
[2m2026-04-12T20:17:59.001258Z[0m [34mDEBUG[0m [2mmercury::engine::detector[0m[2m:[0m No arb pairs registered for market — skipping detection [3mmarket_id[0m[2m=[0m189bf673-b643-45a5-be39-c4a3275d71a0
[2m2026-04-12T20:17:59.001244Z[0m [34mDEBUG[0m [2mmercury::engine::market_actor[0m[2m:[0m Tick received — running arb detection [3mmarket_id[0m[2m=[0m39a28b31-a7f7-4e16-b2f1-1e1948be289c [3mplatform[0m[2m=[0mPolymarket [3mbid[0m[2m=[0m0.4 [3mask[0m[2m=[0m0.41 [3mmid[0m[2m=[0m0.4050 [3mbid_size[0m[2m=[0m327.22 [3mask_size[0m[2m=[0m141.4
[2m2026-04-12T20:17:59.001362Z[0m [34mDEBUG[0m [2mmercury::engine::detector[0m[2m:[0m No arb pairs registered for market — skipping detection [3mmarket_id[0m[2m=[0mbc548cd4-ced9-48e8-b131-410c92fb3a0e
[2m2026-04-12T20:17:59.001460Z[0m [34mDEBUG[0m [2mmercury::engine::detector[0m[2m:[0m No arb pairs registered for market — skipping detection [3mmarket_id[0m[2m=[0m39a28b31-a7f7-4e16-b2f1-1e1948be289c
[2m2026-04-12T20:17:59.022889Z[0m [34mDEBUG[0m [2mmercury::engine::market_actor[0m[2m:[0m Tick received — running arb detection [3mmarket_id[0m[2m=[0mbc548cd4-ced9-48e8-b131-410c92fb3a0e [3mplatform[0m[2m=[0mPolymarket [3mbid[0m[2m=[0m0.45 [3mask[0m[2m=[0m0.46 [3mmid[0m[2m=[0m0.4550 [3mbid_size[0m[2m=[0m6.72 [3mask_size[0m[2m=[0m126.3
[2m2026-04-12T20:17:59.022957Z[0m [34mDEBUG[0m [2mmercury::engine::market_actor[0m[2m:[0m Tick received — running arb detection [3mmarket_id[0m[2m=[0m2285bae6-253b-4085-b0d1-0af34b5530b6 [3mplatform[0m[2m=[0mPolymarket [3mbid[0m[2m=[0m0.37 [3mask[0m[2m=[0m0.41 [3mmid[0m[2m=[0m0.39 [3mbid_size[0m[2m=[0m2.2 [3mask_size[0m[2m=[0m111.64
[2m2026-04-12T20:17:59.023007Z[0m [34mDEBUG[0m [2mmercury::engine::market_actor[0m[2m:[0m Tick received — running arb detection [3mmarket_id[0m[2m=[0m189bf673-b643-45a5-be39-c4a3275d71a0 [3mplatform[0m[2m=[0mPolymarket [3mbid[0m[2m=[0m0.4 [3mask[0m[2m=[0m0.41 [3mmid[0m[2m=[0m0.4050 [3mbid_size[0m[2m=[0m4792.46 [3mask_size[0m[2m=[0m167.54
[2m2026-04-12T20:17:59.023070Z[0m [34mDEBUG[0m [2mmercury::engine::detector[0m[2m:[0m No arb pairs registered for market — skipping detection [3mmarket_id[0m[2m=[0mbc548cd4-ced9-48e8-b131-410c92fb3a0e
[2m2026-04-12T20:17:59.023156Z[0m [34mDEBUG[0m [2mmercury::engine::detector[0m[2m:[0m No arb pairs registered for market — skipping detection [3mmarket_id[0m[2m=[0m2285bae6-253b-4085-b0d1-0af34b5530b6
[2m2026-04-12T20:17:59.023266Z[0m [34mDEBUG[0m [2mmercury::engine::detector[0m[2m:[0m No arb pairs registered for market — skipping detection [3mmarket_id[0m[2m=[0m189bf673-b643-45a5-be39-c4a3275d71a0
[2m2026-04-12T20:17:59.023349Z[0m [34mDEBUG[0m [2mmercury::engine::market_actor[0m[2m:[0m Tick received — running arb detection [3mmarket_id[0m[2m=[0m189bf673-b643-45a5-be39-c4a3275d71a0 [3mplatform[0m[2m=[0mPolymarket [3mbid[0m[2m=[0m0.4 [3mask[0m[2m=[0m0.41 [3mmid[0m[2m=[0m0.4050 [3mbid_size[0m[2m=[0m4792.46 [3mask_size[0m[2m=[0m167.54
[2m2026-04-12T20:17:59.023455Z[0m [34mDEBUG[0m [2mmercury::engine::detector[0m[2m:[0m No arb pairs registered for market — skipping detection [3mmarket_id[0m[2m=[0m189bf673-b643-45a5-be39-c4a3275d71a0
[2m2026-04-12T20:17:59.023532Z[0m [34mDEBUG[0m [2mmercury::engine::market_actor[0m[2m:[0m Tick received — running arb detection [3mmarket_id[0m[2m=[0m189bf673-b643-45a5-be39-c4a3275d71a0 [3mplatform[0m[2m=[0mPolymarket [3mbid[0m[2m=[0m0.4 [3mask[0m[2m=[0m0.41 [3mmid[0m[2m=[0m0.4050 [3mbid_size[0m[2m=[0m4792.46 [3mask_size[0m[2m=[0m167.54
[2m2026-04-12T20:17:59.023635Z[0m [34mDEBUG[0m [2mmercury::engine::detector[0m[2m:[0m No arb pairs registered for market — skipping detection [3mmarket_id[0m[2m=[0m189bf673-b643-45a5-be39-c4a3275d71a0
[2m2026-04-12T20:17:59.047574Z[0m [34mDEBUG[0m [2mmercury::engine::market_actor[0m[2m:[0m Tick received — running arb detection [3mmarket_id[0m[2m=[0m189bf673-b643-45a5-be39-c4a3275d71a0 [3mplatform[0m[2m=[0mPolymarket [3mbid[0m[2m=[0m0.4 [3mask[0m[2m=[0m0.41 [3mmid[0m[2m=[0m0.4050 [3mbid_size[0m[2m=[0m4792.46 [3mask_size[0m[2m=[0m167.54
[2m2026-04-12T20:17:59.047692Z[0m [34mDEBUG[0m [2mmercury::engine::market_actor[0m[2m:[0m Tick received — running arb detection [3mmarket_id[0m[2m=[0m2285bae6-253b-4085-b0d1-0af34b5530b6 [3mplatform[0m[2m=[0mPolymarket [3mbid[0m[2m=[0m0.37 [3mask[0m[2m=[0m0.41 [3mmid[0m[2m=[0m0.39 [3mbid_size[0m[2m=[0m2.2 [3mask_size[0m[2m=[0m111.64
[2m2026-04-12T20:17:59.047754Z[0m [34mDEBUG[0m [2mmercury::engine::detector[0m[2m:[0m No arb pairs registered for market — skipping detection [3mmarket_id[0m[2m=[0m189bf673-b643-45a5-be39-c4a3275d71a0
[2m2026-04-12T20:17:59.047820Z[0m [34mDEBUG[0m [2mmercury::engine::market_actor[0m[2m:[0m Tick received — running arb detection [3mmarket_id[0m[2m=[0m39a28b31-a7f7-4e16-b2f1-1e1948be289c [3mplatform[0m[2m=[0mPolymarket [3mbid[0m[2m=[0m0.4 [3mask[0m[2m=[0m0.41 [3mmid[0m[2m=[0m0.4050 [3mbid_size[0m[2m=[0m327.22 [3mask_size[0m[2m=[0m141.4
[2m2026-04-12T20:17:59.047863Z[0m [34mDEBUG[0m [2mmercury::engine::detector[0m[2m:[0m No arb pairs registered for market — skipping detection [3mmarket_id[0m[2m=[0m2285bae6-253b-4085-b0d1-0af34b5530b6
[2m2026-04-12T20:17:59.047849Z[0m [34mDEBUG[0m [2mmercury::engine::market_actor[0m[2m:[0m Tick received — running arb detection [3mmarket_id[0m[2m=[0m189bf673-b643-45a5-be39-c4a3275d71a0 [3mplatform[0m[2m=[0mPolymarket [3mbid[0m[2m=[0m0.4 [3mask[0m[2m=[0m0.41 [3mmid[0m[2m=[0m0.4050 [3mbid_size[0m[2m=[0m4792.46 [3mask_size[0m[2m=[0m167.54
[2m2026-04-12T20:17:59.047930Z[0m [34mDEBUG[0m [2mmercury::engine::market_actor[0m[2m:[0m Tick received — running arb detection [3mmarket_id[0m[2m=[0mbc548cd4-ced9-48e8-b131-410c92fb3a0e [3mplatform[0m[2m=[0mPolymarket [3mbid[0m[2m=[0m0.45 [3mask[0m[2m=[0m0.46 [3mmid[0m[2m=[0m0.4550 [3mbid_size[0m[2m=[0m6.72 [3mask_size[0m[2m=[0m126.3
[2m2026-04-12T20:17:59.047955Z[0m [34mDEBUG[0m [2mmercury::engine::detector[0m[2m:[0m No arb pairs registered for market — skipping detection [3mmarket_id[0m[2m=[0m39a28b31-a7f7-4e16-b2f1-1e1948be289c
[2m2026-04-12T20:17:59.048113Z[0m [34mDEBUG[0m [2mmercury::engine::detector[0m[2m:[0m No arb pairs registered for market — skipping detection [3mmarket_id[0m[2m=[0m189bf673-b643-45a5-be39-c4a3275d71a0
[2m2026-04-12T20:17:59.048115Z[0m [34mDEBUG[0m [2mmercury::engine::market_actor[0m[2m:[0m Tick received — running arb detection [3mmarket_id[0m[2m=[0m39a28b31-a7f7-4e16-b2f1-1e1948be289c [3mplatform[0m[2m=[0mPolymarket [3mbid[0m[2m=[0m0.4 [3mask[0m[2m=[0m0.41 [3mmid[0m[2m=[0m0.4050 [3mbid_size[0m[2m=[0m327.22 [3mask_size[0m[2m=[0m141.4
[2m2026-04-12T20:17:59.048246Z[0m [34mDEBUG[0m [2mmercury::engine::market_actor[0m[2m:[0m Tick received — running arb detection [3mmarket_id[0m[2m=[0m189bf673-b643-45a5-be39-c4a3275d71a0 [3mplatform[0m[2m=[0mPolymarket [3mbid[0m[2m=[0m0.4 [3mask[0m[2m=[0m0.41 [3mmid[0m[2m=[0m0.4050 [3mbid_size[0m[2m=[0m4792.46 [3mask_size[0m[2m=[0m167.54
[2m2026-04-12T20:17:59.048283Z[0m [34mDEBUG[0m [2mmercury::engine::detector[0m[2m:[0m No arb pairs registered for market — skipping detection [3mmarket_id[0m[2m=[0mbc548cd4-ced9-48e8-b131-410c92fb3a0e
[2m2026-04-12T20:17:59.048397Z[0m [34mDEBUG[0m [2mmercury::engine::detector[0m[2m:[0m No arb pairs registered for market — skipping detection [3mmarket_id[0m[2m=[0m39a28b31-a7f7-4e16-b2f1-1e1948be289c
[2m2026-04-12T20:17:59.048517Z[0m [34mDEBUG[0m [2mmercury::engine::detector[0m[2m:[0m No arb pairs registered for market — skipping detection [3mmarket_id[0m[2m=[0m189bf673-b643-45a5-be39-c4a3275d71a0
[2m2026-04-12T20:17:59.058625Z[0m [34mDEBUG[0m [2mmercury::engine::market_actor[0m[2m:[0m Tick received — running arb detection [3mmarket_id[0m[2m=[0mbc548cd4-ced9-48e8-b131-410c92fb3a0e [3mplatform[0m[2m=[0mPolymarket [3mbid[0m[2m=[0m0.45 [3mask[0m[2m=[0m0.46 [3mmid[0m[2m=[0m0.4550 [3mbid_size[0m[2m=[0m6.72 [3mask_size[0m[2m=[0m126.3
[2m2026-04-12T20:17:59.058979Z[0m [34mDEBUG[0m [2mmercury::engine::detector[0m[2m:[0m No arb pairs registered for market — skipping detection [3mmarket_id[0m[2m=[0mbc548cd4-ced9-48e8-b131-410c92fb3a0e
[2m2026-04-12T20:17:59.139199Z[0m [34mDEBUG[0m [2mmercury::feeds::polymarket[0m[2m:[0m Unknown Polymarket event type [3mevent_type[0m[2m=[0mbest_bid_ask
[2m2026-04-12T20:17:59.139988Z[0m [34mDEBUG[0m [2mmercury::engine::market_actor[0m[2m:[0m Tick received — running arb detection [3mmarket_id[0m[2m=[0m189bf673-b643-45a5-be39-c4a3275d71a0 [3mplatform[0m[2m=[0mPolymarket [3mbid[0m[2m=[0m0.4 [3mask[0m[2m=[0m0.41 [3mmid[0m[2m=[0m0.4050 [3mbid_size[0m[2m=[0m4742.64 [3mask_size[0m[2m=[0m167.54
[2m2026-04-12T20:17:59.140203Z[0m [34mDEBUG[0m [2mmercury::engine::detector[0m[2m:[0m No arb pairs registered for market — skipping detection [3mmarket_id[0m[2m=[0m189bf673-b643-45a5-be39-c4a3275d71a0
[2m2026-04-12T20:17:59.140549Z[0m [34mDEBUG[0m [2mmercury::engine::market_actor[0m[2m:[0m Tick received — running arb detection [3mmarket_id[0m[2m=[0m189bf673-b643-45a5-be39-c4a3275d71a0 [3mplatform[0m[2m=[0mPolymarket [3mbid[0m[2m=[0m0.4 [3mask[0m[2m=[0m0.41 [3mmid[0m[2m=[0m0.4050 [3mbid_size[0m[2m=[0m4742.64 [3mask_size[0m[2m=[0m167.54
[2m2026-04-12T20:17:59.140729Z[0m [34mDEBUG[0m [2mmercury::engine::detector[0m[2m:[0m No arb pairs registered for market — skipping detection [3mmarket_id[0m[2m=[0m189bf673-b643-45a5-be39-c4a3275d71a0
[2m2026-04-12T20:17:59.344611Z[0m [34mDEBUG[0m [2mmercury::engine::market_actor[0m[2m:[0m Tick received — running arb detection [3mmarket_id[0m[2m=[0m189bf673-b643-45a5-be39-c4a3275d71a0 [3mplatform[0m[2m=[0mPolymarket [3mbid[0m[2m=[0m0.4 [3mask[0m[2m=[0m0.41 [3mmid[0m[2m=[0m0.4050 [3mbid_size[0m[2m=[0m4742.64 [3mask_size[0m[2m=[0m167.54
[2m2026-04-12T20:17:59.344779Z[0m [34mDEBUG[0m [2mmercury::engine::market_actor[0m[2m:[0m Tick received — running arb detection [3mmarket_id[0m[2m=[0m39a28b31-a7f7-4e16-b2f1-1e1948be289c [3mplatform[0m[2m=[0mPolymarket [3mbid[0m[2m=[0m0.4 [3mask[0m[2m=[0m0.41 [3mmid[0m[2m=[0m0.4050 [3mbid_size[0m[2m=[0m327.22 [3mask_size[0m[2m=[0m141.4
[2m2026-04-12T20:17:59.344867Z[0m [34mDEBUG[0m [2mmercury::engine::detector[0m[2m:[0m No arb pairs registered for market — skipping detection [3mmarket_id[0m[2m=[0m189bf673-b643-45a5-be39-c4a3275d71a0
[2m2026-04-12T20:17:59.344977Z[0m [34mDEBUG[0m [2mmercury::engine::detector[0m[2m:[0m No arb pairs registered for market — skipping detection [3mmarket_id[0m[2m=[0m39a28b31-a7f7-4e16-b2f1-1e1948be289c
[2m2026-04-12T20:17:59.345102Z[0m [34mDEBUG[0m [2mmercury::engine::market_actor[0m[2m:[0m Tick received — running arb detection [3mmarket_id[0m[2m=[0m39a28b31-a7f7-4e16-b2f1-1e1948be289c [3mplatform[0m[2m=[0mPolymarket [3mbid[0m[2m=[0m0.4 [3mask[0m[2m=[0m0.41 [3mmid[0m[2m=[0m0.4050 [3mbid_size[0m[2m=[0m327.22 [3mask_size[0m[2m=[0m141.4
[2m2026-04-12T20:17:59.345254Z[0m [34mDEBUG[0m [2mmercury::engine::detector[0m[2m:[0m No arb pairs registered for market — skipping detection [3mmarket_id[0m[2m=[0m39a28b31-a7f7-4e16-b2f1-1e1948be289c
[2m2026-04-12T20:17:59.345370Z[0m [34mDEBUG[0m [2mmercury::engine::market_actor[0m[2m:[0m Tick received — running arb detection [3mmarket_id[0m[2m=[0m39a28b31-a7f7-4e16-b2f1-1e1948be289c [3mplatform[0m[2m=[0mPolymarket [3mbid[0m[2m=[0m0.4 [3mask[0m[2m=[0m0.41 [3mmid[0m[2m=[0m0.4050 [3mbid_size[0m[2m=[0m327.22 [3mask_size[0m[2m=[0m141.4
[2m2026-04-12T20:17:59.345525Z[0m [34mDEBUG[0m [2mmercury::engine::detector[0m[2m:[0m No arb pairs registered for market — skipping detection [3mmarket_id[0m[2m=[0m39a28b31-a7f7-4e16-b2f1-1e1948be289c
[2m2026-04-12T20:17:59.398829Z[0m [34mDEBUG[0m [2mmercury::engine::market_actor[0m[2m:[0m Tick received — running arb detection [3mmarket_id[0m[2m=[0m39a28b31-a7f7-4e16-b2f1-1e1948be289c [3mplatform[0m[2m=[0mPolymarket [3mbid[0m[2m=[0m0.4 [3mask[0m[2m=[0m0.41 [3mmid[0m[2m=[0m0.4050 [3mbid_size[0m[2m=[0m327.22 [3mask_size[0m[2m=[0m141.4
[2m2026-04-12T20:17:59.399071Z[0m [34mDEBUG[0m [2mmercury::engine::detector[0m[2m:[0m No arb pairs registered for market — skipping detection [3mmarket_id[0m[2m=[0m39a28b31-a7f7-4e16-b2f1-1e1948be289c
[2m2026-04-12T20:17:59.399198Z[0m [34mDEBUG[0m [2mmercury::engine::market_actor[0m[2m:[0m Tick received — running arb detection [3mmarket_id[0m[2m=[0m39a28b31-a7f7-4e16-b2f1-1e1948be289c [3mplatform[0m[2m=[0mPolymarket [3mbid[0m[2m=[0m0.4 [3mask[0m[2m=[0m0.41 [3mmid[0m[2m=[0m0.4050 [3mbid_size[0m[2m=[0m327.22 [3mask_size[0m[2m=[0m141.4
[2m2026-04-12T20:17:59.399245Z[0m [34mDEBUG[0m [2mmercury::engine::market_actor[0m[2m:[0m Tick received — running arb detection [3mmarket_id[0m[2m=[0m189bf673-b643-45a5-be39-c4a3275d71a0 [3mplatform[0m[2m=[0mPolymarket [3mbid[0m[2m=[0m0.4 [3mask[0m[2m=[0m0.41 [3mmid[0m[2m=[0m0.4050 [3mbid_size[0m[2m=[0m4742.64 [3mask_size[0m[2m=[0m167.54
[2m2026-04-12T20:17:59.399290Z[0m [34mDEBUG[0m [2mmercury::engine::market_actor[0m[2m:[0m Tick received — running arb detection [3mmarket_id[0m[2m=[0mbc548cd4-ced9-48e8-b131-410c92fb3a0e [3mplatform[0m[2m=[0mPolymarket [3mbid[0m[2m=[0m0.45 [3mask[0m[2m=[0m0.46 [3mmid[0m[2m=[0m0.4550 [3mbid_size[0m[2m=[0m6.72 [3mask_size[0m[2m=[0m126.3
[2m2026-04-12T20:17:59.399357Z[0m [34mDEBUG[0m [2mmercury::engine::detector[0m[2m:[0m No arb pairs registered for market — skipping detection [3mmarket_id[0m[2m=[0m39a28b31-a7f7-4e16-b2f1-1e1948be289c
[2m2026-04-12T20:17:59.399475Z[0m [34mDEBUG[0m [2mmercury::engine::detector[0m[2m:[0m No arb pairs registered for market — skipping detection [3mmarket_id[0m[2m=[0mbc548cd4-ced9-48e8-b131-410c92fb3a0e
[2m2026-04-12T20:17:59.399481Z[0m [34mDEBUG[0m [2mmercury::engine::market_actor[0m[2m:[0m Tick received — running arb detection [3mmarket_id[0m[2m=[0m39a28b31-a7f7-4e16-b2f1-1e1948be289c [3mplatform[0m[2m=[0mPolymarket [3mbid[0m[2m=[0m0.4 [3mask[0m[2m=[0m0.41 [3mmid[0m[2m=[0m0.4050 [3mbid_size[0m[2m=[0m327.22 [3mask_size[0m[2m=[0m141.4
[2m2026-04-12T20:17:59.399630Z[0m [34mDEBUG[0m [2mmercury::engine::detector[0m[2m:[0m No arb pairs registered for market — skipping detection [3mmarket_id[0m[2m=[0m189bf673-b643-45a5-be39-c4a3275d71a0
[2m2026-04-12T20:17:59.399790Z[0m [34mDEBUG[0m [2mmercury::engine::detector[0m[2m:[0m No arb pairs registered for market — skipping detection [3mmarket_id[0m[2m=[0m39a28b31-a7f7-4e16-b2f1-1e1948be289c
[2m2026-04-12T20:17:59.399952Z[0m [34mDEBUG[0m [2mmercury::engine::market_actor[0m[2m:[0m Tick received — running arb detection [3mmarket_id[0m[2m=[0m39a28b31-a7f7-4e16-b2f1-1e1948be289c [3mplatform[0m[2m=[0mPolymarket [3mbid[0m[2m=[0m0.4 [3mask[0m[2m=[0m0.41 [3mmid[0m[2m=[0m0.4050 [3mbid_size[0m[2m=[0m327.22 [3mask_size[0m[2m=[0m141.4
[2m2026-04-12T20:17:59.400116Z[0m [34mDEBUG[0m [2mmercury::engine::detector[0m[2m:[0m No arb pairs registered for market — skipping detection [3mmarket_id[0m[2m=[0m39a28b31-a7f7-4e16-b2f1-1e1948be289c
[2m2026-04-12T20:17:59.408558Z[0m [34mDEBUG[0m [2mmercury::engine::market_actor[0m[2m:[0m Tick received — running arb detection [3mmarket_id[0m[2m=[0m189bf673-b643-45a5-be39-c4a3275d71a0 [3mplatform[0m[2m=[0mPolymarket [3mbid[0m[2m=[0m0.4 [3mask[0m[2m=[0m0.41 [3mmid[0m[2m=[0m0.4050 [3mbid_size[0m[2m=[0m4742.64 [3mask_size[0m[2m=[0m167.54
[2m2026-04-12T20:17:59.408587Z[0m [34mDEBUG[0m [2mmercury::engine::market_actor[0m[2m:[0m Tick received — running arb detection [3mmarket_id[0m[2m=[0m39a28b31-a7f7-4e16-b2f1-1e1948be289c [3mplatform[0m[2m=[0mPolymarket [3mbid[0m[2m=[0m0.4 [3mask[0m[2m=[0m0.41 [3mmid[0m[2m=[0m0.4050 [3mbid_size[0m[2m=[0m327.22 [3mask_size[0m[2m=[0m141.4
[2m2026-04-12T20:17:59.408819Z[0m [34mDEBUG[0m [2mmercury::engine::detector[0m[2m:[0m No arb pairs registered for market — skipping detection [3mmarket_id[0m[2m=[0m189bf673-b643-45a5-be39-c4a3275d71a0
[2m2026-04-12T20:17:59.408971Z[0m [34mDEBUG[0m [2mmercury::engine::detector[0m[2m:[0m No arb pairs registered for market — skipping detection [3mmarket_id[0m[2m=[0m39a28b31-a7f7-4e16-b2f1-1e1948be289c
[2m2026-04-12T20:17:59.409118Z[0m [34mDEBUG[0m [2mmercury::engine::market_actor[0m[2m:[0m Tick received — running arb detection [3mmarket_id[0m[2m=[0m39a28b31-a7f7-4e16-b2f1-1e1948be289c [3mplatform[0m[2m=[0mPolymarket [3mbid[0m[2m=[0m0.4 [3mask[0m[2m=[0m0.41 [3mmid[0m[2m=[0m0.4050 [3mbid_size[0m[2m=[0m327.22 [3mask_size[0m[2m=[0m141.4
[2m2026-04-12T20:17:59.409280Z[0m [34mDEBUG[0m [2mmercury::engine::detector[0m[2m:[0m No arb pairs registered for market — skipping detection [3mmarket_id[0m[2m=[0m39a28b31-a7f7-4e16-b2f1-1e1948be289c
[2m2026-04-12T20:17:59.446395Z[0m [34mDEBUG[0m [2mmercury::engine::market_actor[0m[2m:[0m Tick received — running arb detection [3mmarket_id[0m[2m=[0m189bf673-b643-45a5-be39-c4a3275d71a0 [3mplatform[0m[2m=[0mPolymarket [3mbid[0m[2m=[0m0.4 [3mask[0m[2m=[0m0.41 [3mmid[0m[2m=[0m0.4050 [3mbid_size[0m[2m=[0m4742.64 [3mask_size[0m[2m=[0m167.54
[2m2026-04-12T20:17:59.446683Z[0m [34mDEBUG[0m [2mmercury::engine::detector[0m[2m:[0m No arb pairs registered for market — skipping detection [3mmarket_id[0m[2m=[0m189bf673-b643-45a5-be39-c4a3275d71a0
[2m2026-04-12T20:17:59.450088Z[0m [34mDEBUG[0m [2mmercury::engine::market_actor[0m[2m:[0m Tick received — running arb detection [3mmarket_id[0m[2m=[0m189bf673-b643-45a5-be39-c4a3275d71a0 [3mplatform[0m[2m=[0mPolymarket [3mbid[0m[2m=[0m0.4 [3mask[0m[2m=[0m0.41 [3mmid[0m[2m=[0m0.4050 [3mbid_size[0m[2m=[0m4742.64 [3mask_size[0m[2m=[0m167.54
[2m2026-04-12T20:17:59.450238Z[0m [34mDEBUG[0m [2mmercury::engine::detector[0m[2m:[0m No arb pairs registered for market — skipping detection [3mmarket_id[0m[2m=[0m189bf673-b643-45a5-be39-c4a3275d71a0
[2m2026-04-12T20:17:59.460132Z[0m [34mDEBUG[0m [2mmercury::engine::market_actor[0m[2m:[0m Tick received — running arb detection [3mmarket_id[0m[2m=[0m2285bae6-253b-4085-b0d1-0af34b5530b6 [3mplatform[0m[2m=[0mPolymarket [3mbid[0m[2m=[0m0.37 [3mask[0m[2m=[0m0.41 [3mmid[0m[2m=[0m0.39 [3mbid_size[0m[2m=[0m2.2 [3mask_size[0m[2m=[0m111.64
[2m2026-04-12T20:17:59.460486Z[0m [34mDEBUG[0m [2mmercury::engine::detector[0m[2m:[0m No arb pairs registered for market — skipping detection [3mmarket_id[0m[2m=[0m2285bae6-253b-4085-b0d1-0af34b5530b6
[2m2026-04-12T20:17:59.501741Z[0m [34mDEBUG[0m [2mmercury::engine::market_actor[0m[2m:[0m Tick received — running arb detection [3mmarket_id[0m[2m=[0m39a28b31-a7f7-4e16-b2f1-1e1948be289c [3mplatform[0m[2m=[0mPolymarket [3mbid[0m[2m=[0m0.4 [3mask[0m[2m=[0m0.41 [3mmid[0m[2m=[0m0.4050 [3mbid_size[0m[2m=[0m327.22 [3mask_size[0m[2m=[0m199.4
[2m2026-04-12T20:17:59.501987Z[0m [34mDEBUG[0m [2mmercury::engine::detector[0m[2m:[0m No arb pairs registered for market — skipping detection [3mmarket_id[0m[2m=[0m39a28b31-a7f7-4e16-b2f1-1e1948be289c
[2m2026-04-12T20:17:59.502114Z[0m [34mDEBUG[0m [2mmercury::engine::market_actor[0m[2m:[0m Tick received — running arb detection [3mmarket_id[0m[2m=[0m39a28b31-a7f7-4e16-b2f1-1e1948be289c [3mplatform[0m[2m=[0mPolymarket [3mbid[0m[2m=[0m0.4 [3mask[0m[2m=[0m0.41 [3mmid[0m[2m=[0m0.4050 [3mbid_size[0m[2m=[0m327.22 [3mask_size[0m[2m=[0m199.4
[2m2026-04-12T20:17:59.502278Z[0m [34mDEBUG[0m [2mmercury::engine::detector[0m[2m:[0m No arb pairs registered for market — skipping detection [3mmarket_id[0m[2m=[0m39a28b31-a7f7-4e16-b2f1-1e1948be289c
[2m2026-04-12T20:17:59.502399Z[0m [34mDEBUG[0m [2mmercury::engine::market_actor[0m[2m:[0m Tick received — running arb detection [3mmarket_id[0m[2m=[0m39a28b31-a7f7-4e16-b2f1-1e1948be289c [3mplatform[0m[2m=[0mPolymarket [3mbid[0m[2m=[0m0.4 [3mask[0m[2m=[0m0.41 [3mmid[0m[2m=[0m0.4050 [3mbid_size[0m[2m=[0m327.22 [3mask_size[0m[2m=[0m199.4
[2m2026-04-12T20:17:59.502553Z[0m [34mDEBUG[0m [2mmercury::engine::detector[0m[2m:[0m No arb pairs registered for market — skipping detection [3mmarket_id[0m[2m=[0m39a28b31-a7f7-4e16-b2f1-1e1948be289c
[2m2026-04-12T20:17:59.548858Z[0m [34mDEBUG[0m [2mmercury::engine::market_actor[0m[2m:[0m Tick received — running arb detection [3mmarket_id[0m[2m=[0m2b958b37-9921-40b8-b22d-64a67138ae70 [3mplatform[0m[2m=[0mPolymarket [3mbid[0m[2m=[0m0.5 [3mask[0m[2m=[0m0.51 [3mmid[0m[2m=[0m0.5050 [3mbid_size[0m[2m=[0m112 [3mask_size[0m[2m=[0m10
[2m2026-04-12T20:17:59.549203Z[0m [34mDEBUG[0m [2mmercury::engine::detector[0m[2m:[0m No arb pairs registered for market — skipping detection [3mmarket_id[0m[2m=[0m2b958b37-9921-40b8-b22d-64a67138ae70
[2m2026-04-12T20:17:59.555785Z[0m [34mDEBUG[0m [2mmercury::engine::market_actor[0m[2m:[0m Tick received — running arb detection [3mmarket_id[0m[2m=[0m2285bae6-253b-4085-b0d1-0af34b5530b6 [3mplatform[0m[2m=[0mPolymarket [3mbid[0m[2m=[0m0.37 [3mask[0m[2m=[0m0.41 [3mmid[0m[2m=[0m0.39 [3mbid_size[0m[2m=[0m2.2 [3mask_size[0m[2m=[0m111.64
[2m2026-04-12T20:17:59.555807Z[0m [34mDEBUG[0m [2mmercury::engine::market_actor[0m[2m:[0m Tick received — running arb detection [3mmarket_id[0m[2m=[0m189bf673-b643-45a5-be39-c4a3275d71a0 [3mplatform[0m[2m=[0mPolymarket [3mbid[0m[2m=[0m0.4 [3mask[0m[2m=[0m0.41 [3mmid[0m[2m=[0m0.4050 [3mbid_size[0m[2m=[0m4742.64 [3mask_size[0m[2m=[0m167.54
[2m2026-04-12T20:17:59.556105Z[0m [34mDEBUG[0m [2mmercury::engine::detector[0m[2m:[0m No arb pairs registered for market — skipping detection [3mmarket_id[0m[2m=[0m2285bae6-253b-4085-b0d1-0af34b5530b6
[2m2026-04-12T20:17:59.556262Z[0m [34mDEBUG[0m [2mmercury::engine::detector[0m[2m:[0m No arb pairs registered for market — skipping detection [3mmarket_id[0m[2m=[0m189bf673-b643-45a5-be39-c4a3275d71a0
[2m2026-04-12T20:17:59.601742Z[0m [34mDEBUG[0m [2mmercury::feeds::polymarket[0m[2m:[0m Unknown Polymarket event type [3mevent_type[0m[2m=[0mbest_bid_ask
[2m2026-04-12T20:17:59.602222Z[0m [34mDEBUG[0m [2mmercury::engine::market_actor[0m[2m:[0m Tick received — running arb detection [3mmarket_id[0m[2m=[0m39a28b31-a7f7-4e16-b2f1-1e1948be289c [3mplatform[0m[2m=[0mPolymarket [3mbid[0m[2m=[0m0.4 [3mask[0m[2m=[0m0.41 [3mmid[0m[2m=[0m0.4050 [3mbid_size[0m[2m=[0m315.85 [3mask_size[0m[2m=[0m199.4
[2m2026-04-12T20:17:59.602374Z[0m [34mDEBUG[0m [2mmercury::engine::detector[0m[2m:[0m No arb pairs registered for market — skipping detection [3mmarket_id[0m[2m=[0m39a28b31-a7f7-4e16-b2f1-1e1948be289c
[2m2026-04-12T20:17:59.602633Z[0m [34mDEBUG[0m [2mmercury::engine::market_actor[0m[2m:[0m Tick received — running arb detection [3mmarket_id[0m[2m=[0m39a28b31-a7f7-4e16-b2f1-1e1948be289c [3mplatform[0m[2m=[0mPolymarket [3mbid[0m[2m=[0m0.4 [3mask[0m[2m=[0m0.41 [3mmid[0m[2m=[0m0.4050 [3mbid_size[0m[2m=[0m315.85 [3mask_size[0m[2m=[0m199.4
[2m2026-04-12T20:17:59.602775Z[0m [34mDEBUG[0m [2mmercury::engine::detector[0m[2m:[0m No arb pairs registered for market — skipping detection [3mmarket_id[0m[2m=[0m39a28b31-a7f7-4e16-b2f1-1e1948be289c
[2m2026-04-12T20:17:59.609649Z[0m [34mDEBUG[0m [2mmercury::engine::market_actor[0m[2m:[0m Tick received — running arb detection [3mmarket_id[0m[2m=[0m39a28b31-a7f7-4e16-b2f1-1e1948be289c [3mplatform[0m[2m=[0mPolymarket [3mbid[0m[2m=[0m0.4 [3mask[0m[2m=[0m0.41 [3mmid[0m[2m=[0m0.4050 [3mbid_size[0m[2m=[0m315.85 [3mask_size[0m[2m=[0m199.4
[2m2026-04-12T20:17:59.609663Z[0m [34mDEBUG[0m [2mmercury::engine::market_actor[0m[2m:[0m Tick received — running arb detection [3mmarket_id[0m[2m=[0m189bf673-b643-45a5-be39-c4a3275d71a0 [3mplatform[0m[2m=[0mPolymarket [3mbid[0m[2m=[0m0.4 [3mask[0m[2m=[0m0.41 [3mmid[0m[2m=[0m0.4050 [3mbid_size[0m[2m=[0m4742.64 [3mask_size[0m[2m=[0m167.54
[2m2026-04-12T20:17:59.609964Z[0m [34mDEBUG[0m [2mmercury::engine::detector[0m[2m:[0m No arb pairs registered for market — skipping detection [3mmarket_id[0m[2m=[0m39a28b31-a7f7-4e16-b2f1-1e1948be289c
[2m2026-04-12T20:17:59.610121Z[0m [34mDEBUG[0m [2mmercury::engine::detector[0m[2m:[0m No arb pairs registered for market — skipping detection [3mmarket_id[0m[2m=[0m189bf673-b643-45a5-be39-c4a3275d71a0
[2m2026-04-12T20:17:59.704356Z[0m [34mDEBUG[0m [2mmercury::engine::market_actor[0m[2m:[0m Tick received — running arb detection [3mmarket_id[0m[2m=[0m189bf673-b643-45a5-be39-c4a3275d71a0 [3mplatform[0m[2m=[0mPolymarket [3mbid[0m[2m=[0m0.4 [3mask[0m[2m=[0m0.41 [3mmid[0m[2m=[0m0.4050 [3mbid_size[0m[2m=[0m4742.64 [3mask_size[0m[2m=[0m167.54
[2m2026-04-12T20:17:59.704554Z[0m [34mDEBUG[0m [2mmercury::engine::detector[0m[2m:[0m No arb pairs registered for market — skipping detection [3mmarket_id[0m[2m=[0m189bf673-b643-45a5-be39-c4a3275d71a0
[2m2026-04-12T20:17:59.704651Z[0m [34mDEBUG[0m [2mmercury::engine::market_actor[0m[2m:[0m Tick received — running arb detection [3mmarket_id[0m[2m=[0m189bf673-b643-45a5-be39-c4a3275d71a0 [3mplatform[0m[2m=[0mPolymarket [3mbid[0m[2m=[0m0.4 [3mask[0m[2m=[0m0.41 [3mmid[0m[2m=[0m0.4050 [3mbid_size[0m[2m=[0m4742.64 [3mask_size[0m[2m=[0m167.54
[2m2026-04-12T20:17:59.704763Z[0m [34mDEBUG[0m [2mmercury::engine::detector[0m[2m:[0m No arb pairs registered for market — skipping detection [3mmarket_id[0m[2m=[0m189bf673-b643-45a5-be39-c4a3275d71a0
[2m2026-04-12T20:17:59.704847Z[0m [34mDEBUG[0m [2mmercury::engine::market_actor[0m[2m:[0m Tick received — running arb detection [3mmarket_id[0m[2m=[0m189bf673-b643-45a5-be39-c4a3275d71a0 [3mplatform[0m[2m=[0mPolymarket [3mbid[0m[2m=[0m0.4 [3mask[0m[2m=[0m0.41 [3mmid[0m[2m=[0m0.4050 [3mbid_size[0m[2m=[0m4742.64 [3mask_size[0m[2m=[0m167.54
[2m2026-04-12T20:17:59.704957Z[0m [34mDEBUG[0m [2mmercury::engine::detector[0m[2m:[0m No arb pairs registered for market — skipping detection [3mmarket_id[0m[2m=[0m189bf673-b643-45a5-be39-c4a3275d71a0
[2m2026-04-12T20:17:59.756404Z[0m [34mDEBUG[0m [2mmercury::engine::market_actor[0m[2m:[0m Tick received — running arb detection [3mmarket_id[0m[2m=[0m189bf673-b643-45a5-be39-c4a3275d71a0 [3mplatform[0m[2m=[0mPolymarket [3mbid[0m[2m=[0m0.4 [3mask[0m[2m=[0m0.41 [3mmid[0m[2m=[0m0.4050 [3mbid_size[0m[2m=[0m4742.64 [3mask_size[0m[2m=[0m167.54
[2m2026-04-12T20:17:59.756669Z[0m [34mDEBUG[0m [2mmercury::engine::detector[0m[2m:[0m No arb pairs registered for market — skipping detection [3mmarket_id[0m[2m=[0m189bf673-b643-45a5-be39-c4a3275d71a0
[2m2026-04-12T20:17:59.807250Z[0m [34mDEBUG[0m [2mmercury::engine::market_actor[0m[2m:[0m Tick received — running arb detection [3mmarket_id[0m[2m=[0m2b958b37-9921-40b8-b22d-64a67138ae70 [3mplatform[0m[2m=[0mPolymarket [3mbid[0m[2m=[0m0.5 [3mask[0m[2m=[0m0.51 [3mmid[0m[2m=[0m0.5050 [3mbid_size[0m[2m=[0m112 [3mask_size[0m[2m=[0m10
[2m2026-04-12T20:17:59.807273Z[0m [34mDEBUG[0m [2mmercury::engine::market_actor[0m[2m:[0m Tick received — running arb detection [3mmarket_id[0m[2m=[0m189bf673-b643-45a5-be39-c4a3275d71a0 [3mplatform[0m[2m=[0mPolymarket [3mbid[0m[2m=[0m0.4 [3mask[0m[2m=[0m0.41 [3mmid[0m[2m=[0m0.4050 [3mbid_size[0m[2m=[0m4742.64 [3mask_size[0m[2m=[0m167.54
[2m2026-04-12T20:17:59.807503Z[0m [34mDEBUG[0m [2mmercury::engine::detector[0m[2m:[0m No arb pairs registered for market — skipping detection [3mmarket_id[0m[2m=[0m2b958b37-9921-40b8-b22d-64a67138ae70
[2m2026-04-12T20:17:59.807647Z[0m [34mDEBUG[0m [2mmercury::engine::detector[0m[2m:[0m No arb pairs registered for market — skipping detection [3mmarket_id[0m[2m=[0m189bf673-b643-45a5-be39-c4a3275d71a0
[2m2026-04-12T20:17:59.807802Z[0m [34mDEBUG[0m [2mmercury::engine::market_actor[0m[2m:[0m Tick received — running arb detection [3mmarket_id[0m[2m=[0m189bf673-b643-45a5-be39-c4a3275d71a0 [3mplatform[0m[2m=[0mPolymarket [3mbid[0m[2m=[0m0.4 [3mask[0m[2m=[0m0.41 [3mmid[0m[2m=[0m0.4050 [3mbid_size[0m[2m=[0m4742.64 [3mask_size[0m[2m=[0m167.54
[2m2026-04-12T20:17:59.807966Z[0m [34mDEBUG[0m [2mmercury::engine::detector[0m[2m:[0m No arb pairs registered for market — skipping detection [3mmarket_id[0m[2m=[0m189bf673-b643-45a5-be39-c4a3275d71a0
[2m2026-04-12T20:17:59.808090Z[0m [34mDEBUG[0m [2mmercury::engine::market_actor[0m[2m:[0m Tick received — running arb detection [3mmarket_id[0m[2m=[0m189bf673-b643-45a5-be39-c4a3275d71a0 [3mplatform[0m[2m=[0mPolymarket [3mbid[0m[2m=[0m0.4 [3mask[0m[2m=[0m0.41 [3mmid[0m[2m=[0m0.4050 [3mbid_size[0m[2m=[0m4742.64 [3mask_size[0m[2m=[0m167.54
[2m2026-04-12T20:17:59.808247Z[0m [34mDEBUG[0m [2mmercury::engine::detector[0m[2m:[0m No arb pairs registered for market — skipping detection [3mmarket_id[0m[2m=[0m189bf673-b643-45a5-be39-c4a3275d71a0
[2m2026-04-12T20:17:59.911009Z[0m [34mDEBUG[0m [2mmercury::engine::market_actor[0m[2m:[0m Tick received — running arb detection [3mmarket_id[0m[2m=[0m39a28b31-a7f7-4e16-b2f1-1e1948be289c [3mplatform[0m[2m=[0mPolymarket [3mbid[0m[2m=[0m0.4 [3mask[0m[2m=[0m0.41 [3mmid[0m[2m=[0m0.4050 [3mbid_size[0m[2m=[0m315.85 [3mask_size[0m[2m=[0m199.4
[2m2026-04-12T20:17:59.911066Z[0m [34mDEBUG[0m [2mmercury::engine::market_actor[0m[2m:[0m Tick received — running arb detection [3mmarket_id[0m[2m=[0m2285bae6-253b-4085-b0d1-0af34b5530b6 [3mplatform[0m[2m=[0mPolymarket [3mbid[0m[2m=[0m0.37 [3mask[0m[2m=[0m0.41 [3mmid[0m[2m=[0m0.39 [3mbid_size[0m[2m=[0m2.2 [3mask_size[0m[2m=[0m106.24
[2m2026-04-12T20:17:59.911225Z[0m [34mDEBUG[0m [2mmercury::engine::detector[0m[2m:[0m No arb pairs registered for market — skipping detection [3mmarket_id[0m[2m=[0m39a28b31-a7f7-4e16-b2f1-1e1948be289c
[2m2026-04-12T20:17:59.911311Z[0m [34mDEBUG[0m [2mmercury::engine::detector[0m[2m:[0m No arb pairs registered for market — skipping detection [3mmarket_id[0m[2m=[0m2285bae6-253b-4085-b0d1-0af34b5530b6
[2m2026-04-12T20:17:59.911320Z[0m [34mDEBUG[0m [2mmercury::engine::market_actor[0m[2m:[0m Tick received — running arb detection [3mmarket_id[0m[2m=[0m39a28b31-a7f7-4e16-b2f1-1e1948be289c [3mplatform[0m[2m=[0mPolymarket [3mbid[0m[2m=[0m0.4 [3mask[0m[2m=[0m0.41 [3mmid[0m[2m=[0m0.4050 [3mbid_size[0m[2m=[0m315.85 [3mask_size[0m[2m=[0m199.4
[2m2026-04-12T20:17:59.911431Z[0m [34mDEBUG[0m [2mmercury::engine::detector[0m[2m:[0m No arb pairs registered for market — skipping detection [3mmarket_id[0m[2m=[0m39a28b31-a7f7-4e16-b2f1-1e1948be289c
[2m2026-04-12T20:17:59.911420Z[0m [34mDEBUG[0m [2mmercury::engine::market_actor[0m[2m:[0m Tick received — running arb detection [3mmarket_id[0m[2m=[0m2285bae6-253b-4085-b0d1-0af34b5530b6 [3mplatform[0m[2m=[0mPolymarket [3mbid[0m[2m=[0m0.37 [3mask[0m[2m=[0m0.41 [3mmid[0m[2m=[0m0.39 [3mbid_size[0m[2m=[0m2.2 [3mask_size[0m[2m=[0m99.04
[2m2026-04-12T20:17:59.911517Z[0m [34mDEBUG[0m [2mmercury::engine::market_actor[0m[2m:[0m Tick received — running arb detection [3mmarket_id[0m[2m=[0m39a28b31-a7f7-4e16-b2f1-1e1948be289c [3mplatform[0m[2m=[0mPolymarket [3mbid[0m[2m=[0m0.4 [3mask[0m[2m=[0m0.41 [3mmid[0m[2m=[0m0.4050 [3mbid_size[0m[2m=[0m315.85 [3mask_size[0m[2m=[0m199.4
[2m2026-04-12T20:17:59.911541Z[0m [34mDEBUG[0m [2mmercury::engine::detector[0m[2m:[0m No arb pairs registered for market — skipping detection [3mmarket_id[0m[2m=[0m2285bae6-253b-4085-b0d1-0af34b5530b6
[2m2026-04-12T20:17:59.911552Z[0m [34mDEBUG[0m [2mmercury::feeds::polymarket[0m[2m:[0m Unknown Polymarket event type [3mevent_type[0m[2m=[0mbest_bid_ask
[2m2026-04-12T20:17:59.911625Z[0m [34mDEBUG[0m [2mmercury::engine::detector[0m[2m:[0m No arb pairs registered for market — skipping detection [3mmarket_id[0m[2m=[0m39a28b31-a7f7-4e16-b2f1-1e1948be289c
[2m2026-04-12T20:17:59.911638Z[0m [34mDEBUG[0m [2mmercury::engine::market_actor[0m[2m:[0m Tick received — running arb detection [3mmarket_id[0m[2m=[0m2285bae6-253b-4085-b0d1-0af34b5530b6 [3mplatform[0m[2m=[0mPolymarket [3mbid[0m[2m=[0m0.37 [3mask[0m[2m=[0m0.41 [3mmid[0m[2m=[0m0.39 [3mbid_size[0m[2m=[0m2.2 [3mask_size[0m[2m=[0m99.04
[2m2026-04-12T20:17:59.911703Z[0m [34mDEBUG[0m [2mmercury::engine::market_actor[0m[2m:[0m Tick received — running arb detection [3mmarket_id[0m[2m=[0m39a28b31-a7f7-4e16-b2f1-1e1948be289c [3mplatform[0m[2m=[0mPolymarket [3mbid[0m[2m=[0m0.4 [3mask[0m[2m=[0m0.41 [3mmid[0m[2m=[0m0.4050 [3mbid_size[0m[2m=[0m315.85 [3mask_size[0m[2m=[0m199.4
[2m2026-04-12T20:17:59.911737Z[0m [34mDEBUG[0m [2mmercury::engine::detector[0m[2m:[0m No arb pairs registered for market — skipping detection [3mmarket_id[0m[2m=[0m2285bae6-253b-4085-b0d1-0af34b5530b6
[2m2026-04-12T20:17:59.911795Z[0m [34mDEBUG[0m [2mmercury::feeds::polymarket[0m[2m:[0m Unknown Polymarket event type [3mevent_type[0m[2m=[0mbest_bid_ask
[2m2026-04-12T20:17:59.911802Z[0m [34mDEBUG[0m [2mmercury::engine::detector[0m[2m:[0m No arb pairs registered for market — skipping detection [3mmarket_id[0m[2m=[0m39a28b31-a7f7-4e16-b2f1-1e1948be289c
[2m2026-04-12T20:17:59.911814Z[0m [34mDEBUG[0m [2mmercury::engine::market_actor[0m[2m:[0m Tick received — running arb detection [3mmarket_id[0m[2m=[0m2285bae6-253b-4085-b0d1-0af34b5530b6 [3mplatform[0m[2m=[0mPolymarket [3mbid[0m[2m=[0m0.37 [3mask[0m[2m=[0m0.41 [3mmid[0m[2m=[0m0.39 [3mbid_size[0m[2m=[0m7.6 [3mask_size[0m[2m=[0m99.04
[2m2026-04-12T20:17:59.911864Z[0m [34mDEBUG[0m [2mmercury::engine::market_actor[0m[2m:[0m Tick received — running arb detection [3mmarket_id[0m[2m=[0mbc548cd4-ced9-48e8-b131-410c92fb3a0e [3mplatform[0m[2m=[0mPolymarket [3mbid[0m[2m=[0m0.44 [3mask[0m[2m=[0m0.46 [3mmid[0m[2m=[0m0.45 [3mbid_size[0m[2m=[0m2.32 [3mask_size[0m[2m=[0m126.3
[2m2026-04-12T20:17:59.911923Z[0m [34mDEBUG[0m [2mmercury::engine::detector[0m[2m:[0m No arb pairs registered for market — skipping detection [3mmarket_id[0m[2m=[0m2285bae6-253b-4085-b0d1-0af34b5530b6
[2m2026-04-12T20:17:59.911997Z[0m [34mDEBUG[0m [2mmercury::engine::detector[0m[2m:[0m No arb pairs registered for market — skipping detection [3mmarket_id[0m[2m=[0mbc548cd4-ced9-48e8-b131-410c92fb3a0e
[2m2026-04-12T20:17:59.912003Z[0m [34mDEBUG[0m [2mmercury::engine::market_actor[0m[2m:[0m Tick received — running arb detection [3mmarket_id[0m[2m=[0m2285bae6-253b-4085-b0d1-0af34b5530b6 [3mplatform[0m[2m=[0mPolymarket [3mbid[0m[2m=[0m0.38 [3mask[0m[2m=[0m0.41 [3mmid[0m[2m=[0m0.3950 [3mbid_size[0m[2m=[0m7.2 [3mask_size[0m[2m=[0m99.04
[2m2026-04-12T20:17:59.912097Z[0m [34mDEBUG[0m [2mmercury::engine::detector[0m[2m:[0m No arb pairs registered for market — skipping detection [3mmarket_id[0m[2m=[0m2285bae6-253b-4085-b0d1-0af34b5530b6
[2m2026-04-12T20:17:59.912163Z[0m [34mDEBUG[0m [2mmercury::engine::market_actor[0m[2m:[0m Tick received — running arb detection [3mmarket_id[0m[2m=[0m39a28b31-a7f7-4e16-b2f1-1e1948be289c [3mplatform[0m[2m=[0mPolymarket [3mbid[0m[2m=[0m0.4 [3mask[0m[2m=[0m0.41 [3mmid[0m[2m=[0m0.4050 [3mbid_size[0m[2m=[0m315.85 [3mask_size[0m[2m=[0m199.4
[2m2026-04-12T20:17:59.912287Z[0m [34mDEBUG[0m [2mmercury::engine::detector[0m[2m:[0m No arb pairs registered for market — skipping detection [3mmarket_id[0m[2m=[0m39a28b31-a7f7-4e16-b2f1-1e1948be289c
[2m2026-04-12T20:17:59.912315Z[0m [34mDEBUG[0m [2mmercury::engine::market_actor[0m[2m:[0m Tick received — running arb detection [3mmarket_id[0m[2m=[0m2285bae6-253b-4085-b0d1-0af34b5530b6 [3mplatform[0m[2m=[0mPolymarket [3mbid[0m[2m=[0m0.38 [3mask[0m[2m=[0m0.41 [3mmid[0m[2m=[0m0.3950 [3mbid_size[0m[2m=[0m7.2 [3mask_size[0m[2m=[0m106.24
[2m2026-04-12T20:17:59.912374Z[0m [34mDEBUG[0m [2mmercury::engine::market_actor[0m[2m:[0m Tick received — running arb detection [3mmarket_id[0m[2m=[0m39a28b31-a7f7-4e16-b2f1-1e1948be289c [3mplatform[0m[2m=[0mPolymarket [3mbid[0m[2m=[0m0.4 [3mask[0m[2m=[0m0.41 [3mmid[0m[2m=[0m0.4050 [3mbid_size[0m[2m=[0m315.85 [3mask_size[0m[2m=[0m199.4
[2m2026-04-12T20:17:59.912426Z[0m [34mDEBUG[0m [2mmercury::engine::detector[0m[2m:[0m No arb pairs registered for market — skipping detection [3mmarket_id[0m[2m=[0m2285bae6-253b-4085-b0d1-0af34b5530b6
[2m2026-04-12T20:17:59.912518Z[0m [34mDEBUG[0m [2mmercury::engine::detector[0m[2m:[0m No arb pairs registered for market — skipping detection [3mmarket_id[0m[2m=[0m39a28b31-a7f7-4e16-b2f1-1e1948be289c
[2m2026-04-12T20:17:59.915400Z[0m [34mDEBUG[0m [2mmercury::engine::market_actor[0m[2m:[0m Tick received — running arb detection [3mmarket_id[0m[2m=[0m39a28b31-a7f7-4e16-b2f1-1e1948be289c [3mplatform[0m[2m=[0mPolymarket [3mbid[0m[2m=[0m0.4 [3mask[0m[2m=[0m0.41 [3mmid[0m[2m=[0m0.4050 [3mbid_size[0m[2m=[0m315.85 [3mask_size[0m[2m=[0m163.4
[2m2026-04-12T20:17:59.915508Z[0m [34mDEBUG[0m [2mmercury::engine::detector[0m[2m:[0m No arb pairs registered for market — skipping detection [3mmarket_id[0m[2m=[0m39a28b31-a7f7-4e16-b2f1-1e1948be289c
[2m2026-04-12T20:17:59.958178Z[0m [34mDEBUG[0m [2mmercury::engine::market_actor[0m[2m:[0m Tick received — running arb detection [3mmarket_id[0m[2m=[0m39a28b31-a7f7-4e16-b2f1-1e1948be289c [3mplatform[0m[2m=[0mPolymarket [3mbid[0m[2m=[0m0.4 [3mask[0m[2m=[0m0.41 [3mmid[0m[2m=[0m0.4050 [3mbid_size[0m[2m=[0m315.85 [3mask_size[0m[2m=[0m105.4
[2m2026-04-12T20:17:59.958322Z[0m [34mDEBUG[0m [2mmercury::engine::detector[0m[2m:[0m No arb pairs registered for market — skipping detection [3mmarket_id[0m[2m=[0m39a28b31-a7f7-4e16-b2f1-1e1948be289c
[2m2026-04-12T20:17:59.958489Z[0m [34mDEBUG[0m [2mmercury::engine::market_actor[0m[2m:[0m Tick received — running arb detection [3mmarket_id[0m[2m=[0m39a28b31-a7f7-4e16-b2f1-1e1948be289c [3mplatform[0m[2m=[0mPolymarket [3mbid[0m[2m=[0m0.4 [3mask[0m[2m=[0m0.41 [3mmid[0m[2m=[0m0.4050 [3mbid_size[0m[2m=[0m315.85 [3mask_size[0m[2m=[0m105.4
[2m2026-04-12T20:17:59.958604Z[0m [34mDEBUG[0m [2mmercury::engine::detector[0m[2m:[0m No arb pairs registered for market — skipping detection [3mmarket_id[0m[2m=[0m39a28b31-a7f7-4e16-b2f1-1e1948be289c
[2m2026-04-12T20:17:59.958779Z[0m [34mDEBUG[0m [2mmercury::engine::market_actor[0m[2m:[0m Tick received — running arb detection [3mmarket_id[0m[2m=[0m39a28b31-a7f7-4e16-b2f1-1e1948be289c [3mplatform[0m[2m=[0mPolymarket [3mbid[0m[2m=[0m0.4 [3mask[0m[2m=[0m0.41 [3mmid[0m[2m=[0m0.4050 [3mbid_size[0m[2m=[0m373.85 [3mask_size[0m[2m=[0m105.4
[2m2026-04-12T20:17:59.958871Z[0m [34mDEBUG[0m [2mmercury::engine::detector[0m[2m:[0m No arb pairs registered for market — skipping detection [3mmarket_id[0m[2m=[0m39a28b31-a7f7-4e16-b2f1-1e1948be289c
[2m2026-04-12T20:17:59.958933Z[0m [34mDEBUG[0m [2mmercury::engine::market_actor[0m[2m:[0m Tick received — running arb detection [3mmarket_id[0m[2m=[0m39a28b31-a7f7-4e16-b2f1-1e1948be289c [3mplatform[0m[2m=[0mPolymarket [3mbid[0m[2m=[0m0.4 [3mask[0m[2m=[0m0.41 [3mmid[0m[2m=[0m0.4050 [3mbid_size[0m[2m=[0m373.85 [3mask_size[0m[2m=[0m105.4
[2m2026-04-12T20:17:59.959137Z[0m [34mDEBUG[0m [2mmercury::engine::detector[0m[2m:[0m No arb pairs registered for market — skipping detection [3mmarket_id[0m[2m=[0m39a28b31-a7f7-4e16-b2f1-1e1948be289c
[2m2026-04-12T20:17:59.959269Z[0m [34mDEBUG[0m [2mmercury::engine::market_actor[0m[2m:[0m Tick received — running arb detection [3mmarket_id[0m[2m=[0m39a28b31-a7f7-4e16-b2f1-1e1948be289c [3mplatform[0m[2m=[0mPolymarket [3mbid[0m[2m=[0m0.4 [3mask[0m[2m=[0m0.41 [3mmid[0m[2m=[0m0.4050 [3mbid_size[0m[2m=[0m373.85 [3mask_size[0m[2m=[0m105.4
[2m2026-04-12T20:17:59.959318Z[0m [34mDEBUG[0m [2mmercury::engine::market_actor[0m[2m:[0m Tick received — running arb detection [3mmarket_id[0m[2m=[0m189bf673-b643-45a5-be39-c4a3275d71a0 [3mplatform[0m[2m=[0mPolymarket [3mbid[0m[2m=[0m0.4 [3mask[0m[2m=[0m0.41 [3mmid[0m[2m=[0m0.4050 [3mbid_size[0m[2m=[0m4742.64 [3mask_size[0m[2m=[0m167.54
[2m2026-04-12T20:17:59.959465Z[0m [34mDEBUG[0m [2mmercury::engine::detector[0m[2m:[0m No arb pairs registered for market — skipping detection [3mmarket_id[0m[2m=[0m39a28b31-a7f7-4e16-b2f1-1e1948be289c
[2m2026-04-12T20:17:59.959565Z[0m [34mDEBUG[0m [2mmercury::engine::detector[0m[2m:[0m No arb pairs registered for market — skipping detection [3mmarket_id[0m[2m=[0m189bf673-b643-45a5-be39-c4a3275d71a0
[2m2026-04-12T20:17:59.959558Z[0m [34mDEBUG[0m [2mmercury::engine::market_actor[0m[2m:[0m Tick received — running arb detection [3mmarket_id[0m[2m=[0m39a28b31-a7f7-4e16-b2f1-1e1948be289c [3mplatform[0m[2m=[0mPolymarket [3mbid[0m[2m=[0m0.4 [3mask[0m[2m=[0m0.41 [3mmid[0m[2m=[0m0.4050 [3mbid_size[0m[2m=[0m373.85 [3mask_size[0m[2m=[0m105.4
[2m2026-04-12T20:17:59.959601Z[0m [34mDEBUG[0m [2mmercury::engine::market_actor[0m[2m:[0m Tick received — running arb detection [3mmarket_id[0m[2m=[0mbc548cd4-ced9-48e8-b131-410c92fb3a0e [3mplatform[0m[2m=[0mPolymarket [3mbid[0m[2m=[0m0.44 [3mask[0m[2m=[0m0.46 [3mmid[0m[2m=[0m0.45 [3mbid_size[0m[2m=[0m2.32 [3mask_size[0m[2m=[0m126.3
[2m2026-04-12T20:17:59.959749Z[0m [34mDEBUG[0m [2mmercury::engine::detector[0m[2m:[0m No arb pairs registered for market — skipping detection [3mmarket_id[0m[2m=[0m39a28b31-a7f7-4e16-b2f1-1e1948be289c
[2m2026-04-12T20:17:59.959928Z[0m [34mDEBUG[0m [2mmercury::engine::detector[0m[2m:[0m No arb pairs registered for market — skipping detection [3mmarket_id[0m[2m=[0mbc548cd4-ced9-48e8-b131-410c92fb3a0e
[2m2026-04-12T20:17:59.959899Z[0m [34mDEBUG[0m [2mmercury::engine::market_actor[0m[2m:[0m Tick received — running arb detection [3mmarket_id[0m[2m=[0m39a28b31-a7f7-4e16-b2f1-1e1948be289c [3mplatform[0m[2m=[0mPolymarket [3mbid[0m[2m=[0m0.4 [3mask[0m[2m=[0m0.41 [3mmid[0m[2m=[0m0.4050 [3mbid_size[0m[2m=[0m373.85 [3mask_size[0m[2m=[0m105.4
[2m2026-04-12T20:17:59.960107Z[0m [34mDEBUG[0m [2mmercury::engine::market_actor[0m[2m:[0m Tick received — running arb detection [3mmarket_id[0m[2m=[0mbc548cd4-ced9-48e8-b131-410c92fb3a0e [3mplatform[0m[2m=[0mPolymarket [3mbid[0m[2m=[0m0.44 [3mask[0m[2m=[0m0.46 [3mmid[0m[2m=[0m0.45 [3mbid_size[0m[2m=[0m2.32 [3mask_size[0m[2m=[0m126.3
[2m2026-04-12T20:17:59.960155Z[0m [34mDEBUG[0m [2mmercury::engine::detector[0m[2m:[0m No arb pairs registered for market — skipping detection [3mmarket_id[0m[2m=[0m39a28b31-a7f7-4e16-b2f1-1e1948be289c
[2m2026-04-12T20:17:59.960257Z[0m [34mDEBUG[0m [2mmercury::engine::detector[0m[2m:[0m No arb pairs registered for market — skipping detection [3mmarket_id[0m[2m=[0mbc548cd4-ced9-48e8-b131-410c92fb3a0e
[2m2026-04-12T20:17:59.960255Z[0m [34mDEBUG[0m [2mmercury::engine::market_actor[0m[2m:[0m Tick received — running arb detection [3mmarket_id[0m[2m=[0m39a28b31-a7f7-4e16-b2f1-1e1948be289c [3mplatform[0m[2m=[0mPolymarket [3mbid[0m[2m=[0m0.4 [3mask[0m[2m=[0m0.41 [3mmid[0m[2m=[0m0.4050 [3mbid_size[0m[2m=[0m373.85 [3mask_size[0m[2m=[0m105.4
[2m2026-04-12T20:17:59.960269Z[0m [34mDEBUG[0m [2mmercury::engine::market_actor[0m[2m:[0m Tick received — running arb detection [3mmarket_id[0m[2m=[0m189bf673-b643-45a5-be39-c4a3275d71a0 [3mplatform[0m[2m=[0mPolymarket [3mbid[0m[2m=[0m0.4 [3mask[0m[2m=[0m0.41 [3mmid[0m[2m=[0m0.4050 [3mbid_size[0m[2m=[0m4742.64 [3mask_size[0m[2m=[0m167.54
[2m2026-04-12T20:17:59.960476Z[0m [34mDEBUG[0m [2mmercury::engine::detector[0m[2m:[0m No arb pairs registered for market — skipping detection [3mmarket_id[0m[2m=[0m39a28b31-a7f7-4e16-b2f1-1e1948be289c
[2m2026-04-12T20:17:59.960596Z[0m [34mDEBUG[0m [2mmercury::engine::detector[0m[2m:[0m No arb pairs registered for market — skipping detection [3mmarket_id[0m[2m=[0m189bf673-b643-45a5-be39-c4a3275d71a0
[2m2026-04-12T20:17:59.960594Z[0m [34mDEBUG[0m [2mmercury::engine::market_actor[0m[2m:[0m Tick received — running arb detection [3mmarket_id[0m[2m=[0m39a28b31-a7f7-4e16-b2f1-1e1948be289c [3mplatform[0m[2m=[0mPolymarket [3mbid[0m[2m=[0m0.4 [3mask[0m[2m=[0m0.41 [3mmid[0m[2m=[0m0.4050 [3mbid_size[0m[2m=[0m373.85 [3mask_size[0m[2m=[0m100
[2m2026-04-12T20:17:59.960743Z[0m [34mDEBUG[0m [2mmercury::engine::detector[0m[2m:[0m No arb pairs registered for market — skipping detection [3mmarket_id[0m[2m=[0m39a28b31-a7f7-4e16-b2f1-1e1948be289c
[2m2026-04-12T20:17:59.960806Z[0m [34mDEBUG[0m [2mmercury::engine::market_actor[0m[2m:[0m Tick received — running arb detection [3mmarket_id[0m[2m=[0m39a28b31-a7f7-4e16-b2f1-1e1948be289c [3mplatform[0m[2m=[0mPolymarket [3mbid[0m[2m=[0m0.4 [3mask[0m[2m=[0m0.41 [3mmid[0m[2m=[0m0.4050 [3mbid_size[0m[2m=[0m373.85 [3mask_size[0m[2m=[0m100
[2m2026-04-12T20:17:59.960882Z[0m [34mDEBUG[0m [2mmercury::engine::detector[0m[2m:[0m No arb pairs registered for market — skipping detection [3mmarket_id[0m[2m=[0m39a28b31-a7f7-4e16-b2f1-1e1948be289c
[2m2026-04-12T20:17:59.960943Z[0m [34mDEBUG[0m [2mmercury::engine::market_actor[0m[2m:[0m Tick received — running arb detection [3mmarket_id[0m[2m=[0m39a28b31-a7f7-4e16-b2f1-1e1948be289c [3mplatform[0m[2m=[0mPolymarket [3mbid[0m[2m=[0m0.4 [3mask[0m[2m=[0m0.41 [3mmid[0m[2m=[0m0.4050 [3mbid_size[0m[2m=[0m373.85 [3mask_size[0m[2m=[0m100
[2m2026-04-12T20:17:59.961053Z[0m [34mDEBUG[0m [2mmercury::engine::detector[0m[2m:[0m No arb pairs registered for market — skipping detection [3mmarket_id[0m[2m=[0m39a28b31-a7f7-4e16-b2f1-1e1948be289c
[2m2026-04-12T20:17:59.961240Z[0m [34mDEBUG[0m [2mmercury::engine::market_actor[0m[2m:[0m Tick received — running arb detection [3mmarket_id[0m[2m=[0m39a28b31-a7f7-4e16-b2f1-1e1948be289c [3mplatform[0m[2m=[0mPolymarket [3mbid[0m[2m=[0m0.4 [3mask[0m[2m=[0m0.41 [3mmid[0m[2m=[0m0.4050 [3mbid_size[0m[2m=[0m380.85 [3mask_size[0m[2m=[0m100
[2m2026-04-12T20:17:59.961341Z[0m [34mDEBUG[0m [2mmercury::engine::detector[0m[2m:[0m No arb pairs registered for market — skipping detection [3mmarket_id[0m[2m=[0m39a28b31-a7f7-4e16-b2f1-1e1948be289c
[2m2026-04-12T20:17:59.964158Z[0m [34mDEBUG[0m [2mmercury::engine::market_actor[0m[2m:[0m Tick received — running arb detection [3mmarket_id[0m[2m=[0m39a28b31-a7f7-4e16-b2f1-1e1948be289c [3mplatform[0m[2m=[0mPolymarket [3mbid[0m[2m=[0m0.4 [3mask[0m[2m=[0m0.41 [3mmid[0m[2m=[0m0.4050 [3mbid_size[0m[2m=[0m380.85 [3mask_size[0m[2m=[0m100
[2m2026-04-12T20:17:59.964517Z[0m [34mDEBUG[0m [2mmercury::engine::detector[0m[2m:[0m No arb pairs registered for market — skipping detection [3mmarket_id[0m[2m=[0m39a28b31-a7f7-4e16-b2f1-1e1948be289c
[2m2026-04-12T20:17:59.964723Z[0m [34mDEBUG[0m [2mmercury::engine::market_actor[0m[2m:[0m Tick received — running arb detection [3mmarket_id[0m[2m=[0m39a28b31-a7f7-4e16-b2f1-1e1948be289c [3mplatform[0m[2m=[0mPolymarket [3mbid[0m[2m=[0m0.4 [3mask[0m[2m=[0m0.41 [3mmid[0m[2m=[0m0.4050 [3mbid_size[0m[2m=[0m380.85 [3mask_size[0m[2m=[0m100
[2m2026-04-12T20:17:59.964868Z[0m [34mDEBUG[0m [2mmercury::engine::detector[0m[2m:[0m No arb pairs registered for market — skipping detection [3mmarket_id[0m[2m=[0m39a28b31-a7f7-4e16-b2f1-1e1948be289c
[2m2026-04-12T20:18:00.015526Z[0m [34mDEBUG[0m [2mmercury::engine::market_actor[0m[2m:[0m Tick received — running arb detection [3mmarket_id[0m[2m=[0m39a28b31-a7f7-4e16-b2f1-1e1948be289c [3mplatform[0m[2m=[0mPolymarket [3mbid[0m[2m=[0m0.4 [3mask[0m[2m=[0m0.41 [3mmid[0m[2m=[0m0.4050 [3mbid_size[0m[2m=[0m380.85 [3mask_size[0m[2m=[0m100
[2m2026-04-12T20:18:00.015528Z[0m [34mDEBUG[0m [2mmercury::engine::market_actor[0m[2m:[0m Tick received — running arb detection [3mmarket_id[0m[2m=[0m2285bae6-253b-4085-b0d1-0af34b5530b6 [3mplatform[0m[2m=[0mPolymarket [3mbid[0m[2m=[0m0.38 [3mask[0m[2m=[0m0.41 [3mmid[0m[2m=[0m0.3950 [3mbid_size[0m[2m=[0m7.2 [3mask_size[0m[2m=[0m106.24
[2m2026-04-12T20:18:00.015822Z[0m [34mDEBUG[0m [2mmercury::engine::detector[0m[2m:[0m No arb pairs registered for market — skipping detection [3mmarket_id[0m[2m=[0m39a28b31-a7f7-4e16-b2f1-1e1948be289c
[2m2026-04-12T20:18:00.015927Z[0m [34mDEBUG[0m [2mmercury::engine::detector[0m[2m:[0m No arb pairs registered for market — skipping detection [3mmarket_id[0m[2m=[0m2285bae6-253b-4085-b0d1-0af34b5530b6
[2m2026-04-12T20:18:00.015933Z[0m [34mDEBUG[0m [2mmercury::engine::market_actor[0m[2m:[0m Tick received — running arb detection [3mmarket_id[0m[2m=[0m39a28b31-a7f7-4e16-b2f1-1e1948be289c [3mplatform[0m[2m=[0mPolymarket [3mbid[0m[2m=[0m0.4 [3mask[0m[2m=[0m0.41 [3mmid[0m[2m=[0m0.4050 [3mbid_size[0m[2m=[0m380.85 [3mask_size[0m[2m=[0m100
[2m2026-04-12T20:18:00.016096Z[0m [34mDEBUG[0m [2mmercury::engine::detector[0m[2m:[0m No arb pairs registered for market — skipping detection [3mmarket_id[0m[2m=[0m39a28b31-a7f7-4e16-b2f1-1e1948be289c
[2m2026-04-12T20:18:00.016178Z[0m [34mDEBUG[0m [2mmercury::engine::market_actor[0m[2m:[0m Tick received — running arb detection [3mmarket_id[0m[2m=[0m39a28b31-a7f7-4e16-b2f1-1e1948be289c [3mplatform[0m[2m=[0mPolymarket [3mbid[0m[2m=[0m0.4 [3mask[0m[2m=[0m0.41 [3mmid[0m[2m=[0m0.4050 [3mbid_size[0m[2m=[0m380.85 [3mask_size[0m[2m=[0m100
[2m2026-04-12T20:18:00.016372Z[0m [34mDEBUG[0m [2mmercury::engine::detector[0m[2m:[0m No arb pairs registered for market — skipping detection [3mmarket_id[0m[2m=[0m39a28b31-a7f7-4e16-b2f1-1e1948be289c
[2m2026-04-12T20:18:00.016422Z[0m [34mDEBUG[0m [2mmercury::engine::market_actor[0m[2m:[0m Tick received — running arb detection [3mmarket_id[0m[2m=[0m39a28b31-a7f7-4e16-b2f1-1e1948be289c [3mplatform[0m[2m=[0mPolymarket [3mbid[0m[2m=[0m0.4 [3mask[0m[2m=[0m0.41 [3mmid[0m[2m=[0m0.4050 [3mbid_size[0m[2m=[0m385.85 [3mask_size[0m[2m=[0m100
[2m2026-04-12T20:18:00.016488Z[0m [34mDEBUG[0m [2mmercury::engine::detector[0m[2m:[0m No arb pairs registered for market — skipping detection [3mmarket_id[0m[2m=[0m39a28b31-a7f7-4e16-b2f1-1e1948be289c
[2m2026-04-12T20:18:00.016542Z[0m [34mDEBUG[0m [2mmercury::engine::market_actor[0m[2m:[0m Tick received — running arb detection [3mmarket_id[0m[2m=[0m39a28b31-a7f7-4e16-b2f1-1e1948be289c [3mplatform[0m[2m=[0mPolymarket [3mbid[0m[2m=[0m0.4 [3mask[0m[2m=[0m0.41 [3mmid[0m[2m=[0m0.4050 [3mbid_size[0m[2m=[0m390.85 [3mask_size[0m[2m=[0m100
[2m2026-04-12T20:18:00.016609Z[0m [34mDEBUG[0m [2mmercury::engine::detector[0m[2m:[0m No arb pairs registered for market — skipping detection [3mmarket_id[0m[2m=[0m39a28b31-a7f7-4e16-b2f1-1e1948be289c
[2m2026-04-12T20:18:00.120083Z[0m [34mDEBUG[0m [2mmercury::engine::market_actor[0m[2m:[0m Tick received — running arb detection [3mmarket_id[0m[2m=[0mbc548cd4-ced9-48e8-b131-410c92fb3a0e [3mplatform[0m[2m=[0mPolymarket [3mbid[0m[2m=[0m0.44 [3mask[0m[2m=[0m0.46 [3mmid[0m[2m=[0m0.45 [3mbid_size[0m[2m=[0m2.32 [3mask_size[0m[2m=[0m126.3
[2m2026-04-12T20:18:00.120176Z[0m [34mDEBUG[0m [2mmercury::engine::market_actor[0m[2m:[0m Tick received — running arb detection [3mmarket_id[0m[2m=[0m39a28b31-a7f7-4e16-b2f1-1e1948be289c [3mplatform[0m[2m=[0mPolymarket [3mbid[0m[2m=[0m0.4 [3mask[0m[2m=[0m0.41 [3mmid[0m[2m=[0m0.4050 [3mbid_size[0m[2m=[0m390.85 [3mask_size[0m[2m=[0m100
[2m2026-04-12T20:18:00.120107Z[0m [34mDEBUG[0m [2mmercury::engine::market_actor[0m[2m:[0m Tick received — running arb detection [3mmarket_id[0m[2m=[0m189bf673-b643-45a5-be39-c4a3275d71a0 [3mplatform[0m[2m=[0mPolymarket [3mbid[0m[2m=[0m0.4 [3mask[0m[2m=[0m0.41 [3mmid[0m[2m=[0m0.4050 [3mbid_size[0m[2m=[0m4742.64 [3mask_size[0m[2m=[0m167.54
[2m2026-04-12T20:18:00.120339Z[0m [34mDEBUG[0m [2mmercury::engine::detector[0m[2m:[0m No arb pairs registered for market — skipping detection [3mmarket_id[0m[2m=[0mbc548cd4-ced9-48e8-b131-410c92fb3a0e
[2m2026-04-12T20:18:00.120456Z[0m [34mDEBUG[0m [2mmercury::engine::detector[0m[2m:[0m No arb pairs registered for market — skipping detection [3mmarket_id[0m[2m=[0m189bf673-b643-45a5-be39-c4a3275d71a0
[2m2026-04-12T20:18:00.120472Z[0m [34mDEBUG[0m [2mmercury::engine::market_actor[0m[2m:[0m Tick received — running arb detection [3mmarket_id[0m[2m=[0mbc548cd4-ced9-48e8-b131-410c92fb3a0e [3mplatform[0m[2m=[0mPolymarket [3mbid[0m[2m=[0m0.44 [3mask[0m[2m=[0m0.46 [3mmid[0m[2m=[0m0.45 [3mbid_size[0m[2m=[0m2.32 [3mask_size[0m[2m=[0m126.3
[2m2026-04-12T20:18:00.120500Z[0m [34mDEBUG[0m [2mmercury::engine::market_actor[0m[2m:[0m Tick received — running arb detection [3mmarket_id[0m[2m=[0m2285bae6-253b-4085-b0d1-0af34b5530b6 [3mplatform[0m[2m=[0mPolymarket [3mbid[0m[2m=[0m0.38 [3mask[0m[2m=[0m0.41 [3mmid[0m[2m=[0m0.3950 [3mbid_size[0m[2m=[0m7.2 [3mask_size[0m[2m=[0m106.24
[2m2026-04-12T20:18:00.120601Z[0m [34mDEBUG[0m [2mmercury::engine::detector[0m[2m:[0m No arb pairs registered for market — skipping detection [3mmarket_id[0m[2m=[0m39a28b31-a7f7-4e16-b2f1-1e1948be289c
[2m2026-04-12T20:18:00.120592Z[0m [34mDEBUG[0m [2mmercury::engine::market_actor[0m[2m:[0m Tick received — running arb detection [3mmarket_id[0m[2m=[0m189bf673-b643-45a5-be39-c4a3275d71a0 [3mplatform[0m[2m=[0mPolymarket [3mbid[0m[2m=[0m0.4 [3mask[0m[2m=[0m0.41 [3mmid[0m[2m=[0m0.4050 [3mbid_size[0m[2m=[0m4742.64 [3mask_size[0m[2m=[0m167.54
[2m2026-04-12T20:18:00.120764Z[0m [34mDEBUG[0m [2mmercury::engine::detector[0m[2m:[0m No arb pairs registered for market — skipping detection [3mmarket_id[0m[2m=[0mbc548cd4-ced9-48e8-b131-410c92fb3a0e
[2m2026-04-12T20:18:00.120778Z[0m [34mDEBUG[0m [2mmercury::engine::market_actor[0m[2m:[0m Tick received — running arb detection [3mmarket_id[0m[2m=[0m39a28b31-a7f7-4e16-b2f1-1e1948be289c [3mplatform[0m[2m=[0mPolymarket [3mbid[0m[2m=[0m0.4 [3mask[0m[2m=[0m0.41 [3mmid[0m[2m=[0m0.4050 [3mbid_size[0m[2m=[0m390.85 [3mask_size[0m[2m=[0m100
[2m2026-04-12T20:18:00.120911Z[0m [34mDEBUG[0m [2mmercury::engine::detector[0m[2m:[0m No arb pairs registered for market — skipping detection [3mmarket_id[0m[2m=[0m2285bae6-253b-4085-b0d1-0af34b5530b6
[2m2026-04-12T20:18:00.121060Z[0m [34mDEBUG[0m [2mmercury::engine::detector[0m[2m:[0m No arb pairs registered for market — skipping detection [3mmarket_id[0m[2m=[0m39a28b31-a7f7-4e16-b2f1-1e1948be289c
[2m2026-04-12T20:18:00.121259Z[0m [34mDEBUG[0m [2mmercury::engine::detector[0m[2m:[0m No arb pairs registered for market — skipping detection [3mmarket_id[0m[2m=[0m189bf673-b643-45a5-be39-c4a3275d71a0
[2m2026-04-12T20:18:00.121248Z[0m [34mDEBUG[0m [2mmercury::engine::market_actor[0m[2m:[0m Tick received — running arb detection [3mmarket_id[0m[2m=[0m39a28b31-a7f7-4e16-b2f1-1e1948be289c [3mplatform[0m[2m=[0mPolymarket [3mbid[0m[2m=[0m0.4 [3mask[0m[2m=[0m0.41 [3mmid[0m[2m=[0m0.4050 [3mbid_size[0m[2m=[0m390.85 [3mask_size[0m[2m=[0m100
[2m2026-04-12T20:18:00.121473Z[0m [34mDEBUG[0m [2mmercury::engine::detector[0m[2m:[0m No arb pairs registered for market — skipping detection [3mmarket_id[0m[2m=[0m39a28b31-a7f7-4e16-b2f1-1e1948be289c
[2m2026-04-12T20:18:00.121579Z[0m [34mDEBUG[0m [2mmercury::engine::market_actor[0m[2m:[0m Tick received — running arb detection [3mmarket_id[0m[2m=[0m39a28b31-a7f7-4e16-b2f1-1e1948be289c [3mplatform[0m[2m=[0mPolymarket [3mbid[0m[2m=[0m0.4 [3mask[0m[2m=[0m0.41 [3mmid[0m[2m=[0m0.4050 [3mbid_size[0m[2m=[0m390.85 [3mask_size[0m[2m=[0m100
[2m2026-04-12T20:18:00.121699Z[0m [34mDEBUG[0m [2mmercury::engine::detector[0m[2m:[0m No arb pairs registered for market — skipping detection [3mmarket_id[0m[2m=[0m39a28b31-a7f7-4e16-b2f1-1e1948be289c
[2m2026-04-12T20:18:00.121789Z[0m [34mDEBUG[0m [2mmercury::engine::market_actor[0m[2m:[0m Tick received — running arb detection [3mmarket_id[0m[2m=[0m39a28b31-a7f7-4e16-b2f1-1e1948be289c [3mplatform[0m[2m=[0mPolymarket [3mbid[0m[2m=[0m0.4 [3mask[0m[2m=[0m0.41 [3mmid[0m[2m=[0m0.4050 [3mbid_size[0m[2m=[0m390.85 [3mask_size[0m[2m=[0m100
[2m2026-04-12T20:18:00.121906Z[0m [34mDEBUG[0m [2mmercury::engine::detector[0m[2m:[0m No arb pairs registered for market — skipping detection [3mmarket_id[0m[2m=[0m39a28b31-a7f7-4e16-b2f1-1e1948be289c
[2m2026-04-12T20:18:00.121996Z[0m [34mDEBUG[0m [2mmercury::engine::market_actor[0m[2m:[0m Tick received — running arb detection [3mmarket_id[0m[2m=[0m39a28b31-a7f7-4e16-b2f1-1e1948be289c [3mplatform[0m[2m=[0mPolymarket [3mbid[0m[2m=[0m0.4 [3mask[0m[2m=[0m0.41 [3mmid[0m[2m=[0m0.4050 [3mbid_size[0m[2m=[0m390.85 [3mask_size[0m[2m=[0m100
[2m2026-04-12T20:18:00.122112Z[0m [34mDEBUG[0m [2mmercury::engine::detector[0m[2m:[0m No arb pairs registered for market — skipping detection [3mmarket_id[0m[2m=[0m39a28b31-a7f7-4e16-b2f1-1e1948be289c
[2m2026-04-12T20:18:00.163062Z[0m [34mDEBUG[0m [2mmercury::engine::market_actor[0m[2m:[0m Tick received — running arb detection [3mmarket_id[0m[2m=[0m189bf673-b643-45a5-be39-c4a3275d71a0 [3mplatform[0m[2m=[0mPolymarket [3mbid[0m[2m=[0m0.4 [3mask[0m[2m=[0m0.41 [3mmid[0m[2m=[0m0.4050 [3mbid_size[0m[2m=[0m4742.64 [3mask_size[0m[2m=[0m167.54
[2m2026-04-12T20:18:00.163272Z[0m [34mDEBUG[0m [2mmercury::engine::detector[0m[2m:[0m No arb pairs registered for market — skipping detection [3mmarket_id[0m[2m=[0m189bf673-b643-45a5-be39-c4a3275d71a0
[2m2026-04-12T20:18:00.163388Z[0m [34mDEBUG[0m [2mmercury::engine::market_actor[0m[2m:[0m Tick received — running arb detection [3mmarket_id[0m[2m=[0m189bf673-b643-45a5-be39-c4a3275d71a0 [3mplatform[0m[2m=[0mPolymarket [3mbid[0m[2m=[0m0.4 [3mask[0m[2m=[0m0.41 [3mmid[0m[2m=[0m0.4050 [3mbid_size[0m[2m=[0m4742.64 [3mask_size[0m[2m=[0m167.54
[2m2026-04-12T20:18:00.163470Z[0m [34mDEBUG[0m [2mmercury::feeds::polymarket[0m[2m:[0m Unknown Polymarket event type [3mevent_type[0m[2m=[0mbest_bid_ask
[2m2026-04-12T20:18:00.163528Z[0m [34mDEBUG[0m [2mmercury::engine::detector[0m[2m:[0m No arb pairs registered for market — skipping detection [3mmarket_id[0m[2m=[0m189bf673-b643-45a5-be39-c4a3275d71a0
[2m2026-04-12T20:18:00.163626Z[0m [34mDEBUG[0m [2mmercury::engine::market_actor[0m[2m:[0m Tick received — running arb detection [3mmarket_id[0m[2m=[0m189bf673-b643-45a5-be39-c4a3275d71a0 [3mplatform[0m[2m=[0mPolymarket [3mbid[0m[2m=[0m0.4 [3mask[0m[2m=[0m0.41 [3mmid[0m[2m=[0m0.4050 [3mbid_size[0m[2m=[0m4742.64 [3mask_size[0m[2m=[0m167.54
[2m2026-04-12T20:18:00.163746Z[0m [34mDEBUG[0m [2mmercury::engine::detector[0m[2m:[0m No arb pairs registered for market — skipping detection [3mmarket_id[0m[2m=[0m189bf673-b643-45a5-be39-c4a3275d71a0
[2m2026-04-12T20:18:00.163839Z[0m [34mDEBUG[0m [2mmercury::engine::market_actor[0m[2m:[0m Tick received — running arb detection [3mmarket_id[0m[2m=[0m189bf673-b643-45a5-be39-c4a3275d71a0 [3mplatform[0m[2m=[0mPolymarket [3mbid[0m[2m=[0m0.4 [3mask[0m[2m=[0m0.41 [3mmid[0m[2m=[0m0.4050 [3mbid_size[0m[2m=[0m4742.64 [3mask_size[0m[2m=[0m167.54
[2m2026-04-12T20:18:00.163835Z[0m [34mDEBUG[0m [2mmercury::engine::market_actor[0m[2m:[0m Tick received — running arb detection [3mmarket_id[0m[2m=[0m39a28b31-a7f7-4e16-b2f1-1e1948be289c [3mplatform[0m[2m=[0mPolymarket [3mbid[0m[2m=[0m0.4 [3mask[0m[2m=[0m0.41 [3mmid[0m[2m=[0m0.4050 [3mbid_size[0m[2m=[0m377.41 [3mask_size[0m[2m=[0m100
[2m2026-04-12T20:18:00.163965Z[0m [34mDEBUG[0m [2mmercury::engine::detector[0m[2m:[0m No arb pairs registered for market — skipping detection [3mmarket_id[0m[2m=[0m189bf673-b643-45a5-be39-c4a3275d71a0
[2m2026-04-12T20:18:00.164058Z[0m [34mDEBUG[0m [2mmercury::engine::market_actor[0m[2m:[0m Tick received — running arb detection [3mmarket_id[0m[2m=[0m189bf673-b643-45a5-be39-c4a3275d71a0 [3mplatform[0m[2m=[0mPolymarket [3mbid[0m[2m=[0m0.4 [3mask[0m[2m=[0m0.41 [3mmid[0m[2m=[0m0.4050 [3mbid_size[0m[2m=[0m4742.64 [3mask_size[0m[2m=[0m167.54
[2m2026-04-12T20:18:00.164074Z[0m [34mDEBUG[0m [2mmercury::engine::detector[0m[2m:[0m No arb pairs registered for market — skipping detection [3mmarket_id[0m[2m=[0m39a28b31-a7f7-4e16-b2f1-1e1948be289c
[2m2026-04-12T20:18:00.164227Z[0m [34mDEBUG[0m [2mmercury::engine::detector[0m[2m:[0m No arb pairs registered for market — skipping detection [3mmarket_id[0m[2m=[0m189bf673-b643-45a5-be39-c4a3275d71a0
[2m2026-04-12T20:18:00.164350Z[0m [34mDEBUG[0m [2mmercury::engine::market_actor[0m[2m:[0m Tick received — running arb detection [3mmarket_id[0m[2m=[0m189bf673-b643-45a5-be39-c4a3275d71a0 [3mplatform[0m[2m=[0mPolymarket [3mbid[0m[2m=[0m0.4 [3mask[0m[2m=[0m0.41 [3mmid[0m[2m=[0m0.4050 [3mbid_size[0m[2m=[0m4742.64 [3mask_size[0m[2m=[0m167.54
[2m2026-04-12T20:18:00.164437Z[0m [34mDEBUG[0m [2mmercury::engine::market_actor[0m[2m:[0m Tick received — running arb detection [3mmarket_id[0m[2m=[0m39a28b31-a7f7-4e16-b2f1-1e1948be289c [3mplatform[0m[2m=[0mPolymarket [3mbid[0m[2m=[0m0.4 [3mask[0m[2m=[0m0.41 [3mmid[0m[2m=[0m0.4050 [3mbid_size[0m[2m=[0m377.41 [3mask_size[0m[2m=[0m100
[2m2026-04-12T20:18:00.164469Z[0m [34mDEBUG[0m [2mmercury::engine::detector[0m[2m:[0m No arb pairs registered for market — skipping detection [3mmarket_id[0m[2m=[0m189bf673-b643-45a5-be39-c4a3275d71a0
[2m2026-04-12T20:18:00.164594Z[0m [34mDEBUG[0m [2mmercury::engine::detector[0m[2m:[0m No arb pairs registered for market — skipping detection [3mmarket_id[0m[2m=[0m39a28b31-a7f7-4e16-b2f1-1e1948be289c
[2m2026-04-12T20:18:00.164611Z[0m [34mDEBUG[0m [2mmercury::engine::market_actor[0m[2m:[0m Tick received — running arb detection [3mmarket_id[0m[2m=[0m189bf673-b643-45a5-be39-c4a3275d71a0 [3mplatform[0m[2m=[0mPolymarket [3mbid[0m[2m=[0m0.4 [3mask[0m[2m=[0m0.41 [3mmid[0m[2m=[0m0.4050 [3mbid_size[0m[2m=[0m4742.64 [3mask_size[0m[2m=[0m167.54
[2m2026-04-12T20:18:00.164745Z[0m [34mDEBUG[0m [2mmercury::engine::detector[0m[2m:[0m No arb pairs registered for market — skipping detection [3mmarket_id[0m[2m=[0m189bf673-b643-45a5-be39-c4a3275d71a0
[2m2026-04-12T20:18:00.164837Z[0m [34mDEBUG[0m [2mmercury::engine::market_actor[0m[2m:[0m Tick received — running arb detection [3mmarket_id[0m[2m=[0m189bf673-b643-45a5-be39-c4a3275d71a0 [3mplatform[0m[2m=[0mPolymarket [3mbid[0m[2m=[0m0.4 [3mask[0m[2m=[0m0.41 [3mmid[0m[2m=[0m0.4050 [3mbid_size[0m[2m=[0m4742.64 [3mask_size[0m[2m=[0m167.54
[2m2026-04-12T20:18:00.164958Z[0m [34mDEBUG[0m [2mmercury::engine::detector[0m[2m:[0m No arb pairs registered for market — skipping detection [3mmarket_id[0m[2m=[0m189bf673-b643-45a5-be39-c4a3275d71a0
[2m2026-04-12T20:18:00.165053Z[0m [34mDEBUG[0m [2mmercury::engine::market_actor[0m[2m:[0m Tick received — running arb detection [3mmarket_id[0m[2m=[0m189bf673-b643-45a5-be39-c4a3275d71a0 [3mplatform[0m[2m=[0mPolymarket [3mbid[0m[2m=[0m0.4 [3mask[0m[2m=[0m0.41 [3mmid[0m[2m=[0m0.4050 [3mbid_size[0m[2m=[0m4742.64 [3mask_size[0m[2m=[0m167.54
[2m2026-04-12T20:18:00.165177Z[0m [34mDEBUG[0m [2mmercury::engine::detector[0m[2m:[0m No arb pairs registered for market — skipping detection [3mmarket_id[0m[2m=[0m189bf673-b643-45a5-be39-c4a3275d71a0
[2m2026-04-12T20:18:00.165283Z[0m [34mDEBUG[0m [2mmercury::engine::market_actor[0m[2m:[0m Tick received — running arb detection [3mmarket_id[0m[2m=[0m189bf673-b643-45a5-be39-c4a3275d71a0 [3mplatform[0m[2m=[0mPolymarket [3mbid[0m[2m=[0m0.4 [3mask[0m[2m=[0m0.41 [3mmid[0m[2m=[0m0.4050 [3mbid_size[0m[2m=[0m4742.64 [3mask_size[0m[2m=[0m167.54
[2m2026-04-12T20:18:00.165330Z[0m [34mDEBUG[0m [2mmercury::engine::market_actor[0m[2m:[0m Tick received — running arb detection [3mmarket_id[0m[2m=[0m39a28b31-a7f7-4e16-b2f1-1e1948be289c [3mplatform[0m[2m=[0mPolymarket [3mbid[0m[2m=[0m0.4 [3mask[0m[2m=[0m0.41 [3mmid[0m[2m=[0m0.4050 [3mbid_size[0m[2m=[0m377.41 [3mask_size[0m[2m=[0m100
[2m2026-04-12T20:18:00.165395Z[0m [34mDEBUG[0m [2mmercury::engine::detector[0m[2m:[0m No arb pairs registered for market — skipping detection [3mmarket_id[0m[2m=[0m189bf673-b643-45a5-be39-c4a3275d71a0
[2m2026-04-12T20:18:00.165476Z[0m [34mDEBUG[0m [2mmercury::engine::detector[0m[2m:[0m No arb pairs registered for market — skipping detection [3mmarket_id[0m[2m=[0m39a28b31-a7f7-4e16-b2f1-1e1948be289c
[2m2026-04-12T20:18:00.165480Z[0m [34mDEBUG[0m [2mmercury::engine::market_actor[0m[2m:[0m Tick received — running arb detection [3mmarket_id[0m[2m=[0m189bf673-b643-45a5-be39-c4a3275d71a0 [3mplatform[0m[2m=[0mPolymarket [3mbid[0m[2m=[0m0.4 [3mask[0m[2m=[0m0.41 [3mmid[0m[2m=[0m0.4050 [3mbid_size[0m[2m=[0m4742.64 [3mask_size[0m[2m=[0m167.54
[2m2026-04-12T20:18:00.165600Z[0m [34mDEBUG[0m [2mmercury::engine::detector[0m[2m:[0m No arb pairs registered for market — skipping detection [3mmarket_id[0m[2m=[0m189bf673-b643-45a5-be39-c4a3275d71a0
[2m2026-04-12T20:18:00.165688Z[0m [34mDEBUG[0m [2mmercury::engine::market_actor[0m[2m:[0m Tick received — running arb detection [3mmarket_id[0m[2m=[0m189bf673-b643-45a5-be39-c4a3275d71a0 [3mplatform[0m[2m=[0mPolymarket [3mbid[0m[2m=[0m0.4 [3mask[0m[2m=[0m0.41 [3mmid[0m[2m=[0m0.4050 [3mbid_size[0m[2m=[0m4747.64 [3mask_size[0m[2m=[0m167.54
[2m2026-04-12T20:18:00.165797Z[0m [34mDEBUG[0m [2mmercury::engine::detector[0m[2m:[0m No arb pairs registered for market — skipping detection [3mmarket_id[0m[2m=[0m189bf673-b643-45a5-be39-c4a3275d71a0
[2m2026-04-12T20:18:00.165816Z[0m [34mDEBUG[0m [2mmercury::engine::market_actor[0m[2m:[0m Tick received — running arb detection [3mmarket_id[0m[2m=[0m39a28b31-a7f7-4e16-b2f1-1e1948be289c [3mplatform[0m[2m=[0mPolymarket [3mbid[0m[2m=[0m0.4 [3mask[0m[2m=[0m0.41 [3mmid[0m[2m=[0m0.4050 [3mbid_size[0m[2m=[0m377.41 [3mask_size[0m[2m=[0m100
[2m2026-04-12T20:18:00.165883Z[0m [34mDEBUG[0m [2mmercury::engine::market_actor[0m[2m:[0m Tick received — running arb detection [3mmarket_id[0m[2m=[0m189bf673-b643-45a5-be39-c4a3275d71a0 [3mplatform[0m[2m=[0mPolymarket [3mbid[0m[2m=[0m0.4 [3mask[0m[2m=[0m0.41 [3mmid[0m[2m=[0m0.4050 [3mbid_size[0m[2m=[0m4747.64 [3mask_size[0m[2m=[0m167.54
[2m2026-04-12T20:18:00.165944Z[0m [34mDEBUG[0m [2mmercury::engine::detector[0m[2m:[0m No arb pairs registered for market — skipping detection [3mmarket_id[0m[2m=[0m39a28b31-a7f7-4e16-b2f1-1e1948be289c
[2m2026-04-12T20:18:00.166042Z[0m [34mDEBUG[0m [2mmercury::engine::detector[0m[2m:[0m No arb pairs registered for market — skipping detection [3mmarket_id[0m[2m=[0m189bf673-b643-45a5-be39-c4a3275d71a0
[2m2026-04-12T20:18:00.166153Z[0m [34mDEBUG[0m [2mmercury::engine::market_actor[0m[2m:[0m Tick received — running arb detection [3mmarket_id[0m[2m=[0m189bf673-b643-45a5-be39-c4a3275d71a0 [3mplatform[0m[2m=[0mPolymarket [3mbid[0m[2m=[0m0.4 [3mask[0m[2m=[0m0.41 [3mmid[0m[2m=[0m0.4050 [3mbid_size[0m[2m=[0m4747.64 [3mask_size[0m[2m=[0m167.54
[2m2026-04-12T20:18:00.166267Z[0m [34mDEBUG[0m [2mmercury::engine::detector[0m[2m:[0m No arb pairs registered for market — skipping detection [3mmarket_id[0m[2m=[0m189bf673-b643-45a5-be39-c4a3275d71a0
[2m2026-04-12T20:18:00.166356Z[0m [34mDEBUG[0m [2mmercury::engine::market_actor[0m[2m:[0m Tick received — running arb detection [3mmarket_id[0m[2m=[0m189bf673-b643-45a5-be39-c4a3275d71a0 [3mplatform[0m[2m=[0mPolymarket [3mbid[0m[2m=[0m0.4 [3mask[0m[2m=[0m0.41 [3mmid[0m[2m=[0m0.4050 [3mbid_size[0m[2m=[0m4747.64 [3mask_size[0m[2m=[0m167.54
[2m2026-04-12T20:18:00.166466Z[0m [34mDEBUG[0m [2mmercury::engine::detector[0m[2m:[0m No arb pairs registered for market — skipping detection [3mmarket_id[0m[2m=[0m189bf673-b643-45a5-be39-c4a3275d71a0
[2m2026-04-12T20:18:00.166549Z[0m [34mDEBUG[0m [2mmercury::engine::market_actor[0m[2m:[0m Tick received — running arb detection [3mmarket_id[0m[2m=[0m189bf673-b643-45a5-be39-c4a3275d71a0 [3mplatform[0m[2m=[0mPolymarket [3mbid[0m[2m=[0m0.4 [3mask[0m[2m=[0m0.41 [3mmid[0m[2m=[0m0.4050 [3mbid_size[0m[2m=[0m4747.64 [3mask_size[0m[2m=[0m167.54
[2m2026-04-12T20:18:00.166656Z[0m [34mDEBUG[0m [2mmercury::engine::detector[0m[2m:[0m No arb pairs registered for market — skipping detection [3mmarket_id[0m[2m=[0m189bf673-b643-45a5-be39-c4a3275d71a0
[2m2026-04-12T20:18:00.166742Z[0m [34mDEBUG[0m [2mmercury::engine::market_actor[0m[2m:[0m Tick received — running arb detection [3mmarket_id[0m[2m=[0m189bf673-b643-45a5-be39-c4a3275d71a0 [3mplatform[0m[2m=[0mPolymarket [3mbid[0m[2m=[0m0.4 [3mask[0m[2m=[0m0.41 [3mmid[0m[2m=[0m0.4050 [3mbid_size[0m[2m=[0m4747.64 [3mask_size[0m[2m=[0m167.54
[2m2026-04-12T20:18:00.166853Z[0m [34mDEBUG[0m [2mmercury::engine::detector[0m[2m:[0m No arb pairs registered for market — skipping detection [3mmarket_id[0m[2m=[0m189bf673-b643-45a5-be39-c4a3275d71a0
[2m2026-04-12T20:18:00.166935Z[0m [34mDEBUG[0m [2mmercury::engine::market_actor[0m[2m:[0m Tick received — running arb detection [3mmarket_id[0m[2m=[0m189bf673-b643-45a5-be39-c4a3275d71a0 [3mplatform[0m[2m=[0mPolymarket [3mbid[0m[2m=[0m0.4 [3mask[0m[2m=[0m0.41 [3mmid[0m[2m=[0m0.4050 [3mbid_size[0m[2m=[0m4747.64 [3mask_size[0m[2m=[0m167.54
[2m2026-04-12T20:18:00.167041Z[0m [34mDEBUG[0m [2mmercury::engine::detector[0m[2m:[0m No arb pairs registered for market — skipping detection [3mmarket_id[0m[2m=[0m189bf673-b643-45a5-be39-c4a3275d71a0
[2m2026-04-12T20:18:00.167127Z[0m [34mDEBUG[0m [2mmercury::engine::market_actor[0m[2m:[0m Tick received — running arb detection [3mmarket_id[0m[2m=[0m189bf673-b643-45a5-be39-c4a3275d71a0 [3mplatform[0m[2m=[0mPolymarket [3mbid[0m[2m=[0m0.4 [3mask[0m[2m=[0m0.41 [3mmid[0m[2m=[0m0.4050 [3mbid_size[0m[2m=[0m4747.64 [3mask_size[0m[2m=[0m167.54
[2m2026-04-12T20:18:00.167235Z[0m [34mDEBUG[0m [2mmercury::engine::detector[0m[2m:[0m No arb pairs registered for market — skipping detection [3mmarket_id[0m[2m=[0m189bf673-b643-45a5-be39-c4a3275d71a0
[2m2026-04-12T20:18:00.167321Z[0m [34mDEBUG[0m [2mmercury::engine::market_actor[0m[2m:[0m Tick received — running arb detection [3mmarket_id[0m[2m=[0m189bf673-b643-45a5-be39-c4a3275d71a0 [3mplatform[0m[2m=[0mPolymarket [3mbid[0m[2m=[0m0.4 [3mask[0m[2m=[0m0.41 [3mmid[0m[2m=[0m0.4050 [3mbid_size[0m[2m=[0m4747.64 [3mask_size[0m[2m=[0m167.54
[2m2026-04-12T20:18:00.167433Z[0m [34mDEBUG[0m [2mmercury::engine::detector[0m[2m:[0m No arb pairs registered for market — skipping detection [3mmarket_id[0m[2m=[0m189bf673-b643-45a5-be39-c4a3275d71a0
[2m2026-04-12T20:18:00.173535Z[0m [34mDEBUG[0m [2mmercury::feeds::polymarket[0m[2m:[0m Unknown Polymarket event type [3mevent_type[0m[2m=[0mbest_bid_ask
[2m2026-04-12T20:18:00.173903Z[0m [34mDEBUG[0m [2mmercury::engine::market_actor[0m[2m:[0m Tick received — running arb detection [3mmarket_id[0m[2m=[0m39a28b31-a7f7-4e16-b2f1-1e1948be289c [3mplatform[0m[2m=[0mPolymarket [3mbid[0m[2m=[0m0.4 [3mask[0m[2m=[0m0.41 [3mmid[0m[2m=[0m0.4050 [3mbid_size[0m[2m=[0m377.41 [3mask_size[0m[2m=[0m95
[2m2026-04-12T20:18:00.174038Z[0m [34mDEBUG[0m [2mmercury::engine::detector[0m[2m:[0m No arb pairs registered for market — skipping detection [3mmarket_id[0m[2m=[0m39a28b31-a7f7-4e16-b2f1-1e1948be289c
[2m2026-04-12T20:18:00.174299Z[0m [34mDEBUG[0m [2mmercury::engine::market_actor[0m[2m:[0m Tick received — running arb detection [3mmarket_id[0m[2m=[0m39a28b31-a7f7-4e16-b2f1-1e1948be289c [3mplatform[0m[2m=[0mPolymarket [3mbid[0m[2m=[0m0.4 [3mask[0m[2m=[0m0.41 [3mmid[0m[2m=[0m0.4050 [3mbid_size[0m[2m=[0m377.41 [3mask_size[0m[2m=[0m95
[2m2026-04-12T20:18:00.174421Z[0m [34mDEBUG[0m [2mmercury::engine::detector[0m[2m:[0m No arb pairs registered for market — skipping detection [3mmarket_id[0m[2m=[0m39a28b31-a7f7-4e16-b2f1-1e1948be289c
[2m2026-04-12T20:18:00.216860Z[0m [34mDEBUG[0m [2mmercury::feeds::polymarket[0m[2m:[0m Unknown Polymarket event type [3mevent_type[0m[2m=[0mbest_bid_ask
[2m2026-04-12T20:18:00.217052Z[0m [34mDEBUG[0m [2mmercury::engine::market_actor[0m[2m:[0m Tick received — running arb detection [3mmarket_id[0m[2m=[0m189bf673-b643-45a5-be39-c4a3275d71a0 [3mplatform[0m[2m=[0mPolymarket [3mbid[0m[2m=[0m0.4 [3mask[0m[2m=[0m0.41 [3mmid[0m[2m=[0m0.4050 [3mbid_size[0m[2m=[0m4747.64 [3mask_size[0m[2m=[0m167.54
[2m2026-04-12T20:18:00.217333Z[0m [34mDEBUG[0m [2mmercury::engine::detector[0m[2m:[0m No arb pairs registered for market — skipping detection [3mmarket_id[0m[2m=[0m189bf673-b643-45a5-be39-c4a3275d71a0
[2m2026-04-12T20:18:00.217494Z[0m [34mDEBUG[0m [2mmercury::engine::market_actor[0m[2m:[0m Tick received — running arb detection [3mmarket_id[0m[2m=[0m39a28b31-a7f7-4e16-b2f1-1e1948be289c [3mplatform[0m[2m=[0mPolymarket [3mbid[0m[2m=[0m0.4 [3mask[0m[2m=[0m0.41 [3mmid[0m[2m=[0m0.4050 [3mbid_size[0m[2m=[0m377.41 [3mask_size[0m[2m=[0m90
[2m2026-04-12T20:18:00.217671Z[0m [34mDEBUG[0m [2mmercury::engine::detector[0m[2m:[0m No arb pairs registered for market — skipping detection [3mmarket_id[0m[2m=[0m39a28b31-a7f7-4e16-b2f1-1e1948be289c
[2m2026-04-12T20:18:00.218124Z[0m [34mDEBUG[0m [2mmercury::engine::market_actor[0m[2m:[0m Tick received — running arb detection [3mmarket_id[0m[2m=[0m39a28b31-a7f7-4e16-b2f1-1e1948be289c [3mplatform[0m[2m=[0mPolymarket [3mbid[0m[2m=[0m0.4 [3mask[0m[2m=[0m0.41 [3mmid[0m[2m=[0m0.4050 [3mbid_size[0m[2m=[0m377.41 [3mask_size[0m[2m=[0m90
[2m2026-04-12T20:18:00.218311Z[0m [34mDEBUG[0m [2mmercury::engine::detector[0m[2m:[0m No arb pairs registered for market — skipping detection [3mmarket_id[0m[2m=[0m39a28b31-a7f7-4e16-b2f1-1e1948be289c
[2m2026-04-12T20:18:00.218310Z[0m [34mDEBUG[0m [2mmercury::engine::market_actor[0m[2m:[0m Tick received — running arb detection [3mmarket_id[0m[2m=[0m189bf673-b643-45a5-be39-c4a3275d71a0 [3mplatform[0m[2m=[0mPolymarket [3mbid[0m[2m=[0m0.4 [3mask[0m[2m=[0m0.41 [3mmid[0m[2m=[0m0.4050 [3mbid_size[0m[2m=[0m4747.64 [3mask_size[0m[2m=[0m167.54
[2m2026-04-12T20:18:00.218434Z[0m [34mDEBUG[0m [2mmercury::engine::market_actor[0m[2m:[0m Tick received — running arb detection [3mmarket_id[0m[2m=[0m39a28b31-a7f7-4e16-b2f1-1e1948be289c [3mplatform[0m[2m=[0mPolymarket [3mbid[0m[2m=[0m0.4 [3mask[0m[2m=[0m0.41 [3mmid[0m[2m=[0m0.4050 [3mbid_size[0m[2m=[0m377.41 [3mask_size[0m[2m=[0m95.4
[2m2026-04-12T20:18:00.218506Z[0m [34mDEBUG[0m [2mmercury::engine::detector[0m[2m:[0m No arb pairs registered for market — skipping detection [3mmarket_id[0m[2m=[0m189bf673-b643-45a5-be39-c4a3275d71a0
[2m2026-04-12T20:18:00.218658Z[0m [34mDEBUG[0m [2mmercury::engine::detector[0m[2m:[0m No arb pairs registered for market — skipping detection [3mmarket_id[0m[2m=[0m39a28b31-a7f7-4e16-b2f1-1e1948be289c
[2m2026-04-12T20:18:00.265301Z[0m [34mDEBUG[0m [2mmercury::engine::market_actor[0m[2m:[0m Tick received — running arb detection [3mmarket_id[0m[2m=[0mbc548cd4-ced9-48e8-b131-410c92fb3a0e [3mplatform[0m[2m=[0mPolymarket [3mbid[0m[2m=[0m0.44 [3mask[0m[2m=[0m0.46 [3mmid[0m[2m=[0m0.45 [3mbid_size[0m[2m=[0m2.32 [3mask_size[0m[2m=[0m126.3
[2m2026-04-12T20:18:00.265459Z[0m [34mDEBUG[0m [2mmercury::engine::market_actor[0m[2m:[0m Tick received — running arb detection [3mmarket_id[0m[2m=[0m189bf673-b643-45a5-be39-c4a3275d71a0 [3mplatform[0m[2m=[0mPolymarket [3mbid[0m[2m=[0m0.4 [3mask[0m[2m=[0m0.41 [3mmid[0m[2m=[0m0.4050 [3mbid_size[0m[2m=[0m4747.64 [3mask_size[0m[2m=[0m167.54
[2m2026-04-12T20:18:00.265547Z[0m [34mDEBUG[0m [2mmercury::engine::detector[0m[2m:[0m No arb pairs registered for market — skipping detection [3mmarket_id[0m[2m=[0mbc548cd4-ced9-48e8-b131-410c92fb3a0e
[2m2026-04-12T20:18:00.265693Z[0m [34mDEBUG[0m [2mmercury::engine::detector[0m[2m:[0m No arb pairs registered for market — skipping detection [3mmarket_id[0m[2m=[0m189bf673-b643-45a5-be39-c4a3275d71a0
[2m2026-04-12T20:18:00.265695Z[0m [34mDEBUG[0m [2mmercury::engine::market_actor[0m[2m:[0m Tick received — running arb detection [3mmarket_id[0m[2m=[0mbc548cd4-ced9-48e8-b131-410c92fb3a0e [3mplatform[0m[2m=[0mPolymarket [3mbid[0m[2m=[0m0.44 [3mask[0m[2m=[0m0.46 [3mmid[0m[2m=[0m0.45 [3mbid_size[0m[2m=[0m2.32 [3mask_size[0m[2m=[0m126.3
[2m2026-04-12T20:18:00.265889Z[0m [34mDEBUG[0m [2mmercury::engine::detector[0m[2m:[0m No arb pairs registered for market — skipping detection [3mmarket_id[0m[2m=[0mbc548cd4-ced9-48e8-b131-410c92fb3a0e
[2m2026-04-12T20:18:00.320669Z[0m [34mDEBUG[0m [2mmercury::engine::market_actor[0m[2m:[0m Tick received — running arb detection [3mmarket_id[0m[2m=[0m189bf673-b643-45a5-be39-c4a3275d71a0 [3mplatform[0m[2m=[0mPolymarket [3mbid[0m[2m=[0m0.4 [3mask[0m[2m=[0m0.41 [3mmid[0m[2m=[0m0.4050 [3mbid_size[0m[2m=[0m4747.64 [3mask_size[0m[2m=[0m167.54
[2m2026-04-12T20:18:00.320885Z[0m [34mDEBUG[0m [2mmercury::engine::market_actor[0m[2m:[0m Tick received — running arb detection [3mmarket_id[0m[2m=[0mbc548cd4-ced9-48e8-b131-410c92fb3a0e [3mplatform[0m[2m=[0mPolymarket [3mbid[0m[2m=[0m0.44 [3mask[0m[2m=[0m0.46 [3mmid[0m[2m=[0m0.45 [3mbid_size[0m[2m=[0m2.32 [3mask_size[0m[2m=[0m126.3
[2m2026-04-12T20:18:00.320968Z[0m [34mDEBUG[0m [2mmercury::engine::detector[0m[2m:[0m No arb pairs registered for market — skipping detection [3mmarket_id[0m[2m=[0m189bf673-b643-45a5-be39-c4a3275d71a0
[2m2026-04-12T20:18:00.321080Z[0m [34mDEBUG[0m [2mmercury::engine::detector[0m[2m:[0m No arb pairs registered for market — skipping detection [3mmarket_id[0m[2m=[0mbc548cd4-ced9-48e8-b131-410c92fb3a0e
[2m2026-04-12T20:18:00.321118Z[0m [34mDEBUG[0m [2mmercury::engine::market_actor[0m[2m:[0m Tick received — running arb detection [3mmarket_id[0m[2m=[0m2285bae6-253b-4085-b0d1-0af34b5530b6 [3mplatform[0m[2m=[0mPolymarket [3mbid[0m[2m=[0m0.38 [3mask[0m[2m=[0m0.41 [3mmid[0m[2m=[0m0.3950 [3mbid_size[0m[2m=[0m7.2 [3mask_size[0m[2m=[0m106.24
[2m2026-04-12T20:18:00.321214Z[0m [34mDEBUG[0m [2mmercury::engine::market_actor[0m[2m:[0m Tick received — running arb detection [3mmarket_id[0m[2m=[0mbc548cd4-ced9-48e8-b131-410c92fb3a0e [3mplatform[0m[2m=[0mPolymarket [3mbid[0m[2m=[0m0.44 [3mask[0m[2m=[0m0.46 [3mmid[0m[2m=[0m0.45 [3mbid_size[0m[2m=[0m2.32 [3mask_size[0m[2m=[0m126.3
[2m2026-04-12T20:18:00.321304Z[0m [34mDEBUG[0m [2mmercury::engine::detector[0m[2m:[0m No arb pairs registered for market — skipping detection [3mmarket_id[0m[2m=[0m2285bae6-253b-4085-b0d1-0af34b5530b6
[2m2026-04-12T20:18:00.321437Z[0m [34mDEBUG[0m [2mmercury::engine::detector[0m[2m:[0m No arb pairs registered for market — skipping detection [3mmarket_id[0m[2m=[0mbc548cd4-ced9-48e8-b131-410c92fb3a0e
[2m2026-04-12T20:18:00.358265Z[0m [34mDEBUG[0m [2mmercury::engine::market_actor[0m[2m:[0m Tick received — running arb detection [3mmarket_id[0m[2m=[0m39a28b31-a7f7-4e16-b2f1-1e1948be289c [3mplatform[0m[2m=[0mPolymarket [3mbid[0m[2m=[0m0.4 [3mask[0m[2m=[0m0.41 [3mmid[0m[2m=[0m0.4050 [3mbid_size[0m[2m=[0m377.41 [3mask_size[0m[2m=[0m95.4
[2m2026-04-12T20:18:00.358462Z[0m [34mDEBUG[0m [2mmercury::engine::detector[0m[2m:[0m No arb pairs registered for market — skipping detection [3mmarket_id[0m[2m=[0m39a28b31-a7f7-4e16-b2f1-1e1948be289c
[2m2026-04-12T20:18:00.422080Z[0m [34mDEBUG[0m [2mmercury::engine::market_actor[0m[2m:[0m Tick received — running arb detection [3mmarket_id[0m[2m=[0m2285bae6-253b-4085-b0d1-0af34b5530b6 [3mplatform[0m[2m=[0mPolymarket [3mbid[0m[2m=[0m0.38 [3mask[0m[2m=[0m0.41 [3mmid[0m[2m=[0m0.3950 [3mbid_size[0m[2m=[0m7.2 [3mask_size[0m[2m=[0m106.24
[2m2026-04-12T20:18:00.422375Z[0m [34mDEBUG[0m [2mmercury::engine::detector[0m[2m:[0m No arb pairs registered for market — skipping detection [3mmarket_id[0m[2m=[0m2285bae6-253b-4085-b0d1-0af34b5530b6
[2m2026-04-12T20:18:00.422500Z[0m [34mDEBUG[0m [2mmercury::engine::market_actor[0m[2m:[0m Tick received — running arb detection [3mmarket_id[0m[2m=[0m2285bae6-253b-4085-b0d1-0af34b5530b6 [3mplatform[0m[2m=[0mPolymarket [3mbid[0m[2m=[0m0.38 [3mask[0m[2m=[0m0.41 [3mmid[0m[2m=[0m0.3950 [3mbid_size[0m[2m=[0m7.2 [3mask_size[0m[2m=[0m101.2
[2m2026-04-12T20:18:00.422652Z[0m [34mDEBUG[0m [2mmercury::engine::detector[0m[2m:[0m No arb pairs registered for market — skipping detection [3mmarket_id[0m[2m=[0m2285bae6-253b-4085-b0d1-0af34b5530b6
[2m2026-04-12T20:18:00.422778Z[0m [34mDEBUG[0m [2mmercury::engine::market_actor[0m[2m:[0m Tick received — running arb detection [3mmarket_id[0m[2m=[0m2285bae6-253b-4085-b0d1-0af34b5530b6 [3mplatform[0m[2m=[0mPolymarket [3mbid[0m[2m=[0m0.38 [3mask[0m[2m=[0m0.41 [3mmid[0m[2m=[0m0.3950 [3mbid_size[0m[2m=[0m7.2 [3mask_size[0m[2m=[0m94
[2m2026-04-12T20:18:00.422927Z[0m [34mDEBUG[0m [2mmercury::feeds::polymarket[0m[2m:[0m Unknown Polymarket event type [3mevent_type[0m[2m=[0mbest_bid_ask
[2m2026-04-12T20:18:00.422930Z[0m [34mDEBUG[0m [2mmercury::engine::detector[0m[2m:[0m No arb pairs registered for market — skipping detection [3mmarket_id[0m[2m=[0m2285bae6-253b-4085-b0d1-0af34b5530b6
[2m2026-04-12T20:18:00.423129Z[0m [34mDEBUG[0m [2mmercury::engine::market_actor[0m[2m:[0m Tick received — running arb detection [3mmarket_id[0m[2m=[0m2285bae6-253b-4085-b0d1-0af34b5530b6 [3mplatform[0m[2m=[0mPolymarket [3mbid[0m[2m=[0m0.38 [3mask[0m[2m=[0m0.41 [3mmid[0m[2m=[0m0.3950 [3mbid_size[0m[2m=[0m7.2 [3mask_size[0m[2m=[0m94
[2m2026-04-12T20:18:00.423292Z[0m [34mDEBUG[0m [2mmercury::engine::detector[0m[2m:[0m No arb pairs registered for market — skipping detection [3mmarket_id[0m[2m=[0m2285bae6-253b-4085-b0d1-0af34b5530b6
[2m2026-04-12T20:18:00.423419Z[0m [34mDEBUG[0m [2mmercury::engine::market_actor[0m[2m:[0m Tick received — running arb detection [3mmarket_id[0m[2m=[0m2285bae6-253b-4085-b0d1-0af34b5530b6 [3mplatform[0m[2m=[0mPolymarket [3mbid[0m[2m=[0m0.38 [3mask[0m[2m=[0m0.41 [3mmid[0m[2m=[0m0.3950 [3mbid_size[0m[2m=[0m7.2 [3mask_size[0m[2m=[0m94
[2m2026-04-12T20:18:00.423578Z[0m [34mDEBUG[0m [2mmercury::engine::detector[0m[2m:[0m No arb pairs registered for market — skipping detection [3mmarket_id[0m[2m=[0m2285bae6-253b-4085-b0d1-0af34b5530b6
[2m2026-04-12T20:18:00.423703Z[0m [34mDEBUG[0m [2mmercury::engine::market_actor[0m[2m:[0m Tick received — running arb detection [3mmarket_id[0m[2m=[0m2285bae6-253b-4085-b0d1-0af34b5530b6 [3mplatform[0m[2m=[0mPolymarket [3mbid[0m[2m=[0m0.38 [3mask[0m[2m=[0m0.41 [3mmid[0m[2m=[0m0.3950 [3mbid_size[0m[2m=[0m7.2 [3mask_size[0m[2m=[0m94
[2m2026-04-12T20:18:00.423780Z[0m [34mDEBUG[0m [2mmercury::feeds::polymarket[0m[2m:[0m Unknown Polymarket event type [3mevent_type[0m[2m=[0mbest_bid_ask
[2m2026-04-12T20:18:00.423854Z[0m [34mDEBUG[0m [2mmercury::engine::detector[0m[2m:[0m No arb pairs registered for market — skipping detection [3mmarket_id[0m[2m=[0m2285bae6-253b-4085-b0d1-0af34b5530b6
[2m2026-04-12T20:18:00.423971Z[0m [34mDEBUG[0m [2mmercury::engine::market_actor[0m[2m:[0m Tick received — running arb detection [3mmarket_id[0m[2m=[0m2285bae6-253b-4085-b0d1-0af34b5530b6 [3mplatform[0m[2m=[0mPolymarket [3mbid[0m[2m=[0m0.38 [3mask[0m[2m=[0m0.41 [3mmid[0m[2m=[0m0.3950 [3mbid_size[0m[2m=[0m7.2 [3mask_size[0m[2m=[0m94
[2m2026-04-12T20:18:00.424119Z[0m [34mDEBUG[0m [2mmercury::engine::detector[0m[2m:[0m No arb pairs registered for market — skipping detection [3mmarket_id[0m[2m=[0m2285bae6-253b-4085-b0d1-0af34b5530b6
[2m2026-04-12T20:18:00.424235Z[0m [34mDEBUG[0m [2mmercury::engine::market_actor[0m[2m:[0m Tick received — running arb detection [3mmarket_id[0m[2m=[0m2285bae6-253b-4085-b0d1-0af34b5530b6 [3mplatform[0m[2m=[0mPolymarket [3mbid[0m[2m=[0m0.38 [3mask[0m[2m=[0m0.41 [3mmid[0m[2m=[0m0.3950 [3mbid_size[0m[2m=[0m7.2 [3mask_size[0m[2m=[0m94
[2m2026-04-12T20:18:00.424386Z[0m [34mDEBUG[0m [2mmercury::engine::detector[0m[2m:[0m No arb pairs registered for market — skipping detection [3mmarket_id[0m[2m=[0m2285bae6-253b-4085-b0d1-0af34b5530b6
[2m2026-04-12T20:18:00.424512Z[0m [34mDEBUG[0m [2mmercury::engine::market_actor[0m[2m:[0m Tick received — running arb detection [3mmarket_id[0m[2m=[0m2285bae6-253b-4085-b0d1-0af34b5530b6 [3mplatform[0m[2m=[0mPolymarket [3mbid[0m[2m=[0m0.39 [3mask[0m[2m=[0m0.41 [3mmid[0m[2m=[0m0.40 [3mbid_size[0m[2m=[0m7.2 [3mask_size[0m[2m=[0m94
[2m2026-04-12T20:18:00.424659Z[0m [34mDEBUG[0m [2mmercury::engine::detector[0m[2m:[0m No arb pairs registered for market — skipping detection [3mmarket_id[0m[2m=[0m2285bae6-253b-4085-b0d1-0af34b5530b6
[2m2026-04-12T20:18:00.424778Z[0m [34mDEBUG[0m [2mmercury::engine::market_actor[0m[2m:[0m Tick received — running arb detection [3mmarket_id[0m[2m=[0m2285bae6-253b-4085-b0d1-0af34b5530b6 [3mplatform[0m[2m=[0mPolymarket [3mbid[0m[2m=[0m0.39 [3mask[0m[2m=[0m0.41 [3mmid[0m[2m=[0m0.40 [3mbid_size[0m[2m=[0m7.2 [3mask_size[0m[2m=[0m94
[2m2026-04-12T20:18:00.424889Z[0m [34mDEBUG[0m [2mmercury::engine::detector[0m[2m:[0m No arb pairs registered for market — skipping detection [3mmarket_id[0m[2m=[0m2285bae6-253b-4085-b0d1-0af34b5530b6
[2m2026-04-12T20:18:00.424983Z[0m [34mDEBUG[0m [2mmercury::engine::market_actor[0m[2m:[0m Tick received — running arb detection [3mmarket_id[0m[2m=[0m2285bae6-253b-4085-b0d1-0af34b5530b6 [3mplatform[0m[2m=[0mPolymarket [3mbid[0m[2m=[0m0.39 [3mask[0m[2m=[0m0.41 [3mmid[0m[2m=[0m0.40 [3mbid_size[0m[2m=[0m7.2 [3mask_size[0m[2m=[0m94
[2m2026-04-12T20:18:00.425095Z[0m [34mDEBUG[0m [2mmercury::engine::detector[0m[2m:[0m No arb pairs registered for market — skipping detection [3mmarket_id[0m[2m=[0m2285bae6-253b-4085-b0d1-0af34b5530b6
[2m2026-04-12T20:18:00.425154Z[0m [34mDEBUG[0m [2mmercury::engine::market_actor[0m[2m:[0m Tick received — running arb detection [3mmarket_id[0m[2m=[0m189bf673-b643-45a5-be39-c4a3275d71a0 [3mplatform[0m[2m=[0mPolymarket [3mbid[0m[2m=[0m0.4 [3mask[0m[2m=[0m0.41 [3mmid[0m[2m=[0m0.4050 [3mbid_size[0m[2m=[0m4747.64 [3mask_size[0m[2m=[0m167.54
[2m2026-04-12T20:18:00.425189Z[0m [34mDEBUG[0m [2mmercury::engine::market_actor[0m[2m:[0m Tick received — running arb detection [3mmarket_id[0m[2m=[0m2285bae6-253b-4085-b0d1-0af34b5530b6 [3mplatform[0m[2m=[0mPolymarket [3mbid[0m[2m=[0m0.39 [3mask[0m[2m=[0m0.41 [3mmid[0m[2m=[0m0.40 [3mbid_size[0m[2m=[0m7.2 [3mask_size[0m[2m=[0m94
[2m2026-04-12T20:18:00.425304Z[0m [34mDEBUG[0m [2mmercury::engine::detector[0m[2m:[0m No arb pairs registered for market — skipping detection [3mmarket_id[0m[2m=[0m189bf673-b643-45a5-be39-c4a3275d71a0
[2m2026-04-12T20:18:00.425421Z[0m [34mDEBUG[0m [2mmercury::engine::detector[0m[2m:[0m No arb pairs registered for market — skipping detection [3mmarket_id[0m[2m=[0m2285bae6-253b-4085-b0d1-0af34b5530b6
[2m2026-04-12T20:18:00.425524Z[0m [34mDEBUG[0m [2mmercury::engine::market_actor[0m[2m:[0m Tick received — running arb detection [3mmarket_id[0m[2m=[0m2285bae6-253b-4085-b0d1-0af34b5530b6 [3mplatform[0m[2m=[0mPolymarket [3mbid[0m[2m=[0m0.39 [3mask[0m[2m=[0m0.41 [3mmid[0m[2m=[0m0.40 [3mbid_size[0m[2m=[0m7.2 [3mask_size[0m[2m=[0m94
[2m2026-04-12T20:18:00.425642Z[0m [34mDEBUG[0m [2mmercury::engine::detector[0m[2m:[0m No arb pairs registered for market — skipping detection [3mmarket_id[0m[2m=[0m2285bae6-253b-4085-b0d1-0af34b5530b6
[2m2026-04-12T20:18:00.425740Z[0m [34mDEBUG[0m [2mmercury::engine::market_actor[0m[2m:[0m Tick received — running arb detection [3mmarket_id[0m[2m=[0m2285bae6-253b-4085-b0d1-0af34b5530b6 [3mplatform[0m[2m=[0mPolymarket [3mbid[0m[2m=[0m0.4 [3mask[0m[2m=[0m0.41 [3mmid[0m[2m=[0m0.4050 [3mbid_size[0m[2m=[0m5.4 [3mask_size[0m[2m=[0m94
[2m2026-04-12T20:18:00.425863Z[0m [34mDEBUG[0m [2mmercury::engine::detector[0m[2m:[0m No arb pairs registered for market — skipping detection [3mmarket_id[0m[2m=[0m2285bae6-253b-4085-b0d1-0af34b5530b6
[2m2026-04-12T20:18:00.425961Z[0m [34mDEBUG[0m [2mmercury::engine::market_actor[0m[2m:[0m Tick received — running arb detection [3mmarket_id[0m[2m=[0m2285bae6-253b-4085-b0d1-0af34b5530b6 [3mplatform[0m[2m=[0mPolymarket [3mbid[0m[2m=[0m0.4 [3mask[0m[2m=[0m0.41 [3mmid[0m[2m=[0m0.4050 [3mbid_size[0m[2m=[0m5.4 [3mask_size[0m[2m=[0m94
[2m2026-04-12T20:18:00.426078Z[0m [34mDEBUG[0m [2mmercury::engine::detector[0m[2m:[0m No arb pairs registered for market — skipping detection [3mmarket_id[0m[2m=[0m2285bae6-253b-4085-b0d1-0af34b5530b6
[2m2026-04-12T20:18:00.426176Z[0m [34mDEBUG[0m [2mmercury::engine::market_actor[0m[2m:[0m Tick received — running arb detection [3mmarket_id[0m[2m=[0m2285bae6-253b-4085-b0d1-0af34b5530b6 [3mplatform[0m[2m=[0mPolymarket [3mbid[0m[2m=[0m0.4 [3mask[0m[2m=[0m0.41 [3mmid[0m[2m=[0m0.4050 [3mbid_size[0m[2m=[0m5.4 [3mask_size[0m[2m=[0m94
[2m2026-04-12T20:18:00.426294Z[0m [34mDEBUG[0m [2mmercury::engine::detector[0m[2m:[0m No arb pairs registered for market — skipping detection [3mmarket_id[0m[2m=[0m2285bae6-253b-4085-b0d1-0af34b5530b6
[2m2026-04-12T20:18:00.426402Z[0m [34mDEBUG[0m [2mmercury::engine::market_actor[0m[2m:[0m Tick received — running arb detection [3mmarket_id[0m[2m=[0m2285bae6-253b-4085-b0d1-0af34b5530b6 [3mplatform[0m[2m=[0mPolymarket [3mbid[0m[2m=[0m0.4 [3mask[0m[2m=[0m0.41 [3mmid[0m[2m=[0m0.4050 [3mbid_size[0m[2m=[0m5.4 [3mask_size[0m[2m=[0m94
[2m2026-04-12T20:18:00.426517Z[0m [34mDEBUG[0m [2mmercury::engine::detector[0m[2m:[0m No arb pairs registered for market — skipping detection [3mmarket_id[0m[2m=[0m2285bae6-253b-4085-b0d1-0af34b5530b6
[2m2026-04-12T20:18:00.426613Z[0m [34mDEBUG[0m [2mmercury::engine::market_actor[0m[2m:[0m Tick received — running arb detection [3mmarket_id[0m[2m=[0m2285bae6-253b-4085-b0d1-0af34b5530b6 [3mplatform[0m[2m=[0mPolymarket [3mbid[0m[2m=[0m0.4 [3mask[0m[2m=[0m0.41 [3mmid[0m[2m=[0m0.4050 [3mbid_size[0m[2m=[0m5.4 [3mask_size[0m[2m=[0m94
[2m2026-04-12T20:18:00.426731Z[0m [34mDEBUG[0m [2mmercury::engine::detector[0m[2m:[0m No arb pairs registered for market — skipping detection [3mmarket_id[0m[2m=[0m2285bae6-253b-4085-b0d1-0af34b5530b6
[2m2026-04-12T20:18:00.426827Z[0m [34mDEBUG[0m [2mmercury::engine::market_actor[0m[2m:[0m Tick received — running arb detection [3mmarket_id[0m[2m=[0m2285bae6-253b-4085-b0d1-0af34b5530b6 [3mplatform[0m[2m=[0mPolymarket [3mbid[0m[2m=[0m0.4 [3mask[0m[2m=[0m0.41 [3mmid[0m[2m=[0m0.4050 [3mbid_size[0m[2m=[0m10.44 [3mask_size[0m[2m=[0m94
[2m2026-04-12T20:18:00.426943Z[0m [34mDEBUG[0m [2mmercury::engine::detector[0m[2m:[0m No arb pairs registered for market — skipping detection [3mmarket_id[0m[2m=[0m2285bae6-253b-4085-b0d1-0af34b5530b6
[2m2026-04-12T20:18:00.427040Z[0m [34mDEBUG[0m [2mmercury::engine::market_actor[0m[2m:[0m Tick received — running arb detection [3mmarket_id[0m[2m=[0m2285bae6-253b-4085-b0d1-0af34b5530b6 [3mplatform[0m[2m=[0mPolymarket [3mbid[0m[2m=[0m0.4 [3mask[0m[2m=[0m0.41 [3mmid[0m[2m=[0m0.4050 [3mbid_size[0m[2m=[0m10.44 [3mask_size[0m[2m=[0m94
[2m2026-04-12T20:18:00.427156Z[0m [34mDEBUG[0m [2mmercury::engine::detector[0m[2m:[0m No arb pairs registered for market — skipping detection [3mmarket_id[0m[2m=[0m2285bae6-253b-4085-b0d1-0af34b5530b6
[2m2026-04-12T20:18:00.470528Z[0m [34mDEBUG[0m [2mmercury::engine::market_actor[0m[2m:[0m Tick received — running arb detection [3mmarket_id[0m[2m=[0m189bf673-b643-45a5-be39-c4a3275d71a0 [3mplatform[0m[2m=[0mPolymarket [3mbid[0m[2m=[0m0.4 [3mask[0m[2m=[0m0.41 [3mmid[0m[2m=[0m0.4050 [3mbid_size[0m[2m=[0m4747.64 [3mask_size[0m[2m=[0m167.54
[2m2026-04-12T20:18:00.470711Z[0m [34mDEBUG[0m [2mmercury::engine::market_actor[0m[2m:[0m Tick received — running arb detection [3mmarket_id[0m[2m=[0m39a28b31-a7f7-4e16-b2f1-1e1948be289c [3mplatform[0m[2m=[0mPolymarket [3mbid[0m[2m=[0m0.4 [3mask[0m[2m=[0m0.41 [3mmid[0m[2m=[0m0.4050 [3mbid_size[0m[2m=[0m377.41 [3mask_size[0m[2m=[0m95.4
[2m2026-04-12T20:18:00.470821Z[0m [34mDEBUG[0m [2mmercury::engine::detector[0m[2m:[0m No arb pairs registered for market — skipping detection [3mmarket_id[0m[2m=[0m189bf673-b643-45a5-be39-c4a3275d71a0
[2m2026-04-12T20:18:00.470974Z[0m [34mDEBUG[0m [2mmercury::engine::detector[0m[2m:[0m No arb pairs registered for market — skipping detection [3mmarket_id[0m[2m=[0m39a28b31-a7f7-4e16-b2f1-1e1948be289c
[2m2026-04-12T20:18:00.477717Z[0m [34mDEBUG[0m [2mmercury::engine::market_actor[0m[2m:[0m Tick received — running arb detection [3mmarket_id[0m[2m=[0m2285bae6-253b-4085-b0d1-0af34b5530b6 [3mplatform[0m[2m=[0mPolymarket [3mbid[0m[2m=[0m0.4 [3mask[0m[2m=[0m0.41 [3mmid[0m[2m=[0m0.4050 [3mbid_size[0m[2m=[0m10.44 [3mask_size[0m[2m=[0m94
[2m2026-04-12T20:18:00.477962Z[0m [34mDEBUG[0m [2mmercury::engine::detector[0m[2m:[0m No arb pairs registered for market — skipping detection [3mmarket_id[0m[2m=[0m2285bae6-253b-4085-b0d1-0af34b5530b6
[2m2026-04-12T20:18:00.478090Z[0m [34mDEBUG[0m [2mmercury::engine::market_actor[0m[2m:[0m Tick received — running arb detection [3mmarket_id[0m[2m=[0m2285bae6-253b-4085-b0d1-0af34b5530b6 [3mplatform[0m[2m=[0mPolymarket [3mbid[0m[2m=[0m0.4 [3mask[0m[2m=[0m0.41 [3mmid[0m[2m=[0m0.4050 [3mbid_size[0m[2m=[0m10.44 [3mask_size[0m[2m=[0m94
[2m2026-04-12T20:18:00.478245Z[0m [34mDEBUG[0m [2mmercury::engine::detector[0m[2m:[0m No arb pairs registered for market — skipping detection [3mmarket_id[0m[2m=[0m2285bae6-253b-4085-b0d1-0af34b5530b6
[2m2026-04-12T20:18:00.479783Z[0m [34mDEBUG[0m [2mmercury::engine::market_actor[0m[2m:[0m Tick received — running arb detection [3mmarket_id[0m[2m=[0m2285bae6-253b-4085-b0d1-0af34b5530b6 [3mplatform[0m[2m=[0mPolymarket [3mbid[0m[2m=[0m0.4 [3mask[0m[2m=[0m0.41 [3mmid[0m[2m=[0m0.4050 [3mbid_size[0m[2m=[0m10.44 [3mask_size[0m[2m=[0m94
[2m2026-04-12T20:18:00.480032Z[0m [34mDEBUG[0m [2mmercury::engine::detector[0m[2m:[0m No arb pairs registered for market — skipping detection [3mmarket_id[0m[2m=[0m2285bae6-253b-4085-b0d1-0af34b5530b6
[2m2026-04-12T20:18:00.480164Z[0m [34mDEBUG[0m [2mmercury::engine::market_actor[0m[2m:[0m Tick received — running arb detection [3mmarket_id[0m[2m=[0m2285bae6-253b-4085-b0d1-0af34b5530b6 [3mplatform[0m[2m=[0mPolymarket [3mbid[0m[2m=[0m0.4 [3mask[0m[2m=[0m0.41 [3mmid[0m[2m=[0m0.4050 [3mbid_size[0m[2m=[0m10.44 [3mask_size[0m[2m=[0m94
[2m2026-04-12T20:18:00.480316Z[0m [34mDEBUG[0m [2mmercury::engine::detector[0m[2m:[0m No arb pairs registered for market — skipping detection [3mmarket_id[0m[2m=[0m2285bae6-253b-4085-b0d1-0af34b5530b6
[2m2026-04-12T20:18:00.524041Z[0m [34mDEBUG[0m [2mmercury::engine::market_actor[0m[2m:[0m Tick received — running arb detection [3mmarket_id[0m[2m=[0m2285bae6-253b-4085-b0d1-0af34b5530b6 [3mplatform[0m[2m=[0mPolymarket [3mbid[0m[2m=[0m0.4 [3mask[0m[2m=[0m0.41 [3mmid[0m[2m=[0m0.4050 [3mbid_size[0m[2m=[0m10.44 [3mask_size[0m[2m=[0m94
[2m2026-04-12T20:18:00.524296Z[0m [34mDEBUG[0m [2mmercury::engine::detector[0m[2m:[0m No arb pairs registered for market — skipping detection [3mmarket_id[0m[2m=[0m2285bae6-253b-4085-b0d1-0af34b5530b6
[2m2026-04-12T20:18:00.524425Z[0m [34mDEBUG[0m [2mmercury::engine::market_actor[0m[2m:[0m Tick received — running arb detection [3mmarket_id[0m[2m=[0m2285bae6-253b-4085-b0d1-0af34b5530b6 [3mplatform[0m[2m=[0mPolymarket [3mbid[0m[2m=[0m0.4 [3mask[0m[2m=[0m0.41 [3mmid[0m[2m=[0m0.4050 [3mbid_size[0m[2m=[0m10.44 [3mask_size[0m[2m=[0m94
[2m2026-04-12T20:18:00.524579Z[0m [34mDEBUG[0m [2mmercury::engine::detector[0m[2m:[0m No arb pairs registered for market — skipping detection [3mmarket_id[0m[2m=[0m2285bae6-253b-4085-b0d1-0af34b5530b6
[2m2026-04-12T20:18:00.524636Z[0m [34mDEBUG[0m [2mmercury::feeds::polymarket[0m[2m:[0m Unknown Polymarket event type [3mevent_type[0m[2m=[0mbest_bid_ask
[2m2026-04-12T20:18:00.524699Z[0m [34mDEBUG[0m [2mmercury::engine::market_actor[0m[2m:[0m Tick received — running arb detection [3mmarket_id[0m[2m=[0m2285bae6-253b-4085-b0d1-0af34b5530b6 [3mplatform[0m[2m=[0mPolymarket [3mbid[0m[2m=[0m0.4 [3mask[0m[2m=[0m0.41 [3mmid[0m[2m=[0m0.4050 [3mbid_size[0m[2m=[0m10.44 [3mask_size[0m[2m=[0m94
[2m2026-04-12T20:18:00.524842Z[0m [34mDEBUG[0m [2mmercury::engine::detector[0m[2m:[0m No arb pairs registered for market — skipping detection [3mmarket_id[0m[2m=[0m2285bae6-253b-4085-b0d1-0af34b5530b6
[2m2026-04-12T20:18:00.524966Z[0m [34mDEBUG[0m [2mmercury::engine::market_actor[0m[2m:[0m Tick received — running arb detection [3mmarket_id[0m[2m=[0m2285bae6-253b-4085-b0d1-0af34b5530b6 [3mplatform[0m[2m=[0mPolymarket [3mbid[0m[2m=[0m0.4 [3mask[0m[2m=[0m0.41 [3mmid[0m[2m=[0m0.4050 [3mbid_size[0m[2m=[0m10.44 [3mask_size[0m[2m=[0m94
[2m2026-04-12T20:18:00.525071Z[0m [34mDEBUG[0m [2mmercury::engine::market_actor[0m[2m:[0m Tick received — running arb detection [3mmarket_id[0m[2m=[0m39a28b31-a7f7-4e16-b2f1-1e1948be289c [3mplatform[0m[2m=[0mPolymarket [3mbid[0m[2m=[0m0.4 [3mask[0m[2m=[0m0.41 [3mmid[0m[2m=[0m0.4050 [3mbid_size[0m[2m=[0m377.41 [3mask_size[0m[2m=[0m90.52
[2m2026-04-12T20:18:00.525117Z[0m [34mDEBUG[0m [2mmercury::engine::detector[0m[2m:[0m No arb pairs registered for market — skipping detection [3mmarket_id[0m[2m=[0m2285bae6-253b-4085-b0d1-0af34b5530b6
[2m2026-04-12T20:18:00.525320Z[0m [34mDEBUG[0m [2mmercury::engine::detector[0m[2m:[0m No arb pairs registered for market — skipping detection [3mmarket_id[0m[2m=[0m39a28b31-a7f7-4e16-b2f1-1e1948be289c
[2m2026-04-12T20:18:00.525326Z[0m [34mDEBUG[0m [2mmercury::engine::market_actor[0m[2m:[0m Tick received — running arb detection [3mmarket_id[0m[2m=[0m2285bae6-253b-4085-b0d1-0af34b5530b6 [3mplatform[0m[2m=[0mPolymarket [3mbid[0m[2m=[0m0.4 [3mask[0m[2m=[0m0.41 [3mmid[0m[2m=[0m0.4050 [3mbid_size[0m[2m=[0m10.44 [3mask_size[0m[2m=[0m94
[2m2026-04-12T20:18:00.525519Z[0m [34mDEBUG[0m [2mmercury::engine::detector[0m[2m:[0m No arb pairs registered for market — skipping detection [3mmarket_id[0m[2m=[0m2285bae6-253b-4085-b0d1-0af34b5530b6
[2m2026-04-12T20:18:00.525650Z[0m [34mDEBUG[0m [2mmercury::engine::market_actor[0m[2m:[0m Tick received — running arb detection [3mmarket_id[0m[2m=[0m2285bae6-253b-4085-b0d1-0af34b5530b6 [3mplatform[0m[2m=[0mPolymarket [3mbid[0m[2m=[0m0.4 [3mask[0m[2m=[0m0.41 [3mmid[0m[2m=[0m0.4050 [3mbid_size[0m[2m=[0m10.44 [3mask_size[0m[2m=[0m94
[2m2026-04-12T20:18:00.525707Z[0m [34mDEBUG[0m [2mmercury::engine::market_actor[0m[2m:[0m Tick received — running arb detection [3mmarket_id[0m[2m=[0m39a28b31-a7f7-4e16-b2f1-1e1948be289c [3mplatform[0m[2m=[0mPolymarket [3mbid[0m[2m=[0m0.4 [3mask[0m[2m=[0m0.41 [3mmid[0m[2m=[0m0.4050 [3mbid_size[0m[2m=[0m377.41 [3mask_size[0m[2m=[0m90.52
[2m2026-04-12T20:18:00.525803Z[0m [34mDEBUG[0m [2mmercury::engine::detector[0m[2m:[0m No arb pairs registered for market — skipping detection [3mmarket_id[0m[2m=[0m2285bae6-253b-4085-b0d1-0af34b5530b6
[2m2026-04-12T20:18:00.525926Z[0m [34mDEBUG[0m [2mmercury::engine::detector[0m[2m:[0m No arb pairs registered for market — skipping detection [3mmarket_id[0m[2m=[0m39a28b31-a7f7-4e16-b2f1-1e1948be289c
[2m2026-04-12T20:18:00.525927Z[0m [34mDEBUG[0m [2mmercury::engine::market_actor[0m[2m:[0m Tick received — running arb detection [3mmarket_id[0m[2m=[0m2285bae6-253b-4085-b0d1-0af34b5530b6 [3mplatform[0m[2m=[0mPolymarket [3mbid[0m[2m=[0m0.4 [3mask[0m[2m=[0m0.41 [3mmid[0m[2m=[0m0.4050 [3mbid_size[0m[2m=[0m10.44 [3mask_size[0m[2m=[0m94
[2m2026-04-12T20:18:00.526090Z[0m [34mDEBUG[0m [2mmercury::engine::detector[0m[2m:[0m No arb pairs registered for market — skipping detection [3mmarket_id[0m[2m=[0m2285bae6-253b-4085-b0d1-0af34b5530b6
[2m2026-04-12T20:18:00.526215Z[0m [34mDEBUG[0m [2mmercury::engine::market_actor[0m[2m:[0m Tick received — running arb detection [3mmarket_id[0m[2m=[0m2285bae6-253b-4085-b0d1-0af34b5530b6 [3mplatform[0m[2m=[0mPolymarket [3mbid[0m[2m=[0m0.4 [3mask[0m[2m=[0m0.41 [3mmid[0m[2m=[0m0.4050 [3mbid_size[0m[2m=[0m10.44 [3mask_size[0m[2m=[0m94
[2m2026-04-12T20:18:00.526391Z[0m [34mDEBUG[0m [2mmercury::engine::detector[0m[2m:[0m No arb pairs registered for market — skipping detection [3mmarket_id[0m[2m=[0m2285bae6-253b-4085-b0d1-0af34b5530b6
[2m2026-04-12T20:18:00.526485Z[0m [34mDEBUG[0m [2mmercury::engine::market_actor[0m[2m:[0m Tick received — running arb detection [3mmarket_id[0m[2m=[0m2285bae6-253b-4085-b0d1-0af34b5530b6 [3mplatform[0m[2m=[0mPolymarket [3mbid[0m[2m=[0m0.4 [3mask[0m[2m=[0m0.41 [3mmid[0m[2m=[0m0.4050 [3mbid_size[0m[2m=[0m10.44 [3mask_size[0m[2m=[0m94
[2m2026-04-12T20:18:00.526602Z[0m [34mDEBUG[0m [2mmercury::engine::detector[0m[2m:[0m No arb pairs registered for market — skipping detection [3mmarket_id[0m[2m=[0m2285bae6-253b-4085-b0d1-0af34b5530b6
[2m2026-04-12T20:18:00.527611Z[0m [34mDEBUG[0m [2mmercury::engine::market_actor[0m[2m:[0m Tick received — running arb detection [3mmarket_id[0m[2m=[0m2285bae6-253b-4085-b0d1-0af34b5530b6 [3mplatform[0m[2m=[0mPolymarket [3mbid[0m[2m=[0m0.4 [3mask[0m[2m=[0m0.41 [3mmid[0m[2m=[0m0.4050 [3mbid_size[0m[2m=[0m10.44 [3mask_size[0m[2m=[0m94
[2m2026-04-12T20:18:00.527766Z[0m [34mDEBUG[0m [2mmercury::engine::detector[0m[2m:[0m No arb pairs registered for market — skipping detection [3mmarket_id[0m[2m=[0m2285bae6-253b-4085-b0d1-0af34b5530b6
[2m2026-04-12T20:18:00.527871Z[0m [34mDEBUG[0m [2mmercury::engine::market_actor[0m[2m:[0m Tick received — running arb detection [3mmarket_id[0m[2m=[0m2285bae6-253b-4085-b0d1-0af34b5530b6 [3mplatform[0m[2m=[0mPolymarket [3mbid[0m[2m=[0m0.4 [3mask[0m[2m=[0m0.41 [3mmid[0m[2m=[0m0.4050 [3mbid_size[0m[2m=[0m10.44 [3mask_size[0m[2m=[0m94
[2m2026-04-12T20:18:00.527988Z[0m [34mDEBUG[0m [2mmercury::engine::detector[0m[2m:[0m No arb pairs registered for market — skipping detection [3mmarket_id[0m[2m=[0m2285bae6-253b-4085-b0d1-0af34b5530b6
[2m2026-04-12T20:18:00.627081Z[0m [34mDEBUG[0m [2mmercury::engine::market_actor[0m[2m:[0m Tick received — running arb detection [3mmarket_id[0m[2m=[0m189bf673-b643-45a5-be39-c4a3275d71a0 [3mplatform[0m[2m=[0mPolymarket [3mbid[0m[2m=[0m0.4 [3mask[0m[2m=[0m0.41 [3mmid[0m[2m=[0m0.4050 [3mbid_size[0m[2m=[0m4747.64 [3mask_size[0m[2m=[0m167.54
[2m2026-04-12T20:18:00.627163Z[0m [34mDEBUG[0m [2mmercury::engine::market_actor[0m[2m:[0m Tick received — running arb detection [3mmarket_id[0m[2m=[0m2285bae6-253b-4085-b0d1-0af34b5530b6 [3mplatform[0m[2m=[0mPolymarket [3mbid[0m[2m=[0m0.4 [3mask[0m[2m=[0m0.41 [3mmid[0m[2m=[0m0.4050 [3mbid_size[0m[2m=[0m10.44 [3mask_size[0m[2m=[0m94
[2m2026-04-12T20:18:00.627447Z[0m [34mDEBUG[0m [2mmercury::engine::detector[0m[2m:[0m No arb pairs registered for market — skipping detection [3mmarket_id[0m[2m=[0m189bf673-b643-45a5-be39-c4a3275d71a0
[2m2026-04-12T20:18:00.627598Z[0m [34mDEBUG[0m [2mmercury::engine::detector[0m[2m:[0m No arb pairs registered for market — skipping detection [3mmarket_id[0m[2m=[0m2285bae6-253b-4085-b0d1-0af34b5530b6
[2m2026-04-12T20:18:00.627749Z[0m [34mDEBUG[0m [2mmercury::engine::market_actor[0m[2m:[0m Tick received — running arb detection [3mmarket_id[0m[2m=[0m2285bae6-253b-4085-b0d1-0af34b5530b6 [3mplatform[0m[2m=[0mPolymarket [3mbid[0m[2m=[0m0.4 [3mask[0m[2m=[0m0.41 [3mmid[0m[2m=[0m0.4050 [3mbid_size[0m[2m=[0m10.44 [3mask_size[0m[2m=[0m94
[2m2026-04-12T20:18:00.627798Z[0m [34mDEBUG[0m [2mmercury::feeds::polymarket[0m[2m:[0m Unknown Polymarket event type [3mevent_type[0m[2m=[0mbest_bid_ask
[2m2026-04-12T20:18:00.627907Z[0m [34mDEBUG[0m [2mmercury::engine::detector[0m[2m:[0m No arb pairs registered for market — skipping detection [3mmarket_id[0m[2m=[0m2285bae6-253b-4085-b0d1-0af34b5530b6
[2m2026-04-12T20:18:00.628027Z[0m [34mDEBUG[0m [2mmercury::engine::market_actor[0m[2m:[0m Tick received — running arb detection [3mmarket_id[0m[2m=[0m2285bae6-253b-4085-b0d1-0af34b5530b6 [3mplatform[0m[2m=[0mPolymarket [3mbid[0m[2m=[0m0.4 [3mask[0m[2m=[0m0.41 [3mmid[0m[2m=[0m0.4050 [3mbid_size[0m[2m=[0m10.44 [3mask_size[0m[2m=[0m94
[2m2026-04-12T20:18:00.628179Z[0m [34mDEBUG[0m [2mmercury::engine::detector[0m[2m:[0m No arb pairs registered for market — skipping detection [3mmarket_id[0m[2m=[0m2285bae6-253b-4085-b0d1-0af34b5530b6
[2m2026-04-12T20:18:00.628297Z[0m [34mDEBUG[0m [2mmercury::engine::market_actor[0m[2m:[0m Tick received — running arb detection [3mmarket_id[0m[2m=[0m2285bae6-253b-4085-b0d1-0af34b5530b6 [3mplatform[0m[2m=[0mPolymarket [3mbid[0m[2m=[0m0.4 [3mask[0m[2m=[0m0.41 [3mmid[0m[2m=[0m0.4050 [3mbid_size[0m[2m=[0m10.44 [3mask_size[0m[2m=[0m94
[2m2026-04-12T20:18:00.628353Z[0m [34mDEBUG[0m [2mmercury::engine::market_actor[0m[2m:[0m Tick received — running arb detection [3mmarket_id[0m[2m=[0m39a28b31-a7f7-4e16-b2f1-1e1948be289c [3mplatform[0m[2m=[0mPolymarket [3mbid[0m[2m=[0m0.4 [3mask[0m[2m=[0m0.41 [3mmid[0m[2m=[0m0.4050 [3mbid_size[0m[2m=[0m353.91 [3mask_size[0m[2m=[0m90.52
[2m2026-04-12T20:18:00.628448Z[0m [34mDEBUG[0m [2mmercury::engine::detector[0m[2m:[0m No arb pairs registered for market — skipping detection [3mmarket_id[0m[2m=[0m2285bae6-253b-4085-b0d1-0af34b5530b6
[2m2026-04-12T20:18:00.628576Z[0m [34mDEBUG[0m [2mmercury::engine::detector[0m[2m:[0m No arb pairs registered for market — skipping detection [3mmarket_id[0m[2m=[0m39a28b31-a7f7-4e16-b2f1-1e1948be289c
[2m2026-04-12T20:18:00.628576Z[0m [34mDEBUG[0m [2mmercury::engine::market_actor[0m[2m:[0m Tick received — running arb detection [3mmarket_id[0m[2m=[0m2285bae6-253b-4085-b0d1-0af34b5530b6 [3mplatform[0m[2m=[0mPolymarket [3mbid[0m[2m=[0m0.4 [3mask[0m[2m=[0m0.41 [3mmid[0m[2m=[0m0.4050 [3mbid_size[0m[2m=[0m10.44 [3mask_size[0m[2m=[0m94
[2m2026-04-12T20:18:00.628742Z[0m [34mDEBUG[0m [2mmercury::engine::detector[0m[2m:[0m No arb pairs registered for market — skipping detection [3mmarket_id[0m[2m=[0m2285bae6-253b-4085-b0d1-0af34b5530b6
[2m2026-04-12T20:18:00.628859Z[0m [34mDEBUG[0m [2mmercury::engine::market_actor[0m[2m:[0m Tick received — running arb detection [3mmarket_id[0m[2m=[0m2285bae6-253b-4085-b0d1-0af34b5530b6 [3mplatform[0m[2m=[0mPolymarket [3mbid[0m[2m=[0m0.4 [3mask[0m[2m=[0m0.41 [3mmid[0m[2m=[0m0.4050 [3mbid_size[0m[2m=[0m10.44 [3mask_size[0m[2m=[0m94
[2m2026-04-12T20:18:00.628972Z[0m [34mDEBUG[0m [2mmercury::engine::market_actor[0m[2m:[0m Tick received — running arb detection [3mmarket_id[0m[2m=[0m39a28b31-a7f7-4e16-b2f1-1e1948be289c [3mplatform[0m[2m=[0mPolymarket [3mbid[0m[2m=[0m0.4 [3mask[0m[2m=[0m0.41 [3mmid[0m[2m=[0m0.4050 [3mbid_size[0m[2m=[0m353.91 [3mask_size[0m[2m=[0m90.52
[2m2026-04-12T20:18:00.629011Z[0m [34mDEBUG[0m [2mmercury::engine::detector[0m[2m:[0m No arb pairs registered for market — skipping detection [3mmarket_id[0m[2m=[0m2285bae6-253b-4085-b0d1-0af34b5530b6
[2m2026-04-12T20:18:00.629216Z[0m [34mDEBUG[0m [2mmercury::engine::detector[0m[2m:[0m No arb pairs registered for market — skipping detection [3mmarket_id[0m[2m=[0m39a28b31-a7f7-4e16-b2f1-1e1948be289c
[2m2026-04-12T20:18:00.629214Z[0m [34mDEBUG[0m [2mmercury::engine::market_actor[0m[2m:[0m Tick received — running arb detection [3mmarket_id[0m[2m=[0m2285bae6-253b-4085-b0d1-0af34b5530b6 [3mplatform[0m[2m=[0mPolymarket [3mbid[0m[2m=[0m0.4 [3mask[0m[2m=[0m0.41 [3mmid[0m[2m=[0m0.4050 [3mbid_size[0m[2m=[0m10.44 [3mask_size[0m[2m=[0m94
[2m2026-04-12T20:18:00.629425Z[0m [34mDEBUG[0m [2mmercury::engine::detector[0m[2m:[0m No arb pairs registered for market — skipping detection [3mmarket_id[0m[2m=[0m2285bae6-253b-4085-b0d1-0af34b5530b6
[2m2026-04-12T20:18:00.629559Z[0m [34mDEBUG[0m [2mmercury::engine::market_actor[0m[2m:[0m Tick received — running arb detection [3mmarket_id[0m[2m=[0m2285bae6-253b-4085-b0d1-0af34b5530b6 [3mplatform[0m[2m=[0mPolymarket [3mbid[0m[2m=[0m0.4 [3mask[0m[2m=[0m0.41 [3mmid[0m[2m=[0m0.4050 [3mbid_size[0m[2m=[0m10.44 [3mask_size[0m[2m=[0m94
[2m2026-04-12T20:18:00.629712Z[0m [34mDEBUG[0m [2mmercury::engine::detector[0m[2m:[0m No arb pairs registered for market — skipping detection [3mmarket_id[0m[2m=[0m2285bae6-253b-4085-b0d1-0af34b5530b6
[2m2026-04-12T20:18:00.629804Z[0m [34mDEBUG[0m [2mmercury::engine::market_actor[0m[2m:[0m Tick received — running arb detection [3mmarket_id[0m[2m=[0m39a28b31-a7f7-4e16-b2f1-1e1948be289c [3mplatform[0m[2m=[0mPolymarket [3mbid[0m[2m=[0m0.4 [3mask[0m[2m=[0m0.41 [3mmid[0m[2m=[0m0.4050 [3mbid_size[0m[2m=[0m346.91 [3mask_size[0m[2m=[0m90.52
[2m2026-04-12T20:18:00.629836Z[0m [34mDEBUG[0m [2mmercury::engine::market_actor[0m[2m:[0m Tick received — running arb detection [3mmarket_id[0m[2m=[0m2285bae6-253b-4085-b0d1-0af34b5530b6 [3mplatform[0m[2m=[0mPolymarket [3mbid[0m[2m=[0m0.4 [3mask[0m[2m=[0m0.41 [3mmid[0m[2m=[0m0.4050 [3mbid_size[0m[2m=[0m10.44 [3mask_size[0m[2m=[0m94
[2m2026-04-12T20:18:00.629955Z[0m [34mDEBUG[0m [2mmercury::engine::detector[0m[2m:[0m No arb pairs registered for market — skipping detection [3mmarket_id[0m[2m=[0m39a28b31-a7f7-4e16-b2f1-1e1948be289c
[2m2026-04-12T20:18:00.630117Z[0m [34mDEBUG[0m [2mmercury::engine::detector[0m[2m:[0m No arb pairs registered for market — skipping detection [3mmarket_id[0m[2m=[0m2285bae6-253b-4085-b0d1-0af34b5530b6
[2m2026-04-12T20:18:00.630177Z[0m [34mDEBUG[0m [2mmercury::engine::market_actor[0m[2m:[0m Tick received — running arb detection [3mmarket_id[0m[2m=[0m189bf673-b643-45a5-be39-c4a3275d71a0 [3mplatform[0m[2m=[0mPolymarket [3mbid[0m[2m=[0m0.4 [3mask[0m[2m=[0m0.41 [3mmid[0m[2m=[0m0.4050 [3mbid_size[0m[2m=[0m4747.64 [3mask_size[0m[2m=[0m167.54
[2m2026-04-12T20:18:00.630243Z[0m [34mDEBUG[0m [2mmercury::engine::market_actor[0m[2m:[0m Tick received — running arb detection [3mmarket_id[0m[2m=[0m2285bae6-253b-4085-b0d1-0af34b5530b6 [3mplatform[0m[2m=[0mPolymarket [3mbid[0m[2m=[0m0.4 [3mask[0m[2m=[0m0.41 [3mmid[0m[2m=[0m0.4050 [3mbid_size[0m[2m=[0m10.44 [3mask_size[0m[2m=[0m94
[2m2026-04-12T20:18:00.630299Z[0m [34mDEBUG[0m [2mmercury::engine::detector[0m[2m:[0m No arb pairs registered for market — skipping detection [3mmarket_id[0m[2m=[0m189bf673-b643-45a5-be39-c4a3275d71a0
[2m2026-04-12T20:18:00.630392Z[0m [34mDEBUG[0m [2mmercury::engine::market_actor[0m[2m:[0m Tick received — running arb detection [3mmarket_id[0m[2m=[0m189bf673-b643-45a5-be39-c4a3275d71a0 [3mplatform[0m[2m=[0mPolymarket [3mbid[0m[2m=[0m0.4 [3mask[0m[2m=[0m0.41 [3mmid[0m[2m=[0m0.4050 [3mbid_size[0m[2m=[0m4747.64 [3mask_size[0m[2m=[0m167.54
[2m2026-04-12T20:18:00.630409Z[0m [34mDEBUG[0m [2mmercury::engine::detector[0m[2m:[0m No arb pairs registered for market — skipping detection [3mmarket_id[0m[2m=[0m2285bae6-253b-4085-b0d1-0af34b5530b6
[2m2026-04-12T20:18:00.630557Z[0m [34mDEBUG[0m [2mmercury::engine::detector[0m[2m:[0m No arb pairs registered for market — skipping detection [3mmarket_id[0m[2m=[0m189bf673-b643-45a5-be39-c4a3275d71a0
[2m2026-04-12T20:18:00.630557Z[0m [34mDEBUG[0m [2mmercury::engine::market_actor[0m[2m:[0m Tick received — running arb detection [3mmarket_id[0m[2m=[0m2285bae6-253b-4085-b0d1-0af34b5530b6 [3mplatform[0m[2m=[0mPolymarket [3mbid[0m[2m=[0m0.4 [3mask[0m[2m=[0m0.41 [3mmid[0m[2m=[0m0.4050 [3mbid_size[0m[2m=[0m10.44 [3mask_size[0m[2m=[0m94
[2m2026-04-12T20:18:00.630703Z[0m [34mDEBUG[0m [2mmercury::engine::detector[0m[2m:[0m No arb pairs registered for market — skipping detection [3mmarket_id[0m[2m=[0m2285bae6-253b-4085-b0d1-0af34b5530b6
[2m2026-04-12T20:18:00.630802Z[0m [34mDEBUG[0m [2mmercury::engine::market_actor[0m[2m:[0m Tick received — running arb detection [3mmarket_id[0m[2m=[0m2285bae6-253b-4085-b0d1-0af34b5530b6 [3mplatform[0m[2m=[0mPolymarket [3mbid[0m[2m=[0m0.4 [3mask[0m[2m=[0m0.41 [3mmid[0m[2m=[0m0.4050 [3mbid_size[0m[2m=[0m10.44 [3mask_size[0m[2m=[0m94
[2m2026-04-12T20:18:00.630917Z[0m [34mDEBUG[0m [2mmercury::engine::detector[0m[2m:[0m No arb pairs registered for market — skipping detection [3mmarket_id[0m[2m=[0m2285bae6-253b-4085-b0d1-0af34b5530b6
[2m2026-04-12T20:18:00.631006Z[0m [34mDEBUG[0m [2mmercury::engine::market_actor[0m[2m:[0m Tick received — running arb detection [3mmarket_id[0m[2m=[0m2285bae6-253b-4085-b0d1-0af34b5530b6 [3mplatform[0m[2m=[0mPolymarket [3mbid[0m[2m=[0m0.4 [3mask[0m[2m=[0m0.41 [3mmid[0m[2m=[0m0.4050 [3mbid_size[0m[2m=[0m10.44 [3mask_size[0m[2m=[0m94
[2m2026-04-12T20:18:00.631118Z[0m [34mDEBUG[0m [2mmercury::engine::detector[0m[2m:[0m No arb pairs registered for market — skipping detection [3mmarket_id[0m[2m=[0m2285bae6-253b-4085-b0d1-0af34b5530b6
[2m2026-04-12T20:18:00.631205Z[0m [34mDEBUG[0m [2mmercury::engine::market_actor[0m[2m:[0m Tick received — running arb detection [3mmarket_id[0m[2m=[0m2285bae6-253b-4085-b0d1-0af34b5530b6 [3mplatform[0m[2m=[0mPolymarket [3mbid[0m[2m=[0m0.4 [3mask[0m[2m=[0m0.41 [3mmid[0m[2m=[0m0.4050 [3mbid_size[0m[2m=[0m10.44 [3mask_size[0m[2m=[0m94
[2m2026-04-12T20:18:00.631321Z[0m [34mDEBUG[0m [2mmercury::engine::detector[0m[2m:[0m No arb pairs registered for market — skipping detection [3mmarket_id[0m[2m=[0m2285bae6-253b-4085-b0d1-0af34b5530b6
[2m2026-04-12T20:18:00.636584Z[0m [34mDEBUG[0m [2mmercury::feeds::polymarket[0m[2m:[0m Unknown Polymarket event type [3mevent_type[0m[2m=[0mbest_bid_ask
[2m2026-04-12T20:18:00.637226Z[0m [34mDEBUG[0m [2mmercury::engine::market_actor[0m[2m:[0m Tick received — running arb detection [3mmarket_id[0m[2m=[0m2285bae6-253b-4085-b0d1-0af34b5530b6 [3mplatform[0m[2m=[0mPolymarket [3mbid[0m[2m=[0m0.4 [3mask[0m[2m=[0m0.41 [3mmid[0m[2m=[0m0.4050 [3mbid_size[0m[2m=[0m10.44 [3mask_size[0m[2m=[0m86.8
[2m2026-04-12T20:18:00.637445Z[0m [34mDEBUG[0m [2mmercury::engine::detector[0m[2m:[0m No arb pairs registered for market — skipping detection [3mmarket_id[0m[2m=[0m2285bae6-253b-4085-b0d1-0af34b5530b6
[2m2026-04-12T20:18:00.637856Z[0m [34mDEBUG[0m [2mmercury::engine::market_actor[0m[2m:[0m Tick received — running arb detection [3mmarket_id[0m[2m=[0m2285bae6-253b-4085-b0d1-0af34b5530b6 [3mplatform[0m[2m=[0mPolymarket [3mbid[0m[2m=[0m0.4 [3mask[0m[2m=[0m0.41 [3mmid[0m[2m=[0m0.4050 [3mbid_size[0m[2m=[0m10.44 [3mask_size[0m[2m=[0m86.8
[2m2026-04-12T20:18:00.638034Z[0m [34mDEBUG[0m [2mmercury::engine::detector[0m[2m:[0m No arb pairs registered for market — skipping detection [3mmarket_id[0m[2m=[0m2285bae6-253b-4085-b0d1-0af34b5530b6
[2m2026-04-12T20:18:00.644565Z[0m [34mDEBUG[0m [2mmercury::feeds::polymarket[0m[2m:[0m Unknown Polymarket event type [3mevent_type[0m[2m=[0mbest_bid_ask
[2m2026-04-12T20:18:00.645005Z[0m [34mDEBUG[0m [2mmercury::engine::market_actor[0m[2m:[0m Tick received — running arb detection [3mmarket_id[0m[2m=[0m2285bae6-253b-4085-b0d1-0af34b5530b6 [3mplatform[0m[2m=[0mPolymarket [3mbid[0m[2m=[0m0.4 [3mask[0m[2m=[0m0.41 [3mmid[0m[2m=[0m0.4050 [3mbid_size[0m[2m=[0m10.44 [3mask_size[0m[2m=[0m81.09
[2m2026-04-12T20:18:00.645154Z[0m [34mDEBUG[0m [2mmercury::engine::detector[0m[2m:[0m No arb pairs registered for market — skipping detection [3mmarket_id[0m[2m=[0m2285bae6-253b-4085-b0d1-0af34b5530b6
[2m2026-04-12T20:18:00.645333Z[0m [34mDEBUG[0m [2mmercury::engine::market_actor[0m[2m:[0m Tick received — running arb detection [3mmarket_id[0m[2m=[0m2285bae6-253b-4085-b0d1-0af34b5530b6 [3mplatform[0m[2m=[0mPolymarket [3mbid[0m[2m=[0m0.4 [3mask[0m[2m=[0m0.41 [3mmid[0m[2m=[0m0.4050 [3mbid_size[0m[2m=[0m10.44 [3mask_size[0m[2m=[0m81.09
[2m2026-04-12T20:18:00.645458Z[0m [34mDEBUG[0m [2mmercury::engine::detector[0m[2m:[0m No arb pairs registered for market — skipping detection [3mmarket_id[0m[2m=[0m2285bae6-253b-4085-b0d1-0af34b5530b6
[2m2026-04-12T20:18:00.657941Z[0m [34mDEBUG[0m [2mmercury::feeds::polymarket[0m[2m:[0m Unknown Polymarket event type [3mevent_type[0m[2m=[0mbest_bid_ask
[2m2026-04-12T20:18:00.657993Z[0m [34mDEBUG[0m [2mmercury::engine::market_actor[0m[2m:[0m Tick received — running arb detection [3mmarket_id[0m[2m=[0m2285bae6-253b-4085-b0d1-0af34b5530b6 [3mplatform[0m[2m=[0mPolymarket [3mbid[0m[2m=[0m0.4 [3mask[0m[2m=[0m0.41 [3mmid[0m[2m=[0m0.4050 [3mbid_size[0m[2m=[0m10.44 [3mask_size[0m[2m=[0m81.09
[2m2026-04-12T20:18:00.658125Z[0m [34mDEBUG[0m [2mmercury::engine::detector[0m[2m:[0m No arb pairs registered for market — skipping detection [3mmarket_id[0m[2m=[0m2285bae6-253b-4085-b0d1-0af34b5530b6
[2m2026-04-12T20:18:00.658208Z[0m [34mDEBUG[0m [2mmercury::engine::market_actor[0m[2m:[0m Tick received — running arb detection [3mmarket_id[0m[2m=[0m2285bae6-253b-4085-b0d1-0af34b5530b6 [3mplatform[0m[2m=[0mPolymarket [3mbid[0m[2m=[0m0.4 [3mask[0m[2m=[0m0.41 [3mmid[0m[2m=[0m0.4050 [3mbid_size[0m[2m=[0m10.44 [3mask_size[0m[2m=[0m81.09
[2m2026-04-12T20:18:00.658322Z[0m [34mDEBUG[0m [2mmercury::engine::market_actor[0m[2m:[0m Tick received — running arb detection [3mmarket_id[0m[2m=[0m189bf673-b643-45a5-be39-c4a3275d71a0 [3mplatform[0m[2m=[0mPolymarket [3mbid[0m[2m=[0m0.4 [3mask[0m[2m=[0m0.41 [3mmid[0m[2m=[0m0.4050 [3mbid_size[0m[2m=[0m4707.32 [3mask_size[0m[2m=[0m167.54
[2m2026-04-12T20:18:00.658432Z[0m [34mDEBUG[0m [2mmercury::engine::detector[0m[2m:[0m No arb pairs registered for market — skipping detection [3mmarket_id[0m[2m=[0m2285bae6-253b-4085-b0d1-0af34b5530b6
[2m2026-04-12T20:18:00.658566Z[0m [34mDEBUG[0m [2mmercury::engine::detector[0m[2m:[0m No arb pairs registered for market — skipping detection [3mmarket_id[0m[2m=[0m189bf673-b643-45a5-be39-c4a3275d71a0
[2m2026-04-12T20:18:00.658689Z[0m [34mDEBUG[0m [2mmercury::feeds::polymarket[0m[2m:[0m Unknown Polymarket event type [3mevent_type[0m[2m=[0mbest_bid_ask
[2m2026-04-12T20:18:00.658756Z[0m [34mDEBUG[0m [2mmercury::engine::market_actor[0m[2m:[0m Tick received — running arb detection [3mmarket_id[0m[2m=[0m189bf673-b643-45a5-be39-c4a3275d71a0 [3mplatform[0m[2m=[0mPolymarket [3mbid[0m[2m=[0m0.4 [3mask[0m[2m=[0m0.41 [3mmid[0m[2m=[0m0.4050 [3mbid_size[0m[2m=[0m4707.32 [3mask_size[0m[2m=[0m167.54
[2m2026-04-12T20:18:00.658890Z[0m [34mDEBUG[0m [2mmercury::engine::detector[0m[2m:[0m No arb pairs registered for market — skipping detection [3mmarket_id[0m[2m=[0m189bf673-b643-45a5-be39-c4a3275d71a0
[2m2026-04-12T20:18:00.658983Z[0m [34mDEBUG[0m [2mmercury::engine::market_actor[0m[2m:[0m Tick received — running arb detection [3mmarket_id[0m[2m=[0m189bf673-b643-45a5-be39-c4a3275d71a0 [3mplatform[0m[2m=[0mPolymarket [3mbid[0m[2m=[0m0.4 [3mask[0m[2m=[0m0.41 [3mmid[0m[2m=[0m0.4050 [3mbid_size[0m[2m=[0m4707.32 [3mask_size[0m[2m=[0m162.54
[2m2026-04-12T20:18:00.659092Z[0m [34mDEBUG[0m [2mmercury::engine::detector[0m[2m:[0m No arb pairs registered for market — skipping detection [3mmarket_id[0m[2m=[0m189bf673-b643-45a5-be39-c4a3275d71a0
[2m2026-04-12T20:18:00.659563Z[0m [34mDEBUG[0m [2mmercury::engine::market_actor[0m[2m:[0m Tick received — running arb detection [3mmarket_id[0m[2m=[0m189bf673-b643-45a5-be39-c4a3275d71a0 [3mplatform[0m[2m=[0mPolymarket [3mbid[0m[2m=[0m0.4 [3mask[0m[2m=[0m0.41 [3mmid[0m[2m=[0m0.4050 [3mbid_size[0m[2m=[0m4707.32 [3mask_size[0m[2m=[0m162.54
[2m2026-04-12T20:18:00.659697Z[0m [34mDEBUG[0m [2mmercury::engine::detector[0m[2m:[0m No arb pairs registered for market — skipping detection [3mmarket_id[0m[2m=[0m189bf673-b643-45a5-be39-c4a3275d71a0
[2m2026-04-12T20:18:00.659787Z[0m [34mDEBUG[0m [2mmercury::engine::market_actor[0m[2m:[0m Tick received — running arb detection [3mmarket_id[0m[2m=[0m189bf673-b643-45a5-be39-c4a3275d71a0 [3mplatform[0m[2m=[0mPolymarket [3mbid[0m[2m=[0m0.4 [3mask[0m[2m=[0m0.41 [3mmid[0m[2m=[0m0.4050 [3mbid_size[0m[2m=[0m4707.32 [3mask_size[0m[2m=[0m162.54
[2m2026-04-12T20:18:00.659896Z[0m [34mDEBUG[0m [2mmercury::engine::detector[0m[2m:[0m No arb pairs registered for market — skipping detection [3mmarket_id[0m[2m=[0m189bf673-b643-45a5-be39-c4a3275d71a0
[2m2026-04-12T20:18:00.675510Z[0m [34mDEBUG[0m [2mmercury::feeds::polymarket[0m[2m:[0m Unknown Polymarket event type [3mevent_type[0m[2m=[0mbest_bid_ask
[2m2026-04-12T20:18:00.675919Z[0m [34mDEBUG[0m [2mmercury::engine::market_actor[0m[2m:[0m Tick received — running arb detection [3mmarket_id[0m[2m=[0m39a28b31-a7f7-4e16-b2f1-1e1948be289c [3mplatform[0m[2m=[0mPolymarket [3mbid[0m[2m=[0m0.4 [3mask[0m[2m=[0m0.41 [3mmid[0m[2m=[0m0.4050 [3mbid_size[0m[2m=[0m334.51 [3mask_size[0m[2m=[0m90.52
[2m2026-04-12T20:18:00.676048Z[0m [34mDEBUG[0m [2mmercury::engine::detector[0m[2m:[0m No arb pairs registered for market — skipping detection [3mmarket_id[0m[2m=[0m39a28b31-a7f7-4e16-b2f1-1e1948be289c
[2m2026-04-12T20:18:00.676348Z[0m [34mDEBUG[0m [2mmercury::feeds::polymarket[0m[2m:[0m Unknown Polymarket event type [3mevent_type[0m[2m=[0mbest_bid_ask
[2m2026-04-12T20:18:00.676456Z[0m [34mDEBUG[0m [2mmercury::engine::market_actor[0m[2m:[0m Tick received — running arb detection [3mmarket_id[0m[2m=[0m39a28b31-a7f7-4e16-b2f1-1e1948be289c [3mplatform[0m[2m=[0mPolymarket [3mbid[0m[2m=[0m0.4 [3mask[0m[2m=[0m0.41 [3mmid[0m[2m=[0m0.4050 [3mbid_size[0m[2m=[0m334.51 [3mask_size[0m[2m=[0m90.52
[2m2026-04-12T20:18:00.676638Z[0m [34mDEBUG[0m [2mmercury::engine::detector[0m[2m:[0m No arb pairs registered for market — skipping detection [3mmarket_id[0m[2m=[0m39a28b31-a7f7-4e16-b2f1-1e1948be289c
[2m2026-04-12T20:18:00.676630Z[0m [34mDEBUG[0m [2mmercury::engine::market_actor[0m[2m:[0m Tick received — running arb detection [3mmarket_id[0m[2m=[0m2285bae6-253b-4085-b0d1-0af34b5530b6 [3mplatform[0m[2m=[0mPolymarket [3mbid[0m[2m=[0m0.4 [3mask[0m[2m=[0m0.41 [3mmid[0m[2m=[0m0.4050 [3mbid_size[0m[2m=[0m5.44 [3mask_size[0m[2m=[0m81.09
[2m2026-04-12T20:18:00.676789Z[0m [34mDEBUG[0m [2mmercury::engine::detector[0m[2m:[0m No arb pairs registered for market — skipping detection [3mmarket_id[0m[2m=[0m2285bae6-253b-4085-b0d1-0af34b5530b6
[2m2026-04-12T20:18:00.677094Z[0m [34mDEBUG[0m [2mmercury::engine::market_actor[0m[2m:[0m Tick received — running arb detection [3mmarket_id[0m[2m=[0m2285bae6-253b-4085-b0d1-0af34b5530b6 [3mplatform[0m[2m=[0mPolymarket [3mbid[0m[2m=[0m0.4 [3mask[0m[2m=[0m0.41 [3mmid[0m[2m=[0m0.4050 [3mbid_size[0m[2m=[0m5.44 [3mask_size[0m[2m=[0m81.09
[2m2026-04-12T20:18:00.677206Z[0m [34mDEBUG[0m [2mmercury::engine::detector[0m[2m:[0m No arb pairs registered for market — skipping detection [3mmarket_id[0m[2m=[0m2285bae6-253b-4085-b0d1-0af34b5530b6
[2m2026-04-12T20:18:00.680234Z[0m [34mDEBUG[0m [2mmercury::feeds::polymarket[0m[2m:[0m Unknown Polymarket event type [3mevent_type[0m[2m=[0mbest_bid_ask
[2m2026-04-12T20:18:00.680552Z[0m [34mDEBUG[0m [2mmercury::engine::market_actor[0m[2m:[0m Tick received — running arb detection [3mmarket_id[0m[2m=[0m2285bae6-253b-4085-b0d1-0af34b5530b6 [3mplatform[0m[2m=[0mPolymarket [3mbid[0m[2m=[0m0.4 [3mask[0m[2m=[0m0.41 [3mmid[0m[2m=[0m0.4050 [3mbid_size[0m[2m=[0m5.44 [3mask_size[0m[2m=[0m73.72
[2m2026-04-12T20:18:00.680675Z[0m [34mDEBUG[0m [2mmercury::engine::detector[0m[2m:[0m No arb pairs registered for market — skipping detection [3mmarket_id[0m[2m=[0m2285bae6-253b-4085-b0d1-0af34b5530b6
[2m2026-04-12T20:18:00.680906Z[0m [34mDEBUG[0m [2mmercury::engine::market_actor[0m[2m:[0m Tick received — running arb detection [3mmarket_id[0m[2m=[0m2285bae6-253b-4085-b0d1-0af34b5530b6 [3mplatform[0m[2m=[0mPolymarket [3mbid[0m[2m=[0m0.4 [3mask[0m[2m=[0m0.41 [3mmid[0m[2m=[0m0.4050 [3mbid_size[0m[2m=[0m5.44 [3mask_size[0m[2m=[0m73.72
[2m2026-04-12T20:18:00.681020Z[0m [34mDEBUG[0m [2mmercury::engine::detector[0m[2m:[0m No arb pairs registered for market — skipping detection [3mmarket_id[0m[2m=[0m2285bae6-253b-4085-b0d1-0af34b5530b6
[2m2026-04-12T20:18:00.730371Z[0m [34mDEBUG[0m [2mmercury::feeds::polymarket[0m[2m:[0m Unknown Polymarket event type [3mevent_type[0m[2m=[0mbest_bid_ask
[2m2026-04-12T20:18:00.730920Z[0m [34mDEBUG[0m [2mmercury::engine::market_actor[0m[2m:[0m Tick received — running arb detection [3mmarket_id[0m[2m=[0m2285bae6-253b-4085-b0d1-0af34b5530b6 [3mplatform[0m[2m=[0mPolymarket [3mbid[0m[2m=[0m0.4 [3mask[0m[2m=[0m0.41 [3mmid[0m[2m=[0m0.4050 [3mbid_size[0m[2m=[0m5.44 [3mask_size[0m[2m=[0m64.11
[2m2026-04-12T20:18:00.731116Z[0m [34mDEBUG[0m [2mmercury::engine::detector[0m[2m:[0m No arb pairs registered for market — skipping detection [3mmarket_id[0m[2m=[0m2285bae6-253b-4085-b0d1-0af34b5530b6
[2m2026-04-12T20:18:00.731430Z[0m [34mDEBUG[0m [2mmercury::engine::market_actor[0m[2m:[0m Tick received — running arb detection [3mmarket_id[0m[2m=[0m2285bae6-253b-4085-b0d1-0af34b5530b6 [3mplatform[0m[2m=[0mPolymarket [3mbid[0m[2m=[0m0.4 [3mask[0m[2m=[0m0.41 [3mmid[0m[2m=[0m0.4050 [3mbid_size[0m[2m=[0m5.44 [3mask_size[0m[2m=[0m64.11
[2m2026-04-12T20:18:00.731620Z[0m [34mDEBUG[0m [2mmercury::engine::detector[0m[2m:[0m No arb pairs registered for market — skipping detection [3mmarket_id[0m[2m=[0m2285bae6-253b-4085-b0d1-0af34b5530b6
[2m2026-04-12T20:18:00.732047Z[0m [34mDEBUG[0m [2mmercury::engine::market_actor[0m[2m:[0m Tick received — running arb detection [3mmarket_id[0m[2m=[0m2285bae6-253b-4085-b0d1-0af34b5530b6 [3mplatform[0m[2m=[0mPolymarket [3mbid[0m[2m=[0m0.4 [3mask[0m[2m=[0m0.41 [3mmid[0m[2m=[0m0.4050 [3mbid_size[0m[2m=[0m5.44 [3mask_size[0m[2m=[0m64.11
[2m2026-04-12T20:18:00.732213Z[0m [34mDEBUG[0m [2mmercury::engine::detector[0m[2m:[0m No arb pairs registered for market — skipping detection [3mmarket_id[0m[2m=[0m2285bae6-253b-4085-b0d1-0af34b5530b6
[2m2026-04-12T20:18:00.732198Z[0m [34mDEBUG[0m [2mmercury::engine::market_actor[0m[2m:[0m Tick received — running arb detection [3mmarket_id[0m[2m=[0m189bf673-b643-45a5-be39-c4a3275d71a0 [3mplatform[0m[2m=[0mPolymarket [3mbid[0m[2m=[0m0.4 [3mask[0m[2m=[0m0.41 [3mmid[0m[2m=[0m0.4050 [3mbid_size[0m[2m=[0m4874.03 [3mask_size[0m[2m=[0m162.54
[2m2026-04-12T20:18:00.732315Z[0m [34mDEBUG[0m [2mmercury::engine::market_actor[0m[2m:[0m Tick received — running arb detection [3mmarket_id[0m[2m=[0m2285bae6-253b-4085-b0d1-0af34b5530b6 [3mplatform[0m[2m=[0mPolymarket [3mbid[0m[2m=[0m0.4 [3mask[0m[2m=[0m0.41 [3mmid[0m[2m=[0m0.4050 [3mbid_size[0m[2m=[0m5.44 [3mask_size[0m[2m=[0m64.11
[2m2026-04-12T20:18:00.732355Z[0m [34mDEBUG[0m [2mmercury::engine::detector[0m[2m:[0m No arb pairs registered for market — skipping detection [3mmarket_id[0m[2m=[0m189bf673-b643-45a5-be39-c4a3275d71a0
[2m2026-04-12T20:18:00.732408Z[0m [34mDEBUG[0m [2mmercury::feeds::polymarket[0m[2m:[0m Unknown Polymarket event type [3mevent_type[0m[2m=[0mbest_bid_ask
[2m2026-04-12T20:18:00.732437Z[0m [34mDEBUG[0m [2mmercury::engine::detector[0m[2m:[0m No arb pairs registered for market — skipping detection [3mmarket_id[0m[2m=[0m2285bae6-253b-4085-b0d1-0af34b5530b6
[2m2026-04-12T20:18:00.732454Z[0m [34mDEBUG[0m [2mmercury::engine::market_actor[0m[2m:[0m Tick received — running arb detection [3mmarket_id[0m[2m=[0m189bf673-b643-45a5-be39-c4a3275d71a0 [3mplatform[0m[2m=[0mPolymarket [3mbid[0m[2m=[0m0.4 [3mask[0m[2m=[0m0.41 [3mmid[0m[2m=[0m0.4050 [3mbid_size[0m[2m=[0m4874.03 [3mask_size[0m[2m=[0m162.54
[2m2026-04-12T20:18:00.732579Z[0m [34mDEBUG[0m [2mmercury::engine::detector[0m[2m:[0m No arb pairs registered for market — skipping detection [3mmarket_id[0m[2m=[0m189bf673-b643-45a5-be39-c4a3275d71a0
[2m2026-04-12T20:18:00.732670Z[0m [34mDEBUG[0m [2mmercury::engine::market_actor[0m[2m:[0m Tick received — running arb detection [3mmarket_id[0m[2m=[0m189bf673-b643-45a5-be39-c4a3275d71a0 [3mplatform[0m[2m=[0mPolymarket [3mbid[0m[2m=[0m0.4 [3mask[0m[2m=[0m0.41 [3mmid[0m[2m=[0m0.4050 [3mbid_size[0m[2m=[0m4874.03 [3mask_size[0m[2m=[0m162.54
[2m2026-04-12T20:18:00.732787Z[0m [34mDEBUG[0m [2mmercury::engine::detector[0m[2m:[0m No arb pairs registered for market — skipping detection [3mmarket_id[0m[2m=[0m189bf673-b643-45a5-be39-c4a3275d71a0
[2m2026-04-12T20:18:00.732875Z[0m [34mDEBUG[0m [2mmercury::engine::market_actor[0m[2m:[0m Tick received — running arb detection [3mmarket_id[0m[2m=[0m189bf673-b643-45a5-be39-c4a3275d71a0 [3mplatform[0m[2m=[0mPolymarket [3mbid[0m[2m=[0m0.4 [3mask[0m[2m=[0m0.41 [3mmid[0m[2m=[0m0.4050 [3mbid_size[0m[2m=[0m4799.03 [3mask_size[0m[2m=[0m162.54
[2m2026-04-12T20:18:00.733002Z[0m [34mDEBUG[0m [2mmercury::engine::detector[0m[2m:[0m No arb pairs registered for market — skipping detection [3mmarket_id[0m[2m=[0m189bf673-b643-45a5-be39-c4a3275d71a0
[2m2026-04-12T20:18:00.733147Z[0m [34mDEBUG[0m [2mmercury::engine::market_actor[0m[2m:[0m Tick received — running arb detection [3mmarket_id[0m[2m=[0m189bf673-b643-45a5-be39-c4a3275d71a0 [3mplatform[0m[2m=[0mPolymarket [3mbid[0m[2m=[0m0.4 [3mask[0m[2m=[0m0.41 [3mmid[0m[2m=[0m0.4050 [3mbid_size[0m[2m=[0m4799.03 [3mask_size[0m[2m=[0m162.54
[2m2026-04-12T20:18:00.733275Z[0m [34mDEBUG[0m [2mmercury::engine::detector[0m[2m:[0m No arb pairs registered for market — skipping detection [3mmarket_id[0m[2m=[0m189bf673-b643-45a5-be39-c4a3275d71a0
[2m2026-04-12T20:18:00.733364Z[0m [34mDEBUG[0m [2mmercury::engine::market_actor[0m[2m:[0m Tick received — running arb detection [3mmarket_id[0m[2m=[0m189bf673-b643-45a5-be39-c4a3275d71a0 [3mplatform[0m[2m=[0mPolymarket [3mbid[0m[2m=[0m0.4 [3mask[0m[2m=[0m0.41 [3mmid[0m[2m=[0m0.4050 [3mbid_size[0m[2m=[0m4799.03 [3mask_size[0m[2m=[0m162.54
[2m2026-04-12T20:18:00.733481Z[0m [34mDEBUG[0m [2mmercury::engine::detector[0m[2m:[0m No arb pairs registered for market — skipping detection [3mmarket_id[0m[2m=[0m189bf673-b643-45a5-be39-c4a3275d71a0
[2m2026-04-12T20:18:00.733568Z[0m [34mDEBUG[0m [2mmercury::engine::market_actor[0m[2m:[0m Tick received — running arb detection [3mmarket_id[0m[2m=[0m189bf673-b643-45a5-be39-c4a3275d71a0 [3mplatform[0m[2m=[0mPolymarket [3mbid[0m[2m=[0m0.4 [3mask[0m[2m=[0m0.41 [3mmid[0m[2m=[0m0.4050 [3mbid_size[0m[2m=[0m4799.03 [3mask_size[0m[2m=[0m162.54
[2m2026-04-12T20:18:00.733685Z[0m [34mDEBUG[0m [2mmercury::engine::detector[0m[2m:[0m No arb pairs registered for market — skipping detection [3mmarket_id[0m[2m=[0m189bf673-b643-45a5-be39-c4a3275d71a0
[2m2026-04-12T20:18:00.833279Z[0m [34mDEBUG[0m [2mmercury::feeds::polymarket[0m[2m:[0m Unknown Polymarket event type [3mevent_type[0m[2m=[0mbest_bid_ask
[2m2026-04-12T20:18:00.833246Z[0m [34mDEBUG[0m [2mmercury::engine::market_actor[0m[2m:[0m Tick received — running arb detection [3mmarket_id[0m[2m=[0m2285bae6-253b-4085-b0d1-0af34b5530b6 [3mplatform[0m[2m=[0mPolymarket [3mbid[0m[2m=[0m0.4 [3mask[0m[2m=[0m0.41 [3mmid[0m[2m=[0m0.4050 [3mbid_size[0m[2m=[0m5.44 [3mask_size[0m[2m=[0m64.11
[2m2026-04-12T20:18:00.833570Z[0m [34mDEBUG[0m [2mmercury::engine::detector[0m[2m:[0m No arb pairs registered for market — skipping detection [3mmarket_id[0m[2m=[0m2285bae6-253b-4085-b0d1-0af34b5530b6
[2m2026-04-12T20:18:00.833717Z[0m [34mDEBUG[0m [2mmercury::engine::market_actor[0m[2m:[0m Tick received — running arb detection [3mmarket_id[0m[2m=[0m2285bae6-253b-4085-b0d1-0af34b5530b6 [3mplatform[0m[2m=[0mPolymarket [3mbid[0m[2m=[0m0.4 [3mask[0m[2m=[0m0.41 [3mmid[0m[2m=[0m0.4050 [3mbid_size[0m[2m=[0m5.44 [3mask_size[0m[2m=[0m64.11
[2m2026-04-12T20:18:00.833886Z[0m [34mDEBUG[0m [2mmercury::engine::detector[0m[2m:[0m No arb pairs registered for market — skipping detection [3mmarket_id[0m[2m=[0m2285bae6-253b-4085-b0d1-0af34b5530b6
[2m2026-04-12T20:18:00.834006Z[0m [34mDEBUG[0m [2mmercury::engine::market_actor[0m[2m:[0m Tick received — running arb detection [3mmarket_id[0m[2m=[0m2285bae6-253b-4085-b0d1-0af34b5530b6 [3mplatform[0m[2m=[0mPolymarket [3mbid[0m[2m=[0m0.4 [3mask[0m[2m=[0m0.41 [3mmid[0m[2m=[0m0.4050 [3mbid_size[0m[2m=[0m5.44 [3mask_size[0m[2m=[0m58.45
[2m2026-04-12T20:18:00.834160Z[0m [34mDEBUG[0m [2mmercury::engine::detector[0m[2m:[0m No arb pairs registered for market — skipping detection [3mmarket_id[0m[2m=[0m2285bae6-253b-4085-b0d1-0af34b5530b6
[2m2026-04-12T20:18:00.834296Z[0m [34mDEBUG[0m [2mmercury::feeds::polymarket[0m[2m:[0m Unknown Polymarket event type [3mevent_type[0m[2m=[0mbest_bid_ask
[2m2026-04-12T20:18:00.834278Z[0m [34mDEBUG[0m [2mmercury::engine::market_actor[0m[2m:[0m Tick received — running arb detection [3mmarket_id[0m[2m=[0m2285bae6-253b-4085-b0d1-0af34b5530b6 [3mplatform[0m[2m=[0mPolymarket [3mbid[0m[2m=[0m0.4 [3mask[0m[2m=[0m0.41 [3mmid[0m[2m=[0m0.4050 [3mbid_size[0m[2m=[0m5.44 [3mask_size[0m[2m=[0m58.45
[2m2026-04-12T20:18:00.834561Z[0m [34mDEBUG[0m [2mmercury::engine::detector[0m[2m:[0m No arb pairs registered for market — skipping detection [3mmarket_id[0m[2m=[0m2285bae6-253b-4085-b0d1-0af34b5530b6
[2m2026-04-12T20:18:00.834696Z[0m [34mDEBUG[0m [2mmercury::engine::market_actor[0m[2m:[0m Tick received — running arb detection [3mmarket_id[0m[2m=[0m2285bae6-253b-4085-b0d1-0af34b5530b6 [3mplatform[0m[2m=[0mPolymarket [3mbid[0m[2m=[0m0.4 [3mask[0m[2m=[0m0.41 [3mmid[0m[2m=[0m0.4050 [3mbid_size[0m[2m=[0m5.44 [3mask_size[0m[2m=[0m53.05
[2m2026-04-12T20:18:00.834852Z[0m [34mDEBUG[0m [2mmercury::engine::detector[0m[2m:[0m No arb pairs registered for market — skipping detection [3mmarket_id[0m[2m=[0m2285bae6-253b-4085-b0d1-0af34b5530b6
[2m2026-04-12T20:18:00.835292Z[0m [34mDEBUG[0m [2mmercury::engine::market_actor[0m[2m:[0m Tick received — running arb detection [3mmarket_id[0m[2m=[0m2285bae6-253b-4085-b0d1-0af34b5530b6 [3mplatform[0m[2m=[0mPolymarket [3mbid[0m[2m=[0m0.4 [3mask[0m[2m=[0m0.41 [3mmid[0m[2m=[0m0.4050 [3mbid_size[0m[2m=[0m5.44 [3mask_size[0m[2m=[0m53.05
[2m2026-04-12T20:18:00.835481Z[0m [34mDEBUG[0m [2mmercury::engine::detector[0m[2m:[0m No arb pairs registered for market — skipping detection [3mmarket_id[0m[2m=[0m2285bae6-253b-4085-b0d1-0af34b5530b6
[2m2026-04-12T20:18:00.835617Z[0m [34mDEBUG[0m [2mmercury::feeds::polymarket[0m[2m:[0m Unknown Polymarket event type [3mevent_type[0m[2m=[0mbest_bid_ask
[2m2026-04-12T20:18:00.835614Z[0m [34mDEBUG[0m [2mmercury::engine::market_actor[0m[2m:[0m Tick received — running arb detection [3mmarket_id[0m[2m=[0m2285bae6-253b-4085-b0d1-0af34b5530b6 [3mplatform[0m[2m=[0mPolymarket [3mbid[0m[2m=[0m0.4 [3mask[0m[2m=[0m0.41 [3mmid[0m[2m=[0m0.4050 [3mbid_size[0m[2m=[0m5.4 [3mask_size[0m[2m=[0m53.05
[2m2026-04-12T20:18:00.835791Z[0m [34mDEBUG[0m [2mmercury::engine::detector[0m[2m:[0m No arb pairs registered for market — skipping detection [3mmarket_id[0m[2m=[0m2285bae6-253b-4085-b0d1-0af34b5530b6
[2m2026-04-12T20:18:00.835942Z[0m [34mDEBUG[0m [2mmercury::engine::market_actor[0m[2m:[0m Tick received — running arb detection [3mmarket_id[0m[2m=[0m2285bae6-253b-4085-b0d1-0af34b5530b6 [3mplatform[0m[2m=[0mPolymarket [3mbid[0m[2m=[0m0.4 [3mask[0m[2m=[0m0.41 [3mmid[0m[2m=[0m0.4050 [3mbid_size[0m[2m=[0m5.4 [3mask_size[0m[2m=[0m53.05
[2m2026-04-12T20:18:00.836061Z[0m [34mDEBUG[0m [2mmercury::engine::detector[0m[2m:[0m No arb pairs registered for market — skipping detection [3mmarket_id[0m[2m=[0m2285bae6-253b-4085-b0d1-0af34b5530b6
[2m2026-04-12T20:18:00.836140Z[0m [34mDEBUG[0m [2mmercury::engine::market_actor[0m[2m:[0m Tick received — running arb detection [3mmarket_id[0m[2m=[0m189bf673-b643-45a5-be39-c4a3275d71a0 [3mplatform[0m[2m=[0mPolymarket [3mbid[0m[2m=[0m0.4 [3mask[0m[2m=[0m0.41 [3mmid[0m[2m=[0m0.4050 [3mbid_size[0m[2m=[0m4782.36 [3mask_size[0m[2m=[0m162.54
[2m2026-04-12T20:18:00.836287Z[0m [34mDEBUG[0m [2mmercury::engine::detector[0m[2m:[0m No arb pairs registered for market — skipping detection [3mmarket_id[0m[2m=[0m189bf673-b643-45a5-be39-c4a3275d71a0
[2m2026-04-12T20:18:00.836511Z[0m [34mDEBUG[0m [2mmercury::engine::market_actor[0m[2m:[0m Tick received — running arb detection [3mmarket_id[0m[2m=[0m189bf673-b643-45a5-be39-c4a3275d71a0 [3mplatform[0m[2m=[0mPolymarket [3mbid[0m[2m=[0m0.4 [3mask[0m[2m=[0m0.41 [3mmid[0m[2m=[0m0.4050 [3mbid_size[0m[2m=[0m4782.36 [3mask_size[0m[2m=[0m162.54
[2m2026-04-12T20:18:00.836656Z[0m [34mDEBUG[0m [2mmercury::engine::detector[0m[2m:[0m No arb pairs registered for market — skipping detection [3mmarket_id[0m[2m=[0m189bf673-b643-45a5-be39-c4a3275d71a0
[2m2026-04-12T20:18:00.836754Z[0m [34mDEBUG[0m [2mmercury::engine::market_actor[0m[2m:[0m Tick received — running arb detection [3mmarket_id[0m[2m=[0m189bf673-b643-45a5-be39-c4a3275d71a0 [3mplatform[0m[2m=[0mPolymarket [3mbid[0m[2m=[0m0.4 [3mask[0m[2m=[0m0.41 [3mmid[0m[2m=[0m0.4050 [3mbid_size[0m[2m=[0m4782.36 [3mask_size[0m[2m=[0m162.54
[2m2026-04-12T20:18:00.836874Z[0m [34mDEBUG[0m [2mmercury::engine::detector[0m[2m:[0m No arb pairs registered for market — skipping detection [3mmarket_id[0m[2m=[0m189bf673-b643-45a5-be39-c4a3275d71a0
[2m2026-04-12T20:18:00.837288Z[0m [34mDEBUG[0m [2mmercury::engine::market_actor[0m[2m:[0m Tick received — running arb detection [3mmarket_id[0m[2m=[0m189bf673-b643-45a5-be39-c4a3275d71a0 [3mplatform[0m[2m=[0mPolymarket [3mbid[0m[2m=[0m0.4 [3mask[0m[2m=[0m0.41 [3mmid[0m[2m=[0m0.4050 [3mbid_size[0m[2m=[0m4615.65 [3mask_size[0m[2m=[0m162.54
[2m2026-04-12T20:18:00.837434Z[0m [34mDEBUG[0m [2mmercury::engine::detector[0m[2m:[0m No arb pairs registered for market — skipping detection [3mmarket_id[0m[2m=[0m189bf673-b643-45a5-be39-c4a3275d71a0
[2m2026-04-12T20:18:00.880341Z[0m [34mDEBUG[0m [2mmercury::engine::market_actor[0m[2m:[0m Tick received — running arb detection [3mmarket_id[0m[2m=[0m189bf673-b643-45a5-be39-c4a3275d71a0 [3mplatform[0m[2m=[0mPolymarket [3mbid[0m[2m=[0m0.4 [3mask[0m[2m=[0m0.41 [3mmid[0m[2m=[0m0.4050 [3mbid_size[0m[2m=[0m4615.65 [3mask_size[0m[2m=[0m162.54
[2m2026-04-12T20:18:00.880708Z[0m [34mDEBUG[0m [2mmercury::engine::detector[0m[2m:[0m No arb pairs registered for market — skipping detection [3mmarket_id[0m[2m=[0m189bf673-b643-45a5-be39-c4a3275d71a0
[2m2026-04-12T20:18:00.892226Z[0m [34mDEBUG[0m [2mmercury::feeds::polymarket[0m[2m:[0m Unknown Polymarket event type [3mevent_type[0m[2m=[0mbest_bid_ask
[2m2026-04-12T20:18:00.892661Z[0m [34mDEBUG[0m [2mmercury::engine::market_actor[0m[2m:[0m Tick received — running arb detection [3mmarket_id[0m[2m=[0m189bf673-b643-45a5-be39-c4a3275d71a0 [3mplatform[0m[2m=[0mPolymarket [3mbid[0m[2m=[0m0.4 [3mask[0m[2m=[0m0.41 [3mmid[0m[2m=[0m0.4050 [3mbid_size[0m[2m=[0m4592.15 [3mask_size[0m[2m=[0m162.54
[2m2026-04-12T20:18:00.892820Z[0m [34mDEBUG[0m [2mmercury::engine::detector[0m[2m:[0m No arb pairs registered for market — skipping detection [3mmarket_id[0m[2m=[0m189bf673-b643-45a5-be39-c4a3275d71a0
[2m2026-04-12T20:18:00.893108Z[0m [34mDEBUG[0m [2mmercury::engine::market_actor[0m[2m:[0m Tick received — running arb detection [3mmarket_id[0m[2m=[0m189bf673-b643-45a5-be39-c4a3275d71a0 [3mplatform[0m[2m=[0mPolymarket [3mbid[0m[2m=[0m0.4 [3mask[0m[2m=[0m0.41 [3mmid[0m[2m=[0m0.4050 [3mbid_size[0m[2m=[0m4592.15 [3mask_size[0m[2m=[0m162.54
[2m2026-04-12T20:18:00.893247Z[0m [34mDEBUG[0m [2mmercury::engine::detector[0m[2m:[0m No arb pairs registered for market — skipping detection [3mmarket_id[0m[2m=[0m189bf673-b643-45a5-be39-c4a3275d71a0
[2m2026-04-12T20:18:00.941754Z[0m [34mDEBUG[0m [2mmercury::feeds::polymarket[0m[2m:[0m Unknown Polymarket event type [3mevent_type[0m[2m=[0mbest_bid_ask
[2m2026-04-12T20:18:00.942163Z[0m [34mDEBUG[0m [2mmercury::engine::market_actor[0m[2m:[0m Tick received — running arb detection [3mmarket_id[0m[2m=[0m2285bae6-253b-4085-b0d1-0af34b5530b6 [3mplatform[0m[2m=[0mPolymarket [3mbid[0m[2m=[0m0.4 [3mask[0m[2m=[0m0.41 [3mmid[0m[2m=[0m0.4050 [3mbid_size[0m[2m=[0m5.4 [3mask_size[0m[2m=[0m44.17
[2m2026-04-12T20:18:00.942300Z[0m [34mDEBUG[0m [2mmercury::engine::detector[0m[2m:[0m No arb pairs registered for market — skipping detection [3mmarket_id[0m[2m=[0m2285bae6-253b-4085-b0d1-0af34b5530b6
[2m2026-04-12T20:18:00.942498Z[0m [34mDEBUG[0m [2mmercury::engine::market_actor[0m[2m:[0m Tick received — running arb detection [3mmarket_id[0m[2m=[0m2285bae6-253b-4085-b0d1-0af34b5530b6 [3mplatform[0m[2m=[0mPolymarket [3mbid[0m[2m=[0m0.4 [3mask[0m[2m=[0m0.41 [3mmid[0m[2m=[0m0.4050 [3mbid_size[0m[2m=[0m5.4 [3mask_size[0m[2m=[0m44.17
[2m2026-04-12T20:18:00.942619Z[0m [34mDEBUG[0m [2mmercury::engine::detector[0m[2m:[0m No arb pairs registered for market — skipping detection [3mmarket_id[0m[2m=[0m2285bae6-253b-4085-b0d1-0af34b5530b6
[2m2026-04-12T20:18:00.953056Z[0m [34mDEBUG[0m [2mmercury::engine::market_actor[0m[2m:[0m Tick received — running arb detection [3mmarket_id[0m[2m=[0m189bf673-b643-45a5-be39-c4a3275d71a0 [3mplatform[0m[2m=[0mPolymarket [3mbid[0m[2m=[0m0.4 [3mask[0m[2m=[0m0.41 [3mmid[0m[2m=[0m0.4050 [3mbid_size[0m[2m=[0m4592.15 [3mask_size[0m[2m=[0m162.54
[2m2026-04-12T20:18:00.953361Z[0m [34mDEBUG[0m [2mmercury::engine::detector[0m[2m:[0m No arb pairs registered for market — skipping detection [3mmarket_id[0m[2m=[0m189bf673-b643-45a5-be39-c4a3275d71a0
[2m2026-04-12T20:18:01.045070Z[0m [34mDEBUG[0m [2mmercury::feeds::polymarket[0m[2m:[0m Unknown Polymarket event type [3mevent_type[0m[2m=[0mbest_bid_ask
[2m2026-04-12T20:18:01.045173Z[0m [34mDEBUG[0m [2mmercury::engine::market_actor[0m[2m:[0m Tick received — running arb detection [3mmarket_id[0m[2m=[0mbc548cd4-ced9-48e8-b131-410c92fb3a0e [3mplatform[0m[2m=[0mPolymarket [3mbid[0m[2m=[0m0.44 [3mask[0m[2m=[0m0.46 [3mmid[0m[2m=[0m0.45 [3mbid_size[0m[2m=[0m2.32 [3mask_size[0m[2m=[0m126.3
[2m2026-04-12T20:18:01.045028Z[0m [34mDEBUG[0m [2mmercury::engine::market_actor[0m[2m:[0m Tick received — running arb detection [3mmarket_id[0m[2m=[0m189bf673-b643-45a5-be39-c4a3275d71a0 [3mplatform[0m[2m=[0mPolymarket [3mbid[0m[2m=[0m0.4 [3mask[0m[2m=[0m0.41 [3mmid[0m[2m=[0m0.4050 [3mbid_size[0m[2m=[0m4592.15 [3mask_size[0m[2m=[0m162.54
[2m2026-04-12T20:18:01.045380Z[0m [34mDEBUG[0m [2mmercury::engine::detector[0m[2m:[0m No arb pairs registered for market — skipping detection [3mmarket_id[0m[2m=[0mbc548cd4-ced9-48e8-b131-410c92fb3a0e
[2m2026-04-12T20:18:01.045517Z[0m [34mDEBUG[0m [2mmercury::engine::detector[0m[2m:[0m No arb pairs registered for market — skipping detection [3mmarket_id[0m[2m=[0m189bf673-b643-45a5-be39-c4a3275d71a0
[2m2026-04-12T20:18:01.045680Z[0m [34mDEBUG[0m [2mmercury::engine::market_actor[0m[2m:[0m Tick received — running arb detection [3mmarket_id[0m[2m=[0m189bf673-b643-45a5-be39-c4a3275d71a0 [3mplatform[0m[2m=[0mPolymarket [3mbid[0m[2m=[0m0.4 [3mask[0m[2m=[0m0.41 [3mmid[0m[2m=[0m0.4050 [3mbid_size[0m[2m=[0m4587.15 [3mask_size[0m[2m=[0m162.54
[2m2026-04-12T20:18:01.045846Z[0m [34mDEBUG[0m [2mmercury::engine::detector[0m[2m:[0m No arb pairs registered for market — skipping detection [3mmarket_id[0m[2m=[0m189bf673-b643-45a5-be39-c4a3275d71a0
[2m2026-04-12T20:18:01.046285Z[0m [34mDEBUG[0m [2mmercury::engine::market_actor[0m[2m:[0m Tick received — running arb detection [3mmarket_id[0m[2m=[0m189bf673-b643-45a5-be39-c4a3275d71a0 [3mplatform[0m[2m=[0mPolymarket [3mbid[0m[2m=[0m0.4 [3mask[0m[2m=[0m0.41 [3mmid[0m[2m=[0m0.4050 [3mbid_size[0m[2m=[0m4587.15 [3mask_size[0m[2m=[0m162.54
[2m2026-04-12T20:18:01.046477Z[0m [34mDEBUG[0m [2mmercury::engine::detector[0m[2m:[0m No arb pairs registered for market — skipping detection [3mmarket_id[0m[2m=[0m189bf673-b643-45a5-be39-c4a3275d71a0
[2m2026-04-12T20:18:01.046614Z[0m [34mDEBUG[0m [2mmercury::engine::market_actor[0m[2m:[0m Tick received — running arb detection [3mmarket_id[0m[2m=[0m189bf673-b643-45a5-be39-c4a3275d71a0 [3mplatform[0m[2m=[0mPolymarket [3mbid[0m[2m=[0m0.4 [3mask[0m[2m=[0m0.41 [3mmid[0m[2m=[0m0.4050 [3mbid_size[0m[2m=[0m4587.15 [3mask_size[0m[2m=[0m162.54
[2m2026-04-12T20:18:01.046777Z[0m [34mDEBUG[0m [2mmercury::engine::detector[0m[2m:[0m No arb pairs registered for market — skipping detection [3mmarket_id[0m[2m=[0m189bf673-b643-45a5-be39-c4a3275d71a0
[2m2026-04-12T20:18:01.046794Z[0m [34mDEBUG[0m [2mmercury::engine::market_actor[0m[2m:[0m Tick received — running arb detection [3mmarket_id[0m[2m=[0mbc548cd4-ced9-48e8-b131-410c92fb3a0e [3mplatform[0m[2m=[0mPolymarket [3mbid[0m[2m=[0m0.44 [3mask[0m[2m=[0m0.46 [3mmid[0m[2m=[0m0.45 [3mbid_size[0m[2m=[0m2.32 [3mask_size[0m[2m=[0m126.3
[2m2026-04-12T20:18:01.046872Z[0m [34mDEBUG[0m [2mmercury::engine::market_actor[0m[2m:[0m Tick received — running arb detection [3mmarket_id[0m[2m=[0m39a28b31-a7f7-4e16-b2f1-1e1948be289c [3mplatform[0m[2m=[0mPolymarket [3mbid[0m[2m=[0m0.4 [3mask[0m[2m=[0m0.41 [3mmid[0m[2m=[0m0.4050 [3mbid_size[0m[2m=[0m334.51 [3mask_size[0m[2m=[0m90.52
[2m2026-04-12T20:18:01.046905Z[0m [34mDEBUG[0m [2mmercury::engine::market_actor[0m[2m:[0m Tick received — running arb detection [3mmarket_id[0m[2m=[0m189bf673-b643-45a5-be39-c4a3275d71a0 [3mplatform[0m[2m=[0mPolymarket [3mbid[0m[2m=[0m0.4 [3mask[0m[2m=[0m0.41 [3mmid[0m[2m=[0m0.4050 [3mbid_size[0m[2m=[0m4587.15 [3mask_size[0m[2m=[0m162.54
[2m2026-04-12T20:18:01.046987Z[0m [34mDEBUG[0m [2mmercury::engine::detector[0m[2m:[0m No arb pairs registered for market — skipping detection [3mmarket_id[0m[2m=[0mbc548cd4-ced9-48e8-b131-410c92fb3a0e
[2m2026-04-12T20:18:01.047140Z[0m [34mDEBUG[0m [2mmercury::engine::detector[0m[2m:[0m No arb pairs registered for market — skipping detection [3mmarket_id[0m[2m=[0m39a28b31-a7f7-4e16-b2f1-1e1948be289c
[2m2026-04-12T20:18:01.047207Z[0m [34mDEBUG[0m [2mmercury::engine::market_actor[0m[2m:[0m Tick received — running arb detection [3mmarket_id[0m[2m=[0m2285bae6-253b-4085-b0d1-0af34b5530b6 [3mplatform[0m[2m=[0mPolymarket [3mbid[0m[2m=[0m0.4 [3mask[0m[2m=[0m0.41 [3mmid[0m[2m=[0m0.4050 [3mbid_size[0m[2m=[0m5.4 [3mask_size[0m[2m=[0m44.17
[2m2026-04-12T20:18:01.047282Z[0m [34mDEBUG[0m [2mmercury::engine::market_actor[0m[2m:[0m Tick received — running arb detection [3mmarket_id[0m[2m=[0m39a28b31-a7f7-4e16-b2f1-1e1948be289c [3mplatform[0m[2m=[0mPolymarket [3mbid[0m[2m=[0m0.4 [3mask[0m[2m=[0m0.41 [3mmid[0m[2m=[0m0.4050 [3mbid_size[0m[2m=[0m334.51 [3mask_size[0m[2m=[0m90.52
[2m2026-04-12T20:18:01.047319Z[0m [34mDEBUG[0m [2mmercury::engine::detector[0m[2m:[0m No arb pairs registered for market — skipping detection [3mmarket_id[0m[2m=[0m189bf673-b643-45a5-be39-c4a3275d71a0
[2m2026-04-12T20:18:01.047494Z[0m [34mDEBUG[0m [2mmercury::engine::detector[0m[2m:[0m No arb pairs registered for market — skipping detection [3mmarket_id[0m[2m=[0m2285bae6-253b-4085-b0d1-0af34b5530b6
[2m2026-04-12T20:18:01.047484Z[0m [34mDEBUG[0m [2mmercury::engine::market_actor[0m[2m:[0m Tick received — running arb detection [3mmarket_id[0m[2m=[0m189bf673-b643-45a5-be39-c4a3275d71a0 [3mplatform[0m[2m=[0mPolymarket [3mbid[0m[2m=[0m0.4 [3mask[0m[2m=[0m0.41 [3mmid[0m[2m=[0m0.4050 [3mbid_size[0m[2m=[0m4587.15 [3mask_size[0m[2m=[0m162.54
[2m2026-04-12T20:18:01.047654Z[0m [34mDEBUG[0m [2mmercury::engine::detector[0m[2m:[0m No arb pairs registered for market — skipping detection [3mmarket_id[0m[2m=[0m39a28b31-a7f7-4e16-b2f1-1e1948be289c
[2m2026-04-12T20:18:01.047803Z[0m [34mDEBUG[0m [2mmercury::engine::detector[0m[2m:[0m No arb pairs registered for market — skipping detection [3mmarket_id[0m[2m=[0m189bf673-b643-45a5-be39-c4a3275d71a0
[2m2026-04-12T20:18:01.047792Z[0m [34mDEBUG[0m [2mmercury::engine::market_actor[0m[2m:[0m Tick received — running arb detection [3mmarket_id[0m[2m=[0m39a28b31-a7f7-4e16-b2f1-1e1948be289c [3mplatform[0m[2m=[0mPolymarket [3mbid[0m[2m=[0m0.4 [3mask[0m[2m=[0m0.41 [3mmid[0m[2m=[0m0.4050 [3mbid_size[0m[2m=[0m334.51 [3mask_size[0m[2m=[0m90.52
[2m2026-04-12T20:18:01.047924Z[0m [34mDEBUG[0m [2mmercury::engine::market_actor[0m[2m:[0m Tick received — running arb detection [3mmarket_id[0m[2m=[0m189bf673-b643-45a5-be39-c4a3275d71a0 [3mplatform[0m[2m=[0mPolymarket [3mbid[0m[2m=[0m0.4 [3mask[0m[2m=[0m0.41 [3mmid[0m[2m=[0m0.4050 [3mbid_size[0m[2m=[0m4587.15 [3mask_size[0m[2m=[0m162.54
[2m2026-04-12T20:18:01.047965Z[0m [34mDEBUG[0m [2mmercury::engine::detector[0m[2m:[0m No arb pairs registered for market — skipping detection [3mmarket_id[0m[2m=[0m39a28b31-a7f7-4e16-b2f1-1e1948be289c
[2m2026-04-12T20:18:01.048055Z[0m [34mDEBUG[0m [2mmercury::engine::detector[0m[2m:[0m No arb pairs registered for market — skipping detection [3mmarket_id[0m[2m=[0m189bf673-b643-45a5-be39-c4a3275d71a0
[2m2026-04-12T20:18:01.048072Z[0m [34mDEBUG[0m [2mmercury::engine::market_actor[0m[2m:[0m Tick received — running arb detection [3mmarket_id[0m[2m=[0m39a28b31-a7f7-4e16-b2f1-1e1948be289c [3mplatform[0m[2m=[0mPolymarket [3mbid[0m[2m=[0m0.4 [3mask[0m[2m=[0m0.41 [3mmid[0m[2m=[0m0.4050 [3mbid_size[0m[2m=[0m334.51 [3mask_size[0m[2m=[0m90.52
[2m2026-04-12T20:18:01.048038Z[0m [34mDEBUG[0m [2mmercury::engine::market_actor[0m[2m:[0m Tick received — running arb detection [3mmarket_id[0m[2m=[0mbc548cd4-ced9-48e8-b131-410c92fb3a0e [3mplatform[0m[2m=[0mPolymarket [3mbid[0m[2m=[0m0.44 [3mask[0m[2m=[0m0.46 [3mmid[0m[2m=[0m0.45 [3mbid_size[0m[2m=[0m2.32 [3mask_size[0m[2m=[0m126.3
[2m2026-04-12T20:18:01.048157Z[0m [34mDEBUG[0m [2mmercury::engine::market_actor[0m[2m:[0m Tick received — running arb detection [3mmarket_id[0m[2m=[0m189bf673-b643-45a5-be39-c4a3275d71a0 [3mplatform[0m[2m=[0mPolymarket [3mbid[0m[2m=[0m0.4 [3mask[0m[2m=[0m0.41 [3mmid[0m[2m=[0m0.4050 [3mbid_size[0m[2m=[0m4587.15 [3mask_size[0m[2m=[0m162.54
[2m2026-04-12T20:18:01.048198Z[0m [34mDEBUG[0m [2mmercury::engine::detector[0m[2m:[0m No arb pairs registered for market — skipping detection [3mmarket_id[0m[2m=[0m39a28b31-a7f7-4e16-b2f1-1e1948be289c
[2m2026-04-12T20:18:01.048249Z[0m [34mDEBUG[0m [2mmercury::engine::market_actor[0m[2m:[0m Tick received — running arb detection [3mmarket_id[0m[2m=[0m2285bae6-253b-4085-b0d1-0af34b5530b6 [3mplatform[0m[2m=[0mPolymarket [3mbid[0m[2m=[0m0.4 [3mask[0m[2m=[0m0.41 [3mmid[0m[2m=[0m0.4050 [3mbid_size[0m[2m=[0m5.4 [3mask_size[0m[2m=[0m44.17
[2m2026-04-12T20:18:01.048308Z[0m [34mDEBUG[0m [2mmercury::engine::detector[0m[2m:[0m No arb pairs registered for market — skipping detection [3mmarket_id[0m[2m=[0mbc548cd4-ced9-48e8-b131-410c92fb3a0e
[2m2026-04-12T20:18:01.048412Z[0m [34mDEBUG[0m [2mmercury::engine::market_actor[0m[2m:[0m Tick received — running arb detection [3mmarket_id[0m[2m=[0mbc548cd4-ced9-48e8-b131-410c92fb3a0e [3mplatform[0m[2m=[0mPolymarket [3mbid[0m[2m=[0m0.44 [3mask[0m[2m=[0m0.46 [3mmid[0m[2m=[0m0.45 [3mbid_size[0m[2m=[0m2.32 [3mask_size[0m[2m=[0m126.3
[2m2026-04-12T20:18:01.048461Z[0m [34mDEBUG[0m [2mmercury::engine::detector[0m[2m:[0m No arb pairs registered for market — skipping detection [3mmarket_id[0m[2m=[0m189bf673-b643-45a5-be39-c4a3275d71a0
[2m2026-04-12T20:18:01.048567Z[0m [34mDEBUG[0m [2mmercury::engine::detector[0m[2m:[0m No arb pairs registered for market — skipping detection [3mmarket_id[0m[2m=[0m2285bae6-253b-4085-b0d1-0af34b5530b6
[2m2026-04-12T20:18:01.048561Z[0m [34mDEBUG[0m [2mmercury::engine::market_actor[0m[2m:[0m Tick received — running arb detection [3mmarket_id[0m[2m=[0m189bf673-b643-45a5-be39-c4a3275d71a0 [3mplatform[0m[2m=[0mPolymarket [3mbid[0m[2m=[0m0.4 [3mask[0m[2m=[0m0.41 [3mmid[0m[2m=[0m0.4050 [3mbid_size[0m[2m=[0m4587.15 [3mask_size[0m[2m=[0m162.54
[2m2026-04-12T20:18:01.048696Z[0m [34mDEBUG[0m [2mmercury::engine::detector[0m[2m:[0m No arb pairs registered for market — skipping detection [3mmarket_id[0m[2m=[0mbc548cd4-ced9-48e8-b131-410c92fb3a0e
[2m2026-04-12T20:18:01.048852Z[0m [34mDEBUG[0m [2mmercury::engine::detector[0m[2m:[0m No arb pairs registered for market — skipping detection [3mmarket_id[0m[2m=[0m189bf673-b643-45a5-be39-c4a3275d71a0
[2m2026-04-12T20:18:01.048976Z[0m [34mDEBUG[0m [2mmercury::engine::market_actor[0m[2m:[0m Tick received — running arb detection [3mmarket_id[0m[2m=[0m189bf673-b643-45a5-be39-c4a3275d71a0 [3mplatform[0m[2m=[0mPolymarket [3mbid[0m[2m=[0m0.4 [3mask[0m[2m=[0m0.41 [3mmid[0m[2m=[0m0.4050 [3mbid_size[0m[2m=[0m4587.15 [3mask_size[0m[2m=[0m162.54
[2m2026-04-12T20:18:01.049103Z[0m [34mDEBUG[0m [2mmercury::engine::detector[0m[2m:[0m No arb pairs registered for market — skipping detection [3mmarket_id[0m[2m=[0m189bf673-b643-45a5-be39-c4a3275d71a0
[2m2026-04-12T20:18:01.049195Z[0m [34mDEBUG[0m [2mmercury::engine::market_actor[0m[2m:[0m Tick received — running arb detection [3mmarket_id[0m[2m=[0m189bf673-b643-45a5-be39-c4a3275d71a0 [3mplatform[0m[2m=[0mPolymarket [3mbid[0m[2m=[0m0.4 [3mask[0m[2m=[0m0.41 [3mmid[0m[2m=[0m0.4050 [3mbid_size[0m[2m=[0m4587.15 [3mask_size[0m[2m=[0m162.54
[2m2026-04-12T20:18:01.049315Z[0m [34mDEBUG[0m [2mmercury::engine::detector[0m[2m:[0m No arb pairs registered for market — skipping detection [3mmarket_id[0m[2m=[0m189bf673-b643-45a5-be39-c4a3275d71a0
[2m2026-04-12T20:18:01.084940Z[0m [34mDEBUG[0m [2mmercury::engine::market_actor[0m[2m:[0m Tick received — running arb detection [3mmarket_id[0m[2m=[0m2285bae6-253b-4085-b0d1-0af34b5530b6 [3mplatform[0m[2m=[0mPolymarket [3mbid[0m[2m=[0m0.4 [3mask[0m[2m=[0m0.41 [3mmid[0m[2m=[0m0.4050 [3mbid_size[0m[2m=[0m5.4 [3mask_size[0m[2m=[0m44.17
[2m2026-04-12T20:18:01.085033Z[0m [34mDEBUG[0m [2mmercury::engine::market_actor[0m[2m:[0m Tick received — running arb detection [3mmarket_id[0m[2m=[0m39a28b31-a7f7-4e16-b2f1-1e1948be289c [3mplatform[0m[2m=[0mPolymarket [3mbid[0m[2m=[0m0.4 [3mask[0m[2m=[0m0.41 [3mmid[0m[2m=[0m0.4050 [3mbid_size[0m[2m=[0m334.51 [3mask_size[0m[2m=[0m90.52
[2m2026-04-12T20:18:01.085187Z[0m [34mDEBUG[0m [2mmercury::engine::detector[0m[2m:[0m No arb pairs registered for market — skipping detection [3mmarket_id[0m[2m=[0m2285bae6-253b-4085-b0d1-0af34b5530b6
[2m2026-04-12T20:18:01.085338Z[0m [34mDEBUG[0m [2mmercury::engine::detector[0m[2m:[0m No arb pairs registered for market — skipping detection [3mmarket_id[0m[2m=[0m39a28b31-a7f7-4e16-b2f1-1e1948be289c
[2m2026-04-12T20:18:01.137919Z[0m [34mDEBUG[0m [2mmercury::feeds::polymarket[0m[2m:[0m Unknown Polymarket event type [3mevent_type[0m[2m=[0mbest_bid_ask
[2m2026-04-12T20:18:01.138374Z[0m [34mDEBUG[0m [2mmercury::engine::market_actor[0m[2m:[0m Tick received — running arb detection [3mmarket_id[0m[2m=[0m2285bae6-253b-4085-b0d1-0af34b5530b6 [3mplatform[0m[2m=[0mPolymarket [3mbid[0m[2m=[0m0.4 [3mask[0m[2m=[0m0.41 [3mmid[0m[2m=[0m0.4050 [3mbid_size[0m[2m=[0m5.4 [3mask_size[0m[2m=[0m38.7
[2m2026-04-12T20:18:01.138526Z[0m [34mDEBUG[0m [2mmercury::engine::detector[0m[2m:[0m No arb pairs registered for market — skipping detection [3mmarket_id[0m[2m=[0m2285bae6-253b-4085-b0d1-0af34b5530b6
[2m2026-04-12T20:18:01.138795Z[0m [34mDEBUG[0m [2mmercury::feeds::polymarket[0m[2m:[0m Unknown Polymarket event type [3mevent_type[0m[2m=[0mbest_bid_ask
[2m2026-04-12T20:18:01.138850Z[0m [34mDEBUG[0m [2mmercury::engine::market_actor[0m[2m:[0m Tick received — running arb detection [3mmarket_id[0m[2m=[0m2285bae6-253b-4085-b0d1-0af34b5530b6 [3mplatform[0m[2m=[0mPolymarket [3mbid[0m[2m=[0m0.4 [3mask[0m[2m=[0m0.41 [3mmid[0m[2m=[0m0.4050 [3mbid_size[0m[2m=[0m5.4 [3mask_size[0m[2m=[0m38.7
[2m2026-04-12T20:18:01.138999Z[0m [34mDEBUG[0m [2mmercury::engine::detector[0m[2m:[0m No arb pairs registered for market — skipping detection [3mmarket_id[0m[2m=[0m2285bae6-253b-4085-b0d1-0af34b5530b6
[2m2026-04-12T20:18:01.139101Z[0m [34mDEBUG[0m [2mmercury::engine::market_actor[0m[2m:[0m Tick received — running arb detection [3mmarket_id[0m[2m=[0m2285bae6-253b-4085-b0d1-0af34b5530b6 [3mplatform[0m[2m=[0mPolymarket [3mbid[0m[2m=[0m0.4 [3mask[0m[2m=[0m0.41 [3mmid[0m[2m=[0m0.4050 [3mbid_size[0m[2m=[0m5.4 [3mask_size[0m[2m=[0m33.3
[2m2026-04-12T20:18:01.139219Z[0m [34mDEBUG[0m [2mmercury::engine::detector[0m[2m:[0m No arb pairs registered for market — skipping detection [3mmarket_id[0m[2m=[0m2285bae6-253b-4085-b0d1-0af34b5530b6
[2m2026-04-12T20:18:01.139503Z[0m [34mDEBUG[0m [2mmercury::engine::market_actor[0m[2m:[0m Tick received — running arb detection [3mmarket_id[0m[2m=[0m2285bae6-253b-4085-b0d1-0af34b5530b6 [3mplatform[0m[2m=[0mPolymarket [3mbid[0m[2m=[0m0.4 [3mask[0m[2m=[0m0.41 [3mmid[0m[2m=[0m0.4050 [3mbid_size[0m[2m=[0m5.4 [3mask_size[0m[2m=[0m33.3
[2m2026-04-12T20:18:01.139640Z[0m [34mDEBUG[0m [2mmercury::engine::detector[0m[2m:[0m No arb pairs registered for market — skipping detection [3mmarket_id[0m[2m=[0m2285bae6-253b-4085-b0d1-0af34b5530b6
[2m2026-04-12T20:18:01.139809Z[0m [34mDEBUG[0m [2mmercury::engine::market_actor[0m[2m:[0m Tick received — running arb detection [3mmarket_id[0m[2m=[0m2285bae6-253b-4085-b0d1-0af34b5530b6 [3mplatform[0m[2m=[0mPolymarket [3mbid[0m[2m=[0m0.4 [3mask[0m[2m=[0m0.41 [3mmid[0m[2m=[0m0.4050 [3mbid_size[0m[2m=[0m5.4 [3mask_size[0m[2m=[0m33.3
[2m2026-04-12T20:18:01.139931Z[0m [34mDEBUG[0m [2mmercury::engine::detector[0m[2m:[0m No arb pairs registered for market — skipping detection [3mmarket_id[0m[2m=[0m2285bae6-253b-4085-b0d1-0af34b5530b6
[2m2026-04-12T20:18:01.140021Z[0m [34mDEBUG[0m [2mmercury::engine::market_actor[0m[2m:[0m Tick received — running arb detection [3mmarket_id[0m[2m=[0m2285bae6-253b-4085-b0d1-0af34b5530b6 [3mplatform[0m[2m=[0mPolymarket [3mbid[0m[2m=[0m0.4 [3mask[0m[2m=[0m0.41 [3mmid[0m[2m=[0m0.4050 [3mbid_size[0m[2m=[0m5.4 [3mask_size[0m[2m=[0m33.3
[2m2026-04-12T20:18:01.140136Z[0m [34mDEBUG[0m [2mmercury::engine::detector[0m[2m:[0m No arb pairs registered for market — skipping detection [3mmarket_id[0m[2m=[0m2285bae6-253b-4085-b0d1-0af34b5530b6
[2m2026-04-12T20:18:01.140162Z[0m [34mDEBUG[0m [2mmercury::engine::market_actor[0m[2m:[0m Tick received — running arb detection [3mmarket_id[0m[2m=[0m39a28b31-a7f7-4e16-b2f1-1e1948be289c [3mplatform[0m[2m=[0mPolymarket [3mbid[0m[2m=[0m0.4 [3mask[0m[2m=[0m0.41 [3mmid[0m[2m=[0m0.4050 [3mbid_size[0m[2m=[0m334.51 [3mask_size[0m[2m=[0m90.52
[2m2026-04-12T20:18:01.140221Z[0m [34mDEBUG[0m [2mmercury::feeds::polymarket[0m[2m:[0m Unknown Polymarket event type [3mevent_type[0m[2m=[0mbest_bid_ask
[2m2026-04-12T20:18:01.140227Z[0m [34mDEBUG[0m [2mmercury::engine::market_actor[0m[2m:[0m Tick received — running arb detection [3mmarket_id[0m[2m=[0m2285bae6-253b-4085-b0d1-0af34b5530b6 [3mplatform[0m[2m=[0mPolymarket [3mbid[0m[2m=[0m0.4 [3mask[0m[2m=[0m0.41 [3mmid[0m[2m=[0m0.4050 [3mbid_size[0m[2m=[0m5.4 [3mask_size[0m[2m=[0m33.3
[2m2026-04-12T20:18:01.140297Z[0m [34mDEBUG[0m [2mmercury::engine::detector[0m[2m:[0m No arb pairs registered for market — skipping detection [3mmarket_id[0m[2m=[0m39a28b31-a7f7-4e16-b2f1-1e1948be289c
[2m2026-04-12T20:18:01.140386Z[0m [34mDEBUG[0m [2mmercury::engine::detector[0m[2m:[0m No arb pairs registered for market — skipping detection [3mmarket_id[0m[2m=[0m2285bae6-253b-4085-b0d1-0af34b5530b6
[2m2026-04-12T20:18:01.140483Z[0m [34mDEBUG[0m [2mmercury::engine::market_actor[0m[2m:[0m Tick received — running arb detection [3mmarket_id[0m[2m=[0m2285bae6-253b-4085-b0d1-0af34b5530b6 [3mplatform[0m[2m=[0mPolymarket [3mbid[0m[2m=[0m0.4 [3mask[0m[2m=[0m0.41 [3mmid[0m[2m=[0m0.4050 [3mbid_size[0m[2m=[0m5.4 [3mask_size[0m[2m=[0m33.3
[2m2026-04-12T20:18:01.140524Z[0m [34mDEBUG[0m [2mmercury::engine::market_actor[0m[2m:[0m Tick received — running arb detection [3mmarket_id[0m[2m=[0m189bf673-b643-45a5-be39-c4a3275d71a0 [3mplatform[0m[2m=[0mPolymarket [3mbid[0m[2m=[0m0.4 [3mask[0m[2m=[0m0.41 [3mmid[0m[2m=[0m0.4050 [3mbid_size[0m[2m=[0m4582.15 [3mask_size[0m[2m=[0m162.54
[2m2026-04-12T20:18:01.140617Z[0m [34mDEBUG[0m [2mmercury::engine::detector[0m[2m:[0m No arb pairs registered for market — skipping detection [3mmarket_id[0m[2m=[0m2285bae6-253b-4085-b0d1-0af34b5530b6
[2m2026-04-12T20:18:01.140712Z[0m [34mDEBUG[0m [2mmercury::engine::detector[0m[2m:[0m No arb pairs registered for market — skipping detection [3mmarket_id[0m[2m=[0m189bf673-b643-45a5-be39-c4a3275d71a0
[2m2026-04-12T20:18:01.140710Z[0m [34mDEBUG[0m [2mmercury::engine::market_actor[0m[2m:[0m Tick received — running arb detection [3mmarket_id[0m[2m=[0m2285bae6-253b-4085-b0d1-0af34b5530b6 [3mplatform[0m[2m=[0mPolymarket [3mbid[0m[2m=[0m0.4 [3mask[0m[2m=[0m0.41 [3mmid[0m[2m=[0m0.4050 [3mbid_size[0m[2m=[0m5.4 [3mask_size[0m[2m=[0m33.3
[2m2026-04-12T20:18:01.140856Z[0m [34mDEBUG[0m [2mmercury::engine::detector[0m[2m:[0m No arb pairs registered for market — skipping detection [3mmarket_id[0m[2m=[0m2285bae6-253b-4085-b0d1-0af34b5530b6
[2m2026-04-12T20:18:01.141131Z[0m [34mDEBUG[0m [2mmercury::engine::market_actor[0m[2m:[0m Tick received — running arb detection [3mmarket_id[0m[2m=[0m189bf673-b643-45a5-be39-c4a3275d71a0 [3mplatform[0m[2m=[0mPolymarket [3mbid[0m[2m=[0m0.4 [3mask[0m[2m=[0m0.41 [3mmid[0m[2m=[0m0.4050 [3mbid_size[0m[2m=[0m4582.15 [3mask_size[0m[2m=[0m162.54
[2m2026-04-12T20:18:01.141176Z[0m [34mDEBUG[0m [2mmercury::engine::market_actor[0m[2m:[0m Tick received — running arb detection [3mmarket_id[0m[2m=[0m2285bae6-253b-4085-b0d1-0af34b5530b6 [3mplatform[0m[2m=[0mPolymarket [3mbid[0m[2m=[0m0.4 [3mask[0m[2m=[0m0.41 [3mmid[0m[2m=[0m0.4050 [3mbid_size[0m[2m=[0m5.4 [3mask_size[0m[2m=[0m33.3
[2m2026-04-12T20:18:01.141246Z[0m [34mDEBUG[0m [2mmercury::engine::detector[0m[2m:[0m No arb pairs registered for market — skipping detection [3mmarket_id[0m[2m=[0m189bf673-b643-45a5-be39-c4a3275d71a0
[2m2026-04-12T20:18:01.141322Z[0m [34mDEBUG[0m [2mmercury::engine::detector[0m[2m:[0m No arb pairs registered for market — skipping detection [3mmarket_id[0m[2m=[0m2285bae6-253b-4085-b0d1-0af34b5530b6
[2m2026-04-12T20:18:01.144058Z[0m [34mDEBUG[0m [2mmercury::engine::market_actor[0m[2m:[0m Tick received — running arb detection [3mmarket_id[0m[2m=[0m189bf673-b643-45a5-be39-c4a3275d71a0 [3mplatform[0m[2m=[0mPolymarket [3mbid[0m[2m=[0m0.4 [3mask[0m[2m=[0m0.41 [3mmid[0m[2m=[0m0.4050 [3mbid_size[0m[2m=[0m4582.15 [3mask_size[0m[2m=[0m162.54
[2m2026-04-12T20:18:01.144190Z[0m [34mDEBUG[0m [2mmercury::engine::detector[0m[2m:[0m No arb pairs registered for market — skipping detection [3mmarket_id[0m[2m=[0m189bf673-b643-45a5-be39-c4a3275d71a0
[2m2026-04-12T20:18:01.147946Z[0m [34mDEBUG[0m [2mmercury::engine::market_actor[0m[2m:[0m Tick received — running arb detection [3mmarket_id[0m[2m=[0m2285bae6-253b-4085-b0d1-0af34b5530b6 [3mplatform[0m[2m=[0mPolymarket [3mbid[0m[2m=[0m0.4 [3mask[0m[2m=[0m0.41 [3mmid[0m[2m=[0m0.4050 [3mbid_size[0m[2m=[0m5.4 [3mask_size[0m[2m=[0m83.3
[2m2026-04-12T20:18:01.148183Z[0m [34mDEBUG[0m [2mmercury::engine::detector[0m[2m:[0m No arb pairs registered for market — skipping detection [3mmarket_id[0m[2m=[0m2285bae6-253b-4085-b0d1-0af34b5530b6
[2m2026-04-12T20:18:01.241627Z[0m [34mDEBUG[0m [2mmercury::engine::market_actor[0m[2m:[0m Tick received — running arb detection [3mmarket_id[0m[2m=[0m189bf673-b643-45a5-be39-c4a3275d71a0 [3mplatform[0m[2m=[0mPolymarket [3mbid[0m[2m=[0m0.4 [3mask[0m[2m=[0m0.41 [3mmid[0m[2m=[0m0.4050 [3mbid_size[0m[2m=[0m4582.15 [3mask_size[0m[2m=[0m162.54
[2m2026-04-12T20:18:01.241726Z[0m [34mDEBUG[0m [2mmercury::feeds::polymarket[0m[2m:[0m Unknown Polymarket event type [3mevent_type[0m[2m=[0mbest_bid_ask
[2m2026-04-12T20:18:01.241781Z[0m [34mDEBUG[0m [2mmercury::engine::detector[0m[2m:[0m No arb pairs registered for market — skipping detection [3mmarket_id[0m[2m=[0m189bf673-b643-45a5-be39-c4a3275d71a0
[2m2026-04-12T20:18:01.241935Z[0m [34mDEBUG[0m [2mmercury::engine::market_actor[0m[2m:[0m Tick received — running arb detection [3mmarket_id[0m[2m=[0m39a28b31-a7f7-4e16-b2f1-1e1948be289c [3mplatform[0m[2m=[0mPolymarket [3mbid[0m[2m=[0m0.4 [3mask[0m[2m=[0m0.41 [3mmid[0m[2m=[0m0.4050 [3mbid_size[0m[2m=[0m323.14 [3mask_size[0m[2m=[0m90.52
[2m2026-04-12T20:18:01.242024Z[0m [34mDEBUG[0m [2mmercury::engine::detector[0m[2m:[0m No arb pairs registered for market — skipping detection [3mmarket_id[0m[2m=[0m39a28b31-a7f7-4e16-b2f1-1e1948be289c
[2m2026-04-12T20:18:01.242321Z[0m [34mDEBUG[0m [2mmercury::engine::market_actor[0m[2m:[0m Tick received — running arb detection [3mmarket_id[0m[2m=[0m39a28b31-a7f7-4e16-b2f1-1e1948be289c [3mplatform[0m[2m=[0mPolymarket [3mbid[0m[2m=[0m0.4 [3mask[0m[2m=[0m0.41 [3mmid[0m[2m=[0m0.4050 [3mbid_size[0m[2m=[0m323.14 [3mask_size[0m[2m=[0m90.52
[2m2026-04-12T20:18:01.242396Z[0m [34mDEBUG[0m [2mmercury::engine::market_actor[0m[2m:[0m Tick received — running arb detection [3mmarket_id[0m[2m=[0m2285bae6-253b-4085-b0d1-0af34b5530b6 [3mplatform[0m[2m=[0mPolymarket [3mbid[0m[2m=[0m0.4 [3mask[0m[2m=[0m0.41 [3mmid[0m[2m=[0m0.4050 [3mbid_size[0m[2m=[0m5.4 [3mask_size[0m[2m=[0m83.3
[2m2026-04-12T20:18:01.242418Z[0m [34mDEBUG[0m [2mmercury::engine::detector[0m[2m:[0m No arb pairs registered for market — skipping detection [3mmarket_id[0m[2m=[0m39a28b31-a7f7-4e16-b2f1-1e1948be289c
[2m2026-04-12T20:18:01.242522Z[0m [34mDEBUG[0m [2mmercury::engine::market_actor[0m[2m:[0m Tick received — running arb detection [3mmarket_id[0m[2m=[0m39a28b31-a7f7-4e16-b2f1-1e1948be289c [3mplatform[0m[2m=[0mPolymarket [3mbid[0m[2m=[0m0.4 [3mask[0m[2m=[0m0.41 [3mmid[0m[2m=[0m0.4050 [3mbid_size[0m[2m=[0m323.14 [3mask_size[0m[2m=[0m90.52
[2m2026-04-12T20:18:01.242538Z[0m [34mDEBUG[0m [2mmercury::engine::detector[0m[2m:[0m No arb pairs registered for market — skipping detection [3mmarket_id[0m[2m=[0m2285bae6-253b-4085-b0d1-0af34b5530b6
[2m2026-04-12T20:18:01.242636Z[0m [34mDEBUG[0m [2mmercury::engine::detector[0m[2m:[0m No arb pairs registered for market — skipping detection [3mmarket_id[0m[2m=[0m39a28b31-a7f7-4e16-b2f1-1e1948be289c
[2m2026-04-12T20:18:01.242706Z[0m [34mDEBUG[0m [2mmercury::engine::market_actor[0m[2m:[0m Tick received — running arb detection [3mmarket_id[0m[2m=[0m39a28b31-a7f7-4e16-b2f1-1e1948be289c [3mplatform[0m[2m=[0mPolymarket [3mbid[0m[2m=[0m0.4 [3mask[0m[2m=[0m0.41 [3mmid[0m[2m=[0m0.4050 [3mbid_size[0m[2m=[0m323.14 [3mask_size[0m[2m=[0m90.52
[2m2026-04-12T20:18:01.242789Z[0m [34mDEBUG[0m [2mmercury::engine::detector[0m[2m:[0m No arb pairs registered for market — skipping detection [3mmarket_id[0m[2m=[0m39a28b31-a7f7-4e16-b2f1-1e1948be289c
[2m2026-04-12T20:18:01.243772Z[0m [34mDEBUG[0m [2mmercury::engine::market_actor[0m[2m:[0m Tick received — running arb detection [3mmarket_id[0m[2m=[0m189bf673-b643-45a5-be39-c4a3275d71a0 [3mplatform[0m[2m=[0mPolymarket [3mbid[0m[2m=[0m0.4 [3mask[0m[2m=[0m0.41 [3mmid[0m[2m=[0m0.4050 [3mbid_size[0m[2m=[0m4582.15 [3mask_size[0m[2m=[0m162.54
[2m2026-04-12T20:18:01.243872Z[0m [34mDEBUG[0m [2mmercury::engine::detector[0m[2m:[0m No arb pairs registered for market — skipping detection [3mmarket_id[0m[2m=[0m189bf673-b643-45a5-be39-c4a3275d71a0
[2m2026-04-12T20:18:01.350831Z[0m [34mDEBUG[0m [2mmercury::engine::market_actor[0m[2m:[0m Tick received — running arb detection [3mmarket_id[0m[2m=[0m2285bae6-253b-4085-b0d1-0af34b5530b6 [3mplatform[0m[2m=[0mPolymarket [3mbid[0m[2m=[0m0.4 [3mask[0m[2m=[0m0.41 [3mmid[0m[2m=[0m0.4050 [3mbid_size[0m[2m=[0m5.4 [3mask_size[0m[2m=[0m83.3
[2m2026-04-12T20:18:01.350843Z[0m [34mDEBUG[0m [2mmercury::engine::market_actor[0m[2m:[0m Tick received — running arb detection [3mmarket_id[0m[2m=[0m189bf673-b643-45a5-be39-c4a3275d71a0 [3mplatform[0m[2m=[0mPolymarket [3mbid[0m[2m=[0m0.4 [3mask[0m[2m=[0m0.41 [3mmid[0m[2m=[0m0.4050 [3mbid_size[0m[2m=[0m4582.15 [3mask_size[0m[2m=[0m162.54
[2m2026-04-12T20:18:01.351030Z[0m [34mDEBUG[0m [2mmercury::feeds::polymarket[0m[2m:[0m Unknown Polymarket event type [3mevent_type[0m[2m=[0mbest_bid_ask
[2m2026-04-12T20:18:01.351043Z[0m [34mDEBUG[0m [2mmercury::engine::market_actor[0m[2m:[0m Tick received — running arb detection [3mmarket_id[0m[2m=[0m39a28b31-a7f7-4e16-b2f1-1e1948be289c [3mplatform[0m[2m=[0mPolymarket [3mbid[0m[2m=[0m0.4 [3mask[0m[2m=[0m0.41 [3mmid[0m[2m=[0m0.4050 [3mbid_size[0m[2m=[0m323.14 [3mask_size[0m[2m=[0m141.28
[2m2026-04-12T20:18:01.351078Z[0m [34mDEBUG[0m [2mmercury::engine::detector[0m[2m:[0m No arb pairs registered for market — skipping detection [3mmarket_id[0m[2m=[0m2285bae6-253b-4085-b0d1-0af34b5530b6
[2m2026-04-12T20:18:01.351356Z[0m [34mDEBUG[0m [2mmercury::engine::detector[0m[2m:[0m No arb pairs registered for market — skipping detection [3mmarket_id[0m[2m=[0m189bf673-b643-45a5-be39-c4a3275d71a0
[2m2026-04-12T20:18:01.351535Z[0m [34mDEBUG[0m [2mmercury::engine::market_actor[0m[2m:[0m Tick received — running arb detection [3mmarket_id[0m[2m=[0m189bf673-b643-45a5-be39-c4a3275d71a0 [3mplatform[0m[2m=[0mPolymarket [3mbid[0m[2m=[0m0.4 [3mask[0m[2m=[0m0.41 [3mmid[0m[2m=[0m0.4050 [3mbid_size[0m[2m=[0m4582.15 [3mask_size[0m[2m=[0m162.54
[2m2026-04-12T20:18:01.351545Z[0m [34mDEBUG[0m [2mmercury::engine::detector[0m[2m:[0m No arb pairs registered for market — skipping detection [3mmarket_id[0m[2m=[0m39a28b31-a7f7-4e16-b2f1-1e1948be289c
[2m2026-04-12T20:18:01.351826Z[0m [34mDEBUG[0m [2mmercury::engine::detector[0m[2m:[0m No arb pairs registered for market — skipping detection [3mmarket_id[0m[2m=[0m189bf673-b643-45a5-be39-c4a3275d71a0
[2m2026-04-12T20:18:01.351969Z[0m [34mDEBUG[0m [2mmercury::engine::market_actor[0m[2m:[0m Tick received — running arb detection [3mmarket_id[0m[2m=[0m189bf673-b643-45a5-be39-c4a3275d71a0 [3mplatform[0m[2m=[0mPolymarket [3mbid[0m[2m=[0m0.4 [3mask[0m[2m=[0m0.41 [3mmid[0m[2m=[0m0.4050 [3mbid_size[0m[2m=[0m4576.23 [3mask_size[0m[2m=[0m162.54
[2m2026-04-12T20:18:01.352081Z[0m [34mDEBUG[0m [2mmercury::engine::detector[0m[2m:[0m No arb pairs registered for market — skipping detection [3mmarket_id[0m[2m=[0m189bf673-b643-45a5-be39-c4a3275d71a0
[2m2026-04-12T20:18:01.352155Z[0m [34mDEBUG[0m [2mmercury::engine::market_actor[0m[2m:[0m Tick received — running arb detection [3mmarket_id[0m[2m=[0m189bf673-b643-45a5-be39-c4a3275d71a0 [3mplatform[0m[2m=[0mPolymarket [3mbid[0m[2m=[0m0.4 [3mask[0m[2m=[0m0.41 [3mmid[0m[2m=[0m0.4050 [3mbid_size[0m[2m=[0m4576.23 [3mask_size[0m[2m=[0m162.54
[2m2026-04-12T20:18:01.352240Z[0m [34mDEBUG[0m [2mmercury::engine::detector[0m[2m:[0m No arb pairs registered for market — skipping detection [3mmarket_id[0m[2m=[0m189bf673-b643-45a5-be39-c4a3275d71a0
[2m2026-04-12T20:18:01.352289Z[0m [34mDEBUG[0m [2mmercury::engine::market_actor[0m[2m:[0m Tick received — running arb detection [3mmarket_id[0m[2m=[0m189bf673-b643-45a5-be39-c4a3275d71a0 [3mplatform[0m[2m=[0mPolymarket [3mbid[0m[2m=[0m0.4 [3mask[0m[2m=[0m0.41 [3mmid[0m[2m=[0m0.4050 [3mbid_size[0m[2m=[0m4576.23 [3mask_size[0m[2m=[0m162.54
[2m2026-04-12T20:18:01.352356Z[0m [34mDEBUG[0m [2mmercury::engine::detector[0m[2m:[0m No arb pairs registered for market — skipping detection [3mmarket_id[0m[2m=[0m189bf673-b643-45a5-be39-c4a3275d71a0
[2m2026-04-12T20:18:01.391817Z[0m [34mDEBUG[0m [2mmercury::engine::market_actor[0m[2m:[0m Tick received — running arb detection [3mmarket_id[0m[2m=[0m189bf673-b643-45a5-be39-c4a3275d71a0 [3mplatform[0m[2m=[0mPolymarket [3mbid[0m[2m=[0m0.4 [3mask[0m[2m=[0m0.41 [3mmid[0m[2m=[0m0.4050 [3mbid_size[0m[2m=[0m4576.23 [3mask_size[0m[2m=[0m162.54
[2m2026-04-12T20:18:01.391978Z[0m [34mDEBUG[0m [2mmercury::engine::detector[0m[2m:[0m No arb pairs registered for market — skipping detection [3mmarket_id[0m[2m=[0m189bf673-b643-45a5-be39-c4a3275d71a0
[2m2026-04-12T20:18:01.397676Z[0m [34mDEBUG[0m [2mmercury::feeds::polymarket[0m[2m:[0m Unknown Polymarket event type [3mevent_type[0m[2m=[0mbest_bid_ask
[2m2026-04-12T20:18:01.398259Z[0m [34mDEBUG[0m [2mmercury::engine::market_actor[0m[2m:[0m Tick received — running arb detection [3mmarket_id[0m[2m=[0m2285bae6-253b-4085-b0d1-0af34b5530b6 [3mplatform[0m[2m=[0mPolymarket [3mbid[0m[2m=[0m0.4 [3mask[0m[2m=[0m0.41 [3mmid[0m[2m=[0m0.4050 [3mbid_size[0m[2m=[0m5.4 [3mask_size[0m[2m=[0m77.86
[2m2026-04-12T20:18:01.398510Z[0m [34mDEBUG[0m [2mmercury::engine::detector[0m[2m:[0m No arb pairs registered for market — skipping detection [3mmarket_id[0m[2m=[0m2285bae6-253b-4085-b0d1-0af34b5530b6
[2m2026-04-12T20:18:01.398910Z[0m [34mDEBUG[0m [2mmercury::engine::market_actor[0m[2m:[0m Tick received — running arb detection [3mmarket_id[0m[2m=[0m2285bae6-253b-4085-b0d1-0af34b5530b6 [3mplatform[0m[2m=[0mPolymarket [3mbid[0m[2m=[0m0.4 [3mask[0m[2m=[0m0.41 [3mmid[0m[2m=[0m0.4050 [3mbid_size[0m[2m=[0m5.4 [3mask_size[0m[2m=[0m77.86
[2m2026-04-12T20:18:01.399061Z[0m [34mDEBUG[0m [2mmercury::engine::detector[0m[2m:[0m No arb pairs registered for market — skipping detection [3mmarket_id[0m[2m=[0m2285bae6-253b-4085-b0d1-0af34b5530b6
[2m2026-04-12T20:18:01.399132Z[0m [34mDEBUG[0m [2mmercury::engine::market_actor[0m[2m:[0m Tick received — running arb detection [3mmarket_id[0m[2m=[0m189bf673-b643-45a5-be39-c4a3275d71a0 [3mplatform[0m[2m=[0mPolymarket [3mbid[0m[2m=[0m0.4 [3mask[0m[2m=[0m0.41 [3mmid[0m[2m=[0m0.4050 [3mbid_size[0m[2m=[0m4576.23 [3mask_size[0m[2m=[0m162.54
[2m2026-04-12T20:18:01.399336Z[0m [34mDEBUG[0m [2mmercury::engine::detector[0m[2m:[0m No arb pairs registered for market — skipping detection [3mmarket_id[0m[2m=[0m189bf673-b643-45a5-be39-c4a3275d71a0
[2m2026-04-12T20:18:01.453585Z[0m [34mDEBUG[0m [2mmercury::engine::market_actor[0m[2m:[0m Tick received — running arb detection [3mmarket_id[0m[2m=[0m189bf673-b643-45a5-be39-c4a3275d71a0 [3mplatform[0m[2m=[0mPolymarket [3mbid[0m[2m=[0m0.4 [3mask[0m[2m=[0m0.41 [3mmid[0m[2m=[0m0.4050 [3mbid_size[0m[2m=[0m4576.23 [3mask_size[0m[2m=[0m162.54
[2m2026-04-12T20:18:01.453744Z[0m [34mDEBUG[0m [2mmercury::engine::detector[0m[2m:[0m No arb pairs registered for market — skipping detection [3mmarket_id[0m[2m=[0m189bf673-b643-45a5-be39-c4a3275d71a0
[2m2026-04-12T20:18:01.453799Z[0m [34mDEBUG[0m [2mmercury::engine::market_actor[0m[2m:[0m Tick received — running arb detection [3mmarket_id[0m[2m=[0m189bf673-b643-45a5-be39-c4a3275d71a0 [3mplatform[0m[2m=[0mPolymarket [3mbid[0m[2m=[0m0.4 [3mask[0m[2m=[0m0.41 [3mmid[0m[2m=[0m0.4050 [3mbid_size[0m[2m=[0m4576.23 [3mask_size[0m[2m=[0m162.54
[2m2026-04-12T20:18:01.453867Z[0m [34mDEBUG[0m [2mmercury::engine::detector[0m[2m:[0m No arb pairs registered for market — skipping detection [3mmarket_id[0m[2m=[0m189bf673-b643-45a5-be39-c4a3275d71a0
[2m2026-04-12T20:18:01.494321Z[0m [34mDEBUG[0m [2mmercury::feeds::polymarket[0m[2m:[0m Unknown Polymarket event type [3mevent_type[0m[2m=[0mbest_bid_ask
[2m2026-04-12T20:18:01.494697Z[0m [34mDEBUG[0m [2mmercury::engine::market_actor[0m[2m:[0m Tick received — running arb detection [3mmarket_id[0m[2m=[0m189bf673-b643-45a5-be39-c4a3275d71a0 [3mplatform[0m[2m=[0mPolymarket [3mbid[0m[2m=[0m0.4 [3mask[0m[2m=[0m0.41 [3mmid[0m[2m=[0m0.4050 [3mbid_size[0m[2m=[0m4571.23 [3mask_size[0m[2m=[0m162.54
[2m2026-04-12T20:18:01.494843Z[0m [34mDEBUG[0m [2mmercury::engine::detector[0m[2m:[0m No arb pairs registered for market — skipping detection [3mmarket_id[0m[2m=[0m189bf673-b643-45a5-be39-c4a3275d71a0
[2m2026-04-12T20:18:01.495066Z[0m [34mDEBUG[0m [2mmercury::engine::market_actor[0m[2m:[0m Tick received — running arb detection [3mmarket_id[0m[2m=[0m189bf673-b643-45a5-be39-c4a3275d71a0 [3mplatform[0m[2m=[0mPolymarket [3mbid[0m[2m=[0m0.4 [3mask[0m[2m=[0m0.41 [3mmid[0m[2m=[0m0.4050 [3mbid_size[0m[2m=[0m4571.23 [3mask_size[0m[2m=[0m162.54
[2m2026-04-12T20:18:01.495233Z[0m [34mDEBUG[0m [2mmercury::engine::detector[0m[2m:[0m No arb pairs registered for market — skipping detection [3mmarket_id[0m[2m=[0m189bf673-b643-45a5-be39-c4a3275d71a0
[2m2026-04-12T20:18:01.862696Z[0m [34mDEBUG[0m [2mmercury::feeds::polymarket[0m[2m:[0m Unknown Polymarket event type [3mevent_type[0m[2m=[0mbest_bid_ask
[2m2026-04-12T20:18:01.863117Z[0m [34mDEBUG[0m [2mmercury::engine::market_actor[0m[2m:[0m Tick received — running arb detection [3mmarket_id[0m[2m=[0m189bf673-b643-45a5-be39-c4a3275d71a0 [3mplatform[0m[2m=[0mPolymarket [3mbid[0m[2m=[0m0.4 [3mask[0m[2m=[0m0.41 [3mmid[0m[2m=[0m0.4050 [3mbid_size[0m[2m=[0m4571.23 [3mask_size[0m[2m=[0m60.1
[2m2026-04-12T20:18:01.863247Z[0m [34mDEBUG[0m [2mmercury::engine::detector[0m[2m:[0m No arb pairs registered for market — skipping detection [3mmarket_id[0m[2m=[0m189bf673-b643-45a5-be39-c4a3275d71a0
[2m2026-04-12T20:18:01.863590Z[0m [34mDEBUG[0m [2mmercury::engine::market_actor[0m[2m:[0m Tick received — running arb detection [3mmarket_id[0m[2m=[0m189bf673-b643-45a5-be39-c4a3275d71a0 [3mplatform[0m[2m=[0mPolymarket [3mbid[0m[2m=[0m0.4 [3mask[0m[2m=[0m0.41 [3mmid[0m[2m=[0m0.4050 [3mbid_size[0m[2m=[0m4571.23 [3mask_size[0m[2m=[0m60.1
[2m2026-04-12T20:18:01.863743Z[0m [34mDEBUG[0m [2mmercury::engine::detector[0m[2m:[0m No arb pairs registered for market — skipping detection [3mmarket_id[0m[2m=[0m189bf673-b643-45a5-be39-c4a3275d71a0
[2m2026-04-12T20:18:01.863897Z[0m [34mDEBUG[0m [2mmercury::engine::market_actor[0m[2m:[0m Tick received — running arb detection [3mmarket_id[0m[2m=[0m2285bae6-253b-4085-b0d1-0af34b5530b6 [3mplatform[0m[2m=[0mPolymarket [3mbid[0m[2m=[0m0.4 [3mask[0m[2m=[0m0.41 [3mmid[0m[2m=[0m0.4050 [3mbid_size[0m[2m=[0m5.4 [3mask_size[0m[2m=[0m68.86
[2m2026-04-12T20:18:01.864081Z[0m [34mDEBUG[0m [2mmercury::engine::detector[0m[2m:[0m No arb pairs registered for market — skipping detection [3mmarket_id[0m[2m=[0m2285bae6-253b-4085-b0d1-0af34b5530b6
[2m2026-04-12T20:18:01.864178Z[0m [34mDEBUG[0m [2mmercury::engine::market_actor[0m[2m:[0m Tick received — running arb detection [3mmarket_id[0m[2m=[0m189bf673-b643-45a5-be39-c4a3275d71a0 [3mplatform[0m[2m=[0mPolymarket [3mbid[0m[2m=[0m0.4 [3mask[0m[2m=[0m0.41 [3mmid[0m[2m=[0m0.4050 [3mbid_size[0m[2m=[0m4737.94 [3mask_size[0m[2m=[0m60.1
[2m2026-04-12T20:18:01.864362Z[0m [34mDEBUG[0m [2mmercury::engine::detector[0m[2m:[0m No arb pairs registered for market — skipping detection [3mmarket_id[0m[2m=[0m189bf673-b643-45a5-be39-c4a3275d71a0
[2m2026-04-12T20:18:01.864363Z[0m [34mDEBUG[0m [2mmercury::feeds::polymarket[0m[2m:[0m Unknown Polymarket event type [3mevent_type[0m[2m=[0mbest_bid_ask
[2m2026-04-12T20:18:01.864502Z[0m [34mDEBUG[0m [2mmercury::engine::market_actor[0m[2m:[0m Tick received — running arb detection [3mmarket_id[0m[2m=[0m189bf673-b643-45a5-be39-c4a3275d71a0 [3mplatform[0m[2m=[0mPolymarket [3mbid[0m[2m=[0m0.4 [3mask[0m[2m=[0m0.41 [3mmid[0m[2m=[0m0.4050 [3mbid_size[0m[2m=[0m4737.94 [3mask_size[0m[2m=[0m160.1
[2m2026-04-12T20:18:01.864717Z[0m [34mDEBUG[0m [2mmercury::engine::detector[0m[2m:[0m No arb pairs registered for market — skipping detection [3mmarket_id[0m[2m=[0m189bf673-b643-45a5-be39-c4a3275d71a0
[2m2026-04-12T20:18:01.864800Z[0m [34mDEBUG[0m [2mmercury::engine::market_actor[0m[2m:[0m Tick received — running arb detection [3mmarket_id[0m[2m=[0m189bf673-b643-45a5-be39-c4a3275d71a0 [3mplatform[0m[2m=[0mPolymarket [3mbid[0m[2m=[0m0.4 [3mask[0m[2m=[0m0.41 [3mmid[0m[2m=[0m0.4050 [3mbid_size[0m[2m=[0m4737.94 [3mask_size[0m[2m=[0m160.1
[2m2026-04-12T20:18:01.864840Z[0m [34mDEBUG[0m [2mmercury::engine::market_actor[0m[2m:[0m Tick received — running arb detection [3mmarket_id[0m[2m=[0m39a28b31-a7f7-4e16-b2f1-1e1948be289c [3mplatform[0m[2m=[0mPolymarket [3mbid[0m[2m=[0m0.4 [3mask[0m[2m=[0m0.41 [3mmid[0m[2m=[0m0.4050 [3mbid_size[0m[2m=[0m282.82 [3mask_size[0m[2m=[0m141.28
[2m2026-04-12T20:18:01.864893Z[0m [34mDEBUG[0m [2mmercury::engine::detector[0m[2m:[0m No arb pairs registered for market — skipping detection [3mmarket_id[0m[2m=[0m189bf673-b643-45a5-be39-c4a3275d71a0
[2m2026-04-12T20:18:01.865022Z[0m [34mDEBUG[0m [2mmercury::engine::detector[0m[2m:[0m No arb pairs registered for market — skipping detection [3mmarket_id[0m[2m=[0m39a28b31-a7f7-4e16-b2f1-1e1948be289c
[2m2026-04-12T20:18:01.865508Z[0m [34mDEBUG[0m [2mmercury::engine::market_actor[0m[2m:[0m Tick received — running arb detection [3mmarket_id[0m[2m=[0m39a28b31-a7f7-4e16-b2f1-1e1948be289c [3mplatform[0m[2m=[0mPolymarket [3mbid[0m[2m=[0m0.4 [3mask[0m[2m=[0m0.41 [3mmid[0m[2m=[0m0.4050 [3mbid_size[0m[2m=[0m282.82 [3mask_size[0m[2m=[0m141.28
[2m2026-04-12T20:18:01.865597Z[0m [34mDEBUG[0m [2mmercury::feeds::polymarket[0m[2m:[0m Unknown Polymarket event type [3mevent_type[0m[2m=[0mbest_bid_ask
[2m2026-04-12T20:18:01.865706Z[0m [34mDEBUG[0m [2mmercury::engine::market_actor[0m[2m:[0m Tick received — running arb detection [3mmarket_id[0m[2m=[0m189bf673-b643-45a5-be39-c4a3275d71a0 [3mplatform[0m[2m=[0mPolymarket [3mbid[0m[2m=[0m0.4 [3mask[0m[2m=[0m0.41 [3mmid[0m[2m=[0m0.4050 [3mbid_size[0m[2m=[0m4737.94 [3mask_size[0m[2m=[0m160.1
[2m2026-04-12T20:18:01.865765Z[0m [34mDEBUG[0m [2mmercury::engine::detector[0m[2m:[0m No arb pairs registered for market — skipping detection [3mmarket_id[0m[2m=[0m39a28b31-a7f7-4e16-b2f1-1e1948be289c
[2m2026-04-12T20:18:01.865983Z[0m [34mDEBUG[0m [2mmercury::engine::detector[0m[2m:[0m No arb pairs registered for market — skipping detection [3mmarket_id[0m[2m=[0m189bf673-b643-45a5-be39-c4a3275d71a0
[2m2026-04-12T20:18:01.866007Z[0m [34mDEBUG[0m [2mmercury::engine::market_actor[0m[2m:[0m Tick received — running arb detection [3mmarket_id[0m[2m=[0m39a28b31-a7f7-4e16-b2f1-1e1948be289c [3mplatform[0m[2m=[0mPolymarket [3mbid[0m[2m=[0m0.4 [3mask[0m[2m=[0m0.41 [3mmid[0m[2m=[0m0.4050 [3mbid_size[0m[2m=[0m272.48 [3mask_size[0m[2m=[0m141.28
[2m2026-04-12T20:18:01.866124Z[0m [34mDEBUG[0m [2mmercury::engine::detector[0m[2m:[0m No arb pairs registered for market — skipping detection [3mmarket_id[0m[2m=[0m39a28b31-a7f7-4e16-b2f1-1e1948be289c
[2m2026-04-12T20:18:01.866528Z[0m [34mDEBUG[0m [2mmercury::engine::market_actor[0m[2m:[0m Tick received — running arb detection [3mmarket_id[0m[2m=[0m39a28b31-a7f7-4e16-b2f1-1e1948be289c [3mplatform[0m[2m=[0mPolymarket [3mbid[0m[2m=[0m0.4 [3mask[0m[2m=[0m0.41 [3mmid[0m[2m=[0m0.4050 [3mbid_size[0m[2m=[0m272.48 [3mask_size[0m[2m=[0m141.28
[2m2026-04-12T20:18:01.866676Z[0m [34mDEBUG[0m [2mmercury::engine::detector[0m[2m:[0m No arb pairs registered for market — skipping detection [3mmarket_id[0m[2m=[0m39a28b31-a7f7-4e16-b2f1-1e1948be289c
[2m2026-04-12T20:18:01.866829Z[0m [34mDEBUG[0m [2mmercury::engine::market_actor[0m[2m:[0m Tick received — running arb detection [3mmarket_id[0m[2m=[0m39a28b31-a7f7-4e16-b2f1-1e1948be289c [3mplatform[0m[2m=[0mPolymarket [3mbid[0m[2m=[0m0.4 [3mask[0m[2m=[0m0.41 [3mmid[0m[2m=[0m0.4050 [3mbid_size[0m[2m=[0m272.48 [3mask_size[0m[2m=[0m141.28
[2m2026-04-12T20:18:01.866837Z[0m [34mDEBUG[0m [2mmercury::engine::market_actor[0m[2m:[0m Tick received — running arb detection [3mmarket_id[0m[2m=[0m189bf673-b643-45a5-be39-c4a3275d71a0 [3mplatform[0m[2m=[0mPolymarket [3mbid[0m[2m=[0m0.4 [3mask[0m[2m=[0m0.41 [3mmid[0m[2m=[0m0.4050 [3mbid_size[0m[2m=[0m4737.94 [3mask_size[0m[2m=[0m160.1
[2m2026-04-12T20:18:01.867012Z[0m [34mDEBUG[0m [2mmercury::engine::detector[0m[2m:[0m No arb pairs registered for market — skipping detection [3mmarket_id[0m[2m=[0m39a28b31-a7f7-4e16-b2f1-1e1948be289c
[2m2026-04-12T20:18:01.867169Z[0m [34mDEBUG[0m [2mmercury::engine::detector[0m[2m:[0m No arb pairs registered for market — skipping detection [3mmarket_id[0m[2m=[0m189bf673-b643-45a5-be39-c4a3275d71a0
[2m2026-04-12T20:18:01.867267Z[0m [34mDEBUG[0m [2mmercury::engine::market_actor[0m[2m:[0m Tick received — running arb detection [3mmarket_id[0m[2m=[0m189bf673-b643-45a5-be39-c4a3275d71a0 [3mplatform[0m[2m=[0mPolymarket [3mbid[0m[2m=[0m0.4 [3mask[0m[2m=[0m0.41 [3mmid[0m[2m=[0m0.4050 [3mbid_size[0m[2m=[0m4737.94 [3mask_size[0m[2m=[0m160.1
[2m2026-04-12T20:18:01.867424Z[0m [34mDEBUG[0m [2mmercury::engine::detector[0m[2m:[0m No arb pairs registered for market — skipping detection [3mmarket_id[0m[2m=[0m189bf673-b643-45a5-be39-c4a3275d71a0
[2m2026-04-12T20:18:01.867473Z[0m [34mDEBUG[0m [2mmercury::engine::market_actor[0m[2m:[0m Tick received — running arb detection [3mmarket_id[0m[2m=[0m189bf673-b643-45a5-be39-c4a3275d71a0 [3mplatform[0m[2m=[0mPolymarket [3mbid[0m[2m=[0m0.4 [3mask[0m[2m=[0m0.41 [3mmid[0m[2m=[0m0.4050 [3mbid_size[0m[2m=[0m4737.94 [3mask_size[0m[2m=[0m160.1
[2m2026-04-12T20:18:01.867580Z[0m [34mDEBUG[0m [2mmercury::engine::detector[0m[2m:[0m No arb pairs registered for market — skipping detection [3mmarket_id[0m[2m=[0m189bf673-b643-45a5-be39-c4a3275d71a0
[2m2026-04-12T20:18:01.867673Z[0m [34mDEBUG[0m [2mmercury::engine::market_actor[0m[2m:[0m Tick received — running arb detection [3mmarket_id[0m[2m=[0m189bf673-b643-45a5-be39-c4a3275d71a0 [3mplatform[0m[2m=[0mPolymarket [3mbid[0m[2m=[0m0.4 [3mask[0m[2m=[0m0.41 [3mmid[0m[2m=[0m0.4050 [3mbid_size[0m[2m=[0m4737.94 [3mask_size[0m[2m=[0m160.1
[2m2026-04-12T20:18:01.867780Z[0m [34mDEBUG[0m [2mmercury::engine::detector[0m[2m:[0m No arb pairs registered for market — skipping detection [3mmarket_id[0m[2m=[0m189bf673-b643-45a5-be39-c4a3275d71a0
[2m2026-04-12T20:18:02.006415Z[0m [34mDEBUG[0m [2mmercury::engine::market_actor[0m[2m:[0m Tick received — running arb detection [3mmarket_id[0m[2m=[0mbc548cd4-ced9-48e8-b131-410c92fb3a0e [3mplatform[0m[2m=[0mPolymarket [3mbid[0m[2m=[0m0.44 [3mask[0m[2m=[0m0.46 [3mmid[0m[2m=[0m0.45 [3mbid_size[0m[2m=[0m2.32 [3mask_size[0m[2m=[0m126.3
[2m2026-04-12T20:18:02.006561Z[0m [34mDEBUG[0m [2mmercury::engine::market_actor[0m[2m:[0m Tick received — running arb detection [3mmarket_id[0m[2m=[0m189bf673-b643-45a5-be39-c4a3275d71a0 [3mplatform[0m[2m=[0mPolymarket [3mbid[0m[2m=[0m0.4 [3mask[0m[2m=[0m0.41 [3mmid[0m[2m=[0m0.4050 [3mbid_size[0m[2m=[0m4737.94 [3mask_size[0m[2m=[0m160.1
[2m2026-04-12T20:18:02.006451Z[0m [34mDEBUG[0m [2mmercury::engine::market_actor[0m[2m:[0m Tick received — running arb detection [3mmarket_id[0m[2m=[0m39a28b31-a7f7-4e16-b2f1-1e1948be289c [3mplatform[0m[2m=[0mPolymarket [3mbid[0m[2m=[0m0.4 [3mask[0m[2m=[0m0.41 [3mmid[0m[2m=[0m0.4050 [3mbid_size[0m[2m=[0m272.48 [3mask_size[0m[2m=[0m141.28
[2m2026-04-12T20:18:02.006792Z[0m [34mDEBUG[0m [2mmercury::engine::detector[0m[2m:[0m No arb pairs registered for market — skipping detection [3mmarket_id[0m[2m=[0mbc548cd4-ced9-48e8-b131-410c92fb3a0e
[2m2026-04-12T20:18:02.006789Z[0m [34mDEBUG[0m [2mmercury::engine::market_actor[0m[2m:[0m Tick received — running arb detection [3mmarket_id[0m[2m=[0m2285bae6-253b-4085-b0d1-0af34b5530b6 [3mplatform[0m[2m=[0mPolymarket [3mbid[0m[2m=[0m0.4 [3mask[0m[2m=[0m0.41 [3mmid[0m[2m=[0m0.4050 [3mbid_size[0m[2m=[0m5.4 [3mask_size[0m[2m=[0m68.86
[2m2026-04-12T20:18:02.006937Z[0m [34mDEBUG[0m [2mmercury::engine::detector[0m[2m:[0m No arb pairs registered for market — skipping detection [3mmarket_id[0m[2m=[0m189bf673-b643-45a5-be39-c4a3275d71a0
[2m2026-04-12T20:18:02.006933Z[0m [34mDEBUG[0m [2mmercury::engine::market_actor[0m[2m:[0m Tick received — running arb detection [3mmarket_id[0m[2m=[0mbc548cd4-ced9-48e8-b131-410c92fb3a0e [3mplatform[0m[2m=[0mPolymarket [3mbid[0m[2m=[0m0.44 [3mask[0m[2m=[0m0.46 [3mmid[0m[2m=[0m0.45 [3mbid_size[0m[2m=[0m2.32 [3mask_size[0m[2m=[0m126.3
[2m2026-04-12T20:18:02.007158Z[0m [34mDEBUG[0m [2mmercury::engine::market_actor[0m[2m:[0m Tick received — running arb detection [3mmarket_id[0m[2m=[0m189bf673-b643-45a5-be39-c4a3275d71a0 [3mplatform[0m[2m=[0mPolymarket [3mbid[0m[2m=[0m0.4 [3mask[0m[2m=[0m0.41 [3mmid[0m[2m=[0m0.4050 [3mbid_size[0m[2m=[0m4737.94 [3mask_size[0m[2m=[0m160.1
[2m2026-04-12T20:18:02.007169Z[0m [34mDEBUG[0m [2mmercury::engine::detector[0m[2m:[0m No arb pairs registered for market — skipping detection [3mmarket_id[0m[2m=[0m2285bae6-253b-4085-b0d1-0af34b5530b6
[2m2026-04-12T20:18:02.007348Z[0m [34mDEBUG[0m [2mmercury::engine::detector[0m[2m:[0m No arb pairs registered for market — skipping detection [3mmarket_id[0m[2m=[0mbc548cd4-ced9-48e8-b131-410c92fb3a0e
[2m2026-04-12T20:18:02.007567Z[0m [34mDEBUG[0m [2mmercury::engine::detector[0m[2m:[0m No arb pairs registered for market — skipping detection [3mmarket_id[0m[2m=[0m39a28b31-a7f7-4e16-b2f1-1e1948be289c
[2m2026-04-12T20:18:02.007574Z[0m [34mDEBUG[0m [2mmercury::engine::detector[0m[2m:[0m No arb pairs registered for market — skipping detection [3mmarket_id[0m[2m=[0m189bf673-b643-45a5-be39-c4a3275d71a0
[2m2026-04-12T20:18:02.007563Z[0m [34mDEBUG[0m [2mmercury::engine::market_actor[0m[2m:[0m Tick received — running arb detection [3mmarket_id[0m[2m=[0mbc548cd4-ced9-48e8-b131-410c92fb3a0e [3mplatform[0m[2m=[0mPolymarket [3mbid[0m[2m=[0m0.44 [3mask[0m[2m=[0m0.46 [3mmid[0m[2m=[0m0.45 [3mbid_size[0m[2m=[0m2.32 [3mask_size[0m[2m=[0m133.02
[2m2026-04-12T20:18:02.007758Z[0m [34mDEBUG[0m [2mmercury::engine::market_actor[0m[2m:[0m Tick received — running arb detection [3mmarket_id[0m[2m=[0m39a28b31-a7f7-4e16-b2f1-1e1948be289c [3mplatform[0m[2m=[0mPolymarket [3mbid[0m[2m=[0m0.4 [3mask[0m[2m=[0m0.41 [3mmid[0m[2m=[0m0.4050 [3mbid_size[0m[2m=[0m272.48 [3mask_size[0m[2m=[0m141.28
[2m2026-04-12T20:18:02.007881Z[0m [34mDEBUG[0m [2mmercury::engine::detector[0m[2m:[0m No arb pairs registered for market — skipping detection [3mmarket_id[0m[2m=[0mbc548cd4-ced9-48e8-b131-410c92fb3a0e
[2m2026-04-12T20:18:02.007944Z[0m [34mDEBUG[0m [2mmercury::engine::detector[0m[2m:[0m No arb pairs registered for market — skipping detection [3mmarket_id[0m[2m=[0m39a28b31-a7f7-4e16-b2f1-1e1948be289c
[2m2026-04-12T20:18:02.008075Z[0m [34mDEBUG[0m [2mmercury::engine::market_actor[0m[2m:[0m Tick received — running arb detection [3mmarket_id[0m[2m=[0m39a28b31-a7f7-4e16-b2f1-1e1948be289c [3mplatform[0m[2m=[0mPolymarket [3mbid[0m[2m=[0m0.4 [3mask[0m[2m=[0m0.41 [3mmid[0m[2m=[0m0.4050 [3mbid_size[0m[2m=[0m272.48 [3mask_size[0m[2m=[0m141.28
[2m2026-04-12T20:18:02.008166Z[0m [34mDEBUG[0m [2mmercury::engine::detector[0m[2m:[0m No arb pairs registered for market — skipping detection [3mmarket_id[0m[2m=[0m39a28b31-a7f7-4e16-b2f1-1e1948be289c
[2m2026-04-12T20:18:02.008234Z[0m [34mDEBUG[0m [2mmercury::engine::market_actor[0m[2m:[0m Tick received — running arb detection [3mmarket_id[0m[2m=[0m39a28b31-a7f7-4e16-b2f1-1e1948be289c [3mplatform[0m[2m=[0mPolymarket [3mbid[0m[2m=[0m0.4 [3mask[0m[2m=[0m0.41 [3mmid[0m[2m=[0m0.4050 [3mbid_size[0m[2m=[0m272.48 [3mask_size[0m[2m=[0m141.28
[2m2026-04-12T20:18:02.008303Z[0m [34mDEBUG[0m [2mmercury::engine::detector[0m[2m:[0m No arb pairs registered for market — skipping detection [3mmarket_id[0m[2m=[0m39a28b31-a7f7-4e16-b2f1-1e1948be289c
[2m2026-04-12T20:18:02.061071Z[0m [34mDEBUG[0m [2mmercury::engine::market_actor[0m[2m:[0m Tick received — running arb detection [3mmarket_id[0m[2m=[0m39a28b31-a7f7-4e16-b2f1-1e1948be289c [3mplatform[0m[2m=[0mPolymarket [3mbid[0m[2m=[0m0.4 [3mask[0m[2m=[0m0.41 [3mmid[0m[2m=[0m0.4050 [3mbid_size[0m[2m=[0m214.48 [3mask_size[0m[2m=[0m141.28
[2m2026-04-12T20:18:02.061235Z[0m [34mDEBUG[0m [2mmercury::engine::market_actor[0m[2m:[0m Tick received — running arb detection [3mmarket_id[0m[2m=[0mbc548cd4-ced9-48e8-b131-410c92fb3a0e [3mplatform[0m[2m=[0mPolymarket [3mbid[0m[2m=[0m0.44 [3mask[0m[2m=[0m0.46 [3mmid[0m[2m=[0m0.45 [3mbid_size[0m[2m=[0m2.32 [3mask_size[0m[2m=[0m133.02
[2m2026-04-12T20:18:02.061378Z[0m [34mDEBUG[0m [2mmercury::engine::detector[0m[2m:[0m No arb pairs registered for market — skipping detection [3mmarket_id[0m[2m=[0m39a28b31-a7f7-4e16-b2f1-1e1948be289c
[2m2026-04-12T20:18:02.061544Z[0m [34mDEBUG[0m [2mmercury::engine::detector[0m[2m:[0m No arb pairs registered for market — skipping detection [3mmarket_id[0m[2m=[0mbc548cd4-ced9-48e8-b131-410c92fb3a0e
[2m2026-04-12T20:18:02.061535Z[0m [34mDEBUG[0m [2mmercury::engine::market_actor[0m[2m:[0m Tick received — running arb detection [3mmarket_id[0m[2m=[0m39a28b31-a7f7-4e16-b2f1-1e1948be289c [3mplatform[0m[2m=[0mPolymarket [3mbid[0m[2m=[0m0.4 [3mask[0m[2m=[0m0.41 [3mmid[0m[2m=[0m0.4050 [3mbid_size[0m[2m=[0m214.48 [3mask_size[0m[2m=[0m141.28
[2m2026-04-12T20:18:02.061749Z[0m [34mDEBUG[0m [2mmercury::engine::market_actor[0m[2m:[0m Tick received — running arb detection [3mmarket_id[0m[2m=[0mbc548cd4-ced9-48e8-b131-410c92fb3a0e [3mplatform[0m[2m=[0mPolymarket [3mbid[0m[2m=[0m0.44 [3mask[0m[2m=[0m0.46 [3mmid[0m[2m=[0m0.45 [3mbid_size[0m[2m=[0m2.32 [3mask_size[0m[2m=[0m133.02
[2m2026-04-12T20:18:02.061765Z[0m [34mDEBUG[0m [2mmercury::engine::detector[0m[2m:[0m No arb pairs registered for market — skipping detection [3mmarket_id[0m[2m=[0m39a28b31-a7f7-4e16-b2f1-1e1948be289c
[2m2026-04-12T20:18:02.061975Z[0m [34mDEBUG[0m [2mmercury::engine::detector[0m[2m:[0m No arb pairs registered for market — skipping detection [3mmarket_id[0m[2m=[0mbc548cd4-ced9-48e8-b131-410c92fb3a0e
[2m2026-04-12T20:18:02.061968Z[0m [34mDEBUG[0m [2mmercury::engine::market_actor[0m[2m:[0m Tick received — running arb detection [3mmarket_id[0m[2m=[0m39a28b31-a7f7-4e16-b2f1-1e1948be289c [3mplatform[0m[2m=[0mPolymarket [3mbid[0m[2m=[0m0.4 [3mask[0m[2m=[0m0.41 [3mmid[0m[2m=[0m0.4050 [3mbid_size[0m[2m=[0m214.48 [3mask_size[0m[2m=[0m141.28
[2m2026-04-12T20:18:02.062003Z[0m [34mDEBUG[0m [2mmercury::engine::market_actor[0m[2m:[0m Tick received — running arb detection [3mmarket_id[0m[2m=[0m189bf673-b643-45a5-be39-c4a3275d71a0 [3mplatform[0m[2m=[0mPolymarket [3mbid[0m[2m=[0m0.4 [3mask[0m[2m=[0m0.41 [3mmid[0m[2m=[0m0.4050 [3mbid_size[0m[2m=[0m4737.94 [3mask_size[0m[2m=[0m160.1
[2m2026-04-12T20:18:02.062158Z[0m [34mDEBUG[0m [2mmercury::engine::detector[0m[2m:[0m No arb pairs registered for market — skipping detection [3mmarket_id[0m[2m=[0m39a28b31-a7f7-4e16-b2f1-1e1948be289c
[2m2026-04-12T20:18:02.062140Z[0m [34mDEBUG[0m [2mmercury::engine::market_actor[0m[2m:[0m Tick received — running arb detection [3mmarket_id[0m[2m=[0mbc548cd4-ced9-48e8-b131-410c92fb3a0e [3mplatform[0m[2m=[0mPolymarket [3mbid[0m[2m=[0m0.44 [3mask[0m[2m=[0m0.46 [3mmid[0m[2m=[0m0.45 [3mbid_size[0m[2m=[0m2.32 [3mask_size[0m[2m=[0m133.02
[2m2026-04-12T20:18:02.062221Z[0m [34mDEBUG[0m [2mmercury::engine::market_actor[0m[2m:[0m Tick received — running arb detection [3mmarket_id[0m[2m=[0m2285bae6-253b-4085-b0d1-0af34b5530b6 [3mplatform[0m[2m=[0mPolymarket [3mbid[0m[2m=[0m0.4 [3mask[0m[2m=[0m0.41 [3mmid[0m[2m=[0m0.4050 [3mbid_size[0m[2m=[0m5.4 [3mask_size[0m[2m=[0m68.86
[2m2026-04-12T20:18:02.062269Z[0m [34mDEBUG[0m [2mmercury::engine::detector[0m[2m:[0m No arb pairs registered for market — skipping detection [3mmarket_id[0m[2m=[0m189bf673-b643-45a5-be39-c4a3275d71a0
[2m2026-04-12T20:18:02.062272Z[0m [34mDEBUG[0m [2mmercury::engine::market_actor[0m[2m:[0m Tick received — running arb detection [3mmarket_id[0m[2m=[0m39a28b31-a7f7-4e16-b2f1-1e1948be289c [3mplatform[0m[2m=[0mPolymarket [3mbid[0m[2m=[0m0.4 [3mask[0m[2m=[0m0.41 [3mmid[0m[2m=[0m0.4050 [3mbid_size[0m[2m=[0m214.48 [3mask_size[0m[2m=[0m141.28
[2m2026-04-12T20:18:02.062391Z[0m [34mDEBUG[0m [2mmercury::engine::detector[0m[2m:[0m No arb pairs registered for market — skipping detection [3mmarket_id[0m[2m=[0mbc548cd4-ced9-48e8-b131-410c92fb3a0e
[2m2026-04-12T20:18:02.062391Z[0m [34mDEBUG[0m [2mmercury::engine::market_actor[0m[2m:[0m Tick received — running arb detection [3mmarket_id[0m[2m=[0m189bf673-b643-45a5-be39-c4a3275d71a0 [3mplatform[0m[2m=[0mPolymarket [3mbid[0m[2m=[0m0.4 [3mask[0m[2m=[0m0.41 [3mmid[0m[2m=[0m0.4050 [3mbid_size[0m[2m=[0m4737.94 [3mask_size[0m[2m=[0m160.1
[2m2026-04-12T20:18:02.062583Z[0m [34mDEBUG[0m [2mmercury::engine::market_actor[0m[2m:[0m Tick received — running arb detection [3mmarket_id[0m[2m=[0mbc548cd4-ced9-48e8-b131-410c92fb3a0e [3mplatform[0m[2m=[0mPolymarket [3mbid[0m[2m=[0m0.44 [3mask[0m[2m=[0m0.46 [3mmid[0m[2m=[0m0.45 [3mbid_size[0m[2m=[0m2.32 [3mask_size[0m[2m=[0m133.02
[2m2026-04-12T20:18:02.062604Z[0m [34mDEBUG[0m [2mmercury::engine::detector[0m[2m:[0m No arb pairs registered for market — skipping detection [3mmarket_id[0m[2m=[0m39a28b31-a7f7-4e16-b2f1-1e1948be289c
[2m2026-04-12T20:18:02.062602Z[0m [34mDEBUG[0m [2mmercury::engine::detector[0m[2m:[0m No arb pairs registered for market — skipping detection [3mmarket_id[0m[2m=[0m2285bae6-253b-4085-b0d1-0af34b5530b6
[2m2026-04-12T20:18:02.062825Z[0m [34mDEBUG[0m [2mmercury::engine::market_actor[0m[2m:[0m Tick received — running arb detection [3mmarket_id[0m[2m=[0m39a28b31-a7f7-4e16-b2f1-1e1948be289c [3mplatform[0m[2m=[0mPolymarket [3mbid[0m[2m=[0m0.4 [3mask[0m[2m=[0m0.41 [3mmid[0m[2m=[0m0.4050 [3mbid_size[0m[2m=[0m214.48 [3mask_size[0m[2m=[0m141.28
[2m2026-04-12T20:18:02.062941Z[0m [34mDEBUG[0m [2mmercury::engine::detector[0m[2m:[0m No arb pairs registered for market — skipping detection [3mmarket_id[0m[2m=[0m189bf673-b643-45a5-be39-c4a3275d71a0
[2m2026-04-12T20:18:02.063158Z[0m [34mDEBUG[0m [2mmercury::engine::detector[0m[2m:[0m No arb pairs registered for market — skipping detection [3mmarket_id[0m[2m=[0mbc548cd4-ced9-48e8-b131-410c92fb3a0e
[2m2026-04-12T20:18:02.063298Z[0m [34mDEBUG[0m [2mmercury::engine::detector[0m[2m:[0m No arb pairs registered for market — skipping detection [3mmarket_id[0m[2m=[0m39a28b31-a7f7-4e16-b2f1-1e1948be289c
[2m2026-04-12T20:18:02.063431Z[0m [34mDEBUG[0m [2mmercury::engine::market_actor[0m[2m:[0m Tick received — running arb detection [3mmarket_id[0m[2m=[0m39a28b31-a7f7-4e16-b2f1-1e1948be289c [3mplatform[0m[2m=[0mPolymarket [3mbid[0m[2m=[0m0.4 [3mask[0m[2m=[0m0.41 [3mmid[0m[2m=[0m0.4050 [3mbid_size[0m[2m=[0m214.48 [3mask_size[0m[2m=[0m141.28
[2m2026-04-12T20:18:02.063552Z[0m [34mDEBUG[0m [2mmercury::engine::detector[0m[2m:[0m No arb pairs registered for market — skipping detection [3mmarket_id[0m[2m=[0m39a28b31-a7f7-4e16-b2f1-1e1948be289c
[2m2026-04-12T20:18:02.109381Z[0m [34mDEBUG[0m [2mmercury::engine::market_actor[0m[2m:[0m Tick received — running arb detection [3mmarket_id[0m[2m=[0mbc548cd4-ced9-48e8-b131-410c92fb3a0e [3mplatform[0m[2m=[0mPolymarket [3mbid[0m[2m=[0m0.44 [3mask[0m[2m=[0m0.46 [3mmid[0m[2m=[0m0.45 [3mbid_size[0m[2m=[0m2.32 [3mask_size[0m[2m=[0m133.02
[2m2026-04-12T20:18:02.109494Z[0m [34mDEBUG[0m [2mmercury::engine::market_actor[0m[2m:[0m Tick received — running arb detection [3mmarket_id[0m[2m=[0m39a28b31-a7f7-4e16-b2f1-1e1948be289c [3mplatform[0m[2m=[0mPolymarket [3mbid[0m[2m=[0m0.4 [3mask[0m[2m=[0m0.41 [3mmid[0m[2m=[0m0.4050 [3mbid_size[0m[2m=[0m209.48 [3mask_size[0m[2m=[0m141.28
[2m2026-04-12T20:18:02.109669Z[0m [34mDEBUG[0m [2mmercury::engine::detector[0m[2m:[0m No arb pairs registered for market — skipping detection [3mmarket_id[0m[2m=[0mbc548cd4-ced9-48e8-b131-410c92fb3a0e
[2m2026-04-12T20:18:02.109784Z[0m [34mDEBUG[0m [2mmercury::engine::market_actor[0m[2m:[0m Tick received — running arb detection [3mmarket_id[0m[2m=[0mbc548cd4-ced9-48e8-b131-410c92fb3a0e [3mplatform[0m[2m=[0mPolymarket [3mbid[0m[2m=[0m0.44 [3mask[0m[2m=[0m0.46 [3mmid[0m[2m=[0m0.45 [3mbid_size[0m[2m=[0m2.32 [3mask_size[0m[2m=[0m133.02
[2m2026-04-12T20:18:02.109823Z[0m [34mDEBUG[0m [2mmercury::engine::detector[0m[2m:[0m No arb pairs registered for market — skipping detection [3mmarket_id[0m[2m=[0m39a28b31-a7f7-4e16-b2f1-1e1948be289c
[2m2026-04-12T20:18:02.110133Z[0m [34mDEBUG[0m [2mmercury::engine::detector[0m[2m:[0m No arb pairs registered for market — skipping detection [3mmarket_id[0m[2m=[0mbc548cd4-ced9-48e8-b131-410c92fb3a0e
[2m2026-04-12T20:18:02.163582Z[0m [34mDEBUG[0m [2mmercury::engine::market_actor[0m[2m:[0m Tick received — running arb detection [3mmarket_id[0m[2m=[0m39a28b31-a7f7-4e16-b2f1-1e1948be289c [3mplatform[0m[2m=[0mPolymarket [3mbid[0m[2m=[0m0.4 [3mask[0m[2m=[0m0.41 [3mmid[0m[2m=[0m0.4050 [3mbid_size[0m[2m=[0m209.48 [3mask_size[0m[2m=[0m177.28
[2m2026-04-12T20:18:02.163596Z[0m [34mDEBUG[0m [2mmercury::engine::market_actor[0m[2m:[0m Tick received — running arb detection [3mmarket_id[0m[2m=[0m189bf673-b643-45a5-be39-c4a3275d71a0 [3mplatform[0m[2m=[0mPolymarket [3mbid[0m[2m=[0m0.4 [3mask[0m[2m=[0m0.41 [3mmid[0m[2m=[0m0.4050 [3mbid_size[0m[2m=[0m4737.94 [3mask_size[0m[2m=[0m160.1
[2m2026-04-12T20:18:02.163781Z[0m [34mDEBUG[0m [2mmercury::engine::detector[0m[2m:[0m No arb pairs registered for market — skipping detection [3mmarket_id[0m[2m=[0m39a28b31-a7f7-4e16-b2f1-1e1948be289c
[2m2026-04-12T20:18:02.163876Z[0m [34mDEBUG[0m [2mmercury::engine::market_actor[0m[2m:[0m Tick received — running arb detection [3mmarket_id[0m[2m=[0m39a28b31-a7f7-4e16-b2f1-1e1948be289c [3mplatform[0m[2m=[0mPolymarket [3mbid[0m[2m=[0m0.4 [3mask[0m[2m=[0m0.41 [3mmid[0m[2m=[0m0.4050 [3mbid_size[0m[2m=[0m204.48 [3mask_size[0m[2m=[0m177.28
[2m2026-04-12T20:18:02.163899Z[0m [34mDEBUG[0m [2mmercury::engine::detector[0m[2m:[0m No arb pairs registered for market — skipping detection [3mmarket_id[0m[2m=[0m189bf673-b643-45a5-be39-c4a3275d71a0
[2m2026-04-12T20:18:02.164006Z[0m [34mDEBUG[0m [2mmercury::engine::detector[0m[2m:[0m No arb pairs registered for market — skipping detection [3mmarket_id[0m[2m=[0m39a28b31-a7f7-4e16-b2f1-1e1948be289c
[2m2026-04-12T20:18:02.164000Z[0m [34mDEBUG[0m [2mmercury::engine::market_actor[0m[2m:[0m Tick received — running arb detection [3mmarket_id[0m[2m=[0m189bf673-b643-45a5-be39-c4a3275d71a0 [3mplatform[0m[2m=[0mPolymarket [3mbid[0m[2m=[0m0.4 [3mask[0m[2m=[0m0.41 [3mmid[0m[2m=[0m0.4050 [3mbid_size[0m[2m=[0m4737.94 [3mask_size[0m[2m=[0m160.1
[2m2026-04-12T20:18:02.164234Z[0m [34mDEBUG[0m [2mmercury::engine::detector[0m[2m:[0m No arb pairs registered for market — skipping detection [3mmarket_id[0m[2m=[0m189bf673-b643-45a5-be39-c4a3275d71a0
[2m2026-04-12T20:18:02.217202Z[0m [34mDEBUG[0m [2mmercury::engine::market_actor[0m[2m:[0m Tick received — running arb detection [3mmarket_id[0m[2m=[0m189bf673-b643-45a5-be39-c4a3275d71a0 [3mplatform[0m[2m=[0mPolymarket [3mbid[0m[2m=[0m0.4 [3mask[0m[2m=[0m0.41 [3mmid[0m[2m=[0m0.4050 [3mbid_size[0m[2m=[0m4737.94 [3mask_size[0m[2m=[0m160.1
[2m2026-04-12T20:18:02.217330Z[0m [34mDEBUG[0m [2mmercury::engine::detector[0m[2m:[0m No arb pairs registered for market — skipping detection [3mmarket_id[0m[2m=[0m189bf673-b643-45a5-be39-c4a3275d71a0
[2m2026-04-12T20:18:02.217387Z[0m [34mDEBUG[0m [2mmercury::engine::market_actor[0m[2m:[0m Tick received — running arb detection [3mmarket_id[0m[2m=[0m189bf673-b643-45a5-be39-c4a3275d71a0 [3mplatform[0m[2m=[0mPolymarket [3mbid[0m[2m=[0m0.4 [3mask[0m[2m=[0m0.41 [3mmid[0m[2m=[0m0.4050 [3mbid_size[0m[2m=[0m4737.94 [3mask_size[0m[2m=[0m160.1
[2m2026-04-12T20:18:02.217457Z[0m [34mDEBUG[0m [2mmercury::engine::detector[0m[2m:[0m No arb pairs registered for market — skipping detection [3mmarket_id[0m[2m=[0m189bf673-b643-45a5-be39-c4a3275d71a0
[2m2026-04-12T20:18:02.317818Z[0m [34mDEBUG[0m [2mmercury::engine::market_actor[0m[2m:[0m Tick received — running arb detection [3mmarket_id[0m[2m=[0m189bf673-b643-45a5-be39-c4a3275d71a0 [3mplatform[0m[2m=[0mPolymarket [3mbid[0m[2m=[0m0.4 [3mask[0m[2m=[0m0.41 [3mmid[0m[2m=[0m0.4050 [3mbid_size[0m[2m=[0m4737.94 [3mask_size[0m[2m=[0m160.1
[2m2026-04-12T20:18:02.317981Z[0m [34mDEBUG[0m [2mmercury::engine::market_actor[0m[2m:[0m Tick received — running arb detection [3mmarket_id[0m[2m=[0m39a28b31-a7f7-4e16-b2f1-1e1948be289c [3mplatform[0m[2m=[0mPolymarket [3mbid[0m[2m=[0m0.4 [3mask[0m[2m=[0m0.41 [3mmid[0m[2m=[0m0.4050 [3mbid_size[0m[2m=[0m204.48 [3mask_size[0m[2m=[0m177.28
[2m2026-04-12T20:18:02.318055Z[0m [34mDEBUG[0m [2mmercury::engine::detector[0m[2m:[0m No arb pairs registered for market — skipping detection [3mmarket_id[0m[2m=[0m189bf673-b643-45a5-be39-c4a3275d71a0
[2m2026-04-12T20:18:02.318169Z[0m [34mDEBUG[0m [2mmercury::engine::detector[0m[2m:[0m No arb pairs registered for market — skipping detection [3mmarket_id[0m[2m=[0m39a28b31-a7f7-4e16-b2f1-1e1948be289c
[2m2026-04-12T20:18:02.318198Z[0m [34mDEBUG[0m [2mmercury::engine::market_actor[0m[2m:[0m Tick received — running arb detection [3mmarket_id[0m[2m=[0m189bf673-b643-45a5-be39-c4a3275d71a0 [3mplatform[0m[2m=[0mPolymarket [3mbid[0m[2m=[0m0.4 [3mask[0m[2m=[0m0.41 [3mmid[0m[2m=[0m0.4050 [3mbid_size[0m[2m=[0m4737.94 [3mask_size[0m[2m=[0m232.21
[2m2026-04-12T20:18:02.318292Z[0m [34mDEBUG[0m [2mmercury::engine::market_actor[0m[2m:[0m Tick received — running arb detection [3mmarket_id[0m[2m=[0m39a28b31-a7f7-4e16-b2f1-1e1948be289c [3mplatform[0m[2m=[0mPolymarket [3mbid[0m[2m=[0m0.4 [3mask[0m[2m=[0m0.41 [3mmid[0m[2m=[0m0.4050 [3mbid_size[0m[2m=[0m204.48 [3mask_size[0m[2m=[0m177.28
[2m2026-04-12T20:18:02.318340Z[0m [34mDEBUG[0m [2mmercury::engine::detector[0m[2m:[0m No arb pairs registered for market — skipping detection [3mmarket_id[0m[2m=[0m189bf673-b643-45a5-be39-c4a3275d71a0
[2m2026-04-12T20:18:02.318478Z[0m [34mDEBUG[0m [2mmercury::engine::detector[0m[2m:[0m No arb pairs registered for market — skipping detection [3mmarket_id[0m[2m=[0m39a28b31-a7f7-4e16-b2f1-1e1948be289c
[2m2026-04-12T20:18:02.318480Z[0m [34mDEBUG[0m [2mmercury::engine::market_actor[0m[2m:[0m Tick received — running arb detection [3mmarket_id[0m[2m=[0m189bf673-b643-45a5-be39-c4a3275d71a0 [3mplatform[0m[2m=[0mPolymarket [3mbid[0m[2m=[0m0.4 [3mask[0m[2m=[0m0.41 [3mmid[0m[2m=[0m0.4050 [3mbid_size[0m[2m=[0m4737.94 [3mask_size[0m[2m=[0m232.21
[2m2026-04-12T20:18:02.318588Z[0m [34mDEBUG[0m [2mmercury::engine::detector[0m[2m:[0m No arb pairs registered for market — skipping detection [3mmarket_id[0m[2m=[0m189bf673-b643-45a5-be39-c4a3275d71a0
[2m2026-04-12T20:18:02.369487Z[0m [34mDEBUG[0m [2mmercury::feeds::polymarket[0m[2m:[0m Unknown Polymarket event type [3mevent_type[0m[2m=[0mbest_bid_ask
[2m2026-04-12T20:18:02.369870Z[0m [34mDEBUG[0m [2mmercury::engine::market_actor[0m[2m:[0m Tick received — running arb detection [3mmarket_id[0m[2m=[0m39a28b31-a7f7-4e16-b2f1-1e1948be289c [3mplatform[0m[2m=[0mPolymarket [3mbid[0m[2m=[0m0.4 [3mask[0m[2m=[0m0.41 [3mmid[0m[2m=[0m0.4050 [3mbid_size[0m[2m=[0m195.18 [3mask_size[0m[2m=[0m177.28
[2m2026-04-12T20:18:02.370025Z[0m [34mDEBUG[0m [2mmercury::engine::detector[0m[2m:[0m No arb pairs registered for market — skipping detection [3mmarket_id[0m[2m=[0m39a28b31-a7f7-4e16-b2f1-1e1948be289c
[2m2026-04-12T20:18:02.370382Z[0m [34mDEBUG[0m [2mmercury::engine::market_actor[0m[2m:[0m Tick received — running arb detection [3mmarket_id[0m[2m=[0m39a28b31-a7f7-4e16-b2f1-1e1948be289c [3mplatform[0m[2m=[0mPolymarket [3mbid[0m[2m=[0m0.4 [3mask[0m[2m=[0m0.41 [3mmid[0m[2m=[0m0.4050 [3mbid_size[0m[2m=[0m195.18 [3mask_size[0m[2m=[0m177.28
[2m2026-04-12T20:18:02.370500Z[0m [34mDEBUG[0m [2mmercury::engine::detector[0m[2m:[0m No arb pairs registered for market — skipping detection [3mmarket_id[0m[2m=[0m39a28b31-a7f7-4e16-b2f1-1e1948be289c
[2m2026-04-12T20:18:02.405735Z[0m [34mDEBUG[0m [2mmercury::engine::market_actor[0m[2m:[0m Tick received — running arb detection [3mmarket_id[0m[2m=[0m39a28b31-a7f7-4e16-b2f1-1e1948be289c [3mplatform[0m[2m=[0mPolymarket [3mbid[0m[2m=[0m0.4 [3mask[0m[2m=[0m0.41 [3mmid[0m[2m=[0m0.4050 [3mbid_size[0m[2m=[0m195.18 [3mask_size[0m[2m=[0m141.28
[2m2026-04-12T20:18:02.405896Z[0m [34mDEBUG[0m [2mmercury::engine::detector[0m[2m:[0m No arb pairs registered for market — skipping detection [3mmarket_id[0m[2m=[0m39a28b31-a7f7-4e16-b2f1-1e1948be289c
[2m2026-04-12T20:18:02.422878Z[0m [34mDEBUG[0m [2mmercury::engine::market_actor[0m[2m:[0m Tick received — running arb detection [3mmarket_id[0m[2m=[0m39a28b31-a7f7-4e16-b2f1-1e1948be289c [3mplatform[0m[2m=[0mPolymarket [3mbid[0m[2m=[0m0.4 [3mask[0m[2m=[0m0.41 [3mmid[0m[2m=[0m0.4050 [3mbid_size[0m[2m=[0m195.18 [3mask_size[0m[2m=[0m141.28
[2m2026-04-12T20:18:02.423005Z[0m [34mDEBUG[0m [2mmercury::engine::detector[0m[2m:[0m No arb pairs registered for market — skipping detection [3mmarket_id[0m[2m=[0m39a28b31-a7f7-4e16-b2f1-1e1948be289c
[2m2026-04-12T20:18:02.423061Z[0m [34mDEBUG[0m [2mmercury::engine::market_actor[0m[2m:[0m Tick received — running arb detection [3mmarket_id[0m[2m=[0m39a28b31-a7f7-4e16-b2f1-1e1948be289c [3mplatform[0m[2m=[0mPolymarket [3mbid[0m[2m=[0m0.4 [3mask[0m[2m=[0m0.41 [3mmid[0m[2m=[0m0.4050 [3mbid_size[0m[2m=[0m195.18 [3mask_size[0m[2m=[0m141.28
[2m2026-04-12T20:18:02.423128Z[0m [34mDEBUG[0m [2mmercury::engine::detector[0m[2m:[0m No arb pairs registered for market — skipping detection [3mmarket_id[0m[2m=[0m39a28b31-a7f7-4e16-b2f1-1e1948be289c
[2m2026-04-12T20:18:02.510327Z[0m [34mDEBUG[0m [2mmercury::feeds::polymarket[0m[2m:[0m Unknown Polymarket event type [3mevent_type[0m[2m=[0mbest_bid_ask
[2m2026-04-12T20:18:02.510747Z[0m [34mDEBUG[0m [2mmercury::engine::market_actor[0m[2m:[0m Tick received — running arb detection [3mmarket_id[0m[2m=[0m9046452d-bcb3-4bb8-8925-8924b7439992 [3mplatform[0m[2m=[0mPolymarket [3mbid[0m[2m=[0m0.53 [3mask[0m[2m=[0m0.55 [3mmid[0m[2m=[0m0.54 [3mbid_size[0m[2m=[0m45 [3mask_size[0m[2m=[0m198.14
[2m2026-04-12T20:18:02.511013Z[0m [34mDEBUG[0m [2mmercury::engine::detector[0m[2m:[0m No arb pairs registered for market — skipping detection [3mmarket_id[0m[2m=[0m9046452d-bcb3-4bb8-8925-8924b7439992
[2m2026-04-12T20:18:02.511338Z[0m [34mDEBUG[0m [2mmercury::engine::market_actor[0m[2m:[0m Tick received — running arb detection [3mmarket_id[0m[2m=[0m9046452d-bcb3-4bb8-8925-8924b7439992 [3mplatform[0m[2m=[0mPolymarket [3mbid[0m[2m=[0m0.53 [3mask[0m[2m=[0m0.55 [3mmid[0m[2m=[0m0.54 [3mbid_size[0m[2m=[0m45 [3mask_size[0m[2m=[0m198.14
[2m2026-04-12T20:18:02.511479Z[0m [34mDEBUG[0m [2mmercury::engine::detector[0m[2m:[0m No arb pairs registered for market — skipping detection [3mmarket_id[0m[2m=[0m9046452d-bcb3-4bb8-8925-8924b7439992
[2m2026-04-12T20:18:02.589330Z[0m [34mDEBUG[0m [2mmercury::engine::market_actor[0m[2m:[0m Tick received — running arb detection [3mmarket_id[0m[2m=[0m2285bae6-253b-4085-b0d1-0af34b5530b6 [3mplatform[0m[2m=[0mPolymarket [3mbid[0m[2m=[0m0.4 [3mask[0m[2m=[0m0.41 [3mmid[0m[2m=[0m0.4050 [3mbid_size[0m[2m=[0m5.4 [3mask_size[0m[2m=[0m68.86
[2m2026-04-12T20:18:02.589470Z[0m [34mDEBUG[0m [2mmercury::engine::detector[0m[2m:[0m No arb pairs registered for market — skipping detection [3mmarket_id[0m[2m=[0m2285bae6-253b-4085-b0d1-0af34b5530b6
[2m2026-04-12T20:18:02.589525Z[0m [34mDEBUG[0m [2mmercury::engine::market_actor[0m[2m:[0m Tick received — running arb detection [3mmarket_id[0m[2m=[0m2285bae6-253b-4085-b0d1-0af34b5530b6 [3mplatform[0m[2m=[0mPolymarket [3mbid[0m[2m=[0m0.4 [3mask[0m[2m=[0m0.41 [3mmid[0m[2m=[0m0.4050 [3mbid_size[0m[2m=[0m5.4 [3mask_size[0m[2m=[0m68.86
[2m2026-04-12T20:18:02.589593Z[0m [34mDEBUG[0m [2mmercury::engine::detector[0m[2m:[0m No arb pairs registered for market — skipping detection [3mmarket_id[0m[2m=[0m2285bae6-253b-4085-b0d1-0af34b5530b6
[2m2026-04-12T20:18:02.597713Z[0m [34mDEBUG[0m [2mmercury::engine::market_actor[0m[2m:[0m Tick received — running arb detection [3mmarket_id[0m[2m=[0m2285bae6-253b-4085-b0d1-0af34b5530b6 [3mplatform[0m[2m=[0mPolymarket [3mbid[0m[2m=[0m0.4 [3mask[0m[2m=[0m0.41 [3mmid[0m[2m=[0m0.4050 [3mbid_size[0m[2m=[0m5.4 [3mask_size[0m[2m=[0m68.86
[2m2026-04-12T20:18:02.597865Z[0m [34mDEBUG[0m [2mmercury::engine::detector[0m[2m:[0m No arb pairs registered for market — skipping detection [3mmarket_id[0m[2m=[0m2285bae6-253b-4085-b0d1-0af34b5530b6
[2m2026-04-12T20:18:02.597959Z[0m [34mDEBUG[0m [2mmercury::engine::market_actor[0m[2m:[0m Tick received — running arb detection [3mmarket_id[0m[2m=[0m2285bae6-253b-4085-b0d1-0af34b5530b6 [3mplatform[0m[2m=[0mPolymarket [3mbid[0m[2m=[0m0.4 [3mask[0m[2m=[0m0.41 [3mmid[0m[2m=[0m0.4050 [3mbid_size[0m[2m=[0m5.4 [3mask_size[0m[2m=[0m68.86
[2m2026-04-12T20:18:02.598076Z[0m [34mDEBUG[0m [2mmercury::engine::detector[0m[2m:[0m No arb pairs registered for market — skipping detection [3mmarket_id[0m[2m=[0m2285bae6-253b-4085-b0d1-0af34b5530b6
[2m2026-04-12T20:18:02.598238Z[0m [34mDEBUG[0m [2mmercury::engine::market_actor[0m[2m:[0m Tick received — running arb detection [3mmarket_id[0m[2m=[0m2285bae6-253b-4085-b0d1-0af34b5530b6 [3mplatform[0m[2m=[0mPolymarket [3mbid[0m[2m=[0m0.4 [3mask[0m[2m=[0m0.41 [3mmid[0m[2m=[0m0.4050 [3mbid_size[0m[2m=[0m5.4 [3mask_size[0m[2m=[0m68.86
[2m2026-04-12T20:18:02.598254Z[0m [34mDEBUG[0m [2mmercury::engine::market_actor[0m[2m:[0m Tick received — running arb detection [3mmarket_id[0m[2m=[0m189bf673-b643-45a5-be39-c4a3275d71a0 [3mplatform[0m[2m=[0mPolymarket [3mbid[0m[2m=[0m0.4 [3mask[0m[2m=[0m0.41 [3mmid[0m[2m=[0m0.4050 [3mbid_size[0m[2m=[0m4737.94 [3mask_size[0m[2m=[0m232.21
[2m2026-04-12T20:18:02.598404Z[0m [34mDEBUG[0m [2mmercury::engine::detector[0m[2m:[0m No arb pairs registered for market — skipping detection [3mmarket_id[0m[2m=[0m2285bae6-253b-4085-b0d1-0af34b5530b6
[2m2026-04-12T20:18:02.598533Z[0m [34mDEBUG[0m [2mmercury::engine::market_actor[0m[2m:[0m Tick received — running arb detection [3mmarket_id[0m[2m=[0m2285bae6-253b-4085-b0d1-0af34b5530b6 [3mplatform[0m[2m=[0mPolymarket [3mbid[0m[2m=[0m0.4 [3mask[0m[2m=[0m0.41 [3mmid[0m[2m=[0m0.4050 [3mbid_size[0m[2m=[0m5.4 [3mask_size[0m[2m=[0m68.86
[2m2026-04-12T20:18:02.598593Z[0m [34mDEBUG[0m [2mmercury::engine::detector[0m[2m:[0m No arb pairs registered for market — skipping detection [3mmarket_id[0m[2m=[0m189bf673-b643-45a5-be39-c4a3275d71a0
[2m2026-04-12T20:18:02.598770Z[0m [34mDEBUG[0m [2mmercury::engine::detector[0m[2m:[0m No arb pairs registered for market — skipping detection [3mmarket_id[0m[2m=[0m2285bae6-253b-4085-b0d1-0af34b5530b6
[2m2026-04-12T20:18:02.598905Z[0m [34mDEBUG[0m [2mmercury::engine::market_actor[0m[2m:[0m Tick received — running arb detection [3mmarket_id[0m[2m=[0m2285bae6-253b-4085-b0d1-0af34b5530b6 [3mplatform[0m[2m=[0mPolymarket [3mbid[0m[2m=[0m0.4 [3mask[0m[2m=[0m0.41 [3mmid[0m[2m=[0m0.4050 [3mbid_size[0m[2m=[0m5.4 [3mask_size[0m[2m=[0m68.86
[2m2026-04-12T20:18:02.599008Z[0m [34mDEBUG[0m [2mmercury::engine::detector[0m[2m:[0m No arb pairs registered for market — skipping detection [3mmarket_id[0m[2m=[0m2285bae6-253b-4085-b0d1-0af34b5530b6
[2m2026-04-12T20:18:02.599086Z[0m [34mDEBUG[0m [2mmercury::engine::market_actor[0m[2m:[0m Tick received — running arb detection [3mmarket_id[0m[2m=[0m2285bae6-253b-4085-b0d1-0af34b5530b6 [3mplatform[0m[2m=[0mPolymarket [3mbid[0m[2m=[0m0.4 [3mask[0m[2m=[0m0.41 [3mmid[0m[2m=[0m0.4050 [3mbid_size[0m[2m=[0m5.4 [3mask_size[0m[2m=[0m68.86
[2m2026-04-12T20:18:02.599236Z[0m [34mDEBUG[0m [2mmercury::engine::detector[0m[2m:[0m No arb pairs registered for market — skipping detection [3mmarket_id[0m[2m=[0m2285bae6-253b-4085-b0d1-0af34b5530b6
[2m2026-04-12T20:18:02.602256Z[0m [34mDEBUG[0m [2mmercury::engine::market_actor[0m[2m:[0m Tick received — running arb detection [3mmarket_id[0m[2m=[0m189bf673-b643-45a5-be39-c4a3275d71a0 [3mplatform[0m[2m=[0mPolymarket [3mbid[0m[2m=[0m0.4 [3mask[0m[2m=[0m0.41 [3mmid[0m[2m=[0m0.4050 [3mbid_size[0m[2m=[0m4737.94 [3mask_size[0m[2m=[0m232.21
[2m2026-04-12T20:18:02.602358Z[0m [34mDEBUG[0m [2mmercury::engine::detector[0m[2m:[0m No arb pairs registered for market — skipping detection [3mmarket_id[0m[2m=[0m189bf673-b643-45a5-be39-c4a3275d71a0
[2m2026-04-12T20:18:02.727752Z[0m [34mDEBUG[0m [2mmercury::engine::market_actor[0m[2m:[0m Tick received — running arb detection [3mmarket_id[0m[2m=[0m189bf673-b643-45a5-be39-c4a3275d71a0 [3mplatform[0m[2m=[0mPolymarket [3mbid[0m[2m=[0m0.4 [3mask[0m[2m=[0m0.41 [3mmid[0m[2m=[0m0.4050 [3mbid_size[0m[2m=[0m4737.94 [3mask_size[0m[2m=[0m232.21
[2m2026-04-12T20:18:02.727937Z[0m [34mDEBUG[0m [2mmercury::engine::detector[0m[2m:[0m No arb pairs registered for market — skipping detection [3mmarket_id[0m[2m=[0m189bf673-b643-45a5-be39-c4a3275d71a0
[2m2026-04-12T20:18:02.727996Z[0m [34mDEBUG[0m [2mmercury::engine::market_actor[0m[2m:[0m Tick received — running arb detection [3mmarket_id[0m[2m=[0m189bf673-b643-45a5-be39-c4a3275d71a0 [3mplatform[0m[2m=[0mPolymarket [3mbid[0m[2m=[0m0.4 [3mask[0m[2m=[0m0.41 [3mmid[0m[2m=[0m0.4050 [3mbid_size[0m[2m=[0m4737.94 [3mask_size[0m[2m=[0m232.21
[2m2026-04-12T20:18:02.728103Z[0m [34mDEBUG[0m [2mmercury::engine::detector[0m[2m:[0m No arb pairs registered for market — skipping detection [3mmarket_id[0m[2m=[0m189bf673-b643-45a5-be39-c4a3275d71a0
[2m2026-04-12T20:18:02.728977Z[0m [34mDEBUG[0m [2mmercury::engine::market_actor[0m[2m:[0m Tick received — running arb detection [3mmarket_id[0m[2m=[0m39a28b31-a7f7-4e16-b2f1-1e1948be289c [3mplatform[0m[2m=[0mPolymarket [3mbid[0m[2m=[0m0.4 [3mask[0m[2m=[0m0.41 [3mmid[0m[2m=[0m0.4050 [3mbid_size[0m[2m=[0m195.18 [3mask_size[0m[2m=[0m141.28
[2m2026-04-12T20:18:02.729117Z[0m [34mDEBUG[0m [2mmercury::engine::detector[0m[2m:[0m No arb pairs registered for market — skipping detection [3mmarket_id[0m[2m=[0m39a28b31-a7f7-4e16-b2f1-1e1948be289c
[2m2026-04-12T20:18:02.825127Z[0m [34mDEBUG[0m [2mmercury::engine::market_actor[0m[2m:[0m Tick received — running arb detection [3mmarket_id[0m[2m=[0m189bf673-b643-45a5-be39-c4a3275d71a0 [3mplatform[0m[2m=[0mPolymarket [3mbid[0m[2m=[0m0.4 [3mask[0m[2m=[0m0.41 [3mmid[0m[2m=[0m0.4050 [3mbid_size[0m[2m=[0m4737.94 [3mask_size[0m[2m=[0m232.21
[2m2026-04-12T20:18:02.825365Z[0m [34mDEBUG[0m [2mmercury::engine::detector[0m[2m:[0m No arb pairs registered for market — skipping detection [3mmarket_id[0m[2m=[0m189bf673-b643-45a5-be39-c4a3275d71a0
[2m2026-04-12T20:18:02.928547Z[0m [34mDEBUG[0m [2mmercury::feeds::polymarket[0m[2m:[0m Unknown Polymarket event type [3mevent_type[0m[2m=[0mbest_bid_ask
[2m2026-04-12T20:18:02.928749Z[0m [34mDEBUG[0m [2mmercury::engine::market_actor[0m[2m:[0m Tick received — running arb detection [3mmarket_id[0m[2m=[0m189bf673-b643-45a5-be39-c4a3275d71a0 [3mplatform[0m[2m=[0mPolymarket [3mbid[0m[2m=[0m0.4 [3mask[0m[2m=[0m0.41 [3mmid[0m[2m=[0m0.4050 [3mbid_size[0m[2m=[0m4737.94 [3mask_size[0m[2m=[0m232.21
[2m2026-04-12T20:18:02.928949Z[0m [34mDEBUG[0m [2mmercury::engine::detector[0m[2m:[0m No arb pairs registered for market — skipping detection [3mmarket_id[0m[2m=[0m189bf673-b643-45a5-be39-c4a3275d71a0
[2m2026-04-12T20:18:02.929075Z[0m [34mDEBUG[0m [2mmercury::engine::market_actor[0m[2m:[0m Tick received — running arb detection [3mmarket_id[0m[2m=[0m39a28b31-a7f7-4e16-b2f1-1e1948be289c [3mplatform[0m[2m=[0mPolymarket [3mbid[0m[2m=[0m0.4 [3mask[0m[2m=[0m0.41 [3mmid[0m[2m=[0m0.4050 [3mbid_size[0m[2m=[0m185.88 [3mask_size[0m[2m=[0m141.28
[2m2026-04-12T20:18:02.929238Z[0m [34mDEBUG[0m [2mmercury::engine::detector[0m[2m:[0m No arb pairs registered for market — skipping detection [3mmarket_id[0m[2m=[0m39a28b31-a7f7-4e16-b2f1-1e1948be289c
[2m2026-04-12T20:18:02.929589Z[0m [34mDEBUG[0m [2mmercury::engine::market_actor[0m[2m:[0m Tick received — running arb detection [3mmarket_id[0m[2m=[0m39a28b31-a7f7-4e16-b2f1-1e1948be289c [3mplatform[0m[2m=[0mPolymarket [3mbid[0m[2m=[0m0.4 [3mask[0m[2m=[0m0.41 [3mmid[0m[2m=[0m0.4050 [3mbid_size[0m[2m=[0m185.88 [3mask_size[0m[2m=[0m141.28
[2m2026-04-12T20:18:02.929727Z[0m [34mDEBUG[0m [2mmercury::engine::detector[0m[2m:[0m No arb pairs registered for market — skipping detection [3mmarket_id[0m[2m=[0m39a28b31-a7f7-4e16-b2f1-1e1948be289c
[2m2026-04-12T20:18:02.934695Z[0m [34mDEBUG[0m [2mmercury::engine::market_actor[0m[2m:[0m Tick received — running arb detection [3mmarket_id[0m[2m=[0m189bf673-b643-45a5-be39-c4a3275d71a0 [3mplatform[0m[2m=[0mPolymarket [3mbid[0m[2m=[0m0.4 [3mask[0m[2m=[0m0.41 [3mmid[0m[2m=[0m0.4050 [3mbid_size[0m[2m=[0m4737.94 [3mask_size[0m[2m=[0m232.21
[2m2026-04-12T20:18:02.934842Z[0m [34mDEBUG[0m [2mmercury::engine::detector[0m[2m:[0m No arb pairs registered for market — skipping detection [3mmarket_id[0m[2m=[0m189bf673-b643-45a5-be39-c4a3275d71a0
[2m2026-04-12T20:18:02.935948Z[0m [34mDEBUG[0m [2mmercury::engine::market_actor[0m[2m:[0m Tick received — running arb detection [3mmarket_id[0m[2m=[0m189bf673-b643-45a5-be39-c4a3275d71a0 [3mplatform[0m[2m=[0mPolymarket [3mbid[0m[2m=[0m0.4 [3mask[0m[2m=[0m0.41 [3mmid[0m[2m=[0m0.4050 [3mbid_size[0m[2m=[0m4737.94 [3mask_size[0m[2m=[0m232.21
[2m2026-04-12T20:18:02.936091Z[0m [34mDEBUG[0m [2mmercury::engine::detector[0m[2m:[0m No arb pairs registered for market — skipping detection [3mmarket_id[0m[2m=[0m189bf673-b643-45a5-be39-c4a3275d71a0
[2m2026-04-12T20:18:02.981520Z[0m [34mDEBUG[0m [2mmercury::engine::market_actor[0m[2m:[0m Tick received — running arb detection [3mmarket_id[0m[2m=[0m39a28b31-a7f7-4e16-b2f1-1e1948be289c [3mplatform[0m[2m=[0mPolymarket [3mbid[0m[2m=[0m0.4 [3mask[0m[2m=[0m0.41 [3mmid[0m[2m=[0m0.4050 [3mbid_size[0m[2m=[0m185.88 [3mask_size[0m[2m=[0m141.28
[2m2026-04-12T20:18:02.981733Z[0m [34mDEBUG[0m [2mmercury::engine::market_actor[0m[2m:[0m Tick received — running arb detection [3mmarket_id[0m[2m=[0m189bf673-b643-45a5-be39-c4a3275d71a0 [3mplatform[0m[2m=[0mPolymarket [3mbid[0m[2m=[0m0.4 [3mask[0m[2m=[0m0.41 [3mmid[0m[2m=[0m0.4050 [3mbid_size[0m[2m=[0m4737.94 [3mask_size[0m[2m=[0m232.21
[2m2026-04-12T20:18:02.981817Z[0m [34mDEBUG[0m [2mmercury::engine::detector[0m[2m:[0m No arb pairs registered for market — skipping detection [3mmarket_id[0m[2m=[0m39a28b31-a7f7-4e16-b2f1-1e1948be289c
[2m2026-04-12T20:18:02.981808Z[0m [34mDEBUG[0m [2mmercury::engine::market_actor[0m[2m:[0m Tick received — running arb detection [3mmarket_id[0m[2m=[0m2285bae6-253b-4085-b0d1-0af34b5530b6 [3mplatform[0m[2m=[0mPolymarket [3mbid[0m[2m=[0m0.4 [3mask[0m[2m=[0m0.41 [3mmid[0m[2m=[0m0.4050 [3mbid_size[0m[2m=[0m5.4 [3mask_size[0m[2m=[0m68.86
[2m2026-04-12T20:18:02.981913Z[0m [34mDEBUG[0m [2mmercury::engine::market_actor[0m[2m:[0m Tick received — running arb detection [3mmarket_id[0m[2m=[0mbc548cd4-ced9-48e8-b131-410c92fb3a0e [3mplatform[0m[2m=[0mPolymarket [3mbid[0m[2m=[0m0.44 [3mask[0m[2m=[0m0.46 [3mmid[0m[2m=[0m0.45 [3mbid_size[0m[2m=[0m2.32 [3mask_size[0m[2m=[0m133.02
[2m2026-04-12T20:18:02.981987Z[0m [34mDEBUG[0m [2mmercury::engine::market_actor[0m[2m:[0m Tick received — running arb detection [3mmarket_id[0m[2m=[0m39a28b31-a7f7-4e16-b2f1-1e1948be289c [3mplatform[0m[2m=[0mPolymarket [3mbid[0m[2m=[0m0.4 [3mask[0m[2m=[0m0.41 [3mmid[0m[2m=[0m0.4050 [3mbid_size[0m[2m=[0m185.88 [3mask_size[0m[2m=[0m141.28
[2m2026-04-12T20:18:02.982021Z[0m [34mDEBUG[0m [2mmercury::engine::detector[0m[2m:[0m No arb pairs registered for market — skipping detection [3mmarket_id[0m[2m=[0m189bf673-b643-45a5-be39-c4a3275d71a0
[2m2026-04-12T20:18:02.982174Z[0m [34mDEBUG[0m [2mmercury::engine::market_actor[0m[2m:[0m Tick received — running arb detection [3mmarket_id[0m[2m=[0m189bf673-b643-45a5-be39-c4a3275d71a0 [3mplatform[0m[2m=[0mPolymarket [3mbid[0m[2m=[0m0.4 [3mask[0m[2m=[0m0.41 [3mmid[0m[2m=[0m0.4050 [3mbid_size[0m[2m=[0m4737.94 [3mask_size[0m[2m=[0m232.21
[2m2026-04-12T20:18:02.982215Z[0m [34mDEBUG[0m [2mmercury::engine::detector[0m[2m:[0m No arb pairs registered for market — skipping detection [3mmarket_id[0m[2m=[0m2285bae6-253b-4085-b0d1-0af34b5530b6
[2m2026-04-12T20:18:02.982187Z[0m [34mDEBUG[0m [2mmercury::engine::detector[0m[2m:[0m No arb pairs registered for market — skipping detection [3mmarket_id[0m[2m=[0m39a28b31-a7f7-4e16-b2f1-1e1948be289c
[2m2026-04-12T20:18:02.982363Z[0m [34mDEBUG[0m [2mmercury::engine::market_actor[0m[2m:[0m Tick received — running arb detection [3mmarket_id[0m[2m=[0m2285bae6-253b-4085-b0d1-0af34b5530b6 [3mplatform[0m[2m=[0mPolymarket [3mbid[0m[2m=[0m0.4 [3mask[0m[2m=[0m0.41 [3mmid[0m[2m=[0m0.4050 [3mbid_size[0m[2m=[0m5.4 [3mask_size[0m[2m=[0m68.86
[2m2026-04-12T20:18:02.982393Z[0m [34mDEBUG[0m [2mmercury::engine::detector[0m[2m:[0m No arb pairs registered for market — skipping detection [3mmarket_id[0m[2m=[0mbc548cd4-ced9-48e8-b131-410c92fb3a0e
[2m2026-04-12T20:18:02.982534Z[0m [34mDEBUG[0m [2mmercury::engine::market_actor[0m[2m:[0m Tick received — running arb detection [3mmarket_id[0m[2m=[0mbc548cd4-ced9-48e8-b131-410c92fb3a0e [3mplatform[0m[2m=[0mPolymarket [3mbid[0m[2m=[0m0.44 [3mask[0m[2m=[0m0.46 [3mmid[0m[2m=[0m0.45 [3mbid_size[0m[2m=[0m2.32 [3mask_size[0m[2m=[0m133.02
[2m2026-04-12T20:18:02.982557Z[0m [34mDEBUG[0m [2mmercury::engine::detector[0m[2m:[0m No arb pairs registered for market — skipping detection [3mmarket_id[0m[2m=[0m189bf673-b643-45a5-be39-c4a3275d71a0
[2m2026-04-12T20:18:02.982679Z[0m [34mDEBUG[0m [2mmercury::engine::detector[0m[2m:[0m No arb pairs registered for market — skipping detection [3mmarket_id[0m[2m=[0m2285bae6-253b-4085-b0d1-0af34b5530b6
[2m2026-04-12T20:18:02.982704Z[0m [34mDEBUG[0m [2mmercury::engine::market_actor[0m[2m:[0m Tick received — running arb detection [3mmarket_id[0m[2m=[0m189bf673-b643-45a5-be39-c4a3275d71a0 [3mplatform[0m[2m=[0mPolymarket [3mbid[0m[2m=[0m0.4 [3mask[0m[2m=[0m0.41 [3mmid[0m[2m=[0m0.4050 [3mbid_size[0m[2m=[0m4737.94 [3mask_size[0m[2m=[0m232.21
[2m2026-04-12T20:18:02.982853Z[0m [34mDEBUG[0m [2mmercury::engine::detector[0m[2m:[0m No arb pairs registered for market — skipping detection [3mmarket_id[0m[2m=[0mbc548cd4-ced9-48e8-b131-410c92fb3a0e
[2m2026-04-12T20:18:02.982984Z[0m [34mDEBUG[0m [2mmercury::engine::detector[0m[2m:[0m No arb pairs registered for market — skipping detection [3mmarket_id[0m[2m=[0m189bf673-b643-45a5-be39-c4a3275d71a0
[2m2026-04-12T20:18:02.984538Z[0m [34mDEBUG[0m [2mmercury::engine::market_actor[0m[2m:[0m Tick received — running arb detection [3mmarket_id[0m[2m=[0m189bf673-b643-45a5-be39-c4a3275d71a0 [3mplatform[0m[2m=[0mPolymarket [3mbid[0m[2m=[0m0.4 [3mask[0m[2m=[0m0.41 [3mmid[0m[2m=[0m0.4050 [3mbid_size[0m[2m=[0m4737.94 [3mask_size[0m[2m=[0m232.21
[2m2026-04-12T20:18:02.984693Z[0m [34mDEBUG[0m [2mmercury::engine::detector[0m[2m:[0m No arb pairs registered for market — skipping detection [3mmarket_id[0m[2m=[0m189bf673-b643-45a5-be39-c4a3275d71a0
[2m2026-04-12T20:18:03.030145Z[0m [34mDEBUG[0m [2mmercury::engine::market_actor[0m[2m:[0m Tick received — running arb detection [3mmarket_id[0m[2m=[0m189bf673-b643-45a5-be39-c4a3275d71a0 [3mplatform[0m[2m=[0mPolymarket [3mbid[0m[2m=[0m0.4 [3mask[0m[2m=[0m0.41 [3mmid[0m[2m=[0m0.4050 [3mbid_size[0m[2m=[0m4737.94 [3mask_size[0m[2m=[0m232.21
[2m2026-04-12T20:18:03.030271Z[0m [34mDEBUG[0m [2mmercury::engine::detector[0m[2m:[0m No arb pairs registered for market — skipping detection [3mmarket_id[0m[2m=[0m189bf673-b643-45a5-be39-c4a3275d71a0
[2m2026-04-12T20:18:03.033374Z[0m [34mDEBUG[0m [2mmercury::feeds::polymarket[0m[2m:[0m Unknown Polymarket event type [3mevent_type[0m[2m=[0mbest_bid_ask
[2m2026-04-12T20:18:03.033750Z[0m [34mDEBUG[0m [2mmercury::engine::market_actor[0m[2m:[0m Tick received — running arb detection [3mmarket_id[0m[2m=[0m189bf673-b643-45a5-be39-c4a3275d71a0 [3mplatform[0m[2m=[0mPolymarket [3mbid[0m[2m=[0m0.4 [3mask[0m[2m=[0m0.41 [3mmid[0m[2m=[0m0.4050 [3mbid_size[0m[2m=[0m4735.9 [3mask_size[0m[2m=[0m232.21
[2m2026-04-12T20:18:03.033967Z[0m [34mDEBUG[0m [2mmercury::engine::detector[0m[2m:[0m No arb pairs registered for market — skipping detection [3mmarket_id[0m[2m=[0m189bf673-b643-45a5-be39-c4a3275d71a0
[2m2026-04-12T20:18:03.034270Z[0m [34mDEBUG[0m [2mmercury::engine::market_actor[0m[2m:[0m Tick received — running arb detection [3mmarket_id[0m[2m=[0m189bf673-b643-45a5-be39-c4a3275d71a0 [3mplatform[0m[2m=[0mPolymarket [3mbid[0m[2m=[0m0.4 [3mask[0m[2m=[0m0.41 [3mmid[0m[2m=[0m0.4050 [3mbid_size[0m[2m=[0m4735.9 [3mask_size[0m[2m=[0m232.21
[2m2026-04-12T20:18:03.034384Z[0m [34mDEBUG[0m [2mmercury::engine::detector[0m[2m:[0m No arb pairs registered for market — skipping detection [3mmarket_id[0m[2m=[0m189bf673-b643-45a5-be39-c4a3275d71a0
[2m2026-04-12T20:18:03.035332Z[0m [34mDEBUG[0m [2mmercury::engine::market_actor[0m[2m:[0m Tick received — running arb detection [3mmarket_id[0m[2m=[0m2285bae6-253b-4085-b0d1-0af34b5530b6 [3mplatform[0m[2m=[0mPolymarket [3mbid[0m[2m=[0m0.4 [3mask[0m[2m=[0m0.41 [3mmid[0m[2m=[0m0.4050 [3mbid_size[0m[2m=[0m5.4 [3mask_size[0m[2m=[0m68.86
[2m2026-04-12T20:18:03.035418Z[0m [34mDEBUG[0m [2mmercury::engine::detector[0m[2m:[0m No arb pairs registered for market — skipping detection [3mmarket_id[0m[2m=[0m2285bae6-253b-4085-b0d1-0af34b5530b6
[2m2026-04-12T20:18:03.036158Z[0m [34mDEBUG[0m [2mmercury::engine::market_actor[0m[2m:[0m Tick received — running arb detection [3mmarket_id[0m[2m=[0mbc548cd4-ced9-48e8-b131-410c92fb3a0e [3mplatform[0m[2m=[0mPolymarket [3mbid[0m[2m=[0m0.44 [3mask[0m[2m=[0m0.46 [3mmid[0m[2m=[0m0.45 [3mbid_size[0m[2m=[0m2.32 [3mask_size[0m[2m=[0m133.02
[2m2026-04-12T20:18:03.036263Z[0m [34mDEBUG[0m [2mmercury::engine::detector[0m[2m:[0m No arb pairs registered for market — skipping detection [3mmarket_id[0m[2m=[0mbc548cd4-ced9-48e8-b131-410c92fb3a0e
[2m2026-04-12T20:18:03.039437Z[0m [34mDEBUG[0m [2mmercury::engine::market_actor[0m[2m:[0m Tick received — running arb detection [3mmarket_id[0m[2m=[0m189bf673-b643-45a5-be39-c4a3275d71a0 [3mplatform[0m[2m=[0mPolymarket [3mbid[0m[2m=[0m0.4 [3mask[0m[2m=[0m0.41 [3mmid[0m[2m=[0m0.4050 [3mbid_size[0m[2m=[0m4735.9 [3mask_size[0m[2m=[0m232.21
[2m2026-04-12T20:18:03.039485Z[0m [34mDEBUG[0m [2mmercury::engine::market_actor[0m[2m:[0m Tick received — running arb detection [3mmarket_id[0m[2m=[0m39a28b31-a7f7-4e16-b2f1-1e1948be289c [3mplatform[0m[2m=[0mPolymarket [3mbid[0m[2m=[0m0.4 [3mask[0m[2m=[0m0.41 [3mmid[0m[2m=[0m0.4050 [3mbid_size[0m[2m=[0m185.88 [3mask_size[0m[2m=[0m141.28
[2m2026-04-12T20:18:03.039651Z[0m [34mDEBUG[0m [2mmercury::engine::market_actor[0m[2m:[0m Tick received — running arb detection [3mmarket_id[0m[2m=[0m2285bae6-253b-4085-b0d1-0af34b5530b6 [3mplatform[0m[2m=[0mPolymarket [3mbid[0m[2m=[0m0.4 [3mask[0m[2m=[0m0.41 [3mmid[0m[2m=[0m0.4050 [3mbid_size[0m[2m=[0m5.4 [3mask_size[0m[2m=[0m68.86
[2m2026-04-12T20:18:03.039736Z[0m [34mDEBUG[0m [2mmercury::engine::detector[0m[2m:[0m No arb pairs registered for market — skipping detection [3mmarket_id[0m[2m=[0m189bf673-b643-45a5-be39-c4a3275d71a0
[2m2026-04-12T20:18:03.039857Z[0m [34mDEBUG[0m [2mmercury::engine::detector[0m[2m:[0m No arb pairs registered for market — skipping detection [3mmarket_id[0m[2m=[0m2285bae6-253b-4085-b0d1-0af34b5530b6
[2m2026-04-12T20:18:03.039867Z[0m [34mDEBUG[0m [2mmercury::engine::market_actor[0m[2m:[0m Tick received — running arb detection [3mmarket_id[0m[2m=[0m189bf673-b643-45a5-be39-c4a3275d71a0 [3mplatform[0m[2m=[0mPolymarket [3mbid[0m[2m=[0m0.4 [3mask[0m[2m=[0m0.41 [3mmid[0m[2m=[0m0.4050 [3mbid_size[0m[2m=[0m4735.9 [3mask_size[0m[2m=[0m232.21
[2m2026-04-12T20:18:03.040030Z[0m [34mDEBUG[0m [2mmercury::engine::detector[0m[2m:[0m No arb pairs registered for market — skipping detection [3mmarket_id[0m[2m=[0m39a28b31-a7f7-4e16-b2f1-1e1948be289c
[2m2026-04-12T20:18:03.040029Z[0m [34mDEBUG[0m [2mmercury::engine::market_actor[0m[2m:[0m Tick received — running arb detection [3mmarket_id[0m[2m=[0mbc548cd4-ced9-48e8-b131-410c92fb3a0e [3mplatform[0m[2m=[0mPolymarket [3mbid[0m[2m=[0m0.44 [3mask[0m[2m=[0m0.46 [3mmid[0m[2m=[0m0.45 [3mbid_size[0m[2m=[0m2.32 [3mask_size[0m[2m=[0m133.02
[2m2026-04-12T20:18:03.040240Z[0m [34mDEBUG[0m [2mmercury::engine::market_actor[0m[2m:[0m Tick received — running arb detection [3mmarket_id[0m[2m=[0m39a28b31-a7f7-4e16-b2f1-1e1948be289c [3mplatform[0m[2m=[0mPolymarket [3mbid[0m[2m=[0m0.4 [3mask[0m[2m=[0m0.41 [3mmid[0m[2m=[0m0.4050 [3mbid_size[0m[2m=[0m185.88 [3mask_size[0m[2m=[0m141.28
[2m2026-04-12T20:18:03.040282Z[0m [34mDEBUG[0m [2mmercury::engine::detector[0m[2m:[0m No arb pairs registered for market — skipping detection [3mmarket_id[0m[2m=[0mbc548cd4-ced9-48e8-b131-410c92fb3a0e
[2m2026-04-12T20:18:03.040551Z[0m [34mDEBUG[0m [2mmercury::engine::detector[0m[2m:[0m No arb pairs registered for market — skipping detection [3mmarket_id[0m[2m=[0m189bf673-b643-45a5-be39-c4a3275d71a0
[2m2026-04-12T20:18:03.040715Z[0m [34mDEBUG[0m [2mmercury::engine::detector[0m[2m:[0m No arb pairs registered for market — skipping detection [3mmarket_id[0m[2m=[0m39a28b31-a7f7-4e16-b2f1-1e1948be289c
[2m2026-04-12T20:18:03.087716Z[0m [34mDEBUG[0m [2mmercury::engine::market_actor[0m[2m:[0m Tick received — running arb detection [3mmarket_id[0m[2m=[0m189bf673-b643-45a5-be39-c4a3275d71a0 [3mplatform[0m[2m=[0mPolymarket [3mbid[0m[2m=[0m0.4 [3mask[0m[2m=[0m0.41 [3mmid[0m[2m=[0m0.4050 [3mbid_size[0m[2m=[0m4735.9 [3mask_size[0m[2m=[0m232.21
[2m2026-04-12T20:18:03.087865Z[0m [34mDEBUG[0m [2mmercury::engine::detector[0m[2m:[0m No arb pairs registered for market — skipping detection [3mmarket_id[0m[2m=[0m189bf673-b643-45a5-be39-c4a3275d71a0
[2m2026-04-12T20:18:03.091203Z[0m [34mDEBUG[0m [2mmercury::engine::market_actor[0m[2m:[0m Tick received — running arb detection [3mmarket_id[0m[2m=[0m189bf673-b643-45a5-be39-c4a3275d71a0 [3mplatform[0m[2m=[0mPolymarket [3mbid[0m[2m=[0m0.4 [3mask[0m[2m=[0m0.41 [3mmid[0m[2m=[0m0.4050 [3mbid_size[0m[2m=[0m4569.19 [3mask_size[0m[2m=[0m232.21
[2m2026-04-12T20:18:03.091302Z[0m [34mDEBUG[0m [2mmercury::engine::detector[0m[2m:[0m No arb pairs registered for market — skipping detection [3mmarket_id[0m[2m=[0m189bf673-b643-45a5-be39-c4a3275d71a0
[2m2026-04-12T20:18:03.122228Z[0m [34mDEBUG[0m [2mmercury::engine::market_actor[0m[2m:[0m Tick received — running arb detection [3mmarket_id[0m[2m=[0m631deb8c-fbb4-489e-818e-ae698f57f50b [3mplatform[0m[2m=[0mPolymarket [3mbid[0m[2m=[0m0.51 [3mask[0m[2m=[0m0.52 [3mmid[0m[2m=[0m0.5150 [3mbid_size[0m[2m=[0m375 [3mask_size[0m[2m=[0m97
[2m2026-04-12T20:18:03.122350Z[0m [34mDEBUG[0m [2mmercury::engine::detector[0m[2m:[0m No arb pairs registered for market — skipping detection [3mmarket_id[0m[2m=[0m631deb8c-fbb4-489e-818e-ae698f57f50b
[2m2026-04-12T20:18:03.186829Z[0m [34mDEBUG[0m [2mmercury::feeds::polymarket[0m[2m:[0m Unknown Polymarket event type [3mevent_type[0m[2m=[0mbest_bid_ask
[2m2026-04-12T20:18:03.187244Z[0m [34mDEBUG[0m [2mmercury::engine::market_actor[0m[2m:[0m Tick received — running arb detection [3mmarket_id[0m[2m=[0m189bf673-b643-45a5-be39-c4a3275d71a0 [3mplatform[0m[2m=[0mPolymarket [3mbid[0m[2m=[0m0.4 [3mask[0m[2m=[0m0.41 [3mmid[0m[2m=[0m0.4050 [3mbid_size[0m[2m=[0m4551.69 [3mask_size[0m[2m=[0m232.21
[2m2026-04-12T20:18:03.187406Z[0m [34mDEBUG[0m [2mmercury::engine::detector[0m[2m:[0m No arb pairs registered for market — skipping detection [3mmarket_id[0m[2m=[0m189bf673-b643-45a5-be39-c4a3275d71a0
[2m2026-04-12T20:18:03.187766Z[0m [34mDEBUG[0m [2mmercury::engine::market_actor[0m[2m:[0m Tick received — running arb detection [3mmarket_id[0m[2m=[0m189bf673-b643-45a5-be39-c4a3275d71a0 [3mplatform[0m[2m=[0mPolymarket [3mbid[0m[2m=[0m0.4 [3mask[0m[2m=[0m0.41 [3mmid[0m[2m=[0m0.4050 [3mbid_size[0m[2m=[0m4551.69 [3mask_size[0m[2m=[0m232.21
[2m2026-04-12T20:18:03.187932Z[0m [34mDEBUG[0m [2mmercury::engine::detector[0m[2m:[0m No arb pairs registered for market — skipping detection [3mmarket_id[0m[2m=[0m189bf673-b643-45a5-be39-c4a3275d71a0
[2m2026-04-12T20:18:03.187966Z[0m [34mDEBUG[0m [2mmercury::engine::market_actor[0m[2m:[0m Tick received — running arb detection [3mmarket_id[0m[2m=[0m39a28b31-a7f7-4e16-b2f1-1e1948be289c [3mplatform[0m[2m=[0mPolymarket [3mbid[0m[2m=[0m0.4 [3mask[0m[2m=[0m0.41 [3mmid[0m[2m=[0m0.4050 [3mbid_size[0m[2m=[0m185.88 [3mask_size[0m[2m=[0m199.28
[2m2026-04-12T20:18:03.188150Z[0m [34mDEBUG[0m [2mmercury::engine::detector[0m[2m:[0m No arb pairs registered for market — skipping detection [3mmarket_id[0m[2m=[0m39a28b31-a7f7-4e16-b2f1-1e1948be289c
[2m2026-04-12T20:18:03.244422Z[0m [34mDEBUG[0m [2mmercury::engine::market_actor[0m[2m:[0m Tick received — running arb detection [3mmarket_id[0m[2m=[0mbc548cd4-ced9-48e8-b131-410c92fb3a0e [3mplatform[0m[2m=[0mPolymarket [3mbid[0m[2m=[0m0.44 [3mask[0m[2m=[0m0.46 [3mmid[0m[2m=[0m0.45 [3mbid_size[0m[2m=[0m2.32 [3mask_size[0m[2m=[0m133.02
[2m2026-04-12T20:18:03.244416Z[0m [34mDEBUG[0m [2mmercury::engine::market_actor[0m[2m:[0m Tick received — running arb detection [3mmarket_id[0m[2m=[0m39a28b31-a7f7-4e16-b2f1-1e1948be289c [3mplatform[0m[2m=[0mPolymarket [3mbid[0m[2m=[0m0.4 [3mask[0m[2m=[0m0.41 [3mmid[0m[2m=[0m0.4050 [3mbid_size[0m[2m=[0m185.88 [3mask_size[0m[2m=[0m199.28
[2m2026-04-12T20:18:03.244696Z[0m [34mDEBUG[0m [2mmercury::engine::detector[0m[2m:[0m No arb pairs registered for market — skipping detection [3mmarket_id[0m[2m=[0mbc548cd4-ced9-48e8-b131-410c92fb3a0e
[2m2026-04-12T20:18:03.244811Z[0m [34mDEBUG[0m [2mmercury::engine::market_actor[0m[2m:[0m Tick received — running arb detection [3mmarket_id[0m[2m=[0mbc548cd4-ced9-48e8-b131-410c92fb3a0e [3mplatform[0m[2m=[0mPolymarket [3mbid[0m[2m=[0m0.44 [3mask[0m[2m=[0m0.46 [3mmid[0m[2m=[0m0.45 [3mbid_size[0m[2m=[0m2.32 [3mask_size[0m[2m=[0m133.02
[2m2026-04-12T20:18:03.244822Z[0m [34mDEBUG[0m [2mmercury::engine::detector[0m[2m:[0m No arb pairs registered for market — skipping detection [3mmarket_id[0m[2m=[0m39a28b31-a7f7-4e16-b2f1-1e1948be289c
[2m2026-04-12T20:18:03.245098Z[0m [34mDEBUG[0m [2mmercury::engine::detector[0m[2m:[0m No arb pairs registered for market — skipping detection [3mmarket_id[0m[2m=[0mbc548cd4-ced9-48e8-b131-410c92fb3a0e
[2m2026-04-12T20:18:03.245090Z[0m [34mDEBUG[0m [2mmercury::engine::market_actor[0m[2m:[0m Tick received — running arb detection [3mmarket_id[0m[2m=[0m39a28b31-a7f7-4e16-b2f1-1e1948be289c [3mplatform[0m[2m=[0mPolymarket [3mbid[0m[2m=[0m0.4 [3mask[0m[2m=[0m0.41 [3mmid[0m[2m=[0m0.4050 [3mbid_size[0m[2m=[0m185.88 [3mask_size[0m[2m=[0m199.28
[2m2026-04-12T20:18:03.245410Z[0m [34mDEBUG[0m [2mmercury::engine::detector[0m[2m:[0m No arb pairs registered for market — skipping detection [3mmarket_id[0m[2m=[0m39a28b31-a7f7-4e16-b2f1-1e1948be289c
[2m2026-04-12T20:18:03.245579Z[0m [34mDEBUG[0m [2mmercury::engine::market_actor[0m[2m:[0m Tick received — running arb detection [3mmarket_id[0m[2m=[0m39a28b31-a7f7-4e16-b2f1-1e1948be289c [3mplatform[0m[2m=[0mPolymarket [3mbid[0m[2m=[0m0.4 [3mask[0m[2m=[0m0.41 [3mmid[0m[2m=[0m0.4050 [3mbid_size[0m[2m=[0m185.88 [3mask_size[0m[2m=[0m141.28
[2m2026-04-12T20:18:03.245780Z[0m [34mDEBUG[0m [2mmercury::engine::detector[0m[2m:[0m No arb pairs registered for market — skipping detection [3mmarket_id[0m[2m=[0m39a28b31-a7f7-4e16-b2f1-1e1948be289c
[2m2026-04-12T20:18:03.245919Z[0m [34mDEBUG[0m [2mmercury::engine::market_actor[0m[2m:[0m Tick received — running arb detection [3mmarket_id[0m[2m=[0m39a28b31-a7f7-4e16-b2f1-1e1948be289c [3mplatform[0m[2m=[0mPolymarket [3mbid[0m[2m=[0m0.4 [3mask[0m[2m=[0m0.41 [3mmid[0m[2m=[0m0.4050 [3mbid_size[0m[2m=[0m185.88 [3mask_size[0m[2m=[0m141.28
[2m2026-04-12T20:18:03.246113Z[0m [34mDEBUG[0m [2mmercury::engine::detector[0m[2m:[0m No arb pairs registered for market — skipping detection [3mmarket_id[0m[2m=[0m39a28b31-a7f7-4e16-b2f1-1e1948be289c
[2m2026-04-12T20:18:03.246166Z[0m [34mDEBUG[0m [2mmercury::engine::market_actor[0m[2m:[0m Tick received — running arb detection [3mmarket_id[0m[2m=[0m39a28b31-a7f7-4e16-b2f1-1e1948be289c [3mplatform[0m[2m=[0mPolymarket [3mbid[0m[2m=[0m0.4 [3mask[0m[2m=[0m0.41 [3mmid[0m[2m=[0m0.4050 [3mbid_size[0m[2m=[0m185.88 [3mask_size[0m[2m=[0m141.28
[2m2026-04-12T20:18:03.246311Z[0m [34mDEBUG[0m [2mmercury::engine::detector[0m[2m:[0m No arb pairs registered for market — skipping detection [3mmarket_id[0m[2m=[0m39a28b31-a7f7-4e16-b2f1-1e1948be289c
[2m2026-04-12T20:18:03.270584Z[0m [34mDEBUG[0m [2mmercury::engine::market_actor[0m[2m:[0m Tick received — running arb detection [3mmarket_id[0m[2m=[0mbc548cd4-ced9-48e8-b131-410c92fb3a0e [3mplatform[0m[2m=[0mPolymarket [3mbid[0m[2m=[0m0.44 [3mask[0m[2m=[0m0.46 [3mmid[0m[2m=[0m0.45 [3mbid_size[0m[2m=[0m2.32 [3mask_size[0m[2m=[0m133.02
[2m2026-04-12T20:18:03.270800Z[0m [34mDEBUG[0m [2mmercury::engine::detector[0m[2m:[0m No arb pairs registered for market — skipping detection [3mmarket_id[0m[2m=[0mbc548cd4-ced9-48e8-b131-410c92fb3a0e
[2m2026-04-12T20:18:03.270877Z[0m [34mDEBUG[0m [2mmercury::engine::market_actor[0m[2m:[0m Tick received — running arb detection [3mmarket_id[0m[2m=[0mbc548cd4-ced9-48e8-b131-410c92fb3a0e [3mplatform[0m[2m=[0mPolymarket [3mbid[0m[2m=[0m0.44 [3mask[0m[2m=[0m0.46 [3mmid[0m[2m=[0m0.45 [3mbid_size[0m[2m=[0m2.32 [3mask_size[0m[2m=[0m133.02
[2m2026-04-12T20:18:03.270981Z[0m [34mDEBUG[0m [2mmercury::engine::detector[0m[2m:[0m No arb pairs registered for market — skipping detection [3mmarket_id[0m[2m=[0mbc548cd4-ced9-48e8-b131-410c92fb3a0e
[2m2026-04-12T20:18:03.337802Z[0m [34mDEBUG[0m [2mmercury::engine::market_actor[0m[2m:[0m Tick received — running arb detection [3mmarket_id[0m[2m=[0m39a28b31-a7f7-4e16-b2f1-1e1948be289c [3mplatform[0m[2m=[0mPolymarket [3mbid[0m[2m=[0m0.4 [3mask[0m[2m=[0m0.41 [3mmid[0m[2m=[0m0.4050 [3mbid_size[0m[2m=[0m185.88 [3mask_size[0m[2m=[0m141.28
[2m2026-04-12T20:18:03.337934Z[0m [34mDEBUG[0m [2mmercury::engine::detector[0m[2m:[0m No arb pairs registered for market — skipping detection [3mmarket_id[0m[2m=[0m39a28b31-a7f7-4e16-b2f1-1e1948be289c
[2m2026-04-12T20:18:03.337989Z[0m [34mDEBUG[0m [2mmercury::engine::market_actor[0m[2m:[0m Tick received — running arb detection [3mmarket_id[0m[2m=[0m39a28b31-a7f7-4e16-b2f1-1e1948be289c [3mplatform[0m[2m=[0mPolymarket [3mbid[0m[2m=[0m0.4 [3mask[0m[2m=[0m0.41 [3mmid[0m[2m=[0m0.4050 [3mbid_size[0m[2m=[0m185.88 [3mask_size[0m[2m=[0m141.28
[2m2026-04-12T20:18:03.338098Z[0m [34mDEBUG[0m [2mmercury::engine::detector[0m[2m:[0m No arb pairs registered for market — skipping detection [3mmarket_id[0m[2m=[0m39a28b31-a7f7-4e16-b2f1-1e1948be289c
[2m2026-04-12T20:18:03.391062Z[0m [34mDEBUG[0m [2mmercury::engine::market_actor[0m[2m:[0m Tick received — running arb detection [3mmarket_id[0m[2m=[0m631deb8c-fbb4-489e-818e-ae698f57f50b [3mplatform[0m[2m=[0mPolymarket [3mbid[0m[2m=[0m0.51 [3mask[0m[2m=[0m0.52 [3mmid[0m[2m=[0m0.5150 [3mbid_size[0m[2m=[0m375 [3mask_size[0m[2m=[0m97
[2m2026-04-12T20:18:03.391070Z[0m [34mDEBUG[0m [2mmercury::engine::market_actor[0m[2m:[0m Tick received — running arb detection [3mmarket_id[0m[2m=[0m189bf673-b643-45a5-be39-c4a3275d71a0 [3mplatform[0m[2m=[0mPolymarket [3mbid[0m[2m=[0m0.4 [3mask[0m[2m=[0m0.41 [3mmid[0m[2m=[0m0.4050 [3mbid_size[0m[2m=[0m4551.69 [3mask_size[0m[2m=[0m232.21
[2m2026-04-12T20:18:03.391288Z[0m [34mDEBUG[0m [2mmercury::engine::detector[0m[2m:[0m No arb pairs registered for market — skipping detection [3mmarket_id[0m[2m=[0m631deb8c-fbb4-489e-818e-ae698f57f50b
[2m2026-04-12T20:18:03.391436Z[0m [34mDEBUG[0m [2mmercury::engine::detector[0m[2m:[0m No arb pairs registered for market — skipping detection [3mmarket_id[0m[2m=[0m189bf673-b643-45a5-be39-c4a3275d71a0
[2m2026-04-12T20:18:03.391555Z[0m [34mDEBUG[0m [2mmercury::engine::market_actor[0m[2m:[0m Tick received — running arb detection [3mmarket_id[0m[2m=[0m189bf673-b643-45a5-be39-c4a3275d71a0 [3mplatform[0m[2m=[0mPolymarket [3mbid[0m[2m=[0m0.4 [3mask[0m[2m=[0m0.41 [3mmid[0m[2m=[0m0.4050 [3mbid_size[0m[2m=[0m4551.69 [3mask_size[0m[2m=[0m232.21
[2m2026-04-12T20:18:03.391713Z[0m [34mDEBUG[0m [2mmercury::engine::detector[0m[2m:[0m No arb pairs registered for market — skipping detection [3mmarket_id[0m[2m=[0m189bf673-b643-45a5-be39-c4a3275d71a0
[2m2026-04-12T20:18:03.391824Z[0m [34mDEBUG[0m [2mmercury::engine::market_actor[0m[2m:[0m Tick received — running arb detection [3mmarket_id[0m[2m=[0m189bf673-b643-45a5-be39-c4a3275d71a0 [3mplatform[0m[2m=[0mPolymarket [3mbid[0m[2m=[0m0.4 [3mask[0m[2m=[0m0.41 [3mmid[0m[2m=[0m0.4050 [3mbid_size[0m[2m=[0m4551.69 [3mask_size[0m[2m=[0m193.35
[2m2026-04-12T20:18:03.391893Z[0m [34mDEBUG[0m [2mmercury::engine::detector[0m[2m:[0m No arb pairs registered for market — skipping detection [3mmarket_id[0m[2m=[0m189bf673-b643-45a5-be39-c4a3275d71a0
[2m2026-04-12T20:18:03.398576Z[0m [34mDEBUG[0m [2mmercury::engine::market_actor[0m[2m:[0m Tick received — running arb detection [3mmarket_id[0m[2m=[0m189bf673-b643-45a5-be39-c4a3275d71a0 [3mplatform[0m[2m=[0mPolymarket [3mbid[0m[2m=[0m0.4 [3mask[0m[2m=[0m0.41 [3mmid[0m[2m=[0m0.4050 [3mbid_size[0m[2m=[0m4551.69 [3mask_size[0m[2m=[0m193.35
[2m2026-04-12T20:18:03.398674Z[0m [34mDEBUG[0m [2mmercury::engine::detector[0m[2m:[0m No arb pairs registered for market — skipping detection [3mmarket_id[0m[2m=[0m189bf673-b643-45a5-be39-c4a3275d71a0
[2m2026-04-12T20:18:03.493781Z[0m [34mDEBUG[0m [2mmercury::engine::market_actor[0m[2m:[0m Tick received — running arb detection [3mmarket_id[0m[2m=[0m39a28b31-a7f7-4e16-b2f1-1e1948be289c [3mplatform[0m[2m=[0mPolymarket [3mbid[0m[2m=[0m0.4 [3mask[0m[2m=[0m0.41 [3mmid[0m[2m=[0m0.4050 [3mbid_size[0m[2m=[0m185.88 [3mask_size[0m[2m=[0m141.28
[2m2026-04-12T20:18:03.493831Z[0m [34mDEBUG[0m [2mmercury::feeds::polymarket[0m[2m:[0m Unknown Polymarket event type [3mevent_type[0m[2m=[0mbest_bid_ask
[2m2026-04-12T20:18:03.493915Z[0m [34mDEBUG[0m [2mmercury::engine::market_actor[0m[2m:[0m Tick received — running arb detection [3mmarket_id[0m[2m=[0m189bf673-b643-45a5-be39-c4a3275d71a0 [3mplatform[0m[2m=[0mPolymarket [3mbid[0m[2m=[0m0.4 [3mask[0m[2m=[0m0.41 [3mmid[0m[2m=[0m0.4050 [3mbid_size[0m[2m=[0m4551.69 [3mask_size[0m[2m=[0m193.35
[2m2026-04-12T20:18:03.494037Z[0m [34mDEBUG[0m [2mmercury::engine::detector[0m[2m:[0m No arb pairs registered for market — skipping detection [3mmarket_id[0m[2m=[0m39a28b31-a7f7-4e16-b2f1-1e1948be289c
[2m2026-04-12T20:18:03.494171Z[0m [34mDEBUG[0m [2mmercury::engine::detector[0m[2m:[0m No arb pairs registered for market — skipping detection [3mmarket_id[0m[2m=[0m189bf673-b643-45a5-be39-c4a3275d71a0
[2m2026-04-12T20:18:03.494335Z[0m [34mDEBUG[0m [2mmercury::engine::market_actor[0m[2m:[0m Tick received — running arb detection [3mmarket_id[0m[2m=[0m189bf673-b643-45a5-be39-c4a3275d71a0 [3mplatform[0m[2m=[0mPolymarket [3mbid[0m[2m=[0m0.4 [3mask[0m[2m=[0m0.41 [3mmid[0m[2m=[0m0.4050 [3mbid_size[0m[2m=[0m4551.69 [3mask_size[0m[2m=[0m156.76
[2m2026-04-12T20:18:03.494504Z[0m [34mDEBUG[0m [2mmercury::engine::detector[0m[2m:[0m No arb pairs registered for market — skipping detection [3mmarket_id[0m[2m=[0m189bf673-b643-45a5-be39-c4a3275d71a0
[2m2026-04-12T20:18:03.494983Z[0m [34mDEBUG[0m [2mmercury::feeds::polymarket[0m[2m:[0m Unknown Polymarket event type [3mevent_type[0m[2m=[0mbest_bid_ask
[2m2026-04-12T20:18:03.495005Z[0m [34mDEBUG[0m [2mmercury::engine::market_actor[0m[2m:[0m Tick received — running arb detection [3mmarket_id[0m[2m=[0m189bf673-b643-45a5-be39-c4a3275d71a0 [3mplatform[0m[2m=[0mPolymarket [3mbid[0m[2m=[0m0.4 [3mask[0m[2m=[0m0.41 [3mmid[0m[2m=[0m0.4050 [3mbid_size[0m[2m=[0m4551.69 [3mask_size[0m[2m=[0m156.76
[2m2026-04-12T20:18:03.495145Z[0m [34mDEBUG[0m [2mmercury::engine::detector[0m[2m:[0m No arb pairs registered for market — skipping detection [3mmarket_id[0m[2m=[0m189bf673-b643-45a5-be39-c4a3275d71a0
[2m2026-04-12T20:18:03.495259Z[0m [34mDEBUG[0m [2mmercury::engine::market_actor[0m[2m:[0m Tick received — running arb detection [3mmarket_id[0m[2m=[0m39a28b31-a7f7-4e16-b2f1-1e1948be289c [3mplatform[0m[2m=[0mPolymarket [3mbid[0m[2m=[0m0.4 [3mask[0m[2m=[0m0.41 [3mmid[0m[2m=[0m0.4050 [3mbid_size[0m[2m=[0m174.51 [3mask_size[0m[2m=[0m141.28
[2m2026-04-12T20:18:03.495385Z[0m [34mDEBUG[0m [2mmercury::engine::detector[0m[2m:[0m No arb pairs registered for market — skipping detection [3mmarket_id[0m[2m=[0m39a28b31-a7f7-4e16-b2f1-1e1948be289c
[2m2026-04-12T20:18:03.495807Z[0m [34mDEBUG[0m [2mmercury::engine::market_actor[0m[2m:[0m Tick received — running arb detection [3mmarket_id[0m[2m=[0m39a28b31-a7f7-4e16-b2f1-1e1948be289c [3mplatform[0m[2m=[0mPolymarket [3mbid[0m[2m=[0m0.4 [3mask[0m[2m=[0m0.41 [3mmid[0m[2m=[0m0.4050 [3mbid_size[0m[2m=[0m174.51 [3mask_size[0m[2m=[0m141.28
[2m2026-04-12T20:18:03.495954Z[0m [34mDEBUG[0m [2mmercury::engine::detector[0m[2m:[0m No arb pairs registered for market — skipping detection [3mmarket_id[0m[2m=[0m39a28b31-a7f7-4e16-b2f1-1e1948be289c
[2m2026-04-12T20:18:03.496058Z[0m [34mDEBUG[0m [2mmercury::engine::market_actor[0m[2m:[0m Tick received — running arb detection [3mmarket_id[0m[2m=[0m39a28b31-a7f7-4e16-b2f1-1e1948be289c [3mplatform[0m[2m=[0mPolymarket [3mbid[0m[2m=[0m0.4 [3mask[0m[2m=[0m0.41 [3mmid[0m[2m=[0m0.4050 [3mbid_size[0m[2m=[0m174.51 [3mask_size[0m[2m=[0m141.28
[2m2026-04-12T20:18:03.496179Z[0m [34mDEBUG[0m [2mmercury::engine::detector[0m[2m:[0m No arb pairs registered for market — skipping detection [3mmarket_id[0m[2m=[0m39a28b31-a7f7-4e16-b2f1-1e1948be289c
[2m2026-04-12T20:18:03.543606Z[0m [34mDEBUG[0m [2mmercury::engine::market_actor[0m[2m:[0m Tick received — running arb detection [3mmarket_id[0m[2m=[0m189bf673-b643-45a5-be39-c4a3275d71a0 [3mplatform[0m[2m=[0mPolymarket [3mbid[0m[2m=[0m0.4 [3mask[0m[2m=[0m0.41 [3mmid[0m[2m=[0m0.4050 [3mbid_size[0m[2m=[0m4551.69 [3mask_size[0m[2m=[0m161.76
[2m2026-04-12T20:18:03.543975Z[0m [34mDEBUG[0m [2mmercury::engine::detector[0m[2m:[0m No arb pairs registered for market — skipping detection [3mmarket_id[0m[2m=[0m189bf673-b643-45a5-be39-c4a3275d71a0
[2m2026-04-12T20:18:03.596103Z[0m [34mDEBUG[0m [2mmercury::feeds::polymarket[0m[2m:[0m Unknown Polymarket event type [3mevent_type[0m[2m=[0mbest_bid_ask
[2m2026-04-12T20:18:03.596201Z[0m [34mDEBUG[0m [2mmercury::engine::market_actor[0m[2m:[0m Tick received — running arb detection [3mmarket_id[0m[2m=[0m39a28b31-a7f7-4e16-b2f1-1e1948be289c [3mplatform[0m[2m=[0mPolymarket [3mbid[0m[2m=[0m0.4 [3mask[0m[2m=[0m0.41 [3mmid[0m[2m=[0m0.4050 [3mbid_size[0m[2m=[0m174.51 [3mask_size[0m[2m=[0m90.52
[2m2026-04-12T20:18:03.596403Z[0m [34mDEBUG[0m [2mmercury::engine::detector[0m[2m:[0m No arb pairs registered for market — skipping detection [3mmarket_id[0m[2m=[0m39a28b31-a7f7-4e16-b2f1-1e1948be289c
[2m2026-04-12T20:18:03.596568Z[0m [34mDEBUG[0m [2mmercury::engine::market_actor[0m[2m:[0m Tick received — running arb detection [3mmarket_id[0m[2m=[0m189bf673-b643-45a5-be39-c4a3275d71a0 [3mplatform[0m[2m=[0mPolymarket [3mbid[0m[2m=[0m0.4 [3mask[0m[2m=[0m0.41 [3mmid[0m[2m=[0m0.4050 [3mbid_size[0m[2m=[0m4546.69 [3mask_size[0m[2m=[0m161.76
[2m2026-04-12T20:18:03.596741Z[0m [34mDEBUG[0m [2mmercury::engine::detector[0m[2m:[0m No arb pairs registered for market — skipping detection [3mmarket_id[0m[2m=[0m189bf673-b643-45a5-be39-c4a3275d71a0
[2m2026-04-12T20:18:03.597218Z[0m [34mDEBUG[0m [2mmercury::engine::market_actor[0m[2m:[0m Tick received — running arb detection [3mmarket_id[0m[2m=[0m189bf673-b643-45a5-be39-c4a3275d71a0 [3mplatform[0m[2m=[0mPolymarket [3mbid[0m[2m=[0m0.4 [3mask[0m[2m=[0m0.41 [3mmid[0m[2m=[0m0.4050 [3mbid_size[0m[2m=[0m4546.69 [3mask_size[0m[2m=[0m161.76
[2m2026-04-12T20:18:03.597412Z[0m [34mDEBUG[0m [2mmercury::engine::detector[0m[2m:[0m No arb pairs registered for market — skipping detection [3mmarket_id[0m[2m=[0m189bf673-b643-45a5-be39-c4a3275d71a0
[2m2026-04-12T20:18:03.644352Z[0m [34mDEBUG[0m [2mmercury::engine::market_actor[0m[2m:[0m Tick received — running arb detection [3mmarket_id[0m[2m=[0m39a28b31-a7f7-4e16-b2f1-1e1948be289c [3mplatform[0m[2m=[0mPolymarket [3mbid[0m[2m=[0m0.4 [3mask[0m[2m=[0m0.41 [3mmid[0m[2m=[0m0.4050 [3mbid_size[0m[2m=[0m174.51 [3mask_size[0m[2m=[0m90.52
[2m2026-04-12T20:18:03.644426Z[0m [34mDEBUG[0m [2mmercury::engine::market_actor[0m[2m:[0m Tick received — running arb detection [3mmarket_id[0m[2m=[0m189bf673-b643-45a5-be39-c4a3275d71a0 [3mplatform[0m[2m=[0mPolymarket [3mbid[0m[2m=[0m0.4 [3mask[0m[2m=[0m0.41 [3mmid[0m[2m=[0m0.4050 [3mbid_size[0m[2m=[0m4546.69 [3mask_size[0m[2m=[0m169.76
[2m2026-04-12T20:18:03.644527Z[0m [34mDEBUG[0m [2mmercury::engine::detector[0m[2m:[0m No arb pairs registered for market — skipping detection [3mmarket_id[0m[2m=[0m39a28b31-a7f7-4e16-b2f1-1e1948be289c
[2m2026-04-12T20:18:03.644617Z[0m [34mDEBUG[0m [2mmercury::engine::market_actor[0m[2m:[0m Tick received — running arb detection [3mmarket_id[0m[2m=[0m39a28b31-a7f7-4e16-b2f1-1e1948be289c [3mplatform[0m[2m=[0mPolymarket [3mbid[0m[2m=[0m0.4 [3mask[0m[2m=[0m0.41 [3mmid[0m[2m=[0m0.4050 [3mbid_size[0m[2m=[0m174.51 [3mask_size[0m[2m=[0m90.52
[2m2026-04-12T20:18:03.644633Z[0m [34mDEBUG[0m [2mmercury::engine::detector[0m[2m:[0m No arb pairs registered for market — skipping detection [3mmarket_id[0m[2m=[0m189bf673-b643-45a5-be39-c4a3275d71a0
[2m2026-04-12T20:18:03.644767Z[0m [34mDEBUG[0m [2mmercury::engine::detector[0m[2m:[0m No arb pairs registered for market — skipping detection [3mmarket_id[0m[2m=[0m39a28b31-a7f7-4e16-b2f1-1e1948be289c
[2m2026-04-12T20:18:03.699453Z[0m [34mDEBUG[0m [2mmercury::engine::market_actor[0m[2m:[0m Tick received — running arb detection [3mmarket_id[0m[2m=[0m189bf673-b643-45a5-be39-c4a3275d71a0 [3mplatform[0m[2m=[0mPolymarket [3mbid[0m[2m=[0m0.4 [3mask[0m[2m=[0m0.41 [3mmid[0m[2m=[0m0.4050 [3mbid_size[0m[2m=[0m4713.4 [3mask_size[0m[2m=[0m169.76
[2m2026-04-12T20:18:03.699480Z[0m [34mDEBUG[0m [2mmercury::engine::market_actor[0m[2m:[0m Tick received — running arb detection [3mmarket_id[0m[2m=[0m39a28b31-a7f7-4e16-b2f1-1e1948be289c [3mplatform[0m[2m=[0mPolymarket [3mbid[0m[2m=[0m0.4 [3mask[0m[2m=[0m0.41 [3mmid[0m[2m=[0m0.4050 [3mbid_size[0m[2m=[0m174.51 [3mask_size[0m[2m=[0m90.52
[2m2026-04-12T20:18:03.699712Z[0m [34mDEBUG[0m [2mmercury::engine::detector[0m[2m:[0m No arb pairs registered for market — skipping detection [3mmarket_id[0m[2m=[0m189bf673-b643-45a5-be39-c4a3275d71a0
[2m2026-04-12T20:18:03.699842Z[0m [34mDEBUG[0m [2mmercury::engine::detector[0m[2m:[0m No arb pairs registered for market — skipping detection [3mmarket_id[0m[2m=[0m39a28b31-a7f7-4e16-b2f1-1e1948be289c
[2m2026-04-12T20:18:03.700007Z[0m [34mDEBUG[0m [2mmercury::engine::market_actor[0m[2m:[0m Tick received — running arb detection [3mmarket_id[0m[2m=[0m39a28b31-a7f7-4e16-b2f1-1e1948be289c [3mplatform[0m[2m=[0mPolymarket [3mbid[0m[2m=[0m0.4 [3mask[0m[2m=[0m0.41 [3mmid[0m[2m=[0m0.4050 [3mbid_size[0m[2m=[0m174.51 [3mask_size[0m[2m=[0m90.52
[2m2026-04-12T20:18:03.700173Z[0m [34mDEBUG[0m [2mmercury::engine::detector[0m[2m:[0m No arb pairs registered for market — skipping detection [3mmarket_id[0m[2m=[0m39a28b31-a7f7-4e16-b2f1-1e1948be289c
[2m2026-04-12T20:18:03.800275Z[0m [34mDEBUG[0m [2mmercury::engine::market_actor[0m[2m:[0m Tick received — running arb detection [3mmarket_id[0m[2m=[0m189bf673-b643-45a5-be39-c4a3275d71a0 [3mplatform[0m[2m=[0mPolymarket [3mbid[0m[2m=[0m0.4 [3mask[0m[2m=[0m0.41 [3mmid[0m[2m=[0m0.4050 [3mbid_size[0m[2m=[0m4713.4 [3mask_size[0m[2m=[0m169.76
[2m2026-04-12T20:18:03.800477Z[0m [34mDEBUG[0m [2mmercury::engine::detector[0m[2m:[0m No arb pairs registered for market — skipping detection [3mmarket_id[0m[2m=[0m189bf673-b643-45a5-be39-c4a3275d71a0
[2m2026-04-12T20:18:03.802475Z[0m [34mDEBUG[0m [2mmercury::engine::market_actor[0m[2m:[0m Tick received — running arb detection [3mmarket_id[0m[2m=[0m189bf673-b643-45a5-be39-c4a3275d71a0 [3mplatform[0m[2m=[0mPolymarket [3mbid[0m[2m=[0m0.4 [3mask[0m[2m=[0m0.41 [3mmid[0m[2m=[0m0.4050 [3mbid_size[0m[2m=[0m4713.4 [3mask_size[0m[2m=[0m169.76
[2m2026-04-12T20:18:03.802630Z[0m [34mDEBUG[0m [2mmercury::engine::detector[0m[2m:[0m No arb pairs registered for market — skipping detection [3mmarket_id[0m[2m=[0m189bf673-b643-45a5-be39-c4a3275d71a0
[2m2026-04-12T20:18:03.849722Z[0m [34mDEBUG[0m [2mmercury::engine::market_actor[0m[2m:[0m Tick received — running arb detection [3mmarket_id[0m[2m=[0m39a28b31-a7f7-4e16-b2f1-1e1948be289c [3mplatform[0m[2m=[0mPolymarket [3mbid[0m[2m=[0m0.4 [3mask[0m[2m=[0m0.41 [3mmid[0m[2m=[0m0.4050 [3mbid_size[0m[2m=[0m174.51 [3mask_size[0m[2m=[0m90.52
[2m2026-04-12T20:18:03.849974Z[0m [34mDEBUG[0m [2mmercury::engine::detector[0m[2m:[0m No arb pairs registered for market — skipping detection [3mmarket_id[0m[2m=[0m39a28b31-a7f7-4e16-b2f1-1e1948be289c
[2m2026-04-12T20:18:03.904649Z[0m [34mDEBUG[0m [2mmercury::engine::market_actor[0m[2m:[0m Tick received — running arb detection [3mmarket_id[0m[2m=[0m39a28b31-a7f7-4e16-b2f1-1e1948be289c [3mplatform[0m[2m=[0mPolymarket [3mbid[0m[2m=[0m0.4 [3mask[0m[2m=[0m0.41 [3mmid[0m[2m=[0m0.4050 [3mbid_size[0m[2m=[0m174.51 [3mask_size[0m[2m=[0m90.52
[2m2026-04-12T20:18:03.904889Z[0m [34mDEBUG[0m [2mmercury::engine::detector[0m[2m:[0m No arb pairs registered for market — skipping detection [3mmarket_id[0m[2m=[0m39a28b31-a7f7-4e16-b2f1-1e1948be289c
[2m2026-04-12T20:18:03.941477Z[0m [34mDEBUG[0m [2mmercury::engine::market_actor[0m[2m:[0m Tick received — running arb detection [3mmarket_id[0m[2m=[0m39a28b31-a7f7-4e16-b2f1-1e1948be289c [3mplatform[0m[2m=[0mPolymarket [3mbid[0m[2m=[0m0.4 [3mask[0m[2m=[0m0.41 [3mmid[0m[2m=[0m0.4050 [3mbid_size[0m[2m=[0m174.51 [3mask_size[0m[2m=[0m90.52
[2m2026-04-12T20:18:03.941632Z[0m [34mDEBUG[0m [2mmercury::engine::detector[0m[2m:[0m No arb pairs registered for market — skipping detection [3mmarket_id[0m[2m=[0m39a28b31-a7f7-4e16-b2f1-1e1948be289c
[2m2026-04-12T20:18:03.960107Z[0m [34mDEBUG[0m [2mmercury::engine::market_actor[0m[2m:[0m Tick received — running arb detection [3mmarket_id[0m[2m=[0m39a28b31-a7f7-4e16-b2f1-1e1948be289c [3mplatform[0m[2m=[0mPolymarket [3mbid[0m[2m=[0m0.4 [3mask[0m[2m=[0m0.41 [3mmid[0m[2m=[0m0.4050 [3mbid_size[0m[2m=[0m174.51 [3mask_size[0m[2m=[0m90.52
[2m2026-04-12T20:18:03.960184Z[0m [34mDEBUG[0m [2mmercury::engine::market_actor[0m[2m:[0m Tick received — running arb detection [3mmarket_id[0m[2m=[0mbc548cd4-ced9-48e8-b131-410c92fb3a0e [3mplatform[0m[2m=[0mPolymarket [3mbid[0m[2m=[0m0.44 [3mask[0m[2m=[0m0.46 [3mmid[0m[2m=[0m0.45 [3mbid_size[0m[2m=[0m2.32 [3mask_size[0m[2m=[0m133.02
[2m2026-04-12T20:18:03.960256Z[0m [34mDEBUG[0m [2mmercury::engine::detector[0m[2m:[0m No arb pairs registered for market — skipping detection [3mmarket_id[0m[2m=[0m39a28b31-a7f7-4e16-b2f1-1e1948be289c
[2m2026-04-12T20:18:03.960428Z[0m [34mDEBUG[0m [2mmercury::engine::detector[0m[2m:[0m No arb pairs registered for market — skipping detection [3mmarket_id[0m[2m=[0mbc548cd4-ced9-48e8-b131-410c92fb3a0e
[2m2026-04-12T20:18:03.960433Z[0m [34mDEBUG[0m [2mmercury::engine::market_actor[0m[2m:[0m Tick received — running arb detection [3mmarket_id[0m[2m=[0m39a28b31-a7f7-4e16-b2f1-1e1948be289c [3mplatform[0m[2m=[0mPolymarket [3mbid[0m[2m=[0m0.4 [3mask[0m[2m=[0m0.41 [3mmid[0m[2m=[0m0.4050 [3mbid_size[0m[2m=[0m174.51 [3mask_size[0m[2m=[0m90.52
[2m2026-04-12T20:18:03.960535Z[0m [34mDEBUG[0m [2mmercury::engine::detector[0m[2m:[0m No arb pairs registered for market — skipping detection [3mmarket_id[0m[2m=[0m39a28b31-a7f7-4e16-b2f1-1e1948be289c
[2m2026-04-12T20:18:03.960627Z[0m [34mDEBUG[0m [2mmercury::engine::market_actor[0m[2m:[0m Tick received — running arb detection [3mmarket_id[0m[2m=[0m189bf673-b643-45a5-be39-c4a3275d71a0 [3mplatform[0m[2m=[0mPolymarket [3mbid[0m[2m=[0m0.4 [3mask[0m[2m=[0m0.41 [3mmid[0m[2m=[0m0.4050 [3mbid_size[0m[2m=[0m4713.4 [3mask_size[0m[2m=[0m169.76
[2m2026-04-12T20:18:03.960721Z[0m [34mDEBUG[0m [2mmercury::engine::detector[0m[2m:[0m No arb pairs registered for market — skipping detection [3mmarket_id[0m[2m=[0m189bf673-b643-45a5-be39-c4a3275d71a0
[2m2026-04-12T20:18:03.963278Z[0m [34mDEBUG[0m [2mmercury::engine::market_actor[0m[2m:[0m Tick received — running arb detection [3mmarket_id[0m[2m=[0mbc548cd4-ced9-48e8-b131-410c92fb3a0e [3mplatform[0m[2m=[0mPolymarket [3mbid[0m[2m=[0m0.44 [3mask[0m[2m=[0m0.46 [3mmid[0m[2m=[0m0.45 [3mbid_size[0m[2m=[0m2.32 [3mask_size[0m[2m=[0m133.02
[2m2026-04-12T20:18:03.963370Z[0m [34mDEBUG[0m [2mmercury::engine::detector[0m[2m:[0m No arb pairs registered for market — skipping detection [3mmarket_id[0m[2m=[0mbc548cd4-ced9-48e8-b131-410c92fb3a0e
[2m2026-04-12T20:18:03.963374Z[0m [34mDEBUG[0m [2mmercury::engine::market_actor[0m[2m:[0m Tick received — running arb detection [3mmarket_id[0m[2m=[0m189bf673-b643-45a5-be39-c4a3275d71a0 [3mplatform[0m[2m=[0mPolymarket [3mbid[0m[2m=[0m0.4 [3mask[0m[2m=[0m0.41 [3mmid[0m[2m=[0m0.4050 [3mbid_size[0m[2m=[0m4713.4 [3mask_size[0m[2m=[0m169.76
[2m2026-04-12T20:18:03.963465Z[0m [34mDEBUG[0m [2mmercury::engine::detector[0m[2m:[0m No arb pairs registered for market — skipping detection [3mmarket_id[0m[2m=[0m189bf673-b643-45a5-be39-c4a3275d71a0
[2m2026-04-12T20:18:04.004892Z[0m [34mDEBUG[0m [2mmercury::engine::market_actor[0m[2m:[0m Tick received — running arb detection [3mmarket_id[0m[2m=[0m2285bae6-253b-4085-b0d1-0af34b5530b6 [3mplatform[0m[2m=[0mPolymarket [3mbid[0m[2m=[0m0.4 [3mask[0m[2m=[0m0.41 [3mmid[0m[2m=[0m0.4050 [3mbid_size[0m[2m=[0m5.4 [3mask_size[0m[2m=[0m68.86
[2m2026-04-12T20:18:04.005150Z[0m [34mDEBUG[0m [2mmercury::engine::detector[0m[2m:[0m No arb pairs registered for market — skipping detection [3mmarket_id[0m[2m=[0m2285bae6-253b-4085-b0d1-0af34b5530b6
[2m2026-04-12T20:18:04.013886Z[0m [34mDEBUG[0m [2mmercury::engine::market_actor[0m[2m:[0m Tick received — running arb detection [3mmarket_id[0m[2m=[0m189bf673-b643-45a5-be39-c4a3275d71a0 [3mplatform[0m[2m=[0mPolymarket [3mbid[0m[2m=[0m0.4 [3mask[0m[2m=[0m0.41 [3mmid[0m[2m=[0m0.4050 [3mbid_size[0m[2m=[0m4713.4 [3mask_size[0m[2m=[0m169.76
[2m2026-04-12T20:18:04.014030Z[0m [34mDEBUG[0m [2mmercury::engine::detector[0m[2m:[0m No arb pairs registered for market — skipping detection [3mmarket_id[0m[2m=[0m189bf673-b643-45a5-be39-c4a3275d71a0
[2m2026-04-12T20:18:04.055059Z[0m [34mDEBUG[0m [2mmercury::feeds::polymarket[0m[2m:[0m Unknown Polymarket event type [3mevent_type[0m[2m=[0mbest_bid_ask
[2m2026-04-12T20:18:04.055159Z[0m [34mDEBUG[0m [2mmercury::engine::market_actor[0m[2m:[0m Tick received — running arb detection [3mmarket_id[0m[2m=[0m189bf673-b643-45a5-be39-c4a3275d71a0 [3mplatform[0m[2m=[0mPolymarket [3mbid[0m[2m=[0m0.4 [3mask[0m[2m=[0m0.41 [3mmid[0m[2m=[0m0.4050 [3mbid_size[0m[2m=[0m4738.4 [3mask_size[0m[2m=[0m169.76
[2m2026-04-12T20:18:04.055372Z[0m [34mDEBUG[0m [2mmercury::engine::detector[0m[2m:[0m No arb pairs registered for market — skipping detection [3mmarket_id[0m[2m=[0m189bf673-b643-45a5-be39-c4a3275d71a0
[2m2026-04-12T20:18:04.055528Z[0m [34mDEBUG[0m [2mmercury::engine::market_actor[0m[2m:[0m Tick received — running arb detection [3mmarket_id[0m[2m=[0m39a28b31-a7f7-4e16-b2f1-1e1948be289c [3mplatform[0m[2m=[0mPolymarket [3mbid[0m[2m=[0m0.4 [3mask[0m[2m=[0m0.41 [3mmid[0m[2m=[0m0.4050 [3mbid_size[0m[2m=[0m163.14 [3mask_size[0m[2m=[0m90.52
[2m2026-04-12T20:18:04.055689Z[0m [34mDEBUG[0m [2mmercury::engine::detector[0m[2m:[0m No arb pairs registered for market — skipping detection [3mmarket_id[0m[2m=[0m39a28b31-a7f7-4e16-b2f1-1e1948be289c
[2m2026-04-12T20:18:04.056221Z[0m [34mDEBUG[0m [2mmercury::engine::market_actor[0m[2m:[0m Tick received — running arb detection [3mmarket_id[0m[2m=[0m39a28b31-a7f7-4e16-b2f1-1e1948be289c [3mplatform[0m[2m=[0mPolymarket [3mbid[0m[2m=[0m0.4 [3mask[0m[2m=[0m0.41 [3mmid[0m[2m=[0m0.4050 [3mbid_size[0m[2m=[0m163.14 [3mask_size[0m[2m=[0m90.52
[2m2026-04-12T20:18:04.056428Z[0m [34mDEBUG[0m [2mmercury::engine::detector[0m[2m:[0m No arb pairs registered for market — skipping detection [3mmarket_id[0m[2m=[0m39a28b31-a7f7-4e16-b2f1-1e1948be289c
[2m2026-04-12T20:18:04.056445Z[0m [34mDEBUG[0m [2mmercury::engine::market_actor[0m[2m:[0m Tick received — running arb detection [3mmarket_id[0m[2m=[0mbc548cd4-ced9-48e8-b131-410c92fb3a0e [3mplatform[0m[2m=[0mPolymarket [3mbid[0m[2m=[0m0.44 [3mask[0m[2m=[0m0.46 [3mmid[0m[2m=[0m0.45 [3mbid_size[0m[2m=[0m2.32 [3mask_size[0m[2m=[0m133.02
[2m2026-04-12T20:18:04.056528Z[0m [34mDEBUG[0m [2mmercury::engine::market_actor[0m[2m:[0m Tick received — running arb detection [3mmarket_id[0m[2m=[0m189bf673-b643-45a5-be39-c4a3275d71a0 [3mplatform[0m[2m=[0mPolymarket [3mbid[0m[2m=[0m0.4 [3mask[0m[2m=[0m0.41 [3mmid[0m[2m=[0m0.4050 [3mbid_size[0m[2m=[0m4738.4 [3mask_size[0m[2m=[0m169.76
[2m2026-04-12T20:18:04.056627Z[0m [34mDEBUG[0m [2mmercury::engine::detector[0m[2m:[0m No arb pairs registered for market — skipping detection [3mmarket_id[0m[2m=[0mbc548cd4-ced9-48e8-b131-410c92fb3a0e
[2m2026-04-12T20:18:04.056627Z[0m [34mDEBUG[0m [2mmercury::engine::market_actor[0m[2m:[0m Tick received — running arb detection [3mmarket_id[0m[2m=[0m39a28b31-a7f7-4e16-b2f1-1e1948be289c [3mplatform[0m[2m=[0mPolymarket [3mbid[0m[2m=[0m0.4 [3mask[0m[2m=[0m0.41 [3mmid[0m[2m=[0m0.4050 [3mbid_size[0m[2m=[0m163.14 [3mask_size[0m[2m=[0m90.52
[2m2026-04-12T20:18:04.056792Z[0m [34mDEBUG[0m [2mmercury::engine::detector[0m[2m:[0m No arb pairs registered for market — skipping detection [3mmarket_id[0m[2m=[0m39a28b31-a7f7-4e16-b2f1-1e1948be289c
[2m2026-04-12T20:18:04.056839Z[0m [34mDEBUG[0m [2mmercury::engine::detector[0m[2m:[0m No arb pairs registered for market — skipping detection [3mmarket_id[0m[2m=[0m189bf673-b643-45a5-be39-c4a3275d71a0
[2m2026-04-12T20:18:04.056876Z[0m [34mDEBUG[0m [2mmercury::engine::market_actor[0m[2m:[0m Tick received — running arb detection [3mmarket_id[0m[2m=[0m2285bae6-253b-4085-b0d1-0af34b5530b6 [3mplatform[0m[2m=[0mPolymarket [3mbid[0m[2m=[0m0.4 [3mask[0m[2m=[0m0.41 [3mmid[0m[2m=[0m0.4050 [3mbid_size[0m[2m=[0m5.4 [3mask_size[0m[2m=[0m68.86
[2m2026-04-12T20:18:04.056922Z[0m [34mDEBUG[0m [2mmercury::engine::market_actor[0m[2m:[0m Tick received — running arb detection [3mmarket_id[0m[2m=[0m39a28b31-a7f7-4e16-b2f1-1e1948be289c [3mplatform[0m[2m=[0mPolymarket [3mbid[0m[2m=[0m0.4 [3mask[0m[2m=[0m0.41 [3mmid[0m[2m=[0m0.4050 [3mbid_size[0m[2m=[0m163.14 [3mask_size[0m[2m=[0m90.52
[2m2026-04-12T20:18:04.056995Z[0m [34mDEBUG[0m [2mmercury::engine::market_actor[0m[2m:[0m Tick received — running arb detection [3mmarket_id[0m[2m=[0m189bf673-b643-45a5-be39-c4a3275d71a0 [3mplatform[0m[2m=[0mPolymarket [3mbid[0m[2m=[0m0.4 [3mask[0m[2m=[0m0.41 [3mmid[0m[2m=[0m0.4050 [3mbid_size[0m[2m=[0m4738.4 [3mask_size[0m[2m=[0m169.76
[2m2026-04-12T20:18:04.057091Z[0m [34mDEBUG[0m [2mmercury::engine::detector[0m[2m:[0m No arb pairs registered for market — skipping detection [3mmarket_id[0m[2m=[0m2285bae6-253b-4085-b0d1-0af34b5530b6
[2m2026-04-12T20:18:04.057158Z[0m [34mDEBUG[0m [2mmercury::engine::market_actor[0m[2m:[0m Tick received — running arb detection [3mmarket_id[0m[2m=[0mbc548cd4-ced9-48e8-b131-410c92fb3a0e [3mplatform[0m[2m=[0mPolymarket [3mbid[0m[2m=[0m0.44 [3mask[0m[2m=[0m0.46 [3mmid[0m[2m=[0m0.45 [3mbid_size[0m[2m=[0m2.32 [3mask_size[0m[2m=[0m133.02
[2m2026-04-12T20:18:04.057340Z[0m [34mDEBUG[0m [2mmercury::engine::detector[0m[2m:[0m No arb pairs registered for market — skipping detection [3mmarket_id[0m[2m=[0mbc548cd4-ced9-48e8-b131-410c92fb3a0e
[2m2026-04-12T20:18:04.057357Z[0m [34mDEBUG[0m [2mmercury::engine::detector[0m[2m:[0m No arb pairs registered for market — skipping detection [3mmarket_id[0m[2m=[0m39a28b31-a7f7-4e16-b2f1-1e1948be289c
[2m2026-04-12T20:18:04.057590Z[0m [34mDEBUG[0m [2mmercury::engine::detector[0m[2m:[0m No arb pairs registered for market — skipping detection [3mmarket_id[0m[2m=[0m189bf673-b643-45a5-be39-c4a3275d71a0
[2m2026-04-12T20:18:04.057702Z[0m [34mDEBUG[0m [2mmercury::engine::market_actor[0m[2m:[0m Tick received — running arb detection [3mmarket_id[0m[2m=[0m189bf673-b643-45a5-be39-c4a3275d71a0 [3mplatform[0m[2m=[0mPolymarket [3mbid[0m[2m=[0m0.4 [3mask[0m[2m=[0m0.41 [3mmid[0m[2m=[0m0.4050 [3mbid_size[0m[2m=[0m4738.4 [3mask_size[0m[2m=[0m169.76
[2m2026-04-12T20:18:04.057827Z[0m [34mDEBUG[0m [2mmercury::engine::detector[0m[2m:[0m No arb pairs registered for market — skipping detection [3mmarket_id[0m[2m=[0m189bf673-b643-45a5-be39-c4a3275d71a0
[2m2026-04-12T20:18:04.103473Z[0m [34mDEBUG[0m [2mmercury::engine::market_actor[0m[2m:[0m Tick received — running arb detection [3mmarket_id[0m[2m=[0m39a28b31-a7f7-4e16-b2f1-1e1948be289c [3mplatform[0m[2m=[0mPolymarket [3mbid[0m[2m=[0m0.4 [3mask[0m[2m=[0m0.41 [3mmid[0m[2m=[0m0.4050 [3mbid_size[0m[2m=[0m163.14 [3mask_size[0m[2m=[0m90.52
[2m2026-04-12T20:18:04.103713Z[0m [34mDEBUG[0m [2mmercury::engine::detector[0m[2m:[0m No arb pairs registered for market — skipping detection [3mmarket_id[0m[2m=[0m39a28b31-a7f7-4e16-b2f1-1e1948be289c
[2m2026-04-12T20:18:04.116185Z[0m [34mDEBUG[0m [2mmercury::engine::market_actor[0m[2m:[0m Tick received — running arb detection [3mmarket_id[0m[2m=[0m189bf673-b643-45a5-be39-c4a3275d71a0 [3mplatform[0m[2m=[0mPolymarket [3mbid[0m[2m=[0m0.4 [3mask[0m[2m=[0m0.41 [3mmid[0m[2m=[0m0.4050 [3mbid_size[0m[2m=[0m4713.4 [3mask_size[0m[2m=[0m169.76
[2m2026-04-12T20:18:04.116381Z[0m [34mDEBUG[0m [2mmercury::engine::detector[0m[2m:[0m No arb pairs registered for market — skipping detection [3mmarket_id[0m[2m=[0m189bf673-b643-45a5-be39-c4a3275d71a0
[2m2026-04-12T20:18:04.156380Z[0m [34mDEBUG[0m [2mmercury::engine::market_actor[0m[2m:[0m Tick received — running arb detection [3mmarket_id[0m[2m=[0m189bf673-b643-45a5-be39-c4a3275d71a0 [3mplatform[0m[2m=[0mPolymarket [3mbid[0m[2m=[0m0.4 [3mask[0m[2m=[0m0.41 [3mmid[0m[2m=[0m0.4050 [3mbid_size[0m[2m=[0m4713.4 [3mask_size[0m[2m=[0m169.76
[2m2026-04-12T20:18:04.156398Z[0m [34mDEBUG[0m [2mmercury::engine::market_actor[0m[2m:[0m Tick received — running arb detection [3mmarket_id[0m[2m=[0mbc548cd4-ced9-48e8-b131-410c92fb3a0e [3mplatform[0m[2m=[0mPolymarket [3mbid[0m[2m=[0m0.44 [3mask[0m[2m=[0m0.46 [3mmid[0m[2m=[0m0.45 [3mbid_size[0m[2m=[0m2.32 [3mask_size[0m[2m=[0m133.02
[2m2026-04-12T20:18:04.156587Z[0m [34mDEBUG[0m [2mmercury::engine::detector[0m[2m:[0m No arb pairs registered for market — skipping detection [3mmarket_id[0m[2m=[0m189bf673-b643-45a5-be39-c4a3275d71a0
[2m2026-04-12T20:18:04.156695Z[0m [34mDEBUG[0m [2mmercury::engine::detector[0m[2m:[0m No arb pairs registered for market — skipping detection [3mmarket_id[0m[2m=[0mbc548cd4-ced9-48e8-b131-410c92fb3a0e
[2m2026-04-12T20:18:04.156689Z[0m [34mDEBUG[0m [2mmercury::engine::market_actor[0m[2m:[0m Tick received — running arb detection [3mmarket_id[0m[2m=[0m189bf673-b643-45a5-be39-c4a3275d71a0 [3mplatform[0m[2m=[0mPolymarket [3mbid[0m[2m=[0m0.4 [3mask[0m[2m=[0m0.41 [3mmid[0m[2m=[0m0.4050 [3mbid_size[0m[2m=[0m4713.4 [3mask_size[0m[2m=[0m169.76
[2m2026-04-12T20:18:04.156826Z[0m [34mDEBUG[0m [2mmercury::engine::market_actor[0m[2m:[0m Tick received — running arb detection [3mmarket_id[0m[2m=[0mbc548cd4-ced9-48e8-b131-410c92fb3a0e [3mplatform[0m[2m=[0mPolymarket [3mbid[0m[2m=[0m0.44 [3mask[0m[2m=[0m0.46 [3mmid[0m[2m=[0m0.45 [3mbid_size[0m[2m=[0m2.32 [3mask_size[0m[2m=[0m133.02
[2m2026-04-12T20:18:04.156865Z[0m [34mDEBUG[0m [2mmercury::engine::detector[0m[2m:[0m No arb pairs registered for market — skipping detection [3mmarket_id[0m[2m=[0m189bf673-b643-45a5-be39-c4a3275d71a0
[2m2026-04-12T20:18:04.156978Z[0m [34mDEBUG[0m [2mmercury::engine::detector[0m[2m:[0m No arb pairs registered for market — skipping detection [3mmarket_id[0m[2m=[0mbc548cd4-ced9-48e8-b131-410c92fb3a0e
[2m2026-04-12T20:18:04.210737Z[0m [34mDEBUG[0m [2mmercury::engine::market_actor[0m[2m:[0m Tick received — running arb detection [3mmarket_id[0m[2m=[0m189bf673-b643-45a5-be39-c4a3275d71a0 [3mplatform[0m[2m=[0mPolymarket [3mbid[0m[2m=[0m0.4 [3mask[0m[2m=[0m0.41 [3mmid[0m[2m=[0m0.4050 [3mbid_size[0m[2m=[0m4713.4 [3mask_size[0m[2m=[0m169.76
[2m2026-04-12T20:18:04.210936Z[0m [34mDEBUG[0m [2mmercury::engine::detector[0m[2m:[0m No arb pairs registered for market — skipping detection [3mmarket_id[0m[2m=[0m189bf673-b643-45a5-be39-c4a3275d71a0
[2m2026-04-12T20:18:04.211045Z[0m [34mDEBUG[0m [2mmercury::engine::market_actor[0m[2m:[0m Tick received — running arb detection [3mmarket_id[0m[2m=[0m189bf673-b643-45a5-be39-c4a3275d71a0 [3mplatform[0m[2m=[0mPolymarket [3mbid[0m[2m=[0m0.4 [3mask[0m[2m=[0m0.41 [3mmid[0m[2m=[0m0.4050 [3mbid_size[0m[2m=[0m4713.4 [3mask_size[0m[2m=[0m169.76
[2m2026-04-12T20:18:04.211169Z[0m [34mDEBUG[0m [2mmercury::engine::detector[0m[2m:[0m No arb pairs registered for market — skipping detection [3mmarket_id[0m[2m=[0m189bf673-b643-45a5-be39-c4a3275d71a0
[2m2026-04-12T20:18:04.211260Z[0m [34mDEBUG[0m [2mmercury::engine::market_actor[0m[2m:[0m Tick received — running arb detection [3mmarket_id[0m[2m=[0m189bf673-b643-45a5-be39-c4a3275d71a0 [3mplatform[0m[2m=[0mPolymarket [3mbid[0m[2m=[0m0.4 [3mask[0m[2m=[0m0.41 [3mmid[0m[2m=[0m0.4050 [3mbid_size[0m[2m=[0m4713.4 [3mask_size[0m[2m=[0m169.76
[2m2026-04-12T20:18:04.211385Z[0m [34mDEBUG[0m [2mmercury::engine::detector[0m[2m:[0m No arb pairs registered for market — skipping detection [3mmarket_id[0m[2m=[0m189bf673-b643-45a5-be39-c4a3275d71a0
[2m2026-04-12T20:18:04.220954Z[0m [34mDEBUG[0m [2mmercury::engine::market_actor[0m[2m:[0m Tick received — running arb detection [3mmarket_id[0m[2m=[0m39a28b31-a7f7-4e16-b2f1-1e1948be289c [3mplatform[0m[2m=[0mPolymarket [3mbid[0m[2m=[0m0.4 [3mask[0m[2m=[0m0.41 [3mmid[0m[2m=[0m0.4050 [3mbid_size[0m[2m=[0m163.14 [3mask_size[0m[2m=[0m90.52
[2m2026-04-12T20:18:04.221309Z[0m [34mDEBUG[0m [2mmercury::engine::detector[0m[2m:[0m No arb pairs registered for market — skipping detection [3mmarket_id[0m[2m=[0m39a28b31-a7f7-4e16-b2f1-1e1948be289c
[2m2026-04-12T20:18:04.260233Z[0m [34mDEBUG[0m [2mmercury::engine::market_actor[0m[2m:[0m Tick received — running arb detection [3mmarket_id[0m[2m=[0m39a28b31-a7f7-4e16-b2f1-1e1948be289c [3mplatform[0m[2m=[0mPolymarket [3mbid[0m[2m=[0m0.4 [3mask[0m[2m=[0m0.41 [3mmid[0m[2m=[0m0.4050 [3mbid_size[0m[2m=[0m163.14 [3mask_size[0m[2m=[0m90.52
[2m2026-04-12T20:18:04.260562Z[0m [34mDEBUG[0m [2mmercury::engine::detector[0m[2m:[0m No arb pairs registered for market — skipping detection [3mmarket_id[0m[2m=[0m39a28b31-a7f7-4e16-b2f1-1e1948be289c
[2m2026-04-12T20:18:04.260790Z[0m [34mDEBUG[0m [2mmercury::engine::market_actor[0m[2m:[0m Tick received — running arb detection [3mmarket_id[0m[2m=[0m39a28b31-a7f7-4e16-b2f1-1e1948be289c [3mplatform[0m[2m=[0mPolymarket [3mbid[0m[2m=[0m0.4 [3mask[0m[2m=[0m0.41 [3mmid[0m[2m=[0m0.4050 [3mbid_size[0m[2m=[0m163.14 [3mask_size[0m[2m=[0m90.52
[2m2026-04-12T20:18:04.260947Z[0m [34mDEBUG[0m [2mmercury::engine::detector[0m[2m:[0m No arb pairs registered for market — skipping detection [3mmarket_id[0m[2m=[0m39a28b31-a7f7-4e16-b2f1-1e1948be289c
[2m2026-04-12T20:18:04.261067Z[0m [34mDEBUG[0m [2mmercury::engine::market_actor[0m[2m:[0m Tick received — running arb detection [3mmarket_id[0m[2m=[0m39a28b31-a7f7-4e16-b2f1-1e1948be289c [3mplatform[0m[2m=[0mPolymarket [3mbid[0m[2m=[0m0.4 [3mask[0m[2m=[0m0.41 [3mmid[0m[2m=[0m0.4050 [3mbid_size[0m[2m=[0m163.14 [3mask_size[0m[2m=[0m90.52
[2m2026-04-12T20:18:04.261232Z[0m [34mDEBUG[0m [2mmercury::engine::detector[0m[2m:[0m No arb pairs registered for market — skipping detection [3mmarket_id[0m[2m=[0m39a28b31-a7f7-4e16-b2f1-1e1948be289c
[2m2026-04-12T20:18:04.674648Z[0m [34mDEBUG[0m [2mmercury::feeds::polymarket[0m[2m:[0m Unknown Polymarket event type [3mevent_type[0m[2m=[0mbest_bid_ask
[2m2026-04-12T20:18:04.675090Z[0m [34mDEBUG[0m [2mmercury::engine::market_actor[0m[2m:[0m Tick received — running arb detection [3mmarket_id[0m[2m=[0m39a28b31-a7f7-4e16-b2f1-1e1948be289c [3mplatform[0m[2m=[0mPolymarket [3mbid[0m[2m=[0m0.4 [3mask[0m[2m=[0m0.41 [3mmid[0m[2m=[0m0.4050 [3mbid_size[0m[2m=[0m150.74 [3mask_size[0m[2m=[0m90.52
[2m2026-04-12T20:18:04.675254Z[0m [34mDEBUG[0m [2mmercury::engine::detector[0m[2m:[0m No arb pairs registered for market — skipping detection [3mmarket_id[0m[2m=[0m39a28b31-a7f7-4e16-b2f1-1e1948be289c
[2m2026-04-12T20:18:04.675483Z[0m [34mDEBUG[0m [2mmercury::engine::market_actor[0m[2m:[0m Tick received — running arb detection [3mmarket_id[0m[2m=[0m39a28b31-a7f7-4e16-b2f1-1e1948be289c [3mplatform[0m[2m=[0mPolymarket [3mbid[0m[2m=[0m0.4 [3mask[0m[2m=[0m0.41 [3mmid[0m[2m=[0m0.4050 [3mbid_size[0m[2m=[0m150.74 [3mask_size[0m[2m=[0m90.52
[2m2026-04-12T20:18:04.675628Z[0m [34mDEBUG[0m [2mmercury::engine::detector[0m[2m:[0m No arb pairs registered for market — skipping detection [3mmarket_id[0m[2m=[0m39a28b31-a7f7-4e16-b2f1-1e1948be289c
[2m2026-04-12T20:18:04.675719Z[0m [34mDEBUG[0m [2mmercury::engine::market_actor[0m[2m:[0m Tick received — running arb detection [3mmarket_id[0m[2m=[0m189bf673-b643-45a5-be39-c4a3275d71a0 [3mplatform[0m[2m=[0mPolymarket [3mbid[0m[2m=[0m0.4 [3mask[0m[2m=[0m0.41 [3mmid[0m[2m=[0m0.4050 [3mbid_size[0m[2m=[0m4713.4 [3mask_size[0m[2m=[0m169.76
[2m2026-04-12T20:18:04.675868Z[0m [34mDEBUG[0m [2mmercury::engine::detector[0m[2m:[0m No arb pairs registered for market — skipping detection [3mmarket_id[0m[2m=[0m189bf673-b643-45a5-be39-c4a3275d71a0
[2m2026-04-12T20:18:04.675976Z[0m [34mDEBUG[0m [2mmercury::engine::market_actor[0m[2m:[0m Tick received — running arb detection [3mmarket_id[0m[2m=[0m2285bae6-253b-4085-b0d1-0af34b5530b6 [3mplatform[0m[2m=[0mPolymarket [3mbid[0m[2m=[0m0.4 [3mask[0m[2m=[0m0.41 [3mmid[0m[2m=[0m0.4050 [3mbid_size[0m[2m=[0m5.4 [3mask_size[0m[2m=[0m68.86
[2m2026-04-12T20:18:04.675986Z[0m [34mDEBUG[0m [2mmercury::engine::market_actor[0m[2m:[0m Tick received — running arb detection [3mmarket_id[0m[2m=[0m189bf673-b643-45a5-be39-c4a3275d71a0 [3mplatform[0m[2m=[0mPolymarket [3mbid[0m[2m=[0m0.4 [3mask[0m[2m=[0m0.41 [3mmid[0m[2m=[0m0.4050 [3mbid_size[0m[2m=[0m4713.4 [3mask_size[0m[2m=[0m169.76
[2m2026-04-12T20:18:04.676111Z[0m [34mDEBUG[0m [2mmercury::engine::detector[0m[2m:[0m No arb pairs registered for market — skipping detection [3mmarket_id[0m[2m=[0m2285bae6-253b-4085-b0d1-0af34b5530b6
[2m2026-04-12T20:18:04.676187Z[0m [34mDEBUG[0m [2mmercury::engine::detector[0m[2m:[0m No arb pairs registered for market — skipping detection [3mmarket_id[0m[2m=[0m189bf673-b643-45a5-be39-c4a3275d71a0
[2m2026-04-12T20:18:04.676195Z[0m [34mDEBUG[0m [2mmercury::engine::market_actor[0m[2m:[0m Tick received — running arb detection [3mmarket_id[0m[2m=[0m2285bae6-253b-4085-b0d1-0af34b5530b6 [3mplatform[0m[2m=[0mPolymarket [3mbid[0m[2m=[0m0.4 [3mask[0m[2m=[0m0.41 [3mmid[0m[2m=[0m0.4050 [3mbid_size[0m[2m=[0m5.4 [3mask_size[0m[2m=[0m68.86
[2m2026-04-12T20:18:04.676301Z[0m [34mDEBUG[0m [2mmercury::engine::detector[0m[2m:[0m No arb pairs registered for market — skipping detection [3mmarket_id[0m[2m=[0m2285bae6-253b-4085-b0d1-0af34b5530b6
[2m2026-04-12T20:18:04.676350Z[0m [34mDEBUG[0m [2mmercury::engine::market_actor[0m[2m:[0m Tick received — running arb detection [3mmarket_id[0m[2m=[0m189bf673-b643-45a5-be39-c4a3275d71a0 [3mplatform[0m[2m=[0mPolymarket [3mbid[0m[2m=[0m0.4 [3mask[0m[2m=[0m0.41 [3mmid[0m[2m=[0m0.4050 [3mbid_size[0m[2m=[0m4713.4 [3mask_size[0m[2m=[0m169.76
[2m2026-04-12T20:18:04.676390Z[0m [34mDEBUG[0m [2mmercury::engine::market_actor[0m[2m:[0m Tick received — running arb detection [3mmarket_id[0m[2m=[0m2285bae6-253b-4085-b0d1-0af34b5530b6 [3mplatform[0m[2m=[0mPolymarket [3mbid[0m[2m=[0m0.4 [3mask[0m[2m=[0m0.41 [3mmid[0m[2m=[0m0.4050 [3mbid_size[0m[2m=[0m5.4 [3mask_size[0m[2m=[0m68.86
[2m2026-04-12T20:18:04.676409Z[0m [34mDEBUG[0m [2mmercury::feeds::polymarket[0m[2m:[0m Unknown Polymarket event type [3mevent_type[0m[2m=[0mbest_bid_ask
[2m2026-04-12T20:18:04.676480Z[0m [34mDEBUG[0m [2mmercury::engine::detector[0m[2m:[0m No arb pairs registered for market — skipping detection [3mmarket_id[0m[2m=[0m189bf673-b643-45a5-be39-c4a3275d71a0
[2m2026-04-12T20:18:04.676565Z[0m [34mDEBUG[0m [2mmercury::engine::market_actor[0m[2m:[0m Tick received — running arb detection [3mmarket_id[0m[2m=[0m189bf673-b643-45a5-be39-c4a3275d71a0 [3mplatform[0m[2m=[0mPolymarket [3mbid[0m[2m=[0m0.4 [3mask[0m[2m=[0m0.41 [3mmid[0m[2m=[0m0.4050 [3mbid_size[0m[2m=[0m4713.4 [3mask_size[0m[2m=[0m169.76
[2m2026-04-12T20:18:04.676588Z[0m [34mDEBUG[0m [2mmercury::engine::detector[0m[2m:[0m No arb pairs registered for market — skipping detection [3mmarket_id[0m[2m=[0m2285bae6-253b-4085-b0d1-0af34b5530b6
[2m2026-04-12T20:18:04.676681Z[0m [34mDEBUG[0m [2mmercury::engine::detector[0m[2m:[0m No arb pairs registered for market — skipping detection [3mmarket_id[0m[2m=[0m189bf673-b643-45a5-be39-c4a3275d71a0
[2m2026-04-12T20:18:04.676692Z[0m [34mDEBUG[0m [2mmercury::engine::market_actor[0m[2m:[0m Tick received — running arb detection [3mmarket_id[0m[2m=[0m2285bae6-253b-4085-b0d1-0af34b5530b6 [3mplatform[0m[2m=[0mPolymarket [3mbid[0m[2m=[0m0.4 [3mask[0m[2m=[0m0.41 [3mmid[0m[2m=[0m0.4050 [3mbid_size[0m[2m=[0m5.4 [3mask_size[0m[2m=[0m68.86
[2m2026-04-12T20:18:04.676700Z[0m [34mDEBUG[0m [2mmercury::engine::market_actor[0m[2m:[0m Tick received — running arb detection [3mmarket_id[0m[2m=[0m39a28b31-a7f7-4e16-b2f1-1e1948be289c [3mplatform[0m[2m=[0mPolymarket [3mbid[0m[2m=[0m0.4 [3mask[0m[2m=[0m0.41 [3mmid[0m[2m=[0m0.4050 [3mbid_size[0m[2m=[0m117.4 [3mask_size[0m[2m=[0m90.52
[2m2026-04-12T20:18:04.676796Z[0m [34mDEBUG[0m [2mmercury::engine::detector[0m[2m:[0m No arb pairs registered for market — skipping detection [3mmarket_id[0m[2m=[0m2285bae6-253b-4085-b0d1-0af34b5530b6
[2m2026-04-12T20:18:04.676908Z[0m [34mDEBUG[0m [2mmercury::engine::detector[0m[2m:[0m No arb pairs registered for market — skipping detection [3mmarket_id[0m[2m=[0m39a28b31-a7f7-4e16-b2f1-1e1948be289c
[2m2026-04-12T20:18:04.677097Z[0m [34mDEBUG[0m [2mmercury::engine::market_actor[0m[2m:[0m Tick received — running arb detection [3mmarket_id[0m[2m=[0m39a28b31-a7f7-4e16-b2f1-1e1948be289c [3mplatform[0m[2m=[0mPolymarket [3mbid[0m[2m=[0m0.4 [3mask[0m[2m=[0m0.41 [3mmid[0m[2m=[0m0.4050 [3mbid_size[0m[2m=[0m117.4 [3mask_size[0m[2m=[0m90.52
[2m2026-04-12T20:18:04.677215Z[0m [34mDEBUG[0m [2mmercury::engine::detector[0m[2m:[0m No arb pairs registered for market — skipping detection [3mmarket_id[0m[2m=[0m39a28b31-a7f7-4e16-b2f1-1e1948be289c
[2m2026-04-12T20:18:04.679736Z[0m [34mDEBUG[0m [2mmercury::engine::market_actor[0m[2m:[0m Tick received — running arb detection [3mmarket_id[0m[2m=[0m39a28b31-a7f7-4e16-b2f1-1e1948be289c [3mplatform[0m[2m=[0mPolymarket [3mbid[0m[2m=[0m0.4 [3mask[0m[2m=[0m0.41 [3mmid[0m[2m=[0m0.4050 [3mbid_size[0m[2m=[0m117.4 [3mask_size[0m[2m=[0m90.52
[2m2026-04-12T20:18:04.679862Z[0m [34mDEBUG[0m [2mmercury::engine::detector[0m[2m:[0m No arb pairs registered for market — skipping detection [3mmarket_id[0m[2m=[0m39a28b31-a7f7-4e16-b2f1-1e1948be289c
[2m2026-04-12T20:18:04.681476Z[0m [34mDEBUG[0m [2mmercury::engine::market_actor[0m[2m:[0m Tick received — running arb detection [3mmarket_id[0m[2m=[0m39a28b31-a7f7-4e16-b2f1-1e1948be289c [3mplatform[0m[2m=[0mPolymarket [3mbid[0m[2m=[0m0.4 [3mask[0m[2m=[0m0.41 [3mmid[0m[2m=[0m0.4050 [3mbid_size[0m[2m=[0m117.4 [3mask_size[0m[2m=[0m90.52
[2m2026-04-12T20:18:04.681676Z[0m [34mDEBUG[0m [2mmercury::engine::detector[0m[2m:[0m No arb pairs registered for market — skipping detection [3mmarket_id[0m[2m=[0m39a28b31-a7f7-4e16-b2f1-1e1948be289c
[2m2026-04-12T20:18:04.761326Z[0m [34mDEBUG[0m [2mmercury::engine::market_actor[0m[2m:[0m Tick received — running arb detection [3mmarket_id[0m[2m=[0m39a28b31-a7f7-4e16-b2f1-1e1948be289c [3mplatform[0m[2m=[0mPolymarket [3mbid[0m[2m=[0m0.4 [3mask[0m[2m=[0m0.41 [3mmid[0m[2m=[0m0.4050 [3mbid_size[0m[2m=[0m117.4 [3mask_size[0m[2m=[0m90.52
[2m2026-04-12T20:18:04.761685Z[0m [34mDEBUG[0m [2mmercury::engine::detector[0m[2m:[0m No arb pairs registered for market — skipping detection [3mmarket_id[0m[2m=[0m39a28b31-a7f7-4e16-b2f1-1e1948be289c
[2m2026-04-12T20:18:04.765756Z[0m [34mDEBUG[0m [2mmercury::engine::market_actor[0m[2m:[0m Tick received — running arb detection [3mmarket_id[0m[2m=[0m189bf673-b643-45a5-be39-c4a3275d71a0 [3mplatform[0m[2m=[0mPolymarket [3mbid[0m[2m=[0m0.4 [3mask[0m[2m=[0m0.41 [3mmid[0m[2m=[0m0.4050 [3mbid_size[0m[2m=[0m4713.4 [3mask_size[0m[2m=[0m169.76
[2m2026-04-12T20:18:04.766010Z[0m [34mDEBUG[0m [2mmercury::engine::detector[0m[2m:[0m No arb pairs registered for market — skipping detection [3mmarket_id[0m[2m=[0m189bf673-b643-45a5-be39-c4a3275d71a0
[2m2026-04-12T20:18:04.780345Z[0m [34mDEBUG[0m [2mmercury::engine::market_actor[0m[2m:[0m Tick received — running arb detection [3mmarket_id[0m[2m=[0m189bf673-b643-45a5-be39-c4a3275d71a0 [3mplatform[0m[2m=[0mPolymarket [3mbid[0m[2m=[0m0.4 [3mask[0m[2m=[0m0.41 [3mmid[0m[2m=[0m0.4050 [3mbid_size[0m[2m=[0m4713.4 [3mask_size[0m[2m=[0m189.76
[2m2026-04-12T20:18:04.780544Z[0m [34mDEBUG[0m [2mmercury::engine::detector[0m[2m:[0m No arb pairs registered for market — skipping detection [3mmarket_id[0m[2m=[0m189bf673-b643-45a5-be39-c4a3275d71a0
[2m2026-04-12T20:18:04.833279Z[0m [34mDEBUG[0m [2mmercury::engine::market_actor[0m[2m:[0m Tick received — running arb detection [3mmarket_id[0m[2m=[0m189bf673-b643-45a5-be39-c4a3275d71a0 [3mplatform[0m[2m=[0mPolymarket [3mbid[0m[2m=[0m0.4 [3mask[0m[2m=[0m0.41 [3mmid[0m[2m=[0m0.4050 [3mbid_size[0m[2m=[0m4713.4 [3mask_size[0m[2m=[0m189.76
[2m2026-04-12T20:18:04.833571Z[0m [34mDEBUG[0m [2mmercury::engine::detector[0m[2m:[0m No arb pairs registered for market — skipping detection [3mmarket_id[0m[2m=[0m189bf673-b643-45a5-be39-c4a3275d71a0
[2m2026-04-12T20:18:04.833705Z[0m [34mDEBUG[0m [2mmercury::engine::market_actor[0m[2m:[0m Tick received — running arb detection [3mmarket_id[0m[2m=[0m189bf673-b643-45a5-be39-c4a3275d71a0 [3mplatform[0m[2m=[0mPolymarket [3mbid[0m[2m=[0m0.4 [3mask[0m[2m=[0m0.41 [3mmid[0m[2m=[0m0.4050 [3mbid_size[0m[2m=[0m4713.4 [3mask_size[0m[2m=[0m189.76
[2m2026-04-12T20:18:04.833945Z[0m [34mDEBUG[0m [2mmercury::engine::detector[0m[2m:[0m No arb pairs registered for market — skipping detection [3mmarket_id[0m[2m=[0m189bf673-b643-45a5-be39-c4a3275d71a0
[2m2026-04-12T20:18:04.834114Z[0m [34mDEBUG[0m [2mmercury::engine::market_actor[0m[2m:[0m Tick received — running arb detection [3mmarket_id[0m[2m=[0m189bf673-b643-45a5-be39-c4a3275d71a0 [3mplatform[0m[2m=[0mPolymarket [3mbid[0m[2m=[0m0.4 [3mask[0m[2m=[0m0.41 [3mmid[0m[2m=[0m0.4050 [3mbid_size[0m[2m=[0m4713.4 [3mask_size[0m[2m=[0m189.76
[2m2026-04-12T20:18:04.834281Z[0m [34mDEBUG[0m [2mmercury::engine::detector[0m[2m:[0m No arb pairs registered for market — skipping detection [3mmarket_id[0m[2m=[0m189bf673-b643-45a5-be39-c4a3275d71a0
[2m2026-04-12T20:18:04.927385Z[0m [34mDEBUG[0m [2mmercury::feeds::polymarket[0m[2m:[0m Unknown Polymarket event type [3mevent_type[0m[2m=[0mbest_bid_ask
[2m2026-04-12T20:18:04.927980Z[0m [34mDEBUG[0m [2mmercury::engine::market_actor[0m[2m:[0m Tick received — running arb detection [3mmarket_id[0m[2m=[0m189bf673-b643-45a5-be39-c4a3275d71a0 [3mplatform[0m[2m=[0mPolymarket [3mbid[0m[2m=[0m0.4 [3mask[0m[2m=[0m0.41 [3mmid[0m[2m=[0m0.4050 [3mbid_size[0m[2m=[0m4713.4 [3mask_size[0m[2m=[0m184.88
[2m2026-04-12T20:18:04.928183Z[0m [34mDEBUG[0m [2mmercury::engine::detector[0m[2m:[0m No arb pairs registered for market — skipping detection [3mmarket_id[0m[2m=[0m189bf673-b643-45a5-be39-c4a3275d71a0
[2m2026-04-12T20:18:04.928611Z[0m [34mDEBUG[0m [2mmercury::engine::market_actor[0m[2m:[0m Tick received — running arb detection [3mmarket_id[0m[2m=[0m189bf673-b643-45a5-be39-c4a3275d71a0 [3mplatform[0m[2m=[0mPolymarket [3mbid[0m[2m=[0m0.4 [3mask[0m[2m=[0m0.41 [3mmid[0m[2m=[0m0.4050 [3mbid_size[0m[2m=[0m4713.4 [3mask_size[0m[2m=[0m184.88
[2m2026-04-12T20:18:04.928802Z[0m [34mDEBUG[0m [2mmercury::engine::detector[0m[2m:[0m No arb pairs registered for market — skipping detection [3mmarket_id[0m[2m=[0m189bf673-b643-45a5-be39-c4a3275d71a0
[2m2026-04-12T20:18:04.928934Z[0m [34mDEBUG[0m [2mmercury::engine::market_actor[0m[2m:[0m Tick received — running arb detection [3mmarket_id[0m[2m=[0m189bf673-b643-45a5-be39-c4a3275d71a0 [3mplatform[0m[2m=[0mPolymarket [3mbid[0m[2m=[0m0.4 [3mask[0m[2m=[0m0.41 [3mmid[0m[2m=[0m0.4050 [3mbid_size[0m[2m=[0m4713.4 [3mask_size[0m[2m=[0m184.88
[2m2026-04-12T20:18:04.929092Z[0m [34mDEBUG[0m [2mmercury::engine::detector[0m[2m:[0m No arb pairs registered for market — skipping detection [3mmarket_id[0m[2m=[0m189bf673-b643-45a5-be39-c4a3275d71a0
[2m2026-04-12T20:18:04.976191Z[0m [34mDEBUG[0m [2mmercury::engine::market_actor[0m[2m:[0m Tick received — running arb detection [3mmarket_id[0m[2m=[0m2285bae6-253b-4085-b0d1-0af34b5530b6 [3mplatform[0m[2m=[0mPolymarket [3mbid[0m[2m=[0m0.4 [3mask[0m[2m=[0m0.41 [3mmid[0m[2m=[0m0.4050 [3mbid_size[0m[2m=[0m5.4 [3mask_size[0m[2m=[0m68.86
[2m2026-04-12T20:18:04.976400Z[0m [34mDEBUG[0m [2mmercury::engine::market_actor[0m[2m:[0m Tick received — running arb detection [3mmarket_id[0m[2m=[0mbc548cd4-ced9-48e8-b131-410c92fb3a0e [3mplatform[0m[2m=[0mPolymarket [3mbid[0m[2m=[0m0.44 [3mask[0m[2m=[0m0.46 [3mmid[0m[2m=[0m0.45 [3mbid_size[0m[2m=[0m2.32 [3mask_size[0m[2m=[0m133.02
[2m2026-04-12T20:18:04.976435Z[0m [34mDEBUG[0m [2mmercury::engine::market_actor[0m[2m:[0m Tick received — running arb detection [3mmarket_id[0m[2m=[0m189bf673-b643-45a5-be39-c4a3275d71a0 [3mplatform[0m[2m=[0mPolymarket [3mbid[0m[2m=[0m0.4 [3mask[0m[2m=[0m0.41 [3mmid[0m[2m=[0m0.4050 [3mbid_size[0m[2m=[0m4713.4 [3mask_size[0m[2m=[0m184.88
[2m2026-04-12T20:18:04.976473Z[0m [34mDEBUG[0m [2mmercury::engine::detector[0m[2m:[0m No arb pairs registered for market — skipping detection [3mmarket_id[0m[2m=[0m2285bae6-253b-4085-b0d1-0af34b5530b6
[2m2026-04-12T20:18:04.976666Z[0m [34mDEBUG[0m [2mmercury::engine::detector[0m[2m:[0m No arb pairs registered for market — skipping detection [3mmarket_id[0m[2m=[0mbc548cd4-ced9-48e8-b131-410c92fb3a0e
[2m2026-04-12T20:18:04.976649Z[0m [34mDEBUG[0m [2mmercury::engine::market_actor[0m[2m:[0m Tick received — running arb detection [3mmarket_id[0m[2m=[0m39a28b31-a7f7-4e16-b2f1-1e1948be289c [3mplatform[0m[2m=[0mPolymarket [3mbid[0m[2m=[0m0.4 [3mask[0m[2m=[0m0.41 [3mmid[0m[2m=[0m0.4050 [3mbid_size[0m[2m=[0m117.4 [3mask_size[0m[2m=[0m90.52
[2m2026-04-12T20:18:04.976836Z[0m [34mDEBUG[0m [2mmercury::engine::market_actor[0m[2m:[0m Tick received — running arb detection [3mmarket_id[0m[2m=[0mbc548cd4-ced9-48e8-b131-410c92fb3a0e [3mplatform[0m[2m=[0mPolymarket [3mbid[0m[2m=[0m0.44 [3mask[0m[2m=[0m0.46 [3mmid[0m[2m=[0m0.45 [3mbid_size[0m[2m=[0m2.32 [3mask_size[0m[2m=[0m133.02
[2m2026-04-12T20:18:04.976855Z[0m [34mDEBUG[0m [2mmercury::engine::detector[0m[2m:[0m No arb pairs registered for market — skipping detection [3mmarket_id[0m[2m=[0m189bf673-b643-45a5-be39-c4a3275d71a0
[2m2026-04-12T20:18:04.977099Z[0m [34mDEBUG[0m [2mmercury::engine::detector[0m[2m:[0m No arb pairs registered for market — skipping detection [3mmarket_id[0m[2m=[0m39a28b31-a7f7-4e16-b2f1-1e1948be289c
[2m2026-04-12T20:18:04.977085Z[0m [34mDEBUG[0m [2mmercury::engine::market_actor[0m[2m:[0m Tick received — running arb detection [3mmarket_id[0m[2m=[0m189bf673-b643-45a5-be39-c4a3275d71a0 [3mplatform[0m[2m=[0mPolymarket [3mbid[0m[2m=[0m0.4 [3mask[0m[2m=[0m0.41 [3mmid[0m[2m=[0m0.4050 [3mbid_size[0m[2m=[0m4713.4 [3mask_size[0m[2m=[0m184.88
[2m2026-04-12T20:18:04.977237Z[0m [34mDEBUG[0m [2mmercury::engine::market_actor[0m[2m:[0m Tick received — running arb detection [3mmarket_id[0m[2m=[0m39a28b31-a7f7-4e16-b2f1-1e1948be289c [3mplatform[0m[2m=[0mPolymarket [3mbid[0m[2m=[0m0.4 [3mask[0m[2m=[0m0.41 [3mmid[0m[2m=[0m0.4050 [3mbid_size[0m[2m=[0m117.4 [3mask_size[0m[2m=[0m90.52
[2m2026-04-12T20:18:04.977298Z[0m [34mDEBUG[0m [2mmercury::engine::detector[0m[2m:[0m No arb pairs registered for market — skipping detection [3mmarket_id[0m[2m=[0mbc548cd4-ced9-48e8-b131-410c92fb3a0e
[2m2026-04-12T20:18:04.977307Z[0m [34mDEBUG[0m [2mmercury::engine::detector[0m[2m:[0m No arb pairs registered for market — skipping detection [3mmarket_id[0m[2m=[0m189bf673-b643-45a5-be39-c4a3275d71a0
[2m2026-04-12T20:18:04.977562Z[0m [34mDEBUG[0m [2mmercury::engine::detector[0m[2m:[0m No arb pairs registered for market — skipping detection [3mmarket_id[0m[2m=[0m39a28b31-a7f7-4e16-b2f1-1e1948be289c
[2m2026-04-12T20:18:04.980923Z[0m [34mDEBUG[0m [2mmercury::engine::market_actor[0m[2m:[0m Tick received — running arb detection [3mmarket_id[0m[2m=[0m189bf673-b643-45a5-be39-c4a3275d71a0 [3mplatform[0m[2m=[0mPolymarket [3mbid[0m[2m=[0m0.4 [3mask[0m[2m=[0m0.41 [3mmid[0m[2m=[0m0.4050 [3mbid_size[0m[2m=[0m4713.4 [3mask_size[0m[2m=[0m184.88
[2m2026-04-12T20:18:04.981192Z[0m [34mDEBUG[0m [2mmercury::engine::detector[0m[2m:[0m No arb pairs registered for market — skipping detection [3mmarket_id[0m[2m=[0m189bf673-b643-45a5-be39-c4a3275d71a0
[2m2026-04-12T20:18:04.989882Z[0m [34mDEBUG[0m [2mmercury::engine::market_actor[0m[2m:[0m Tick received — running arb detection [3mmarket_id[0m[2m=[0m189bf673-b643-45a5-be39-c4a3275d71a0 [3mplatform[0m[2m=[0mPolymarket [3mbid[0m[2m=[0m0.4 [3mask[0m[2m=[0m0.41 [3mmid[0m[2m=[0m0.4050 [3mbid_size[0m[2m=[0m4713.4 [3mask_size[0m[2m=[0m184.88
[2m2026-04-12T20:18:04.990137Z[0m [34mDEBUG[0m [2mmercury::engine::detector[0m[2m:[0m No arb pairs registered for market — skipping detection [3mmarket_id[0m[2m=[0m189bf673-b643-45a5-be39-c4a3275d71a0
[2m2026-04-12T20:18:05.029662Z[0m [34mDEBUG[0m [2mmercury::engine::market_actor[0m[2m:[0m Tick received — running arb detection [3mmarket_id[0m[2m=[0m189bf673-b643-45a5-be39-c4a3275d71a0 [3mplatform[0m[2m=[0mPolymarket [3mbid[0m[2m=[0m0.4 [3mask[0m[2m=[0m0.41 [3mmid[0m[2m=[0m0.4050 [3mbid_size[0m[2m=[0m4713.4 [3mask_size[0m[2m=[0m184.88
[2m2026-04-12T20:18:05.029853Z[0m [34mDEBUG[0m [2mmercury::engine::market_actor[0m[2m:[0m Tick received — running arb detection [3mmarket_id[0m[2m=[0m39a28b31-a7f7-4e16-b2f1-1e1948be289c [3mplatform[0m[2m=[0mPolymarket [3mbid[0m[2m=[0m0.4 [3mask[0m[2m=[0m0.41 [3mmid[0m[2m=[0m0.4050 [3mbid_size[0m[2m=[0m117.4 [3mask_size[0m[2m=[0m90.52
[2m2026-04-12T20:18:05.029913Z[0m [34mDEBUG[0m [2mmercury::engine::detector[0m[2m:[0m No arb pairs registered for market — skipping detection [3mmarket_id[0m[2m=[0m189bf673-b643-45a5-be39-c4a3275d71a0
[2m2026-04-12T20:18:05.030135Z[0m [34mDEBUG[0m [2mmercury::engine::detector[0m[2m:[0m No arb pairs registered for market — skipping detection [3mmarket_id[0m[2m=[0m39a28b31-a7f7-4e16-b2f1-1e1948be289c
[2m2026-04-12T20:18:05.030301Z[0m [34mDEBUG[0m [2mmercury::engine::market_actor[0m[2m:[0m Tick received — running arb detection [3mmarket_id[0m[2m=[0m39a28b31-a7f7-4e16-b2f1-1e1948be289c [3mplatform[0m[2m=[0mPolymarket [3mbid[0m[2m=[0m0.4 [3mask[0m[2m=[0m0.41 [3mmid[0m[2m=[0m0.4050 [3mbid_size[0m[2m=[0m117.4 [3mask_size[0m[2m=[0m90.52
[2m2026-04-12T20:18:05.030466Z[0m [34mDEBUG[0m [2mmercury::engine::detector[0m[2m:[0m No arb pairs registered for market — skipping detection [3mmarket_id[0m[2m=[0m39a28b31-a7f7-4e16-b2f1-1e1948be289c
[2m2026-04-12T20:18:05.030586Z[0m [34mDEBUG[0m [2mmercury::engine::market_actor[0m[2m:[0m Tick received — running arb detection [3mmarket_id[0m[2m=[0m39a28b31-a7f7-4e16-b2f1-1e1948be289c [3mplatform[0m[2m=[0mPolymarket [3mbid[0m[2m=[0m0.4 [3mask[0m[2m=[0m0.41 [3mmid[0m[2m=[0m0.4050 [3mbid_size[0m[2m=[0m117.4 [3mask_size[0m[2m=[0m90.52
[2m2026-04-12T20:18:05.030741Z[0m [34mDEBUG[0m [2mmercury::engine::detector[0m[2m:[0m No arb pairs registered for market — skipping detection [3mmarket_id[0m[2m=[0m39a28b31-a7f7-4e16-b2f1-1e1948be289c
[2m2026-04-12T20:18:05.034695Z[0m [34mDEBUG[0m [2mmercury::engine::market_actor[0m[2m:[0m Tick received — running arb detection [3mmarket_id[0m[2m=[0m39a28b31-a7f7-4e16-b2f1-1e1948be289c [3mplatform[0m[2m=[0mPolymarket [3mbid[0m[2m=[0m0.4 [3mask[0m[2m=[0m0.41 [3mmid[0m[2m=[0m0.4050 [3mbid_size[0m[2m=[0m175.4 [3mask_size[0m[2m=[0m90.52
[2m2026-04-12T20:18:05.034953Z[0m [34mDEBUG[0m [2mmercury::engine::detector[0m[2m:[0m No arb pairs registered for market — skipping detection [3mmarket_id[0m[2m=[0m39a28b31-a7f7-4e16-b2f1-1e1948be289c
[2m2026-04-12T20:18:05.040198Z[0m [34mDEBUG[0m [2mmercury::engine::market_actor[0m[2m:[0m Tick received — running arb detection [3mmarket_id[0m[2m=[0m39a28b31-a7f7-4e16-b2f1-1e1948be289c [3mplatform[0m[2m=[0mPolymarket [3mbid[0m[2m=[0m0.4 [3mask[0m[2m=[0m0.41 [3mmid[0m[2m=[0m0.4050 [3mbid_size[0m[2m=[0m175.4 [3mask_size[0m[2m=[0m90.52
[2m2026-04-12T20:18:05.040214Z[0m [34mDEBUG[0m [2mmercury::engine::market_actor[0m[2m:[0m Tick received — running arb detection [3mmarket_id[0m[2m=[0mbc548cd4-ced9-48e8-b131-410c92fb3a0e [3mplatform[0m[2m=[0mPolymarket [3mbid[0m[2m=[0m0.44 [3mask[0m[2m=[0m0.46 [3mmid[0m[2m=[0m0.45 [3mbid_size[0m[2m=[0m2.32 [3mask_size[0m[2m=[0m133.02
[2m2026-04-12T20:18:05.040360Z[0m [34mDEBUG[0m [2mmercury::engine::market_actor[0m[2m:[0m Tick received — running arb detection [3mmarket_id[0m[2m=[0m189bf673-b643-45a5-be39-c4a3275d71a0 [3mplatform[0m[2m=[0mPolymarket [3mbid[0m[2m=[0m0.4 [3mask[0m[2m=[0m0.41 [3mmid[0m[2m=[0m0.4050 [3mbid_size[0m[2m=[0m4713.4 [3mask_size[0m[2m=[0m184.88
[2m2026-04-12T20:18:05.040391Z[0m [34mDEBUG[0m [2mmercury::engine::market_actor[0m[2m:[0m Tick received — running arb detection [3mmarket_id[0m[2m=[0m2285bae6-253b-4085-b0d1-0af34b5530b6 [3mplatform[0m[2m=[0mPolymarket [3mbid[0m[2m=[0m0.4 [3mask[0m[2m=[0m0.41 [3mmid[0m[2m=[0m0.4050 [3mbid_size[0m[2m=[0m5.4 [3mask_size[0m[2m=[0m68.86
[2m2026-04-12T20:18:05.040414Z[0m [34mDEBUG[0m [2mmercury::engine::detector[0m[2m:[0m No arb pairs registered for market — skipping detection [3mmarket_id[0m[2m=[0m39a28b31-a7f7-4e16-b2f1-1e1948be289c
[2m2026-04-12T20:18:05.040587Z[0m [34mDEBUG[0m [2mmercury::engine::market_actor[0m[2m:[0m Tick received — running arb detection [3mmarket_id[0m[2m=[0m39a28b31-a7f7-4e16-b2f1-1e1948be289c [3mplatform[0m[2m=[0mPolymarket [3mbid[0m[2m=[0m0.4 [3mask[0m[2m=[0m0.41 [3mmid[0m[2m=[0m0.4050 [3mbid_size[0m[2m=[0m175.4 [3mask_size[0m[2m=[0m90.52
[2m2026-04-12T20:18:05.040611Z[0m [34mDEBUG[0m [2mmercury::engine::detector[0m[2m:[0m No arb pairs registered for market — skipping detection [3mmarket_id[0m[2m=[0m189bf673-b643-45a5-be39-c4a3275d71a0
[2m2026-04-12T20:18:05.040764Z[0m [34mDEBUG[0m [2mmercury::engine::detector[0m[2m:[0m No arb pairs registered for market — skipping detection [3mmarket_id[0m[2m=[0mbc548cd4-ced9-48e8-b131-410c92fb3a0e
[2m2026-04-12T20:18:05.040762Z[0m [34mDEBUG[0m [2mmercury::engine::detector[0m[2m:[0m No arb pairs registered for market — skipping detection [3mmarket_id[0m[2m=[0m2285bae6-253b-4085-b0d1-0af34b5530b6
[2m2026-04-12T20:18:05.040844Z[0m [34mDEBUG[0m [2mmercury::engine::market_actor[0m[2m:[0m Tick received — running arb detection [3mmarket_id[0m[2m=[0m189bf673-b643-45a5-be39-c4a3275d71a0 [3mplatform[0m[2m=[0mPolymarket [3mbid[0m[2m=[0m0.4 [3mask[0m[2m=[0m0.41 [3mmid[0m[2m=[0m0.4050 [3mbid_size[0m[2m=[0m4713.4 [3mask_size[0m[2m=[0m184.88
[2m2026-04-12T20:18:05.040881Z[0m [34mDEBUG[0m [2mmercury::engine::market_actor[0m[2m:[0m Tick received — running arb detection [3mmarket_id[0m[2m=[0mbc548cd4-ced9-48e8-b131-410c92fb3a0e [3mplatform[0m[2m=[0mPolymarket [3mbid[0m[2m=[0m0.44 [3mask[0m[2m=[0m0.46 [3mmid[0m[2m=[0m0.45 [3mbid_size[0m[2m=[0m2.32 [3mask_size[0m[2m=[0m133.02
[2m2026-04-12T20:18:05.040913Z[0m [34mDEBUG[0m [2mmercury::engine::detector[0m[2m:[0m No arb pairs registered for market — skipping detection [3mmarket_id[0m[2m=[0m39a28b31-a7f7-4e16-b2f1-1e1948be289c
[2m2026-04-12T20:18:05.041047Z[0m [34mDEBUG[0m [2mmercury::engine::detector[0m[2m:[0m No arb pairs registered for market — skipping detection [3mmarket_id[0m[2m=[0m189bf673-b643-45a5-be39-c4a3275d71a0
[2m2026-04-12T20:18:05.041175Z[0m [34mDEBUG[0m [2mmercury::engine::detector[0m[2m:[0m No arb pairs registered for market — skipping detection [3mmarket_id[0m[2m=[0mbc548cd4-ced9-48e8-b131-410c92fb3a0e
[2m2026-04-12T20:18:05.139798Z[0m [34mDEBUG[0m [2mmercury::engine::market_actor[0m[2m:[0m Tick received — running arb detection [3mmarket_id[0m[2m=[0m39a28b31-a7f7-4e16-b2f1-1e1948be289c [3mplatform[0m[2m=[0mPolymarket [3mbid[0m[2m=[0m0.4 [3mask[0m[2m=[0m0.41 [3mmid[0m[2m=[0m0.4050 [3mbid_size[0m[2m=[0m175.4 [3mask_size[0m[2m=[0m90.52
[2m2026-04-12T20:18:05.139993Z[0m [34mDEBUG[0m [2mmercury::engine::detector[0m[2m:[0m No arb pairs registered for market — skipping detection [3mmarket_id[0m[2m=[0m39a28b31-a7f7-4e16-b2f1-1e1948be289c
[2m2026-04-12T20:18:05.140088Z[0m [34mDEBUG[0m [2mmercury::engine::market_actor[0m[2m:[0m Tick received — running arb detection [3mmarket_id[0m[2m=[0m39a28b31-a7f7-4e16-b2f1-1e1948be289c [3mplatform[0m[2m=[0mPolymarket [3mbid[0m[2m=[0m0.4 [3mask[0m[2m=[0m0.41 [3mmid[0m[2m=[0m0.4050 [3mbid_size[0m[2m=[0m175.4 [3mask_size[0m[2m=[0m90.52
[2m2026-04-12T20:18:05.140208Z[0m [34mDEBUG[0m [2mmercury::engine::detector[0m[2m:[0m No arb pairs registered for market — skipping detection [3mmarket_id[0m[2m=[0m39a28b31-a7f7-4e16-b2f1-1e1948be289c
[2m2026-04-12T20:18:05.140305Z[0m [34mDEBUG[0m [2mmercury::engine::market_actor[0m[2m:[0m Tick received — running arb detection [3mmarket_id[0m[2m=[0m39a28b31-a7f7-4e16-b2f1-1e1948be289c [3mplatform[0m[2m=[0mPolymarket [3mbid[0m[2m=[0m0.4 [3mask[0m[2m=[0m0.41 [3mmid[0m[2m=[0m0.4050 [3mbid_size[0m[2m=[0m175.4 [3mask_size[0m[2m=[0m90.52
[2m2026-04-12T20:18:05.140424Z[0m [34mDEBUG[0m [2mmercury::engine::detector[0m[2m:[0m No arb pairs registered for market — skipping detection [3mmarket_id[0m[2m=[0m39a28b31-a7f7-4e16-b2f1-1e1948be289c
[2m2026-04-12T20:18:05.140464Z[0m [34mDEBUG[0m [2mmercury::engine::market_actor[0m[2m:[0m Tick received — running arb detection [3mmarket_id[0m[2m=[0m189bf673-b643-45a5-be39-c4a3275d71a0 [3mplatform[0m[2m=[0mPolymarket [3mbid[0m[2m=[0m0.4 [3mask[0m[2m=[0m0.41 [3mmid[0m[2m=[0m0.4050 [3mbid_size[0m[2m=[0m4713.4 [3mask_size[0m[2m=[0m184.88
[2m2026-04-12T20:18:05.140526Z[0m [34mDEBUG[0m [2mmercury::engine::market_actor[0m[2m:[0m Tick received — running arb detection [3mmarket_id[0m[2m=[0m39a28b31-a7f7-4e16-b2f1-1e1948be289c [3mplatform[0m[2m=[0mPolymarket [3mbid[0m[2m=[0m0.4 [3mask[0m[2m=[0m0.41 [3mmid[0m[2m=[0m0.4050 [3mbid_size[0m[2m=[0m175.4 [3mask_size[0m[2m=[0m90.52
[2m2026-04-12T20:18:05.140616Z[0m [34mDEBUG[0m [2mmercury::engine::detector[0m[2m:[0m No arb pairs registered for market — skipping detection [3mmarket_id[0m[2m=[0m189bf673-b643-45a5-be39-c4a3275d71a0
[2m2026-04-12T20:18:05.140694Z[0m [34mDEBUG[0m [2mmercury::engine::market_actor[0m[2m:[0m Tick received — running arb detection [3mmarket_id[0m[2m=[0m2b958b37-9921-40b8-b22d-64a67138ae70 [3mplatform[0m[2m=[0mPolymarket [3mbid[0m[2m=[0m0.5 [3mask[0m[2m=[0m0.51 [3mmid[0m[2m=[0m0.5050 [3mbid_size[0m[2m=[0m112 [3mask_size[0m[2m=[0m10
[2m2026-04-12T20:18:05.140724Z[0m [34mDEBUG[0m [2mmercury::engine::market_actor[0m[2m:[0m Tick received — running arb detection [3mmarket_id[0m[2m=[0m189bf673-b643-45a5-be39-c4a3275d71a0 [3mplatform[0m[2m=[0mPolymarket [3mbid[0m[2m=[0m0.4 [3mask[0m[2m=[0m0.41 [3mmid[0m[2m=[0m0.4050 [3mbid_size[0m[2m=[0m4713.4 [3mask_size[0m[2m=[0m184.88
[2m2026-04-12T20:18:05.140738Z[0m [34mDEBUG[0m [2mmercury::engine::detector[0m[2m:[0m No arb pairs registered for market — skipping detection [3mmarket_id[0m[2m=[0m39a28b31-a7f7-4e16-b2f1-1e1948be289c
[2m2026-04-12T20:18:05.140732Z[0m [34mDEBUG[0m [2mmercury::engine::market_actor[0m[2m:[0m Tick received — running arb detection [3mmarket_id[0m[2m=[0mbc548cd4-ced9-48e8-b131-410c92fb3a0e [3mplatform[0m[2m=[0mPolymarket [3mbid[0m[2m=[0m0.44 [3mask[0m[2m=[0m0.46 [3mmid[0m[2m=[0m0.45 [3mbid_size[0m[2m=[0m2.32 [3mask_size[0m[2m=[0m133.02
[2m2026-04-12T20:18:05.140905Z[0m [34mDEBUG[0m [2mmercury::engine::detector[0m[2m:[0m No arb pairs registered for market — skipping detection [3mmarket_id[0m[2m=[0mbc548cd4-ced9-48e8-b131-410c92fb3a0e
[2m2026-04-12T20:18:05.140894Z[0m [34mDEBUG[0m [2mmercury::engine::market_actor[0m[2m:[0m Tick received — running arb detection [3mmarket_id[0m[2m=[0m39a28b31-a7f7-4e16-b2f1-1e1948be289c [3mplatform[0m[2m=[0mPolymarket [3mbid[0m[2m=[0m0.4 [3mask[0m[2m=[0m0.41 [3mmid[0m[2m=[0m0.4050 [3mbid_size[0m[2m=[0m175.4 [3mask_size[0m[2m=[0m90.52
[2m2026-04-12T20:18:05.141010Z[0m [34mDEBUG[0m [2mmercury::engine::detector[0m[2m:[0m No arb pairs registered for market — skipping detection [3mmarket_id[0m[2m=[0m2b958b37-9921-40b8-b22d-64a67138ae70
[2m2026-04-12T20:18:05.141009Z[0m [34mDEBUG[0m [2mmercury::engine::market_actor[0m[2m:[0m Tick received — running arb detection [3mmarket_id[0m[2m=[0mbc548cd4-ced9-48e8-b131-410c92fb3a0e [3mplatform[0m[2m=[0mPolymarket [3mbid[0m[2m=[0m0.44 [3mask[0m[2m=[0m0.46 [3mmid[0m[2m=[0m0.45 [3mbid_size[0m[2m=[0m2.32 [3mask_size[0m[2m=[0m133.02
[2m2026-04-12T20:18:05.141153Z[0m [34mDEBUG[0m [2mmercury::engine::detector[0m[2m:[0m No arb pairs registered for market — skipping detection [3mmarket_id[0m[2m=[0m189bf673-b643-45a5-be39-c4a3275d71a0
[2m2026-04-12T20:18:05.141296Z[0m [34mDEBUG[0m [2mmercury::engine::detector[0m[2m:[0m No arb pairs registered for market — skipping detection [3mmarket_id[0m[2m=[0m39a28b31-a7f7-4e16-b2f1-1e1948be289c
[2m2026-04-12T20:18:05.141410Z[0m [34mDEBUG[0m [2mmercury::engine::market_actor[0m[2m:[0m Tick received — running arb detection [3mmarket_id[0m[2m=[0m39a28b31-a7f7-4e16-b2f1-1e1948be289c [3mplatform[0m[2m=[0mPolymarket [3mbid[0m[2m=[0m0.4 [3mask[0m[2m=[0m0.41 [3mmid[0m[2m=[0m0.4050 [3mbid_size[0m[2m=[0m175.4 [3mask_size[0m[2m=[0m90.52
[2m2026-04-12T20:18:05.141449Z[0m [34mDEBUG[0m [2mmercury::engine::detector[0m[2m:[0m No arb pairs registered for market — skipping detection [3mmarket_id[0m[2m=[0mbc548cd4-ced9-48e8-b131-410c92fb3a0e
[2m2026-04-12T20:18:05.141552Z[0m [34mDEBUG[0m [2mmercury::engine::detector[0m[2m:[0m No arb pairs registered for market — skipping detection [3mmarket_id[0m[2m=[0m39a28b31-a7f7-4e16-b2f1-1e1948be289c
[2m2026-04-12T20:18:05.141565Z[0m [34mDEBUG[0m [2mmercury::engine::market_actor[0m[2m:[0m Tick received — running arb detection [3mmarket_id[0m[2m=[0mbc548cd4-ced9-48e8-b131-410c92fb3a0e [3mplatform[0m[2m=[0mPolymarket [3mbid[0m[2m=[0m0.44 [3mask[0m[2m=[0m0.46 [3mmid[0m[2m=[0m0.45 [3mbid_size[0m[2m=[0m2.32 [3mask_size[0m[2m=[0m133.02
[2m2026-04-12T20:18:05.141693Z[0m [34mDEBUG[0m [2mmercury::engine::detector[0m[2m:[0m No arb pairs registered for market — skipping detection [3mmarket_id[0m[2m=[0mbc548cd4-ced9-48e8-b131-410c92fb3a0e
[2m2026-04-12T20:18:05.242627Z[0m [34mDEBUG[0m [2mmercury::feeds::polymarket[0m[2m:[0m Unknown Polymarket event type [3mevent_type[0m[2m=[0mbest_bid_ask
[2m2026-04-12T20:18:05.243111Z[0m [34mDEBUG[0m [2mmercury::engine::market_actor[0m[2m:[0m Tick received — running arb detection [3mmarket_id[0m[2m=[0m189bf673-b643-45a5-be39-c4a3275d71a0 [3mplatform[0m[2m=[0mPolymarket [3mbid[0m[2m=[0m0.4 [3mask[0m[2m=[0m0.41 [3mmid[0m[2m=[0m0.4050 [3mbid_size[0m[2m=[0m4705.4 [3mask_size[0m[2m=[0m184.88
[2m2026-04-12T20:18:05.243256Z[0m [34mDEBUG[0m [2mmercury::engine::detector[0m[2m:[0m No arb pairs registered for market — skipping detection [3mmarket_id[0m[2m=[0m189bf673-b643-45a5-be39-c4a3275d71a0
[2m2026-04-12T20:18:05.243491Z[0m [34mDEBUG[0m [2mmercury::engine::market_actor[0m[2m:[0m Tick received — running arb detection [3mmarket_id[0m[2m=[0m189bf673-b643-45a5-be39-c4a3275d71a0 [3mplatform[0m[2m=[0mPolymarket [3mbid[0m[2m=[0m0.4 [3mask[0m[2m=[0m0.41 [3mmid[0m[2m=[0m0.4050 [3mbid_size[0m[2m=[0m4705.4 [3mask_size[0m[2m=[0m184.88
[2m2026-04-12T20:18:05.243616Z[0m [34mDEBUG[0m [2mmercury::engine::detector[0m[2m:[0m No arb pairs registered for market — skipping detection [3mmarket_id[0m[2m=[0m189bf673-b643-45a5-be39-c4a3275d71a0
[2m2026-04-12T20:18:05.282638Z[0m [34mDEBUG[0m [2mmercury::engine::market_actor[0m[2m:[0m Tick received — running arb detection [3mmarket_id[0m[2m=[0m39a28b31-a7f7-4e16-b2f1-1e1948be289c [3mplatform[0m[2m=[0mPolymarket [3mbid[0m[2m=[0m0.4 [3mask[0m[2m=[0m0.41 [3mmid[0m[2m=[0m0.4050 [3mbid_size[0m[2m=[0m175.4 [3mask_size[0m[2m=[0m90.52
[2m2026-04-12T20:18:05.282686Z[0m [34mDEBUG[0m [2mmercury::engine::market_actor[0m[2m:[0m Tick received — running arb detection [3mmarket_id[0m[2m=[0m2285bae6-253b-4085-b0d1-0af34b5530b6 [3mplatform[0m[2m=[0mPolymarket [3mbid[0m[2m=[0m0.4 [3mask[0m[2m=[0m0.41 [3mmid[0m[2m=[0m0.4050 [3mbid_size[0m[2m=[0m5.4 [3mask_size[0m[2m=[0m68.86
[2m2026-04-12T20:18:05.282773Z[0m [34mDEBUG[0m [2mmercury::engine::detector[0m[2m:[0m No arb pairs registered for market — skipping detection [3mmarket_id[0m[2m=[0m39a28b31-a7f7-4e16-b2f1-1e1948be289c
[2m2026-04-12T20:18:05.282843Z[0m [34mDEBUG[0m [2mmercury::engine::detector[0m[2m:[0m No arb pairs registered for market — skipping detection [3mmarket_id[0m[2m=[0m2285bae6-253b-4085-b0d1-0af34b5530b6
[2m2026-04-12T20:18:05.282835Z[0m [34mDEBUG[0m [2mmercury::engine::market_actor[0m[2m:[0m Tick received — running arb detection [3mmarket_id[0m[2m=[0m39a28b31-a7f7-4e16-b2f1-1e1948be289c [3mplatform[0m[2m=[0mPolymarket [3mbid[0m[2m=[0m0.4 [3mask[0m[2m=[0m0.41 [3mmid[0m[2m=[0m0.4050 [3mbid_size[0m[2m=[0m175.4 [3mask_size[0m[2m=[0m90.52
[2m2026-04-12T20:18:05.282958Z[0m [34mDEBUG[0m [2mmercury::engine::market_actor[0m[2m:[0m Tick received — running arb detection [3mmarket_id[0m[2m=[0m2285bae6-253b-4085-b0d1-0af34b5530b6 [3mplatform[0m[2m=[0mPolymarket [3mbid[0m[2m=[0m0.4 [3mask[0m[2m=[0m0.41 [3mmid[0m[2m=[0m0.4050 [3mbid_size[0m[2m=[0m5.4 [3mask_size[0m[2m=[0m68.86
[2m2026-04-12T20:18:05.282978Z[0m [34mDEBUG[0m [2mmercury::engine::detector[0m[2m:[0m No arb pairs registered for market — skipping detection [3mmarket_id[0m[2m=[0m39a28b31-a7f7-4e16-b2f1-1e1948be289c
[2m2026-04-12T20:18:05.283033Z[0m [34mDEBUG[0m [2mmercury::engine::detector[0m[2m:[0m No arb pairs registered for market — skipping detection [3mmarket_id[0m[2m=[0m2285bae6-253b-4085-b0d1-0af34b5530b6
[2m2026-04-12T20:18:05.283090Z[0m [34mDEBUG[0m [2mmercury::engine::market_actor[0m[2m:[0m Tick received — running arb detection [3mmarket_id[0m[2m=[0m2285bae6-253b-4085-b0d1-0af34b5530b6 [3mplatform[0m[2m=[0mPolymarket [3mbid[0m[2m=[0m0.4 [3mask[0m[2m=[0m0.41 [3mmid[0m[2m=[0m0.4050 [3mbid_size[0m[2m=[0m5.4 [3mask_size[0m[2m=[0m68.86
[2m2026-04-12T20:18:05.283130Z[0m [34mDEBUG[0m [2mmercury::engine::market_actor[0m[2m:[0m Tick received — running arb detection [3mmarket_id[0m[2m=[0m189bf673-b643-45a5-be39-c4a3275d71a0 [3mplatform[0m[2m=[0mPolymarket [3mbid[0m[2m=[0m0.4 [3mask[0m[2m=[0m0.41 [3mmid[0m[2m=[0m0.4050 [3mbid_size[0m[2m=[0m4705.4 [3mask_size[0m[2m=[0m184.88
[2m2026-04-12T20:18:05.283163Z[0m [34mDEBUG[0m [2mmercury::engine::detector[0m[2m:[0m No arb pairs registered for market — skipping detection [3mmarket_id[0m[2m=[0m2285bae6-253b-4085-b0d1-0af34b5530b6
[2m2026-04-12T20:18:05.283239Z[0m [34mDEBUG[0m [2mmercury::engine::detector[0m[2m:[0m No arb pairs registered for market — skipping detection [3mmarket_id[0m[2m=[0m189bf673-b643-45a5-be39-c4a3275d71a0
[2m2026-04-12T20:18:05.283243Z[0m [34mDEBUG[0m [2mmercury::engine::market_actor[0m[2m:[0m Tick received — running arb detection [3mmarket_id[0m[2m=[0m2285bae6-253b-4085-b0d1-0af34b5530b6 [3mplatform[0m[2m=[0mPolymarket [3mbid[0m[2m=[0m0.4 [3mask[0m[2m=[0m0.41 [3mmid[0m[2m=[0m0.4050 [3mbid_size[0m[2m=[0m5.4 [3mask_size[0m[2m=[0m68.86
[2m2026-04-12T20:18:05.283310Z[0m [34mDEBUG[0m [2mmercury::engine::detector[0m[2m:[0m No arb pairs registered for market — skipping detection [3mmarket_id[0m[2m=[0m2285bae6-253b-4085-b0d1-0af34b5530b6
[2m2026-04-12T20:18:05.283368Z[0m [34mDEBUG[0m [2mmercury::engine::market_actor[0m[2m:[0m Tick received — running arb detection [3mmarket_id[0m[2m=[0m2285bae6-253b-4085-b0d1-0af34b5530b6 [3mplatform[0m[2m=[0mPolymarket [3mbid[0m[2m=[0m0.4 [3mask[0m[2m=[0m0.41 [3mmid[0m[2m=[0m0.4050 [3mbid_size[0m[2m=[0m5.4 [3mask_size[0m[2m=[0m68.86
[2m2026-04-12T20:18:05.283435Z[0m [34mDEBUG[0m [2mmercury::engine::detector[0m[2m:[0m No arb pairs registered for market — skipping detection [3mmarket_id[0m[2m=[0m2285bae6-253b-4085-b0d1-0af34b5530b6
[2m2026-04-12T20:18:05.288586Z[0m [34mDEBUG[0m [2mmercury::engine::market_actor[0m[2m:[0m Tick received — running arb detection [3mmarket_id[0m[2m=[0m39a28b31-a7f7-4e16-b2f1-1e1948be289c [3mplatform[0m[2m=[0mPolymarket [3mbid[0m[2m=[0m0.4 [3mask[0m[2m=[0m0.41 [3mmid[0m[2m=[0m0.4050 [3mbid_size[0m[2m=[0m175.4 [3mask_size[0m[2m=[0m90.52
[2m2026-04-12T20:18:05.288813Z[0m [34mDEBUG[0m [2mmercury::engine::detector[0m[2m:[0m No arb pairs registered for market — skipping detection [3mmarket_id[0m[2m=[0m39a28b31-a7f7-4e16-b2f1-1e1948be289c
[2m2026-04-12T20:18:05.289198Z[0m [34mDEBUG[0m [2mmercury::engine::market_actor[0m[2m:[0m Tick received — running arb detection [3mmarket_id[0m[2m=[0m39a28b31-a7f7-4e16-b2f1-1e1948be289c [3mplatform[0m[2m=[0mPolymarket [3mbid[0m[2m=[0m0.4 [3mask[0m[2m=[0m0.41 [3mmid[0m[2m=[0m0.4050 [3mbid_size[0m[2m=[0m175.4 [3mask_size[0m[2m=[0m90.52
[2m2026-04-12T20:18:05.289360Z[0m [34mDEBUG[0m [2mmercury::engine::detector[0m[2m:[0m No arb pairs registered for market — skipping detection [3mmarket_id[0m[2m=[0m39a28b31-a7f7-4e16-b2f1-1e1948be289c
[2m2026-04-12T20:18:05.296392Z[0m [34mDEBUG[0m [2mmercury::engine::market_actor[0m[2m:[0m Tick received — running arb detection [3mmarket_id[0m[2m=[0m2285bae6-253b-4085-b0d1-0af34b5530b6 [3mplatform[0m[2m=[0mPolymarket [3mbid[0m[2m=[0m0.4 [3mask[0m[2m=[0m0.41 [3mmid[0m[2m=[0m0.4050 [3mbid_size[0m[2m=[0m5.4 [3mask_size[0m[2m=[0m68.86
[2m2026-04-12T20:18:05.296392Z[0m [34mDEBUG[0m [2mmercury::engine::market_actor[0m[2m:[0m Tick received — running arb detection [3mmarket_id[0m[2m=[0m189bf673-b643-45a5-be39-c4a3275d71a0 [3mplatform[0m[2m=[0mPolymarket [3mbid[0m[2m=[0m0.4 [3mask[0m[2m=[0m0.41 [3mmid[0m[2m=[0m0.4050 [3mbid_size[0m[2m=[0m4538.69 [3mask_size[0m[2m=[0m184.88
[2m2026-04-12T20:18:05.296592Z[0m [34mDEBUG[0m [2mmercury::engine::detector[0m[2m:[0m No arb pairs registered for market — skipping detection [3mmarket_id[0m[2m=[0m2285bae6-253b-4085-b0d1-0af34b5530b6
[2m2026-04-12T20:18:05.296723Z[0m [34mDEBUG[0m [2mmercury::engine::detector[0m[2m:[0m No arb pairs registered for market — skipping detection [3mmarket_id[0m[2m=[0m189bf673-b643-45a5-be39-c4a3275d71a0
[2m2026-04-12T20:18:05.347061Z[0m [34mDEBUG[0m [2mmercury::engine::market_actor[0m[2m:[0m Tick received — running arb detection [3mmarket_id[0m[2m=[0m2285bae6-253b-4085-b0d1-0af34b5530b6 [3mplatform[0m[2m=[0mPolymarket [3mbid[0m[2m=[0m0.4 [3mask[0m[2m=[0m0.41 [3mmid[0m[2m=[0m0.4050 [3mbid_size[0m[2m=[0m5.4 [3mask_size[0m[2m=[0m68.86
[2m2026-04-12T20:18:05.347097Z[0m [34mDEBUG[0m [2mmercury::engine::market_actor[0m[2m:[0m Tick received — running arb detection [3mmarket_id[0m[2m=[0m39a28b31-a7f7-4e16-b2f1-1e1948be289c [3mplatform[0m[2m=[0mPolymarket [3mbid[0m[2m=[0m0.4 [3mask[0m[2m=[0m0.41 [3mmid[0m[2m=[0m0.4050 [3mbid_size[0m[2m=[0m175.4 [3mask_size[0m[2m=[0m90.52
[2m2026-04-12T20:18:05.347354Z[0m [34mDEBUG[0m [2mmercury::engine::detector[0m[2m:[0m No arb pairs registered for market — skipping detection [3mmarket_id[0m[2m=[0m2285bae6-253b-4085-b0d1-0af34b5530b6
[2m2026-04-12T20:18:05.347479Z[0m [34mDEBUG[0m [2mmercury::engine::detector[0m[2m:[0m No arb pairs registered for market — skipping detection [3mmarket_id[0m[2m=[0m39a28b31-a7f7-4e16-b2f1-1e1948be289c
[2m2026-04-12T20:18:05.355814Z[0m [34mDEBUG[0m [2mmercury::engine::market_actor[0m[2m:[0m Tick received — running arb detection [3mmarket_id[0m[2m=[0m2b958b37-9921-40b8-b22d-64a67138ae70 [3mplatform[0m[2m=[0mPolymarket [3mbid[0m[2m=[0m0.5 [3mask[0m[2m=[0m0.51 [3mmid[0m[2m=[0m0.5050 [3mbid_size[0m[2m=[0m112 [3mask_size[0m[2m=[0m10
[2m2026-04-12T20:18:05.355901Z[0m [34mDEBUG[0m [2mmercury::engine::detector[0m[2m:[0m No arb pairs registered for market — skipping detection [3mmarket_id[0m[2m=[0m2b958b37-9921-40b8-b22d-64a67138ae70
[2m2026-04-12T20:18:05.438766Z[0m [34mDEBUG[0m [2mmercury::engine::market_actor[0m[2m:[0m Tick received — running arb detection [3mmarket_id[0m[2m=[0m39a28b31-a7f7-4e16-b2f1-1e1948be289c [3mplatform[0m[2m=[0mPolymarket [3mbid[0m[2m=[0m0.4 [3mask[0m[2m=[0m0.41 [3mmid[0m[2m=[0m0.4050 [3mbid_size[0m[2m=[0m175.4 [3mask_size[0m[2m=[0m90.52
[2m2026-04-12T20:18:05.439030Z[0m [34mDEBUG[0m [2mmercury::engine::detector[0m[2m:[0m No arb pairs registered for market — skipping detection [3mmarket_id[0m[2m=[0m39a28b31-a7f7-4e16-b2f1-1e1948be289c
[2m2026-04-12T20:18:05.439118Z[0m [34mDEBUG[0m [2mmercury::engine::market_actor[0m[2m:[0m Tick received — running arb detection [3mmarket_id[0m[2m=[0m39a28b31-a7f7-4e16-b2f1-1e1948be289c [3mplatform[0m[2m=[0mPolymarket [3mbid[0m[2m=[0m0.4 [3mask[0m[2m=[0m0.41 [3mmid[0m[2m=[0m0.4050 [3mbid_size[0m[2m=[0m175.4 [3mask_size[0m[2m=[0m90.52
[2m2026-04-12T20:18:05.439143Z[0m [34mDEBUG[0m [2mmercury::engine::market_actor[0m[2m:[0m Tick received — running arb detection [3mmarket_id[0m[2m=[0m189bf673-b643-45a5-be39-c4a3275d71a0 [3mplatform[0m[2m=[0mPolymarket [3mbid[0m[2m=[0m0.4 [3mask[0m[2m=[0m0.41 [3mmid[0m[2m=[0m0.4050 [3mbid_size[0m[2m=[0m4538.69 [3mask_size[0m[2m=[0m184.88
[2m2026-04-12T20:18:05.439243Z[0m [34mDEBUG[0m [2mmercury::engine::detector[0m[2m:[0m No arb pairs registered for market — skipping detection [3mmarket_id[0m[2m=[0m39a28b31-a7f7-4e16-b2f1-1e1948be289c
[2m2026-04-12T20:18:05.439241Z[0m [34mDEBUG[0m [2mmercury::engine::market_actor[0m[2m:[0m Tick received — running arb detection [3mmarket_id[0m[2m=[0m2285bae6-253b-4085-b0d1-0af34b5530b6 [3mplatform[0m[2m=[0mPolymarket [3mbid[0m[2m=[0m0.4 [3mask[0m[2m=[0m0.41 [3mmid[0m[2m=[0m0.4050 [3mbid_size[0m[2m=[0m5.4 [3mask_size[0m[2m=[0m68.86
[2m2026-04-12T20:18:05.439314Z[0m [34mDEBUG[0m [2mmercury::engine::detector[0m[2m:[0m No arb pairs registered for market — skipping detection [3mmarket_id[0m[2m=[0m189bf673-b643-45a5-be39-c4a3275d71a0
[2m2026-04-12T20:18:05.439311Z[0m [34mDEBUG[0m [2mmercury::engine::market_actor[0m[2m:[0m Tick received — running arb detection [3mmarket_id[0m[2m=[0m39a28b31-a7f7-4e16-b2f1-1e1948be289c [3mplatform[0m[2m=[0mPolymarket [3mbid[0m[2m=[0m0.4 [3mask[0m[2m=[0m0.41 [3mmid[0m[2m=[0m0.4050 [3mbid_size[0m[2m=[0m175.4 [3mask_size[0m[2m=[0m90.52
[2m2026-04-12T20:18:05.439432Z[0m [34mDEBUG[0m [2mmercury::engine::detector[0m[2m:[0m No arb pairs registered for market — skipping detection [3mmarket_id[0m[2m=[0m2285bae6-253b-4085-b0d1-0af34b5530b6
[2m2026-04-12T20:18:05.439431Z[0m [34mDEBUG[0m [2mmercury::engine::market_actor[0m[2m:[0m Tick received — running arb detection [3mmarket_id[0m[2m=[0m189bf673-b643-45a5-be39-c4a3275d71a0 [3mplatform[0m[2m=[0mPolymarket [3mbid[0m[2m=[0m0.4 [3mask[0m[2m=[0m0.41 [3mmid[0m[2m=[0m0.4050 [3mbid_size[0m[2m=[0m4538.69 [3mask_size[0m[2m=[0m184.88
[2m2026-04-12T20:18:05.439624Z[0m [34mDEBUG[0m [2mmercury::engine::detector[0m[2m:[0m No arb pairs registered for market — skipping detection [3mmarket_id[0m[2m=[0m39a28b31-a7f7-4e16-b2f1-1e1948be289c
[2m2026-04-12T20:18:05.439793Z[0m [34mDEBUG[0m [2mmercury::engine::detector[0m[2m:[0m No arb pairs registered for market — skipping detection [3mmarket_id[0m[2m=[0m189bf673-b643-45a5-be39-c4a3275d71a0
[2m2026-04-12T20:18:05.439906Z[0m [34mDEBUG[0m [2mmercury::engine::market_actor[0m[2m:[0m Tick received — running arb detection [3mmarket_id[0m[2m=[0m189bf673-b643-45a5-be39-c4a3275d71a0 [3mplatform[0m[2m=[0mPolymarket [3mbid[0m[2m=[0m0.4 [3mask[0m[2m=[0m0.41 [3mmid[0m[2m=[0m0.4050 [3mbid_size[0m[2m=[0m4538.69 [3mask_size[0m[2m=[0m184.88
[2m2026-04-12T20:18:05.440015Z[0m [34mDEBUG[0m [2mmercury::engine::detector[0m[2m:[0m No arb pairs registered for market — skipping detection [3mmarket_id[0m[2m=[0m189bf673-b643-45a5-be39-c4a3275d71a0
[2m2026-04-12T20:18:05.652203Z[0m [34mDEBUG[0m [2mmercury::engine::market_actor[0m[2m:[0m Tick received — running arb detection [3mmarket_id[0m[2m=[0m189bf673-b643-45a5-be39-c4a3275d71a0 [3mplatform[0m[2m=[0mPolymarket [3mbid[0m[2m=[0m0.4 [3mask[0m[2m=[0m0.41 [3mmid[0m[2m=[0m0.4050 [3mbid_size[0m[2m=[0m4538.69 [3mask_size[0m[2m=[0m184.88
[2m2026-04-12T20:18:05.652396Z[0m [34mDEBUG[0m [2mmercury::engine::detector[0m[2m:[0m No arb pairs registered for market — skipping detection [3mmarket_id[0m[2m=[0m189bf673-b643-45a5-be39-c4a3275d71a0
[2m2026-04-12T20:18:05.652473Z[0m [34mDEBUG[0m [2mmercury::engine::market_actor[0m[2m:[0m Tick received — running arb detection [3mmarket_id[0m[2m=[0m189bf673-b643-45a5-be39-c4a3275d71a0 [3mplatform[0m[2m=[0mPolymarket [3mbid[0m[2m=[0m0.4 [3mask[0m[2m=[0m0.41 [3mmid[0m[2m=[0m0.4050 [3mbid_size[0m[2m=[0m4538.69 [3mask_size[0m[2m=[0m184.88
[2m2026-04-12T20:18:05.652584Z[0m [34mDEBUG[0m [2mmercury::engine::detector[0m[2m:[0m No arb pairs registered for market — skipping detection [3mmarket_id[0m[2m=[0m189bf673-b643-45a5-be39-c4a3275d71a0
[2m2026-04-12T20:18:05.702167Z[0m [34mDEBUG[0m [2mmercury::engine::market_actor[0m[2m:[0m Tick received — running arb detection [3mmarket_id[0m[2m=[0m2285bae6-253b-4085-b0d1-0af34b5530b6 [3mplatform[0m[2m=[0mPolymarket [3mbid[0m[2m=[0m0.4 [3mask[0m[2m=[0m0.41 [3mmid[0m[2m=[0m0.4050 [3mbid_size[0m[2m=[0m5.4 [3mask_size[0m[2m=[0m68.86
[2m2026-04-12T20:18:05.702352Z[0m [34mDEBUG[0m [2mmercury::engine::detector[0m[2m:[0m No arb pairs registered for market — skipping detection [3mmarket_id[0m[2m=[0m2285bae6-253b-4085-b0d1-0af34b5530b6
[2m2026-04-12T20:18:05.795680Z[0m [34mDEBUG[0m [2mmercury::engine::market_actor[0m[2m:[0m Tick received — running arb detection [3mmarket_id[0m[2m=[0mbc548cd4-ced9-48e8-b131-410c92fb3a0e [3mplatform[0m[2m=[0mPolymarket [3mbid[0m[2m=[0m0.44 [3mask[0m[2m=[0m0.46 [3mmid[0m[2m=[0m0.45 [3mbid_size[0m[2m=[0m2.32 [3mask_size[0m[2m=[0m133.02
[2m2026-04-12T20:18:05.795745Z[0m [34mDEBUG[0m [2mmercury::engine::market_actor[0m[2m:[0m Tick received — running arb detection [3mmarket_id[0m[2m=[0m189bf673-b643-45a5-be39-c4a3275d71a0 [3mplatform[0m[2m=[0mPolymarket [3mbid[0m[2m=[0m0.4 [3mask[0m[2m=[0m0.41 [3mmid[0m[2m=[0m0.4050 [3mbid_size[0m[2m=[0m4538.69 [3mask_size[0m[2m=[0m184.88
[2m2026-04-12T20:18:05.795935Z[0m [34mDEBUG[0m [2mmercury::engine::detector[0m[2m:[0m No arb pairs registered for market — skipping detection [3mmarket_id[0m[2m=[0mbc548cd4-ced9-48e8-b131-410c92fb3a0e
[2m2026-04-12T20:18:05.796041Z[0m [34mDEBUG[0m [2mmercury::engine::detector[0m[2m:[0m No arb pairs registered for market — skipping detection [3mmarket_id[0m[2m=[0m189bf673-b643-45a5-be39-c4a3275d71a0
[2m2026-04-12T20:18:05.798793Z[0m [34mDEBUG[0m [2mmercury::engine::market_actor[0m[2m:[0m Tick received — running arb detection [3mmarket_id[0m[2m=[0m39a28b31-a7f7-4e16-b2f1-1e1948be289c [3mplatform[0m[2m=[0mPolymarket [3mbid[0m[2m=[0m0.4 [3mask[0m[2m=[0m0.41 [3mmid[0m[2m=[0m0.4050 [3mbid_size[0m[2m=[0m175.4 [3mask_size[0m[2m=[0m90.52
[2m2026-04-12T20:18:05.798910Z[0m [34mDEBUG[0m [2mmercury::engine::detector[0m[2m:[0m No arb pairs registered for market — skipping detection [3mmarket_id[0m[2m=[0m39a28b31-a7f7-4e16-b2f1-1e1948be289c
[2m2026-04-12T20:18:05.799033Z[0m [34mDEBUG[0m [2mmercury::engine::market_actor[0m[2m:[0m Tick received — running arb detection [3mmarket_id[0m[2m=[0m189bf673-b643-45a5-be39-c4a3275d71a0 [3mplatform[0m[2m=[0mPolymarket [3mbid[0m[2m=[0m0.4 [3mask[0m[2m=[0m0.41 [3mmid[0m[2m=[0m0.4050 [3mbid_size[0m[2m=[0m4538.69 [3mask_size[0m[2m=[0m184.88
[2m2026-04-12T20:18:05.799170Z[0m [34mDEBUG[0m [2mmercury::engine::detector[0m[2m:[0m No arb pairs registered for market — skipping detection [3mmarket_id[0m[2m=[0m189bf673-b643-45a5-be39-c4a3275d71a0
[2m2026-04-12T20:18:05.803564Z[0m [34mDEBUG[0m [2mmercury::engine::market_actor[0m[2m:[0m Tick received — running arb detection [3mmarket_id[0m[2m=[0m39a28b31-a7f7-4e16-b2f1-1e1948be289c [3mplatform[0m[2m=[0mPolymarket [3mbid[0m[2m=[0m0.4 [3mask[0m[2m=[0m0.41 [3mmid[0m[2m=[0m0.4050 [3mbid_size[0m[2m=[0m175.4 [3mask_size[0m[2m=[0m90.52
[2m2026-04-12T20:18:05.803695Z[0m [34mDEBUG[0m [2mmercury::engine::detector[0m[2m:[0m No arb pairs registered for market — skipping detection [3mmarket_id[0m[2m=[0m39a28b31-a7f7-4e16-b2f1-1e1948be289c
[2m2026-04-12T20:18:05.803822Z[0m [34mDEBUG[0m [2mmercury::engine::market_actor[0m[2m:[0m Tick received — running arb detection [3mmarket_id[0m[2m=[0m39a28b31-a7f7-4e16-b2f1-1e1948be289c [3mplatform[0m[2m=[0mPolymarket [3mbid[0m[2m=[0m0.4 [3mask[0m[2m=[0m0.41 [3mmid[0m[2m=[0m0.4050 [3mbid_size[0m[2m=[0m175.4 [3mask_size[0m[2m=[0m90.52
[2m2026-04-12T20:18:05.803928Z[0m [34mDEBUG[0m [2mmercury::engine::detector[0m[2m:[0m No arb pairs registered for market — skipping detection [3mmarket_id[0m[2m=[0m39a28b31-a7f7-4e16-b2f1-1e1948be289c
[2m2026-04-12T20:18:05.805111Z[0m [34mDEBUG[0m [2mmercury::engine::market_actor[0m[2m:[0m Tick received — running arb detection [3mmarket_id[0m[2m=[0m189bf673-b643-45a5-be39-c4a3275d71a0 [3mplatform[0m[2m=[0mPolymarket [3mbid[0m[2m=[0m0.4 [3mask[0m[2m=[0m0.41 [3mmid[0m[2m=[0m0.4050 [3mbid_size[0m[2m=[0m4538.69 [3mask_size[0m[2m=[0m184.88
[2m2026-04-12T20:18:05.805243Z[0m [34mDEBUG[0m [2mmercury::engine::detector[0m[2m:[0m No arb pairs registered for market — skipping detection [3mmarket_id[0m[2m=[0m189bf673-b643-45a5-be39-c4a3275d71a0
[2m2026-04-12T20:18:05.859617Z[0m [34mDEBUG[0m [2mmercury::engine::market_actor[0m[2m:[0m Tick received — running arb detection [3mmarket_id[0m[2m=[0m189bf673-b643-45a5-be39-c4a3275d71a0 [3mplatform[0m[2m=[0mPolymarket [3mbid[0m[2m=[0m0.4 [3mask[0m[2m=[0m0.41 [3mmid[0m[2m=[0m0.4050 [3mbid_size[0m[2m=[0m4538.69 [3mask_size[0m[2m=[0m184.88
[2m2026-04-12T20:18:05.859666Z[0m [34mDEBUG[0m [2mmercury::engine::market_actor[0m[2m:[0m Tick received — running arb detection [3mmarket_id[0m[2m=[0m39a28b31-a7f7-4e16-b2f1-1e1948be289c [3mplatform[0m[2m=[0mPolymarket [3mbid[0m[2m=[0m0.4 [3mask[0m[2m=[0m0.41 [3mmid[0m[2m=[0m0.4050 [3mbid_size[0m[2m=[0m175.4 [3mask_size[0m[2m=[0m90.52
[2m2026-04-12T20:18:05.859852Z[0m [34mDEBUG[0m [2mmercury::engine::detector[0m[2m:[0m No arb pairs registered for market — skipping detection [3mmarket_id[0m[2m=[0m189bf673-b643-45a5-be39-c4a3275d71a0
[2m2026-04-12T20:18:05.860010Z[0m [34mDEBUG[0m [2mmercury::engine::detector[0m[2m:[0m No arb pairs registered for market — skipping detection [3mmarket_id[0m[2m=[0m39a28b31-a7f7-4e16-b2f1-1e1948be289c
[2m2026-04-12T20:18:05.860148Z[0m [34mDEBUG[0m [2mmercury::engine::market_actor[0m[2m:[0m Tick received — running arb detection [3mmarket_id[0m[2m=[0m39a28b31-a7f7-4e16-b2f1-1e1948be289c [3mplatform[0m[2m=[0mPolymarket [3mbid[0m[2m=[0m0.4 [3mask[0m[2m=[0m0.41 [3mmid[0m[2m=[0m0.4050 [3mbid_size[0m[2m=[0m175.4 [3mask_size[0m[2m=[0m90.52
[2m2026-04-12T20:18:05.860234Z[0m [34mDEBUG[0m [2mmercury::engine::detector[0m[2m:[0m No arb pairs registered for market — skipping detection [3mmarket_id[0m[2m=[0m39a28b31-a7f7-4e16-b2f1-1e1948be289c
[2m2026-04-12T20:18:05.860375Z[0m [34mDEBUG[0m [2mmercury::engine::market_actor[0m[2m:[0m Tick received — running arb detection [3mmarket_id[0m[2m=[0m39a28b31-a7f7-4e16-b2f1-1e1948be289c [3mplatform[0m[2m=[0mPolymarket [3mbid[0m[2m=[0m0.4 [3mask[0m[2m=[0m0.41 [3mmid[0m[2m=[0m0.4050 [3mbid_size[0m[2m=[0m117.4 [3mask_size[0m[2m=[0m90.52
[2m2026-04-12T20:18:05.860547Z[0m [34mDEBUG[0m [2mmercury::engine::detector[0m[2m:[0m No arb pairs registered for market — skipping detection [3mmarket_id[0m[2m=[0m39a28b31-a7f7-4e16-b2f1-1e1948be289c
[2m2026-04-12T20:18:05.860599Z[0m [34mDEBUG[0m [2mmercury::engine::market_actor[0m[2m:[0m Tick received — running arb detection [3mmarket_id[0m[2m=[0m39a28b31-a7f7-4e16-b2f1-1e1948be289c [3mplatform[0m[2m=[0mPolymarket [3mbid[0m[2m=[0m0.4 [3mask[0m[2m=[0m0.41 [3mmid[0m[2m=[0m0.4050 [3mbid_size[0m[2m=[0m117.4 [3mask_size[0m[2m=[0m90.52
[2m2026-04-12T20:18:05.860698Z[0m [34mDEBUG[0m [2mmercury::engine::detector[0m[2m:[0m No arb pairs registered for market — skipping detection [3mmarket_id[0m[2m=[0m39a28b31-a7f7-4e16-b2f1-1e1948be289c
[2m2026-04-12T20:18:05.897212Z[0m [34mDEBUG[0m [2mmercury::engine::market_actor[0m[2m:[0m Tick received — running arb detection [3mmarket_id[0m[2m=[0m39a28b31-a7f7-4e16-b2f1-1e1948be289c [3mplatform[0m[2m=[0mPolymarket [3mbid[0m[2m=[0m0.4 [3mask[0m[2m=[0m0.41 [3mmid[0m[2m=[0m0.4050 [3mbid_size[0m[2m=[0m117.4 [3mask_size[0m[2m=[0m90.52
[2m2026-04-12T20:18:05.897212Z[0m [34mDEBUG[0m [2mmercury::engine::market_actor[0m[2m:[0m Tick received — running arb detection [3mmarket_id[0m[2m=[0m189bf673-b643-45a5-be39-c4a3275d71a0 [3mplatform[0m[2m=[0mPolymarket [3mbid[0m[2m=[0m0.4 [3mask[0m[2m=[0m0.41 [3mmid[0m[2m=[0m0.4050 [3mbid_size[0m[2m=[0m4538.69 [3mask_size[0m[2m=[0m184.88
[2m2026-04-12T20:18:05.897502Z[0m [34mDEBUG[0m [2mmercury::engine::detector[0m[2m:[0m No arb pairs registered for market — skipping detection [3mmarket_id[0m[2m=[0m39a28b31-a7f7-4e16-b2f1-1e1948be289c
[2m2026-04-12T20:18:05.897631Z[0m [34mDEBUG[0m [2mmercury::engine::detector[0m[2m:[0m No arb pairs registered for market — skipping detection [3mmarket_id[0m[2m=[0m189bf673-b643-45a5-be39-c4a3275d71a0
[2m2026-04-12T20:18:05.961000Z[0m [34mDEBUG[0m [2mmercury::engine::market_actor[0m[2m:[0m Tick received — running arb detection [3mmarket_id[0m[2m=[0m2285bae6-253b-4085-b0d1-0af34b5530b6 [3mplatform[0m[2m=[0mPolymarket [3mbid[0m[2m=[0m0.4 [3mask[0m[2m=[0m0.41 [3mmid[0m[2m=[0m0.4050 [3mbid_size[0m[2m=[0m5.4 [3mask_size[0m[2m=[0m68.86
[2m2026-04-12T20:18:05.961037Z[0m [34mDEBUG[0m [2mmercury::engine::market_actor[0m[2m:[0m Tick received — running arb detection [3mmarket_id[0m[2m=[0m189bf673-b643-45a5-be39-c4a3275d71a0 [3mplatform[0m[2m=[0mPolymarket [3mbid[0m[2m=[0m0.4 [3mask[0m[2m=[0m0.41 [3mmid[0m[2m=[0m0.4050 [3mbid_size[0m[2m=[0m4538.69 [3mask_size[0m[2m=[0m184.88
[2m2026-04-12T20:18:05.961360Z[0m [34mDEBUG[0m [2mmercury::engine::market_actor[0m[2m:[0m Tick received — running arb detection [3mmarket_id[0m[2m=[0mbc548cd4-ced9-48e8-b131-410c92fb3a0e [3mplatform[0m[2m=[0mPolymarket [3mbid[0m[2m=[0m0.44 [3mask[0m[2m=[0m0.46 [3mmid[0m[2m=[0m0.45 [3mbid_size[0m[2m=[0m2.32 [3mask_size[0m[2m=[0m133.02
[2m2026-04-12T20:18:05.961483Z[0m [34mDEBUG[0m [2mmercury::engine::detector[0m[2m:[0m No arb pairs registered for market — skipping detection [3mmarket_id[0m[2m=[0m189bf673-b643-45a5-be39-c4a3275d71a0
[2m2026-04-12T20:18:05.961490Z[0m [34mDEBUG[0m [2mmercury::engine::detector[0m[2m:[0m No arb pairs registered for market — skipping detection [3mmarket_id[0m[2m=[0m2285bae6-253b-4085-b0d1-0af34b5530b6
[2m2026-04-12T20:18:05.961573Z[0m [34mDEBUG[0m [2mmercury::engine::market_actor[0m[2m:[0m Tick received — running arb detection [3mmarket_id[0m[2m=[0m39a28b31-a7f7-4e16-b2f1-1e1948be289c [3mplatform[0m[2m=[0mPolymarket [3mbid[0m[2m=[0m0.4 [3mask[0m[2m=[0m0.41 [3mmid[0m[2m=[0m0.4050 [3mbid_size[0m[2m=[0m117.4 [3mask_size[0m[2m=[0m90.52
[2m2026-04-12T20:18:05.961574Z[0m [34mDEBUG[0m [2mmercury::engine::market_actor[0m[2m:[0m Tick received — running arb detection [3mmarket_id[0m[2m=[0m189bf673-b643-45a5-be39-c4a3275d71a0 [3mplatform[0m[2m=[0mPolymarket [3mbid[0m[2m=[0m0.4 [3mask[0m[2m=[0m0.41 [3mmid[0m[2m=[0m0.4050 [3mbid_size[0m[2m=[0m4538.69 [3mask_size[0m[2m=[0m184.88
[2m2026-04-12T20:18:05.961591Z[0m [34mDEBUG[0m [2mmercury::engine::detector[0m[2m:[0m No arb pairs registered for market — skipping detection [3mmarket_id[0m[2m=[0mbc548cd4-ced9-48e8-b131-410c92fb3a0e
[2m2026-04-12T20:18:05.961906Z[0m [34mDEBUG[0m [2mmercury::engine::market_actor[0m[2m:[0m Tick received — running arb detection [3mmarket_id[0m[2m=[0mbc548cd4-ced9-48e8-b131-410c92fb3a0e [3mplatform[0m[2m=[0mPolymarket [3mbid[0m[2m=[0m0.44 [3mask[0m[2m=[0m0.46 [3mmid[0m[2m=[0m0.45 [3mbid_size[0m[2m=[0m2.32 [3mask_size[0m[2m=[0m133.02
[2m2026-04-12T20:18:05.961916Z[0m [34mDEBUG[0m [2mmercury::engine::detector[0m[2m:[0m No arb pairs registered for market — skipping detection [3mmarket_id[0m[2m=[0m39a28b31-a7f7-4e16-b2f1-1e1948be289c
[2m2026-04-12T20:18:05.962247Z[0m [34mDEBUG[0m [2mmercury::engine::detector[0m[2m:[0m No arb pairs registered for market — skipping detection [3mmarket_id[0m[2m=[0m189bf673-b643-45a5-be39-c4a3275d71a0
[2m2026-04-12T20:18:05.962405Z[0m [34mDEBUG[0m [2mmercury::engine::detector[0m[2m:[0m No arb pairs registered for market — skipping detection [3mmarket_id[0m[2m=[0mbc548cd4-ced9-48e8-b131-410c92fb3a0e
[2m2026-04-12T20:18:05.969093Z[0m [34mDEBUG[0m [2mmercury::engine::market_actor[0m[2m:[0m Tick received — running arb detection [3mmarket_id[0m[2m=[0m39a28b31-a7f7-4e16-b2f1-1e1948be289c [3mplatform[0m[2m=[0mPolymarket [3mbid[0m[2m=[0m0.4 [3mask[0m[2m=[0m0.41 [3mmid[0m[2m=[0m0.4050 [3mbid_size[0m[2m=[0m117.4 [3mask_size[0m[2m=[0m90.52
[2m2026-04-12T20:18:05.969140Z[0m [34mDEBUG[0m [2mmercury::engine::market_actor[0m[2m:[0m Tick received — running arb detection [3mmarket_id[0m[2m=[0m189bf673-b643-45a5-be39-c4a3275d71a0 [3mplatform[0m[2m=[0mPolymarket [3mbid[0m[2m=[0m0.4 [3mask[0m[2m=[0m0.41 [3mmid[0m[2m=[0m0.4050 [3mbid_size[0m[2m=[0m4538.69 [3mask_size[0m[2m=[0m184.88
[2m2026-04-12T20:18:05.969357Z[0m [34mDEBUG[0m [2mmercury::engine::detector[0m[2m:[0m No arb pairs registered for market — skipping detection [3mmarket_id[0m[2m=[0m39a28b31-a7f7-4e16-b2f1-1e1948be289c
[2m2026-04-12T20:18:05.969512Z[0m [34mDEBUG[0m [2mmercury::engine::market_actor[0m[2m:[0m Tick received — running arb detection [3mmarket_id[0m[2m=[0m39a28b31-a7f7-4e16-b2f1-1e1948be289c [3mplatform[0m[2m=[0mPolymarket [3mbid[0m[2m=[0m0.4 [3mask[0m[2m=[0m0.41 [3mmid[0m[2m=[0m0.4050 [3mbid_size[0m[2m=[0m117.4 [3mask_size[0m[2m=[0m90.52
[2m2026-04-12T20:18:05.969521Z[0m [34mDEBUG[0m [2mmercury::engine::detector[0m[2m:[0m No arb pairs registered for market — skipping detection [3mmarket_id[0m[2m=[0m189bf673-b643-45a5-be39-c4a3275d71a0
[2m2026-04-12T20:18:05.969679Z[0m [34mDEBUG[0m [2mmercury::engine::detector[0m[2m:[0m No arb pairs registered for market — skipping detection [3mmarket_id[0m[2m=[0m39a28b31-a7f7-4e16-b2f1-1e1948be289c
[2m2026-04-12T20:18:06.000082Z[0m [34mDEBUG[0m [2mmercury::engine::market_actor[0m[2m:[0m Tick received — running arb detection [3mmarket_id[0m[2m=[0m39a28b31-a7f7-4e16-b2f1-1e1948be289c [3mplatform[0m[2m=[0mPolymarket [3mbid[0m[2m=[0m0.4 [3mask[0m[2m=[0m0.41 [3mmid[0m[2m=[0m0.4050 [3mbid_size[0m[2m=[0m117.4 [3mask_size[0m[2m=[0m126.52
[2m2026-04-12T20:18:06.000371Z[0m [34mDEBUG[0m [2mmercury::engine::detector[0m[2m:[0m No arb pairs registered for market — skipping detection [3mmarket_id[0m[2m=[0m39a28b31-a7f7-4e16-b2f1-1e1948be289c
[2m2026-04-12T20:18:06.000504Z[0m [34mDEBUG[0m [2mmercury::engine::market_actor[0m[2m:[0m Tick received — running arb detection [3mmarket_id[0m[2m=[0m39a28b31-a7f7-4e16-b2f1-1e1948be289c [3mplatform[0m[2m=[0mPolymarket [3mbid[0m[2m=[0m0.4 [3mask[0m[2m=[0m0.41 [3mmid[0m[2m=[0m0.4050 [3mbid_size[0m[2m=[0m117.4 [3mask_size[0m[2m=[0m184.52
[2m2026-04-12T20:18:06.000588Z[0m [34mDEBUG[0m [2mmercury::engine::market_actor[0m[2m:[0m Tick received — running arb detection [3mmarket_id[0m[2m=[0m189bf673-b643-45a5-be39-c4a3275d71a0 [3mplatform[0m[2m=[0mPolymarket [3mbid[0m[2m=[0m0.4 [3mask[0m[2m=[0m0.41 [3mmid[0m[2m=[0m0.4050 [3mbid_size[0m[2m=[0m4705.4 [3mask_size[0m[2m=[0m184.88
[2m2026-04-12T20:18:06.000697Z[0m [34mDEBUG[0m [2mmercury::engine::detector[0m[2m:[0m No arb pairs registered for market — skipping detection [3mmarket_id[0m[2m=[0m39a28b31-a7f7-4e16-b2f1-1e1948be289c
[2m2026-04-12T20:18:06.000800Z[0m [34mDEBUG[0m [2mmercury::engine::detector[0m[2m:[0m No arb pairs registered for market — skipping detection [3mmarket_id[0m[2m=[0m189bf673-b643-45a5-be39-c4a3275d71a0
[2m2026-04-12T20:18:06.000802Z[0m [34mDEBUG[0m [2mmercury::engine::market_actor[0m[2m:[0m Tick received — running arb detection [3mmarket_id[0m[2m=[0m39a28b31-a7f7-4e16-b2f1-1e1948be289c [3mplatform[0m[2m=[0mPolymarket [3mbid[0m[2m=[0m0.4 [3mask[0m[2m=[0m0.41 [3mmid[0m[2m=[0m0.4050 [3mbid_size[0m[2m=[0m117.4 [3mask_size[0m[2m=[0m184.52
[2m2026-04-12T20:18:06.000969Z[0m [34mDEBUG[0m [2mmercury::engine::detector[0m[2m:[0m No arb pairs registered for market — skipping detection [3mmarket_id[0m[2m=[0m39a28b31-a7f7-4e16-b2f1-1e1948be289c
[2m2026-04-12T20:18:06.001107Z[0m [34mDEBUG[0m [2mmercury::engine::market_actor[0m[2m:[0m Tick received — running arb detection [3mmarket_id[0m[2m=[0m39a28b31-a7f7-4e16-b2f1-1e1948be289c [3mplatform[0m[2m=[0mPolymarket [3mbid[0m[2m=[0m0.4 [3mask[0m[2m=[0m0.41 [3mmid[0m[2m=[0m0.4050 [3mbid_size[0m[2m=[0m117.4 [3mask_size[0m[2m=[0m184.52
[2m2026-04-12T20:18:06.001261Z[0m [34mDEBUG[0m [2mmercury::engine::detector[0m[2m:[0m No arb pairs registered for market — skipping detection [3mmarket_id[0m[2m=[0m39a28b31-a7f7-4e16-b2f1-1e1948be289c
[2m2026-04-12T20:18:06.001317Z[0m [34mDEBUG[0m [2mmercury::engine::market_actor[0m[2m:[0m Tick received — running arb detection [3mmarket_id[0m[2m=[0m39a28b31-a7f7-4e16-b2f1-1e1948be289c [3mplatform[0m[2m=[0mPolymarket [3mbid[0m[2m=[0m0.4 [3mask[0m[2m=[0m0.41 [3mmid[0m[2m=[0m0.4050 [3mbid_size[0m[2m=[0m117.4 [3mask_size[0m[2m=[0m184.52
[2m2026-04-12T20:18:06.001426Z[0m [34mDEBUG[0m [2mmercury::engine::detector[0m[2m:[0m No arb pairs registered for market — skipping detection [3mmarket_id[0m[2m=[0m39a28b31-a7f7-4e16-b2f1-1e1948be289c
[2m2026-04-12T20:18:06.003695Z[0m [34mDEBUG[0m [2mmercury::engine::market_actor[0m[2m:[0m Tick received — running arb detection [3mmarket_id[0m[2m=[0m39a28b31-a7f7-4e16-b2f1-1e1948be289c [3mplatform[0m[2m=[0mPolymarket [3mbid[0m[2m=[0m0.4 [3mask[0m[2m=[0m0.41 [3mmid[0m[2m=[0m0.4050 [3mbid_size[0m[2m=[0m117.4 [3mask_size[0m[2m=[0m184.52
[2m2026-04-12T20:18:06.003799Z[0m [34mDEBUG[0m [2mmercury::engine::market_actor[0m[2m:[0m Tick received — running arb detection [3mmarket_id[0m[2m=[0m2285bae6-253b-4085-b0d1-0af34b5530b6 [3mplatform[0m[2m=[0mPolymarket [3mbid[0m[2m=[0m0.4 [3mask[0m[2m=[0m0.41 [3mmid[0m[2m=[0m0.4050 [3mbid_size[0m[2m=[0m5.4 [3mask_size[0m[2m=[0m68.86
[2m2026-04-12T20:18:06.003889Z[0m [34mDEBUG[0m [2mmercury::engine::detector[0m[2m:[0m No arb pairs registered for market — skipping detection [3mmarket_id[0m[2m=[0m39a28b31-a7f7-4e16-b2f1-1e1948be289c
[2m2026-04-12T20:18:06.003999Z[0m [34mDEBUG[0m [2mmercury::engine::detector[0m[2m:[0m No arb pairs registered for market — skipping detection [3mmarket_id[0m[2m=[0m2285bae6-253b-4085-b0d1-0af34b5530b6
[2m2026-04-12T20:18:06.003994Z[0m [34mDEBUG[0m [2mmercury::engine::market_actor[0m[2m:[0m Tick received — running arb detection [3mmarket_id[0m[2m=[0m39a28b31-a7f7-4e16-b2f1-1e1948be289c [3mplatform[0m[2m=[0mPolymarket [3mbid[0m[2m=[0m0.4 [3mask[0m[2m=[0m0.41 [3mmid[0m[2m=[0m0.4050 [3mbid_size[0m[2m=[0m117.4 [3mask_size[0m[2m=[0m184.52
[2m2026-04-12T20:18:06.004196Z[0m [34mDEBUG[0m [2mmercury::engine::market_actor[0m[2m:[0m Tick received — running arb detection [3mmarket_id[0m[2m=[0m2285bae6-253b-4085-b0d1-0af34b5530b6 [3mplatform[0m[2m=[0mPolymarket [3mbid[0m[2m=[0m0.4 [3mask[0m[2m=[0m0.41 [3mmid[0m[2m=[0m0.4050 [3mbid_size[0m[2m=[0m5.4 [3mask_size[0m[2m=[0m68.86
[2m2026-04-12T20:18:06.004287Z[0m [34mDEBUG[0m [2mmercury::engine::detector[0m[2m:[0m No arb pairs registered for market — skipping detection [3mmarket_id[0m[2m=[0m39a28b31-a7f7-4e16-b2f1-1e1948be289c
[2m2026-04-12T20:18:06.004440Z[0m [34mDEBUG[0m [2mmercury::engine::detector[0m[2m:[0m No arb pairs registered for market — skipping detection [3mmarket_id[0m[2m=[0m2285bae6-253b-4085-b0d1-0af34b5530b6
[2m2026-04-12T20:18:06.004635Z[0m [34mDEBUG[0m [2mmercury::engine::market_actor[0m[2m:[0m Tick received — running arb detection [3mmarket_id[0m[2m=[0m2285bae6-253b-4085-b0d1-0af34b5530b6 [3mplatform[0m[2m=[0mPolymarket [3mbid[0m[2m=[0m0.4 [3mask[0m[2m=[0m0.41 [3mmid[0m[2m=[0m0.4050 [3mbid_size[0m[2m=[0m5.4 [3mask_size[0m[2m=[0m68.86
[2m2026-04-12T20:18:06.004746Z[0m [34mDEBUG[0m [2mmercury::engine::detector[0m[2m:[0m No arb pairs registered for market — skipping detection [3mmarket_id[0m[2m=[0m2285bae6-253b-4085-b0d1-0af34b5530b6
[2m2026-04-12T20:18:06.007329Z[0m [34mDEBUG[0m [2mmercury::feeds::polymarket[0m[2m:[0m Unknown Polymarket event type [3mevent_type[0m[2m=[0mbest_bid_ask
[2m2026-04-12T20:18:06.007595Z[0m [34mDEBUG[0m [2mmercury::engine::market_actor[0m[2m:[0m Tick received — running arb detection [3mmarket_id[0m[2m=[0m2285bae6-253b-4085-b0d1-0af34b5530b6 [3mplatform[0m[2m=[0mPolymarket [3mbid[0m[2m=[0m0.39 [3mask[0m[2m=[0m0.41 [3mmid[0m[2m=[0m0.40 [3mbid_size[0m[2m=[0m11.4 [3mask_size[0m[2m=[0m68.86
[2m2026-04-12T20:18:06.007812Z[0m [34mDEBUG[0m [2mmercury::engine::detector[0m[2m:[0m No arb pairs registered for market — skipping detection [3mmarket_id[0m[2m=[0m2285bae6-253b-4085-b0d1-0af34b5530b6
[2m2026-04-12T20:18:06.055010Z[0m [34mDEBUG[0m [2mmercury::engine::market_actor[0m[2m:[0m Tick received — running arb detection [3mmarket_id[0m[2m=[0m39a28b31-a7f7-4e16-b2f1-1e1948be289c [3mplatform[0m[2m=[0mPolymarket [3mbid[0m[2m=[0m0.4 [3mask[0m[2m=[0m0.41 [3mmid[0m[2m=[0m0.4050 [3mbid_size[0m[2m=[0m117.4 [3mask_size[0m[2m=[0m184.52
[2m2026-04-12T20:18:06.055304Z[0m [34mDEBUG[0m [2mmercury::engine::detector[0m[2m:[0m No arb pairs registered for market — skipping detection [3mmarket_id[0m[2m=[0m39a28b31-a7f7-4e16-b2f1-1e1948be289c
[2m2026-04-12T20:18:06.055471Z[0m [34mDEBUG[0m [2mmercury::engine::market_actor[0m[2m:[0m Tick received — running arb detection [3mmarket_id[0m[2m=[0m39a28b31-a7f7-4e16-b2f1-1e1948be289c [3mplatform[0m[2m=[0mPolymarket [3mbid[0m[2m=[0m0.4 [3mask[0m[2m=[0m0.41 [3mmid[0m[2m=[0m0.4050 [3mbid_size[0m[2m=[0m117.4 [3mask_size[0m[2m=[0m184.52
[2m2026-04-12T20:18:06.055497Z[0m [34mDEBUG[0m [2mmercury::engine::market_actor[0m[2m:[0m Tick received — running arb detection [3mmarket_id[0m[2m=[0m189bf673-b643-45a5-be39-c4a3275d71a0 [3mplatform[0m[2m=[0mPolymarket [3mbid[0m[2m=[0m0.4 [3mask[0m[2m=[0m0.41 [3mmid[0m[2m=[0m0.4050 [3mbid_size[0m[2m=[0m4705.4 [3mask_size[0m[2m=[0m204.88
[2m2026-04-12T20:18:06.055657Z[0m [34mDEBUG[0m [2mmercury::engine::detector[0m[2m:[0m No arb pairs registered for market — skipping detection [3mmarket_id[0m[2m=[0m39a28b31-a7f7-4e16-b2f1-1e1948be289c
[2m2026-04-12T20:18:06.055829Z[0m [34mDEBUG[0m [2mmercury::engine::market_actor[0m[2m:[0m Tick received — running arb detection [3mmarket_id[0m[2m=[0m39a28b31-a7f7-4e16-b2f1-1e1948be289c [3mplatform[0m[2m=[0mPolymarket [3mbid[0m[2m=[0m0.4 [3mask[0m[2m=[0m0.41 [3mmid[0m[2m=[0m0.4050 [3mbid_size[0m[2m=[0m117.4 [3mask_size[0m[2m=[0m195.45
[2m2026-04-12T20:18:06.055838Z[0m [34mDEBUG[0m [2mmercury::engine::detector[0m[2m:[0m No arb pairs registered for market — skipping detection [3mmarket_id[0m[2m=[0m189bf673-b643-45a5-be39-c4a3275d71a0
[2m2026-04-12T20:18:06.056084Z[0m [34mDEBUG[0m [2mmercury::engine::detector[0m[2m:[0m No arb pairs registered for market — skipping detection [3mmarket_id[0m[2m=[0m39a28b31-a7f7-4e16-b2f1-1e1948be289c
[2m2026-04-12T20:18:06.056075Z[0m [34mDEBUG[0m [2mmercury::engine::market_actor[0m[2m:[0m Tick received — running arb detection [3mmarket_id[0m[2m=[0m189bf673-b643-45a5-be39-c4a3275d71a0 [3mplatform[0m[2m=[0mPolymarket [3mbid[0m[2m=[0m0.4 [3mask[0m[2m=[0m0.41 [3mmid[0m[2m=[0m0.4050 [3mbid_size[0m[2m=[0m4705.4 [3mask_size[0m[2m=[0m204.88
[2m2026-04-12T20:18:06.056265Z[0m [34mDEBUG[0m [2mmercury::engine::market_actor[0m[2m:[0m Tick received — running arb detection [3mmarket_id[0m[2m=[0m39a28b31-a7f7-4e16-b2f1-1e1948be289c [3mplatform[0m[2m=[0mPolymarket [3mbid[0m[2m=[0m0.4 [3mask[0m[2m=[0m0.41 [3mmid[0m[2m=[0m0.4050 [3mbid_size[0m[2m=[0m117.4 [3mask_size[0m[2m=[0m195.45
[2m2026-04-12T20:18:06.056316Z[0m [34mDEBUG[0m [2mmercury::engine::detector[0m[2m:[0m No arb pairs registered for market — skipping detection [3mmarket_id[0m[2m=[0m189bf673-b643-45a5-be39-c4a3275d71a0
[2m2026-04-12T20:18:06.056452Z[0m [34mDEBUG[0m [2mmercury::engine::detector[0m[2m:[0m No arb pairs registered for market — skipping detection [3mmarket_id[0m[2m=[0m39a28b31-a7f7-4e16-b2f1-1e1948be289c
[2m2026-04-12T20:18:06.056477Z[0m [34mDEBUG[0m [2mmercury::engine::market_actor[0m[2m:[0m Tick received — running arb detection [3mmarket_id[0m[2m=[0m189bf673-b643-45a5-be39-c4a3275d71a0 [3mplatform[0m[2m=[0mPolymarket [3mbid[0m[2m=[0m0.4 [3mask[0m[2m=[0m0.41 [3mmid[0m[2m=[0m0.4050 [3mbid_size[0m[2m=[0m4705.4 [3mask_size[0m[2m=[0m204.88
[2m2026-04-12T20:18:06.056591Z[0m [34mDEBUG[0m [2mmercury::engine::market_actor[0m[2m:[0m Tick received — running arb detection [3mmarket_id[0m[2m=[0m39a28b31-a7f7-4e16-b2f1-1e1948be289c [3mplatform[0m[2m=[0mPolymarket [3mbid[0m[2m=[0m0.4 [3mask[0m[2m=[0m0.41 [3mmid[0m[2m=[0m0.4050 [3mbid_size[0m[2m=[0m117.4 [3mask_size[0m[2m=[0m195.45
[2m2026-04-12T20:18:06.056638Z[0m [34mDEBUG[0m [2mmercury::engine::detector[0m[2m:[0m No arb pairs registered for market — skipping detection [3mmarket_id[0m[2m=[0m189bf673-b643-45a5-be39-c4a3275d71a0
[2m2026-04-12T20:18:06.056757Z[0m [34mDEBUG[0m [2mmercury::engine::detector[0m[2m:[0m No arb pairs registered for market — skipping detection [3mmarket_id[0m[2m=[0m39a28b31-a7f7-4e16-b2f1-1e1948be289c
[2m2026-04-12T20:18:06.056766Z[0m [34mDEBUG[0m [2mmercury::engine::market_actor[0m[2m:[0m Tick received — running arb detection [3mmarket_id[0m[2m=[0m189bf673-b643-45a5-be39-c4a3275d71a0 [3mplatform[0m[2m=[0mPolymarket [3mbid[0m[2m=[0m0.4 [3mask[0m[2m=[0m0.41 [3mmid[0m[2m=[0m0.4050 [3mbid_size[0m[2m=[0m4705.4 [3mask_size[0m[2m=[0m204.88
[2m2026-04-12T20:18:06.056843Z[0m [34mDEBUG[0m [2mmercury::engine::market_actor[0m[2m:[0m Tick received — running arb detection [3mmarket_id[0m[2m=[0m39a28b31-a7f7-4e16-b2f1-1e1948be289c [3mplatform[0m[2m=[0mPolymarket [3mbid[0m[2m=[0m0.4 [3mask[0m[2m=[0m0.41 [3mmid[0m[2m=[0m0.4050 [3mbid_size[0m[2m=[0m117.4 [3mask_size[0m[2m=[0m195.45
[2m2026-04-12T20:18:06.056852Z[0m [34mDEBUG[0m [2mmercury::engine::market_actor[0m[2m:[0m Tick received — running arb detection [3mmarket_id[0m[2m=[0m2285bae6-253b-4085-b0d1-0af34b5530b6 [3mplatform[0m[2m=[0mPolymarket [3mbid[0m[2m=[0m0.39 [3mask[0m[2m=[0m0.41 [3mmid[0m[2m=[0m0.40 [3mbid_size[0m[2m=[0m11.4 [3mask_size[0m[2m=[0m68.86
[2m2026-04-12T20:18:06.056880Z[0m [34mDEBUG[0m [2mmercury::engine::market_actor[0m[2m:[0m Tick received — running arb detection [3mmarket_id[0m[2m=[0mbc548cd4-ced9-48e8-b131-410c92fb3a0e [3mplatform[0m[2m=[0mPolymarket [3mbid[0m[2m=[0m0.44 [3mask[0m[2m=[0m0.46 [3mmid[0m[2m=[0m0.45 [3mbid_size[0m[2m=[0m2.32 [3mask_size[0m[2m=[0m133.02
[2m2026-04-12T20:18:06.056873Z[0m [34mDEBUG[0m [2mmercury::engine::detector[0m[2m:[0m No arb pairs registered for market — skipping detection [3mmarket_id[0m[2m=[0m189bf673-b643-45a5-be39-c4a3275d71a0
[2m2026-04-12T20:18:06.057065Z[0m [34mDEBUG[0m [2mmercury::engine::detector[0m[2m:[0m No arb pairs registered for market — skipping detection [3mmarket_id[0m[2m=[0m2285bae6-253b-4085-b0d1-0af34b5530b6
[2m2026-04-12T20:18:06.057070Z[0m [34mDEBUG[0m [2mmercury::engine::detector[0m[2m:[0m No arb pairs registered for market — skipping detection [3mmarket_id[0m[2m=[0m39a28b31-a7f7-4e16-b2f1-1e1948be289c
[2m2026-04-12T20:18:06.057236Z[0m [34mDEBUG[0m [2mmercury::engine::detector[0m[2m:[0m No arb pairs registered for market — skipping detection [3mmarket_id[0m[2m=[0mbc548cd4-ced9-48e8-b131-410c92fb3a0e
[2m2026-04-12T20:18:06.057239Z[0m [34mDEBUG[0m [2mmercury::engine::market_actor[0m[2m:[0m Tick received — running arb detection [3mmarket_id[0m[2m=[0m39a28b31-a7f7-4e16-b2f1-1e1948be289c [3mplatform[0m[2m=[0mPolymarket [3mbid[0m[2m=[0m0.4 [3mask[0m[2m=[0m0.41 [3mmid[0m[2m=[0m0.4050 [3mbid_size[0m[2m=[0m117.4 [3mask_size[0m[2m=[0m195.45
[2m2026-04-12T20:18:06.057370Z[0m [34mDEBUG[0m [2mmercury::engine::detector[0m[2m:[0m No arb pairs registered for market — skipping detection [3mmarket_id[0m[2m=[0m39a28b31-a7f7-4e16-b2f1-1e1948be289c
[2m2026-04-12T20:18:06.057364Z[0m [34mDEBUG[0m [2mmercury::engine::market_actor[0m[2m:[0m Tick received — running arb detection [3mmarket_id[0m[2m=[0mbc548cd4-ced9-48e8-b131-410c92fb3a0e [3mplatform[0m[2m=[0mPolymarket [3mbid[0m[2m=[0m0.44 [3mask[0m[2m=[0m0.46 [3mmid[0m[2m=[0m0.45 [3mbid_size[0m[2m=[0m2.32 [3mask_size[0m[2m=[0m133.02
[2m2026-04-12T20:18:06.057465Z[0m [34mDEBUG[0m [2mmercury::engine::market_actor[0m[2m:[0m Tick received — running arb detection [3mmarket_id[0m[2m=[0m39a28b31-a7f7-4e16-b2f1-1e1948be289c [3mplatform[0m[2m=[0mPolymarket [3mbid[0m[2m=[0m0.4 [3mask[0m[2m=[0m0.41 [3mmid[0m[2m=[0m0.4050 [3mbid_size[0m[2m=[0m117.4 [3mask_size[0m[2m=[0m195.45
[2m2026-04-12T20:18:06.057478Z[0m [34mDEBUG[0m [2mmercury::engine::detector[0m[2m:[0m No arb pairs registered for market — skipping detection [3mmarket_id[0m[2m=[0mbc548cd4-ced9-48e8-b131-410c92fb3a0e
[2m2026-04-12T20:18:06.057579Z[0m [34mDEBUG[0m [2mmercury::engine::detector[0m[2m:[0m No arb pairs registered for market — skipping detection [3mmarket_id[0m[2m=[0m39a28b31-a7f7-4e16-b2f1-1e1948be289c
[2m2026-04-12T20:18:06.057684Z[0m [34mDEBUG[0m [2mmercury::engine::market_actor[0m[2m:[0m Tick received — running arb detection [3mmarket_id[0m[2m=[0m39a28b31-a7f7-4e16-b2f1-1e1948be289c [3mplatform[0m[2m=[0mPolymarket [3mbid[0m[2m=[0m0.4 [3mask[0m[2m=[0m0.41 [3mmid[0m[2m=[0m0.4050 [3mbid_size[0m[2m=[0m117.4 [3mask_size[0m[2m=[0m195.45
[2m2026-04-12T20:18:06.057753Z[0m [34mDEBUG[0m [2mmercury::engine::detector[0m[2m:[0m No arb pairs registered for market — skipping detection [3mmarket_id[0m[2m=[0m39a28b31-a7f7-4e16-b2f1-1e1948be289c
[2m2026-04-12T20:18:06.057804Z[0m [34mDEBUG[0m [2mmercury::engine::market_actor[0m[2m:[0m Tick received — running arb detection [3mmarket_id[0m[2m=[0m39a28b31-a7f7-4e16-b2f1-1e1948be289c [3mplatform[0m[2m=[0mPolymarket [3mbid[0m[2m=[0m0.4 [3mask[0m[2m=[0m0.41 [3mmid[0m[2m=[0m0.4050 [3mbid_size[0m[2m=[0m117.4 [3mask_size[0m[2m=[0m195.45
[2m2026-04-12T20:18:06.057871Z[0m [34mDEBUG[0m [2mmercury::engine::detector[0m[2m:[0m No arb pairs registered for market — skipping detection [3mmarket_id[0m[2m=[0m39a28b31-a7f7-4e16-b2f1-1e1948be289c
[2m2026-04-12T20:18:06.102061Z[0m [34mDEBUG[0m [2mmercury::engine::market_actor[0m[2m:[0m Tick received — running arb detection [3mmarket_id[0m[2m=[0m39a28b31-a7f7-4e16-b2f1-1e1948be289c [3mplatform[0m[2m=[0mPolymarket [3mbid[0m[2m=[0m0.4 [3mask[0m[2m=[0m0.41 [3mmid[0m[2m=[0m0.4050 [3mbid_size[0m[2m=[0m117.4 [3mask_size[0m[2m=[0m195.45
[2m2026-04-12T20:18:06.102099Z[0m [34mDEBUG[0m [2mmercury::engine::market_actor[0m[2m:[0m Tick received — running arb detection [3mmarket_id[0m[2m=[0m189bf673-b643-45a5-be39-c4a3275d71a0 [3mplatform[0m[2m=[0mPolymarket [3mbid[0m[2m=[0m0.4 [3mask[0m[2m=[0m0.41 [3mmid[0m[2m=[0m0.4050 [3mbid_size[0m[2m=[0m4705.4 [3mask_size[0m[2m=[0m204.88
[2m2026-04-12T20:18:06.102376Z[0m [34mDEBUG[0m [2mmercury::engine::detector[0m[2m:[0m No arb pairs registered for market — skipping detection [3mmarket_id[0m[2m=[0m39a28b31-a7f7-4e16-b2f1-1e1948be289c
[2m2026-04-12T20:18:06.102450Z[0m [34mDEBUG[0m [2mmercury::engine::detector[0m[2m:[0m No arb pairs registered for market — skipping detection [3mmarket_id[0m[2m=[0m189bf673-b643-45a5-be39-c4a3275d71a0
[2m2026-04-12T20:18:06.102453Z[0m [34mDEBUG[0m [2mmercury::engine::market_actor[0m[2m:[0m Tick received — running arb detection [3mmarket_id[0m[2m=[0m39a28b31-a7f7-4e16-b2f1-1e1948be289c [3mplatform[0m[2m=[0mPolymarket [3mbid[0m[2m=[0m0.4 [3mask[0m[2m=[0m0.41 [3mmid[0m[2m=[0m0.4050 [3mbid_size[0m[2m=[0m117.4 [3mask_size[0m[2m=[0m195.45
[2m2026-04-12T20:18:06.102582Z[0m [34mDEBUG[0m [2mmercury::engine::detector[0m[2m:[0m No arb pairs registered for market — skipping detection [3mmarket_id[0m[2m=[0m39a28b31-a7f7-4e16-b2f1-1e1948be289c
[2m2026-04-12T20:18:06.102576Z[0m [34mDEBUG[0m [2mmercury::engine::market_actor[0m[2m:[0m Tick received — running arb detection [3mmarket_id[0m[2m=[0m189bf673-b643-45a5-be39-c4a3275d71a0 [3mplatform[0m[2m=[0mPolymarket [3mbid[0m[2m=[0m0.4 [3mask[0m[2m=[0m0.41 [3mmid[0m[2m=[0m0.4050 [3mbid_size[0m[2m=[0m4700.4 [3mask_size[0m[2m=[0m204.88
[2m2026-04-12T20:18:06.102725Z[0m [34mDEBUG[0m [2mmercury::engine::detector[0m[2m:[0m No arb pairs registered for market — skipping detection [3mmarket_id[0m[2m=[0m189bf673-b643-45a5-be39-c4a3275d71a0
[2m2026-04-12T20:18:06.102857Z[0m [34mDEBUG[0m [2mmercury::engine::market_actor[0m[2m:[0m Tick received — running arb detection [3mmarket_id[0m[2m=[0m189bf673-b643-45a5-be39-c4a3275d71a0 [3mplatform[0m[2m=[0mPolymarket [3mbid[0m[2m=[0m0.4 [3mask[0m[2m=[0m0.41 [3mmid[0m[2m=[0m0.4050 [3mbid_size[0m[2m=[0m4700.4 [3mask_size[0m[2m=[0m204.88
[2m2026-04-12T20:18:06.102985Z[0m [34mDEBUG[0m [2mmercury::engine::detector[0m[2m:[0m No arb pairs registered for market — skipping detection [3mmarket_id[0m[2m=[0m189bf673-b643-45a5-be39-c4a3275d71a0
[2m2026-04-12T20:18:06.103056Z[0m [34mDEBUG[0m [2mmercury::engine::market_actor[0m[2m:[0m Tick received — running arb detection [3mmarket_id[0m[2m=[0m189bf673-b643-45a5-be39-c4a3275d71a0 [3mplatform[0m[2m=[0mPolymarket [3mbid[0m[2m=[0m0.4 [3mask[0m[2m=[0m0.41 [3mmid[0m[2m=[0m0.4050 [3mbid_size[0m[2m=[0m4700.4 [3mask_size[0m[2m=[0m204.88
[2m2026-04-12T20:18:06.103189Z[0m [34mDEBUG[0m [2mmercury::engine::detector[0m[2m:[0m No arb pairs registered for market — skipping detection [3mmarket_id[0m[2m=[0m189bf673-b643-45a5-be39-c4a3275d71a0
[2m2026-04-12T20:18:06.103243Z[0m [34mDEBUG[0m [2mmercury::engine::market_actor[0m[2m:[0m Tick received — running arb detection [3mmarket_id[0m[2m=[0m189bf673-b643-45a5-be39-c4a3275d71a0 [3mplatform[0m[2m=[0mPolymarket [3mbid[0m[2m=[0m0.4 [3mask[0m[2m=[0m0.41 [3mmid[0m[2m=[0m0.4050 [3mbid_size[0m[2m=[0m4700.4 [3mask_size[0m[2m=[0m204.88
[2m2026-04-12T20:18:06.103348Z[0m [34mDEBUG[0m [2mmercury::engine::detector[0m[2m:[0m No arb pairs registered for market — skipping detection [3mmarket_id[0m[2m=[0m189bf673-b643-45a5-be39-c4a3275d71a0
[2m2026-04-12T20:18:06.103475Z[0m [34mDEBUG[0m [2mmercury::engine::market_actor[0m[2m:[0m Tick received — running arb detection [3mmarket_id[0m[2m=[0m189bf673-b643-45a5-be39-c4a3275d71a0 [3mplatform[0m[2m=[0mPolymarket [3mbid[0m[2m=[0m0.4 [3mask[0m[2m=[0m0.41 [3mmid[0m[2m=[0m0.4050 [3mbid_size[0m[2m=[0m4700.4 [3mask_size[0m[2m=[0m204.88
[2m2026-04-12T20:18:06.103642Z[0m [34mDEBUG[0m [2mmercury::engine::detector[0m[2m:[0m No arb pairs registered for market — skipping detection [3mmarket_id[0m[2m=[0m189bf673-b643-45a5-be39-c4a3275d71a0
[2m2026-04-12T20:18:06.103718Z[0m [34mDEBUG[0m [2mmercury::engine::market_actor[0m[2m:[0m Tick received — running arb detection [3mmarket_id[0m[2m=[0m189bf673-b643-45a5-be39-c4a3275d71a0 [3mplatform[0m[2m=[0mPolymarket [3mbid[0m[2m=[0m0.4 [3mask[0m[2m=[0m0.41 [3mmid[0m[2m=[0m0.4050 [3mbid_size[0m[2m=[0m4700.4 [3mask_size[0m[2m=[0m204.88
[2m2026-04-12T20:18:06.103865Z[0m [34mDEBUG[0m [2mmercury::engine::detector[0m[2m:[0m No arb pairs registered for market — skipping detection [3mmarket_id[0m[2m=[0m189bf673-b643-45a5-be39-c4a3275d71a0
[2m2026-04-12T20:18:06.103974Z[0m [34mDEBUG[0m [2mmercury::engine::market_actor[0m[2m:[0m Tick received — running arb detection [3mmarket_id[0m[2m=[0m189bf673-b643-45a5-be39-c4a3275d71a0 [3mplatform[0m[2m=[0mPolymarket [3mbid[0m[2m=[0m0.4 [3mask[0m[2m=[0m0.41 [3mmid[0m[2m=[0m0.4050 [3mbid_size[0m[2m=[0m4700.4 [3mask_size[0m[2m=[0m204.88
[2m2026-04-12T20:18:06.104084Z[0m [34mDEBUG[0m [2mmercury::engine::detector[0m[2m:[0m No arb pairs registered for market — skipping detection [3mmarket_id[0m[2m=[0m189bf673-b643-45a5-be39-c4a3275d71a0
[2m2026-04-12T20:18:06.104190Z[0m [34mDEBUG[0m [2mmercury::engine::market_actor[0m[2m:[0m Tick received — running arb detection [3mmarket_id[0m[2m=[0m189bf673-b643-45a5-be39-c4a3275d71a0 [3mplatform[0m[2m=[0mPolymarket [3mbid[0m[2m=[0m0.4 [3mask[0m[2m=[0m0.41 [3mmid[0m[2m=[0m0.4050 [3mbid_size[0m[2m=[0m4700.4 [3mask_size[0m[2m=[0m204.88
[2m2026-04-12T20:18:06.104341Z[0m [34mDEBUG[0m [2mmercury::engine::detector[0m[2m:[0m No arb pairs registered for market — skipping detection [3mmarket_id[0m[2m=[0m189bf673-b643-45a5-be39-c4a3275d71a0
[2m2026-04-12T20:18:06.104373Z[0m [34mDEBUG[0m [2mmercury::engine::market_actor[0m[2m:[0m Tick received — running arb detection [3mmarket_id[0m[2m=[0m39a28b31-a7f7-4e16-b2f1-1e1948be289c [3mplatform[0m[2m=[0mPolymarket [3mbid[0m[2m=[0m0.4 [3mask[0m[2m=[0m0.41 [3mmid[0m[2m=[0m0.4050 [3mbid_size[0m[2m=[0m117.4 [3mask_size[0m[2m=[0m195.45
[2m2026-04-12T20:18:06.104465Z[0m [34mDEBUG[0m [2mmercury::engine::market_actor[0m[2m:[0m Tick received — running arb detection [3mmarket_id[0m[2m=[0m189bf673-b643-45a5-be39-c4a3275d71a0 [3mplatform[0m[2m=[0mPolymarket [3mbid[0m[2m=[0m0.4 [3mask[0m[2m=[0m0.41 [3mmid[0m[2m=[0m0.4050 [3mbid_size[0m[2m=[0m4700.4 [3mask_size[0m[2m=[0m204.88
[2m2026-04-12T20:18:06.104488Z[0m [34mDEBUG[0m [2mmercury::engine::market_actor[0m[2m:[0m Tick received — running arb detection [3mmarket_id[0m[2m=[0m2285bae6-253b-4085-b0d1-0af34b5530b6 [3mplatform[0m[2m=[0mPolymarket [3mbid[0m[2m=[0m0.39 [3mask[0m[2m=[0m0.41 [3mmid[0m[2m=[0m0.40 [3mbid_size[0m[2m=[0m11.4 [3mask_size[0m[2m=[0m77.86
[2m2026-04-12T20:18:06.104547Z[0m [34mDEBUG[0m [2mmercury::engine::detector[0m[2m:[0m No arb pairs registered for market — skipping detection [3mmarket_id[0m[2m=[0m39a28b31-a7f7-4e16-b2f1-1e1948be289c
[2m2026-04-12T20:18:06.104710Z[0m [34mDEBUG[0m [2mmercury::engine::detector[0m[2m:[0m No arb pairs registered for market — skipping detection [3mmarket_id[0m[2m=[0m2285bae6-253b-4085-b0d1-0af34b5530b6
[2m2026-04-12T20:18:06.104717Z[0m [34mDEBUG[0m [2mmercury::engine::market_actor[0m[2m:[0m Tick received — running arb detection [3mmarket_id[0m[2m=[0m39a28b31-a7f7-4e16-b2f1-1e1948be289c [3mplatform[0m[2m=[0mPolymarket [3mbid[0m[2m=[0m0.4 [3mask[0m[2m=[0m0.41 [3mmid[0m[2m=[0m0.4050 [3mbid_size[0m[2m=[0m117.4 [3mask_size[0m[2m=[0m195.45
[2m2026-04-12T20:18:06.104816Z[0m [34mDEBUG[0m [2mmercury::engine::detector[0m[2m:[0m No arb pairs registered for market — skipping detection [3mmarket_id[0m[2m=[0m189bf673-b643-45a5-be39-c4a3275d71a0
[2m2026-04-12T20:18:06.104907Z[0m [34mDEBUG[0m [2mmercury::engine::market_actor[0m[2m:[0m Tick received — running arb detection [3mmarket_id[0m[2m=[0m189bf673-b643-45a5-be39-c4a3275d71a0 [3mplatform[0m[2m=[0mPolymarket [3mbid[0m[2m=[0m0.4 [3mask[0m[2m=[0m0.41 [3mmid[0m[2m=[0m0.4050 [3mbid_size[0m[2m=[0m4700.4 [3mask_size[0m[2m=[0m204.88
[2m2026-04-12T20:18:06.104946Z[0m [34mDEBUG[0m [2mmercury::engine::detector[0m[2m:[0m No arb pairs registered for market — skipping detection [3mmarket_id[0m[2m=[0m39a28b31-a7f7-4e16-b2f1-1e1948be289c
[2m2026-04-12T20:18:06.105073Z[0m [34mDEBUG[0m [2mmercury::engine::detector[0m[2m:[0m No arb pairs registered for market — skipping detection [3mmarket_id[0m[2m=[0m189bf673-b643-45a5-be39-c4a3275d71a0
[2m2026-04-12T20:18:06.105131Z[0m [34mDEBUG[0m [2mmercury::engine::market_actor[0m[2m:[0m Tick received — running arb detection [3mmarket_id[0m[2m=[0m189bf673-b643-45a5-be39-c4a3275d71a0 [3mplatform[0m[2m=[0mPolymarket [3mbid[0m[2m=[0m0.4 [3mask[0m[2m=[0m0.41 [3mmid[0m[2m=[0m0.4050 [3mbid_size[0m[2m=[0m4700.4 [3mask_size[0m[2m=[0m204.88
[2m2026-04-12T20:18:06.105202Z[0m [34mDEBUG[0m [2mmercury::engine::detector[0m[2m:[0m No arb pairs registered for market — skipping detection [3mmarket_id[0m[2m=[0m189bf673-b643-45a5-be39-c4a3275d71a0
[2m2026-04-12T20:18:06.105257Z[0m [34mDEBUG[0m [2mmercury::engine::market_actor[0m[2m:[0m Tick received — running arb detection [3mmarket_id[0m[2m=[0m189bf673-b643-45a5-be39-c4a3275d71a0 [3mplatform[0m[2m=[0mPolymarket [3mbid[0m[2m=[0m0.4 [3mask[0m[2m=[0m0.41 [3mmid[0m[2m=[0m0.4050 [3mbid_size[0m[2m=[0m4700.4 [3mask_size[0m[2m=[0m204.88
[2m2026-04-12T20:18:06.105327Z[0m [34mDEBUG[0m [2mmercury::engine::detector[0m[2m:[0m No arb pairs registered for market — skipping detection [3mmarket_id[0m[2m=[0m189bf673-b643-45a5-be39-c4a3275d71a0
[2m2026-04-12T20:18:06.105379Z[0m [34mDEBUG[0m [2mmercury::engine::market_actor[0m[2m:[0m Tick received — running arb detection [3mmarket_id[0m[2m=[0m189bf673-b643-45a5-be39-c4a3275d71a0 [3mplatform[0m[2m=[0mPolymarket [3mbid[0m[2m=[0m0.4 [3mask[0m[2m=[0m0.41 [3mmid[0m[2m=[0m0.4050 [3mbid_size[0m[2m=[0m4700.4 [3mask_size[0m[2m=[0m204.88
[2m2026-04-12T20:18:06.105449Z[0m [34mDEBUG[0m [2mmercury::engine::detector[0m[2m:[0m No arb pairs registered for market — skipping detection [3mmarket_id[0m[2m=[0m189bf673-b643-45a5-be39-c4a3275d71a0
[2m2026-04-12T20:18:06.105500Z[0m [34mDEBUG[0m [2mmercury::engine::market_actor[0m[2m:[0m Tick received — running arb detection [3mmarket_id[0m[2m=[0m189bf673-b643-45a5-be39-c4a3275d71a0 [3mplatform[0m[2m=[0mPolymarket [3mbid[0m[2m=[0m0.4 [3mask[0m[2m=[0m0.41 [3mmid[0m[2m=[0m0.4050 [3mbid_size[0m[2m=[0m4700.4 [3mask_size[0m[2m=[0m204.88
[2m2026-04-12T20:18:06.105569Z[0m [34mDEBUG[0m [2mmercury::engine::detector[0m[2m:[0m No arb pairs registered for market — skipping detection [3mmarket_id[0m[2m=[0m189bf673-b643-45a5-be39-c4a3275d71a0
[2m2026-04-12T20:18:06.105620Z[0m [34mDEBUG[0m [2mmercury::engine::market_actor[0m[2m:[0m Tick received — running arb detection [3mmarket_id[0m[2m=[0m189bf673-b643-45a5-be39-c4a3275d71a0 [3mplatform[0m[2m=[0mPolymarket [3mbid[0m[2m=[0m0.4 [3mask[0m[2m=[0m0.41 [3mmid[0m[2m=[0m0.4050 [3mbid_size[0m[2m=[0m4700.4 [3mask_size[0m[2m=[0m204.88
[2m2026-04-12T20:18:06.105690Z[0m [34mDEBUG[0m [2mmercury::engine::detector[0m[2m:[0m No arb pairs registered for market — skipping detection [3mmarket_id[0m[2m=[0m189bf673-b643-45a5-be39-c4a3275d71a0
[2m2026-04-12T20:18:06.105780Z[0m [34mDEBUG[0m [2mmercury::engine::market_actor[0m[2m:[0m Tick received — running arb detection [3mmarket_id[0m[2m=[0m189bf673-b643-45a5-be39-c4a3275d71a0 [3mplatform[0m[2m=[0mPolymarket [3mbid[0m[2m=[0m0.4 [3mask[0m[2m=[0m0.41 [3mmid[0m[2m=[0m0.4050 [3mbid_size[0m[2m=[0m4700.4 [3mask_size[0m[2m=[0m204.88
[2m2026-04-12T20:18:06.105901Z[0m [34mDEBUG[0m [2mmercury::engine::detector[0m[2m:[0m No arb pairs registered for market — skipping detection [3mmarket_id[0m[2m=[0m189bf673-b643-45a5-be39-c4a3275d71a0
[2m2026-04-12T20:18:06.105952Z[0m [34mDEBUG[0m [2mmercury::engine::market_actor[0m[2m:[0m Tick received — running arb detection [3mmarket_id[0m[2m=[0m189bf673-b643-45a5-be39-c4a3275d71a0 [3mplatform[0m[2m=[0mPolymarket [3mbid[0m[2m=[0m0.4 [3mask[0m[2m=[0m0.41 [3mmid[0m[2m=[0m0.4050 [3mbid_size[0m[2m=[0m4700.4 [3mask_size[0m[2m=[0m204.88
[2m2026-04-12T20:18:06.106022Z[0m [34mDEBUG[0m [2mmercury::engine::detector[0m[2m:[0m No arb pairs registered for market — skipping detection [3mmarket_id[0m[2m=[0m189bf673-b643-45a5-be39-c4a3275d71a0
[2m2026-04-12T20:18:06.106074Z[0m [34mDEBUG[0m [2mmercury::engine::market_actor[0m[2m:[0m Tick received — running arb detection [3mmarket_id[0m[2m=[0m189bf673-b643-45a5-be39-c4a3275d71a0 [3mplatform[0m[2m=[0mPolymarket [3mbid[0m[2m=[0m0.4 [3mask[0m[2m=[0m0.41 [3mmid[0m[2m=[0m0.4050 [3mbid_size[0m[2m=[0m4700.4 [3mask_size[0m[2m=[0m204.88
[2m2026-04-12T20:18:06.106143Z[0m [34mDEBUG[0m [2mmercury::engine::detector[0m[2m:[0m No arb pairs registered for market — skipping detection [3mmarket_id[0m[2m=[0m189bf673-b643-45a5-be39-c4a3275d71a0
[2m2026-04-12T20:18:06.106196Z[0m [34mDEBUG[0m [2mmercury::engine::market_actor[0m[2m:[0m Tick received — running arb detection [3mmarket_id[0m[2m=[0m189bf673-b643-45a5-be39-c4a3275d71a0 [3mplatform[0m[2m=[0mPolymarket [3mbid[0m[2m=[0m0.4 [3mask[0m[2m=[0m0.41 [3mmid[0m[2m=[0m0.4050 [3mbid_size[0m[2m=[0m4700.4 [3mask_size[0m[2m=[0m204.88
[2m2026-04-12T20:18:06.106266Z[0m [34mDEBUG[0m [2mmercury::engine::detector[0m[2m:[0m No arb pairs registered for market — skipping detection [3mmarket_id[0m[2m=[0m189bf673-b643-45a5-be39-c4a3275d71a0
[2m2026-04-12T20:18:06.110291Z[0m [34mDEBUG[0m [2mmercury::engine::market_actor[0m[2m:[0m Tick received — running arb detection [3mmarket_id[0m[2m=[0m39a28b31-a7f7-4e16-b2f1-1e1948be289c [3mplatform[0m[2m=[0mPolymarket [3mbid[0m[2m=[0m0.4 [3mask[0m[2m=[0m0.41 [3mmid[0m[2m=[0m0.4050 [3mbid_size[0m[2m=[0m117.4 [3mask_size[0m[2m=[0m195.45
[2m2026-04-12T20:18:06.110376Z[0m [34mDEBUG[0m [2mmercury::engine::detector[0m[2m:[0m No arb pairs registered for market — skipping detection [3mmarket_id[0m[2m=[0m39a28b31-a7f7-4e16-b2f1-1e1948be289c
[2m2026-04-12T20:18:06.157054Z[0m [34mDEBUG[0m [2mmercury::engine::market_actor[0m[2m:[0m Tick received — running arb detection [3mmarket_id[0m[2m=[0m39a28b31-a7f7-4e16-b2f1-1e1948be289c [3mplatform[0m[2m=[0mPolymarket [3mbid[0m[2m=[0m0.4 [3mask[0m[2m=[0m0.41 [3mmid[0m[2m=[0m0.4050 [3mbid_size[0m[2m=[0m117.4 [3mask_size[0m[2m=[0m195.45
[2m2026-04-12T20:18:06.157242Z[0m [34mDEBUG[0m [2mmercury::engine::market_actor[0m[2m:[0m Tick received — running arb detection [3mmarket_id[0m[2m=[0m189bf673-b643-45a5-be39-c4a3275d71a0 [3mplatform[0m[2m=[0mPolymarket [3mbid[0m[2m=[0m0.4 [3mask[0m[2m=[0m0.41 [3mmid[0m[2m=[0m0.4050 [3mbid_size[0m[2m=[0m4700.4 [3mask_size[0m[2m=[0m204.88
[2m2026-04-12T20:18:06.157343Z[0m [34mDEBUG[0m [2mmercury::engine::detector[0m[2m:[0m No arb pairs registered for market — skipping detection [3mmarket_id[0m[2m=[0m39a28b31-a7f7-4e16-b2f1-1e1948be289c
[2m2026-04-12T20:18:06.157524Z[0m [34mDEBUG[0m [2mmercury::engine::market_actor[0m[2m:[0m Tick received — running arb detection [3mmarket_id[0m[2m=[0m39a28b31-a7f7-4e16-b2f1-1e1948be289c [3mplatform[0m[2m=[0mPolymarket [3mbid[0m[2m=[0m0.4 [3mask[0m[2m=[0m0.41 [3mmid[0m[2m=[0m0.4050 [3mbid_size[0m[2m=[0m117.4 [3mask_size[0m[2m=[0m195.45
[2m2026-04-12T20:18:06.157561Z[0m [34mDEBUG[0m [2mmercury::engine::detector[0m[2m:[0m No arb pairs registered for market — skipping detection [3mmarket_id[0m[2m=[0m189bf673-b643-45a5-be39-c4a3275d71a0
[2m2026-04-12T20:18:06.157734Z[0m [34mDEBUG[0m [2mmercury::engine::detector[0m[2m:[0m No arb pairs registered for market — skipping detection [3mmarket_id[0m[2m=[0m39a28b31-a7f7-4e16-b2f1-1e1948be289c
[2m2026-04-12T20:18:06.157846Z[0m [34mDEBUG[0m [2mmercury::engine::market_actor[0m[2m:[0m Tick received — running arb detection [3mmarket_id[0m[2m=[0m39a28b31-a7f7-4e16-b2f1-1e1948be289c [3mplatform[0m[2m=[0mPolymarket [3mbid[0m[2m=[0m0.4 [3mask[0m[2m=[0m0.41 [3mmid[0m[2m=[0m0.4050 [3mbid_size[0m[2m=[0m117.4 [3mask_size[0m[2m=[0m195.45
[2m2026-04-12T20:18:06.158035Z[0m [34mDEBUG[0m [2mmercury::engine::detector[0m[2m:[0m No arb pairs registered for market — skipping detection [3mmarket_id[0m[2m=[0m39a28b31-a7f7-4e16-b2f1-1e1948be289c
[2m2026-04-12T20:18:06.158000Z[0m [34mDEBUG[0m [2mmercury::engine::market_actor[0m[2m:[0m Tick received — running arb detection [3mmarket_id[0m[2m=[0mbc548cd4-ced9-48e8-b131-410c92fb3a0e [3mplatform[0m[2m=[0mPolymarket [3mbid[0m[2m=[0m0.44 [3mask[0m[2m=[0m0.46 [3mmid[0m[2m=[0m0.45 [3mbid_size[0m[2m=[0m2.32 [3mask_size[0m[2m=[0m133.02
[2m2026-04-12T20:18:06.158148Z[0m [34mDEBUG[0m [2mmercury::engine::market_actor[0m[2m:[0m Tick received — running arb detection [3mmarket_id[0m[2m=[0m189bf673-b643-45a5-be39-c4a3275d71a0 [3mplatform[0m[2m=[0mPolymarket [3mbid[0m[2m=[0m0.4 [3mask[0m[2m=[0m0.41 [3mmid[0m[2m=[0m0.4050 [3mbid_size[0m[2m=[0m4700.4 [3mask_size[0m[2m=[0m204.88
[2m2026-04-12T20:18:06.158156Z[0m [34mDEBUG[0m [2mmercury::engine::market_actor[0m[2m:[0m Tick received — running arb detection [3mmarket_id[0m[2m=[0m39a28b31-a7f7-4e16-b2f1-1e1948be289c [3mplatform[0m[2m=[0mPolymarket [3mbid[0m[2m=[0m0.4 [3mask[0m[2m=[0m0.41 [3mmid[0m[2m=[0m0.4050 [3mbid_size[0m[2m=[0m117.4 [3mask_size[0m[2m=[0m195.45
[2m2026-04-12T20:18:06.158255Z[0m [34mDEBUG[0m [2mmercury::engine::detector[0m[2m:[0m No arb pairs registered for market — skipping detection [3mmarket_id[0m[2m=[0mbc548cd4-ced9-48e8-b131-410c92fb3a0e
[2m2026-04-12T20:18:06.158387Z[0m [34mDEBUG[0m [2mmercury::engine::detector[0m[2m:[0m No arb pairs registered for market — skipping detection [3mmarket_id[0m[2m=[0m39a28b31-a7f7-4e16-b2f1-1e1948be289c
[2m2026-04-12T20:18:06.158508Z[0m [34mDEBUG[0m [2mmercury::engine::market_actor[0m[2m:[0m Tick received — running arb detection [3mmarket_id[0m[2m=[0m39a28b31-a7f7-4e16-b2f1-1e1948be289c [3mplatform[0m[2m=[0mPolymarket [3mbid[0m[2m=[0m0.4 [3mask[0m[2m=[0m0.41 [3mmid[0m[2m=[0m0.4050 [3mbid_size[0m[2m=[0m117.4 [3mask_size[0m[2m=[0m195.45
[2m2026-04-12T20:18:06.158541Z[0m [34mDEBUG[0m [2mmercury::engine::detector[0m[2m:[0m No arb pairs registered for market — skipping detection [3mmarket_id[0m[2m=[0m189bf673-b643-45a5-be39-c4a3275d71a0
[2m2026-04-12T20:18:06.158784Z[0m [34mDEBUG[0m [2mmercury::engine::detector[0m[2m:[0m No arb pairs registered for market — skipping detection [3mmarket_id[0m[2m=[0m39a28b31-a7f7-4e16-b2f1-1e1948be289c
[2m2026-04-12T20:18:06.158810Z[0m [34mDEBUG[0m [2mmercury::engine::market_actor[0m[2m:[0m Tick received — running arb detection [3mmarket_id[0m[2m=[0m189bf673-b643-45a5-be39-c4a3275d71a0 [3mplatform[0m[2m=[0mPolymarket [3mbid[0m[2m=[0m0.4 [3mask[0m[2m=[0m0.41 [3mmid[0m[2m=[0m0.4050 [3mbid_size[0m[2m=[0m4700.4 [3mask_size[0m[2m=[0m204.88
[2m2026-04-12T20:18:06.158941Z[0m [34mDEBUG[0m [2mmercury::engine::market_actor[0m[2m:[0m Tick received — running arb detection [3mmarket_id[0m[2m=[0m39a28b31-a7f7-4e16-b2f1-1e1948be289c [3mplatform[0m[2m=[0mPolymarket [3mbid[0m[2m=[0m0.4 [3mask[0m[2m=[0m0.41 [3mmid[0m[2m=[0m0.4050 [3mbid_size[0m[2m=[0m117.4 [3mask_size[0m[2m=[0m195.45
[2m2026-04-12T20:18:06.158958Z[0m [34mDEBUG[0m [2mmercury::engine::detector[0m[2m:[0m No arb pairs registered for market — skipping detection [3mmarket_id[0m[2m=[0m189bf673-b643-45a5-be39-c4a3275d71a0
[2m2026-04-12T20:18:06.159093Z[0m [34mDEBUG[0m [2mmercury::engine::detector[0m[2m:[0m No arb pairs registered for market — skipping detection [3mmarket_id[0m[2m=[0m39a28b31-a7f7-4e16-b2f1-1e1948be289c
[2m2026-04-12T20:18:06.159101Z[0m [34mDEBUG[0m [2mmercury::engine::market_actor[0m[2m:[0m Tick received — running arb detection [3mmarket_id[0m[2m=[0m189bf673-b643-45a5-be39-c4a3275d71a0 [3mplatform[0m[2m=[0mPolymarket [3mbid[0m[2m=[0m0.4 [3mask[0m[2m=[0m0.41 [3mmid[0m[2m=[0m0.4050 [3mbid_size[0m[2m=[0m4700.4 [3mask_size[0m[2m=[0m204.88
[2m2026-04-12T20:18:06.159285Z[0m [34mDEBUG[0m [2mmercury::engine::detector[0m[2m:[0m No arb pairs registered for market — skipping detection [3mmarket_id[0m[2m=[0m189bf673-b643-45a5-be39-c4a3275d71a0
[2m2026-04-12T20:18:06.159423Z[0m [34mDEBUG[0m [2mmercury::engine::market_actor[0m[2m:[0m Tick received — running arb detection [3mmarket_id[0m[2m=[0m189bf673-b643-45a5-be39-c4a3275d71a0 [3mplatform[0m[2m=[0mPolymarket [3mbid[0m[2m=[0m0.4 [3mask[0m[2m=[0m0.41 [3mmid[0m[2m=[0m0.4050 [3mbid_size[0m[2m=[0m4700.4 [3mask_size[0m[2m=[0m204.88
[2m2026-04-12T20:18:06.159531Z[0m [34mDEBUG[0m [2mmercury::engine::detector[0m[2m:[0m No arb pairs registered for market — skipping detection [3mmarket_id[0m[2m=[0m189bf673-b643-45a5-be39-c4a3275d71a0
[2m2026-04-12T20:18:06.159602Z[0m [34mDEBUG[0m [2mmercury::engine::market_actor[0m[2m:[0m Tick received — running arb detection [3mmarket_id[0m[2m=[0m189bf673-b643-45a5-be39-c4a3275d71a0 [3mplatform[0m[2m=[0mPolymarket [3mbid[0m[2m=[0m0.4 [3mask[0m[2m=[0m0.41 [3mmid[0m[2m=[0m0.4050 [3mbid_size[0m[2m=[0m4700.4 [3mask_size[0m[2m=[0m204.88
[2m2026-04-12T20:18:06.159725Z[0m [34mDEBUG[0m [2mmercury::engine::detector[0m[2m:[0m No arb pairs registered for market — skipping detection [3mmarket_id[0m[2m=[0m189bf673-b643-45a5-be39-c4a3275d71a0
[2m2026-04-12T20:18:06.159850Z[0m [34mDEBUG[0m [2mmercury::engine::market_actor[0m[2m:[0m Tick received — running arb detection [3mmarket_id[0m[2m=[0m189bf673-b643-45a5-be39-c4a3275d71a0 [3mplatform[0m[2m=[0mPolymarket [3mbid[0m[2m=[0m0.4 [3mask[0m[2m=[0m0.41 [3mmid[0m[2m=[0m0.4050 [3mbid_size[0m[2m=[0m4700.4 [3mask_size[0m[2m=[0m204.88
[2m2026-04-12T20:18:06.160035Z[0m [34mDEBUG[0m [2mmercury::engine::detector[0m[2m:[0m No arb pairs registered for market — skipping detection [3mmarket_id[0m[2m=[0m189bf673-b643-45a5-be39-c4a3275d71a0
[2m2026-04-12T20:18:06.160193Z[0m [34mDEBUG[0m [2mmercury::engine::market_actor[0m[2m:[0m Tick received — running arb detection [3mmarket_id[0m[2m=[0m189bf673-b643-45a5-be39-c4a3275d71a0 [3mplatform[0m[2m=[0mPolymarket [3mbid[0m[2m=[0m0.4 [3mask[0m[2m=[0m0.41 [3mmid[0m[2m=[0m0.4050 [3mbid_size[0m[2m=[0m4700.4 [3mask_size[0m[2m=[0m204.88
[2m2026-04-12T20:18:06.160369Z[0m [34mDEBUG[0m [2mmercury::engine::detector[0m[2m:[0m No arb pairs registered for market — skipping detection [3mmarket_id[0m[2m=[0m189bf673-b643-45a5-be39-c4a3275d71a0
[2m2026-04-12T20:18:06.160513Z[0m [34mDEBUG[0m [2mmercury::engine::market_actor[0m[2m:[0m Tick received — running arb detection [3mmarket_id[0m[2m=[0m189bf673-b643-45a5-be39-c4a3275d71a0 [3mplatform[0m[2m=[0mPolymarket [3mbid[0m[2m=[0m0.4 [3mask[0m[2m=[0m0.41 [3mmid[0m[2m=[0m0.4050 [3mbid_size[0m[2m=[0m4700.4 [3mask_size[0m[2m=[0m204.88
[2m2026-04-12T20:18:06.160602Z[0m [34mDEBUG[0m [2mmercury::engine::detector[0m[2m:[0m No arb pairs registered for market — skipping detection [3mmarket_id[0m[2m=[0m189bf673-b643-45a5-be39-c4a3275d71a0
[2m2026-04-12T20:18:06.160657Z[0m [34mDEBUG[0m [2mmercury::engine::market_actor[0m[2m:[0m Tick received — running arb detection [3mmarket_id[0m[2m=[0m189bf673-b643-45a5-be39-c4a3275d71a0 [3mplatform[0m[2m=[0mPolymarket [3mbid[0m[2m=[0m0.4 [3mask[0m[2m=[0m0.41 [3mmid[0m[2m=[0m0.4050 [3mbid_size[0m[2m=[0m4700.4 [3mask_size[0m[2m=[0m204.88
[2m2026-04-12T20:18:06.160727Z[0m [34mDEBUG[0m [2mmercury::engine::detector[0m[2m:[0m No arb pairs registered for market — skipping detection [3mmarket_id[0m[2m=[0m189bf673-b643-45a5-be39-c4a3275d71a0
[2m2026-04-12T20:18:06.160783Z[0m [34mDEBUG[0m [2mmercury::engine::market_actor[0m[2m:[0m Tick received — running arb detection [3mmarket_id[0m[2m=[0m189bf673-b643-45a5-be39-c4a3275d71a0 [3mplatform[0m[2m=[0mPolymarket [3mbid[0m[2m=[0m0.4 [3mask[0m[2m=[0m0.41 [3mmid[0m[2m=[0m0.4050 [3mbid_size[0m[2m=[0m4700.4 [3mask_size[0m[2m=[0m204.88
[2m2026-04-12T20:18:06.160853Z[0m [34mDEBUG[0m [2mmercury::engine::detector[0m[2m:[0m No arb pairs registered for market — skipping detection [3mmarket_id[0m[2m=[0m189bf673-b643-45a5-be39-c4a3275d71a0
[2m2026-04-12T20:18:06.160908Z[0m [34mDEBUG[0m [2mmercury::engine::market_actor[0m[2m:[0m Tick received — running arb detection [3mmarket_id[0m[2m=[0m189bf673-b643-45a5-be39-c4a3275d71a0 [3mplatform[0m[2m=[0mPolymarket [3mbid[0m[2m=[0m0.4 [3mask[0m[2m=[0m0.41 [3mmid[0m[2m=[0m0.4050 [3mbid_size[0m[2m=[0m4700.4 [3mask_size[0m[2m=[0m204.88
[2m2026-04-12T20:18:06.160978Z[0m [34mDEBUG[0m [2mmercury::engine::detector[0m[2m:[0m No arb pairs registered for market — skipping detection [3mmarket_id[0m[2m=[0m189bf673-b643-45a5-be39-c4a3275d71a0
[2m2026-04-12T20:18:06.161033Z[0m [34mDEBUG[0m [2mmercury::engine::market_actor[0m[2m:[0m Tick received — running arb detection [3mmarket_id[0m[2m=[0m189bf673-b643-45a5-be39-c4a3275d71a0 [3mplatform[0m[2m=[0mPolymarket [3mbid[0m[2m=[0m0.4 [3mask[0m[2m=[0m0.41 [3mmid[0m[2m=[0m0.4050 [3mbid_size[0m[2m=[0m4700.4 [3mask_size[0m[2m=[0m204.88
[2m2026-04-12T20:18:06.161104Z[0m [34mDEBUG[0m [2mmercury::engine::detector[0m[2m:[0m No arb pairs registered for market — skipping detection [3mmarket_id[0m[2m=[0m189bf673-b643-45a5-be39-c4a3275d71a0
[2m2026-04-12T20:18:06.163600Z[0m [34mDEBUG[0m [2mmercury::engine::market_actor[0m[2m:[0m Tick received — running arb detection [3mmarket_id[0m[2m=[0m189bf673-b643-45a5-be39-c4a3275d71a0 [3mplatform[0m[2m=[0mPolymarket [3mbid[0m[2m=[0m0.4 [3mask[0m[2m=[0m0.41 [3mmid[0m[2m=[0m0.4050 [3mbid_size[0m[2m=[0m4700.4 [3mask_size[0m[2m=[0m204.88
[2m2026-04-12T20:18:06.163758Z[0m [34mDEBUG[0m [2mmercury::engine::detector[0m[2m:[0m No arb pairs registered for market — skipping detection [3mmarket_id[0m[2m=[0m189bf673-b643-45a5-be39-c4a3275d71a0
[2m2026-04-12T20:18:06.163881Z[0m [34mDEBUG[0m [2mmercury::engine::market_actor[0m[2m:[0m Tick received — running arb detection [3mmarket_id[0m[2m=[0m189bf673-b643-45a5-be39-c4a3275d71a0 [3mplatform[0m[2m=[0mPolymarket [3mbid[0m[2m=[0m0.4 [3mask[0m[2m=[0m0.41 [3mmid[0m[2m=[0m0.4050 [3mbid_size[0m[2m=[0m4700.4 [3mask_size[0m[2m=[0m204.88
[2m2026-04-12T20:18:06.163946Z[0m [34mDEBUG[0m [2mmercury::engine::market_actor[0m[2m:[0m Tick received — running arb detection [3mmarket_id[0m[2m=[0m39a28b31-a7f7-4e16-b2f1-1e1948be289c [3mplatform[0m[2m=[0mPolymarket [3mbid[0m[2m=[0m0.4 [3mask[0m[2m=[0m0.41 [3mmid[0m[2m=[0m0.4050 [3mbid_size[0m[2m=[0m117.4 [3mask_size[0m[2m=[0m195.45
[2m2026-04-12T20:18:06.164034Z[0m [34mDEBUG[0m [2mmercury::engine::detector[0m[2m:[0m No arb pairs registered for market — skipping detection [3mmarket_id[0m[2m=[0m189bf673-b643-45a5-be39-c4a3275d71a0
[2m2026-04-12T20:18:06.164166Z[0m [34mDEBUG[0m [2mmercury::engine::market_actor[0m[2m:[0m Tick received — running arb detection [3mmarket_id[0m[2m=[0m189bf673-b643-45a5-be39-c4a3275d71a0 [3mplatform[0m[2m=[0mPolymarket [3mbid[0m[2m=[0m0.4 [3mask[0m[2m=[0m0.41 [3mmid[0m[2m=[0m0.4050 [3mbid_size[0m[2m=[0m4700.4 [3mask_size[0m[2m=[0m204.88
[2m2026-04-12T20:18:06.164231Z[0m [34mDEBUG[0m [2mmercury::engine::detector[0m[2m:[0m No arb pairs registered for market — skipping detection [3mmarket_id[0m[2m=[0m39a28b31-a7f7-4e16-b2f1-1e1948be289c
[2m2026-04-12T20:18:06.164367Z[0m [34mDEBUG[0m [2mmercury::engine::market_actor[0m[2m:[0m Tick received — running arb detection [3mmarket_id[0m[2m=[0m39a28b31-a7f7-4e16-b2f1-1e1948be289c [3mplatform[0m[2m=[0mPolymarket [3mbid[0m[2m=[0m0.4 [3mask[0m[2m=[0m0.41 [3mmid[0m[2m=[0m0.4050 [3mbid_size[0m[2m=[0m117.4 [3mask_size[0m[2m=[0m195.45
[2m2026-04-12T20:18:06.164382Z[0m [34mDEBUG[0m [2mmercury::engine::detector[0m[2m:[0m No arb pairs registered for market — skipping detection [3mmarket_id[0m[2m=[0m189bf673-b643-45a5-be39-c4a3275d71a0
[2m2026-04-12T20:18:06.164507Z[0m [34mDEBUG[0m [2mmercury::engine::detector[0m[2m:[0m No arb pairs registered for market — skipping detection [3mmarket_id[0m[2m=[0m39a28b31-a7f7-4e16-b2f1-1e1948be289c
[2m2026-04-12T20:18:06.164509Z[0m [34mDEBUG[0m [2mmercury::engine::market_actor[0m[2m:[0m Tick received — running arb detection [3mmarket_id[0m[2m=[0m189bf673-b643-45a5-be39-c4a3275d71a0 [3mplatform[0m[2m=[0mPolymarket [3mbid[0m[2m=[0m0.4 [3mask[0m[2m=[0m0.41 [3mmid[0m[2m=[0m0.4050 [3mbid_size[0m[2m=[0m4700.4 [3mask_size[0m[2m=[0m204.88
[2m2026-04-12T20:18:06.164603Z[0m [34mDEBUG[0m [2mmercury::engine::detector[0m[2m:[0m No arb pairs registered for market — skipping detection [3mmarket_id[0m[2m=[0m189bf673-b643-45a5-be39-c4a3275d71a0
[2m2026-04-12T20:18:06.164660Z[0m [34mDEBUG[0m [2mmercury::engine::market_actor[0m[2m:[0m Tick received — running arb detection [3mmarket_id[0m[2m=[0m189bf673-b643-45a5-be39-c4a3275d71a0 [3mplatform[0m[2m=[0mPolymarket [3mbid[0m[2m=[0m0.4 [3mask[0m[2m=[0m0.41 [3mmid[0m[2m=[0m0.4050 [3mbid_size[0m[2m=[0m4700.4 [3mask_size[0m[2m=[0m204.88
[2m2026-04-12T20:18:06.164732Z[0m [34mDEBUG[0m [2mmercury::engine::detector[0m[2m:[0m No arb pairs registered for market — skipping detection [3mmarket_id[0m[2m=[0m189bf673-b643-45a5-be39-c4a3275d71a0
[2m2026-04-12T20:18:06.165299Z[0m [34mDEBUG[0m [2mmercury::engine::market_actor[0m[2m:[0m Tick received — running arb detection [3mmarket_id[0m[2m=[0m189bf673-b643-45a5-be39-c4a3275d71a0 [3mplatform[0m[2m=[0mPolymarket [3mbid[0m[2m=[0m0.4 [3mask[0m[2m=[0m0.41 [3mmid[0m[2m=[0m0.4050 [3mbid_size[0m[2m=[0m4700.4 [3mask_size[0m[2m=[0m204.88
[2m2026-04-12T20:18:06.165398Z[0m [34mDEBUG[0m [2mmercury::engine::detector[0m[2m:[0m No arb pairs registered for market — skipping detection [3mmarket_id[0m[2m=[0m189bf673-b643-45a5-be39-c4a3275d71a0
[2m2026-04-12T20:18:06.167792Z[0m [34mDEBUG[0m [2mmercury::engine::market_actor[0m[2m:[0m Tick received — running arb detection [3mmarket_id[0m[2m=[0m189bf673-b643-45a5-be39-c4a3275d71a0 [3mplatform[0m[2m=[0mPolymarket [3mbid[0m[2m=[0m0.4 [3mask[0m[2m=[0m0.41 [3mmid[0m[2m=[0m0.4050 [3mbid_size[0m[2m=[0m4700.4 [3mask_size[0m[2m=[0m204.88
[2m2026-04-12T20:18:06.167953Z[0m [34mDEBUG[0m [2mmercury::engine::detector[0m[2m:[0m No arb pairs registered for market — skipping detection [3mmarket_id[0m[2m=[0m189bf673-b643-45a5-be39-c4a3275d71a0
[2m2026-04-12T20:18:06.169095Z[0m [34mDEBUG[0m [2mmercury::engine::market_actor[0m[2m:[0m Tick received — running arb detection [3mmarket_id[0m[2m=[0m189bf673-b643-45a5-be39-c4a3275d71a0 [3mplatform[0m[2m=[0mPolymarket [3mbid[0m[2m=[0m0.4 [3mask[0m[2m=[0m0.41 [3mmid[0m[2m=[0m0.4050 [3mbid_size[0m[2m=[0m4700.4 [3mask_size[0m[2m=[0m204.88
[2m2026-04-12T20:18:06.169195Z[0m [34mDEBUG[0m [2mmercury::engine::detector[0m[2m:[0m No arb pairs registered for market — skipping detection [3mmarket_id[0m[2m=[0m189bf673-b643-45a5-be39-c4a3275d71a0
[2m2026-04-12T20:18:06.173461Z[0m [34mDEBUG[0m [2mmercury::engine::market_actor[0m[2m:[0m Tick received — running arb detection [3mmarket_id[0m[2m=[0m189bf673-b643-45a5-be39-c4a3275d71a0 [3mplatform[0m[2m=[0mPolymarket [3mbid[0m[2m=[0m0.4 [3mask[0m[2m=[0m0.41 [3mmid[0m[2m=[0m0.4050 [3mbid_size[0m[2m=[0m4705.4 [3mask_size[0m[2m=[0m204.88
[2m2026-04-12T20:18:06.173653Z[0m [34mDEBUG[0m [2mmercury::engine::detector[0m[2m:[0m No arb pairs registered for market — skipping detection [3mmarket_id[0m[2m=[0m189bf673-b643-45a5-be39-c4a3275d71a0
[2m2026-04-12T20:18:06.173750Z[0m [34mDEBUG[0m [2mmercury::engine::market_actor[0m[2m:[0m Tick received — running arb detection [3mmarket_id[0m[2m=[0m189bf673-b643-45a5-be39-c4a3275d71a0 [3mplatform[0m[2m=[0mPolymarket [3mbid[0m[2m=[0m0.4 [3mask[0m[2m=[0m0.41 [3mmid[0m[2m=[0m0.4050 [3mbid_size[0m[2m=[0m4705.4 [3mask_size[0m[2m=[0m204.88
[2m2026-04-12T20:18:06.173857Z[0m [34mDEBUG[0m [2mmercury::engine::detector[0m[2m:[0m No arb pairs registered for market — skipping detection [3mmarket_id[0m[2m=[0m189bf673-b643-45a5-be39-c4a3275d71a0
[2m2026-04-12T20:18:06.180013Z[0m [34mDEBUG[0m [2mmercury::engine::market_actor[0m[2m:[0m Tick received — running arb detection [3mmarket_id[0m[2m=[0m39a28b31-a7f7-4e16-b2f1-1e1948be289c [3mplatform[0m[2m=[0mPolymarket [3mbid[0m[2m=[0m0.4 [3mask[0m[2m=[0m0.41 [3mmid[0m[2m=[0m0.4050 [3mbid_size[0m[2m=[0m112.4 [3mask_size[0m[2m=[0m195.45
[2m2026-04-12T20:18:06.180013Z[0m [34mDEBUG[0m [2mmercury::engine::market_actor[0m[2m:[0m Tick received — running arb detection [3mmarket_id[0m[2m=[0m189bf673-b643-45a5-be39-c4a3275d71a0 [3mplatform[0m[2m=[0mPolymarket [3mbid[0m[2m=[0m0.4 [3mask[0m[2m=[0m0.41 [3mmid[0m[2m=[0m0.4050 [3mbid_size[0m[2m=[0m4705.4 [3mask_size[0m[2m=[0m204.88
[2m2026-04-12T20:18:06.180190Z[0m [34mDEBUG[0m [2mmercury::engine::detector[0m[2m:[0m No arb pairs registered for market — skipping detection [3mmarket_id[0m[2m=[0m39a28b31-a7f7-4e16-b2f1-1e1948be289c
[2m2026-04-12T20:18:06.180295Z[0m [34mDEBUG[0m [2mmercury::engine::detector[0m[2m:[0m No arb pairs registered for market — skipping detection [3mmarket_id[0m[2m=[0m189bf673-b643-45a5-be39-c4a3275d71a0
[2m2026-04-12T20:18:06.205959Z[0m [34mDEBUG[0m [2mmercury::feeds::polymarket[0m[2m:[0m Unknown Polymarket event type [3mevent_type[0m[2m=[0mbest_bid_ask
[2m2026-04-12T20:18:06.206263Z[0m [34mDEBUG[0m [2mmercury::engine::market_actor[0m[2m:[0m Tick received — running arb detection [3mmarket_id[0m[2m=[0m631deb8c-fbb4-489e-818e-ae698f57f50b [3mplatform[0m[2m=[0mPolymarket [3mbid[0m[2m=[0m0.51 [3mask[0m[2m=[0m0.52 [3mmid[0m[2m=[0m0.5150 [3mbid_size[0m[2m=[0m375 [3mask_size[0m[2m=[0m78.13
[2m2026-04-12T20:18:06.206366Z[0m [34mDEBUG[0m [2mmercury::engine::detector[0m[2m:[0m No arb pairs registered for market — skipping detection [3mmarket_id[0m[2m=[0m631deb8c-fbb4-489e-818e-ae698f57f50b
[2m2026-04-12T20:18:06.206631Z[0m [34mDEBUG[0m [2mmercury::engine::market_actor[0m[2m:[0m Tick received — running arb detection [3mmarket_id[0m[2m=[0m631deb8c-fbb4-489e-818e-ae698f57f50b [3mplatform[0m[2m=[0mPolymarket [3mbid[0m[2m=[0m0.51 [3mask[0m[2m=[0m0.52 [3mmid[0m[2m=[0m0.5150 [3mbid_size[0m[2m=[0m375 [3mask_size[0m[2m=[0m78.13
[2m2026-04-12T20:18:06.206704Z[0m [34mDEBUG[0m [2mmercury::engine::market_actor[0m[2m:[0m Tick received — running arb detection [3mmarket_id[0m[2m=[0m189bf673-b643-45a5-be39-c4a3275d71a0 [3mplatform[0m[2m=[0mPolymarket [3mbid[0m[2m=[0m0.4 [3mask[0m[2m=[0m0.41 [3mmid[0m[2m=[0m0.4050 [3mbid_size[0m[2m=[0m4705.4 [3mask_size[0m[2m=[0m204.88
[2m2026-04-12T20:18:06.206785Z[0m [34mDEBUG[0m [2mmercury::engine::detector[0m[2m:[0m No arb pairs registered for market — skipping detection [3mmarket_id[0m[2m=[0m631deb8c-fbb4-489e-818e-ae698f57f50b
[2m2026-04-12T20:18:06.206861Z[0m [34mDEBUG[0m [2mmercury::engine::detector[0m[2m:[0m No arb pairs registered for market — skipping detection [3mmarket_id[0m[2m=[0m189bf673-b643-45a5-be39-c4a3275d71a0
[2m2026-04-12T20:18:06.313696Z[0m [34mDEBUG[0m [2mmercury::engine::market_actor[0m[2m:[0m Tick received — running arb detection [3mmarket_id[0m[2m=[0m189bf673-b643-45a5-be39-c4a3275d71a0 [3mplatform[0m[2m=[0mPolymarket [3mbid[0m[2m=[0m0.4 [3mask[0m[2m=[0m0.41 [3mmid[0m[2m=[0m0.4050 [3mbid_size[0m[2m=[0m4705.4 [3mask_size[0m[2m=[0m204.88
[2m2026-04-12T20:18:06.313842Z[0m [34mDEBUG[0m [2mmercury::engine::detector[0m[2m:[0m No arb pairs registered for market — skipping detection [3mmarket_id[0m[2m=[0m189bf673-b643-45a5-be39-c4a3275d71a0
[2m2026-04-12T20:18:06.361304Z[0m [34mDEBUG[0m [2mmercury::engine::market_actor[0m[2m:[0m Tick received — running arb detection [3mmarket_id[0m[2m=[0m2285bae6-253b-4085-b0d1-0af34b5530b6 [3mplatform[0m[2m=[0mPolymarket [3mbid[0m[2m=[0m0.39 [3mask[0m[2m=[0m0.41 [3mmid[0m[2m=[0m0.40 [3mbid_size[0m[2m=[0m11.4 [3mask_size[0m[2m=[0m77.86
[2m2026-04-12T20:18:06.361406Z[0m [34mDEBUG[0m [2mmercury::engine::market_actor[0m[2m:[0m Tick received — running arb detection [3mmarket_id[0m[2m=[0m39a28b31-a7f7-4e16-b2f1-1e1948be289c [3mplatform[0m[2m=[0mPolymarket [3mbid[0m[2m=[0m0.4 [3mask[0m[2m=[0m0.41 [3mmid[0m[2m=[0m0.4050 [3mbid_size[0m[2m=[0m112.4 [3mask_size[0m[2m=[0m195.45
[2m2026-04-12T20:18:06.361534Z[0m [34mDEBUG[0m [2mmercury::engine::detector[0m[2m:[0m No arb pairs registered for market — skipping detection [3mmarket_id[0m[2m=[0m2285bae6-253b-4085-b0d1-0af34b5530b6
[2m2026-04-12T20:18:06.361640Z[0m [34mDEBUG[0m [2mmercury::engine::detector[0m[2m:[0m No arb pairs registered for market — skipping detection [3mmarket_id[0m[2m=[0m39a28b31-a7f7-4e16-b2f1-1e1948be289c
[2m2026-04-12T20:18:06.464013Z[0m [34mDEBUG[0m [2mmercury::engine::market_actor[0m[2m:[0m Tick received — running arb detection [3mmarket_id[0m[2m=[0m189bf673-b643-45a5-be39-c4a3275d71a0 [3mplatform[0m[2m=[0mPolymarket [3mbid[0m[2m=[0m0.4 [3mask[0m[2m=[0m0.41 [3mmid[0m[2m=[0m0.4050 [3mbid_size[0m[2m=[0m4705.4 [3mask_size[0m[2m=[0m204.88
[2m2026-04-12T20:18:06.464254Z[0m [34mDEBUG[0m [2mmercury::engine::detector[0m[2m:[0m No arb pairs registered for market — skipping detection [3mmarket_id[0m[2m=[0m189bf673-b643-45a5-be39-c4a3275d71a0
[2m2026-04-12T20:18:06.464290Z[0m [34mDEBUG[0m [2mmercury::engine::market_actor[0m[2m:[0m Tick received — running arb detection [3mmarket_id[0m[2m=[0m2285bae6-253b-4085-b0d1-0af34b5530b6 [3mplatform[0m[2m=[0mPolymarket [3mbid[0m[2m=[0m0.39 [3mask[0m[2m=[0m0.41 [3mmid[0m[2m=[0m0.40 [3mbid_size[0m[2m=[0m11.4 [3mask_size[0m[2m=[0m77.86
[2m2026-04-12T20:18:06.464337Z[0m [34mDEBUG[0m [2mmercury::engine::market_actor[0m[2m:[0m Tick received — running arb detection [3mmarket_id[0m[2m=[0m189bf673-b643-45a5-be39-c4a3275d71a0 [3mplatform[0m[2m=[0mPolymarket [3mbid[0m[2m=[0m0.4 [3mask[0m[2m=[0m0.41 [3mmid[0m[2m=[0m0.4050 [3mbid_size[0m[2m=[0m4705.4 [3mask_size[0m[2m=[0m204.88
[2m2026-04-12T20:18:06.464467Z[0m [34mDEBUG[0m [2mmercury::engine::detector[0m[2m:[0m No arb pairs registered for market — skipping detection [3mmarket_id[0m[2m=[0m2285bae6-253b-4085-b0d1-0af34b5530b6
[2m2026-04-12T20:18:06.464628Z[0m [34mDEBUG[0m [2mmercury::engine::detector[0m[2m:[0m No arb pairs registered for market — skipping detection [3mmarket_id[0m[2m=[0m189bf673-b643-45a5-be39-c4a3275d71a0
[2m2026-04-12T20:18:06.464786Z[0m [34mDEBUG[0m [2mmercury::engine::market_actor[0m[2m:[0m Tick received — running arb detection [3mmarket_id[0m[2m=[0m189bf673-b643-45a5-be39-c4a3275d71a0 [3mplatform[0m[2m=[0mPolymarket [3mbid[0m[2m=[0m0.4 [3mask[0m[2m=[0m0.41 [3mmid[0m[2m=[0m0.4050 [3mbid_size[0m[2m=[0m4705.4 [3mask_size[0m[2m=[0m204.88
[2m2026-04-12T20:18:06.464938Z[0m [34mDEBUG[0m [2mmercury::engine::detector[0m[2m:[0m No arb pairs registered for market — skipping detection [3mmarket_id[0m[2m=[0m189bf673-b643-45a5-be39-c4a3275d71a0
[2m2026-04-12T20:18:06.566072Z[0m [34mDEBUG[0m [2mmercury::feeds::polymarket[0m[2m:[0m Unknown Polymarket event type [3mevent_type[0m[2m=[0mbest_bid_ask
[2m2026-04-12T20:18:06.566181Z[0m [34mDEBUG[0m [2mmercury::engine::market_actor[0m[2m:[0m Tick received — running arb detection [3mmarket_id[0m[2m=[0m39a28b31-a7f7-4e16-b2f1-1e1948be289c [3mplatform[0m[2m=[0mPolymarket [3mbid[0m[2m=[0m0.4 [3mask[0m[2m=[0m0.41 [3mmid[0m[2m=[0m0.4050 [3mbid_size[0m[2m=[0m112.4 [3mask_size[0m[2m=[0m195.45
[2m2026-04-12T20:18:06.566324Z[0m [34mDEBUG[0m [2mmercury::engine::detector[0m[2m:[0m No arb pairs registered for market — skipping detection [3mmarket_id[0m[2m=[0m39a28b31-a7f7-4e16-b2f1-1e1948be289c
[2m2026-04-12T20:18:06.566508Z[0m [34mDEBUG[0m [2mmercury::engine::market_actor[0m[2m:[0m Tick received — running arb detection [3mmarket_id[0m[2m=[0mbc548cd4-ced9-48e8-b131-410c92fb3a0e [3mplatform[0m[2m=[0mPolymarket [3mbid[0m[2m=[0m0.43 [3mask[0m[2m=[0m0.46 [3mmid[0m[2m=[0m0.4450 [3mbid_size[0m[2m=[0m2.4 [3mask_size[0m[2m=[0m133.02
[2m2026-04-12T20:18:06.566660Z[0m [34mDEBUG[0m [2mmercury::engine::detector[0m[2m:[0m No arb pairs registered for market — skipping detection [3mmarket_id[0m[2m=[0mbc548cd4-ced9-48e8-b131-410c92fb3a0e
[2m2026-04-12T20:18:06.566813Z[0m [34mDEBUG[0m [2mmercury::engine::market_actor[0m[2m:[0m Tick received — running arb detection [3mmarket_id[0m[2m=[0mbc548cd4-ced9-48e8-b131-410c92fb3a0e [3mplatform[0m[2m=[0mPolymarket [3mbid[0m[2m=[0m0.42 [3mask[0m[2m=[0m0.46 [3mmid[0m[2m=[0m0.44 [3mbid_size[0m[2m=[0m6.72 [3mask_size[0m[2m=[0m133.02
[2m2026-04-12T20:18:06.567007Z[0m [34mDEBUG[0m [2mmercury::engine::detector[0m[2m:[0m No arb pairs registered for market — skipping detection [3mmarket_id[0m[2m=[0mbc548cd4-ced9-48e8-b131-410c92fb3a0e
[2m2026-04-12T20:18:06.567244Z[0m [34mDEBUG[0m [2mmercury::engine::market_actor[0m[2m:[0m Tick received — running arb detection [3mmarket_id[0m[2m=[0mbc548cd4-ced9-48e8-b131-410c92fb3a0e [3mplatform[0m[2m=[0mPolymarket [3mbid[0m[2m=[0m0.42 [3mask[0m[2m=[0m0.46 [3mmid[0m[2m=[0m0.44 [3mbid_size[0m[2m=[0m6.72 [3mask_size[0m[2m=[0m133.02
[2m2026-04-12T20:18:06.567320Z[0m [34mDEBUG[0m [2mmercury::feeds::polymarket[0m[2m:[0m Unknown Polymarket event type [3mevent_type[0m[2m=[0mbest_bid_ask
[2m2026-04-12T20:18:06.567396Z[0m [34mDEBUG[0m [2mmercury::engine::detector[0m[2m:[0m No arb pairs registered for market — skipping detection [3mmarket_id[0m[2m=[0mbc548cd4-ced9-48e8-b131-410c92fb3a0e
[2m2026-04-12T20:18:06.567631Z[0m [34mDEBUG[0m [2mmercury::engine::market_actor[0m[2m:[0m Tick received — running arb detection [3mmarket_id[0m[2m=[0mbc548cd4-ced9-48e8-b131-410c92fb3a0e [3mplatform[0m[2m=[0mPolymarket [3mbid[0m[2m=[0m0.42 [3mask[0m[2m=[0m0.46 [3mmid[0m[2m=[0m0.44 [3mbid_size[0m[2m=[0m6.72 [3mask_size[0m[2m=[0m133.02
[2m2026-04-12T20:18:06.567770Z[0m [34mDEBUG[0m [2mmercury::engine::detector[0m[2m:[0m No arb pairs registered for market — skipping detection [3mmarket_id[0m[2m=[0mbc548cd4-ced9-48e8-b131-410c92fb3a0e
[2m2026-04-12T20:18:06.567798Z[0m [34mDEBUG[0m [2mmercury::engine::market_actor[0m[2m:[0m Tick received — running arb detection [3mmarket_id[0m[2m=[0m189bf673-b643-45a5-be39-c4a3275d71a0 [3mplatform[0m[2m=[0mPolymarket [3mbid[0m[2m=[0m0.4 [3mask[0m[2m=[0m0.41 [3mmid[0m[2m=[0m0.4050 [3mbid_size[0m[2m=[0m4700.4 [3mask_size[0m[2m=[0m204.88
[2m2026-04-12T20:18:06.568000Z[0m [34mDEBUG[0m [2mmercury::engine::detector[0m[2m:[0m No arb pairs registered for market — skipping detection [3mmarket_id[0m[2m=[0m189bf673-b643-45a5-be39-c4a3275d71a0
[2m2026-04-12T20:18:06.568341Z[0m [34mDEBUG[0m [2mmercury::engine::market_actor[0m[2m:[0m Tick received — running arb detection [3mmarket_id[0m[2m=[0m189bf673-b643-45a5-be39-c4a3275d71a0 [3mplatform[0m[2m=[0mPolymarket [3mbid[0m[2m=[0m0.4 [3mask[0m[2m=[0m0.41 [3mmid[0m[2m=[0m0.4050 [3mbid_size[0m[2m=[0m4700.4 [3mask_size[0m[2m=[0m204.88
[2m2026-04-12T20:18:06.568470Z[0m [34mDEBUG[0m [2mmercury::engine::detector[0m[2m:[0m No arb pairs registered for market — skipping detection [3mmarket_id[0m[2m=[0m189bf673-b643-45a5-be39-c4a3275d71a0
[2m2026-04-12T20:18:06.614383Z[0m [34mDEBUG[0m [2mmercury::engine::market_actor[0m[2m:[0m Tick received — running arb detection [3mmarket_id[0m[2m=[0m189bf673-b643-45a5-be39-c4a3275d71a0 [3mplatform[0m[2m=[0mPolymarket [3mbid[0m[2m=[0m0.4 [3mask[0m[2m=[0m0.41 [3mmid[0m[2m=[0m0.4050 [3mbid_size[0m[2m=[0m4700.4 [3mask_size[0m[2m=[0m204.88
[2m2026-04-12T20:18:06.614620Z[0m [34mDEBUG[0m [2mmercury::engine::detector[0m[2m:[0m No arb pairs registered for market — skipping detection [3mmarket_id[0m[2m=[0m189bf673-b643-45a5-be39-c4a3275d71a0
[2m2026-04-12T20:18:06.614682Z[0m [34mDEBUG[0m [2mmercury::engine::market_actor[0m[2m:[0m Tick received — running arb detection [3mmarket_id[0m[2m=[0m189bf673-b643-45a5-be39-c4a3275d71a0 [3mplatform[0m[2m=[0mPolymarket [3mbid[0m[2m=[0m0.4 [3mask[0m[2m=[0m0.41 [3mmid[0m[2m=[0m0.4050 [3mbid_size[0m[2m=[0m4700.4 [3mask_size[0m[2m=[0m204.88
[2m2026-04-12T20:18:06.614793Z[0m [34mDEBUG[0m [2mmercury::engine::detector[0m[2m:[0m No arb pairs registered for market — skipping detection [3mmarket_id[0m[2m=[0m189bf673-b643-45a5-be39-c4a3275d71a0
[2m2026-04-12T20:18:06.667152Z[0m [32m INFO[0m [2mmercury[0m[2m:[0m Shutdown signal received
[2m2026-04-12T20:18:06.667833Z[0m [32m INFO[0m [2mmercury::feeds::base[0m[2m:[0m Feed handler cancelled via token [3mplatform[0m[2m=[0mKalshi
[2m2026-04-12T20:18:06.667849Z[0m [32m INFO[0m [2mmercury::feeds::base[0m[2m:[0m Feed handler cancelled via token [3mplatform[0m[2m=[0mPolymarket
